ApplicationId,ApplicantName,DateOfBirth,Gender,AadhaarNumber,Mobile,Email,PresentAddress,PermanentAddress,Division,SubDivision,PoliceStation,PassportType,ApplicationPriority,TravelPurpose,TravelCountry,ApplicationStatus,AssignedConstable,FieldVisitCompleted,CriminalRecord,FirLinked,CourtCasePending,LookoutNotice,RejectionReason,OfficerRemarks,VerificationDate
PV-2026-BAL-0001,"Rahul Verma",1991-06-08,Male,XXXX-XXXX-1074,9840015838,rahul.verma2@example.com,"#10, Main Road, Ballari","#10, Main Road, Ballari",Kalaburagi,Ballari,Cowl Bazaar PS,Tatkal,TATKAL,"Higher Studies (UK/Europe)",Germany,VERIFIED,"HC Ramaiah B. (KSP-CON-4421)",true,false,,false,false,,"Clear verification report approved. No adverse records found in CCTNS Karnataka database. Passport grant recommended.",2026-07-20T14:30:00
PV-2026-BAL-0002,"Girish Bhat",1965-08-11,Male,XXXX-XXXX-1111,9840023757,girish.bhat3@example.com,"#25, Main Road, Ballari","#25, Main Road, Ballari",Kalaburagi,Ballari,Brucepet PS,Fresh,NORMAL,"Employment (Gulf)",United Arab Emirates,VERIFIED,"PC Suresh K. (KSP-CON-3189)",true,false,,false,false,,"Clear verification report approved. No adverse records found in CCTNS Karnataka database. Passport grant recommended.",2026-07-20T14:30:00
PV-2026-BAL-0003,"Sunil Das",1981-10-14,Male,XXXX-XXXX-1148,9840031676,sunil.das4@example.com,"#40, Main Road, Ballari","#40, Main Road, Ballari",Kalaburagi,Ballari,Gandhinagar PS,Fresh,NORMAL,"Tourism",France,VERIFIED,"PC Anand Kumar T. (KSP-CON-7104)",true,false,,false,false,,"Clear verification report approved. No adverse records found in CCTNS Karnataka database. Passport grant recommended.",2026-07-20T14:30:00
PV-2026-BAL-0004,"Raghavendra Nambiar",1997-12-17,Male,XXXX-XXXX-1185,9840039595,raghavendra.nambiar5@example.com,"#55, Main Road, Ballari","#55, Main Road, Ballari",Kalaburagi,Ballari,Siruguppa PS,Renewal,NORMAL,"Tourism",Australia,VERIFIED,"PC Shivakumar N. (KSP-CON-6721)",true,false,,false,false,,"Clear verification report approved. No adverse records found in CCTNS Karnataka database. Passport grant recommended.",2026-07-20T14:30:00
PV-2026-BAL-0005,"Sachin Varma",1971-02-20,Male,XXXX-XXXX-1222,9840047514,sachin.varma6@example.com,"#70, Main Road, Ballari","#70, Main Road, Ballari",Kalaburagi,Ballari,Cowl Bazaar PS,Fresh,NORMAL,"Family Visit",Japan,VERIFIED,"WHC Savitha D. (KSP-CON-3310)",true,false,,false,false,,"Clear verification report approved. No adverse records found in CCTNS Karnataka database. Passport grant recommended.",2026-07-20T14:30:00
PV-2026-BAL-0006,"Rahul Verma",1987-04-23,Male,XXXX-XXXX-1259,9840055433,rahul.verma7@example.com,"#85, Main Road, Ballari","#85, Main Road, Ballari",Kalaburagi,Ballari,Brucepet PS,Tatkal,TATKAL,"Work Visa (USA)",United States of America,VERIFIED,"HC Mallikarjun K. (KSP-CON-1678)",true,false,,false,false,,"Clear verification report approved. No adverse records found in CCTNS Karnataka database. Passport grant recommended.",2026-07-20T14:30:00
PV-2026-BAL-0007,"Girish Bhat",2003-06-26,Male,XXXX-XXXX-1296,9840063352,girish.bhat8@example.com,"#100, Main Road, Ballari","#100, Main Road, Ballari",Kalaburagi,Ballari,Gandhinagar PS,Renewal,NORMAL,"Higher Studies (UK/Europe)",Germany,VERIFIED,"HC Raghavendra P. (KSP-CON-2987)",true,false,,false,false,,"Clear verification report approved. No adverse records found in CCTNS Karnataka database. Passport grant recommended.",2026-07-20T14:30:00
PV-2026-BAL-0008,"Sunil Das",1977-08-01,Male,XXXX-XXXX-1333,9840071271,sunil.das9@example.com,"#115, Main Road, Ballari","#115, Main Road, Ballari",Kalaburagi,Ballari,Siruguppa PS,Fresh,URGENT,"Employment (Gulf)",United Arab Emirates,VERIFIED,"PC Ningappa H. (KSP-CON-8032)",true,false,,false,false,,"Clear verification report approved. No adverse records found in CCTNS Karnataka database. Passport grant recommended.",2026-07-20T14:30:00
PV-2026-BAL-0009,"Raghavendra Nambiar",1993-10-04,Male,XXXX-XXXX-1370,9840079190,raghavendra.nambiar10@example.com,"#130, Main Road, Ballari","#130, Main Road, Ballari",Kalaburagi,Ballari,Cowl Bazaar PS,Fresh,NORMAL,"Tourism",France,VERIFIED,"WHC Renuka B. (KSP-CON-3891)",true,false,,false,false,,"Clear verification report approved. No adverse records found in CCTNS Karnataka database. Passport grant recommended.",2026-07-20T14:30:00
PV-2026-BAL-0010,"Sachin Varma",1967-12-07,Male,XXXX-XXXX-1407,9840087109,sachin.varma11@example.com,"#145, Main Road, Ballari","#145, Main Road, Ballari",Kalaburagi,Ballari,Brucepet PS,Renewal,NORMAL,"Tourism",Australia,VERIFIED,"WPC Geetha R. (KSP-CON-4902)",true,false,,false,false,,"Clear verification report approved. No adverse records found in CCTNS Karnataka database. Passport grant recommended.",2026-07-20T14:30:00
PV-2026-BAL-0011,"Rahul Verma",1983-02-10,Male,XXXX-XXXX-1444,9840095028,rahul.verma12@example.com,"#160, Main Road, Ballari","#160, Main Road, Ballari",Kalaburagi,Ballari,Gandhinagar PS,Tatkal,TATKAL,"Family Visit",Japan,VERIFIED,"HC Manjunatha S. (KSP-CON-2044)",true,false,,false,false,,"Clear verification report approved. No adverse records found in CCTNS Karnataka database. Passport grant recommended.",2026-07-20T14:30:00
PV-2026-BAL-0012,"Girish Bhat",1999-04-13,Male,XXXX-XXXX-1481,9840102947,girish.bhat13@example.com,"#175, Main Road, Ballari","#175, Main Road, Ballari",Kalaburagi,Ballari,Siruguppa PS,Fresh,NORMAL,"Work Visa (USA)",United States of America,VERIFIED,"PC Praveen Gowda (KSP-CON-5120)",true,false,,false,false,,"Clear verification report approved. No adverse records found in CCTNS Karnataka database. Passport grant recommended.",2026-07-20T14:30:00
PV-2026-BAL-0013,"Sunil Das",1973-06-16,Male,XXXX-XXXX-1518,9840110866,sunil.das14@example.com,"#190, Main Road, Ballari","#190, Main Road, Ballari",Kalaburagi,Ballari,Cowl Bazaar PS,Renewal,NORMAL,"Higher Studies (UK/Europe)",Germany,PENDING,"PC Chethan V. (KSP-CON-6245)",false,false,,false,false,,,
PV-2026-BAL-0014,"Raghavendra Nambiar",1989-08-19,Male,XXXX-XXXX-1555,9840118785,raghavendra.nambiar15@example.com,"#205, Main Road, Ballari","#205, Main Road, Ballari",Kalaburagi,Ballari,Brucepet PS,Fresh,NORMAL,"Employment (Gulf)",United Arab Emirates,PENDING,"PC Venkatesh G. (KSP-CON-5512)",false,false,,false,false,,,
PV-2026-BAL-0015,"Sachin Varma",2005-10-22,Male,XXXX-XXXX-1592,9840126704,sachin.varma16@example.com,"#220, Main Road, Ballari","#220, Main Road, Ballari",Kalaburagi,Ballari,Gandhinagar PS,Fresh,NORMAL,"Tourism",France,PENDING,"HC Basavaraj M. (KSP-CON-1890)",false,false,,false,false,,,
PV-2026-BAL-0016,"Rahul Verma",1979-12-25,Male,XXXX-XXXX-1629,9840134623,rahul.verma17@example.com,"#235, Main Road, Ballari","#235, Main Road, Ballari",Kalaburagi,Ballari,Siruguppa PS,Renewal,NORMAL,"Tourism",Australia,FIELD_VISIT_DONE,"HC Ramaiah B. (KSP-CON-4421)",true,false,,false,false,,,
PV-2026-BAL-0017,"Girish Bhat",1995-02-28,Male,XXXX-XXXX-1666,9840142542,girish.bhat18@example.com,"#250, Main Road, Ballari","#250, Main Road, Ballari",Kalaburagi,Ballari,Cowl Bazaar PS,Fresh,NORMAL,"Family Visit",Japan,FIELD_VISIT_DONE,"PC Suresh K. (KSP-CON-3189)",true,false,,false,false,,,
PV-2026-BAL-0018,"Sunil Das",1969-04-03,Male,XXXX-XXXX-1703,9840150461,sunil.das19@example.com,"#265, Main Road, Ballari","#265, Main Road, Ballari",Kalaburagi,Ballari,Brucepet PS,Tatkal,TATKAL,"Work Visa (USA)",United States of America,PENDING,"PC Anand Kumar T. (KSP-CON-7104)",false,false,,false,false,,,
PV-2026-BAL-0019,"Raghavendra Nambiar",1985-06-06,Male,XXXX-XXXX-1740,9840158380,raghavendra.nambiar20@example.com,"#280, Main Road, Ballari","#280, Main Road, Ballari",Kalaburagi,Ballari,Gandhinagar PS,Renewal,URGENT,"Higher Studies (UK/Europe)",Germany,FLAGGED,"PC Shivakumar N. (KSP-CON-6721)",true,true,FIR-2025-120/BAL,true,false,,"FLAGGED TO SPECIAL BRANCH / CID: Linked to FIR-2025-120/BAL. Case pending in jurisdictional court.",2026-06-15T11:20:00
PV-2026-BAL-0020,"Sachin Varma",2001-08-09,Male,XXXX-XXXX-1777,9840166299,sachin.varma21@example.com,"#295, Main Road, Ballari","#295, Main Road, Ballari",Kalaburagi,Ballari,Siruguppa PS,Fresh,NORMAL,"Employment (Gulf)",United Arab Emirates,REJECTED,"WHC Savitha D. (KSP-CON-3310)",true,false,,false,false,"Applicant failed to produce original documents during physical verification","Application rejected by Police Sub-Inspector. Reason: Applicant failed to produce original documents during physical verification",2026-05-10T16:00:00
PV-2026-BID-0021,"Venkatesh Shetty",1999-06-08,Male,XXXX-XXXX-1814,9840174218,venkatesh.shetty22@example.com,"#10, Main Road, Bidar","#10, Main Road, Bidar",Kalaburagi,Bidar,Bidar Town PS,Tatkal,TATKAL,"Family Visit",Japan,VERIFIED,"HC Manjunatha S. (KSP-CON-2044)",true,false,,false,false,,"Clear verification report approved. No adverse records found in CCTNS Karnataka database. Passport grant recommended.",2026-07-20T14:30:00
PV-2026-BID-0022,"Suresh Kumar",1973-08-11,Male,XXXX-XXXX-1851,9840182137,suresh.kumar23@example.com,"#25, Main Road, Bidar","#25, Main Road, Bidar",Kalaburagi,Bidar,Gandhi Gunj PS,Fresh,NORMAL,"Work Visa (USA)",United States of America,VERIFIED,"PC Praveen Gowda (KSP-CON-5120)",true,false,,false,false,,"Clear verification report approved. No adverse records found in CCTNS Karnataka database. Passport grant recommended.",2026-07-20T14:30:00
PV-2026-BID-0023,"Vijay Iyengar",1989-10-14,Male,XXXX-XXXX-1888,9840190056,vijay.iyengar24@example.com,"#40, Main Road, Bidar","#40, Main Road, Bidar",Kalaburagi,Bidar,Humnabad PS,Fresh,NORMAL,"Higher Studies (UK/Europe)",Germany,VERIFIED,"PC Chethan V. (KSP-CON-6245)",true,false,,false,false,,"Clear verification report approved. No adverse records found in CCTNS Karnataka database. Passport grant recommended.",2026-07-20T14:30:00
PV-2026-BID-0024,"Sanjay Nayak",2005-12-17,Male,XXXX-XXXX-1925,9840197975,sanjay.nayak25@example.com,"#55, Main Road, Bidar","#55, Main Road, Bidar",Kalaburagi,Bidar,Bhalki PS,Renewal,NORMAL,"Employment (Gulf)",United Arab Emirates,VERIFIED,"PC Venkatesh G. (KSP-CON-5512)",true,false,,false,false,,"Clear verification report approved. No adverse records found in CCTNS Karnataka database. Passport grant recommended.",2026-07-20T14:30:00
PV-2026-BID-0025,"Deepak Choudhury",1979-02-20,Male,XXXX-XXXX-1962,9840205894,deepak.choudhury26@example.com,"#70, Main Road, Bidar","#70, Main Road, Bidar",Kalaburagi,Bidar,Bidar Town PS,Fresh,NORMAL,"Tourism",France,VERIFIED,"HC Basavaraj M. (KSP-CON-1890)",true,false,,false,false,,"Clear verification report approved. No adverse records found in CCTNS Karnataka database. Passport grant recommended.",2026-07-20T14:30:00
PV-2026-BID-0026,"Venkatesh Shetty",1995-04-23,Male,XXXX-XXXX-1999,9840213813,venkatesh.shetty27@example.com,"#85, Main Road, Bidar","#85, Main Road, Bidar",Kalaburagi,Bidar,Gandhi Gunj PS,Tatkal,TATKAL,"Tourism",Australia,VERIFIED,"HC Ramaiah B. (KSP-CON-4421)",true,false,,false,false,,"Clear verification report approved. No adverse records found in CCTNS Karnataka database. Passport grant recommended.",2026-07-20T14:30:00
PV-2026-BID-0027,"Suresh Kumar",1969-06-26,Male,XXXX-XXXX-2036,9840221732,suresh.kumar28@example.com,"#100, Main Road, Bidar","#100, Main Road, Bidar",Kalaburagi,Bidar,Humnabad PS,Renewal,NORMAL,"Family Visit",Japan,VERIFIED,"PC Suresh K. (KSP-CON-3189)",true,false,,false,false,,"Clear verification report approved. No adverse records found in CCTNS Karnataka database. Passport grant recommended.",2026-07-20T14:30:00
PV-2026-BID-0028,"Vijay Iyengar",1985-08-01,Male,XXXX-XXXX-2073,9840229651,vijay.iyengar29@example.com,"#115, Main Road, Bidar","#115, Main Road, Bidar",Kalaburagi,Bidar,Bhalki PS,Fresh,URGENT,"Work Visa (USA)",United States of America,VERIFIED,"PC Anand Kumar T. (KSP-CON-7104)",true,false,,false,false,,"Clear verification report approved. No adverse records found in CCTNS Karnataka database. Passport grant recommended.",2026-07-20T14:30:00
PV-2026-BID-0029,"Sanjay Nayak",2001-10-04,Male,XXXX-XXXX-2110,9840237570,sanjay.nayak30@example.com,"#130, Main Road, Bidar","#130, Main Road, Bidar",Kalaburagi,Bidar,Bidar Town PS,Fresh,NORMAL,"Higher Studies (UK/Europe)",Germany,VERIFIED,"PC Shivakumar N. (KSP-CON-6721)",true,false,,false,false,,"Clear verification report approved. No adverse records found in CCTNS Karnataka database. Passport grant recommended.",2026-07-20T14:30:00
PV-2026-BID-0030,"Deepak Choudhury",1975-12-07,Male,XXXX-XXXX-2147,9840245489,deepak.choudhury31@example.com,"#145, Main Road, Bidar","#145, Main Road, Bidar",Kalaburagi,Bidar,Gandhi Gunj PS,Renewal,NORMAL,"Employment (Gulf)",United Arab Emirates,VERIFIED,"WHC Savitha D. (KSP-CON-3310)",true,false,,false,false,,"Clear verification report approved. No adverse records found in CCTNS Karnataka database. Passport grant recommended.",2026-07-20T14:30:00
PV-2026-BID-0031,"Venkatesh Shetty",1991-02-10,Male,XXXX-XXXX-2184,9840253408,venkatesh.shetty32@example.com,"#160, Main Road, Bidar","#160, Main Road, Bidar",Kalaburagi,Bidar,Humnabad PS,Tatkal,TATKAL,"Tourism",France,VERIFIED,"HC Mallikarjun K. (KSP-CON-1678)",true,false,,false,false,,"Clear verification report approved. No adverse records found in CCTNS Karnataka database. Passport grant recommended.",2026-07-20T14:30:00
PV-2026-BID-0032,"Suresh Kumar",1965-04-13,Male,XXXX-XXXX-2221,9840261327,suresh.kumar33@example.com,"#175, Main Road, Bidar","#175, Main Road, Bidar",Kalaburagi,Bidar,Bhalki PS,Fresh,NORMAL,"Tourism",Australia,VERIFIED,"HC Raghavendra P. (KSP-CON-2987)",true,false,,false,false,,"Clear verification report approved. No adverse records found in CCTNS Karnataka database. Passport grant recommended.",2026-07-20T14:30:00
PV-2026-BID-0033,"Vijay Iyengar",1981-06-16,Male,XXXX-XXXX-2258,9840269246,vijay.iyengar34@example.com,"#190, Main Road, Bidar","#190, Main Road, Bidar",Kalaburagi,Bidar,Bidar Town PS,Renewal,NORMAL,"Family Visit",Japan,PENDING,"PC Ningappa H. (KSP-CON-8032)",false,false,,false,false,,,
PV-2026-BID-0034,"Sanjay Nayak",1997-08-19,Male,XXXX-XXXX-2295,9840277165,sanjay.nayak35@example.com,"#205, Main Road, Bidar","#205, Main Road, Bidar",Kalaburagi,Bidar,Gandhi Gunj PS,Fresh,NORMAL,"Work Visa (USA)",United States of America,PENDING,"WHC Renuka B. (KSP-CON-3891)",false,false,,false,false,,,
PV-2026-BID-0035,"Deepak Choudhury",1971-10-22,Male,XXXX-XXXX-2332,9840285084,deepak.choudhury36@example.com,"#220, Main Road, Bidar","#220, Main Road, Bidar",Kalaburagi,Bidar,Humnabad PS,Fresh,NORMAL,"Higher Studies (UK/Europe)",Germany,PENDING,"WPC Geetha R. (KSP-CON-4902)",false,false,,false,false,,,
PV-2026-BID-0036,"Venkatesh Shetty",1987-12-25,Male,XXXX-XXXX-2369,9840293003,venkatesh.shetty37@example.com,"#235, Main Road, Bidar","#235, Main Road, Bidar",Kalaburagi,Bidar,Bhalki PS,Renewal,NORMAL,"Employment (Gulf)",United Arab Emirates,FIELD_VISIT_DONE,"HC Manjunatha S. (KSP-CON-2044)",true,false,,false,false,,,
PV-2026-BID-0037,"Suresh Kumar",2003-02-28,Male,XXXX-XXXX-2406,9840300922,suresh.kumar38@example.com,"#250, Main Road, Bidar","#250, Main Road, Bidar",Kalaburagi,Bidar,Bidar Town PS,Fresh,NORMAL,"Tourism",France,FIELD_VISIT_DONE,"PC Praveen Gowda (KSP-CON-5120)",true,false,,false,false,,,
PV-2026-BID-0038,"Vijay Iyengar",1977-04-03,Male,XXXX-XXXX-2443,9840308841,vijay.iyengar39@example.com,"#265, Main Road, Bidar","#265, Main Road, Bidar",Kalaburagi,Bidar,Gandhi Gunj PS,Tatkal,TATKAL,"Tourism",Australia,PENDING,"PC Chethan V. (KSP-CON-6245)",false,false,,false,false,,,
PV-2026-BID-0039,"Sanjay Nayak",1993-06-06,Male,XXXX-XXXX-2480,9840316760,sanjay.nayak40@example.com,"#280, Main Road, Bidar","#280, Main Road, Bidar",Kalaburagi,Bidar,Humnabad PS,Renewal,URGENT,"Family Visit",Japan,FLAGGED,"PC Venkatesh G. (KSP-CON-5512)",true,true,FIR-2025-140/BID,true,false,,"FLAGGED TO SPECIAL BRANCH / CID: Linked to FIR-2025-140/BID. Case pending in jurisdictional court.",2026-06-15T11:20:00
PV-2026-BID-0040,"Deepak Choudhury",1967-08-09,Male,XXXX-XXXX-2517,9840324679,deepak.choudhury41@example.com,"#295, Main Road, Bidar","#295, Main Road, Bidar",Kalaburagi,Bidar,Bhalki PS,Fresh,NORMAL,"Work Visa (USA)",United States of America,REJECTED,"HC Basavaraj M. (KSP-CON-1890)",true,false,,false,false,"Adverse report: Ongoing criminal investigation and FIR pending","Application rejected by Police Sub-Inspector. Reason: Adverse report: Ongoing criminal investigation and FIR pending",2026-05-10T16:00:00
PV-2026-KAL-0041,"Rahul Rao",1965-06-08,Male,XXXX-XXXX-2554,9840332598,rahul.rao42@example.com,"#10, Main Road, Kalaburagi District","#10, Main Road, Kalaburagi District",Kalaburagi,Kalaburagi District,Brahampur PS,Tatkal,TATKAL,"Tourism",France,VERIFIED,"HC Mallikarjun K. (KSP-CON-1678)",true,false,,false,false,,"Clear verification report approved. No adverse records found in CCTNS Karnataka database. Passport grant recommended.",2026-07-20T14:30:00
PV-2026-KAL-0042,"Girish Shekhar",1981-08-11,Male,XXXX-XXXX-2591,9840340517,girish.shekhar43@example.com,"#25, Main Road, Kalaburagi District","#25, Main Road, Kalaburagi District",Kalaburagi,Kalaburagi District,Station Bazaar PS,Fresh,NORMAL,"Tourism",Australia,VERIFIED,"HC Raghavendra P. (KSP-CON-2987)",true,false,,false,false,,"Clear verification report approved. No adverse records found in CCTNS Karnataka database. Passport grant recommended.",2026-07-20T14:30:00
PV-2026-KAL-0043,"Sunil Joshi",1997-10-14,Male,XXXX-XXXX-2628,9840348436,sunil.joshi44@example.com,"#40, Main Road, Kalaburagi District","#40, Main Road, Kalaburagi District",Kalaburagi,Kalaburagi District,Sedam PS,Fresh,NORMAL,"Family Visit",Japan,VERIFIED,"PC Ningappa H. (KSP-CON-8032)",true,false,,false,false,,"Clear verification report approved. No adverse records found in CCTNS Karnataka database. Passport grant recommended.",2026-07-20T14:30:00
PV-2026-KAL-0044,"Raghavendra Pillai",1971-12-17,Male,XXXX-XXXX-2665,9840356355,raghavendra.pillai45@example.com,"#55, Main Road, Kalaburagi District","#55, Main Road, Kalaburagi District",Kalaburagi,Kalaburagi District,Aland PS,Renewal,NORMAL,"Work Visa (USA)",United States of America,VERIFIED,"WHC Renuka B. (KSP-CON-3891)",true,false,,false,false,,"Clear verification report approved. No adverse records found in CCTNS Karnataka database. Passport grant recommended.",2026-07-20T14:30:00
PV-2026-KAL-0045,"Sachin Gowda",1987-02-20,Male,XXXX-XXXX-2702,9840364274,sachin.gowda46@example.com,"#70, Main Road, Kalaburagi District","#70, Main Road, Kalaburagi District",Kalaburagi,Kalaburagi District,Brahampur PS,Fresh,NORMAL,"Higher Studies (UK/Europe)",Germany,VERIFIED,"WPC Geetha R. (KSP-CON-4902)",true,false,,false,false,,"Clear verification report approved. No adverse records found in CCTNS Karnataka database. Passport grant recommended.",2026-07-20T14:30:00
PV-2026-KAL-0046,"Rahul Rao",2003-04-23,Male,XXXX-XXXX-2739,9840372193,rahul.rao47@example.com,"#85, Main Road, Kalaburagi District","#85, Main Road, Kalaburagi District",Kalaburagi,Kalaburagi District,Station Bazaar PS,Tatkal,TATKAL,"Employment (Gulf)",United Arab Emirates,VERIFIED,"HC Manjunatha S. (KSP-CON-2044)",true,false,,false,false,,"Clear verification report approved. No adverse records found in CCTNS Karnataka database. Passport grant recommended.",2026-07-20T14:30:00
PV-2026-KAL-0047,"Girish Shekhar",1977-06-26,Male,XXXX-XXXX-2776,9840380112,girish.shekhar48@example.com,"#100, Main Road, Kalaburagi District","#100, Main Road, Kalaburagi District",Kalaburagi,Kalaburagi District,Sedam PS,Renewal,NORMAL,"Tourism",France,VERIFIED,"PC Praveen Gowda (KSP-CON-5120)",true,false,,false,false,,"Clear verification report approved. No adverse records found in CCTNS Karnataka database. Passport grant recommended.",2026-07-20T14:30:00
PV-2026-KAL-0048,"Sunil Joshi",1993-08-01,Male,XXXX-XXXX-2813,9840388031,sunil.joshi49@example.com,"#115, Main Road, Kalaburagi District","#115, Main Road, Kalaburagi District",Kalaburagi,Kalaburagi District,Aland PS,Fresh,URGENT,"Tourism",Australia,VERIFIED,"PC Chethan V. (KSP-CON-6245)",true,false,,false,false,,"Clear verification report approved. No adverse records found in CCTNS Karnataka database. Passport grant recommended.",2026-07-20T14:30:00
PV-2026-KAL-0049,"Raghavendra Pillai",1967-10-04,Male,XXXX-XXXX-2850,9840395950,raghavendra.pillai50@example.com,"#130, Main Road, Kalaburagi District","#130, Main Road, Kalaburagi District",Kalaburagi,Kalaburagi District,Brahampur PS,Fresh,NORMAL,"Family Visit",Japan,VERIFIED,"PC Venkatesh G. (KSP-CON-5512)",true,false,,false,false,,"Clear verification report approved. No adverse records found in CCTNS Karnataka database. Passport grant recommended.",2026-07-20T14:30:00
PV-2026-KAL-0050,"Sachin Gowda",1983-12-07,Male,XXXX-XXXX-2887,9840403869,sachin.gowda51@example.com,"#145, Main Road, Kalaburagi District","#145, Main Road, Kalaburagi District",Kalaburagi,Kalaburagi District,Station Bazaar PS,Renewal,NORMAL,"Work Visa (USA)",United States of America,VERIFIED,"HC Basavaraj M. (KSP-CON-1890)",true,false,,false,false,,"Clear verification report approved. No adverse records found in CCTNS Karnataka database. Passport grant recommended.",2026-07-20T14:30:00
PV-2026-KAL-0051,"Rahul Rao",1999-02-10,Male,XXXX-XXXX-2924,9840411788,rahul.rao52@example.com,"#160, Main Road, Kalaburagi District","#160, Main Road, Kalaburagi District",Kalaburagi,Kalaburagi District,Sedam PS,Tatkal,TATKAL,"Higher Studies (UK/Europe)",Germany,VERIFIED,"HC Ramaiah B. (KSP-CON-4421)",true,false,,false,false,,"Clear verification report approved. No adverse records found in CCTNS Karnataka database. Passport grant recommended.",2026-07-20T14:30:00
PV-2026-KAL-0052,"Girish Shekhar",1973-04-13,Male,XXXX-XXXX-2961,9840419707,girish.shekhar53@example.com,"#175, Main Road, Kalaburagi District","#175, Main Road, Kalaburagi District",Kalaburagi,Kalaburagi District,Aland PS,Fresh,NORMAL,"Employment (Gulf)",United Arab Emirates,VERIFIED,"PC Suresh K. (KSP-CON-3189)",true,false,,false,false,,"Clear verification report approved. No adverse records found in CCTNS Karnataka database. Passport grant recommended.",2026-07-20T14:30:00
PV-2026-KAL-0053,"Sunil Joshi",1989-06-16,Male,XXXX-XXXX-2998,9840427626,sunil.joshi54@example.com,"#190, Main Road, Kalaburagi District","#190, Main Road, Kalaburagi District",Kalaburagi,Kalaburagi District,Brahampur PS,Renewal,NORMAL,"Tourism",France,PENDING,"PC Anand Kumar T. (KSP-CON-7104)",false,false,,false,false,,,
PV-2026-KAL-0054,"Raghavendra Pillai",2005-08-19,Male,XXXX-XXXX-3035,9840435545,raghavendra.pillai55@example.com,"#205, Main Road, Kalaburagi District","#205, Main Road, Kalaburagi District",Kalaburagi,Kalaburagi District,Station Bazaar PS,Fresh,NORMAL,"Tourism",Australia,PENDING,"PC Shivakumar N. (KSP-CON-6721)",false,false,,false,false,,,
PV-2026-KAL-0055,"Sachin Gowda",1979-10-22,Male,XXXX-XXXX-3072,9840443464,sachin.gowda56@example.com,"#220, Main Road, Kalaburagi District","#220, Main Road, Kalaburagi District",Kalaburagi,Kalaburagi District,Sedam PS,Fresh,NORMAL,"Family Visit",Japan,PENDING,"WHC Savitha D. (KSP-CON-3310)",false,false,,false,false,,,
PV-2026-KAL-0056,"Rahul Rao",1995-12-25,Male,XXXX-XXXX-3109,9840451383,rahul.rao57@example.com,"#235, Main Road, Kalaburagi District","#235, Main Road, Kalaburagi District",Kalaburagi,Kalaburagi District,Aland PS,Renewal,NORMAL,"Work Visa (USA)",United States of America,FIELD_VISIT_DONE,"HC Mallikarjun K. (KSP-CON-1678)",true,false,,false,false,,,
PV-2026-KAL-0057,"Girish Shekhar",1969-02-28,Male,XXXX-XXXX-3146,9840459302,girish.shekhar58@example.com,"#250, Main Road, Kalaburagi District","#250, Main Road, Kalaburagi District",Kalaburagi,Kalaburagi District,Brahampur PS,Fresh,NORMAL,"Higher Studies (UK/Europe)",Germany,FIELD_VISIT_DONE,"HC Raghavendra P. (KSP-CON-2987)",true,false,,false,false,,,
PV-2026-KAL-0058,"Sunil Joshi",1985-04-03,Male,XXXX-XXXX-3183,9840467221,sunil.joshi59@example.com,"#265, Main Road, Kalaburagi District","#265, Main Road, Kalaburagi District",Kalaburagi,Kalaburagi District,Station Bazaar PS,Tatkal,TATKAL,"Employment (Gulf)",United Arab Emirates,PENDING,"PC Ningappa H. (KSP-CON-8032)",false,false,,false,false,,,
PV-2026-KAL-0059,"Raghavendra Pillai",2001-06-06,Male,XXXX-XXXX-3220,9840475140,raghavendra.pillai60@example.com,"#280, Main Road, Kalaburagi District","#280, Main Road, Kalaburagi District",Kalaburagi,Kalaburagi District,Sedam PS,Renewal,URGENT,"Tourism",France,FLAGGED,"WHC Renuka B. (KSP-CON-3891)",true,true,FIR-2025-160/KAL,true,false,,"FLAGGED TO SPECIAL BRANCH / CID: Linked to FIR-2025-160/KAL. Case pending in jurisdictional court.",2026-06-15T11:20:00
PV-2026-KAL-0060,"Sachin Gowda",1975-08-09,Male,XXXX-XXXX-3257,9840483059,sachin.gowda61@example.com,"#295, Main Road, Kalaburagi District","#295, Main Road, Kalaburagi District",Kalaburagi,Kalaburagi District,Aland PS,Fresh,NORMAL,"Tourism",Australia,REJECTED,"WPC Geetha R. (KSP-CON-4902)",true,false,,false,false,"Address proof submitted found forged or non-verifiable","Application rejected by Police Sub-Inspector. Reason: Address proof submitted found forged or non-verifiable",2026-05-10T16:00:00
PV-2026-KOP-0061,"Venkatesh Verma",1973-06-08,Male,XXXX-XXXX-3294,9840490978,venkatesh.verma62@example.com,"#10, Main Road, Koppal","#10, Main Road, Koppal",Kalaburagi,Koppal,Koppal Town PS,Tatkal,TATKAL,"Higher Studies (UK/Europe)",Germany,VERIFIED,"HC Ramaiah B. (KSP-CON-4421)",true,false,,false,false,,"Clear verification report approved. No adverse records found in CCTNS Karnataka database. Passport grant recommended.",2026-07-20T14:30:00
PV-2026-KOP-0062,"Suresh Bhat",1989-08-11,Male,XXXX-XXXX-3331,9840498897,suresh.bhat63@example.com,"#25, Main Road, Koppal","#25, Main Road, Koppal",Kalaburagi,Koppal,Gangavathi PS,Fresh,NORMAL,"Employment (Gulf)",United Arab Emirates,VERIFIED,"PC Suresh K. (KSP-CON-3189)",true,false,,false,false,,"Clear verification report approved. No adverse records found in CCTNS Karnataka database. Passport grant recommended.",2026-07-20T14:30:00
PV-2026-KOP-0063,"Vijay Das",2005-10-14,Male,XXXX-XXXX-3368,9840506816,vijay.das64@example.com,"#40, Main Road, Koppal","#40, Main Road, Koppal",Kalaburagi,Koppal,Kushtagi PS,Fresh,NORMAL,"Tourism",France,VERIFIED,"PC Anand Kumar T. (KSP-CON-7104)",true,false,,false,false,,"Clear verification report approved. No adverse records found in CCTNS Karnataka database. Passport grant recommended.",2026-07-20T14:30:00
PV-2026-KOP-0064,"Sanjay Nambiar",1979-12-17,Male,XXXX-XXXX-3405,9840514735,sanjay.nambiar65@example.com,"#55, Main Road, Koppal","#55, Main Road, Koppal",Kalaburagi,Koppal,Koppal Town PS,Renewal,NORMAL,"Tourism",Australia,VERIFIED,"PC Shivakumar N. (KSP-CON-6721)",true,false,,false,false,,"Clear verification report approved. No adverse records found in CCTNS Karnataka database. Passport grant recommended.",2026-07-20T14:30:00
PV-2026-KOP-0065,"Deepak Varma",1995-02-20,Male,XXXX-XXXX-3442,9840522654,deepak.varma66@example.com,"#70, Main Road, Koppal","#70, Main Road, Koppal",Kalaburagi,Koppal,Gangavathi PS,Fresh,NORMAL,"Family Visit",Japan,VERIFIED,"WHC Savitha D. (KSP-CON-3310)",true,false,,false,false,,"Clear verification report approved. No adverse records found in CCTNS Karnataka database. Passport grant recommended.",2026-07-20T14:30:00
PV-2026-KOP-0066,"Venkatesh Verma",1969-04-23,Male,XXXX-XXXX-3479,9840530573,venkatesh.verma67@example.com,"#85, Main Road, Koppal","#85, Main Road, Koppal",Kalaburagi,Koppal,Kushtagi PS,Tatkal,TATKAL,"Work Visa (USA)",United States of America,VERIFIED,"HC Mallikarjun K. (KSP-CON-1678)",true,false,,false,false,,"Clear verification report approved. No adverse records found in CCTNS Karnataka database. Passport grant recommended.",2026-07-20T14:30:00
PV-2026-KOP-0067,"Suresh Bhat",1985-06-26,Male,XXXX-XXXX-3516,9840538492,suresh.bhat68@example.com,"#100, Main Road, Koppal","#100, Main Road, Koppal",Kalaburagi,Koppal,Koppal Town PS,Renewal,NORMAL,"Higher Studies (UK/Europe)",Germany,VERIFIED,"HC Raghavendra P. (KSP-CON-2987)",true,false,,false,false,,"Clear verification report approved. No adverse records found in CCTNS Karnataka database. Passport grant recommended.",2026-07-20T14:30:00
PV-2026-KOP-0068,"Vijay Das",2001-08-01,Male,XXXX-XXXX-3553,9840546411,vijay.das69@example.com,"#115, Main Road, Koppal","#115, Main Road, Koppal",Kalaburagi,Koppal,Gangavathi PS,Fresh,URGENT,"Employment (Gulf)",United Arab Emirates,VERIFIED,"PC Ningappa H. (KSP-CON-8032)",true,false,,false,false,,"Clear verification report approved. No adverse records found in CCTNS Karnataka database. Passport grant recommended.",2026-07-20T14:30:00
PV-2026-KOP-0069,"Sanjay Nambiar",1975-10-04,Male,XXXX-XXXX-3590,9840554330,sanjay.nambiar70@example.com,"#130, Main Road, Koppal","#130, Main Road, Koppal",Kalaburagi,Koppal,Kushtagi PS,Fresh,NORMAL,"Tourism",France,VERIFIED,"WHC Renuka B. (KSP-CON-3891)",true,false,,false,false,,"Clear verification report approved. No adverse records found in CCTNS Karnataka database. Passport grant recommended.",2026-07-20T14:30:00
PV-2026-KOP-0070,"Deepak Varma",1991-12-07,Male,XXXX-XXXX-3627,9840562249,deepak.varma71@example.com,"#145, Main Road, Koppal","#145, Main Road, Koppal",Kalaburagi,Koppal,Koppal Town PS,Renewal,NORMAL,"Tourism",Australia,VERIFIED,"WPC Geetha R. (KSP-CON-4902)",true,false,,false,false,,"Clear verification report approved. No adverse records found in CCTNS Karnataka database. Passport grant recommended.",2026-07-20T14:30:00
PV-2026-KOP-0071,"Venkatesh Verma",1965-02-10,Male,XXXX-XXXX-3664,9840570168,venkatesh.verma72@example.com,"#160, Main Road, Koppal","#160, Main Road, Koppal",Kalaburagi,Koppal,Gangavathi PS,Tatkal,TATKAL,"Family Visit",Japan,VERIFIED,"HC Manjunatha S. (KSP-CON-2044)",true,false,,false,false,,"Clear verification report approved. No adverse records found in CCTNS Karnataka database. Passport grant recommended.",2026-07-20T14:30:00
PV-2026-KOP-0072,"Suresh Bhat",1981-04-13,Male,XXXX-XXXX-3701,9840578087,suresh.bhat73@example.com,"#175, Main Road, Koppal","#175, Main Road, Koppal",Kalaburagi,Koppal,Kushtagi PS,Fresh,NORMAL,"Work Visa (USA)",United States of America,VERIFIED,"PC Praveen Gowda (KSP-CON-5120)",true,false,,false,false,,"Clear verification report approved. No adverse records found in CCTNS Karnataka database. Passport grant recommended.",2026-07-20T14:30:00
PV-2026-KOP-0073,"Vijay Das",1997-06-16,Male,XXXX-XXXX-3738,9840586006,vijay.das74@example.com,"#190, Main Road, Koppal","#190, Main Road, Koppal",Kalaburagi,Koppal,Koppal Town PS,Renewal,NORMAL,"Higher Studies (UK/Europe)",Germany,PENDING,"PC Chethan V. (KSP-CON-6245)",false,false,,false,false,,,
PV-2026-KOP-0074,"Sanjay Nambiar",1971-08-19,Male,XXXX-XXXX-3775,9840593925,sanjay.nambiar75@example.com,"#205, Main Road, Koppal","#205, Main Road, Koppal",Kalaburagi,Koppal,Gangavathi PS,Fresh,NORMAL,"Employment (Gulf)",United Arab Emirates,PENDING,"PC Venkatesh G. (KSP-CON-5512)",false,false,,false,false,,,
PV-2026-KOP-0075,"Deepak Varma",1987-10-22,Male,XXXX-XXXX-3812,9840601844,deepak.varma76@example.com,"#220, Main Road, Koppal","#220, Main Road, Koppal",Kalaburagi,Koppal,Kushtagi PS,Fresh,NORMAL,"Tourism",France,PENDING,"HC Basavaraj M. (KSP-CON-1890)",false,false,,false,false,,,
PV-2026-KOP-0076,"Venkatesh Verma",2003-12-25,Male,XXXX-XXXX-3849,9840609763,venkatesh.verma77@example.com,"#235, Main Road, Koppal","#235, Main Road, Koppal",Kalaburagi,Koppal,Koppal Town PS,Renewal,NORMAL,"Tourism",Australia,FIELD_VISIT_DONE,"HC Ramaiah B. (KSP-CON-4421)",true,false,,false,false,,,
PV-2026-KOP-0077,"Suresh Bhat",1977-02-28,Male,XXXX-XXXX-3886,9840617682,suresh.bhat78@example.com,"#250, Main Road, Koppal","#250, Main Road, Koppal",Kalaburagi,Koppal,Gangavathi PS,Fresh,NORMAL,"Family Visit",Japan,FIELD_VISIT_DONE,"PC Suresh K. (KSP-CON-3189)",true,false,,false,false,,,
PV-2026-KOP-0078,"Vijay Das",1993-04-03,Male,XXXX-XXXX-3923,9840625601,vijay.das79@example.com,"#265, Main Road, Koppal","#265, Main Road, Koppal",Kalaburagi,Koppal,Kushtagi PS,Tatkal,TATKAL,"Work Visa (USA)",United States of America,PENDING,"PC Anand Kumar T. (KSP-CON-7104)",false,false,,false,false,,,
PV-2026-KOP-0079,"Sanjay Nambiar",1967-06-06,Male,XXXX-XXXX-3960,9840633520,sanjay.nambiar80@example.com,"#280, Main Road, Koppal","#280, Main Road, Koppal",Kalaburagi,Koppal,Koppal Town PS,Renewal,URGENT,"Higher Studies (UK/Europe)",Germany,FLAGGED,"PC Shivakumar N. (KSP-CON-6721)",true,true,FIR-2025-180/KOP,true,false,,"FLAGGED TO SPECIAL BRANCH / CID: Linked to FIR-2025-180/KOP. Case pending in jurisdictional court.",2026-06-15T11:20:00
PV-2026-KOP-0080,"Deepak Varma",1983-08-09,Male,XXXX-XXXX-3997,9840641439,deepak.varma81@example.com,"#295, Main Road, Koppal","#295, Main Road, Koppal",Kalaburagi,Koppal,Gangavathi PS,Fresh,NORMAL,"Employment (Gulf)",United Arab Emirates,REJECTED,"WHC Savitha D. (KSP-CON-3310)",true,false,,false,false,"Applicant failed to produce original documents during physical verification","Application rejected by Police Sub-Inspector. Reason: Applicant failed to produce original documents during physical verification",2026-05-10T16:00:00
PV-2026-RAI-0081,"Rahul Shetty",1981-06-08,Male,XXXX-XXXX-4034,9840649358,rahul.shetty82@example.com,"#10, Main Road, Raichur","#10, Main Road, Raichur",Kalaburagi,Raichur,Raichur West PS,Tatkal,TATKAL,"Family Visit",Japan,VERIFIED,"HC Manjunatha S. (KSP-CON-2044)",true,false,,false,false,,"Clear verification report approved. No adverse records found in CCTNS Karnataka database. Passport grant recommended.",2026-07-20T14:30:00
PV-2026-RAI-0082,"Girish Kumar",1997-08-11,Male,XXXX-XXXX-4071,9840657277,girish.kumar83@example.com,"#25, Main Road, Raichur","#25, Main Road, Raichur",Kalaburagi,Raichur,Netaji Nagar PS,Fresh,NORMAL,"Work Visa (USA)",United States of America,VERIFIED,"PC Praveen Gowda (KSP-CON-5120)",true,false,,false,false,,"Clear verification report approved. No adverse records found in CCTNS Karnataka database. Passport grant recommended.",2026-07-20T14:30:00
PV-2026-RAI-0083,"Sunil Iyengar",1971-10-14,Male,XXXX-XXXX-4108,9840665196,sunil.iyengar84@example.com,"#40, Main Road, Raichur","#40, Main Road, Raichur",Kalaburagi,Raichur,Manvi PS,Fresh,NORMAL,"Higher Studies (UK/Europe)",Germany,VERIFIED,"PC Chethan V. (KSP-CON-6245)",true,false,,false,false,,"Clear verification report approved. No adverse records found in CCTNS Karnataka database. Passport grant recommended.",2026-07-20T14:30:00
PV-2026-RAI-0084,"Raghavendra Nayak",1987-12-17,Male,XXXX-XXXX-4145,9840673115,raghavendra.nayak85@example.com,"#55, Main Road, Raichur","#55, Main Road, Raichur",Kalaburagi,Raichur,Sindhanur PS,Renewal,NORMAL,"Employment (Gulf)",United Arab Emirates,VERIFIED,"PC Venkatesh G. (KSP-CON-5512)",true,false,,false,false,,"Clear verification report approved. No adverse records found in CCTNS Karnataka database. Passport grant recommended.",2026-07-20T14:30:00
PV-2026-RAI-0085,"Sachin Choudhury",2003-02-20,Male,XXXX-XXXX-4182,9840681034,sachin.choudhury86@example.com,"#70, Main Road, Raichur","#70, Main Road, Raichur",Kalaburagi,Raichur,Raichur West PS,Fresh,NORMAL,"Tourism",France,VERIFIED,"HC Basavaraj M. (KSP-CON-1890)",true,false,,false,false,,"Clear verification report approved. No adverse records found in CCTNS Karnataka database. Passport grant recommended.",2026-07-20T14:30:00
PV-2026-RAI-0086,"Rahul Shetty",1977-04-23,Male,XXXX-XXXX-4219,9840688953,rahul.shetty87@example.com,"#85, Main Road, Raichur","#85, Main Road, Raichur",Kalaburagi,Raichur,Netaji Nagar PS,Tatkal,TATKAL,"Tourism",Australia,VERIFIED,"HC Ramaiah B. (KSP-CON-4421)",true,false,,false,false,,"Clear verification report approved. No adverse records found in CCTNS Karnataka database. Passport grant recommended.",2026-07-20T14:30:00
PV-2026-RAI-0087,"Girish Kumar",1993-06-26,Male,XXXX-XXXX-4256,9840696872,girish.kumar88@example.com,"#100, Main Road, Raichur","#100, Main Road, Raichur",Kalaburagi,Raichur,Manvi PS,Renewal,NORMAL,"Family Visit",Japan,VERIFIED,"PC Suresh K. (KSP-CON-3189)",true,false,,false,false,,"Clear verification report approved. No adverse records found in CCTNS Karnataka database. Passport grant recommended.",2026-07-20T14:30:00
PV-2026-RAI-0088,"Sunil Iyengar",1967-08-01,Male,XXXX-XXXX-4293,9840704791,sunil.iyengar89@example.com,"#115, Main Road, Raichur","#115, Main Road, Raichur",Kalaburagi,Raichur,Sindhanur PS,Fresh,URGENT,"Work Visa (USA)",United States of America,VERIFIED,"PC Anand Kumar T. (KSP-CON-7104)",true,false,,false,false,,"Clear verification report approved. No adverse records found in CCTNS Karnataka database. Passport grant recommended.",2026-07-20T14:30:00
PV-2026-RAI-0089,"Raghavendra Nayak",1983-10-04,Male,XXXX-XXXX-4330,9840712710,raghavendra.nayak90@example.com,"#130, Main Road, Raichur","#130, Main Road, Raichur",Kalaburagi,Raichur,Raichur West PS,Fresh,NORMAL,"Higher Studies (UK/Europe)",Germany,VERIFIED,"PC Shivakumar N. (KSP-CON-6721)",true,false,,false,false,,"Clear verification report approved. No adverse records found in CCTNS Karnataka database. Passport grant recommended.",2026-07-20T14:30:00
PV-2026-RAI-0090,"Sachin Choudhury",1999-12-07,Male,XXXX-XXXX-4367,9840720629,sachin.choudhury91@example.com,"#145, Main Road, Raichur","#145, Main Road, Raichur",Kalaburagi,Raichur,Netaji Nagar PS,Renewal,NORMAL,"Employment (Gulf)",United Arab Emirates,VERIFIED,"WHC Savitha D. (KSP-CON-3310)",true,false,,false,false,,"Clear verification report approved. No adverse records found in CCTNS Karnataka database. Passport grant recommended.",2026-07-20T14:30:00
PV-2026-RAI-0091,"Rahul Shetty",1973-02-10,Male,XXXX-XXXX-4404,9840728548,rahul.shetty92@example.com,"#160, Main Road, Raichur","#160, Main Road, Raichur",Kalaburagi,Raichur,Manvi PS,Tatkal,TATKAL,"Tourism",France,VERIFIED,"HC Mallikarjun K. (KSP-CON-1678)",true,false,,false,false,,"Clear verification report approved. No adverse records found in CCTNS Karnataka database. Passport grant recommended.",2026-07-20T14:30:00
PV-2026-RAI-0092,"Girish Kumar",1989-04-13,Male,XXXX-XXXX-4441,9840736467,girish.kumar93@example.com,"#175, Main Road, Raichur","#175, Main Road, Raichur",Kalaburagi,Raichur,Sindhanur PS,Fresh,NORMAL,"Tourism",Australia,VERIFIED,"HC Raghavendra P. (KSP-CON-2987)",true,false,,false,false,,"Clear verification report approved. No adverse records found in CCTNS Karnataka database. Passport grant recommended.",2026-07-20T14:30:00
PV-2026-RAI-0093,"Sunil Iyengar",2005-06-16,Male,XXXX-XXXX-4478,9840744386,sunil.iyengar94@example.com,"#190, Main Road, Raichur","#190, Main Road, Raichur",Kalaburagi,Raichur,Raichur West PS,Renewal,NORMAL,"Family Visit",Japan,PENDING,"PC Ningappa H. (KSP-CON-8032)",false,false,,false,false,,,
PV-2026-RAI-0094,"Raghavendra Nayak",1979-08-19,Male,XXXX-XXXX-4515,9840752305,raghavendra.nayak95@example.com,"#205, Main Road, Raichur","#205, Main Road, Raichur",Kalaburagi,Raichur,Netaji Nagar PS,Fresh,NORMAL,"Work Visa (USA)",United States of America,PENDING,"WHC Renuka B. (KSP-CON-3891)",false,false,,false,false,,,
PV-2026-RAI-0095,"Sachin Choudhury",1995-10-22,Male,XXXX-XXXX-4552,9840760224,sachin.choudhury96@example.com,"#220, Main Road, Raichur","#220, Main Road, Raichur",Kalaburagi,Raichur,Manvi PS,Fresh,NORMAL,"Higher Studies (UK/Europe)",Germany,PENDING,"WPC Geetha R. (KSP-CON-4902)",false,false,,false,false,,,
PV-2026-RAI-0096,"Rahul Shetty",1969-12-25,Male,XXXX-XXXX-4589,9840768143,rahul.shetty97@example.com,"#235, Main Road, Raichur","#235, Main Road, Raichur",Kalaburagi,Raichur,Sindhanur PS,Renewal,NORMAL,"Employment (Gulf)",United Arab Emirates,FIELD_VISIT_DONE,"HC Manjunatha S. (KSP-CON-2044)",true,false,,false,false,,,
PV-2026-RAI-0097,"Girish Kumar",1985-02-28,Male,XXXX-XXXX-4626,9840776062,girish.kumar98@example.com,"#250, Main Road, Raichur","#250, Main Road, Raichur",Kalaburagi,Raichur,Raichur West PS,Fresh,NORMAL,"Tourism",France,FIELD_VISIT_DONE,"PC Praveen Gowda (KSP-CON-5120)",true,false,,false,false,,,
PV-2026-RAI-0098,"Sunil Iyengar",2001-04-03,Male,XXXX-XXXX-4663,9840783981,sunil.iyengar0@example.com,"#265, Main Road, Raichur","#265, Main Road, Raichur",Kalaburagi,Raichur,Netaji Nagar PS,Tatkal,TATKAL,"Tourism",Australia,PENDING,"PC Chethan V. (KSP-CON-6245)",false,false,,false,false,,,
PV-2026-RAI-0099,"Raghavendra Nayak",1975-06-06,Male,XXXX-XXXX-4700,9840791900,raghavendra.nayak1@example.com,"#280, Main Road, Raichur","#280, Main Road, Raichur",Kalaburagi,Raichur,Manvi PS,Renewal,URGENT,"Family Visit",Japan,FLAGGED,"PC Venkatesh G. (KSP-CON-5512)",true,true,FIR-2025-200/RAI,true,false,,"FLAGGED TO SPECIAL BRANCH / CID: Linked to FIR-2025-200/RAI. Case pending in jurisdictional court.",2026-06-15T11:20:00
PV-2026-RAI-0100,"Sachin Choudhury",1991-08-09,Male,XXXX-XXXX-4737,9840799819,sachin.choudhury2@example.com,"#295, Main Road, Raichur","#295, Main Road, Raichur",Kalaburagi,Raichur,Sindhanur PS,Fresh,NORMAL,"Work Visa (USA)",United States of America,REJECTED,"HC Basavaraj M. (KSP-CON-1890)",true,false,,false,false,"Adverse report: Ongoing criminal investigation and FIR pending","Application rejected by Police Sub-Inspector. Reason: Adverse report: Ongoing criminal investigation and FIR pending",2026-05-10T16:00:00
PV-2026-VIJ-0101,"Venkatesh Rao",1989-06-08,Male,XXXX-XXXX-4774,9840807738,venkatesh.rao3@example.com,"#10, Main Road, Vijayanagara","#10, Main Road, Vijayanagara",Kalaburagi,Vijayanagara,Hospet Town PS,Tatkal,TATKAL,"Tourism",France,VERIFIED,"HC Mallikarjun K. (KSP-CON-1678)",true,false,,false,false,,"Clear verification report approved. No adverse records found in CCTNS Karnataka database. Passport grant recommended.",2026-07-20T14:30:00
PV-2026-VIJ-0102,"Suresh Shekhar",2005-08-11,Male,XXXX-XXXX-4811,9840815657,suresh.shekhar4@example.com,"#25, Main Road, Vijayanagara","#25, Main Road, Vijayanagara",Kalaburagi,Vijayanagara,Hampi PS,Fresh,NORMAL,"Tourism",Australia,VERIFIED,"HC Raghavendra P. (KSP-CON-2987)",true,false,,false,false,,"Clear verification report approved. No adverse records found in CCTNS Karnataka database. Passport grant recommended.",2026-07-20T14:30:00
PV-2026-VIJ-0103,"Vijay Joshi",1979-10-14,Male,XXXX-XXXX-4848,9840823576,vijay.joshi5@example.com,"#40, Main Road, Vijayanagara","#40, Main Road, Vijayanagara",Kalaburagi,Vijayanagara,Harapanahalli PS,Fresh,NORMAL,"Family Visit",Japan,VERIFIED,"PC Ningappa H. (KSP-CON-8032)",true,false,,false,false,,"Clear verification report approved. No adverse records found in CCTNS Karnataka database. Passport grant recommended.",2026-07-20T14:30:00
PV-2026-VIJ-0104,"Sanjay Pillai",1995-12-17,Male,XXXX-XXXX-4885,9840831495,sanjay.pillai6@example.com,"#55, Main Road, Vijayanagara","#55, Main Road, Vijayanagara",Kalaburagi,Vijayanagara,Kudligi PS,Renewal,NORMAL,"Work Visa (USA)",United States of America,VERIFIED,"WHC Renuka B. (KSP-CON-3891)",true,false,,false,false,,"Clear verification report approved. No adverse records found in CCTNS Karnataka database. Passport grant recommended.",2026-07-20T14:30:00
PV-2026-VIJ-0105,"Deepak Gowda",1969-02-20,Male,XXXX-XXXX-4922,9840839414,deepak.gowda7@example.com,"#70, Main Road, Vijayanagara","#70, Main Road, Vijayanagara",Kalaburagi,Vijayanagara,Hospet Town PS,Fresh,NORMAL,"Higher Studies (UK/Europe)",Germany,VERIFIED,"WPC Geetha R. (KSP-CON-4902)",true,false,,false,false,,"Clear verification report approved. No adverse records found in CCTNS Karnataka database. Passport grant recommended.",2026-07-20T14:30:00
PV-2026-VIJ-0106,"Venkatesh Rao",1985-04-23,Male,XXXX-XXXX-4959,9840847333,venkatesh.rao8@example.com,"#85, Main Road, Vijayanagara","#85, Main Road, Vijayanagara",Kalaburagi,Vijayanagara,Hampi PS,Tatkal,TATKAL,"Employment (Gulf)",United Arab Emirates,VERIFIED,"HC Manjunatha S. (KSP-CON-2044)",true,false,,false,false,,"Clear verification report approved. No adverse records found in CCTNS Karnataka database. Passport grant recommended.",2026-07-20T14:30:00
PV-2026-VIJ-0107,"Suresh Shekhar",2001-06-26,Male,XXXX-XXXX-4996,9840855252,suresh.shekhar9@example.com,"#100, Main Road, Vijayanagara","#100, Main Road, Vijayanagara",Kalaburagi,Vijayanagara,Harapanahalli PS,Renewal,NORMAL,"Tourism",France,VERIFIED,"PC Praveen Gowda (KSP-CON-5120)",true,false,,false,false,,"Clear verification report approved. No adverse records found in CCTNS Karnataka database. Passport grant recommended.",2026-07-20T14:30:00
PV-2026-VIJ-0108,"Vijay Joshi",1975-08-01,Male,XXXX-XXXX-5033,9840863171,vijay.joshi10@example.com,"#115, Main Road, Vijayanagara","#115, Main Road, Vijayanagara",Kalaburagi,Vijayanagara,Kudligi PS,Fresh,URGENT,"Tourism",Australia,VERIFIED,"PC Chethan V. (KSP-CON-6245)",true,false,,false,false,,"Clear verification report approved. No adverse records found in CCTNS Karnataka database. Passport grant recommended.",2026-07-20T14:30:00
PV-2026-VIJ-0109,"Sanjay Pillai",1991-10-04,Male,XXXX-XXXX-5070,9840871090,sanjay.pillai11@example.com,"#130, Main Road, Vijayanagara","#130, Main Road, Vijayanagara",Kalaburagi,Vijayanagara,Hospet Town PS,Fresh,NORMAL,"Family Visit",Japan,VERIFIED,"PC Venkatesh G. (KSP-CON-5512)",true,false,,false,false,,"Clear verification report approved. No adverse records found in CCTNS Karnataka database. Passport grant recommended.",2026-07-20T14:30:00
PV-2026-VIJ-0110,"Deepak Gowda",1965-12-07,Male,XXXX-XXXX-5107,9840879009,deepak.gowda12@example.com,"#145, Main Road, Vijayanagara","#145, Main Road, Vijayanagara",Kalaburagi,Vijayanagara,Hampi PS,Renewal,NORMAL,"Work Visa (USA)",United States of America,VERIFIED,"HC Basavaraj M. (KSP-CON-1890)",true,false,,false,false,,"Clear verification report approved. No adverse records found in CCTNS Karnataka database. Passport grant recommended.",2026-07-20T14:30:00
PV-2026-VIJ-0111,"Venkatesh Rao",1981-02-10,Male,XXXX-XXXX-5144,9840886928,venkatesh.rao13@example.com,"#160, Main Road, Vijayanagara","#160, Main Road, Vijayanagara",Kalaburagi,Vijayanagara,Harapanahalli PS,Tatkal,TATKAL,"Higher Studies (UK/Europe)",Germany,VERIFIED,"HC Ramaiah B. (KSP-CON-4421)",true,false,,false,false,,"Clear verification report approved. No adverse records found in CCTNS Karnataka database. Passport grant recommended.",2026-07-20T14:30:00
PV-2026-VIJ-0112,"Suresh Shekhar",1997-04-13,Male,XXXX-XXXX-5181,9840894847,suresh.shekhar14@example.com,"#175, Main Road, Vijayanagara","#175, Main Road, Vijayanagara",Kalaburagi,Vijayanagara,Kudligi PS,Fresh,NORMAL,"Employment (Gulf)",United Arab Emirates,VERIFIED,"PC Suresh K. (KSP-CON-3189)",true,false,,false,false,,"Clear verification report approved. No adverse records found in CCTNS Karnataka database. Passport grant recommended.",2026-07-20T14:30:00
PV-2026-VIJ-0113,"Vijay Joshi",1971-06-16,Male,XXXX-XXXX-5218,9840902766,vijay.joshi15@example.com,"#190, Main Road, Vijayanagara","#190, Main Road, Vijayanagara",Kalaburagi,Vijayanagara,Hospet Town PS,Renewal,NORMAL,"Tourism",France,PENDING,"PC Anand Kumar T. (KSP-CON-7104)",false,false,,false,false,,,
PV-2026-VIJ-0114,"Sanjay Pillai",1987-08-19,Male,XXXX-XXXX-5255,9840910685,sanjay.pillai16@example.com,"#205, Main Road, Vijayanagara","#205, Main Road, Vijayanagara",Kalaburagi,Vijayanagara,Hampi PS,Fresh,NORMAL,"Tourism",Australia,PENDING,"PC Shivakumar N. (KSP-CON-6721)",false,false,,false,false,,,
PV-2026-VIJ-0115,"Deepak Gowda",2003-10-22,Male,XXXX-XXXX-5292,9840918604,deepak.gowda17@example.com,"#220, Main Road, Vijayanagara","#220, Main Road, Vijayanagara",Kalaburagi,Vijayanagara,Harapanahalli PS,Fresh,NORMAL,"Family Visit",Japan,PENDING,"WHC Savitha D. (KSP-CON-3310)",false,false,,false,false,,,
PV-2026-VIJ-0116,"Venkatesh Rao",1977-12-25,Male,XXXX-XXXX-5329,9840926523,venkatesh.rao18@example.com,"#235, Main Road, Vijayanagara","#235, Main Road, Vijayanagara",Kalaburagi,Vijayanagara,Kudligi PS,Renewal,NORMAL,"Work Visa (USA)",United States of America,FIELD_VISIT_DONE,"HC Mallikarjun K. (KSP-CON-1678)",true,false,,false,false,,,
PV-2026-VIJ-0117,"Suresh Shekhar",1993-02-28,Male,XXXX-XXXX-5366,9840934442,suresh.shekhar19@example.com,"#250, Main Road, Vijayanagara","#250, Main Road, Vijayanagara",Kalaburagi,Vijayanagara,Hospet Town PS,Fresh,NORMAL,"Higher Studies (UK/Europe)",Germany,FIELD_VISIT_DONE,"HC Raghavendra P. (KSP-CON-2987)",true,false,,false,false,,,
PV-2026-VIJ-0118,"Vijay Joshi",1967-04-03,Male,XXXX-XXXX-5403,9840942361,vijay.joshi20@example.com,"#265, Main Road, Vijayanagara","#265, Main Road, Vijayanagara",Kalaburagi,Vijayanagara,Hampi PS,Tatkal,TATKAL,"Employment (Gulf)",United Arab Emirates,PENDING,"PC Ningappa H. (KSP-CON-8032)",false,false,,false,false,,,
PV-2026-VIJ-0119,"Sanjay Pillai",1983-06-06,Male,XXXX-XXXX-5440,9840950280,sanjay.pillai21@example.com,"#280, Main Road, Vijayanagara","#280, Main Road, Vijayanagara",Kalaburagi,Vijayanagara,Harapanahalli PS,Renewal,URGENT,"Tourism",France,FLAGGED,"WHC Renuka B. (KSP-CON-3891)",true,true,FIR-2025-220/VIJ,true,false,,"FLAGGED TO SPECIAL BRANCH / CID: Linked to FIR-2025-220/VIJ. Case pending in jurisdictional court.",2026-06-15T11:20:00
PV-2026-VIJ-0120,"Deepak Gowda",1999-08-09,Male,XXXX-XXXX-5477,9840958199,deepak.gowda22@example.com,"#295, Main Road, Vijayanagara","#295, Main Road, Vijayanagara",Kalaburagi,Vijayanagara,Kudligi PS,Fresh,NORMAL,"Tourism",Australia,REJECTED,"WPC Geetha R. (KSP-CON-4902)",true,false,,false,false,"Address proof submitted found forged or non-verifiable","Application rejected by Police Sub-Inspector. Reason: Address proof submitted found forged or non-verifiable",2026-05-10T16:00:00
PV-2026-YAD-0121,"Rahul Verma",1997-06-08,Male,XXXX-XXXX-5514,9840966118,rahul.verma23@example.com,"#10, Main Road, Yadgir","#10, Main Road, Yadgir",Kalaburagi,Yadgir,Yadgir Town PS,Tatkal,TATKAL,"Higher Studies (UK/Europe)",Germany,VERIFIED,"HC Ramaiah B. (KSP-CON-4421)",true,false,,false,false,,"Clear verification report approved. No adverse records found in CCTNS Karnataka database. Passport grant recommended.",2026-07-20T14:30:00
PV-2026-YAD-0122,"Girish Bhat",1971-08-11,Male,XXXX-XXXX-5551,9840974037,girish.bhat24@example.com,"#25, Main Road, Yadgir","#25, Main Road, Yadgir",Kalaburagi,Yadgir,Shahapur PS,Fresh,NORMAL,"Employment (Gulf)",United Arab Emirates,VERIFIED,"PC Suresh K. (KSP-CON-3189)",true,false,,false,false,,"Clear verification report approved. No adverse records found in CCTNS Karnataka database. Passport grant recommended.",2026-07-20T14:30:00
PV-2026-YAD-0123,"Sunil Das",1987-10-14,Male,XXXX-XXXX-5588,9840981956,sunil.das25@example.com,"#40, Main Road, Yadgir","#40, Main Road, Yadgir",Kalaburagi,Yadgir,Shorapur PS,Fresh,NORMAL,"Tourism",France,VERIFIED,"PC Anand Kumar T. (KSP-CON-7104)",true,false,,false,false,,"Clear verification report approved. No adverse records found in CCTNS Karnataka database. Passport grant recommended.",2026-07-20T14:30:00
PV-2026-YAD-0124,"Raghavendra Nambiar",2003-12-17,Male,XXXX-XXXX-5625,9840989875,raghavendra.nambiar26@example.com,"#55, Main Road, Yadgir","#55, Main Road, Yadgir",Kalaburagi,Yadgir,Yadgir Town PS,Renewal,NORMAL,"Tourism",Australia,VERIFIED,"PC Shivakumar N. (KSP-CON-6721)",true,false,,false,false,,"Clear verification report approved. No adverse records found in CCTNS Karnataka database. Passport grant recommended.",2026-07-20T14:30:00
PV-2026-YAD-0125,"Sachin Varma",1977-02-20,Male,XXXX-XXXX-5662,9840997794,sachin.varma27@example.com,"#70, Main Road, Yadgir","#70, Main Road, Yadgir",Kalaburagi,Yadgir,Shahapur PS,Fresh,NORMAL,"Family Visit",Japan,VERIFIED,"WHC Savitha D. (KSP-CON-3310)",true,false,,false,false,,"Clear verification report approved. No adverse records found in CCTNS Karnataka database. Passport grant recommended.",2026-07-20T14:30:00
PV-2026-YAD-0126,"Rahul Verma",1993-04-23,Male,XXXX-XXXX-5699,9841005713,rahul.verma28@example.com,"#85, Main Road, Yadgir","#85, Main Road, Yadgir",Kalaburagi,Yadgir,Shorapur PS,Tatkal,TATKAL,"Work Visa (USA)",United States of America,VERIFIED,"HC Mallikarjun K. (KSP-CON-1678)",true,false,,false,false,,"Clear verification report approved. No adverse records found in CCTNS Karnataka database. Passport grant recommended.",2026-07-20T14:30:00
PV-2026-YAD-0127,"Girish Bhat",1967-06-26,Male,XXXX-XXXX-5736,9841013632,girish.bhat29@example.com,"#100, Main Road, Yadgir","#100, Main Road, Yadgir",Kalaburagi,Yadgir,Yadgir Town PS,Renewal,NORMAL,"Higher Studies (UK/Europe)",Germany,VERIFIED,"HC Raghavendra P. (KSP-CON-2987)",true,false,,false,false,,"Clear verification report approved. No adverse records found in CCTNS Karnataka database. Passport grant recommended.",2026-07-20T14:30:00
PV-2026-YAD-0128,"Sunil Das",1983-08-01,Male,XXXX-XXXX-5773,9841021551,sunil.das30@example.com,"#115, Main Road, Yadgir","#115, Main Road, Yadgir",Kalaburagi,Yadgir,Shahapur PS,Fresh,URGENT,"Employment (Gulf)",United Arab Emirates,VERIFIED,"PC Ningappa H. (KSP-CON-8032)",true,false,,false,false,,"Clear verification report approved. No adverse records found in CCTNS Karnataka database. Passport grant recommended.",2026-07-20T14:30:00
PV-2026-YAD-0129,"Raghavendra Nambiar",1999-10-04,Male,XXXX-XXXX-5810,9841029470,raghavendra.nambiar31@example.com,"#130, Main Road, Yadgir","#130, Main Road, Yadgir",Kalaburagi,Yadgir,Shorapur PS,Fresh,NORMAL,"Tourism",France,VERIFIED,"WHC Renuka B. (KSP-CON-3891)",true,false,,false,false,,"Clear verification report approved. No adverse records found in CCTNS Karnataka database. Passport grant recommended.",2026-07-20T14:30:00
PV-2026-YAD-0130,"Sachin Varma",1973-12-07,Male,XXXX-XXXX-5847,9841037389,sachin.varma32@example.com,"#145, Main Road, Yadgir","#145, Main Road, Yadgir",Kalaburagi,Yadgir,Yadgir Town PS,Renewal,NORMAL,"Tourism",Australia,VERIFIED,"WPC Geetha R. (KSP-CON-4902)",true,false,,false,false,,"Clear verification report approved. No adverse records found in CCTNS Karnataka database. Passport grant recommended.",2026-07-20T14:30:00
PV-2026-YAD-0131,"Rahul Verma",1989-02-10,Male,XXXX-XXXX-5884,9841045308,rahul.verma33@example.com,"#160, Main Road, Yadgir","#160, Main Road, Yadgir",Kalaburagi,Yadgir,Shahapur PS,Tatkal,TATKAL,"Family Visit",Japan,VERIFIED,"HC Manjunatha S. (KSP-CON-2044)",true,false,,false,false,,"Clear verification report approved. No adverse records found in CCTNS Karnataka database. Passport grant recommended.",2026-07-20T14:30:00
PV-2026-YAD-0132,"Girish Bhat",2005-04-13,Male,XXXX-XXXX-5921,9841053227,girish.bhat34@example.com,"#175, Main Road, Yadgir","#175, Main Road, Yadgir",Kalaburagi,Yadgir,Shorapur PS,Fresh,NORMAL,"Work Visa (USA)",United States of America,VERIFIED,"PC Praveen Gowda (KSP-CON-5120)",true,false,,false,false,,"Clear verification report approved. No adverse records found in CCTNS Karnataka database. Passport grant recommended.",2026-07-20T14:30:00
PV-2026-YAD-0133,"Sunil Das",1979-06-16,Male,XXXX-XXXX-5958,9841061146,sunil.das35@example.com,"#190, Main Road, Yadgir","#190, Main Road, Yadgir",Kalaburagi,Yadgir,Yadgir Town PS,Renewal,NORMAL,"Higher Studies (UK/Europe)",Germany,PENDING,"PC Chethan V. (KSP-CON-6245)",false,false,,false,false,,,
PV-2026-YAD-0134,"Raghavendra Nambiar",1995-08-19,Male,XXXX-XXXX-5995,9841069065,raghavendra.nambiar36@example.com,"#205, Main Road, Yadgir","#205, Main Road, Yadgir",Kalaburagi,Yadgir,Shahapur PS,Fresh,NORMAL,"Employment (Gulf)",United Arab Emirates,PENDING,"PC Venkatesh G. (KSP-CON-5512)",false,false,,false,false,,,
PV-2026-YAD-0135,"Sachin Varma",1969-10-22,Male,XXXX-XXXX-6032,9841076984,sachin.varma37@example.com,"#220, Main Road, Yadgir","#220, Main Road, Yadgir",Kalaburagi,Yadgir,Shorapur PS,Fresh,NORMAL,"Tourism",France,PENDING,"HC Basavaraj M. (KSP-CON-1890)",false,false,,false,false,,,
PV-2026-YAD-0136,"Rahul Verma",1985-12-25,Male,XXXX-XXXX-6069,9841084903,rahul.verma38@example.com,"#235, Main Road, Yadgir","#235, Main Road, Yadgir",Kalaburagi,Yadgir,Yadgir Town PS,Renewal,NORMAL,"Tourism",Australia,FIELD_VISIT_DONE,"HC Ramaiah B. (KSP-CON-4421)",true,false,,false,false,,,
PV-2026-YAD-0137,"Girish Bhat",2001-02-28,Male,XXXX-XXXX-6106,9841092822,girish.bhat39@example.com,"#250, Main Road, Yadgir","#250, Main Road, Yadgir",Kalaburagi,Yadgir,Shahapur PS,Fresh,NORMAL,"Family Visit",Japan,FIELD_VISIT_DONE,"PC Suresh K. (KSP-CON-3189)",true,false,,false,false,,,
PV-2026-YAD-0138,"Sunil Das",1975-04-03,Male,XXXX-XXXX-6143,9841100741,sunil.das40@example.com,"#265, Main Road, Yadgir","#265, Main Road, Yadgir",Kalaburagi,Yadgir,Shorapur PS,Tatkal,TATKAL,"Work Visa (USA)",United States of America,PENDING,"PC Anand Kumar T. (KSP-CON-7104)",false,false,,false,false,,,
PV-2026-YAD-0139,"Raghavendra Nambiar",1991-06-06,Male,XXXX-XXXX-6180,9841108660,raghavendra.nambiar41@example.com,"#280, Main Road, Yadgir","#280, Main Road, Yadgir",Kalaburagi,Yadgir,Yadgir Town PS,Renewal,URGENT,"Higher Studies (UK/Europe)",Germany,FLAGGED,"PC Shivakumar N. (KSP-CON-6721)",true,true,FIR-2025-240/YAD,true,false,,"FLAGGED TO SPECIAL BRANCH / CID: Linked to FIR-2025-240/YAD. Case pending in jurisdictional court.",2026-06-15T11:20:00
PV-2026-YAD-0140,"Sachin Varma",1965-08-09,Male,XXXX-XXXX-6217,9841116579,sachin.varma42@example.com,"#295, Main Road, Yadgir","#295, Main Road, Yadgir",Kalaburagi,Yadgir,Shahapur PS,Fresh,NORMAL,"Employment (Gulf)",United Arab Emirates,REJECTED,"WHC Savitha D. (KSP-CON-3310)",true,false,,false,false,"Applicant failed to produce original documents during physical verification","Application rejected by Police Sub-Inspector. Reason: Applicant failed to produce original documents during physical verification",2026-05-10T16:00:00
PV-2026-BAG-0141,"Venkatesh Shetty",2005-06-08,Male,XXXX-XXXX-6254,9841124498,venkatesh.shetty43@example.com,"#10, Main Road, Bagalkote","#10, Main Road, Bagalkote",Belagavi,Bagalkote,Bagalkot Town PS,Tatkal,TATKAL,"Family Visit",Japan,VERIFIED,"HC Manjunatha S. (KSP-CON-2044)",true,false,,false,false,,"Clear verification report approved. No adverse records found in CCTNS Karnataka database. Passport grant recommended.",2026-07-20T14:30:00
PV-2026-BAG-0142,"Suresh Kumar",1979-08-11,Male,XXXX-XXXX-6291,9841132417,suresh.kumar44@example.com,"#25, Main Road, Bagalkote","#25, Main Road, Bagalkote",Belagavi,Bagalkote,Navanagar PS,Fresh,NORMAL,"Work Visa (USA)",United States of America,VERIFIED,"PC Praveen Gowda (KSP-CON-5120)",true,false,,false,false,,"Clear verification report approved. No adverse records found in CCTNS Karnataka database. Passport grant recommended.",2026-07-20T14:30:00
PV-2026-BAG-0143,"Vijay Iyengar",1995-10-14,Male,XXXX-XXXX-6328,9841140336,vijay.iyengar45@example.com,"#40, Main Road, Bagalkote","#40, Main Road, Bagalkote",Belagavi,Bagalkote,Jamkhandi PS,Fresh,NORMAL,"Higher Studies (UK/Europe)",Germany,VERIFIED,"PC Chethan V. (KSP-CON-6245)",true,false,,false,false,,"Clear verification report approved. No adverse records found in CCTNS Karnataka database. Passport grant recommended.",2026-07-20T14:30:00
PV-2026-BAG-0144,"Sanjay Nayak",1969-12-17,Male,XXXX-XXXX-6365,9841148255,sanjay.nayak46@example.com,"#55, Main Road, Bagalkote","#55, Main Road, Bagalkote",Belagavi,Bagalkote,Ilkal PS,Renewal,NORMAL,"Employment (Gulf)",United Arab Emirates,VERIFIED,"PC Venkatesh G. (KSP-CON-5512)",true,false,,false,false,,"Clear verification report approved. No adverse records found in CCTNS Karnataka database. Passport grant recommended.",2026-07-20T14:30:00
PV-2026-BAG-0145,"Deepak Choudhury",1985-02-20,Male,XXXX-XXXX-6402,9841156174,deepak.choudhury47@example.com,"#70, Main Road, Bagalkote","#70, Main Road, Bagalkote",Belagavi,Bagalkote,Bagalkot Town PS,Fresh,NORMAL,"Tourism",France,VERIFIED,"HC Basavaraj M. (KSP-CON-1890)",true,false,,false,false,,"Clear verification report approved. No adverse records found in CCTNS Karnataka database. Passport grant recommended.",2026-07-20T14:30:00
PV-2026-BAG-0146,"Venkatesh Shetty",2001-04-23,Male,XXXX-XXXX-6439,9841164093,venkatesh.shetty48@example.com,"#85, Main Road, Bagalkote","#85, Main Road, Bagalkote",Belagavi,Bagalkote,Navanagar PS,Tatkal,TATKAL,"Tourism",Australia,VERIFIED,"HC Ramaiah B. (KSP-CON-4421)",true,false,,false,false,,"Clear verification report approved. No adverse records found in CCTNS Karnataka database. Passport grant recommended.",2026-07-20T14:30:00
PV-2026-BAG-0147,"Suresh Kumar",1975-06-26,Male,XXXX-XXXX-6476,9841172012,suresh.kumar49@example.com,"#100, Main Road, Bagalkote","#100, Main Road, Bagalkote",Belagavi,Bagalkote,Jamkhandi PS,Renewal,NORMAL,"Family Visit",Japan,VERIFIED,"PC Suresh K. (KSP-CON-3189)",true,false,,false,false,,"Clear verification report approved. No adverse records found in CCTNS Karnataka database. Passport grant recommended.",2026-07-20T14:30:00
PV-2026-BAG-0148,"Vijay Iyengar",1991-08-01,Male,XXXX-XXXX-6513,9841179931,vijay.iyengar50@example.com,"#115, Main Road, Bagalkote","#115, Main Road, Bagalkote",Belagavi,Bagalkote,Ilkal PS,Fresh,URGENT,"Work Visa (USA)",United States of America,VERIFIED,"PC Anand Kumar T. (KSP-CON-7104)",true,false,,false,false,,"Clear verification report approved. No adverse records found in CCTNS Karnataka database. Passport grant recommended.",2026-07-20T14:30:00
PV-2026-BAG-0149,"Sanjay Nayak",1965-10-04,Male,XXXX-XXXX-6550,9841187850,sanjay.nayak51@example.com,"#130, Main Road, Bagalkote","#130, Main Road, Bagalkote",Belagavi,Bagalkote,Bagalkot Town PS,Fresh,NORMAL,"Higher Studies (UK/Europe)",Germany,VERIFIED,"PC Shivakumar N. (KSP-CON-6721)",true,false,,false,false,,"Clear verification report approved. No adverse records found in CCTNS Karnataka database. Passport grant recommended.",2026-07-20T14:30:00
PV-2026-BAG-0150,"Deepak Choudhury",1981-12-07,Male,XXXX-XXXX-6587,9841195769,deepak.choudhury52@example.com,"#145, Main Road, Bagalkote","#145, Main Road, Bagalkote",Belagavi,Bagalkote,Navanagar PS,Renewal,NORMAL,"Employment (Gulf)",United Arab Emirates,VERIFIED,"WHC Savitha D. (KSP-CON-3310)",true,false,,false,false,,"Clear verification report approved. No adverse records found in CCTNS Karnataka database. Passport grant recommended.",2026-07-20T14:30:00
PV-2026-BAG-0151,"Venkatesh Shetty",1997-02-10,Male,XXXX-XXXX-6624,9841203688,venkatesh.shetty53@example.com,"#160, Main Road, Bagalkote","#160, Main Road, Bagalkote",Belagavi,Bagalkote,Jamkhandi PS,Tatkal,TATKAL,"Tourism",France,VERIFIED,"HC Mallikarjun K. (KSP-CON-1678)",true,false,,false,false,,"Clear verification report approved. No adverse records found in CCTNS Karnataka database. Passport grant recommended.",2026-07-20T14:30:00
PV-2026-BAG-0152,"Suresh Kumar",1971-04-13,Male,XXXX-XXXX-6661,9841211607,suresh.kumar54@example.com,"#175, Main Road, Bagalkote","#175, Main Road, Bagalkote",Belagavi,Bagalkote,Ilkal PS,Fresh,NORMAL,"Tourism",Australia,VERIFIED,"HC Raghavendra P. (KSP-CON-2987)",true,false,,false,false,,"Clear verification report approved. No adverse records found in CCTNS Karnataka database. Passport grant recommended.",2026-07-20T14:30:00
PV-2026-BAG-0153,"Vijay Iyengar",1987-06-16,Male,XXXX-XXXX-6698,9841219526,vijay.iyengar55@example.com,"#190, Main Road, Bagalkote","#190, Main Road, Bagalkote",Belagavi,Bagalkote,Bagalkot Town PS,Renewal,NORMAL,"Family Visit",Japan,PENDING,"PC Ningappa H. (KSP-CON-8032)",false,false,,false,false,,,
PV-2026-BAG-0154,"Sanjay Nayak",2003-08-19,Male,XXXX-XXXX-6735,9841227445,sanjay.nayak56@example.com,"#205, Main Road, Bagalkote","#205, Main Road, Bagalkote",Belagavi,Bagalkote,Navanagar PS,Fresh,NORMAL,"Work Visa (USA)",United States of America,PENDING,"WHC Renuka B. (KSP-CON-3891)",false,false,,false,false,,,
PV-2026-BAG-0155,"Deepak Choudhury",1977-10-22,Male,XXXX-XXXX-6772,9841235364,deepak.choudhury57@example.com,"#220, Main Road, Bagalkote","#220, Main Road, Bagalkote",Belagavi,Bagalkote,Jamkhandi PS,Fresh,NORMAL,"Higher Studies (UK/Europe)",Germany,PENDING,"WPC Geetha R. (KSP-CON-4902)",false,false,,false,false,,,
PV-2026-BAG-0156,"Venkatesh Shetty",1993-12-25,Male,XXXX-XXXX-6809,9841243283,venkatesh.shetty58@example.com,"#235, Main Road, Bagalkote","#235, Main Road, Bagalkote",Belagavi,Bagalkote,Ilkal PS,Renewal,NORMAL,"Employment (Gulf)",United Arab Emirates,FIELD_VISIT_DONE,"HC Manjunatha S. (KSP-CON-2044)",true,false,,false,false,,,
PV-2026-BAG-0157,"Suresh Kumar",1967-02-28,Male,XXXX-XXXX-6846,9841251202,suresh.kumar59@example.com,"#250, Main Road, Bagalkote","#250, Main Road, Bagalkote",Belagavi,Bagalkote,Bagalkot Town PS,Fresh,NORMAL,"Tourism",France,FIELD_VISIT_DONE,"PC Praveen Gowda (KSP-CON-5120)",true,false,,false,false,,,
PV-2026-BAG-0158,"Vijay Iyengar",1983-04-03,Male,XXXX-XXXX-6883,9841259121,vijay.iyengar60@example.com,"#265, Main Road, Bagalkote","#265, Main Road, Bagalkote",Belagavi,Bagalkote,Navanagar PS,Tatkal,TATKAL,"Tourism",Australia,PENDING,"PC Chethan V. (KSP-CON-6245)",false,false,,false,false,,,
PV-2026-BAG-0159,"Sanjay Nayak",1999-06-06,Male,XXXX-XXXX-6920,9841267040,sanjay.nayak61@example.com,"#280, Main Road, Bagalkote","#280, Main Road, Bagalkote",Belagavi,Bagalkote,Jamkhandi PS,Renewal,URGENT,"Family Visit",Japan,FLAGGED,"PC Venkatesh G. (KSP-CON-5512)",true,true,FIR-2025-260/BAG,true,false,,"FLAGGED TO SPECIAL BRANCH / CID: Linked to FIR-2025-260/BAG. Case pending in jurisdictional court.",2026-06-15T11:20:00
PV-2026-BAG-0160,"Deepak Choudhury",1973-08-09,Male,XXXX-XXXX-6957,9841274959,deepak.choudhury62@example.com,"#295, Main Road, Bagalkote","#295, Main Road, Bagalkote",Belagavi,Bagalkote,Ilkal PS,Fresh,NORMAL,"Work Visa (USA)",United States of America,REJECTED,"HC Basavaraj M. (KSP-CON-1890)",true,false,,false,false,"Adverse report: Ongoing criminal investigation and FIR pending","Application rejected by Police Sub-Inspector. Reason: Adverse report: Ongoing criminal investigation and FIR pending",2026-05-10T16:00:00
PV-2026-BEL-0161,"Rahul Rao",1971-06-08,Male,XXXX-XXXX-6994,9841282878,rahul.rao63@example.com,"#10, Main Road, Belagavi District","#10, Main Road, Belagavi District",Belagavi,Belagavi District,Market PS,Tatkal,TATKAL,"Tourism",France,VERIFIED,"HC Mallikarjun K. (KSP-CON-1678)",true,false,,false,false,,"Clear verification report approved. No adverse records found in CCTNS Karnataka database. Passport grant recommended.",2026-07-20T14:30:00
PV-2026-BEL-0162,"Girish Shekhar",1987-08-11,Male,XXXX-XXXX-7031,9841290797,girish.shekhar64@example.com,"#25, Main Road, Belagavi District","#25, Main Road, Belagavi District",Belagavi,Belagavi District,Camp PS,Fresh,NORMAL,"Tourism",Australia,VERIFIED,"HC Raghavendra P. (KSP-CON-2987)",true,false,,false,false,,"Clear verification report approved. No adverse records found in CCTNS Karnataka database. Passport grant recommended.",2026-07-20T14:30:00
PV-2026-BEL-0163,"Sunil Joshi",2003-10-14,Male,XXXX-XXXX-7068,9841298716,sunil.joshi65@example.com,"#40, Main Road, Belagavi District","#40, Main Road, Belagavi District",Belagavi,Belagavi District,Khade Bazaar PS,Fresh,NORMAL,"Family Visit",Japan,VERIFIED,"PC Ningappa H. (KSP-CON-8032)",true,false,,false,false,,"Clear verification report approved. No adverse records found in CCTNS Karnataka database. Passport grant recommended.",2026-07-20T14:30:00
PV-2026-BEL-0164,"Raghavendra Pillai",1977-12-17,Male,XXXX-XXXX-7105,9841306635,raghavendra.pillai66@example.com,"#55, Main Road, Belagavi District","#55, Main Road, Belagavi District",Belagavi,Belagavi District,Gokak PS,Renewal,NORMAL,"Work Visa (USA)",United States of America,VERIFIED,"WHC Renuka B. (KSP-CON-3891)",true,false,,false,false,,"Clear verification report approved. No adverse records found in CCTNS Karnataka database. Passport grant recommended.",2026-07-20T14:30:00
PV-2026-BEL-0165,"Sachin Gowda",1993-02-20,Male,XXXX-XXXX-7142,9841314554,sachin.gowda67@example.com,"#70, Main Road, Belagavi District","#70, Main Road, Belagavi District",Belagavi,Belagavi District,Chikkodi PS,Fresh,NORMAL,"Higher Studies (UK/Europe)",Germany,VERIFIED,"WPC Geetha R. (KSP-CON-4902)",true,false,,false,false,,"Clear verification report approved. No adverse records found in CCTNS Karnataka database. Passport grant recommended.",2026-07-20T14:30:00
PV-2026-BEL-0166,"Rahul Rao",1967-04-23,Male,XXXX-XXXX-7179,9841322473,rahul.rao68@example.com,"#85, Main Road, Belagavi District","#85, Main Road, Belagavi District",Belagavi,Belagavi District,Market PS,Tatkal,TATKAL,"Employment (Gulf)",United Arab Emirates,VERIFIED,"HC Manjunatha S. (KSP-CON-2044)",true,false,,false,false,,"Clear verification report approved. No adverse records found in CCTNS Karnataka database. Passport grant recommended.",2026-07-20T14:30:00
PV-2026-BEL-0167,"Girish Shekhar",1983-06-26,Male,XXXX-XXXX-7216,9841330392,girish.shekhar69@example.com,"#100, Main Road, Belagavi District","#100, Main Road, Belagavi District",Belagavi,Belagavi District,Camp PS,Renewal,NORMAL,"Tourism",France,VERIFIED,"PC Praveen Gowda (KSP-CON-5120)",true,false,,false,false,,"Clear verification report approved. No adverse records found in CCTNS Karnataka database. Passport grant recommended.",2026-07-20T14:30:00
PV-2026-BEL-0168,"Sunil Joshi",1999-08-01,Male,XXXX-XXXX-7253,9841338311,sunil.joshi70@example.com,"#115, Main Road, Belagavi District","#115, Main Road, Belagavi District",Belagavi,Belagavi District,Khade Bazaar PS,Fresh,URGENT,"Tourism",Australia,VERIFIED,"PC Chethan V. (KSP-CON-6245)",true,false,,false,false,,"Clear verification report approved. No adverse records found in CCTNS Karnataka database. Passport grant recommended.",2026-07-20T14:30:00
PV-2026-BEL-0169,"Raghavendra Pillai",1973-10-04,Male,XXXX-XXXX-7290,9841346230,raghavendra.pillai71@example.com,"#130, Main Road, Belagavi District","#130, Main Road, Belagavi District",Belagavi,Belagavi District,Gokak PS,Fresh,NORMAL,"Family Visit",Japan,VERIFIED,"PC Venkatesh G. (KSP-CON-5512)",true,false,,false,false,,"Clear verification report approved. No adverse records found in CCTNS Karnataka database. Passport grant recommended.",2026-07-20T14:30:00
PV-2026-BEL-0170,"Sachin Gowda",1989-12-07,Male,XXXX-XXXX-7327,9841354149,sachin.gowda72@example.com,"#145, Main Road, Belagavi District","#145, Main Road, Belagavi District",Belagavi,Belagavi District,Chikkodi PS,Renewal,NORMAL,"Work Visa (USA)",United States of America,VERIFIED,"HC Basavaraj M. (KSP-CON-1890)",true,false,,false,false,,"Clear verification report approved. No adverse records found in CCTNS Karnataka database. Passport grant recommended.",2026-07-20T14:30:00
PV-2026-BEL-0171,"Rahul Rao",2005-02-10,Male,XXXX-XXXX-7364,9841362068,rahul.rao73@example.com,"#160, Main Road, Belagavi District","#160, Main Road, Belagavi District",Belagavi,Belagavi District,Market PS,Tatkal,TATKAL,"Higher Studies (UK/Europe)",Germany,VERIFIED,"HC Ramaiah B. (KSP-CON-4421)",true,false,,false,false,,"Clear verification report approved. No adverse records found in CCTNS Karnataka database. Passport grant recommended.",2026-07-20T14:30:00
PV-2026-BEL-0172,"Girish Shekhar",1979-04-13,Male,XXXX-XXXX-7401,9841369987,girish.shekhar74@example.com,"#175, Main Road, Belagavi District","#175, Main Road, Belagavi District",Belagavi,Belagavi District,Camp PS,Fresh,NORMAL,"Employment (Gulf)",United Arab Emirates,VERIFIED,"PC Suresh K. (KSP-CON-3189)",true,false,,false,false,,"Clear verification report approved. No adverse records found in CCTNS Karnataka database. Passport grant recommended.",2026-07-20T14:30:00
PV-2026-BEL-0173,"Sunil Joshi",1995-06-16,Male,XXXX-XXXX-7438,9841377906,sunil.joshi75@example.com,"#190, Main Road, Belagavi District","#190, Main Road, Belagavi District",Belagavi,Belagavi District,Khade Bazaar PS,Renewal,NORMAL,"Tourism",France,PENDING,"PC Anand Kumar T. (KSP-CON-7104)",false,false,,false,false,,,
PV-2026-BEL-0174,"Raghavendra Pillai",1969-08-19,Male,XXXX-XXXX-7475,9841385825,raghavendra.pillai76@example.com,"#205, Main Road, Belagavi District","#205, Main Road, Belagavi District",Belagavi,Belagavi District,Gokak PS,Fresh,NORMAL,"Tourism",Australia,PENDING,"PC Shivakumar N. (KSP-CON-6721)",false,false,,false,false,,,
PV-2026-BEL-0175,"Sachin Gowda",1985-10-22,Male,XXXX-XXXX-7512,9841393744,sachin.gowda77@example.com,"#220, Main Road, Belagavi District","#220, Main Road, Belagavi District",Belagavi,Belagavi District,Chikkodi PS,Fresh,NORMAL,"Family Visit",Japan,PENDING,"WHC Savitha D. (KSP-CON-3310)",false,false,,false,false,,,
PV-2026-BEL-0176,"Rahul Rao",2001-12-25,Male,XXXX-XXXX-7549,9841401663,rahul.rao78@example.com,"#235, Main Road, Belagavi District","#235, Main Road, Belagavi District",Belagavi,Belagavi District,Market PS,Renewal,NORMAL,"Work Visa (USA)",United States of America,FIELD_VISIT_DONE,"HC Mallikarjun K. (KSP-CON-1678)",true,false,,false,false,,,
PV-2026-BEL-0177,"Girish Shekhar",1975-02-28,Male,XXXX-XXXX-7586,9841409582,girish.shekhar79@example.com,"#250, Main Road, Belagavi District","#250, Main Road, Belagavi District",Belagavi,Belagavi District,Camp PS,Fresh,NORMAL,"Higher Studies (UK/Europe)",Germany,FIELD_VISIT_DONE,"HC Raghavendra P. (KSP-CON-2987)",true,false,,false,false,,,
PV-2026-BEL-0178,"Sunil Joshi",1991-04-03,Male,XXXX-XXXX-7623,9841417501,sunil.joshi80@example.com,"#265, Main Road, Belagavi District","#265, Main Road, Belagavi District",Belagavi,Belagavi District,Khade Bazaar PS,Tatkal,TATKAL,"Employment (Gulf)",United Arab Emirates,PENDING,"PC Ningappa H. (KSP-CON-8032)",false,false,,false,false,,,
PV-2026-BEL-0179,"Raghavendra Pillai",1965-06-06,Male,XXXX-XXXX-7660,9841425420,raghavendra.pillai81@example.com,"#280, Main Road, Belagavi District","#280, Main Road, Belagavi District",Belagavi,Belagavi District,Gokak PS,Renewal,URGENT,"Tourism",France,FLAGGED,"WHC Renuka B. (KSP-CON-3891)",true,true,FIR-2025-280/BEL,true,false,,"FLAGGED TO SPECIAL BRANCH / CID: Linked to FIR-2025-280/BEL. Case pending in jurisdictional court.",2026-06-15T11:20:00
PV-2026-BEL-0180,"Sachin Gowda",1981-08-09,Male,XXXX-XXXX-7697,9841433339,sachin.gowda82@example.com,"#295, Main Road, Belagavi District","#295, Main Road, Belagavi District",Belagavi,Belagavi District,Chikkodi PS,Fresh,NORMAL,"Tourism",Australia,REJECTED,"WPC Geetha R. (KSP-CON-4902)",true,false,,false,false,"Address proof submitted found forged or non-verifiable","Application rejected by Police Sub-Inspector. Reason: Address proof submitted found forged or non-verifiable",2026-05-10T16:00:00
PV-2026-DHA-0181,"Venkatesh Verma",1979-06-08,Male,XXXX-XXXX-7734,9841441258,venkatesh.verma83@example.com,"#10, Main Road, Dharwad","#10, Main Road, Dharwad",Belagavi,Dharwad,Hubballi Town PS,Tatkal,TATKAL,"Higher Studies (UK/Europe)",Germany,VERIFIED,"HC Ramaiah B. (KSP-CON-4421)",true,false,,false,false,,"Clear verification report approved. No adverse records found in CCTNS Karnataka database. Passport grant recommended.",2026-07-20T14:30:00
PV-2026-DHA-0182,"Suresh Bhat",1995-08-11,Male,XXXX-XXXX-7771,9841449177,suresh.bhat84@example.com,"#25, Main Road, Dharwad","#25, Main Road, Dharwad",Belagavi,Dharwad,Subhash Nagar PS,Fresh,NORMAL,"Employment (Gulf)",United Arab Emirates,VERIFIED,"PC Suresh K. (KSP-CON-3189)",true,false,,false,false,,"Clear verification report approved. No adverse records found in CCTNS Karnataka database. Passport grant recommended.",2026-07-20T14:30:00
PV-2026-DHA-0183,"Vijay Das",1969-10-14,Male,XXXX-XXXX-7808,9841457096,vijay.das85@example.com,"#40, Main Road, Dharwad","#40, Main Road, Dharwad",Belagavi,Dharwad,Vidyagiri PS,Fresh,NORMAL,"Tourism",France,VERIFIED,"PC Anand Kumar T. (KSP-CON-7104)",true,false,,false,false,,"Clear verification report approved. No adverse records found in CCTNS Karnataka database. Passport grant recommended.",2026-07-20T14:30:00
PV-2026-DHA-0184,"Sanjay Nambiar",1985-12-17,Male,XXXX-XXXX-7845,9841465015,sanjay.nambiar86@example.com,"#55, Main Road, Dharwad","#55, Main Road, Dharwad",Belagavi,Dharwad,Dharwad Town PS,Renewal,NORMAL,"Tourism",Australia,VERIFIED,"PC Shivakumar N. (KSP-CON-6721)",true,false,,false,false,,"Clear verification report approved. No adverse records found in CCTNS Karnataka database. Passport grant recommended.",2026-07-20T14:30:00
PV-2026-DHA-0185,"Deepak Varma",2001-02-20,Male,XXXX-XXXX-7882,9841472934,deepak.varma87@example.com,"#70, Main Road, Dharwad","#70, Main Road, Dharwad",Belagavi,Dharwad,Hubballi Town PS,Fresh,NORMAL,"Family Visit",Japan,VERIFIED,"WHC Savitha D. (KSP-CON-3310)",true,false,,false,false,,"Clear verification report approved. No adverse records found in CCTNS Karnataka database. Passport grant recommended.",2026-07-20T14:30:00
PV-2026-DHA-0186,"Venkatesh Verma",1975-04-23,Male,XXXX-XXXX-7919,9841480853,venkatesh.verma88@example.com,"#85, Main Road, Dharwad","#85, Main Road, Dharwad",Belagavi,Dharwad,Subhash Nagar PS,Tatkal,TATKAL,"Work Visa (USA)",United States of America,VERIFIED,"HC Mallikarjun K. (KSP-CON-1678)",true,false,,false,false,,"Clear verification report approved. No adverse records found in CCTNS Karnataka database. Passport grant recommended.",2026-07-20T14:30:00
PV-2026-DHA-0187,"Suresh Bhat",1991-06-26,Male,XXXX-XXXX-7956,9841488772,suresh.bhat89@example.com,"#100, Main Road, Dharwad","#100, Main Road, Dharwad",Belagavi,Dharwad,Vidyagiri PS,Renewal,NORMAL,"Higher Studies (UK/Europe)",Germany,VERIFIED,"HC Raghavendra P. (KSP-CON-2987)",true,false,,false,false,,"Clear verification report approved. No adverse records found in CCTNS Karnataka database. Passport grant recommended.",2026-07-20T14:30:00
PV-2026-DHA-0188,"Vijay Das",1965-08-01,Male,XXXX-XXXX-7993,9841496691,vijay.das90@example.com,"#115, Main Road, Dharwad","#115, Main Road, Dharwad",Belagavi,Dharwad,Dharwad Town PS,Fresh,URGENT,"Employment (Gulf)",United Arab Emirates,VERIFIED,"PC Ningappa H. (KSP-CON-8032)",true,false,,false,false,,"Clear verification report approved. No adverse records found in CCTNS Karnataka database. Passport grant recommended.",2026-07-20T14:30:00
PV-2026-DHA-0189,"Sanjay Nambiar",1981-10-04,Male,XXXX-XXXX-8030,9841504610,sanjay.nambiar91@example.com,"#130, Main Road, Dharwad","#130, Main Road, Dharwad",Belagavi,Dharwad,Hubballi Town PS,Fresh,NORMAL,"Tourism",France,VERIFIED,"WHC Renuka B. (KSP-CON-3891)",true,false,,false,false,,"Clear verification report approved. No adverse records found in CCTNS Karnataka database. Passport grant recommended.",2026-07-20T14:30:00
PV-2026-DHA-0190,"Deepak Varma",1997-12-07,Male,XXXX-XXXX-8067,9841512529,deepak.varma92@example.com,"#145, Main Road, Dharwad","#145, Main Road, Dharwad",Belagavi,Dharwad,Subhash Nagar PS,Renewal,NORMAL,"Tourism",Australia,VERIFIED,"WPC Geetha R. (KSP-CON-4902)",true,false,,false,false,,"Clear verification report approved. No adverse records found in CCTNS Karnataka database. Passport grant recommended.",2026-07-20T14:30:00
PV-2026-DHA-0191,"Venkatesh Verma",1971-02-10,Male,XXXX-XXXX-8104,9841520448,venkatesh.verma93@example.com,"#160, Main Road, Dharwad","#160, Main Road, Dharwad",Belagavi,Dharwad,Vidyagiri PS,Tatkal,TATKAL,"Family Visit",Japan,VERIFIED,"HC Manjunatha S. (KSP-CON-2044)",true,false,,false,false,,"Clear verification report approved. No adverse records found in CCTNS Karnataka database. Passport grant recommended.",2026-07-20T14:30:00
PV-2026-DHA-0192,"Suresh Bhat",1987-04-13,Male,XXXX-XXXX-8141,9841528367,suresh.bhat94@example.com,"#175, Main Road, Dharwad","#175, Main Road, Dharwad",Belagavi,Dharwad,Dharwad Town PS,Fresh,NORMAL,"Work Visa (USA)",United States of America,VERIFIED,"PC Praveen Gowda (KSP-CON-5120)",true,false,,false,false,,"Clear verification report approved. No adverse records found in CCTNS Karnataka database. Passport grant recommended.",2026-07-20T14:30:00
PV-2026-DHA-0193,"Vijay Das",2003-06-16,Male,XXXX-XXXX-8178,9841536286,vijay.das95@example.com,"#190, Main Road, Dharwad","#190, Main Road, Dharwad",Belagavi,Dharwad,Hubballi Town PS,Renewal,NORMAL,"Higher Studies (UK/Europe)",Germany,PENDING,"PC Chethan V. (KSP-CON-6245)",false,false,,false,false,,,
PV-2026-DHA-0194,"Sanjay Nambiar",1977-08-19,Male,XXXX-XXXX-8215,9841544205,sanjay.nambiar96@example.com,"#205, Main Road, Dharwad","#205, Main Road, Dharwad",Belagavi,Dharwad,Subhash Nagar PS,Fresh,NORMAL,"Employment (Gulf)",United Arab Emirates,PENDING,"PC Venkatesh G. (KSP-CON-5512)",false,false,,false,false,,,
PV-2026-DHA-0195,"Deepak Varma",1993-10-22,Male,XXXX-XXXX-8252,9841552124,deepak.varma97@example.com,"#220, Main Road, Dharwad","#220, Main Road, Dharwad",Belagavi,Dharwad,Vidyagiri PS,Fresh,NORMAL,"Tourism",France,PENDING,"HC Basavaraj M. (KSP-CON-1890)",false,false,,false,false,,,
PV-2026-DHA-0196,"Venkatesh Verma",1967-12-25,Male,XXXX-XXXX-8289,9841560043,venkatesh.verma98@example.com,"#235, Main Road, Dharwad","#235, Main Road, Dharwad",Belagavi,Dharwad,Dharwad Town PS,Renewal,NORMAL,"Tourism",Australia,FIELD_VISIT_DONE,"HC Ramaiah B. (KSP-CON-4421)",true,false,,false,false,,,
PV-2026-DHA-0197,"Suresh Bhat",1983-02-28,Male,XXXX-XXXX-8326,9841567962,suresh.bhat0@example.com,"#250, Main Road, Dharwad","#250, Main Road, Dharwad",Belagavi,Dharwad,Hubballi Town PS,Fresh,NORMAL,"Family Visit",Japan,FIELD_VISIT_DONE,"PC Suresh K. (KSP-CON-3189)",true,false,,false,false,,,
PV-2026-DHA-0198,"Vijay Das",1999-04-03,Male,XXXX-XXXX-8363,9841575881,vijay.das1@example.com,"#265, Main Road, Dharwad","#265, Main Road, Dharwad",Belagavi,Dharwad,Subhash Nagar PS,Tatkal,TATKAL,"Work Visa (USA)",United States of America,PENDING,"PC Anand Kumar T. (KSP-CON-7104)",false,false,,false,false,,,
PV-2026-DHA-0199,"Sanjay Nambiar",1973-06-06,Male,XXXX-XXXX-8400,9841583800,sanjay.nambiar2@example.com,"#280, Main Road, Dharwad","#280, Main Road, Dharwad",Belagavi,Dharwad,Vidyagiri PS,Renewal,URGENT,"Higher Studies (UK/Europe)",Germany,FLAGGED,"PC Shivakumar N. (KSP-CON-6721)",true,true,FIR-2025-300/DHA,true,false,,"FLAGGED TO SPECIAL BRANCH / CID: Linked to FIR-2025-300/DHA. Case pending in jurisdictional court.",2026-06-15T11:20:00
PV-2026-DHA-0200,"Deepak Varma",1989-08-09,Male,XXXX-XXXX-8437,9841591719,deepak.varma3@example.com,"#295, Main Road, Dharwad","#295, Main Road, Dharwad",Belagavi,Dharwad,Dharwad Town PS,Fresh,NORMAL,"Employment (Gulf)",United Arab Emirates,REJECTED,"WHC Savitha D. (KSP-CON-3310)",true,false,,false,false,"Applicant failed to produce original documents during physical verification","Application rejected by Police Sub-Inspector. Reason: Applicant failed to produce original documents during physical verification",2026-05-10T16:00:00
PV-2026-GAD-0201,"Rahul Shetty",1987-06-08,Male,XXXX-XXXX-8474,9841599638,rahul.shetty4@example.com,"#10, Main Road, Gadag","#10, Main Road, Gadag",Belagavi,Gadag,Gadag Town PS,Tatkal,TATKAL,"Family Visit",Japan,VERIFIED,"HC Manjunatha S. (KSP-CON-2044)",true,false,,false,false,,"Clear verification report approved. No adverse records found in CCTNS Karnataka database. Passport grant recommended.",2026-07-20T14:30:00
PV-2026-GAD-0202,"Girish Kumar",2003-08-11,Male,XXXX-XXXX-8511,9841607557,girish.kumar5@example.com,"#25, Main Road, Gadag","#25, Main Road, Gadag",Belagavi,Gadag,Betageri PS,Fresh,NORMAL,"Work Visa (USA)",United States of America,VERIFIED,"PC Praveen Gowda (KSP-CON-5120)",true,false,,false,false,,"Clear verification report approved. No adverse records found in CCTNS Karnataka database. Passport grant recommended.",2026-07-20T14:30:00
PV-2026-GAD-0203,"Sunil Iyengar",1977-10-14,Male,XXXX-XXXX-8548,9841615476,sunil.iyengar6@example.com,"#40, Main Road, Gadag","#40, Main Road, Gadag",Belagavi,Gadag,Shirahatti PS,Fresh,NORMAL,"Higher Studies (UK/Europe)",Germany,VERIFIED,"PC Chethan V. (KSP-CON-6245)",true,false,,false,false,,"Clear verification report approved. No adverse records found in CCTNS Karnataka database. Passport grant recommended.",2026-07-20T14:30:00
PV-2026-GAD-0204,"Raghavendra Nayak",1993-12-17,Male,XXXX-XXXX-8585,9841623395,raghavendra.nayak7@example.com,"#55, Main Road, Gadag","#55, Main Road, Gadag",Belagavi,Gadag,Ron PS,Renewal,NORMAL,"Employment (Gulf)",United Arab Emirates,VERIFIED,"PC Venkatesh G. (KSP-CON-5512)",true,false,,false,false,,"Clear verification report approved. No adverse records found in CCTNS Karnataka database. Passport grant recommended.",2026-07-20T14:30:00
PV-2026-GAD-0205,"Sachin Choudhury",1967-02-20,Male,XXXX-XXXX-8622,9841631314,sachin.choudhury8@example.com,"#70, Main Road, Gadag","#70, Main Road, Gadag",Belagavi,Gadag,Gadag Town PS,Fresh,NORMAL,"Tourism",France,VERIFIED,"HC Basavaraj M. (KSP-CON-1890)",true,false,,false,false,,"Clear verification report approved. No adverse records found in CCTNS Karnataka database. Passport grant recommended.",2026-07-20T14:30:00
PV-2026-GAD-0206,"Rahul Shetty",1983-04-23,Male,XXXX-XXXX-8659,9841639233,rahul.shetty9@example.com,"#85, Main Road, Gadag","#85, Main Road, Gadag",Belagavi,Gadag,Betageri PS,Tatkal,TATKAL,"Tourism",Australia,VERIFIED,"HC Ramaiah B. (KSP-CON-4421)",true,false,,false,false,,"Clear verification report approved. No adverse records found in CCTNS Karnataka database. Passport grant recommended.",2026-07-20T14:30:00
PV-2026-GAD-0207,"Girish Kumar",1999-06-26,Male,XXXX-XXXX-8696,9841647152,girish.kumar10@example.com,"#100, Main Road, Gadag","#100, Main Road, Gadag",Belagavi,Gadag,Shirahatti PS,Renewal,NORMAL,"Family Visit",Japan,VERIFIED,"PC Suresh K. (KSP-CON-3189)",true,false,,false,false,,"Clear verification report approved. No adverse records found in CCTNS Karnataka database. Passport grant recommended.",2026-07-20T14:30:00
PV-2026-GAD-0208,"Sunil Iyengar",1973-08-01,Male,XXXX-XXXX-8733,9841655071,sunil.iyengar11@example.com,"#115, Main Road, Gadag","#115, Main Road, Gadag",Belagavi,Gadag,Ron PS,Fresh,URGENT,"Work Visa (USA)",United States of America,VERIFIED,"PC Anand Kumar T. (KSP-CON-7104)",true,false,,false,false,,"Clear verification report approved. No adverse records found in CCTNS Karnataka database. Passport grant recommended.",2026-07-20T14:30:00
PV-2026-GAD-0209,"Raghavendra Nayak",1989-10-04,Male,XXXX-XXXX-8770,9841662990,raghavendra.nayak12@example.com,"#130, Main Road, Gadag","#130, Main Road, Gadag",Belagavi,Gadag,Gadag Town PS,Fresh,NORMAL,"Higher Studies (UK/Europe)",Germany,VERIFIED,"PC Shivakumar N. (KSP-CON-6721)",true,false,,false,false,,"Clear verification report approved. No adverse records found in CCTNS Karnataka database. Passport grant recommended.",2026-07-20T14:30:00
PV-2026-GAD-0210,"Sachin Choudhury",2005-12-07,Male,XXXX-XXXX-8807,9841670909,sachin.choudhury13@example.com,"#145, Main Road, Gadag","#145, Main Road, Gadag",Belagavi,Gadag,Betageri PS,Renewal,NORMAL,"Employment (Gulf)",United Arab Emirates,VERIFIED,"WHC Savitha D. (KSP-CON-3310)",true,false,,false,false,,"Clear verification report approved. No adverse records found in CCTNS Karnataka database. Passport grant recommended.",2026-07-20T14:30:00
PV-2026-GAD-0211,"Rahul Shetty",1979-02-10,Male,XXXX-XXXX-8844,9841678828,rahul.shetty14@example.com,"#160, Main Road, Gadag","#160, Main Road, Gadag",Belagavi,Gadag,Shirahatti PS,Tatkal,TATKAL,"Tourism",France,VERIFIED,"HC Mallikarjun K. (KSP-CON-1678)",true,false,,false,false,,"Clear verification report approved. No adverse records found in CCTNS Karnataka database. Passport grant recommended.",2026-07-20T14:30:00
PV-2026-GAD-0212,"Girish Kumar",1995-04-13,Male,XXXX-XXXX-8881,9841686747,girish.kumar15@example.com,"#175, Main Road, Gadag","#175, Main Road, Gadag",Belagavi,Gadag,Ron PS,Fresh,NORMAL,"Tourism",Australia,VERIFIED,"HC Raghavendra P. (KSP-CON-2987)",true,false,,false,false,,"Clear verification report approved. No adverse records found in CCTNS Karnataka database. Passport grant recommended.",2026-07-20T14:30:00
PV-2026-GAD-0213,"Sunil Iyengar",1969-06-16,Male,XXXX-XXXX-8918,9841694666,sunil.iyengar16@example.com,"#190, Main Road, Gadag","#190, Main Road, Gadag",Belagavi,Gadag,Gadag Town PS,Renewal,NORMAL,"Family Visit",Japan,PENDING,"PC Ningappa H. (KSP-CON-8032)",false,false,,false,false,,,
PV-2026-GAD-0214,"Raghavendra Nayak",1985-08-19,Male,XXXX-XXXX-8955,9841702585,raghavendra.nayak17@example.com,"#205, Main Road, Gadag","#205, Main Road, Gadag",Belagavi,Gadag,Betageri PS,Fresh,NORMAL,"Work Visa (USA)",United States of America,PENDING,"WHC Renuka B. (KSP-CON-3891)",false,false,,false,false,,,
PV-2026-GAD-0215,"Sachin Choudhury",2001-10-22,Male,XXXX-XXXX-8992,9841710504,sachin.choudhury18@example.com,"#220, Main Road, Gadag","#220, Main Road, Gadag",Belagavi,Gadag,Shirahatti PS,Fresh,NORMAL,"Higher Studies (UK/Europe)",Germany,PENDING,"WPC Geetha R. (KSP-CON-4902)",false,false,,false,false,,,
PV-2026-GAD-0216,"Rahul Shetty",1975-12-25,Male,XXXX-XXXX-9029,9841718423,rahul.shetty19@example.com,"#235, Main Road, Gadag","#235, Main Road, Gadag",Belagavi,Gadag,Ron PS,Renewal,NORMAL,"Employment (Gulf)",United Arab Emirates,FIELD_VISIT_DONE,"HC Manjunatha S. (KSP-CON-2044)",true,false,,false,false,,,
PV-2026-GAD-0217,"Girish Kumar",1991-02-28,Male,XXXX-XXXX-9066,9841726342,girish.kumar20@example.com,"#250, Main Road, Gadag","#250, Main Road, Gadag",Belagavi,Gadag,Gadag Town PS,Fresh,NORMAL,"Tourism",France,FIELD_VISIT_DONE,"PC Praveen Gowda (KSP-CON-5120)",true,false,,false,false,,,
PV-2026-GAD-0218,"Sunil Iyengar",1965-04-03,Male,XXXX-XXXX-9103,9841734261,sunil.iyengar21@example.com,"#265, Main Road, Gadag","#265, Main Road, Gadag",Belagavi,Gadag,Betageri PS,Tatkal,TATKAL,"Tourism",Australia,PENDING,"PC Chethan V. (KSP-CON-6245)",false,false,,false,false,,,
PV-2026-GAD-0219,"Raghavendra Nayak",1981-06-06,Male,XXXX-XXXX-9140,9841742180,raghavendra.nayak22@example.com,"#280, Main Road, Gadag","#280, Main Road, Gadag",Belagavi,Gadag,Shirahatti PS,Renewal,URGENT,"Family Visit",Japan,FLAGGED,"PC Venkatesh G. (KSP-CON-5512)",true,true,FIR-2025-320/GAD,true,false,,"FLAGGED TO SPECIAL BRANCH / CID: Linked to FIR-2025-320/GAD. Case pending in jurisdictional court.",2026-06-15T11:20:00
PV-2026-GAD-0220,"Sachin Choudhury",1997-08-09,Male,XXXX-XXXX-9177,9841750099,sachin.choudhury23@example.com,"#295, Main Road, Gadag","#295, Main Road, Gadag",Belagavi,Gadag,Ron PS,Fresh,NORMAL,"Work Visa (USA)",United States of America,REJECTED,"HC Basavaraj M. (KSP-CON-1890)",true,false,,false,false,"Adverse report: Ongoing criminal investigation and FIR pending","Application rejected by Police Sub-Inspector. Reason: Adverse report: Ongoing criminal investigation and FIR pending",2026-05-10T16:00:00
PV-2026-HAV-0221,"Venkatesh Rao",1995-06-08,Male,XXXX-XXXX-9214,9841758018,venkatesh.rao24@example.com,"#10, Main Road, Haveri","#10, Main Road, Haveri",Belagavi,Haveri,Haveri Town PS,Tatkal,TATKAL,"Tourism",France,VERIFIED,"HC Mallikarjun K. (KSP-CON-1678)",true,false,,false,false,,"Clear verification report approved. No adverse records found in CCTNS Karnataka database. Passport grant recommended.",2026-07-20T14:30:00
PV-2026-HAV-0222,"Suresh Shekhar",1969-08-11,Male,XXXX-XXXX-9251,9841765937,suresh.shekhar25@example.com,"#25, Main Road, Haveri","#25, Main Road, Haveri",Belagavi,Haveri,Ranebennur PS,Fresh,NORMAL,"Tourism",Australia,VERIFIED,"HC Raghavendra P. (KSP-CON-2987)",true,false,,false,false,,"Clear verification report approved. No adverse records found in CCTNS Karnataka database. Passport grant recommended.",2026-07-20T14:30:00
PV-2026-HAV-0223,"Vijay Joshi",1985-10-14,Male,XXXX-XXXX-9288,9841773856,vijay.joshi26@example.com,"#40, Main Road, Haveri","#40, Main Road, Haveri",Belagavi,Haveri,Byadgi PS,Fresh,NORMAL,"Family Visit",Japan,VERIFIED,"PC Ningappa H. (KSP-CON-8032)",true,false,,false,false,,"Clear verification report approved. No adverse records found in CCTNS Karnataka database. Passport grant recommended.",2026-07-20T14:30:00
PV-2026-HAV-0224,"Sanjay Pillai",2001-12-17,Male,XXXX-XXXX-9325,9841781775,sanjay.pillai27@example.com,"#55, Main Road, Haveri","#55, Main Road, Haveri",Belagavi,Haveri,Haveri Town PS,Renewal,NORMAL,"Work Visa (USA)",United States of America,VERIFIED,"WHC Renuka B. (KSP-CON-3891)",true,false,,false,false,,"Clear verification report approved. No adverse records found in CCTNS Karnataka database. Passport grant recommended.",2026-07-20T14:30:00
PV-2026-HAV-0225,"Deepak Gowda",1975-02-20,Male,XXXX-XXXX-9362,9841789694,deepak.gowda28@example.com,"#70, Main Road, Haveri","#70, Main Road, Haveri",Belagavi,Haveri,Ranebennur PS,Fresh,NORMAL,"Higher Studies (UK/Europe)",Germany,VERIFIED,"WPC Geetha R. (KSP-CON-4902)",true,false,,false,false,,"Clear verification report approved. No adverse records found in CCTNS Karnataka database. Passport grant recommended.",2026-07-20T14:30:00
PV-2026-HAV-0226,"Venkatesh Rao",1991-04-23,Male,XXXX-XXXX-9399,9841797613,venkatesh.rao29@example.com,"#85, Main Road, Haveri","#85, Main Road, Haveri",Belagavi,Haveri,Byadgi PS,Tatkal,TATKAL,"Employment (Gulf)",United Arab Emirates,VERIFIED,"HC Manjunatha S. (KSP-CON-2044)",true,false,,false,false,,"Clear verification report approved. No adverse records found in CCTNS Karnataka database. Passport grant recommended.",2026-07-20T14:30:00
PV-2026-HAV-0227,"Suresh Shekhar",1965-06-26,Male,XXXX-XXXX-9436,9841805532,suresh.shekhar30@example.com,"#100, Main Road, Haveri","#100, Main Road, Haveri",Belagavi,Haveri,Haveri Town PS,Renewal,NORMAL,"Tourism",France,VERIFIED,"PC Praveen Gowda (KSP-CON-5120)",true,false,,false,false,,"Clear verification report approved. No adverse records found in CCTNS Karnataka database. Passport grant recommended.",2026-07-20T14:30:00
PV-2026-HAV-0228,"Vijay Joshi",1981-08-01,Male,XXXX-XXXX-9473,9841813451,vijay.joshi31@example.com,"#115, Main Road, Haveri","#115, Main Road, Haveri",Belagavi,Haveri,Ranebennur PS,Fresh,URGENT,"Tourism",Australia,VERIFIED,"PC Chethan V. (KSP-CON-6245)",true,false,,false,false,,"Clear verification report approved. No adverse records found in CCTNS Karnataka database. Passport grant recommended.",2026-07-20T14:30:00
PV-2026-HAV-0229,"Sanjay Pillai",1997-10-04,Male,XXXX-XXXX-9510,9841821370,sanjay.pillai32@example.com,"#130, Main Road, Haveri","#130, Main Road, Haveri",Belagavi,Haveri,Byadgi PS,Fresh,NORMAL,"Family Visit",Japan,VERIFIED,"PC Venkatesh G. (KSP-CON-5512)",true,false,,false,false,,"Clear verification report approved. No adverse records found in CCTNS Karnataka database. Passport grant recommended.",2026-07-20T14:30:00
PV-2026-HAV-0230,"Deepak Gowda",1971-12-07,Male,XXXX-XXXX-9547,9841829289,deepak.gowda33@example.com,"#145, Main Road, Haveri","#145, Main Road, Haveri",Belagavi,Haveri,Haveri Town PS,Renewal,NORMAL,"Work Visa (USA)",United States of America,VERIFIED,"HC Basavaraj M. (KSP-CON-1890)",true,false,,false,false,,"Clear verification report approved. No adverse records found in CCTNS Karnataka database. Passport grant recommended.",2026-07-20T14:30:00
PV-2026-HAV-0231,"Venkatesh Rao",1987-02-10,Male,XXXX-XXXX-9584,9841837208,venkatesh.rao34@example.com,"#160, Main Road, Haveri","#160, Main Road, Haveri",Belagavi,Haveri,Ranebennur PS,Tatkal,TATKAL,"Higher Studies (UK/Europe)",Germany,VERIFIED,"HC Ramaiah B. (KSP-CON-4421)",true,false,,false,false,,"Clear verification report approved. No adverse records found in CCTNS Karnataka database. Passport grant recommended.",2026-07-20T14:30:00
PV-2026-HAV-0232,"Suresh Shekhar",2003-04-13,Male,XXXX-XXXX-9621,9841845127,suresh.shekhar35@example.com,"#175, Main Road, Haveri","#175, Main Road, Haveri",Belagavi,Haveri,Byadgi PS,Fresh,NORMAL,"Employment (Gulf)",United Arab Emirates,VERIFIED,"PC Suresh K. (KSP-CON-3189)",true,false,,false,false,,"Clear verification report approved. No adverse records found in CCTNS Karnataka database. Passport grant recommended.",2026-07-20T14:30:00
PV-2026-HAV-0233,"Vijay Joshi",1977-06-16,Male,XXXX-XXXX-9658,9841853046,vijay.joshi36@example.com,"#190, Main Road, Haveri","#190, Main Road, Haveri",Belagavi,Haveri,Haveri Town PS,Renewal,NORMAL,"Tourism",France,PENDING,"PC Anand Kumar T. (KSP-CON-7104)",false,false,,false,false,,,
PV-2026-HAV-0234,"Sanjay Pillai",1993-08-19,Male,XXXX-XXXX-9695,9841860965,sanjay.pillai37@example.com,"#205, Main Road, Haveri","#205, Main Road, Haveri",Belagavi,Haveri,Ranebennur PS,Fresh,NORMAL,"Tourism",Australia,PENDING,"PC Shivakumar N. (KSP-CON-6721)",false,false,,false,false,,,
PV-2026-HAV-0235,"Deepak Gowda",1967-10-22,Male,XXXX-XXXX-9732,9841868884,deepak.gowda38@example.com,"#220, Main Road, Haveri","#220, Main Road, Haveri",Belagavi,Haveri,Byadgi PS,Fresh,NORMAL,"Family Visit",Japan,PENDING,"WHC Savitha D. (KSP-CON-3310)",false,false,,false,false,,,
PV-2026-HAV-0236,"Venkatesh Rao",1983-12-25,Male,XXXX-XXXX-9769,9841876803,venkatesh.rao39@example.com,"#235, Main Road, Haveri","#235, Main Road, Haveri",Belagavi,Haveri,Haveri Town PS,Renewal,NORMAL,"Work Visa (USA)",United States of America,FIELD_VISIT_DONE,"HC Mallikarjun K. (KSP-CON-1678)",true,false,,false,false,,,
PV-2026-HAV-0237,"Suresh Shekhar",1999-02-28,Male,XXXX-XXXX-9806,9841884722,suresh.shekhar40@example.com,"#250, Main Road, Haveri","#250, Main Road, Haveri",Belagavi,Haveri,Ranebennur PS,Fresh,NORMAL,"Higher Studies (UK/Europe)",Germany,FIELD_VISIT_DONE,"HC Raghavendra P. (KSP-CON-2987)",true,false,,false,false,,,
PV-2026-HAV-0238,"Vijay Joshi",1973-04-03,Male,XXXX-XXXX-9843,9841892641,vijay.joshi41@example.com,"#265, Main Road, Haveri","#265, Main Road, Haveri",Belagavi,Haveri,Byadgi PS,Tatkal,TATKAL,"Employment (Gulf)",United Arab Emirates,PENDING,"PC Ningappa H. (KSP-CON-8032)",false,false,,false,false,,,
PV-2026-HAV-0239,"Sanjay Pillai",1989-06-06,Male,XXXX-XXXX-9880,9841900560,sanjay.pillai42@example.com,"#280, Main Road, Haveri","#280, Main Road, Haveri",Belagavi,Haveri,Haveri Town PS,Renewal,URGENT,"Tourism",France,FLAGGED,"WHC Renuka B. (KSP-CON-3891)",true,true,FIR-2025-340/HAV,true,false,,"FLAGGED TO SPECIAL BRANCH / CID: Linked to FIR-2025-340/HAV. Case pending in jurisdictional court.",2026-06-15T11:20:00
PV-2026-HAV-0240,"Deepak Gowda",2005-08-09,Male,XXXX-XXXX-9917,9841908479,deepak.gowda43@example.com,"#295, Main Road, Haveri","#295, Main Road, Haveri",Belagavi,Haveri,Ranebennur PS,Fresh,NORMAL,"Tourism",Australia,REJECTED,"WPC Geetha R. (KSP-CON-4902)",true,false,,false,false,"Address proof submitted found forged or non-verifiable","Application rejected by Police Sub-Inspector. Reason: Address proof submitted found forged or non-verifiable",2026-05-10T16:00:00
PV-2026-UTT-0241,"Rahul Verma",2003-06-08,Male,XXXX-XXXX-9954,9841916398,rahul.verma44@example.com,"#10, Main Road, Uttara Kannada","#10, Main Road, Uttara Kannada",Belagavi,Uttara Kannada,Karwar Town PS,Tatkal,TATKAL,"Higher Studies (UK/Europe)",Germany,VERIFIED,"HC Ramaiah B. (KSP-CON-4421)",true,false,,false,false,,"Clear verification report approved. No adverse records found in CCTNS Karnataka database. Passport grant recommended.",2026-07-20T14:30:00
PV-2026-UTT-0242,"Girish Bhat",1977-08-11,Male,XXXX-XXXX-9991,9841924317,girish.bhat45@example.com,"#25, Main Road, Uttara Kannada","#25, Main Road, Uttara Kannada",Belagavi,Uttara Kannada,Bhatkal PS,Fresh,NORMAL,"Employment (Gulf)",United Arab Emirates,VERIFIED,"PC Suresh K. (KSP-CON-3189)",true,false,,false,false,,"Clear verification report approved. No adverse records found in CCTNS Karnataka database. Passport grant recommended.",2026-07-20T14:30:00
PV-2026-UTT-0243,"Sunil Das",1993-10-14,Male,XXXX-XXXX-1028,9841932236,sunil.das46@example.com,"#40, Main Road, Uttara Kannada","#40, Main Road, Uttara Kannada",Belagavi,Uttara Kannada,Sirsi Town PS,Fresh,NORMAL,"Tourism",France,VERIFIED,"PC Anand Kumar T. (KSP-CON-7104)",true,false,,false,false,,"Clear verification report approved. No adverse records found in CCTNS Karnataka database. Passport grant recommended.",2026-07-20T14:30:00
PV-2026-UTT-0244,"Raghavendra Nambiar",1967-12-17,Male,XXXX-XXXX-1065,9841940155,raghavendra.nambiar47@example.com,"#55, Main Road, Uttara Kannada","#55, Main Road, Uttara Kannada",Belagavi,Uttara Kannada,Kumta PS,Renewal,NORMAL,"Tourism",Australia,VERIFIED,"PC Shivakumar N. (KSP-CON-6721)",true,false,,false,false,,"Clear verification report approved. No adverse records found in CCTNS Karnataka database. Passport grant recommended.",2026-07-20T14:30:00
PV-2026-UTT-0245,"Sachin Varma",1983-02-20,Male,XXXX-XXXX-1102,9841948074,sachin.varma48@example.com,"#70, Main Road, Uttara Kannada","#70, Main Road, Uttara Kannada",Belagavi,Uttara Kannada,Karwar Town PS,Fresh,NORMAL,"Family Visit",Japan,VERIFIED,"WHC Savitha D. (KSP-CON-3310)",true,false,,false,false,,"Clear verification report approved. No adverse records found in CCTNS Karnataka database. Passport grant recommended.",2026-07-20T14:30:00
PV-2026-UTT-0246,"Rahul Verma",1999-04-23,Male,XXXX-XXXX-1139,9841955993,rahul.verma49@example.com,"#85, Main Road, Uttara Kannada","#85, Main Road, Uttara Kannada",Belagavi,Uttara Kannada,Bhatkal PS,Tatkal,TATKAL,"Work Visa (USA)",United States of America,VERIFIED,"HC Mallikarjun K. (KSP-CON-1678)",true,false,,false,false,,"Clear verification report approved. No adverse records found in CCTNS Karnataka database. Passport grant recommended.",2026-07-20T14:30:00
PV-2026-UTT-0247,"Girish Bhat",1973-06-26,Male,XXXX-XXXX-1176,9841963912,girish.bhat50@example.com,"#100, Main Road, Uttara Kannada","#100, Main Road, Uttara Kannada",Belagavi,Uttara Kannada,Sirsi Town PS,Renewal,NORMAL,"Higher Studies (UK/Europe)",Germany,VERIFIED,"HC Raghavendra P. (KSP-CON-2987)",true,false,,false,false,,"Clear verification report approved. No adverse records found in CCTNS Karnataka database. Passport grant recommended.",2026-07-20T14:30:00
PV-2026-UTT-0248,"Sunil Das",1989-08-01,Male,XXXX-XXXX-1213,9841971831,sunil.das51@example.com,"#115, Main Road, Uttara Kannada","#115, Main Road, Uttara Kannada",Belagavi,Uttara Kannada,Kumta PS,Fresh,URGENT,"Employment (Gulf)",United Arab Emirates,VERIFIED,"PC Ningappa H. (KSP-CON-8032)",true,false,,false,false,,"Clear verification report approved. No adverse records found in CCTNS Karnataka database. Passport grant recommended.",2026-07-20T14:30:00
PV-2026-UTT-0249,"Raghavendra Nambiar",2005-10-04,Male,XXXX-XXXX-1250,9841979750,raghavendra.nambiar52@example.com,"#130, Main Road, Uttara Kannada","#130, Main Road, Uttara Kannada",Belagavi,Uttara Kannada,Karwar Town PS,Fresh,NORMAL,"Tourism",France,VERIFIED,"WHC Renuka B. (KSP-CON-3891)",true,false,,false,false,,"Clear verification report approved. No adverse records found in CCTNS Karnataka database. Passport grant recommended.",2026-07-20T14:30:00
PV-2026-UTT-0250,"Sachin Varma",1979-12-07,Male,XXXX-XXXX-1287,9841987669,sachin.varma53@example.com,"#145, Main Road, Uttara Kannada","#145, Main Road, Uttara Kannada",Belagavi,Uttara Kannada,Bhatkal PS,Renewal,NORMAL,"Tourism",Australia,VERIFIED,"WPC Geetha R. (KSP-CON-4902)",true,false,,false,false,,"Clear verification report approved. No adverse records found in CCTNS Karnataka database. Passport grant recommended.",2026-07-20T14:30:00
PV-2026-UTT-0251,"Rahul Verma",1995-02-10,Male,XXXX-XXXX-1324,9841995588,rahul.verma54@example.com,"#160, Main Road, Uttara Kannada","#160, Main Road, Uttara Kannada",Belagavi,Uttara Kannada,Sirsi Town PS,Tatkal,TATKAL,"Family Visit",Japan,VERIFIED,"HC Manjunatha S. (KSP-CON-2044)",true,false,,false,false,,"Clear verification report approved. No adverse records found in CCTNS Karnataka database. Passport grant recommended.",2026-07-20T14:30:00
PV-2026-UTT-0252,"Girish Bhat",1969-04-13,Male,XXXX-XXXX-1361,9842003507,girish.bhat55@example.com,"#175, Main Road, Uttara Kannada","#175, Main Road, Uttara Kannada",Belagavi,Uttara Kannada,Kumta PS,Fresh,NORMAL,"Work Visa (USA)",United States of America,VERIFIED,"PC Praveen Gowda (KSP-CON-5120)",true,false,,false,false,,"Clear verification report approved. No adverse records found in CCTNS Karnataka database. Passport grant recommended.",2026-07-20T14:30:00
PV-2026-UTT-0253,"Sunil Das",1985-06-16,Male,XXXX-XXXX-1398,9842011426,sunil.das56@example.com,"#190, Main Road, Uttara Kannada","#190, Main Road, Uttara Kannada",Belagavi,Uttara Kannada,Karwar Town PS,Renewal,NORMAL,"Higher Studies (UK/Europe)",Germany,PENDING,"PC Chethan V. (KSP-CON-6245)",false,false,,false,false,,,
PV-2026-UTT-0254,"Raghavendra Nambiar",2001-08-19,Male,XXXX-XXXX-1435,9842019345,raghavendra.nambiar57@example.com,"#205, Main Road, Uttara Kannada","#205, Main Road, Uttara Kannada",Belagavi,Uttara Kannada,Bhatkal PS,Fresh,NORMAL,"Employment (Gulf)",United Arab Emirates,PENDING,"PC Venkatesh G. (KSP-CON-5512)",false,false,,false,false,,,
PV-2026-UTT-0255,"Sachin Varma",1975-10-22,Male,XXXX-XXXX-1472,9842027264,sachin.varma58@example.com,"#220, Main Road, Uttara Kannada","#220, Main Road, Uttara Kannada",Belagavi,Uttara Kannada,Sirsi Town PS,Fresh,NORMAL,"Tourism",France,PENDING,"HC Basavaraj M. (KSP-CON-1890)",false,false,,false,false,,,
PV-2026-UTT-0256,"Rahul Verma",1991-12-25,Male,XXXX-XXXX-1509,9842035183,rahul.verma59@example.com,"#235, Main Road, Uttara Kannada","#235, Main Road, Uttara Kannada",Belagavi,Uttara Kannada,Kumta PS,Renewal,NORMAL,"Tourism",Australia,FIELD_VISIT_DONE,"HC Ramaiah B. (KSP-CON-4421)",true,false,,false,false,,,
PV-2026-UTT-0257,"Girish Bhat",1965-02-28,Male,XXXX-XXXX-1546,9842043102,girish.bhat60@example.com,"#250, Main Road, Uttara Kannada","#250, Main Road, Uttara Kannada",Belagavi,Uttara Kannada,Karwar Town PS,Fresh,NORMAL,"Family Visit",Japan,FIELD_VISIT_DONE,"PC Suresh K. (KSP-CON-3189)",true,false,,false,false,,,
PV-2026-UTT-0258,"Sunil Das",1981-04-03,Male,XXXX-XXXX-1583,9842051021,sunil.das61@example.com,"#265, Main Road, Uttara Kannada","#265, Main Road, Uttara Kannada",Belagavi,Uttara Kannada,Bhatkal PS,Tatkal,TATKAL,"Work Visa (USA)",United States of America,PENDING,"PC Anand Kumar T. (KSP-CON-7104)",false,false,,false,false,,,
PV-2026-UTT-0259,"Raghavendra Nambiar",1997-06-06,Male,XXXX-XXXX-1620,9842058940,raghavendra.nambiar62@example.com,"#280, Main Road, Uttara Kannada","#280, Main Road, Uttara Kannada",Belagavi,Uttara Kannada,Sirsi Town PS,Renewal,URGENT,"Higher Studies (UK/Europe)",Germany,FLAGGED,"PC Shivakumar N. (KSP-CON-6721)",true,true,FIR-2025-360/UTT,true,false,,"FLAGGED TO SPECIAL BRANCH / CID: Linked to FIR-2025-360/UTT. Case pending in jurisdictional court.",2026-06-15T11:20:00
PV-2026-UTT-0260,"Sachin Varma",1971-08-09,Male,XXXX-XXXX-1657,9842066859,sachin.varma63@example.com,"#295, Main Road, Uttara Kannada","#295, Main Road, Uttara Kannada",Belagavi,Uttara Kannada,Kumta PS,Fresh,NORMAL,"Employment (Gulf)",United Arab Emirates,REJECTED,"WHC Savitha D. (KSP-CON-3310)",true,false,,false,false,"Applicant failed to produce original documents during physical verification","Application rejected by Police Sub-Inspector. Reason: Applicant failed to produce original documents during physical verification",2026-05-10T16:00:00
PV-2026-VIJ-0261,"Venkatesh Shetty",1969-06-08,Male,XXXX-XXXX-1694,9842074778,venkatesh.shetty64@example.com,"#10, Main Road, Vijayapura","#10, Main Road, Vijayapura",Belagavi,Vijayapura,Gandhi Chowk PS,Tatkal,TATKAL,"Family Visit",Japan,VERIFIED,"HC Manjunatha S. (KSP-CON-2044)",true,false,,false,false,,"Clear verification report approved. No adverse records found in CCTNS Karnataka database. Passport grant recommended.",2026-07-20T14:30:00
PV-2026-VIJ-0262,"Suresh Kumar",1985-08-11,Male,XXXX-XXXX-1731,9842082697,suresh.kumar65@example.com,"#25, Main Road, Vijayapura","#25, Main Road, Vijayapura",Belagavi,Vijayapura,Gol Gumbaz PS,Fresh,NORMAL,"Work Visa (USA)",United States of America,VERIFIED,"PC Praveen Gowda (KSP-CON-5120)",true,false,,false,false,,"Clear verification report approved. No adverse records found in CCTNS Karnataka database. Passport grant recommended.",2026-07-20T14:30:00
PV-2026-VIJ-0263,"Vijay Iyengar",2001-10-14,Male,XXXX-XXXX-1768,9842090616,vijay.iyengar66@example.com,"#40, Main Road, Vijayapura","#40, Main Road, Vijayapura",Belagavi,Vijayapura,Indi PS,Fresh,NORMAL,"Higher Studies (UK/Europe)",Germany,VERIFIED,"PC Chethan V. (KSP-CON-6245)",true,false,,false,false,,"Clear verification report approved. No adverse records found in CCTNS Karnataka database. Passport grant recommended.",2026-07-20T14:30:00
PV-2026-VIJ-0264,"Sanjay Nayak",1975-12-17,Male,XXXX-XXXX-1805,9842098535,sanjay.nayak67@example.com,"#55, Main Road, Vijayapura","#55, Main Road, Vijayapura",Belagavi,Vijayapura,Muddebihal PS,Renewal,NORMAL,"Employment (Gulf)",United Arab Emirates,VERIFIED,"PC Venkatesh G. (KSP-CON-5512)",true,false,,false,false,,"Clear verification report approved. No adverse records found in CCTNS Karnataka database. Passport grant recommended.",2026-07-20T14:30:00
PV-2026-VIJ-0265,"Deepak Choudhury",1991-02-20,Male,XXXX-XXXX-1842,9842106454,deepak.choudhury68@example.com,"#70, Main Road, Vijayapura","#70, Main Road, Vijayapura",Belagavi,Vijayapura,Gandhi Chowk PS,Fresh,NORMAL,"Tourism",France,VERIFIED,"HC Basavaraj M. (KSP-CON-1890)",true,false,,false,false,,"Clear verification report approved. No adverse records found in CCTNS Karnataka database. Passport grant recommended.",2026-07-20T14:30:00
PV-2026-VIJ-0266,"Venkatesh Shetty",1965-04-23,Male,XXXX-XXXX-1879,9842114373,venkatesh.shetty69@example.com,"#85, Main Road, Vijayapura","#85, Main Road, Vijayapura",Belagavi,Vijayapura,Gol Gumbaz PS,Tatkal,TATKAL,"Tourism",Australia,VERIFIED,"HC Ramaiah B. (KSP-CON-4421)",true,false,,false,false,,"Clear verification report approved. No adverse records found in CCTNS Karnataka database. Passport grant recommended.",2026-07-20T14:30:00
PV-2026-VIJ-0267,"Suresh Kumar",1981-06-26,Male,XXXX-XXXX-1916,9842122292,suresh.kumar70@example.com,"#100, Main Road, Vijayapura","#100, Main Road, Vijayapura",Belagavi,Vijayapura,Indi PS,Renewal,NORMAL,"Family Visit",Japan,VERIFIED,"PC Suresh K. (KSP-CON-3189)",true,false,,false,false,,"Clear verification report approved. No adverse records found in CCTNS Karnataka database. Passport grant recommended.",2026-07-20T14:30:00
PV-2026-VIJ-0268,"Vijay Iyengar",1997-08-01,Male,XXXX-XXXX-1953,9842130211,vijay.iyengar71@example.com,"#115, Main Road, Vijayapura","#115, Main Road, Vijayapura",Belagavi,Vijayapura,Muddebihal PS,Fresh,URGENT,"Work Visa (USA)",United States of America,VERIFIED,"PC Anand Kumar T. (KSP-CON-7104)",true,false,,false,false,,"Clear verification report approved. No adverse records found in CCTNS Karnataka database. Passport grant recommended.",2026-07-20T14:30:00
PV-2026-VIJ-0269,"Sanjay Nayak",1971-10-04,Male,XXXX-XXXX-1990,9842138130,sanjay.nayak72@example.com,"#130, Main Road, Vijayapura","#130, Main Road, Vijayapura",Belagavi,Vijayapura,Gandhi Chowk PS,Fresh,NORMAL,"Higher Studies (UK/Europe)",Germany,VERIFIED,"PC Shivakumar N. (KSP-CON-6721)",true,false,,false,false,,"Clear verification report approved. No adverse records found in CCTNS Karnataka database. Passport grant recommended.",2026-07-20T14:30:00
PV-2026-VIJ-0270,"Deepak Choudhury",1987-12-07,Male,XXXX-XXXX-2027,9842146049,deepak.choudhury73@example.com,"#145, Main Road, Vijayapura","#145, Main Road, Vijayapura",Belagavi,Vijayapura,Gol Gumbaz PS,Renewal,NORMAL,"Employment (Gulf)",United Arab Emirates,VERIFIED,"WHC Savitha D. (KSP-CON-3310)",true,false,,false,false,,"Clear verification report approved. No adverse records found in CCTNS Karnataka database. Passport grant recommended.",2026-07-20T14:30:00
PV-2026-VIJ-0271,"Venkatesh Shetty",2003-02-10,Male,XXXX-XXXX-2064,9842153968,venkatesh.shetty74@example.com,"#160, Main Road, Vijayapura","#160, Main Road, Vijayapura",Belagavi,Vijayapura,Indi PS,Tatkal,TATKAL,"Tourism",France,VERIFIED,"HC Mallikarjun K. (KSP-CON-1678)",true,false,,false,false,,"Clear verification report approved. No adverse records found in CCTNS Karnataka database. Passport grant recommended.",2026-07-20T14:30:00
PV-2026-VIJ-0272,"Suresh Kumar",1977-04-13,Male,XXXX-XXXX-2101,9842161887,suresh.kumar75@example.com,"#175, Main Road, Vijayapura","#175, Main Road, Vijayapura",Belagavi,Vijayapura,Muddebihal PS,Fresh,NORMAL,"Tourism",Australia,VERIFIED,"HC Raghavendra P. (KSP-CON-2987)",true,false,,false,false,,"Clear verification report approved. No adverse records found in CCTNS Karnataka database. Passport grant recommended.",2026-07-20T14:30:00
PV-2026-VIJ-0273,"Vijay Iyengar",1993-06-16,Male,XXXX-XXXX-2138,9842169806,vijay.iyengar76@example.com,"#190, Main Road, Vijayapura","#190, Main Road, Vijayapura",Belagavi,Vijayapura,Gandhi Chowk PS,Renewal,NORMAL,"Family Visit",Japan,PENDING,"PC Ningappa H. (KSP-CON-8032)",false,false,,false,false,,,
PV-2026-VIJ-0274,"Sanjay Nayak",1967-08-19,Male,XXXX-XXXX-2175,9842177725,sanjay.nayak77@example.com,"#205, Main Road, Vijayapura","#205, Main Road, Vijayapura",Belagavi,Vijayapura,Gol Gumbaz PS,Fresh,NORMAL,"Work Visa (USA)",United States of America,PENDING,"WHC Renuka B. (KSP-CON-3891)",false,false,,false,false,,,
PV-2026-VIJ-0275,"Deepak Choudhury",1983-10-22,Male,XXXX-XXXX-2212,9842185644,deepak.choudhury78@example.com,"#220, Main Road, Vijayapura","#220, Main Road, Vijayapura",Belagavi,Vijayapura,Indi PS,Fresh,NORMAL,"Higher Studies (UK/Europe)",Germany,PENDING,"WPC Geetha R. (KSP-CON-4902)",false,false,,false,false,,,
PV-2026-VIJ-0276,"Venkatesh Shetty",1999-12-25,Male,XXXX-XXXX-2249,9842193563,venkatesh.shetty79@example.com,"#235, Main Road, Vijayapura","#235, Main Road, Vijayapura",Belagavi,Vijayapura,Muddebihal PS,Renewal,NORMAL,"Employment (Gulf)",United Arab Emirates,FIELD_VISIT_DONE,"HC Manjunatha S. (KSP-CON-2044)",true,false,,false,false,,,
PV-2026-VIJ-0277,"Suresh Kumar",1973-02-28,Male,XXXX-XXXX-2286,9842201482,suresh.kumar80@example.com,"#250, Main Road, Vijayapura","#250, Main Road, Vijayapura",Belagavi,Vijayapura,Gandhi Chowk PS,Fresh,NORMAL,"Tourism",France,FIELD_VISIT_DONE,"PC Praveen Gowda (KSP-CON-5120)",true,false,,false,false,,,
PV-2026-VIJ-0278,"Vijay Iyengar",1989-04-03,Male,XXXX-XXXX-2323,9842209401,vijay.iyengar81@example.com,"#265, Main Road, Vijayapura","#265, Main Road, Vijayapura",Belagavi,Vijayapura,Gol Gumbaz PS,Tatkal,TATKAL,"Tourism",Australia,PENDING,"PC Chethan V. (KSP-CON-6245)",false,false,,false,false,,,
PV-2026-VIJ-0279,"Sanjay Nayak",2005-06-06,Male,XXXX-XXXX-2360,9842217320,sanjay.nayak82@example.com,"#280, Main Road, Vijayapura","#280, Main Road, Vijayapura",Belagavi,Vijayapura,Indi PS,Renewal,URGENT,"Family Visit",Japan,FLAGGED,"PC Venkatesh G. (KSP-CON-5512)",true,true,FIR-2025-380/VIJ,true,false,,"FLAGGED TO SPECIAL BRANCH / CID: Linked to FIR-2025-380/VIJ. Case pending in jurisdictional court.",2026-06-15T11:20:00
PV-2026-VIJ-0280,"Deepak Choudhury",1979-08-09,Male,XXXX-XXXX-2397,9842225239,deepak.choudhury83@example.com,"#295, Main Road, Vijayapura","#295, Main Road, Vijayapura",Belagavi,Vijayapura,Muddebihal PS,Fresh,NORMAL,"Work Visa (USA)",United States of America,REJECTED,"HC Basavaraj M. (KSP-CON-1890)",true,false,,false,false,"Adverse report: Ongoing criminal investigation and FIR pending","Application rejected by Police Sub-Inspector. Reason: Adverse report: Ongoing criminal investigation and FIR pending",2026-05-10T16:00:00
PV-2026-BEN-0281,"Rahul Rao",1977-06-08,Male,XXXX-XXXX-2434,9842233158,rahul.rao84@example.com,"#10, Main Road, Bengaluru Urban","#10, Main Road, Bengaluru Urban",Bengaluru,Bengaluru Urban,Koramangala PS,Tatkal,TATKAL,"Tourism",France,VERIFIED,"HC Mallikarjun K. (KSP-CON-1678)",true,false,,false,false,,"Clear verification report approved. No adverse records found in CCTNS Karnataka database. Passport grant recommended.",2026-07-20T14:30:00
PV-2026-BEN-0282,"Girish Shekhar",1993-08-11,Male,XXXX-XXXX-2471,9842241077,girish.shekhar85@example.com,"#25, Main Road, Bengaluru Urban","#25, Main Road, Bengaluru Urban",Bengaluru,Bengaluru Urban,Indiranagar PS,Fresh,NORMAL,"Tourism",Australia,VERIFIED,"HC Raghavendra P. (KSP-CON-2987)",true,false,,false,false,,"Clear verification report approved. No adverse records found in CCTNS Karnataka database. Passport grant recommended.",2026-07-20T14:30:00
PV-2026-BEN-0283,"Sunil Joshi",1967-10-14,Male,XXXX-XXXX-2508,9842248996,sunil.joshi86@example.com,"#40, Main Road, Bengaluru Urban","#40, Main Road, Bengaluru Urban",Bengaluru,Bengaluru Urban,Jayanagar PS,Fresh,NORMAL,"Family Visit",Japan,VERIFIED,"PC Ningappa H. (KSP-CON-8032)",true,false,,false,false,,"Clear verification report approved. No adverse records found in CCTNS Karnataka database. Passport grant recommended.",2026-07-20T14:30:00
PV-2026-BEN-0284,"Raghavendra Pillai",1983-12-17,Male,XXXX-XXXX-2545,9842256915,raghavendra.pillai87@example.com,"#55, Main Road, Bengaluru Urban","#55, Main Road, Bengaluru Urban",Bengaluru,Bengaluru Urban,Hebbal PS,Renewal,NORMAL,"Work Visa (USA)",United States of America,VERIFIED,"WHC Renuka B. (KSP-CON-3891)",true,false,,false,false,,"Clear verification report approved. No adverse records found in CCTNS Karnataka database. Passport grant recommended.",2026-07-20T14:30:00
PV-2026-BEN-0285,"Sachin Gowda",1999-02-20,Male,XXXX-XXXX-2582,9842264834,sachin.gowda88@example.com,"#70, Main Road, Bengaluru Urban","#70, Main Road, Bengaluru Urban",Bengaluru,Bengaluru Urban,Rajajinagar PS,Fresh,NORMAL,"Higher Studies (UK/Europe)",Germany,VERIFIED,"WPC Geetha R. (KSP-CON-4902)",true,false,,false,false,,"Clear verification report approved. No adverse records found in CCTNS Karnataka database. Passport grant recommended.",2026-07-20T14:30:00
PV-2026-BEN-0286,"Rahul Rao",1973-04-23,Male,XXXX-XXXX-2619,9842272753,rahul.rao89@example.com,"#85, Main Road, Bengaluru Urban","#85, Main Road, Bengaluru Urban",Bengaluru,Bengaluru Urban,Whitefield PS,Tatkal,TATKAL,"Employment (Gulf)",United Arab Emirates,VERIFIED,"HC Manjunatha S. (KSP-CON-2044)",true,false,,false,false,,"Clear verification report approved. No adverse records found in CCTNS Karnataka database. Passport grant recommended.",2026-07-20T14:30:00
PV-2026-BEN-0287,"Girish Shekhar",1989-06-26,Male,XXXX-XXXX-2656,9842280672,girish.shekhar90@example.com,"#100, Main Road, Bengaluru Urban","#100, Main Road, Bengaluru Urban",Bengaluru,Bengaluru Urban,Electronic City PS,Renewal,NORMAL,"Tourism",France,VERIFIED,"PC Praveen Gowda (KSP-CON-5120)",true,false,,false,false,,"Clear verification report approved. No adverse records found in CCTNS Karnataka database. Passport grant recommended.",2026-07-20T14:30:00
PV-2026-BEN-0288,"Sunil Joshi",2005-08-01,Male,XXXX-XXXX-2693,9842288591,sunil.joshi91@example.com,"#115, Main Road, Bengaluru Urban","#115, Main Road, Bengaluru Urban",Bengaluru,Bengaluru Urban,Malleswaram PS,Fresh,URGENT,"Tourism",Australia,VERIFIED,"PC Chethan V. (KSP-CON-6245)",true,false,,false,false,,"Clear verification report approved. No adverse records found in CCTNS Karnataka database. Passport grant recommended.",2026-07-20T14:30:00
PV-2026-BEN-0289,"Raghavendra Pillai",1979-10-04,Male,XXXX-XXXX-2730,9842296510,raghavendra.pillai92@example.com,"#130, Main Road, Bengaluru Urban","#130, Main Road, Bengaluru Urban",Bengaluru,Bengaluru Urban,Koramangala PS,Fresh,NORMAL,"Family Visit",Japan,VERIFIED,"PC Venkatesh G. (KSP-CON-5512)",true,false,,false,false,,"Clear verification report approved. No adverse records found in CCTNS Karnataka database. Passport grant recommended.",2026-07-20T14:30:00
PV-2026-BEN-0290,"Sachin Gowda",1995-12-07,Male,XXXX-XXXX-2767,9842304429,sachin.gowda93@example.com,"#145, Main Road, Bengaluru Urban","#145, Main Road, Bengaluru Urban",Bengaluru,Bengaluru Urban,Indiranagar PS,Renewal,NORMAL,"Work Visa (USA)",United States of America,VERIFIED,"HC Basavaraj M. (KSP-CON-1890)",true,false,,false,false,,"Clear verification report approved. No adverse records found in CCTNS Karnataka database. Passport grant recommended.",2026-07-20T14:30:00
PV-2026-BEN-0291,"Rahul Rao",1969-02-10,Male,XXXX-XXXX-2804,9842312348,rahul.rao94@example.com,"#160, Main Road, Bengaluru Urban","#160, Main Road, Bengaluru Urban",Bengaluru,Bengaluru Urban,Jayanagar PS,Tatkal,TATKAL,"Higher Studies (UK/Europe)",Germany,VERIFIED,"HC Ramaiah B. (KSP-CON-4421)",true,false,,false,false,,"Clear verification report approved. No adverse records found in CCTNS Karnataka database. Passport grant recommended.",2026-07-20T14:30:00
PV-2026-BEN-0292,"Girish Shekhar",1985-04-13,Male,XXXX-XXXX-2841,9842320267,girish.shekhar95@example.com,"#175, Main Road, Bengaluru Urban","#175, Main Road, Bengaluru Urban",Bengaluru,Bengaluru Urban,Hebbal PS,Fresh,NORMAL,"Employment (Gulf)",United Arab Emirates,VERIFIED,"PC Suresh K. (KSP-CON-3189)",true,false,,false,false,,"Clear verification report approved. No adverse records found in CCTNS Karnataka database. Passport grant recommended.",2026-07-20T14:30:00
PV-2026-BEN-0293,"Sunil Joshi",2001-06-16,Male,XXXX-XXXX-2878,9842328186,sunil.joshi96@example.com,"#190, Main Road, Bengaluru Urban","#190, Main Road, Bengaluru Urban",Bengaluru,Bengaluru Urban,Rajajinagar PS,Renewal,NORMAL,"Tourism",France,PENDING,"PC Anand Kumar T. (KSP-CON-7104)",false,false,,false,false,,,
PV-2026-BEN-0294,"Raghavendra Pillai",1975-08-19,Male,XXXX-XXXX-2915,9842336105,raghavendra.pillai97@example.com,"#205, Main Road, Bengaluru Urban","#205, Main Road, Bengaluru Urban",Bengaluru,Bengaluru Urban,Whitefield PS,Fresh,NORMAL,"Tourism",Australia,PENDING,"PC Shivakumar N. (KSP-CON-6721)",false,false,,false,false,,,
PV-2026-BEN-0295,"Sachin Gowda",1991-10-22,Male,XXXX-XXXX-2952,9842344024,sachin.gowda98@example.com,"#220, Main Road, Bengaluru Urban","#220, Main Road, Bengaluru Urban",Bengaluru,Bengaluru Urban,Electronic City PS,Fresh,NORMAL,"Family Visit",Japan,PENDING,"WHC Savitha D. (KSP-CON-3310)",false,false,,false,false,,,
PV-2026-BEN-0296,"Rahul Rao",1965-12-25,Male,XXXX-XXXX-2989,9842351943,rahul.rao0@example.com,"#235, Main Road, Bengaluru Urban","#235, Main Road, Bengaluru Urban",Bengaluru,Bengaluru Urban,Malleswaram PS,Renewal,NORMAL,"Work Visa (USA)",United States of America,FIELD_VISIT_DONE,"HC Mallikarjun K. (KSP-CON-1678)",true,false,,false,false,,,
PV-2026-BEN-0297,"Girish Shekhar",1981-02-28,Male,XXXX-XXXX-3026,9842359862,girish.shekhar1@example.com,"#250, Main Road, Bengaluru Urban","#250, Main Road, Bengaluru Urban",Bengaluru,Bengaluru Urban,Koramangala PS,Fresh,NORMAL,"Higher Studies (UK/Europe)",Germany,FIELD_VISIT_DONE,"HC Raghavendra P. (KSP-CON-2987)",true,false,,false,false,,,
PV-2026-BEN-0298,"Sunil Joshi",1997-04-03,Male,XXXX-XXXX-3063,9842367781,sunil.joshi2@example.com,"#265, Main Road, Bengaluru Urban","#265, Main Road, Bengaluru Urban",Bengaluru,Bengaluru Urban,Indiranagar PS,Tatkal,TATKAL,"Employment (Gulf)",United Arab Emirates,PENDING,"PC Ningappa H. (KSP-CON-8032)",false,false,,false,false,,,
PV-2026-BEN-0299,"Raghavendra Pillai",1971-06-06,Male,XXXX-XXXX-3100,9842375700,raghavendra.pillai3@example.com,"#280, Main Road, Bengaluru Urban","#280, Main Road, Bengaluru Urban",Bengaluru,Bengaluru Urban,Jayanagar PS,Renewal,URGENT,"Tourism",France,FLAGGED,"WHC Renuka B. (KSP-CON-3891)",true,true,FIR-2025-400/BEN,true,false,,"FLAGGED TO SPECIAL BRANCH / CID: Linked to FIR-2025-400/BEN. Case pending in jurisdictional court.",2026-06-15T11:20:00
PV-2026-BEN-0300,"Sachin Gowda",1987-08-09,Male,XXXX-XXXX-3137,9842383619,sachin.gowda4@example.com,"#295, Main Road, Bengaluru Urban","#295, Main Road, Bengaluru Urban",Bengaluru,Bengaluru Urban,Hebbal PS,Fresh,NORMAL,"Tourism",Australia,REJECTED,"WPC Geetha R. (KSP-CON-4902)",true,false,,false,false,"Address proof submitted found forged or non-verifiable","Application rejected by Police Sub-Inspector. Reason: Address proof submitted found forged or non-verifiable",2026-05-10T16:00:00
PV-2026-BEN-0301,"Venkatesh Verma",1985-06-08,Male,XXXX-XXXX-3174,9842391538,venkatesh.verma5@example.com,"#10, Main Road, Bengaluru Rural","#10, Main Road, Bengaluru Rural",Bengaluru,Bengaluru Rural,Doddaballapura PS,Tatkal,TATKAL,"Higher Studies (UK/Europe)",Germany,VERIFIED,"HC Ramaiah B. (KSP-CON-4421)",true,false,,false,false,,"Clear verification report approved. No adverse records found in CCTNS Karnataka database. Passport grant recommended.",2026-07-20T14:30:00
PV-2026-BEN-0302,"Suresh Bhat",2001-08-11,Male,XXXX-XXXX-3211,9842399457,suresh.bhat6@example.com,"#25, Main Road, Bengaluru Rural","#25, Main Road, Bengaluru Rural",Bengaluru,Bengaluru Rural,Hoskote PS,Fresh,NORMAL,"Employment (Gulf)",United Arab Emirates,VERIFIED,"PC Suresh K. (KSP-CON-3189)",true,false,,false,false,,"Clear verification report approved. No adverse records found in CCTNS Karnataka database. Passport grant recommended.",2026-07-20T14:30:00
PV-2026-BEN-0303,"Vijay Das",1975-10-14,Male,XXXX-XXXX-3248,9842407376,vijay.das7@example.com,"#40, Main Road, Bengaluru Rural","#40, Main Road, Bengaluru Rural",Bengaluru,Bengaluru Rural,Nelamangala PS,Fresh,NORMAL,"Tourism",France,VERIFIED,"PC Anand Kumar T. (KSP-CON-7104)",true,false,,false,false,,"Clear verification report approved. No adverse records found in CCTNS Karnataka database. Passport grant recommended.",2026-07-20T14:30:00
PV-2026-BEN-0304,"Sanjay Nambiar",1991-12-17,Male,XXXX-XXXX-3285,9842415295,sanjay.nambiar8@example.com,"#55, Main Road, Bengaluru Rural","#55, Main Road, Bengaluru Rural",Bengaluru,Bengaluru Rural,Devanahalli PS,Renewal,NORMAL,"Tourism",Australia,VERIFIED,"PC Shivakumar N. (KSP-CON-6721)",true,false,,false,false,,"Clear verification report approved. No adverse records found in CCTNS Karnataka database. Passport grant recommended.",2026-07-20T14:30:00
PV-2026-BEN-0305,"Deepak Varma",1965-02-20,Male,XXXX-XXXX-3322,9842423214,deepak.varma9@example.com,"#70, Main Road, Bengaluru Rural","#70, Main Road, Bengaluru Rural",Bengaluru,Bengaluru Rural,Doddaballapura PS,Fresh,NORMAL,"Family Visit",Japan,VERIFIED,"WHC Savitha D. (KSP-CON-3310)",true,false,,false,false,,"Clear verification report approved. No adverse records found in CCTNS Karnataka database. Passport grant recommended.",2026-07-20T14:30:00
PV-2026-BEN-0306,"Venkatesh Verma",1981-04-23,Male,XXXX-XXXX-3359,9842431133,venkatesh.verma10@example.com,"#85, Main Road, Bengaluru Rural","#85, Main Road, Bengaluru Rural",Bengaluru,Bengaluru Rural,Hoskote PS,Tatkal,TATKAL,"Work Visa (USA)",United States of America,VERIFIED,"HC Mallikarjun K. (KSP-CON-1678)",true,false,,false,false,,"Clear verification report approved. No adverse records found in CCTNS Karnataka database. Passport grant recommended.",2026-07-20T14:30:00
PV-2026-BEN-0307,"Suresh Bhat",1997-06-26,Male,XXXX-XXXX-3396,9842439052,suresh.bhat11@example.com,"#100, Main Road, Bengaluru Rural","#100, Main Road, Bengaluru Rural",Bengaluru,Bengaluru Rural,Nelamangala PS,Renewal,NORMAL,"Higher Studies (UK/Europe)",Germany,VERIFIED,"HC Raghavendra P. (KSP-CON-2987)",true,false,,false,false,,"Clear verification report approved. No adverse records found in CCTNS Karnataka database. Passport grant recommended.",2026-07-20T14:30:00
PV-2026-BEN-0308,"Vijay Das",1971-08-01,Male,XXXX-XXXX-3433,9842446971,vijay.das12@example.com,"#115, Main Road, Bengaluru Rural","#115, Main Road, Bengaluru Rural",Bengaluru,Bengaluru Rural,Devanahalli PS,Fresh,URGENT,"Employment (Gulf)",United Arab Emirates,VERIFIED,"PC Ningappa H. (KSP-CON-8032)",true,false,,false,false,,"Clear verification report approved. No adverse records found in CCTNS Karnataka database. Passport grant recommended.",2026-07-20T14:30:00
PV-2026-BEN-0309,"Sanjay Nambiar",1987-10-04,Male,XXXX-XXXX-3470,9842454890,sanjay.nambiar13@example.com,"#130, Main Road, Bengaluru Rural","#130, Main Road, Bengaluru Rural",Bengaluru,Bengaluru Rural,Doddaballapura PS,Fresh,NORMAL,"Tourism",France,VERIFIED,"WHC Renuka B. (KSP-CON-3891)",true,false,,false,false,,"Clear verification report approved. No adverse records found in CCTNS Karnataka database. Passport grant recommended.",2026-07-20T14:30:00
PV-2026-BEN-0310,"Deepak Varma",2003-12-07,Male,XXXX-XXXX-3507,9842462809,deepak.varma14@example.com,"#145, Main Road, Bengaluru Rural","#145, Main Road, Bengaluru Rural",Bengaluru,Bengaluru Rural,Hoskote PS,Renewal,NORMAL,"Tourism",Australia,VERIFIED,"WPC Geetha R. (KSP-CON-4902)",true,false,,false,false,,"Clear verification report approved. No adverse records found in CCTNS Karnataka database. Passport grant recommended.",2026-07-20T14:30:00
PV-2026-BEN-0311,"Venkatesh Verma",1977-02-10,Male,XXXX-XXXX-3544,9842470728,venkatesh.verma15@example.com,"#160, Main Road, Bengaluru Rural","#160, Main Road, Bengaluru Rural",Bengaluru,Bengaluru Rural,Nelamangala PS,Tatkal,TATKAL,"Family Visit",Japan,VERIFIED,"HC Manjunatha S. (KSP-CON-2044)",true,false,,false,false,,"Clear verification report approved. No adverse records found in CCTNS Karnataka database. Passport grant recommended.",2026-07-20T14:30:00
PV-2026-BEN-0312,"Suresh Bhat",1993-04-13,Male,XXXX-XXXX-3581,9842478647,suresh.bhat16@example.com,"#175, Main Road, Bengaluru Rural","#175, Main Road, Bengaluru Rural",Bengaluru,Bengaluru Rural,Devanahalli PS,Fresh,NORMAL,"Work Visa (USA)",United States of America,VERIFIED,"PC Praveen Gowda (KSP-CON-5120)",true,false,,false,false,,"Clear verification report approved. No adverse records found in CCTNS Karnataka database. Passport grant recommended.",2026-07-20T14:30:00
PV-2026-BEN-0313,"Vijay Das",1967-06-16,Male,XXXX-XXXX-3618,9842486566,vijay.das17@example.com,"#190, Main Road, Bengaluru Rural","#190, Main Road, Bengaluru Rural",Bengaluru,Bengaluru Rural,Doddaballapura PS,Renewal,NORMAL,"Higher Studies (UK/Europe)",Germany,PENDING,"PC Chethan V. (KSP-CON-6245)",false,false,,false,false,,,
PV-2026-BEN-0314,"Sanjay Nambiar",1983-08-19,Male,XXXX-XXXX-3655,9842494485,sanjay.nambiar18@example.com,"#205, Main Road, Bengaluru Rural","#205, Main Road, Bengaluru Rural",Bengaluru,Bengaluru Rural,Hoskote PS,Fresh,NORMAL,"Employment (Gulf)",United Arab Emirates,PENDING,"PC Venkatesh G. (KSP-CON-5512)",false,false,,false,false,,,
PV-2026-BEN-0315,"Deepak Varma",1999-10-22,Male,XXXX-XXXX-3692,9842502404,deepak.varma19@example.com,"#220, Main Road, Bengaluru Rural","#220, Main Road, Bengaluru Rural",Bengaluru,Bengaluru Rural,Nelamangala PS,Fresh,NORMAL,"Tourism",France,PENDING,"HC Basavaraj M. (KSP-CON-1890)",false,false,,false,false,,,
PV-2026-BEN-0316,"Venkatesh Verma",1973-12-25,Male,XXXX-XXXX-3729,9842510323,venkatesh.verma20@example.com,"#235, Main Road, Bengaluru Rural","#235, Main Road, Bengaluru Rural",Bengaluru,Bengaluru Rural,Devanahalli PS,Renewal,NORMAL,"Tourism",Australia,FIELD_VISIT_DONE,"HC Ramaiah B. (KSP-CON-4421)",true,false,,false,false,,,
PV-2026-BEN-0317,"Suresh Bhat",1989-02-28,Male,XXXX-XXXX-3766,9842518242,suresh.bhat21@example.com,"#250, Main Road, Bengaluru Rural","#250, Main Road, Bengaluru Rural",Bengaluru,Bengaluru Rural,Doddaballapura PS,Fresh,NORMAL,"Family Visit",Japan,FIELD_VISIT_DONE,"PC Suresh K. (KSP-CON-3189)",true,false,,false,false,,,
PV-2026-BEN-0318,"Vijay Das",2005-04-03,Male,XXXX-XXXX-3803,9842526161,vijay.das22@example.com,"#265, Main Road, Bengaluru Rural","#265, Main Road, Bengaluru Rural",Bengaluru,Bengaluru Rural,Hoskote PS,Tatkal,TATKAL,"Work Visa (USA)",United States of America,PENDING,"PC Anand Kumar T. (KSP-CON-7104)",false,false,,false,false,,,
PV-2026-BEN-0319,"Sanjay Nambiar",1979-06-06,Male,XXXX-XXXX-3840,9842534080,sanjay.nambiar23@example.com,"#280, Main Road, Bengaluru Rural","#280, Main Road, Bengaluru Rural",Bengaluru,Bengaluru Rural,Nelamangala PS,Renewal,URGENT,"Higher Studies (UK/Europe)",Germany,FLAGGED,"PC Shivakumar N. (KSP-CON-6721)",true,true,FIR-2025-420/BEN,true,false,,"FLAGGED TO SPECIAL BRANCH / CID: Linked to FIR-2025-420/BEN. Case pending in jurisdictional court.",2026-06-15T11:20:00
PV-2026-BEN-0320,"Deepak Varma",1995-08-09,Male,XXXX-XXXX-3877,9842541999,deepak.varma24@example.com,"#295, Main Road, Bengaluru Rural","#295, Main Road, Bengaluru Rural",Bengaluru,Bengaluru Rural,Devanahalli PS,Fresh,NORMAL,"Employment (Gulf)",United Arab Emirates,REJECTED,"WHC Savitha D. (KSP-CON-3310)",true,false,,false,false,"Applicant failed to produce original documents during physical verification","Application rejected by Police Sub-Inspector. Reason: Applicant failed to produce original documents during physical verification",2026-05-10T16:00:00
PV-2026-CHI-0321,"Rahul Shetty",1993-06-08,Male,XXXX-XXXX-3914,9842549918,rahul.shetty25@example.com,"#10, Main Road, Chikkaballapura","#10, Main Road, Chikkaballapura",Bengaluru,Chikkaballapura,Chikkaballapur Town PS,Tatkal,TATKAL,"Family Visit",Japan,VERIFIED,"HC Manjunatha S. (KSP-CON-2044)",true,false,,false,false,,"Clear verification report approved. No adverse records found in CCTNS Karnataka database. Passport grant recommended.",2026-07-20T14:30:00
PV-2026-CHI-0322,"Girish Kumar",1967-08-11,Male,XXXX-XXXX-3951,9842557837,girish.kumar26@example.com,"#25, Main Road, Chikkaballapura","#25, Main Road, Chikkaballapura",Bengaluru,Chikkaballapura,Gauribidanur PS,Fresh,NORMAL,"Work Visa (USA)",United States of America,VERIFIED,"PC Praveen Gowda (KSP-CON-5120)",true,false,,false,false,,"Clear verification report approved. No adverse records found in CCTNS Karnataka database. Passport grant recommended.",2026-07-20T14:30:00
PV-2026-CHI-0323,"Sunil Iyengar",1983-10-14,Male,XXXX-XXXX-3988,9842565756,sunil.iyengar27@example.com,"#40, Main Road, Chikkaballapura","#40, Main Road, Chikkaballapura",Bengaluru,Chikkaballapura,Sidlaghatta PS,Fresh,NORMAL,"Higher Studies (UK/Europe)",Germany,VERIFIED,"PC Chethan V. (KSP-CON-6245)",true,false,,false,false,,"Clear verification report approved. No adverse records found in CCTNS Karnataka database. Passport grant recommended.",2026-07-20T14:30:00
PV-2026-CHI-0324,"Raghavendra Nayak",1999-12-17,Male,XXXX-XXXX-4025,9842573675,raghavendra.nayak28@example.com,"#55, Main Road, Chikkaballapura","#55, Main Road, Chikkaballapura",Bengaluru,Chikkaballapura,Bagepalli PS,Renewal,NORMAL,"Employment (Gulf)",United Arab Emirates,VERIFIED,"PC Venkatesh G. (KSP-CON-5512)",true,false,,false,false,,"Clear verification report approved. No adverse records found in CCTNS Karnataka database. Passport grant recommended.",2026-07-20T14:30:00
PV-2026-CHI-0325,"Sachin Choudhury",1973-02-20,Male,XXXX-XXXX-4062,9842581594,sachin.choudhury29@example.com,"#70, Main Road, Chikkaballapura","#70, Main Road, Chikkaballapura",Bengaluru,Chikkaballapura,Chikkaballapur Town PS,Fresh,NORMAL,"Tourism",France,VERIFIED,"HC Basavaraj M. (KSP-CON-1890)",true,false,,false,false,,"Clear verification report approved. No adverse records found in CCTNS Karnataka database. Passport grant recommended.",2026-07-20T14:30:00
PV-2026-CHI-0326,"Rahul Shetty",1989-04-23,Male,XXXX-XXXX-4099,9842589513,rahul.shetty30@example.com,"#85, Main Road, Chikkaballapura","#85, Main Road, Chikkaballapura",Bengaluru,Chikkaballapura,Gauribidanur PS,Tatkal,TATKAL,"Tourism",Australia,VERIFIED,"HC Ramaiah B. (KSP-CON-4421)",true,false,,false,false,,"Clear verification report approved. No adverse records found in CCTNS Karnataka database. Passport grant recommended.",2026-07-20T14:30:00
PV-2026-CHI-0327,"Girish Kumar",2005-06-26,Male,XXXX-XXXX-4136,9842597432,girish.kumar31@example.com,"#100, Main Road, Chikkaballapura","#100, Main Road, Chikkaballapura",Bengaluru,Chikkaballapura,Sidlaghatta PS,Renewal,NORMAL,"Family Visit",Japan,VERIFIED,"PC Suresh K. (KSP-CON-3189)",true,false,,false,false,,"Clear verification report approved. No adverse records found in CCTNS Karnataka database. Passport grant recommended.",2026-07-20T14:30:00
PV-2026-CHI-0328,"Sunil Iyengar",1979-08-01,Male,XXXX-XXXX-4173,9842605351,sunil.iyengar32@example.com,"#115, Main Road, Chikkaballapura","#115, Main Road, Chikkaballapura",Bengaluru,Chikkaballapura,Bagepalli PS,Fresh,URGENT,"Work Visa (USA)",United States of America,VERIFIED,"PC Anand Kumar T. (KSP-CON-7104)",true,false,,false,false,,"Clear verification report approved. No adverse records found in CCTNS Karnataka database. Passport grant recommended.",2026-07-20T14:30:00
PV-2026-CHI-0329,"Raghavendra Nayak",1995-10-04,Male,XXXX-XXXX-4210,9842613270,raghavendra.nayak33@example.com,"#130, Main Road, Chikkaballapura","#130, Main Road, Chikkaballapura",Bengaluru,Chikkaballapura,Chikkaballapur Town PS,Fresh,NORMAL,"Higher Studies (UK/Europe)",Germany,VERIFIED,"PC Shivakumar N. (KSP-CON-6721)",true,false,,false,false,,"Clear verification report approved. No adverse records found in CCTNS Karnataka database. Passport grant recommended.",2026-07-20T14:30:00
PV-2026-CHI-0330,"Sachin Choudhury",1969-12-07,Male,XXXX-XXXX-4247,9842621189,sachin.choudhury34@example.com,"#145, Main Road, Chikkaballapura","#145, Main Road, Chikkaballapura",Bengaluru,Chikkaballapura,Gauribidanur PS,Renewal,NORMAL,"Employment (Gulf)",United Arab Emirates,VERIFIED,"WHC Savitha D. (KSP-CON-3310)",true,false,,false,false,,"Clear verification report approved. No adverse records found in CCTNS Karnataka database. Passport grant recommended.",2026-07-20T14:30:00
PV-2026-CHI-0331,"Rahul Shetty",1985-02-10,Male,XXXX-XXXX-4284,9842629108,rahul.shetty35@example.com,"#160, Main Road, Chikkaballapura","#160, Main Road, Chikkaballapura",Bengaluru,Chikkaballapura,Sidlaghatta PS,Tatkal,TATKAL,"Tourism",France,VERIFIED,"HC Mallikarjun K. (KSP-CON-1678)",true,false,,false,false,,"Clear verification report approved. No adverse records found in CCTNS Karnataka database. Passport grant recommended.",2026-07-20T14:30:00
PV-2026-CHI-0332,"Girish Kumar",2001-04-13,Male,XXXX-XXXX-4321,9842637027,girish.kumar36@example.com,"#175, Main Road, Chikkaballapura","#175, Main Road, Chikkaballapura",Bengaluru,Chikkaballapura,Bagepalli PS,Fresh,NORMAL,"Tourism",Australia,VERIFIED,"HC Raghavendra P. (KSP-CON-2987)",true,false,,false,false,,"Clear verification report approved. No adverse records found in CCTNS Karnataka database. Passport grant recommended.",2026-07-20T14:30:00
PV-2026-CHI-0333,"Sunil Iyengar",1975-06-16,Male,XXXX-XXXX-4358,9842644946,sunil.iyengar37@example.com,"#190, Main Road, Chikkaballapura","#190, Main Road, Chikkaballapura",Bengaluru,Chikkaballapura,Chikkaballapur Town PS,Renewal,NORMAL,"Family Visit",Japan,PENDING,"PC Ningappa H. (KSP-CON-8032)",false,false,,false,false,,,
PV-2026-CHI-0334,"Raghavendra Nayak",1991-08-19,Male,XXXX-XXXX-4395,9842652865,raghavendra.nayak38@example.com,"#205, Main Road, Chikkaballapura","#205, Main Road, Chikkaballapura",Bengaluru,Chikkaballapura,Gauribidanur PS,Fresh,NORMAL,"Work Visa (USA)",United States of America,PENDING,"WHC Renuka B. (KSP-CON-3891)",false,false,,false,false,,,
PV-2026-CHI-0335,"Sachin Choudhury",1965-10-22,Male,XXXX-XXXX-4432,9842660784,sachin.choudhury39@example.com,"#220, Main Road, Chikkaballapura","#220, Main Road, Chikkaballapura",Bengaluru,Chikkaballapura,Sidlaghatta PS,Fresh,NORMAL,"Higher Studies (UK/Europe)",Germany,PENDING,"WPC Geetha R. (KSP-CON-4902)",false,false,,false,false,,,
PV-2026-CHI-0336,"Rahul Shetty",1981-12-25,Male,XXXX-XXXX-4469,9842668703,rahul.shetty40@example.com,"#235, Main Road, Chikkaballapura","#235, Main Road, Chikkaballapura",Bengaluru,Chikkaballapura,Bagepalli PS,Renewal,NORMAL,"Employment (Gulf)",United Arab Emirates,FIELD_VISIT_DONE,"HC Manjunatha S. (KSP-CON-2044)",true,false,,false,false,,,
PV-2026-CHI-0337,"Girish Kumar",1997-02-28,Male,XXXX-XXXX-4506,9842676622,girish.kumar41@example.com,"#250, Main Road, Chikkaballapura","#250, Main Road, Chikkaballapura",Bengaluru,Chikkaballapura,Chikkaballapur Town PS,Fresh,NORMAL,"Tourism",France,FIELD_VISIT_DONE,"PC Praveen Gowda (KSP-CON-5120)",true,false,,false,false,,,
PV-2026-CHI-0338,"Sunil Iyengar",1971-04-03,Male,XXXX-XXXX-4543,9842684541,sunil.iyengar42@example.com,"#265, Main Road, Chikkaballapura","#265, Main Road, Chikkaballapura",Bengaluru,Chikkaballapura,Gauribidanur PS,Tatkal,TATKAL,"Tourism",Australia,PENDING,"PC Chethan V. (KSP-CON-6245)",false,false,,false,false,,,
PV-2026-CHI-0339,"Raghavendra Nayak",1987-06-06,Male,XXXX-XXXX-4580,9842692460,raghavendra.nayak43@example.com,"#280, Main Road, Chikkaballapura","#280, Main Road, Chikkaballapura",Bengaluru,Chikkaballapura,Sidlaghatta PS,Renewal,URGENT,"Family Visit",Japan,FLAGGED,"PC Venkatesh G. (KSP-CON-5512)",true,true,FIR-2025-440/CHI,true,false,,"FLAGGED TO SPECIAL BRANCH / CID: Linked to FIR-2025-440/CHI. Case pending in jurisdictional court.",2026-06-15T11:20:00
PV-2026-CHI-0340,"Sachin Choudhury",2003-08-09,Male,XXXX-XXXX-4617,9842700379,sachin.choudhury44@example.com,"#295, Main Road, Chikkaballapura","#295, Main Road, Chikkaballapura",Bengaluru,Chikkaballapura,Bagepalli PS,Fresh,NORMAL,"Work Visa (USA)",United States of America,REJECTED,"HC Basavaraj M. (KSP-CON-1890)",true,false,,false,false,"Adverse report: Ongoing criminal investigation and FIR pending","Application rejected by Police Sub-Inspector. Reason: Adverse report: Ongoing criminal investigation and FIR pending",2026-05-10T16:00:00
PV-2026-CHI-0341,"Venkatesh Rao",2001-06-08,Male,XXXX-XXXX-4654,9842708298,venkatesh.rao45@example.com,"#10, Main Road, Chitradurga","#10, Main Road, Chitradurga",Bengaluru,Chitradurga,Chitradurga Town PS,Tatkal,TATKAL,"Tourism",France,VERIFIED,"HC Mallikarjun K. (KSP-CON-1678)",true,false,,false,false,,"Clear verification report approved. No adverse records found in CCTNS Karnataka database. Passport grant recommended.",2026-07-20T14:30:00
PV-2026-CHI-0342,"Suresh Shekhar",1975-08-11,Male,XXXX-XXXX-4691,9842716217,suresh.shekhar46@example.com,"#25, Main Road, Chitradurga","#25, Main Road, Chitradurga",Bengaluru,Chitradurga,Challakere PS,Fresh,NORMAL,"Tourism",Australia,VERIFIED,"HC Raghavendra P. (KSP-CON-2987)",true,false,,false,false,,"Clear verification report approved. No adverse records found in CCTNS Karnataka database. Passport grant recommended.",2026-07-20T14:30:00
PV-2026-CHI-0343,"Vijay Joshi",1991-10-14,Male,XXXX-XXXX-4728,9842724136,vijay.joshi47@example.com,"#40, Main Road, Chitradurga","#40, Main Road, Chitradurga",Bengaluru,Chitradurga,Hiriyur PS,Fresh,NORMAL,"Family Visit",Japan,VERIFIED,"PC Ningappa H. (KSP-CON-8032)",true,false,,false,false,,"Clear verification report approved. No adverse records found in CCTNS Karnataka database. Passport grant recommended.",2026-07-20T14:30:00
PV-2026-CHI-0344,"Sanjay Pillai",1965-12-17,Male,XXXX-XXXX-4765,9842732055,sanjay.pillai48@example.com,"#55, Main Road, Chitradurga","#55, Main Road, Chitradurga",Bengaluru,Chitradurga,Holalkere PS,Renewal,NORMAL,"Work Visa (USA)",United States of America,VERIFIED,"WHC Renuka B. (KSP-CON-3891)",true,false,,false,false,,"Clear verification report approved. No adverse records found in CCTNS Karnataka database. Passport grant recommended.",2026-07-20T14:30:00
PV-2026-CHI-0345,"Deepak Gowda",1981-02-20,Male,XXXX-XXXX-4802,9842739974,deepak.gowda49@example.com,"#70, Main Road, Chitradurga","#70, Main Road, Chitradurga",Bengaluru,Chitradurga,Chitradurga Town PS,Fresh,NORMAL,"Higher Studies (UK/Europe)",Germany,VERIFIED,"WPC Geetha R. (KSP-CON-4902)",true,false,,false,false,,"Clear verification report approved. No adverse records found in CCTNS Karnataka database. Passport grant recommended.",2026-07-20T14:30:00
PV-2026-CHI-0346,"Venkatesh Rao",1997-04-23,Male,XXXX-XXXX-4839,9842747893,venkatesh.rao50@example.com,"#85, Main Road, Chitradurga","#85, Main Road, Chitradurga",Bengaluru,Chitradurga,Challakere PS,Tatkal,TATKAL,"Employment (Gulf)",United Arab Emirates,VERIFIED,"HC Manjunatha S. (KSP-CON-2044)",true,false,,false,false,,"Clear verification report approved. No adverse records found in CCTNS Karnataka database. Passport grant recommended.",2026-07-20T14:30:00
PV-2026-CHI-0347,"Suresh Shekhar",1971-06-26,Male,XXXX-XXXX-4876,9842755812,suresh.shekhar51@example.com,"#100, Main Road, Chitradurga","#100, Main Road, Chitradurga",Bengaluru,Chitradurga,Hiriyur PS,Renewal,NORMAL,"Tourism",France,VERIFIED,"PC Praveen Gowda (KSP-CON-5120)",true,false,,false,false,,"Clear verification report approved. No adverse records found in CCTNS Karnataka database. Passport grant recommended.",2026-07-20T14:30:00
PV-2026-CHI-0348,"Vijay Joshi",1987-08-01,Male,XXXX-XXXX-4913,9842763731,vijay.joshi52@example.com,"#115, Main Road, Chitradurga","#115, Main Road, Chitradurga",Bengaluru,Chitradurga,Holalkere PS,Fresh,URGENT,"Tourism",Australia,VERIFIED,"PC Chethan V. (KSP-CON-6245)",true,false,,false,false,,"Clear verification report approved. No adverse records found in CCTNS Karnataka database. Passport grant recommended.",2026-07-20T14:30:00
PV-2026-CHI-0349,"Sanjay Pillai",2003-10-04,Male,XXXX-XXXX-4950,9842771650,sanjay.pillai53@example.com,"#130, Main Road, Chitradurga","#130, Main Road, Chitradurga",Bengaluru,Chitradurga,Chitradurga Town PS,Fresh,NORMAL,"Family Visit",Japan,VERIFIED,"PC Venkatesh G. (KSP-CON-5512)",true,false,,false,false,,"Clear verification report approved. No adverse records found in CCTNS Karnataka database. Passport grant recommended.",2026-07-20T14:30:00
PV-2026-CHI-0350,"Deepak Gowda",1977-12-07,Male,XXXX-XXXX-4987,9842779569,deepak.gowda54@example.com,"#145, Main Road, Chitradurga","#145, Main Road, Chitradurga",Bengaluru,Chitradurga,Challakere PS,Renewal,NORMAL,"Work Visa (USA)",United States of America,VERIFIED,"HC Basavaraj M. (KSP-CON-1890)",true,false,,false,false,,"Clear verification report approved. No adverse records found in CCTNS Karnataka database. Passport grant recommended.",2026-07-20T14:30:00
PV-2026-CHI-0351,"Venkatesh Rao",1993-02-10,Male,XXXX-XXXX-5024,9842787488,venkatesh.rao55@example.com,"#160, Main Road, Chitradurga","#160, Main Road, Chitradurga",Bengaluru,Chitradurga,Hiriyur PS,Tatkal,TATKAL,"Higher Studies (UK/Europe)",Germany,VERIFIED,"HC Ramaiah B. (KSP-CON-4421)",true,false,,false,false,,"Clear verification report approved. No adverse records found in CCTNS Karnataka database. Passport grant recommended.",2026-07-20T14:30:00
PV-2026-CHI-0352,"Suresh Shekhar",1967-04-13,Male,XXXX-XXXX-5061,9842795407,suresh.shekhar56@example.com,"#175, Main Road, Chitradurga","#175, Main Road, Chitradurga",Bengaluru,Chitradurga,Holalkere PS,Fresh,NORMAL,"Employment (Gulf)",United Arab Emirates,VERIFIED,"PC Suresh K. (KSP-CON-3189)",true,false,,false,false,,"Clear verification report approved. No adverse records found in CCTNS Karnataka database. Passport grant recommended.",2026-07-20T14:30:00
PV-2026-CHI-0353,"Vijay Joshi",1983-06-16,Male,XXXX-XXXX-5098,9842803326,vijay.joshi57@example.com,"#190, Main Road, Chitradurga","#190, Main Road, Chitradurga",Bengaluru,Chitradurga,Chitradurga Town PS,Renewal,NORMAL,"Tourism",France,PENDING,"PC Anand Kumar T. (KSP-CON-7104)",false,false,,false,false,,,
PV-2026-CHI-0354,"Sanjay Pillai",1999-08-19,Male,XXXX-XXXX-5135,9842811245,sanjay.pillai58@example.com,"#205, Main Road, Chitradurga","#205, Main Road, Chitradurga",Bengaluru,Chitradurga,Challakere PS,Fresh,NORMAL,"Tourism",Australia,PENDING,"PC Shivakumar N. (KSP-CON-6721)",false,false,,false,false,,,
PV-2026-CHI-0355,"Deepak Gowda",1973-10-22,Male,XXXX-XXXX-5172,9842819164,deepak.gowda59@example.com,"#220, Main Road, Chitradurga","#220, Main Road, Chitradurga",Bengaluru,Chitradurga,Hiriyur PS,Fresh,NORMAL,"Family Visit",Japan,PENDING,"WHC Savitha D. (KSP-CON-3310)",false,false,,false,false,,,
PV-2026-CHI-0356,"Venkatesh Rao",1989-12-25,Male,XXXX-XXXX-5209,9842827083,venkatesh.rao60@example.com,"#235, Main Road, Chitradurga","#235, Main Road, Chitradurga",Bengaluru,Chitradurga,Holalkere PS,Renewal,NORMAL,"Work Visa (USA)",United States of America,FIELD_VISIT_DONE,"HC Mallikarjun K. (KSP-CON-1678)",true,false,,false,false,,,
PV-2026-CHI-0357,"Suresh Shekhar",2005-02-28,Male,XXXX-XXXX-5246,9842835002,suresh.shekhar61@example.com,"#250, Main Road, Chitradurga","#250, Main Road, Chitradurga",Bengaluru,Chitradurga,Chitradurga Town PS,Fresh,NORMAL,"Higher Studies (UK/Europe)",Germany,FIELD_VISIT_DONE,"HC Raghavendra P. (KSP-CON-2987)",true,false,,false,false,,,
PV-2026-CHI-0358,"Vijay Joshi",1979-04-03,Male,XXXX-XXXX-5283,9842842921,vijay.joshi62@example.com,"#265, Main Road, Chitradurga","#265, Main Road, Chitradurga",Bengaluru,Chitradurga,Challakere PS,Tatkal,TATKAL,"Employment (Gulf)",United Arab Emirates,PENDING,"PC Ningappa H. (KSP-CON-8032)",false,false,,false,false,,,
PV-2026-CHI-0359,"Sanjay Pillai",1995-06-06,Male,XXXX-XXXX-5320,9842850840,sanjay.pillai63@example.com,"#280, Main Road, Chitradurga","#280, Main Road, Chitradurga",Bengaluru,Chitradurga,Hiriyur PS,Renewal,URGENT,"Tourism",France,FLAGGED,"WHC Renuka B. (KSP-CON-3891)",true,true,FIR-2025-460/CHI,true,false,,"FLAGGED TO SPECIAL BRANCH / CID: Linked to FIR-2025-460/CHI. Case pending in jurisdictional court.",2026-06-15T11:20:00
PV-2026-CHI-0360,"Deepak Gowda",1969-08-09,Male,XXXX-XXXX-5357,9842858759,deepak.gowda64@example.com,"#295, Main Road, Chitradurga","#295, Main Road, Chitradurga",Bengaluru,Chitradurga,Holalkere PS,Fresh,NORMAL,"Tourism",Australia,REJECTED,"WPC Geetha R. (KSP-CON-4902)",true,false,,false,false,"Address proof submitted found forged or non-verifiable","Application rejected by Police Sub-Inspector. Reason: Address proof submitted found forged or non-verifiable",2026-05-10T16:00:00
PV-2026-DAV-0361,"Rahul Verma",1967-06-08,Male,XXXX-XXXX-5394,9842866678,rahul.verma65@example.com,"#10, Main Road, Davanagere","#10, Main Road, Davanagere",Bengaluru,Davanagere,Vidyanagar PS,Tatkal,TATKAL,"Higher Studies (UK/Europe)",Germany,VERIFIED,"HC Ramaiah B. (KSP-CON-4421)",true,false,,false,false,,"Clear verification report approved. No adverse records found in CCTNS Karnataka database. Passport grant recommended.",2026-07-20T14:30:00
PV-2026-DAV-0362,"Girish Bhat",1983-08-11,Male,XXXX-XXXX-5431,9842874597,girish.bhat66@example.com,"#25, Main Road, Davanagere","#25, Main Road, Davanagere",Bengaluru,Davanagere,KTJ Nagar PS,Fresh,NORMAL,"Employment (Gulf)",United Arab Emirates,VERIFIED,"PC Suresh K. (KSP-CON-3189)",true,false,,false,false,,"Clear verification report approved. No adverse records found in CCTNS Karnataka database. Passport grant recommended.",2026-07-20T14:30:00
PV-2026-DAV-0363,"Sunil Das",1999-10-14,Male,XXXX-XXXX-5468,9842882516,sunil.das67@example.com,"#40, Main Road, Davanagere","#40, Main Road, Davanagere",Bengaluru,Davanagere,Harihar PS,Fresh,NORMAL,"Tourism",France,VERIFIED,"PC Anand Kumar T. (KSP-CON-7104)",true,false,,false,false,,"Clear verification report approved. No adverse records found in CCTNS Karnataka database. Passport grant recommended.",2026-07-20T14:30:00
PV-2026-DAV-0364,"Raghavendra Nambiar",1973-12-17,Male,XXXX-XXXX-5505,9842890435,raghavendra.nambiar68@example.com,"#55, Main Road, Davanagere","#55, Main Road, Davanagere",Bengaluru,Davanagere,Honnali PS,Renewal,NORMAL,"Tourism",Australia,VERIFIED,"PC Shivakumar N. (KSP-CON-6721)",true,false,,false,false,,"Clear verification report approved. No adverse records found in CCTNS Karnataka database. Passport grant recommended.",2026-07-20T14:30:00
PV-2026-DAV-0365,"Sachin Varma",1989-02-20,Male,XXXX-XXXX-5542,9842898354,sachin.varma69@example.com,"#70, Main Road, Davanagere","#70, Main Road, Davanagere",Bengaluru,Davanagere,Vidyanagar PS,Fresh,NORMAL,"Family Visit",Japan,VERIFIED,"WHC Savitha D. (KSP-CON-3310)",true,false,,false,false,,"Clear verification report approved. No adverse records found in CCTNS Karnataka database. Passport grant recommended.",2026-07-20T14:30:00
PV-2026-DAV-0366,"Rahul Verma",2005-04-23,Male,XXXX-XXXX-5579,9842906273,rahul.verma70@example.com,"#85, Main Road, Davanagere","#85, Main Road, Davanagere",Bengaluru,Davanagere,KTJ Nagar PS,Tatkal,TATKAL,"Work Visa (USA)",United States of America,VERIFIED,"HC Mallikarjun K. (KSP-CON-1678)",true,false,,false,false,,"Clear verification report approved. No adverse records found in CCTNS Karnataka database. Passport grant recommended.",2026-07-20T14:30:00
PV-2026-DAV-0367,"Girish Bhat",1979-06-26,Male,XXXX-XXXX-5616,9842914192,girish.bhat71@example.com,"#100, Main Road, Davanagere","#100, Main Road, Davanagere",Bengaluru,Davanagere,Harihar PS,Renewal,NORMAL,"Higher Studies (UK/Europe)",Germany,VERIFIED,"HC Raghavendra P. (KSP-CON-2987)",true,false,,false,false,,"Clear verification report approved. No adverse records found in CCTNS Karnataka database. Passport grant recommended.",2026-07-20T14:30:00
PV-2026-DAV-0368,"Sunil Das",1995-08-01,Male,XXXX-XXXX-5653,9842922111,sunil.das72@example.com,"#115, Main Road, Davanagere","#115, Main Road, Davanagere",Bengaluru,Davanagere,Honnali PS,Fresh,URGENT,"Employment (Gulf)",United Arab Emirates,VERIFIED,"PC Ningappa H. (KSP-CON-8032)",true,false,,false,false,,"Clear verification report approved. No adverse records found in CCTNS Karnataka database. Passport grant recommended.",2026-07-20T14:30:00
PV-2026-DAV-0369,"Raghavendra Nambiar",1969-10-04,Male,XXXX-XXXX-5690,9842930030,raghavendra.nambiar73@example.com,"#130, Main Road, Davanagere","#130, Main Road, Davanagere",Bengaluru,Davanagere,Vidyanagar PS,Fresh,NORMAL,"Tourism",France,VERIFIED,"WHC Renuka B. (KSP-CON-3891)",true,false,,false,false,,"Clear verification report approved. No adverse records found in CCTNS Karnataka database. Passport grant recommended.",2026-07-20T14:30:00
PV-2026-DAV-0370,"Sachin Varma",1985-12-07,Male,XXXX-XXXX-5727,9842937949,sachin.varma74@example.com,"#145, Main Road, Davanagere","#145, Main Road, Davanagere",Bengaluru,Davanagere,KTJ Nagar PS,Renewal,NORMAL,"Tourism",Australia,VERIFIED,"WPC Geetha R. (KSP-CON-4902)",true,false,,false,false,,"Clear verification report approved. No adverse records found in CCTNS Karnataka database. Passport grant recommended.",2026-07-20T14:30:00
PV-2026-DAV-0371,"Rahul Verma",2001-02-10,Male,XXXX-XXXX-5764,9842945868,rahul.verma75@example.com,"#160, Main Road, Davanagere","#160, Main Road, Davanagere",Bengaluru,Davanagere,Harihar PS,Tatkal,TATKAL,"Family Visit",Japan,VERIFIED,"HC Manjunatha S. (KSP-CON-2044)",true,false,,false,false,,"Clear verification report approved. No adverse records found in CCTNS Karnataka database. Passport grant recommended.",2026-07-20T14:30:00
PV-2026-DAV-0372,"Girish Bhat",1975-04-13,Male,XXXX-XXXX-5801,9842953787,girish.bhat76@example.com,"#175, Main Road, Davanagere","#175, Main Road, Davanagere",Bengaluru,Davanagere,Honnali PS,Fresh,NORMAL,"Work Visa (USA)",United States of America,VERIFIED,"PC Praveen Gowda (KSP-CON-5120)",true,false,,false,false,,"Clear verification report approved. No adverse records found in CCTNS Karnataka database. Passport grant recommended.",2026-07-20T14:30:00
PV-2026-DAV-0373,"Sunil Das",1991-06-16,Male,XXXX-XXXX-5838,9842961706,sunil.das77@example.com,"#190, Main Road, Davanagere","#190, Main Road, Davanagere",Bengaluru,Davanagere,Vidyanagar PS,Renewal,NORMAL,"Higher Studies (UK/Europe)",Germany,PENDING,"PC Chethan V. (KSP-CON-6245)",false,false,,false,false,,,
PV-2026-DAV-0374,"Raghavendra Nambiar",1965-08-19,Male,XXXX-XXXX-5875,9842969625,raghavendra.nambiar78@example.com,"#205, Main Road, Davanagere","#205, Main Road, Davanagere",Bengaluru,Davanagere,KTJ Nagar PS,Fresh,NORMAL,"Employment (Gulf)",United Arab Emirates,PENDING,"PC Venkatesh G. (KSP-CON-5512)",false,false,,false,false,,,
PV-2026-DAV-0375,"Sachin Varma",1981-10-22,Male,XXXX-XXXX-5912,9842977544,sachin.varma79@example.com,"#220, Main Road, Davanagere","#220, Main Road, Davanagere",Bengaluru,Davanagere,Harihar PS,Fresh,NORMAL,"Tourism",France,PENDING,"HC Basavaraj M. (KSP-CON-1890)",false,false,,false,false,,,
PV-2026-DAV-0376,"Rahul Verma",1997-12-25,Male,XXXX-XXXX-5949,9842985463,rahul.verma80@example.com,"#235, Main Road, Davanagere","#235, Main Road, Davanagere",Bengaluru,Davanagere,Honnali PS,Renewal,NORMAL,"Tourism",Australia,FIELD_VISIT_DONE,"HC Ramaiah B. (KSP-CON-4421)",true,false,,false,false,,,
PV-2026-DAV-0377,"Girish Bhat",1971-02-28,Male,XXXX-XXXX-5986,9842993382,girish.bhat81@example.com,"#250, Main Road, Davanagere","#250, Main Road, Davanagere",Bengaluru,Davanagere,Vidyanagar PS,Fresh,NORMAL,"Family Visit",Japan,FIELD_VISIT_DONE,"PC Suresh K. (KSP-CON-3189)",true,false,,false,false,,,
PV-2026-DAV-0378,"Sunil Das",1987-04-03,Male,XXXX-XXXX-6023,9843001301,sunil.das82@example.com,"#265, Main Road, Davanagere","#265, Main Road, Davanagere",Bengaluru,Davanagere,KTJ Nagar PS,Tatkal,TATKAL,"Work Visa (USA)",United States of America,PENDING,"PC Anand Kumar T. (KSP-CON-7104)",false,false,,false,false,,,
PV-2026-DAV-0379,"Raghavendra Nambiar",2003-06-06,Male,XXXX-XXXX-6060,9843009220,raghavendra.nambiar83@example.com,"#280, Main Road, Davanagere","#280, Main Road, Davanagere",Bengaluru,Davanagere,Harihar PS,Renewal,URGENT,"Higher Studies (UK/Europe)",Germany,FLAGGED,"PC Shivakumar N. (KSP-CON-6721)",true,true,FIR-2025-480/DAV,true,false,,"FLAGGED TO SPECIAL BRANCH / CID: Linked to FIR-2025-480/DAV. Case pending in jurisdictional court.",2026-06-15T11:20:00
PV-2026-DAV-0380,"Sachin Varma",1977-08-09,Male,XXXX-XXXX-6097,9843017139,sachin.varma84@example.com,"#295, Main Road, Davanagere","#295, Main Road, Davanagere",Bengaluru,Davanagere,Honnali PS,Fresh,NORMAL,"Employment (Gulf)",United Arab Emirates,REJECTED,"WHC Savitha D. (KSP-CON-3310)",true,false,,false,false,"Applicant failed to produce original documents during physical verification","Application rejected by Police Sub-Inspector. Reason: Applicant failed to produce original documents during physical verification",2026-05-10T16:00:00
PV-2026-KOL-0381,"Venkatesh Shetty",1975-06-08,Male,XXXX-XXXX-6134,9843025058,venkatesh.shetty85@example.com,"#10, Main Road, Kolar","#10, Main Road, Kolar",Bengaluru,Kolar,Kolar Town PS,Tatkal,TATKAL,"Family Visit",Japan,VERIFIED,"HC Manjunatha S. (KSP-CON-2044)",true,false,,false,false,,"Clear verification report approved. No adverse records found in CCTNS Karnataka database. Passport grant recommended.",2026-07-20T14:30:00
PV-2026-KOL-0382,"Suresh Kumar",1991-08-11,Male,XXXX-XXXX-6171,9843032977,suresh.kumar86@example.com,"#25, Main Road, Kolar","#25, Main Road, Kolar",Bengaluru,Kolar,Mulbagal PS,Fresh,NORMAL,"Work Visa (USA)",United States of America,VERIFIED,"PC Praveen Gowda (KSP-CON-5120)",true,false,,false,false,,"Clear verification report approved. No adverse records found in CCTNS Karnataka database. Passport grant recommended.",2026-07-20T14:30:00
PV-2026-KOL-0383,"Vijay Iyengar",1965-10-14,Male,XXXX-XXXX-6208,9843040896,vijay.iyengar87@example.com,"#40, Main Road, Kolar","#40, Main Road, Kolar",Bengaluru,Kolar,Srinivaspur PS,Fresh,NORMAL,"Higher Studies (UK/Europe)",Germany,VERIFIED,"PC Chethan V. (KSP-CON-6245)",true,false,,false,false,,"Clear verification report approved. No adverse records found in CCTNS Karnataka database. Passport grant recommended.",2026-07-20T14:30:00
PV-2026-KOL-0384,"Sanjay Nayak",1981-12-17,Male,XXXX-XXXX-6245,9843048815,sanjay.nayak88@example.com,"#55, Main Road, Kolar","#55, Main Road, Kolar",Bengaluru,Kolar,Bangarapet PS,Renewal,NORMAL,"Employment (Gulf)",United Arab Emirates,VERIFIED,"PC Venkatesh G. (KSP-CON-5512)",true,false,,false,false,,"Clear verification report approved. No adverse records found in CCTNS Karnataka database. Passport grant recommended.",2026-07-20T14:30:00
PV-2026-KOL-0385,"Deepak Choudhury",1997-02-20,Male,XXXX-XXXX-6282,9843056734,deepak.choudhury89@example.com,"#70, Main Road, Kolar","#70, Main Road, Kolar",Bengaluru,Kolar,Kolar Town PS,Fresh,NORMAL,"Tourism",France,VERIFIED,"HC Basavaraj M. (KSP-CON-1890)",true,false,,false,false,,"Clear verification report approved. No adverse records found in CCTNS Karnataka database. Passport grant recommended.",2026-07-20T14:30:00
PV-2026-KOL-0386,"Venkatesh Shetty",1971-04-23,Male,XXXX-XXXX-6319,9843064653,venkatesh.shetty90@example.com,"#85, Main Road, Kolar","#85, Main Road, Kolar",Bengaluru,Kolar,Mulbagal PS,Tatkal,TATKAL,"Tourism",Australia,VERIFIED,"HC Ramaiah B. (KSP-CON-4421)",true,false,,false,false,,"Clear verification report approved. No adverse records found in CCTNS Karnataka database. Passport grant recommended.",2026-07-20T14:30:00
PV-2026-KOL-0387,"Suresh Kumar",1987-06-26,Male,XXXX-XXXX-6356,9843072572,suresh.kumar91@example.com,"#100, Main Road, Kolar","#100, Main Road, Kolar",Bengaluru,Kolar,Srinivaspur PS,Renewal,NORMAL,"Family Visit",Japan,VERIFIED,"PC Suresh K. (KSP-CON-3189)",true,false,,false,false,,"Clear verification report approved. No adverse records found in CCTNS Karnataka database. Passport grant recommended.",2026-07-20T14:30:00
PV-2026-KOL-0388,"Vijay Iyengar",2003-08-01,Male,XXXX-XXXX-6393,9843080491,vijay.iyengar92@example.com,"#115, Main Road, Kolar","#115, Main Road, Kolar",Bengaluru,Kolar,Bangarapet PS,Fresh,URGENT,"Work Visa (USA)",United States of America,VERIFIED,"PC Anand Kumar T. (KSP-CON-7104)",true,false,,false,false,,"Clear verification report approved. No adverse records found in CCTNS Karnataka database. Passport grant recommended.",2026-07-20T14:30:00
PV-2026-KOL-0389,"Sanjay Nayak",1977-10-04,Male,XXXX-XXXX-6430,9843088410,sanjay.nayak93@example.com,"#130, Main Road, Kolar","#130, Main Road, Kolar",Bengaluru,Kolar,Kolar Town PS,Fresh,NORMAL,"Higher Studies (UK/Europe)",Germany,VERIFIED,"PC Shivakumar N. (KSP-CON-6721)",true,false,,false,false,,"Clear verification report approved. No adverse records found in CCTNS Karnataka database. Passport grant recommended.",2026-07-20T14:30:00
PV-2026-KOL-0390,"Deepak Choudhury",1993-12-07,Male,XXXX-XXXX-6467,9843096329,deepak.choudhury94@example.com,"#145, Main Road, Kolar","#145, Main Road, Kolar",Bengaluru,Kolar,Mulbagal PS,Renewal,NORMAL,"Employment (Gulf)",United Arab Emirates,VERIFIED,"WHC Savitha D. (KSP-CON-3310)",true,false,,false,false,,"Clear verification report approved. No adverse records found in CCTNS Karnataka database. Passport grant recommended.",2026-07-20T14:30:00
PV-2026-KOL-0391,"Venkatesh Shetty",1967-02-10,Male,XXXX-XXXX-6504,9843104248,venkatesh.shetty95@example.com,"#160, Main Road, Kolar","#160, Main Road, Kolar",Bengaluru,Kolar,Srinivaspur PS,Tatkal,TATKAL,"Tourism",France,VERIFIED,"HC Mallikarjun K. (KSP-CON-1678)",true,false,,false,false,,"Clear verification report approved. No adverse records found in CCTNS Karnataka database. Passport grant recommended.",2026-07-20T14:30:00
PV-2026-KOL-0392,"Suresh Kumar",1983-04-13,Male,XXXX-XXXX-6541,9843112167,suresh.kumar96@example.com,"#175, Main Road, Kolar","#175, Main Road, Kolar",Bengaluru,Kolar,Bangarapet PS,Fresh,NORMAL,"Tourism",Australia,VERIFIED,"HC Raghavendra P. (KSP-CON-2987)",true,false,,false,false,,"Clear verification report approved. No adverse records found in CCTNS Karnataka database. Passport grant recommended.",2026-07-20T14:30:00
PV-2026-KOL-0393,"Vijay Iyengar",1999-06-16,Male,XXXX-XXXX-6578,9843120086,vijay.iyengar97@example.com,"#190, Main Road, Kolar","#190, Main Road, Kolar",Bengaluru,Kolar,Kolar Town PS,Renewal,NORMAL,"Family Visit",Japan,PENDING,"PC Ningappa H. (KSP-CON-8032)",false,false,,false,false,,,
PV-2026-KOL-0394,"Sanjay Nayak",1973-08-19,Male,XXXX-XXXX-6615,9843128005,sanjay.nayak98@example.com,"#205, Main Road, Kolar","#205, Main Road, Kolar",Bengaluru,Kolar,Mulbagal PS,Fresh,NORMAL,"Work Visa (USA)",United States of America,PENDING,"WHC Renuka B. (KSP-CON-3891)",false,false,,false,false,,,
PV-2026-KOL-0395,"Deepak Choudhury",1989-10-22,Male,XXXX-XXXX-6652,9843135924,deepak.choudhury0@example.com,"#220, Main Road, Kolar","#220, Main Road, Kolar",Bengaluru,Kolar,Srinivaspur PS,Fresh,NORMAL,"Higher Studies (UK/Europe)",Germany,PENDING,"WPC Geetha R. (KSP-CON-4902)",false,false,,false,false,,,
PV-2026-KOL-0396,"Venkatesh Shetty",2005-12-25,Male,XXXX-XXXX-6689,9843143843,venkatesh.shetty1@example.com,"#235, Main Road, Kolar","#235, Main Road, Kolar",Bengaluru,Kolar,Bangarapet PS,Renewal,NORMAL,"Employment (Gulf)",United Arab Emirates,FIELD_VISIT_DONE,"HC Manjunatha S. (KSP-CON-2044)",true,false,,false,false,,,
PV-2026-KOL-0397,"Suresh Kumar",1979-02-28,Male,XXXX-XXXX-6726,9843151762,suresh.kumar2@example.com,"#250, Main Road, Kolar","#250, Main Road, Kolar",Bengaluru,Kolar,Kolar Town PS,Fresh,NORMAL,"Tourism",France,FIELD_VISIT_DONE,"PC Praveen Gowda (KSP-CON-5120)",true,false,,false,false,,,
PV-2026-KOL-0398,"Vijay Iyengar",1995-04-03,Male,XXXX-XXXX-6763,9843159681,vijay.iyengar3@example.com,"#265, Main Road, Kolar","#265, Main Road, Kolar",Bengaluru,Kolar,Mulbagal PS,Tatkal,TATKAL,"Tourism",Australia,PENDING,"PC Chethan V. (KSP-CON-6245)",false,false,,false,false,,,
PV-2026-KOL-0399,"Sanjay Nayak",1969-06-06,Male,XXXX-XXXX-6800,9843167600,sanjay.nayak4@example.com,"#280, Main Road, Kolar","#280, Main Road, Kolar",Bengaluru,Kolar,Srinivaspur PS,Renewal,URGENT,"Family Visit",Japan,FLAGGED,"PC Venkatesh G. (KSP-CON-5512)",true,true,FIR-2025-500/KOL,true,false,,"FLAGGED TO SPECIAL BRANCH / CID: Linked to FIR-2025-500/KOL. Case pending in jurisdictional court.",2026-06-15T11:20:00
PV-2026-KOL-0400,"Deepak Choudhury",1985-08-09,Male,XXXX-XXXX-6837,9843175519,deepak.choudhury5@example.com,"#295, Main Road, Kolar","#295, Main Road, Kolar",Bengaluru,Kolar,Bangarapet PS,Fresh,NORMAL,"Work Visa (USA)",United States of America,REJECTED,"HC Basavaraj M. (KSP-CON-1890)",true,false,,false,false,"Adverse report: Ongoing criminal investigation and FIR pending","Application rejected by Police Sub-Inspector. Reason: Adverse report: Ongoing criminal investigation and FIR pending",2026-05-10T16:00:00
PV-2026-KOL-0401,"Rahul Rao",1983-06-08,Male,XXXX-XXXX-6874,9843183438,rahul.rao6@example.com,"#10, Main Road, Kolar Gold Fields (KGF)","#10, Main Road, Kolar Gold Fields (KGF)",Bengaluru,Kolar Gold Fields (KGF),Robertsonpet PS,Tatkal,TATKAL,"Tourism",France,VERIFIED,"HC Mallikarjun K. (KSP-CON-1678)",true,false,,false,false,,"Clear verification report approved. No adverse records found in CCTNS Karnataka database. Passport grant recommended.",2026-07-20T14:30:00
PV-2026-KOL-0402,"Girish Shekhar",1999-08-11,Male,XXXX-XXXX-6911,9843191357,girish.shekhar7@example.com,"#25, Main Road, Kolar Gold Fields (KGF)","#25, Main Road, Kolar Gold Fields (KGF)",Bengaluru,Kolar Gold Fields (KGF),Champion Reefs PS,Fresh,NORMAL,"Tourism",Australia,VERIFIED,"HC Raghavendra P. (KSP-CON-2987)",true,false,,false,false,,"Clear verification report approved. No adverse records found in CCTNS Karnataka database. Passport grant recommended.",2026-07-20T14:30:00
PV-2026-KOL-0403,"Sunil Joshi",1973-10-14,Male,XXXX-XXXX-6948,9843199276,sunil.joshi8@example.com,"#40, Main Road, Kolar Gold Fields (KGF)","#40, Main Road, Kolar Gold Fields (KGF)",Bengaluru,Kolar Gold Fields (KGF),Andersonpet PS,Fresh,NORMAL,"Family Visit",Japan,VERIFIED,"PC Ningappa H. (KSP-CON-8032)",true,false,,false,false,,"Clear verification report approved. No adverse records found in CCTNS Karnataka database. Passport grant recommended.",2026-07-20T14:30:00
PV-2026-KOL-0404,"Raghavendra Pillai",1989-12-17,Male,XXXX-XXXX-6985,9843207195,raghavendra.pillai9@example.com,"#55, Main Road, Kolar Gold Fields (KGF)","#55, Main Road, Kolar Gold Fields (KGF)",Bengaluru,Kolar Gold Fields (KGF),Robertsonpet PS,Renewal,NORMAL,"Work Visa (USA)",United States of America,VERIFIED,"WHC Renuka B. (KSP-CON-3891)",true,false,,false,false,,"Clear verification report approved. No adverse records found in CCTNS Karnataka database. Passport grant recommended.",2026-07-20T14:30:00
PV-2026-KOL-0405,"Sachin Gowda",2005-02-20,Male,XXXX-XXXX-7022,9843215114,sachin.gowda10@example.com,"#70, Main Road, Kolar Gold Fields (KGF)","#70, Main Road, Kolar Gold Fields (KGF)",Bengaluru,Kolar Gold Fields (KGF),Champion Reefs PS,Fresh,NORMAL,"Higher Studies (UK/Europe)",Germany,VERIFIED,"WPC Geetha R. (KSP-CON-4902)",true,false,,false,false,,"Clear verification report approved. No adverse records found in CCTNS Karnataka database. Passport grant recommended.",2026-07-20T14:30:00
PV-2026-KOL-0406,"Rahul Rao",1979-04-23,Male,XXXX-XXXX-7059,9843223033,rahul.rao11@example.com,"#85, Main Road, Kolar Gold Fields (KGF)","#85, Main Road, Kolar Gold Fields (KGF)",Bengaluru,Kolar Gold Fields (KGF),Andersonpet PS,Tatkal,TATKAL,"Employment (Gulf)",United Arab Emirates,VERIFIED,"HC Manjunatha S. (KSP-CON-2044)",true,false,,false,false,,"Clear verification report approved. No adverse records found in CCTNS Karnataka database. Passport grant recommended.",2026-07-20T14:30:00
PV-2026-KOL-0407,"Girish Shekhar",1995-06-26,Male,XXXX-XXXX-7096,9843230952,girish.shekhar12@example.com,"#100, Main Road, Kolar Gold Fields (KGF)","#100, Main Road, Kolar Gold Fields (KGF)",Bengaluru,Kolar Gold Fields (KGF),Robertsonpet PS,Renewal,NORMAL,"Tourism",France,VERIFIED,"PC Praveen Gowda (KSP-CON-5120)",true,false,,false,false,,"Clear verification report approved. No adverse records found in CCTNS Karnataka database. Passport grant recommended.",2026-07-20T14:30:00
PV-2026-KOL-0408,"Sunil Joshi",1969-08-01,Male,XXXX-XXXX-7133,9843238871,sunil.joshi13@example.com,"#115, Main Road, Kolar Gold Fields (KGF)","#115, Main Road, Kolar Gold Fields (KGF)",Bengaluru,Kolar Gold Fields (KGF),Champion Reefs PS,Fresh,URGENT,"Tourism",Australia,VERIFIED,"PC Chethan V. (KSP-CON-6245)",true,false,,false,false,,"Clear verification report approved. No adverse records found in CCTNS Karnataka database. Passport grant recommended.",2026-07-20T14:30:00
PV-2026-KOL-0409,"Raghavendra Pillai",1985-10-04,Male,XXXX-XXXX-7170,9843246790,raghavendra.pillai14@example.com,"#130, Main Road, Kolar Gold Fields (KGF)","#130, Main Road, Kolar Gold Fields (KGF)",Bengaluru,Kolar Gold Fields (KGF),Andersonpet PS,Fresh,NORMAL,"Family Visit",Japan,VERIFIED,"PC Venkatesh G. (KSP-CON-5512)",true,false,,false,false,,"Clear verification report approved. No adverse records found in CCTNS Karnataka database. Passport grant recommended.",2026-07-20T14:30:00
PV-2026-KOL-0410,"Sachin Gowda",2001-12-07,Male,XXXX-XXXX-7207,9843254709,sachin.gowda15@example.com,"#145, Main Road, Kolar Gold Fields (KGF)","#145, Main Road, Kolar Gold Fields (KGF)",Bengaluru,Kolar Gold Fields (KGF),Robertsonpet PS,Renewal,NORMAL,"Work Visa (USA)",United States of America,VERIFIED,"HC Basavaraj M. (KSP-CON-1890)",true,false,,false,false,,"Clear verification report approved. No adverse records found in CCTNS Karnataka database. Passport grant recommended.",2026-07-20T14:30:00
PV-2026-KOL-0411,"Rahul Rao",1975-02-10,Male,XXXX-XXXX-7244,9843262628,rahul.rao16@example.com,"#160, Main Road, Kolar Gold Fields (KGF)","#160, Main Road, Kolar Gold Fields (KGF)",Bengaluru,Kolar Gold Fields (KGF),Champion Reefs PS,Tatkal,TATKAL,"Higher Studies (UK/Europe)",Germany,VERIFIED,"HC Ramaiah B. (KSP-CON-4421)",true,false,,false,false,,"Clear verification report approved. No adverse records found in CCTNS Karnataka database. Passport grant recommended.",2026-07-20T14:30:00
PV-2026-KOL-0412,"Girish Shekhar",1991-04-13,Male,XXXX-XXXX-7281,9843270547,girish.shekhar17@example.com,"#175, Main Road, Kolar Gold Fields (KGF)","#175, Main Road, Kolar Gold Fields (KGF)",Bengaluru,Kolar Gold Fields (KGF),Andersonpet PS,Fresh,NORMAL,"Employment (Gulf)",United Arab Emirates,VERIFIED,"PC Suresh K. (KSP-CON-3189)",true,false,,false,false,,"Clear verification report approved. No adverse records found in CCTNS Karnataka database. Passport grant recommended.",2026-07-20T14:30:00
PV-2026-KOL-0413,"Sunil Joshi",1965-06-16,Male,XXXX-XXXX-7318,9843278466,sunil.joshi18@example.com,"#190, Main Road, Kolar Gold Fields (KGF)","#190, Main Road, Kolar Gold Fields (KGF)",Bengaluru,Kolar Gold Fields (KGF),Robertsonpet PS,Renewal,NORMAL,"Tourism",France,PENDING,"PC Anand Kumar T. (KSP-CON-7104)",false,false,,false,false,,,
PV-2026-KOL-0414,"Raghavendra Pillai",1981-08-19,Male,XXXX-XXXX-7355,9843286385,raghavendra.pillai19@example.com,"#205, Main Road, Kolar Gold Fields (KGF)","#205, Main Road, Kolar Gold Fields (KGF)",Bengaluru,Kolar Gold Fields (KGF),Champion Reefs PS,Fresh,NORMAL,"Tourism",Australia,PENDING,"PC Shivakumar N. (KSP-CON-6721)",false,false,,false,false,,,
PV-2026-KOL-0415,"Sachin Gowda",1997-10-22,Male,XXXX-XXXX-7392,9843294304,sachin.gowda20@example.com,"#220, Main Road, Kolar Gold Fields (KGF)","#220, Main Road, Kolar Gold Fields (KGF)",Bengaluru,Kolar Gold Fields (KGF),Andersonpet PS,Fresh,NORMAL,"Family Visit",Japan,PENDING,"WHC Savitha D. (KSP-CON-3310)",false,false,,false,false,,,
PV-2026-KOL-0416,"Rahul Rao",1971-12-25,Male,XXXX-XXXX-7429,9843302223,rahul.rao21@example.com,"#235, Main Road, Kolar Gold Fields (KGF)","#235, Main Road, Kolar Gold Fields (KGF)",Bengaluru,Kolar Gold Fields (KGF),Robertsonpet PS,Renewal,NORMAL,"Work Visa (USA)",United States of America,FIELD_VISIT_DONE,"HC Mallikarjun K. (KSP-CON-1678)",true,false,,false,false,,,
PV-2026-KOL-0417,"Girish Shekhar",1987-02-28,Male,XXXX-XXXX-7466,9843310142,girish.shekhar22@example.com,"#250, Main Road, Kolar Gold Fields (KGF)","#250, Main Road, Kolar Gold Fields (KGF)",Bengaluru,Kolar Gold Fields (KGF),Champion Reefs PS,Fresh,NORMAL,"Higher Studies (UK/Europe)",Germany,FIELD_VISIT_DONE,"HC Raghavendra P. (KSP-CON-2987)",true,false,,false,false,,,
PV-2026-KOL-0418,"Sunil Joshi",2003-04-03,Male,XXXX-XXXX-7503,9843318061,sunil.joshi23@example.com,"#265, Main Road, Kolar Gold Fields (KGF)","#265, Main Road, Kolar Gold Fields (KGF)",Bengaluru,Kolar Gold Fields (KGF),Andersonpet PS,Tatkal,TATKAL,"Employment (Gulf)",United Arab Emirates,PENDING,"PC Ningappa H. (KSP-CON-8032)",false,false,,false,false,,,
PV-2026-KOL-0419,"Raghavendra Pillai",1977-06-06,Male,XXXX-XXXX-7540,9843325980,raghavendra.pillai24@example.com,"#280, Main Road, Kolar Gold Fields (KGF)","#280, Main Road, Kolar Gold Fields (KGF)",Bengaluru,Kolar Gold Fields (KGF),Robertsonpet PS,Renewal,URGENT,"Tourism",France,FLAGGED,"WHC Renuka B. (KSP-CON-3891)",true,true,FIR-2025-520/KOL,true,false,,"FLAGGED TO SPECIAL BRANCH / CID: Linked to FIR-2025-520/KOL. Case pending in jurisdictional court.",2026-06-15T11:20:00
PV-2026-KOL-0420,"Sachin Gowda",1993-08-09,Male,XXXX-XXXX-7577,9843333899,sachin.gowda25@example.com,"#295, Main Road, Kolar Gold Fields (KGF)","#295, Main Road, Kolar Gold Fields (KGF)",Bengaluru,Kolar Gold Fields (KGF),Champion Reefs PS,Fresh,NORMAL,"Tourism",Australia,REJECTED,"WPC Geetha R. (KSP-CON-4902)",true,false,,false,false,"Address proof submitted found forged or non-verifiable","Application rejected by Police Sub-Inspector. Reason: Address proof submitted found forged or non-verifiable",2026-05-10T16:00:00
PV-2026-RAM-0421,"Venkatesh Verma",1991-06-08,Male,XXXX-XXXX-7614,9843341818,venkatesh.verma26@example.com,"#10, Main Road, Ramanagara","#10, Main Road, Ramanagara",Bengaluru,Ramanagara,Ramanagara Town PS,Tatkal,TATKAL,"Higher Studies (UK/Europe)",Germany,VERIFIED,"HC Ramaiah B. (KSP-CON-4421)",true,false,,false,false,,"Clear verification report approved. No adverse records found in CCTNS Karnataka database. Passport grant recommended.",2026-07-20T14:30:00
PV-2026-RAM-0422,"Suresh Bhat",1965-08-11,Male,XXXX-XXXX-7651,9843349737,suresh.bhat27@example.com,"#25, Main Road, Ramanagara","#25, Main Road, Ramanagara",Bengaluru,Ramanagara,Channapatna PS,Fresh,NORMAL,"Employment (Gulf)",United Arab Emirates,VERIFIED,"PC Suresh K. (KSP-CON-3189)",true,false,,false,false,,"Clear verification report approved. No adverse records found in CCTNS Karnataka database. Passport grant recommended.",2026-07-20T14:30:00
PV-2026-RAM-0423,"Vijay Das",1981-10-14,Male,XXXX-XXXX-7688,9843357656,vijay.das28@example.com,"#40, Main Road, Ramanagara","#40, Main Road, Ramanagara",Bengaluru,Ramanagara,Kanakapura PS,Fresh,NORMAL,"Tourism",France,VERIFIED,"PC Anand Kumar T. (KSP-CON-7104)",true,false,,false,false,,"Clear verification report approved. No adverse records found in CCTNS Karnataka database. Passport grant recommended.",2026-07-20T14:30:00
PV-2026-RAM-0424,"Sanjay Nambiar",1997-12-17,Male,XXXX-XXXX-7725,9843365575,sanjay.nambiar29@example.com,"#55, Main Road, Ramanagara","#55, Main Road, Ramanagara",Bengaluru,Ramanagara,Magadi PS,Renewal,NORMAL,"Tourism",Australia,VERIFIED,"PC Shivakumar N. (KSP-CON-6721)",true,false,,false,false,,"Clear verification report approved. No adverse records found in CCTNS Karnataka database. Passport grant recommended.",2026-07-20T14:30:00
PV-2026-RAM-0425,"Deepak Varma",1971-02-20,Male,XXXX-XXXX-7762,9843373494,deepak.varma30@example.com,"#70, Main Road, Ramanagara","#70, Main Road, Ramanagara",Bengaluru,Ramanagara,Ramanagara Town PS,Fresh,NORMAL,"Family Visit",Japan,VERIFIED,"WHC Savitha D. (KSP-CON-3310)",true,false,,false,false,,"Clear verification report approved. No adverse records found in CCTNS Karnataka database. Passport grant recommended.",2026-07-20T14:30:00
PV-2026-RAM-0426,"Venkatesh Verma",1987-04-23,Male,XXXX-XXXX-7799,9843381413,venkatesh.verma31@example.com,"#85, Main Road, Ramanagara","#85, Main Road, Ramanagara",Bengaluru,Ramanagara,Channapatna PS,Tatkal,TATKAL,"Work Visa (USA)",United States of America,VERIFIED,"HC Mallikarjun K. (KSP-CON-1678)",true,false,,false,false,,"Clear verification report approved. No adverse records found in CCTNS Karnataka database. Passport grant recommended.",2026-07-20T14:30:00
PV-2026-RAM-0427,"Suresh Bhat",2003-06-26,Male,XXXX-XXXX-7836,9843389332,suresh.bhat32@example.com,"#100, Main Road, Ramanagara","#100, Main Road, Ramanagara",Bengaluru,Ramanagara,Kanakapura PS,Renewal,NORMAL,"Higher Studies (UK/Europe)",Germany,VERIFIED,"HC Raghavendra P. (KSP-CON-2987)",true,false,,false,false,,"Clear verification report approved. No adverse records found in CCTNS Karnataka database. Passport grant recommended.",2026-07-20T14:30:00
PV-2026-RAM-0428,"Vijay Das",1977-08-01,Male,XXXX-XXXX-7873,9843397251,vijay.das33@example.com,"#115, Main Road, Ramanagara","#115, Main Road, Ramanagara",Bengaluru,Ramanagara,Magadi PS,Fresh,URGENT,"Employment (Gulf)",United Arab Emirates,VERIFIED,"PC Ningappa H. (KSP-CON-8032)",true,false,,false,false,,"Clear verification report approved. No adverse records found in CCTNS Karnataka database. Passport grant recommended.",2026-07-20T14:30:00
PV-2026-RAM-0429,"Sanjay Nambiar",1993-10-04,Male,XXXX-XXXX-7910,9843405170,sanjay.nambiar34@example.com,"#130, Main Road, Ramanagara","#130, Main Road, Ramanagara",Bengaluru,Ramanagara,Ramanagara Town PS,Fresh,NORMAL,"Tourism",France,VERIFIED,"WHC Renuka B. (KSP-CON-3891)",true,false,,false,false,,"Clear verification report approved. No adverse records found in CCTNS Karnataka database. Passport grant recommended.",2026-07-20T14:30:00
PV-2026-RAM-0430,"Deepak Varma",1967-12-07,Male,XXXX-XXXX-7947,9843413089,deepak.varma35@example.com,"#145, Main Road, Ramanagara","#145, Main Road, Ramanagara",Bengaluru,Ramanagara,Channapatna PS,Renewal,NORMAL,"Tourism",Australia,VERIFIED,"WPC Geetha R. (KSP-CON-4902)",true,false,,false,false,,"Clear verification report approved. No adverse records found in CCTNS Karnataka database. Passport grant recommended.",2026-07-20T14:30:00
PV-2026-RAM-0431,"Venkatesh Verma",1983-02-10,Male,XXXX-XXXX-7984,9843421008,venkatesh.verma36@example.com,"#160, Main Road, Ramanagara","#160, Main Road, Ramanagara",Bengaluru,Ramanagara,Kanakapura PS,Tatkal,TATKAL,"Family Visit",Japan,VERIFIED,"HC Manjunatha S. (KSP-CON-2044)",true,false,,false,false,,"Clear verification report approved. No adverse records found in CCTNS Karnataka database. Passport grant recommended.",2026-07-20T14:30:00
PV-2026-RAM-0432,"Suresh Bhat",1999-04-13,Male,XXXX-XXXX-8021,9843428927,suresh.bhat37@example.com,"#175, Main Road, Ramanagara","#175, Main Road, Ramanagara",Bengaluru,Ramanagara,Magadi PS,Fresh,NORMAL,"Work Visa (USA)",United States of America,VERIFIED,"PC Praveen Gowda (KSP-CON-5120)",true,false,,false,false,,"Clear verification report approved. No adverse records found in CCTNS Karnataka database. Passport grant recommended.",2026-07-20T14:30:00
PV-2026-RAM-0433,"Vijay Das",1973-06-16,Male,XXXX-XXXX-8058,9843436846,vijay.das38@example.com,"#190, Main Road, Ramanagara","#190, Main Road, Ramanagara",Bengaluru,Ramanagara,Ramanagara Town PS,Renewal,NORMAL,"Higher Studies (UK/Europe)",Germany,PENDING,"PC Chethan V. (KSP-CON-6245)",false,false,,false,false,,,
PV-2026-RAM-0434,"Sanjay Nambiar",1989-08-19,Male,XXXX-XXXX-8095,9843444765,sanjay.nambiar39@example.com,"#205, Main Road, Ramanagara","#205, Main Road, Ramanagara",Bengaluru,Ramanagara,Channapatna PS,Fresh,NORMAL,"Employment (Gulf)",United Arab Emirates,PENDING,"PC Venkatesh G. (KSP-CON-5512)",false,false,,false,false,,,
PV-2026-RAM-0435,"Deepak Varma",2005-10-22,Male,XXXX-XXXX-8132,9843452684,deepak.varma40@example.com,"#220, Main Road, Ramanagara","#220, Main Road, Ramanagara",Bengaluru,Ramanagara,Kanakapura PS,Fresh,NORMAL,"Tourism",France,PENDING,"HC Basavaraj M. (KSP-CON-1890)",false,false,,false,false,,,
PV-2026-RAM-0436,"Venkatesh Verma",1979-12-25,Male,XXXX-XXXX-8169,9843460603,venkatesh.verma41@example.com,"#235, Main Road, Ramanagara","#235, Main Road, Ramanagara",Bengaluru,Ramanagara,Magadi PS,Renewal,NORMAL,"Tourism",Australia,FIELD_VISIT_DONE,"HC Ramaiah B. (KSP-CON-4421)",true,false,,false,false,,,
PV-2026-RAM-0437,"Suresh Bhat",1995-02-28,Male,XXXX-XXXX-8206,9843468522,suresh.bhat42@example.com,"#250, Main Road, Ramanagara","#250, Main Road, Ramanagara",Bengaluru,Ramanagara,Ramanagara Town PS,Fresh,NORMAL,"Family Visit",Japan,FIELD_VISIT_DONE,"PC Suresh K. (KSP-CON-3189)",true,false,,false,false,,,
PV-2026-RAM-0438,"Vijay Das",1969-04-03,Male,XXXX-XXXX-8243,9843476441,vijay.das43@example.com,"#265, Main Road, Ramanagara","#265, Main Road, Ramanagara",Bengaluru,Ramanagara,Channapatna PS,Tatkal,TATKAL,"Work Visa (USA)",United States of America,PENDING,"PC Anand Kumar T. (KSP-CON-7104)",false,false,,false,false,,,
PV-2026-RAM-0439,"Sanjay Nambiar",1985-06-06,Male,XXXX-XXXX-8280,9843484360,sanjay.nambiar44@example.com,"#280, Main Road, Ramanagara","#280, Main Road, Ramanagara",Bengaluru,Ramanagara,Kanakapura PS,Renewal,URGENT,"Higher Studies (UK/Europe)",Germany,FLAGGED,"PC Shivakumar N. (KSP-CON-6721)",true,true,FIR-2025-540/RAM,true,false,,"FLAGGED TO SPECIAL BRANCH / CID: Linked to FIR-2025-540/RAM. Case pending in jurisdictional court.",2026-06-15T11:20:00
PV-2026-RAM-0440,"Deepak Varma",2001-08-09,Male,XXXX-XXXX-8317,9843492279,deepak.varma45@example.com,"#295, Main Road, Ramanagara","#295, Main Road, Ramanagara",Bengaluru,Ramanagara,Magadi PS,Fresh,NORMAL,"Employment (Gulf)",United Arab Emirates,REJECTED,"WHC Savitha D. (KSP-CON-3310)",true,false,,false,false,"Applicant failed to produce original documents during physical verification","Application rejected by Police Sub-Inspector. Reason: Applicant failed to produce original documents during physical verification",2026-05-10T16:00:00
PV-2026-TUM-0441,"Rahul Shetty",1999-06-08,Male,XXXX-XXXX-8354,9843500198,rahul.shetty46@example.com,"#10, Main Road, Tumakuru","#10, Main Road, Tumakuru",Bengaluru,Tumakuru,Tumakuru Town PS,Tatkal,TATKAL,"Family Visit",Japan,VERIFIED,"HC Manjunatha S. (KSP-CON-2044)",true,false,,false,false,,"Clear verification report approved. No adverse records found in CCTNS Karnataka database. Passport grant recommended.",2026-07-20T14:30:00
PV-2026-TUM-0442,"Girish Kumar",1973-08-11,Male,XXXX-XXXX-8391,9843508117,girish.kumar47@example.com,"#25, Main Road, Tumakuru","#25, Main Road, Tumakuru",Bengaluru,Tumakuru,Kyatsandra PS,Fresh,NORMAL,"Work Visa (USA)",United States of America,VERIFIED,"PC Praveen Gowda (KSP-CON-5120)",true,false,,false,false,,"Clear verification report approved. No adverse records found in CCTNS Karnataka database. Passport grant recommended.",2026-07-20T14:30:00
PV-2026-TUM-0443,"Sunil Iyengar",1989-10-14,Male,XXXX-XXXX-8428,9843516036,sunil.iyengar48@example.com,"#40, Main Road, Tumakuru","#40, Main Road, Tumakuru",Bengaluru,Tumakuru,Tiptur PS,Fresh,NORMAL,"Higher Studies (UK/Europe)",Germany,VERIFIED,"PC Chethan V. (KSP-CON-6245)",true,false,,false,false,,"Clear verification report approved. No adverse records found in CCTNS Karnataka database. Passport grant recommended.",2026-07-20T14:30:00
PV-2026-TUM-0444,"Raghavendra Nayak",2005-12-17,Male,XXXX-XXXX-8465,9843523955,raghavendra.nayak49@example.com,"#55, Main Road, Tumakuru","#55, Main Road, Tumakuru",Bengaluru,Tumakuru,Kunigal PS,Renewal,NORMAL,"Employment (Gulf)",United Arab Emirates,VERIFIED,"PC Venkatesh G. (KSP-CON-5512)",true,false,,false,false,,"Clear verification report approved. No adverse records found in CCTNS Karnataka database. Passport grant recommended.",2026-07-20T14:30:00
PV-2026-TUM-0445,"Sachin Choudhury",1979-02-20,Male,XXXX-XXXX-8502,9843531874,sachin.choudhury50@example.com,"#70, Main Road, Tumakuru","#70, Main Road, Tumakuru",Bengaluru,Tumakuru,Sira PS,Fresh,NORMAL,"Tourism",France,VERIFIED,"HC Basavaraj M. (KSP-CON-1890)",true,false,,false,false,,"Clear verification report approved. No adverse records found in CCTNS Karnataka database. Passport grant recommended.",2026-07-20T14:30:00
PV-2026-TUM-0446,"Rahul Shetty",1995-04-23,Male,XXXX-XXXX-8539,9843539793,rahul.shetty51@example.com,"#85, Main Road, Tumakuru","#85, Main Road, Tumakuru",Bengaluru,Tumakuru,Tumakuru Town PS,Tatkal,TATKAL,"Tourism",Australia,VERIFIED,"HC Ramaiah B. (KSP-CON-4421)",true,false,,false,false,,"Clear verification report approved. No adverse records found in CCTNS Karnataka database. Passport grant recommended.",2026-07-20T14:30:00
PV-2026-TUM-0447,"Girish Kumar",1969-06-26,Male,XXXX-XXXX-8576,9843547712,girish.kumar52@example.com,"#100, Main Road, Tumakuru","#100, Main Road, Tumakuru",Bengaluru,Tumakuru,Kyatsandra PS,Renewal,NORMAL,"Family Visit",Japan,VERIFIED,"PC Suresh K. (KSP-CON-3189)",true,false,,false,false,,"Clear verification report approved. No adverse records found in CCTNS Karnataka database. Passport grant recommended.",2026-07-20T14:30:00
PV-2026-TUM-0448,"Sunil Iyengar",1985-08-01,Male,XXXX-XXXX-8613,9843555631,sunil.iyengar53@example.com,"#115, Main Road, Tumakuru","#115, Main Road, Tumakuru",Bengaluru,Tumakuru,Tiptur PS,Fresh,URGENT,"Work Visa (USA)",United States of America,VERIFIED,"PC Anand Kumar T. (KSP-CON-7104)",true,false,,false,false,,"Clear verification report approved. No adverse records found in CCTNS Karnataka database. Passport grant recommended.",2026-07-20T14:30:00
PV-2026-TUM-0449,"Raghavendra Nayak",2001-10-04,Male,XXXX-XXXX-8650,9843563550,raghavendra.nayak54@example.com,"#130, Main Road, Tumakuru","#130, Main Road, Tumakuru",Bengaluru,Tumakuru,Kunigal PS,Fresh,NORMAL,"Higher Studies (UK/Europe)",Germany,VERIFIED,"PC Shivakumar N. (KSP-CON-6721)",true,false,,false,false,,"Clear verification report approved. No adverse records found in CCTNS Karnataka database. Passport grant recommended.",2026-07-20T14:30:00
PV-2026-TUM-0450,"Sachin Choudhury",1975-12-07,Male,XXXX-XXXX-8687,9843571469,sachin.choudhury55@example.com,"#145, Main Road, Tumakuru","#145, Main Road, Tumakuru",Bengaluru,Tumakuru,Sira PS,Renewal,NORMAL,"Employment (Gulf)",United Arab Emirates,VERIFIED,"WHC Savitha D. (KSP-CON-3310)",true,false,,false,false,,"Clear verification report approved. No adverse records found in CCTNS Karnataka database. Passport grant recommended.",2026-07-20T14:30:00
PV-2026-TUM-0451,"Rahul Shetty",1991-02-10,Male,XXXX-XXXX-8724,9843579388,rahul.shetty56@example.com,"#160, Main Road, Tumakuru","#160, Main Road, Tumakuru",Bengaluru,Tumakuru,Tumakuru Town PS,Tatkal,TATKAL,"Tourism",France,VERIFIED,"HC Mallikarjun K. (KSP-CON-1678)",true,false,,false,false,,"Clear verification report approved. No adverse records found in CCTNS Karnataka database. Passport grant recommended.",2026-07-20T14:30:00
PV-2026-TUM-0452,"Girish Kumar",1965-04-13,Male,XXXX-XXXX-8761,9843587307,girish.kumar57@example.com,"#175, Main Road, Tumakuru","#175, Main Road, Tumakuru",Bengaluru,Tumakuru,Kyatsandra PS,Fresh,NORMAL,"Tourism",Australia,VERIFIED,"HC Raghavendra P. (KSP-CON-2987)",true,false,,false,false,,"Clear verification report approved. No adverse records found in CCTNS Karnataka database. Passport grant recommended.",2026-07-20T14:30:00
PV-2026-TUM-0453,"Sunil Iyengar",1981-06-16,Male,XXXX-XXXX-8798,9843595226,sunil.iyengar58@example.com,"#190, Main Road, Tumakuru","#190, Main Road, Tumakuru",Bengaluru,Tumakuru,Tiptur PS,Renewal,NORMAL,"Family Visit",Japan,PENDING,"PC Ningappa H. (KSP-CON-8032)",false,false,,false,false,,,
PV-2026-TUM-0454,"Raghavendra Nayak",1997-08-19,Male,XXXX-XXXX-8835,9843603145,raghavendra.nayak59@example.com,"#205, Main Road, Tumakuru","#205, Main Road, Tumakuru",Bengaluru,Tumakuru,Kunigal PS,Fresh,NORMAL,"Work Visa (USA)",United States of America,PENDING,"WHC Renuka B. (KSP-CON-3891)",false,false,,false,false,,,
PV-2026-TUM-0455,"Sachin Choudhury",1971-10-22,Male,XXXX-XXXX-8872,9843611064,sachin.choudhury60@example.com,"#220, Main Road, Tumakuru","#220, Main Road, Tumakuru",Bengaluru,Tumakuru,Sira PS,Fresh,NORMAL,"Higher Studies (UK/Europe)",Germany,PENDING,"WPC Geetha R. (KSP-CON-4902)",false,false,,false,false,,,
PV-2026-TUM-0456,"Rahul Shetty",1987-12-25,Male,XXXX-XXXX-8909,9843618983,rahul.shetty61@example.com,"#235, Main Road, Tumakuru","#235, Main Road, Tumakuru",Bengaluru,Tumakuru,Tumakuru Town PS,Renewal,NORMAL,"Employment (Gulf)",United Arab Emirates,FIELD_VISIT_DONE,"HC Manjunatha S. (KSP-CON-2044)",true,false,,false,false,,,
PV-2026-TUM-0457,"Girish Kumar",2003-02-28,Male,XXXX-XXXX-8946,9843626902,girish.kumar62@example.com,"#250, Main Road, Tumakuru","#250, Main Road, Tumakuru",Bengaluru,Tumakuru,Kyatsandra PS,Fresh,NORMAL,"Tourism",France,FIELD_VISIT_DONE,"PC Praveen Gowda (KSP-CON-5120)",true,false,,false,false,,,
PV-2026-TUM-0458,"Sunil Iyengar",1977-04-03,Male,XXXX-XXXX-8983,9843634821,sunil.iyengar63@example.com,"#265, Main Road, Tumakuru","#265, Main Road, Tumakuru",Bengaluru,Tumakuru,Tiptur PS,Tatkal,TATKAL,"Tourism",Australia,PENDING,"PC Chethan V. (KSP-CON-6245)",false,false,,false,false,,,
PV-2026-TUM-0459,"Raghavendra Nayak",1993-06-06,Male,XXXX-XXXX-9020,9843642740,raghavendra.nayak64@example.com,"#280, Main Road, Tumakuru","#280, Main Road, Tumakuru",Bengaluru,Tumakuru,Kunigal PS,Renewal,URGENT,"Family Visit",Japan,FLAGGED,"PC Venkatesh G. (KSP-CON-5512)",true,true,FIR-2025-560/TUM,true,false,,"FLAGGED TO SPECIAL BRANCH / CID: Linked to FIR-2025-560/TUM. Case pending in jurisdictional court.",2026-06-15T11:20:00
PV-2026-TUM-0460,"Sachin Choudhury",1967-08-09,Male,XXXX-XXXX-9057,9843650659,sachin.choudhury65@example.com,"#295, Main Road, Tumakuru","#295, Main Road, Tumakuru",Bengaluru,Tumakuru,Sira PS,Fresh,NORMAL,"Work Visa (USA)",United States of America,REJECTED,"HC Basavaraj M. (KSP-CON-1890)",true,false,,false,false,"Adverse report: Ongoing criminal investigation and FIR pending","Application rejected by Police Sub-Inspector. Reason: Adverse report: Ongoing criminal investigation and FIR pending",2026-05-10T16:00:00
PV-2026-CHA-0461,"Venkatesh Rao",1965-06-08,Male,XXXX-XXXX-9094,9843658578,venkatesh.rao66@example.com,"#10, Main Road, Chamarajanagara","#10, Main Road, Chamarajanagara",Bengaluru,Chamarajanagara,Chamarajanagar Town PS,Tatkal,TATKAL,"Tourism",France,VERIFIED,"HC Mallikarjun K. (KSP-CON-1678)",true,false,,false,false,,"Clear verification report approved. No adverse records found in CCTNS Karnataka database. Passport grant recommended.",2026-07-20T14:30:00
PV-2026-CHA-0462,"Suresh Shekhar",1981-08-11,Male,XXXX-XXXX-9131,9843666497,suresh.shekhar67@example.com,"#25, Main Road, Chamarajanagara","#25, Main Road, Chamarajanagara",Bengaluru,Chamarajanagara,Gundlupet PS,Fresh,NORMAL,"Tourism",Australia,VERIFIED,"HC Raghavendra P. (KSP-CON-2987)",true,false,,false,false,,"Clear verification report approved. No adverse records found in CCTNS Karnataka database. Passport grant recommended.",2026-07-20T14:30:00
PV-2026-CHA-0463,"Vijay Joshi",1997-10-14,Male,XXXX-XXXX-9168,9843674416,vijay.joshi68@example.com,"#40, Main Road, Chamarajanagara","#40, Main Road, Chamarajanagara",Bengaluru,Chamarajanagara,Kollegal PS,Fresh,NORMAL,"Family Visit",Japan,VERIFIED,"PC Ningappa H. (KSP-CON-8032)",true,false,,false,false,,"Clear verification report approved. No adverse records found in CCTNS Karnataka database. Passport grant recommended.",2026-07-20T14:30:00
PV-2026-CHA-0464,"Sanjay Pillai",1971-12-17,Male,XXXX-XXXX-9205,9843682335,sanjay.pillai69@example.com,"#55, Main Road, Chamarajanagara","#55, Main Road, Chamarajanagara",Bengaluru,Chamarajanagara,Yelandur PS,Renewal,NORMAL,"Work Visa (USA)",United States of America,VERIFIED,"WHC Renuka B. (KSP-CON-3891)",true,false,,false,false,,"Clear verification report approved. No adverse records found in CCTNS Karnataka database. Passport grant recommended.",2026-07-20T14:30:00
PV-2026-CHA-0465,"Deepak Gowda",1987-02-20,Male,XXXX-XXXX-9242,9843690254,deepak.gowda70@example.com,"#70, Main Road, Chamarajanagara","#70, Main Road, Chamarajanagara",Bengaluru,Chamarajanagara,Chamarajanagar Town PS,Fresh,NORMAL,"Higher Studies (UK/Europe)",Germany,VERIFIED,"WPC Geetha R. (KSP-CON-4902)",true,false,,false,false,,"Clear verification report approved. No adverse records found in CCTNS Karnataka database. Passport grant recommended.",2026-07-20T14:30:00
PV-2026-CHA-0466,"Venkatesh Rao",2003-04-23,Male,XXXX-XXXX-9279,9843698173,venkatesh.rao71@example.com,"#85, Main Road, Chamarajanagara","#85, Main Road, Chamarajanagara",Bengaluru,Chamarajanagara,Gundlupet PS,Tatkal,TATKAL,"Employment (Gulf)",United Arab Emirates,VERIFIED,"HC Manjunatha S. (KSP-CON-2044)",true,false,,false,false,,"Clear verification report approved. No adverse records found in CCTNS Karnataka database. Passport grant recommended.",2026-07-20T14:30:00
PV-2026-CHA-0467,"Suresh Shekhar",1977-06-26,Male,XXXX-XXXX-9316,9843706092,suresh.shekhar72@example.com,"#100, Main Road, Chamarajanagara","#100, Main Road, Chamarajanagara",Bengaluru,Chamarajanagara,Kollegal PS,Renewal,NORMAL,"Tourism",France,VERIFIED,"PC Praveen Gowda (KSP-CON-5120)",true,false,,false,false,,"Clear verification report approved. No adverse records found in CCTNS Karnataka database. Passport grant recommended.",2026-07-20T14:30:00
PV-2026-CHA-0468,"Vijay Joshi",1993-08-01,Male,XXXX-XXXX-9353,9843714011,vijay.joshi73@example.com,"#115, Main Road, Chamarajanagara","#115, Main Road, Chamarajanagara",Bengaluru,Chamarajanagara,Yelandur PS,Fresh,URGENT,"Tourism",Australia,VERIFIED,"PC Chethan V. (KSP-CON-6245)",true,false,,false,false,,"Clear verification report approved. No adverse records found in CCTNS Karnataka database. Passport grant recommended.",2026-07-20T14:30:00
PV-2026-CHA-0469,"Sanjay Pillai",1967-10-04,Male,XXXX-XXXX-9390,9843721930,sanjay.pillai74@example.com,"#130, Main Road, Chamarajanagara","#130, Main Road, Chamarajanagara",Bengaluru,Chamarajanagara,Chamarajanagar Town PS,Fresh,NORMAL,"Family Visit",Japan,VERIFIED,"PC Venkatesh G. (KSP-CON-5512)",true,false,,false,false,,"Clear verification report approved. No adverse records found in CCTNS Karnataka database. Passport grant recommended.",2026-07-20T14:30:00
PV-2026-CHA-0470,"Deepak Gowda",1983-12-07,Male,XXXX-XXXX-9427,9843729849,deepak.gowda75@example.com,"#145, Main Road, Chamarajanagara","#145, Main Road, Chamarajanagara",Bengaluru,Chamarajanagara,Gundlupet PS,Renewal,NORMAL,"Work Visa (USA)",United States of America,VERIFIED,"HC Basavaraj M. (KSP-CON-1890)",true,false,,false,false,,"Clear verification report approved. No adverse records found in CCTNS Karnataka database. Passport grant recommended.",2026-07-20T14:30:00
PV-2026-CHA-0471,"Venkatesh Rao",1999-02-10,Male,XXXX-XXXX-9464,9843737768,venkatesh.rao76@example.com,"#160, Main Road, Chamarajanagara","#160, Main Road, Chamarajanagara",Bengaluru,Chamarajanagara,Kollegal PS,Tatkal,TATKAL,"Higher Studies (UK/Europe)",Germany,VERIFIED,"HC Ramaiah B. (KSP-CON-4421)",true,false,,false,false,,"Clear verification report approved. No adverse records found in CCTNS Karnataka database. Passport grant recommended.",2026-07-20T14:30:00
PV-2026-CHA-0472,"Suresh Shekhar",1973-04-13,Male,XXXX-XXXX-9501,9843745687,suresh.shekhar77@example.com,"#175, Main Road, Chamarajanagara","#175, Main Road, Chamarajanagara",Bengaluru,Chamarajanagara,Yelandur PS,Fresh,NORMAL,"Employment (Gulf)",United Arab Emirates,VERIFIED,"PC Suresh K. (KSP-CON-3189)",true,false,,false,false,,"Clear verification report approved. No adverse records found in CCTNS Karnataka database. Passport grant recommended.",2026-07-20T14:30:00
PV-2026-CHA-0473,"Vijay Joshi",1989-06-16,Male,XXXX-XXXX-9538,9843753606,vijay.joshi78@example.com,"#190, Main Road, Chamarajanagara","#190, Main Road, Chamarajanagara",Bengaluru,Chamarajanagara,Chamarajanagar Town PS,Renewal,NORMAL,"Tourism",France,PENDING,"PC Anand Kumar T. (KSP-CON-7104)",false,false,,false,false,,,
PV-2026-CHA-0474,"Sanjay Pillai",2005-08-19,Male,XXXX-XXXX-9575,9843761525,sanjay.pillai79@example.com,"#205, Main Road, Chamarajanagara","#205, Main Road, Chamarajanagara",Bengaluru,Chamarajanagara,Gundlupet PS,Fresh,NORMAL,"Tourism",Australia,PENDING,"PC Shivakumar N. (KSP-CON-6721)",false,false,,false,false,,,
PV-2026-CHA-0475,"Deepak Gowda",1979-10-22,Male,XXXX-XXXX-9612,9843769444,deepak.gowda80@example.com,"#220, Main Road, Chamarajanagara","#220, Main Road, Chamarajanagara",Bengaluru,Chamarajanagara,Kollegal PS,Fresh,NORMAL,"Family Visit",Japan,PENDING,"WHC Savitha D. (KSP-CON-3310)",false,false,,false,false,,,
PV-2026-CHA-0476,"Venkatesh Rao",1995-12-25,Male,XXXX-XXXX-9649,9843777363,venkatesh.rao81@example.com,"#235, Main Road, Chamarajanagara","#235, Main Road, Chamarajanagara",Bengaluru,Chamarajanagara,Yelandur PS,Renewal,NORMAL,"Work Visa (USA)",United States of America,FIELD_VISIT_DONE,"HC Mallikarjun K. (KSP-CON-1678)",true,false,,false,false,,,
PV-2026-CHA-0477,"Suresh Shekhar",1969-02-28,Male,XXXX-XXXX-9686,9843785282,suresh.shekhar82@example.com,"#250, Main Road, Chamarajanagara","#250, Main Road, Chamarajanagara",Bengaluru,Chamarajanagara,Chamarajanagar Town PS,Fresh,NORMAL,"Higher Studies (UK/Europe)",Germany,FIELD_VISIT_DONE,"HC Raghavendra P. (KSP-CON-2987)",true,false,,false,false,,,
PV-2026-CHA-0478,"Vijay Joshi",1985-04-03,Male,XXXX-XXXX-9723,9843793201,vijay.joshi83@example.com,"#265, Main Road, Chamarajanagara","#265, Main Road, Chamarajanagara",Bengaluru,Chamarajanagara,Gundlupet PS,Tatkal,TATKAL,"Employment (Gulf)",United Arab Emirates,PENDING,"PC Ningappa H. (KSP-CON-8032)",false,false,,false,false,,,
PV-2026-CHA-0479,"Sanjay Pillai",2001-06-06,Male,XXXX-XXXX-9760,9843801120,sanjay.pillai84@example.com,"#280, Main Road, Chamarajanagara","#280, Main Road, Chamarajanagara",Bengaluru,Chamarajanagara,Kollegal PS,Renewal,URGENT,"Tourism",France,FLAGGED,"WHC Renuka B. (KSP-CON-3891)",true,true,FIR-2025-580/CHA,true,false,,"FLAGGED TO SPECIAL BRANCH / CID: Linked to FIR-2025-580/CHA. Case pending in jurisdictional court.",2026-06-15T11:20:00
PV-2026-CHA-0480,"Deepak Gowda",1975-08-09,Male,XXXX-XXXX-9797,9843809039,deepak.gowda85@example.com,"#295, Main Road, Chamarajanagara","#295, Main Road, Chamarajanagara",Bengaluru,Chamarajanagara,Yelandur PS,Fresh,NORMAL,"Tourism",Australia,REJECTED,"WPC Geetha R. (KSP-CON-4902)",true,false,,false,false,"Address proof submitted found forged or non-verifiable","Application rejected by Police Sub-Inspector. Reason: Address proof submitted found forged or non-verifiable",2026-05-10T16:00:00
PV-2026-CHI-0481,"Rahul Verma",1973-06-08,Male,XXXX-XXXX-9834,9843816958,rahul.verma86@example.com,"#10, Main Road, Chikkamagaluru","#10, Main Road, Chikkamagaluru",Bengaluru,Chikkamagaluru,Chikkamagaluru Town PS,Tatkal,TATKAL,"Higher Studies (UK/Europe)",Germany,VERIFIED,"HC Ramaiah B. (KSP-CON-4421)",true,false,,false,false,,"Clear verification report approved. No adverse records found in CCTNS Karnataka database. Passport grant recommended.",2026-07-20T14:30:00
PV-2026-CHI-0482,"Girish Bhat",1989-08-11,Male,XXXX-XXXX-9871,9843824877,girish.bhat87@example.com,"#25, Main Road, Chikkamagaluru","#25, Main Road, Chikkamagaluru",Bengaluru,Chikkamagaluru,Kadur PS,Fresh,NORMAL,"Employment (Gulf)",United Arab Emirates,VERIFIED,"PC Suresh K. (KSP-CON-3189)",true,false,,false,false,,"Clear verification report approved. No adverse records found in CCTNS Karnataka database. Passport grant recommended.",2026-07-20T14:30:00
PV-2026-CHI-0483,"Sunil Das",2005-10-14,Male,XXXX-XXXX-9908,9843832796,sunil.das88@example.com,"#40, Main Road, Chikkamagaluru","#40, Main Road, Chikkamagaluru",Bengaluru,Chikkamagaluru,Mudigere PS,Fresh,NORMAL,"Tourism",France,VERIFIED,"PC Anand Kumar T. (KSP-CON-7104)",true,false,,false,false,,"Clear verification report approved. No adverse records found in CCTNS Karnataka database. Passport grant recommended.",2026-07-20T14:30:00
PV-2026-CHI-0484,"Raghavendra Nambiar",1979-12-17,Male,XXXX-XXXX-9945,9843840715,raghavendra.nambiar89@example.com,"#55, Main Road, Chikkamagaluru","#55, Main Road, Chikkamagaluru",Bengaluru,Chikkamagaluru,Tarikere PS,Renewal,NORMAL,"Tourism",Australia,VERIFIED,"PC Shivakumar N. (KSP-CON-6721)",true,false,,false,false,,"Clear verification report approved. No adverse records found in CCTNS Karnataka database. Passport grant recommended.",2026-07-20T14:30:00
PV-2026-CHI-0485,"Sachin Varma",1995-02-20,Male,XXXX-XXXX-9982,9843848634,sachin.varma90@example.com,"#70, Main Road, Chikkamagaluru","#70, Main Road, Chikkamagaluru",Bengaluru,Chikkamagaluru,Chikkamagaluru Town PS,Fresh,NORMAL,"Family Visit",Japan,VERIFIED,"WHC Savitha D. (KSP-CON-3310)",true,false,,false,false,,"Clear verification report approved. No adverse records found in CCTNS Karnataka database. Passport grant recommended.",2026-07-20T14:30:00
PV-2026-CHI-0486,"Rahul Verma",1969-04-23,Male,XXXX-XXXX-1019,9843856553,rahul.verma91@example.com,"#85, Main Road, Chikkamagaluru","#85, Main Road, Chikkamagaluru",Bengaluru,Chikkamagaluru,Kadur PS,Tatkal,TATKAL,"Work Visa (USA)",United States of America,VERIFIED,"HC Mallikarjun K. (KSP-CON-1678)",true,false,,false,false,,"Clear verification report approved. No adverse records found in CCTNS Karnataka database. Passport grant recommended.",2026-07-20T14:30:00
PV-2026-CHI-0487,"Girish Bhat",1985-06-26,Male,XXXX-XXXX-1056,9843864472,girish.bhat92@example.com,"#100, Main Road, Chikkamagaluru","#100, Main Road, Chikkamagaluru",Bengaluru,Chikkamagaluru,Mudigere PS,Renewal,NORMAL,"Higher Studies (UK/Europe)",Germany,VERIFIED,"HC Raghavendra P. (KSP-CON-2987)",true,false,,false,false,,"Clear verification report approved. No adverse records found in CCTNS Karnataka database. Passport grant recommended.",2026-07-20T14:30:00
PV-2026-CHI-0488,"Sunil Das",2001-08-01,Male,XXXX-XXXX-1093,9843872391,sunil.das93@example.com,"#115, Main Road, Chikkamagaluru","#115, Main Road, Chikkamagaluru",Bengaluru,Chikkamagaluru,Tarikere PS,Fresh,URGENT,"Employment (Gulf)",United Arab Emirates,VERIFIED,"PC Ningappa H. (KSP-CON-8032)",true,false,,false,false,,"Clear verification report approved. No adverse records found in CCTNS Karnataka database. Passport grant recommended.",2026-07-20T14:30:00
PV-2026-CHI-0489,"Raghavendra Nambiar",1975-10-04,Male,XXXX-XXXX-1130,9843880310,raghavendra.nambiar94@example.com,"#130, Main Road, Chikkamagaluru","#130, Main Road, Chikkamagaluru",Bengaluru,Chikkamagaluru,Chikkamagaluru Town PS,Fresh,NORMAL,"Tourism",France,VERIFIED,"WHC Renuka B. (KSP-CON-3891)",true,false,,false,false,,"Clear verification report approved. No adverse records found in CCTNS Karnataka database. Passport grant recommended.",2026-07-20T14:30:00
PV-2026-CHI-0490,"Sachin Varma",1991-12-07,Male,XXXX-XXXX-1167,9843888229,sachin.varma95@example.com,"#145, Main Road, Chikkamagaluru","#145, Main Road, Chikkamagaluru",Bengaluru,Chikkamagaluru,Kadur PS,Renewal,NORMAL,"Tourism",Australia,VERIFIED,"WPC Geetha R. (KSP-CON-4902)",true,false,,false,false,,"Clear verification report approved. No adverse records found in CCTNS Karnataka database. Passport grant recommended.",2026-07-20T14:30:00
PV-2026-CHI-0491,"Rahul Verma",1965-02-10,Male,XXXX-XXXX-1204,9843896148,rahul.verma96@example.com,"#160, Main Road, Chikkamagaluru","#160, Main Road, Chikkamagaluru",Bengaluru,Chikkamagaluru,Mudigere PS,Tatkal,TATKAL,"Family Visit",Japan,VERIFIED,"HC Manjunatha S. (KSP-CON-2044)",true,false,,false,false,,"Clear verification report approved. No adverse records found in CCTNS Karnataka database. Passport grant recommended.",2026-07-20T14:30:00
PV-2026-CHI-0492,"Girish Bhat",1981-04-13,Male,XXXX-XXXX-1241,9843904067,girish.bhat97@example.com,"#175, Main Road, Chikkamagaluru","#175, Main Road, Chikkamagaluru",Bengaluru,Chikkamagaluru,Tarikere PS,Fresh,NORMAL,"Work Visa (USA)",United States of America,VERIFIED,"PC Praveen Gowda (KSP-CON-5120)",true,false,,false,false,,"Clear verification report approved. No adverse records found in CCTNS Karnataka database. Passport grant recommended.",2026-07-20T14:30:00
PV-2026-CHI-0493,"Sunil Das",1997-06-16,Male,XXXX-XXXX-1278,9843911986,sunil.das98@example.com,"#190, Main Road, Chikkamagaluru","#190, Main Road, Chikkamagaluru",Bengaluru,Chikkamagaluru,Chikkamagaluru Town PS,Renewal,NORMAL,"Higher Studies (UK/Europe)",Germany,PENDING,"PC Chethan V. (KSP-CON-6245)",false,false,,false,false,,,
PV-2026-CHI-0494,"Raghavendra Nambiar",1971-08-19,Male,XXXX-XXXX-1315,9843919905,raghavendra.nambiar0@example.com,"#205, Main Road, Chikkamagaluru","#205, Main Road, Chikkamagaluru",Bengaluru,Chikkamagaluru,Kadur PS,Fresh,NORMAL,"Employment (Gulf)",United Arab Emirates,PENDING,"PC Venkatesh G. (KSP-CON-5512)",false,false,,false,false,,,
PV-2026-CHI-0495,"Sachin Varma",1987-10-22,Male,XXXX-XXXX-1352,9843927824,sachin.varma1@example.com,"#220, Main Road, Chikkamagaluru","#220, Main Road, Chikkamagaluru",Bengaluru,Chikkamagaluru,Mudigere PS,Fresh,NORMAL,"Tourism",France,PENDING,"HC Basavaraj M. (KSP-CON-1890)",false,false,,false,false,,,
PV-2026-CHI-0496,"Rahul Verma",2003-12-25,Male,XXXX-XXXX-1389,9843935743,rahul.verma2@example.com,"#235, Main Road, Chikkamagaluru","#235, Main Road, Chikkamagaluru",Bengaluru,Chikkamagaluru,Tarikere PS,Renewal,NORMAL,"Tourism",Australia,FIELD_VISIT_DONE,"HC Ramaiah B. (KSP-CON-4421)",true,false,,false,false,,,
PV-2026-CHI-0497,"Girish Bhat",1977-02-28,Male,XXXX-XXXX-1426,9843943662,girish.bhat3@example.com,"#250, Main Road, Chikkamagaluru","#250, Main Road, Chikkamagaluru",Bengaluru,Chikkamagaluru,Chikkamagaluru Town PS,Fresh,NORMAL,"Family Visit",Japan,FIELD_VISIT_DONE,"PC Suresh K. (KSP-CON-3189)",true,false,,false,false,,,
PV-2026-CHI-0498,"Sunil Das",1993-04-03,Male,XXXX-XXXX-1463,9843951581,sunil.das4@example.com,"#265, Main Road, Chikkamagaluru","#265, Main Road, Chikkamagaluru",Bengaluru,Chikkamagaluru,Kadur PS,Tatkal,TATKAL,"Work Visa (USA)",United States of America,PENDING,"PC Anand Kumar T. (KSP-CON-7104)",false,false,,false,false,,,
PV-2026-CHI-0499,"Raghavendra Nambiar",1967-06-06,Male,XXXX-XXXX-1500,9843959500,raghavendra.nambiar5@example.com,"#280, Main Road, Chikkamagaluru","#280, Main Road, Chikkamagaluru",Bengaluru,Chikkamagaluru,Mudigere PS,Renewal,URGENT,"Higher Studies (UK/Europe)",Germany,FLAGGED,"PC Shivakumar N. (KSP-CON-6721)",true,true,FIR-2025-600/CHI,true,false,,"FLAGGED TO SPECIAL BRANCH / CID: Linked to FIR-2025-600/CHI. Case pending in jurisdictional court.",2026-06-15T11:20:00
PV-2026-CHI-0500,"Sachin Varma",1983-08-09,Male,XXXX-XXXX-1537,9843967419,sachin.varma6@example.com,"#295, Main Road, Chikkamagaluru","#295, Main Road, Chikkamagaluru",Bengaluru,Chikkamagaluru,Tarikere PS,Fresh,NORMAL,"Employment (Gulf)",United Arab Emirates,REJECTED,"WHC Savitha D. (KSP-CON-3310)",true,false,,false,false,"Applicant failed to produce original documents during physical verification","Application rejected by Police Sub-Inspector. Reason: Applicant failed to produce original documents during physical verification",2026-05-10T16:00:00
PV-2026-DAK-0501,"Venkatesh Shetty",1981-06-08,Male,XXXX-XXXX-1574,9843975338,venkatesh.shetty7@example.com,"#10, Main Road, Dakshina Kannada","#10, Main Road, Dakshina Kannada",Bengaluru,Dakshina Kannada,Kadri PS,Tatkal,TATKAL,"Family Visit",Japan,VERIFIED,"HC Manjunatha S. (KSP-CON-2044)",true,false,,false,false,,"Clear verification report approved. No adverse records found in CCTNS Karnataka database. Passport grant recommended.",2026-07-20T14:30:00
PV-2026-DAK-0502,"Suresh Kumar",1997-08-11,Male,XXXX-XXXX-1611,9843983257,suresh.kumar8@example.com,"#25, Main Road, Dakshina Kannada","#25, Main Road, Dakshina Kannada",Bengaluru,Dakshina Kannada,Mangaluru North PS,Fresh,NORMAL,"Work Visa (USA)",United States of America,VERIFIED,"PC Praveen Gowda (KSP-CON-5120)",true,false,,false,false,,"Clear verification report approved. No adverse records found in CCTNS Karnataka database. Passport grant recommended.",2026-07-20T14:30:00
PV-2026-DAK-0503,"Vijay Iyengar",1971-10-14,Male,XXXX-XXXX-1648,9843991176,vijay.iyengar9@example.com,"#40, Main Road, Dakshina Kannada","#40, Main Road, Dakshina Kannada",Bengaluru,Dakshina Kannada,Bunder PS,Fresh,NORMAL,"Higher Studies (UK/Europe)",Germany,VERIFIED,"PC Chethan V. (KSP-CON-6245)",true,false,,false,false,,"Clear verification report approved. No adverse records found in CCTNS Karnataka database. Passport grant recommended.",2026-07-20T14:30:00
PV-2026-DAK-0504,"Sanjay Nayak",1987-12-17,Male,XXXX-XXXX-1685,9843999095,sanjay.nayak10@example.com,"#55, Main Road, Dakshina Kannada","#55, Main Road, Dakshina Kannada",Bengaluru,Dakshina Kannada,Ullal PS,Renewal,NORMAL,"Employment (Gulf)",United Arab Emirates,VERIFIED,"PC Venkatesh G. (KSP-CON-5512)",true,false,,false,false,,"Clear verification report approved. No adverse records found in CCTNS Karnataka database. Passport grant recommended.",2026-07-20T14:30:00
PV-2026-DAK-0505,"Deepak Choudhury",2003-02-20,Male,XXXX-XXXX-1722,9844007014,deepak.choudhury11@example.com,"#70, Main Road, Dakshina Kannada","#70, Main Road, Dakshina Kannada",Bengaluru,Dakshina Kannada,Puttur PS,Fresh,NORMAL,"Tourism",France,VERIFIED,"HC Basavaraj M. (KSP-CON-1890)",true,false,,false,false,,"Clear verification report approved. No adverse records found in CCTNS Karnataka database. Passport grant recommended.",2026-07-20T14:30:00
PV-2026-DAK-0506,"Venkatesh Shetty",1977-04-23,Male,XXXX-XXXX-1759,9844014933,venkatesh.shetty12@example.com,"#85, Main Road, Dakshina Kannada","#85, Main Road, Dakshina Kannada",Bengaluru,Dakshina Kannada,Bantwal PS,Tatkal,TATKAL,"Tourism",Australia,VERIFIED,"HC Ramaiah B. (KSP-CON-4421)",true,false,,false,false,,"Clear verification report approved. No adverse records found in CCTNS Karnataka database. Passport grant recommended.",2026-07-20T14:30:00
PV-2026-DAK-0507,"Suresh Kumar",1993-06-26,Male,XXXX-XXXX-1796,9844022852,suresh.kumar13@example.com,"#100, Main Road, Dakshina Kannada","#100, Main Road, Dakshina Kannada",Bengaluru,Dakshina Kannada,Kadri PS,Renewal,NORMAL,"Family Visit",Japan,VERIFIED,"PC Suresh K. (KSP-CON-3189)",true,false,,false,false,,"Clear verification report approved. No adverse records found in CCTNS Karnataka database. Passport grant recommended.",2026-07-20T14:30:00
PV-2026-DAK-0508,"Vijay Iyengar",1967-08-01,Male,XXXX-XXXX-1833,9844030771,vijay.iyengar14@example.com,"#115, Main Road, Dakshina Kannada","#115, Main Road, Dakshina Kannada",Bengaluru,Dakshina Kannada,Mangaluru North PS,Fresh,URGENT,"Work Visa (USA)",United States of America,VERIFIED,"PC Anand Kumar T. (KSP-CON-7104)",true,false,,false,false,,"Clear verification report approved. No adverse records found in CCTNS Karnataka database. Passport grant recommended.",2026-07-20T14:30:00
PV-2026-DAK-0509,"Sanjay Nayak",1983-10-04,Male,XXXX-XXXX-1870,9844038690,sanjay.nayak15@example.com,"#130, Main Road, Dakshina Kannada","#130, Main Road, Dakshina Kannada",Bengaluru,Dakshina Kannada,Bunder PS,Fresh,NORMAL,"Higher Studies (UK/Europe)",Germany,VERIFIED,"PC Shivakumar N. (KSP-CON-6721)",true,false,,false,false,,"Clear verification report approved. No adverse records found in CCTNS Karnataka database. Passport grant recommended.",2026-07-20T14:30:00
PV-2026-DAK-0510,"Deepak Choudhury",1999-12-07,Male,XXXX-XXXX-1907,9844046609,deepak.choudhury16@example.com,"#145, Main Road, Dakshina Kannada","#145, Main Road, Dakshina Kannada",Bengaluru,Dakshina Kannada,Ullal PS,Renewal,NORMAL,"Employment (Gulf)",United Arab Emirates,VERIFIED,"WHC Savitha D. (KSP-CON-3310)",true,false,,false,false,,"Clear verification report approved. No adverse records found in CCTNS Karnataka database. Passport grant recommended.",2026-07-20T14:30:00
PV-2026-DAK-0511,"Venkatesh Shetty",1973-02-10,Male,XXXX-XXXX-1944,9844054528,venkatesh.shetty17@example.com,"#160, Main Road, Dakshina Kannada","#160, Main Road, Dakshina Kannada",Bengaluru,Dakshina Kannada,Puttur PS,Tatkal,TATKAL,"Tourism",France,VERIFIED,"HC Mallikarjun K. (KSP-CON-1678)",true,false,,false,false,,"Clear verification report approved. No adverse records found in CCTNS Karnataka database. Passport grant recommended.",2026-07-20T14:30:00
PV-2026-DAK-0512,"Suresh Kumar",1989-04-13,Male,XXXX-XXXX-1981,9844062447,suresh.kumar18@example.com,"#175, Main Road, Dakshina Kannada","#175, Main Road, Dakshina Kannada",Bengaluru,Dakshina Kannada,Bantwal PS,Fresh,NORMAL,"Tourism",Australia,VERIFIED,"HC Raghavendra P. (KSP-CON-2987)",true,false,,false,false,,"Clear verification report approved. No adverse records found in CCTNS Karnataka database. Passport grant recommended.",2026-07-20T14:30:00
PV-2026-DAK-0513,"Vijay Iyengar",2005-06-16,Male,XXXX-XXXX-2018,9844070366,vijay.iyengar19@example.com,"#190, Main Road, Dakshina Kannada","#190, Main Road, Dakshina Kannada",Bengaluru,Dakshina Kannada,Kadri PS,Renewal,NORMAL,"Family Visit",Japan,PENDING,"PC Ningappa H. (KSP-CON-8032)",false,false,,false,false,,,
PV-2026-DAK-0514,"Sanjay Nayak",1979-08-19,Male,XXXX-XXXX-2055,9844078285,sanjay.nayak20@example.com,"#205, Main Road, Dakshina Kannada","#205, Main Road, Dakshina Kannada",Bengaluru,Dakshina Kannada,Mangaluru North PS,Fresh,NORMAL,"Work Visa (USA)",United States of America,PENDING,"WHC Renuka B. (KSP-CON-3891)",false,false,,false,false,,,
PV-2026-DAK-0515,"Deepak Choudhury",1995-10-22,Male,XXXX-XXXX-2092,9844086204,deepak.choudhury21@example.com,"#220, Main Road, Dakshina Kannada","#220, Main Road, Dakshina Kannada",Bengaluru,Dakshina Kannada,Bunder PS,Fresh,NORMAL,"Higher Studies (UK/Europe)",Germany,PENDING,"WPC Geetha R. (KSP-CON-4902)",false,false,,false,false,,,
PV-2026-DAK-0516,"Venkatesh Shetty",1969-12-25,Male,XXXX-XXXX-2129,9844094123,venkatesh.shetty22@example.com,"#235, Main Road, Dakshina Kannada","#235, Main Road, Dakshina Kannada",Bengaluru,Dakshina Kannada,Ullal PS,Renewal,NORMAL,"Employment (Gulf)",United Arab Emirates,FIELD_VISIT_DONE,"HC Manjunatha S. (KSP-CON-2044)",true,false,,false,false,,,
PV-2026-DAK-0517,"Suresh Kumar",1985-02-28,Male,XXXX-XXXX-2166,9844102042,suresh.kumar23@example.com,"#250, Main Road, Dakshina Kannada","#250, Main Road, Dakshina Kannada",Bengaluru,Dakshina Kannada,Puttur PS,Fresh,NORMAL,"Tourism",France,FIELD_VISIT_DONE,"PC Praveen Gowda (KSP-CON-5120)",true,false,,false,false,,,
PV-2026-DAK-0518,"Vijay Iyengar",2001-04-03,Male,XXXX-XXXX-2203,9844109961,vijay.iyengar24@example.com,"#265, Main Road, Dakshina Kannada","#265, Main Road, Dakshina Kannada",Bengaluru,Dakshina Kannada,Bantwal PS,Tatkal,TATKAL,"Tourism",Australia,PENDING,"PC Chethan V. (KSP-CON-6245)",false,false,,false,false,,,
PV-2026-DAK-0519,"Sanjay Nayak",1975-06-06,Male,XXXX-XXXX-2240,9844117880,sanjay.nayak25@example.com,"#280, Main Road, Dakshina Kannada","#280, Main Road, Dakshina Kannada",Bengaluru,Dakshina Kannada,Kadri PS,Renewal,URGENT,"Family Visit",Japan,FLAGGED,"PC Venkatesh G. (KSP-CON-5512)",true,true,FIR-2025-620/DAK,true,false,,"FLAGGED TO SPECIAL BRANCH / CID: Linked to FIR-2025-620/DAK. Case pending in jurisdictional court.",2026-06-15T11:20:00
PV-2026-DAK-0520,"Deepak Choudhury",1991-08-09,Male,XXXX-XXXX-2277,9844125799,deepak.choudhury26@example.com,"#295, Main Road, Dakshina Kannada","#295, Main Road, Dakshina Kannada",Bengaluru,Dakshina Kannada,Mangaluru North PS,Fresh,NORMAL,"Work Visa (USA)",United States of America,REJECTED,"HC Basavaraj M. (KSP-CON-1890)",true,false,,false,false,"Adverse report: Ongoing criminal investigation and FIR pending","Application rejected by Police Sub-Inspector. Reason: Adverse report: Ongoing criminal investigation and FIR pending",2026-05-10T16:00:00
PV-2026-HAS-0521,"Rahul Rao",1989-06-08,Male,XXXX-XXXX-2314,9844133718,rahul.rao27@example.com,"#10, Main Road, Hassan","#10, Main Road, Hassan",Bengaluru,Hassan,Hassan City PS,Tatkal,TATKAL,"Tourism",France,VERIFIED,"HC Mallikarjun K. (KSP-CON-1678)",true,false,,false,false,,"Clear verification report approved. No adverse records found in CCTNS Karnataka database. Passport grant recommended.",2026-07-20T14:30:00
PV-2026-HAS-0522,"Girish Shekhar",2005-08-11,Male,XXXX-XXXX-2351,9844141637,girish.shekhar28@example.com,"#25, Main Road, Hassan","#25, Main Road, Hassan",Bengaluru,Hassan,Hassan Extension PS,Fresh,NORMAL,"Tourism",Australia,VERIFIED,"HC Raghavendra P. (KSP-CON-2987)",true,false,,false,false,,"Clear verification report approved. No adverse records found in CCTNS Karnataka database. Passport grant recommended.",2026-07-20T14:30:00
PV-2026-HAS-0523,"Sunil Joshi",1979-10-14,Male,XXXX-XXXX-2388,9844149556,sunil.joshi29@example.com,"#40, Main Road, Hassan","#40, Main Road, Hassan",Bengaluru,Hassan,Arsikere PS,Fresh,NORMAL,"Family Visit",Japan,VERIFIED,"PC Ningappa H. (KSP-CON-8032)",true,false,,false,false,,"Clear verification report approved. No adverse records found in CCTNS Karnataka database. Passport grant recommended.",2026-07-20T14:30:00
PV-2026-HAS-0524,"Raghavendra Pillai",1995-12-17,Male,XXXX-XXXX-2425,9844157475,raghavendra.pillai30@example.com,"#55, Main Road, Hassan","#55, Main Road, Hassan",Bengaluru,Hassan,Channarayapatna PS,Renewal,NORMAL,"Work Visa (USA)",United States of America,VERIFIED,"WHC Renuka B. (KSP-CON-3891)",true,false,,false,false,,"Clear verification report approved. No adverse records found in CCTNS Karnataka database. Passport grant recommended.",2026-07-20T14:30:00
PV-2026-HAS-0525,"Sachin Gowda",1969-02-20,Male,XXXX-XXXX-2462,9844165394,sachin.gowda31@example.com,"#70, Main Road, Hassan","#70, Main Road, Hassan",Bengaluru,Hassan,Sakleshpur PS,Fresh,NORMAL,"Higher Studies (UK/Europe)",Germany,VERIFIED,"WPC Geetha R. (KSP-CON-4902)",true,false,,false,false,,"Clear verification report approved. No adverse records found in CCTNS Karnataka database. Passport grant recommended.",2026-07-20T14:30:00
PV-2026-HAS-0526,"Rahul Rao",1985-04-23,Male,XXXX-XXXX-2499,9844173313,rahul.rao32@example.com,"#85, Main Road, Hassan","#85, Main Road, Hassan",Bengaluru,Hassan,Hassan City PS,Tatkal,TATKAL,"Employment (Gulf)",United Arab Emirates,VERIFIED,"HC Manjunatha S. (KSP-CON-2044)",true,false,,false,false,,"Clear verification report approved. No adverse records found in CCTNS Karnataka database. Passport grant recommended.",2026-07-20T14:30:00
PV-2026-HAS-0527,"Girish Shekhar",2001-06-26,Male,XXXX-XXXX-2536,9844181232,girish.shekhar33@example.com,"#100, Main Road, Hassan","#100, Main Road, Hassan",Bengaluru,Hassan,Hassan Extension PS,Renewal,NORMAL,"Tourism",France,VERIFIED,"PC Praveen Gowda (KSP-CON-5120)",true,false,,false,false,,"Clear verification report approved. No adverse records found in CCTNS Karnataka database. Passport grant recommended.",2026-07-20T14:30:00
PV-2026-HAS-0528,"Sunil Joshi",1975-08-01,Male,XXXX-XXXX-2573,9844189151,sunil.joshi34@example.com,"#115, Main Road, Hassan","#115, Main Road, Hassan",Bengaluru,Hassan,Arsikere PS,Fresh,URGENT,"Tourism",Australia,VERIFIED,"PC Chethan V. (KSP-CON-6245)",true,false,,false,false,,"Clear verification report approved. No adverse records found in CCTNS Karnataka database. Passport grant recommended.",2026-07-20T14:30:00
PV-2026-HAS-0529,"Raghavendra Pillai",1991-10-04,Male,XXXX-XXXX-2610,9844197070,raghavendra.pillai35@example.com,"#130, Main Road, Hassan","#130, Main Road, Hassan",Bengaluru,Hassan,Channarayapatna PS,Fresh,NORMAL,"Family Visit",Japan,VERIFIED,"PC Venkatesh G. (KSP-CON-5512)",true,false,,false,false,,"Clear verification report approved. No adverse records found in CCTNS Karnataka database. Passport grant recommended.",2026-07-20T14:30:00
PV-2026-HAS-0530,"Sachin Gowda",1965-12-07,Male,XXXX-XXXX-2647,9844204989,sachin.gowda36@example.com,"#145, Main Road, Hassan","#145, Main Road, Hassan",Bengaluru,Hassan,Sakleshpur PS,Renewal,NORMAL,"Work Visa (USA)",United States of America,VERIFIED,"HC Basavaraj M. (KSP-CON-1890)",true,false,,false,false,,"Clear verification report approved. No adverse records found in CCTNS Karnataka database. Passport grant recommended.",2026-07-20T14:30:00
PV-2026-HAS-0531,"Rahul Rao",1981-02-10,Male,XXXX-XXXX-2684,9844212908,rahul.rao37@example.com,"#160, Main Road, Hassan","#160, Main Road, Hassan",Bengaluru,Hassan,Hassan City PS,Tatkal,TATKAL,"Higher Studies (UK/Europe)",Germany,VERIFIED,"HC Ramaiah B. (KSP-CON-4421)",true,false,,false,false,,"Clear verification report approved. No adverse records found in CCTNS Karnataka database. Passport grant recommended.",2026-07-20T14:30:00
PV-2026-HAS-0532,"Girish Shekhar",1997-04-13,Male,XXXX-XXXX-2721,9844220827,girish.shekhar38@example.com,"#175, Main Road, Hassan","#175, Main Road, Hassan",Bengaluru,Hassan,Hassan Extension PS,Fresh,NORMAL,"Employment (Gulf)",United Arab Emirates,VERIFIED,"PC Suresh K. (KSP-CON-3189)",true,false,,false,false,,"Clear verification report approved. No adverse records found in CCTNS Karnataka database. Passport grant recommended.",2026-07-20T14:30:00
PV-2026-HAS-0533,"Sunil Joshi",1971-06-16,Male,XXXX-XXXX-2758,9844228746,sunil.joshi39@example.com,"#190, Main Road, Hassan","#190, Main Road, Hassan",Bengaluru,Hassan,Arsikere PS,Renewal,NORMAL,"Tourism",France,PENDING,"PC Anand Kumar T. (KSP-CON-7104)",false,false,,false,false,,,
PV-2026-HAS-0534,"Raghavendra Pillai",1987-08-19,Male,XXXX-XXXX-2795,9844236665,raghavendra.pillai40@example.com,"#205, Main Road, Hassan","#205, Main Road, Hassan",Bengaluru,Hassan,Channarayapatna PS,Fresh,NORMAL,"Tourism",Australia,PENDING,"PC Shivakumar N. (KSP-CON-6721)",false,false,,false,false,,,
PV-2026-HAS-0535,"Sachin Gowda",2003-10-22,Male,XXXX-XXXX-2832,9844244584,sachin.gowda41@example.com,"#220, Main Road, Hassan","#220, Main Road, Hassan",Bengaluru,Hassan,Sakleshpur PS,Fresh,NORMAL,"Family Visit",Japan,PENDING,"WHC Savitha D. (KSP-CON-3310)",false,false,,false,false,,,
PV-2026-HAS-0536,"Rahul Rao",1977-12-25,Male,XXXX-XXXX-2869,9844252503,rahul.rao42@example.com,"#235, Main Road, Hassan","#235, Main Road, Hassan",Bengaluru,Hassan,Hassan City PS,Renewal,NORMAL,"Work Visa (USA)",United States of America,FIELD_VISIT_DONE,"HC Mallikarjun K. (KSP-CON-1678)",true,false,,false,false,,,
PV-2026-HAS-0537,"Girish Shekhar",1993-02-28,Male,XXXX-XXXX-2906,9844260422,girish.shekhar43@example.com,"#250, Main Road, Hassan","#250, Main Road, Hassan",Bengaluru,Hassan,Hassan Extension PS,Fresh,NORMAL,"Higher Studies (UK/Europe)",Germany,FIELD_VISIT_DONE,"HC Raghavendra P. (KSP-CON-2987)",true,false,,false,false,,,
PV-2026-HAS-0538,"Sunil Joshi",1967-04-03,Male,XXXX-XXXX-2943,9844268341,sunil.joshi44@example.com,"#265, Main Road, Hassan","#265, Main Road, Hassan",Bengaluru,Hassan,Arsikere PS,Tatkal,TATKAL,"Employment (Gulf)",United Arab Emirates,PENDING,"PC Ningappa H. (KSP-CON-8032)",false,false,,false,false,,,
PV-2026-HAS-0539,"Raghavendra Pillai",1983-06-06,Male,XXXX-XXXX-2980,9844276260,raghavendra.pillai45@example.com,"#280, Main Road, Hassan","#280, Main Road, Hassan",Bengaluru,Hassan,Channarayapatna PS,Renewal,URGENT,"Tourism",France,FLAGGED,"WHC Renuka B. (KSP-CON-3891)",true,true,FIR-2025-640/HAS,true,false,,"FLAGGED TO SPECIAL BRANCH / CID: Linked to FIR-2025-640/HAS. Case pending in jurisdictional court.",2026-06-15T11:20:00
PV-2026-HAS-0540,"Sachin Gowda",1999-08-09,Male,XXXX-XXXX-3017,9844284179,sachin.gowda46@example.com,"#295, Main Road, Hassan","#295, Main Road, Hassan",Bengaluru,Hassan,Sakleshpur PS,Fresh,NORMAL,"Tourism",Australia,REJECTED,"WPC Geetha R. (KSP-CON-4902)",true,false,,false,false,"Address proof submitted found forged or non-verifiable","Application rejected by Police Sub-Inspector. Reason: Address proof submitted found forged or non-verifiable",2026-05-10T16:00:00
PV-2026-KOD-0541,"Venkatesh Verma",1997-06-08,Male,XXXX-XXXX-3054,9844292098,venkatesh.verma47@example.com,"#10, Main Road, Kodagu","#10, Main Road, Kodagu",Bengaluru,Kodagu,Madikeri Town PS,Tatkal,TATKAL,"Higher Studies (UK/Europe)",Germany,VERIFIED,"HC Ramaiah B. (KSP-CON-4421)",true,false,,false,false,,"Clear verification report approved. No adverse records found in CCTNS Karnataka database. Passport grant recommended.",2026-07-20T14:30:00
PV-2026-KOD-0542,"Suresh Bhat",1971-08-11,Male,XXXX-XXXX-3091,9844300017,suresh.bhat48@example.com,"#25, Main Road, Kodagu","#25, Main Road, Kodagu",Bengaluru,Kodagu,Kushalnagar PS,Fresh,NORMAL,"Employment (Gulf)",United Arab Emirates,VERIFIED,"PC Suresh K. (KSP-CON-3189)",true,false,,false,false,,"Clear verification report approved. No adverse records found in CCTNS Karnataka database. Passport grant recommended.",2026-07-20T14:30:00
PV-2026-KOD-0543,"Vijay Das",1987-10-14,Male,XXXX-XXXX-3128,9844307936,vijay.das49@example.com,"#40, Main Road, Kodagu","#40, Main Road, Kodagu",Bengaluru,Kodagu,Virajpet PS,Fresh,NORMAL,"Tourism",France,VERIFIED,"PC Anand Kumar T. (KSP-CON-7104)",true,false,,false,false,,"Clear verification report approved. No adverse records found in CCTNS Karnataka database. Passport grant recommended.",2026-07-20T14:30:00
PV-2026-KOD-0544,"Sanjay Nambiar",2003-12-17,Male,XXXX-XXXX-3165,9844315855,sanjay.nambiar50@example.com,"#55, Main Road, Kodagu","#55, Main Road, Kodagu",Bengaluru,Kodagu,Somwarpet PS,Renewal,NORMAL,"Tourism",Australia,VERIFIED,"PC Shivakumar N. (KSP-CON-6721)",true,false,,false,false,,"Clear verification report approved. No adverse records found in CCTNS Karnataka database. Passport grant recommended.",2026-07-20T14:30:00
PV-2026-KOD-0545,"Deepak Varma",1977-02-20,Male,XXXX-XXXX-3202,9844323774,deepak.varma51@example.com,"#70, Main Road, Kodagu","#70, Main Road, Kodagu",Bengaluru,Kodagu,Madikeri Town PS,Fresh,NORMAL,"Family Visit",Japan,VERIFIED,"WHC Savitha D. (KSP-CON-3310)",true,false,,false,false,,"Clear verification report approved. No adverse records found in CCTNS Karnataka database. Passport grant recommended.",2026-07-20T14:30:00
PV-2026-KOD-0546,"Venkatesh Verma",1993-04-23,Male,XXXX-XXXX-3239,9844331693,venkatesh.verma52@example.com,"#85, Main Road, Kodagu","#85, Main Road, Kodagu",Bengaluru,Kodagu,Kushalnagar PS,Tatkal,TATKAL,"Work Visa (USA)",United States of America,VERIFIED,"HC Mallikarjun K. (KSP-CON-1678)",true,false,,false,false,,"Clear verification report approved. No adverse records found in CCTNS Karnataka database. Passport grant recommended.",2026-07-20T14:30:00
PV-2026-KOD-0547,"Suresh Bhat",1967-06-26,Male,XXXX-XXXX-3276,9844339612,suresh.bhat53@example.com,"#100, Main Road, Kodagu","#100, Main Road, Kodagu",Bengaluru,Kodagu,Virajpet PS,Renewal,NORMAL,"Higher Studies (UK/Europe)",Germany,VERIFIED,"HC Raghavendra P. (KSP-CON-2987)",true,false,,false,false,,"Clear verification report approved. No adverse records found in CCTNS Karnataka database. Passport grant recommended.",2026-07-20T14:30:00
PV-2026-KOD-0548,"Vijay Das",1983-08-01,Male,XXXX-XXXX-3313,9844347531,vijay.das54@example.com,"#115, Main Road, Kodagu","#115, Main Road, Kodagu",Bengaluru,Kodagu,Somwarpet PS,Fresh,URGENT,"Employment (Gulf)",United Arab Emirates,VERIFIED,"PC Ningappa H. (KSP-CON-8032)",true,false,,false,false,,"Clear verification report approved. No adverse records found in CCTNS Karnataka database. Passport grant recommended.",2026-07-20T14:30:00
PV-2026-KOD-0549,"Sanjay Nambiar",1999-10-04,Male,XXXX-XXXX-3350,9844355450,sanjay.nambiar55@example.com,"#130, Main Road, Kodagu","#130, Main Road, Kodagu",Bengaluru,Kodagu,Madikeri Town PS,Fresh,NORMAL,"Tourism",France,VERIFIED,"WHC Renuka B. (KSP-CON-3891)",true,false,,false,false,,"Clear verification report approved. No adverse records found in CCTNS Karnataka database. Passport grant recommended.",2026-07-20T14:30:00
PV-2026-KOD-0550,"Deepak Varma",1973-12-07,Male,XXXX-XXXX-3387,9844363369,deepak.varma56@example.com,"#145, Main Road, Kodagu","#145, Main Road, Kodagu",Bengaluru,Kodagu,Kushalnagar PS,Renewal,NORMAL,"Tourism",Australia,VERIFIED,"WPC Geetha R. (KSP-CON-4902)",true,false,,false,false,,"Clear verification report approved. No adverse records found in CCTNS Karnataka database. Passport grant recommended.",2026-07-20T14:30:00
PV-2026-KOD-0551,"Venkatesh Verma",1989-02-10,Male,XXXX-XXXX-3424,9844371288,venkatesh.verma57@example.com,"#160, Main Road, Kodagu","#160, Main Road, Kodagu",Bengaluru,Kodagu,Virajpet PS,Tatkal,TATKAL,"Family Visit",Japan,VERIFIED,"HC Manjunatha S. (KSP-CON-2044)",true,false,,false,false,,"Clear verification report approved. No adverse records found in CCTNS Karnataka database. Passport grant recommended.",2026-07-20T14:30:00
PV-2026-KOD-0552,"Suresh Bhat",2005-04-13,Male,XXXX-XXXX-3461,9844379207,suresh.bhat58@example.com,"#175, Main Road, Kodagu","#175, Main Road, Kodagu",Bengaluru,Kodagu,Somwarpet PS,Fresh,NORMAL,"Work Visa (USA)",United States of America,VERIFIED,"PC Praveen Gowda (KSP-CON-5120)",true,false,,false,false,,"Clear verification report approved. No adverse records found in CCTNS Karnataka database. Passport grant recommended.",2026-07-20T14:30:00
PV-2026-KOD-0553,"Vijay Das",1979-06-16,Male,XXXX-XXXX-3498,9844387126,vijay.das59@example.com,"#190, Main Road, Kodagu","#190, Main Road, Kodagu",Bengaluru,Kodagu,Madikeri Town PS,Renewal,NORMAL,"Higher Studies (UK/Europe)",Germany,PENDING,"PC Chethan V. (KSP-CON-6245)",false,false,,false,false,,,
PV-2026-KOD-0554,"Sanjay Nambiar",1995-08-19,Male,XXXX-XXXX-3535,9844395045,sanjay.nambiar60@example.com,"#205, Main Road, Kodagu","#205, Main Road, Kodagu",Bengaluru,Kodagu,Kushalnagar PS,Fresh,NORMAL,"Employment (Gulf)",United Arab Emirates,PENDING,"PC Venkatesh G. (KSP-CON-5512)",false,false,,false,false,,,
PV-2026-KOD-0555,"Deepak Varma",1969-10-22,Male,XXXX-XXXX-3572,9844402964,deepak.varma61@example.com,"#220, Main Road, Kodagu","#220, Main Road, Kodagu",Bengaluru,Kodagu,Virajpet PS,Fresh,NORMAL,"Tourism",France,PENDING,"HC Basavaraj M. (KSP-CON-1890)",false,false,,false,false,,,
PV-2026-KOD-0556,"Venkatesh Verma",1985-12-25,Male,XXXX-XXXX-3609,9844410883,venkatesh.verma62@example.com,"#235, Main Road, Kodagu","#235, Main Road, Kodagu",Bengaluru,Kodagu,Somwarpet PS,Renewal,NORMAL,"Tourism",Australia,FIELD_VISIT_DONE,"HC Ramaiah B. (KSP-CON-4421)",true,false,,false,false,,,
PV-2026-KOD-0557,"Suresh Bhat",2001-02-28,Male,XXXX-XXXX-3646,9844418802,suresh.bhat63@example.com,"#250, Main Road, Kodagu","#250, Main Road, Kodagu",Bengaluru,Kodagu,Madikeri Town PS,Fresh,NORMAL,"Family Visit",Japan,FIELD_VISIT_DONE,"PC Suresh K. (KSP-CON-3189)",true,false,,false,false,,,
PV-2026-KOD-0558,"Vijay Das",1975-04-03,Male,XXXX-XXXX-3683,9844426721,vijay.das64@example.com,"#265, Main Road, Kodagu","#265, Main Road, Kodagu",Bengaluru,Kodagu,Kushalnagar PS,Tatkal,TATKAL,"Work Visa (USA)",United States of America,PENDING,"PC Anand Kumar T. (KSP-CON-7104)",false,false,,false,false,,,
PV-2026-KOD-0559,"Sanjay Nambiar",1991-06-06,Male,XXXX-XXXX-3720,9844434640,sanjay.nambiar65@example.com,"#280, Main Road, Kodagu","#280, Main Road, Kodagu",Bengaluru,Kodagu,Virajpet PS,Renewal,URGENT,"Higher Studies (UK/Europe)",Germany,FLAGGED,"PC Shivakumar N. (KSP-CON-6721)",true,true,FIR-2025-660/KOD,true,false,,"FLAGGED TO SPECIAL BRANCH / CID: Linked to FIR-2025-660/KOD. Case pending in jurisdictional court.",2026-06-15T11:20:00
PV-2026-KOD-0560,"Deepak Varma",1965-08-09,Male,XXXX-XXXX-3757,9844442559,deepak.varma66@example.com,"#295, Main Road, Kodagu","#295, Main Road, Kodagu",Bengaluru,Kodagu,Somwarpet PS,Fresh,NORMAL,"Employment (Gulf)",United Arab Emirates,REJECTED,"WHC Savitha D. (KSP-CON-3310)",true,false,,false,false,"Applicant failed to produce original documents during physical verification","Application rejected by Police Sub-Inspector. Reason: Applicant failed to produce original documents during physical verification",2026-05-10T16:00:00
PV-2026-MAN-0561,"Rahul Shetty",2005-06-08,Male,XXXX-XXXX-3794,9844450478,rahul.shetty67@example.com,"#10, Main Road, Mandya","#10, Main Road, Mandya",Bengaluru,Mandya,Mandya West PS,Tatkal,TATKAL,"Family Visit",Japan,VERIFIED,"HC Manjunatha S. (KSP-CON-2044)",true,false,,false,false,,"Clear verification report approved. No adverse records found in CCTNS Karnataka database. Passport grant recommended.",2026-07-20T14:30:00
PV-2026-MAN-0562,"Girish Kumar",1979-08-11,Male,XXXX-XXXX-3831,9844458397,girish.kumar68@example.com,"#25, Main Road, Mandya","#25, Main Road, Mandya",Bengaluru,Mandya,Maddur PS,Fresh,NORMAL,"Work Visa (USA)",United States of America,VERIFIED,"PC Praveen Gowda (KSP-CON-5120)",true,false,,false,false,,"Clear verification report approved. No adverse records found in CCTNS Karnataka database. Passport grant recommended.",2026-07-20T14:30:00
PV-2026-MAN-0563,"Sunil Iyengar",1995-10-14,Male,XXXX-XXXX-3868,9844466316,sunil.iyengar69@example.com,"#40, Main Road, Mandya","#40, Main Road, Mandya",Bengaluru,Mandya,Pandavapura PS,Fresh,NORMAL,"Higher Studies (UK/Europe)",Germany,VERIFIED,"PC Chethan V. (KSP-CON-6245)",true,false,,false,false,,"Clear verification report approved. No adverse records found in CCTNS Karnataka database. Passport grant recommended.",2026-07-20T14:30:00
PV-2026-MAN-0564,"Raghavendra Nayak",1969-12-17,Male,XXXX-XXXX-3905,9844474235,raghavendra.nayak70@example.com,"#55, Main Road, Mandya","#55, Main Road, Mandya",Bengaluru,Mandya,Srirangapatna PS,Renewal,NORMAL,"Employment (Gulf)",United Arab Emirates,VERIFIED,"PC Venkatesh G. (KSP-CON-5512)",true,false,,false,false,,"Clear verification report approved. No adverse records found in CCTNS Karnataka database. Passport grant recommended.",2026-07-20T14:30:00
PV-2026-MAN-0565,"Sachin Choudhury",1985-02-20,Male,XXXX-XXXX-3942,9844482154,sachin.choudhury71@example.com,"#70, Main Road, Mandya","#70, Main Road, Mandya",Bengaluru,Mandya,Malavalli PS,Fresh,NORMAL,"Tourism",France,VERIFIED,"HC Basavaraj M. (KSP-CON-1890)",true,false,,false,false,,"Clear verification report approved. No adverse records found in CCTNS Karnataka database. Passport grant recommended.",2026-07-20T14:30:00
PV-2026-MAN-0566,"Rahul Shetty",2001-04-23,Male,XXXX-XXXX-3979,9844490073,rahul.shetty72@example.com,"#85, Main Road, Mandya","#85, Main Road, Mandya",Bengaluru,Mandya,Mandya West PS,Tatkal,TATKAL,"Tourism",Australia,VERIFIED,"HC Ramaiah B. (KSP-CON-4421)",true,false,,false,false,,"Clear verification report approved. No adverse records found in CCTNS Karnataka database. Passport grant recommended.",2026-07-20T14:30:00
PV-2026-MAN-0567,"Girish Kumar",1975-06-26,Male,XXXX-XXXX-4016,9844497992,girish.kumar73@example.com,"#100, Main Road, Mandya","#100, Main Road, Mandya",Bengaluru,Mandya,Maddur PS,Renewal,NORMAL,"Family Visit",Japan,VERIFIED,"PC Suresh K. (KSP-CON-3189)",true,false,,false,false,,"Clear verification report approved. No adverse records found in CCTNS Karnataka database. Passport grant recommended.",2026-07-20T14:30:00
PV-2026-MAN-0568,"Sunil Iyengar",1991-08-01,Male,XXXX-XXXX-4053,9844505911,sunil.iyengar74@example.com,"#115, Main Road, Mandya","#115, Main Road, Mandya",Bengaluru,Mandya,Pandavapura PS,Fresh,URGENT,"Work Visa (USA)",United States of America,VERIFIED,"PC Anand Kumar T. (KSP-CON-7104)",true,false,,false,false,,"Clear verification report approved. No adverse records found in CCTNS Karnataka database. Passport grant recommended.",2026-07-20T14:30:00
PV-2026-MAN-0569,"Raghavendra Nayak",1965-10-04,Male,XXXX-XXXX-4090,9844513830,raghavendra.nayak75@example.com,"#130, Main Road, Mandya","#130, Main Road, Mandya",Bengaluru,Mandya,Srirangapatna PS,Fresh,NORMAL,"Higher Studies (UK/Europe)",Germany,VERIFIED,"PC Shivakumar N. (KSP-CON-6721)",true,false,,false,false,,"Clear verification report approved. No adverse records found in CCTNS Karnataka database. Passport grant recommended.",2026-07-20T14:30:00
PV-2026-MAN-0570,"Sachin Choudhury",1981-12-07,Male,XXXX-XXXX-4127,9844521749,sachin.choudhury76@example.com,"#145, Main Road, Mandya","#145, Main Road, Mandya",Bengaluru,Mandya,Malavalli PS,Renewal,NORMAL,"Employment (Gulf)",United Arab Emirates,VERIFIED,"WHC Savitha D. (KSP-CON-3310)",true,false,,false,false,,"Clear verification report approved. No adverse records found in CCTNS Karnataka database. Passport grant recommended.",2026-07-20T14:30:00
PV-2026-MAN-0571,"Rahul Shetty",1997-02-10,Male,XXXX-XXXX-4164,9844529668,rahul.shetty77@example.com,"#160, Main Road, Mandya","#160, Main Road, Mandya",Bengaluru,Mandya,Mandya West PS,Tatkal,TATKAL,"Tourism",France,VERIFIED,"HC Mallikarjun K. (KSP-CON-1678)",true,false,,false,false,,"Clear verification report approved. No adverse records found in CCTNS Karnataka database. Passport grant recommended.",2026-07-20T14:30:00
PV-2026-MAN-0572,"Girish Kumar",1971-04-13,Male,XXXX-XXXX-4201,9844537587,girish.kumar78@example.com,"#175, Main Road, Mandya","#175, Main Road, Mandya",Bengaluru,Mandya,Maddur PS,Fresh,NORMAL,"Tourism",Australia,VERIFIED,"HC Raghavendra P. (KSP-CON-2987)",true,false,,false,false,,"Clear verification report approved. No adverse records found in CCTNS Karnataka database. Passport grant recommended.",2026-07-20T14:30:00
PV-2026-MAN-0573,"Sunil Iyengar",1987-06-16,Male,XXXX-XXXX-4238,9844545506,sunil.iyengar79@example.com,"#190, Main Road, Mandya","#190, Main Road, Mandya",Bengaluru,Mandya,Pandavapura PS,Renewal,NORMAL,"Family Visit",Japan,PENDING,"PC Ningappa H. (KSP-CON-8032)",false,false,,false,false,,,
PV-2026-MAN-0574,"Raghavendra Nayak",2003-08-19,Male,XXXX-XXXX-4275,9844553425,raghavendra.nayak80@example.com,"#205, Main Road, Mandya","#205, Main Road, Mandya",Bengaluru,Mandya,Srirangapatna PS,Fresh,NORMAL,"Work Visa (USA)",United States of America,PENDING,"WHC Renuka B. (KSP-CON-3891)",false,false,,false,false,,,
PV-2026-MAN-0575,"Sachin Choudhury",1977-10-22,Male,XXXX-XXXX-4312,9844561344,sachin.choudhury81@example.com,"#220, Main Road, Mandya","#220, Main Road, Mandya",Bengaluru,Mandya,Malavalli PS,Fresh,NORMAL,"Higher Studies (UK/Europe)",Germany,PENDING,"WPC Geetha R. (KSP-CON-4902)",false,false,,false,false,,,
PV-2026-MAN-0576,"Rahul Shetty",1993-12-25,Male,XXXX-XXXX-4349,9844569263,rahul.shetty82@example.com,"#235, Main Road, Mandya","#235, Main Road, Mandya",Bengaluru,Mandya,Mandya West PS,Renewal,NORMAL,"Employment (Gulf)",United Arab Emirates,FIELD_VISIT_DONE,"HC Manjunatha S. (KSP-CON-2044)",true,false,,false,false,,,
PV-2026-MAN-0577,"Girish Kumar",1967-02-28,Male,XXXX-XXXX-4386,9844577182,girish.kumar83@example.com,"#250, Main Road, Mandya","#250, Main Road, Mandya",Bengaluru,Mandya,Maddur PS,Fresh,NORMAL,"Tourism",France,FIELD_VISIT_DONE,"PC Praveen Gowda (KSP-CON-5120)",true,false,,false,false,,,
PV-2026-MAN-0578,"Sunil Iyengar",1983-04-03,Male,XXXX-XXXX-4423,9844585101,sunil.iyengar84@example.com,"#265, Main Road, Mandya","#265, Main Road, Mandya",Bengaluru,Mandya,Pandavapura PS,Tatkal,TATKAL,"Tourism",Australia,PENDING,"PC Chethan V. (KSP-CON-6245)",false,false,,false,false,,,
PV-2026-MAN-0579,"Raghavendra Nayak",1999-06-06,Male,XXXX-XXXX-4460,9844593020,raghavendra.nayak85@example.com,"#280, Main Road, Mandya","#280, Main Road, Mandya",Bengaluru,Mandya,Srirangapatna PS,Renewal,URGENT,"Family Visit",Japan,FLAGGED,"PC Venkatesh G. (KSP-CON-5512)",true,true,FIR-2025-680/MAN,true,false,,"FLAGGED TO SPECIAL BRANCH / CID: Linked to FIR-2025-680/MAN. Case pending in jurisdictional court.",2026-06-15T11:20:00
PV-2026-MAN-0580,"Sachin Choudhury",1973-08-09,Male,XXXX-XXXX-4497,9844600939,sachin.choudhury86@example.com,"#295, Main Road, Mandya","#295, Main Road, Mandya",Bengaluru,Mandya,Malavalli PS,Fresh,NORMAL,"Work Visa (USA)",United States of America,REJECTED,"HC Basavaraj M. (KSP-CON-1890)",true,false,,false,false,"Adverse report: Ongoing criminal investigation and FIR pending","Application rejected by Police Sub-Inspector. Reason: Adverse report: Ongoing criminal investigation and FIR pending",2026-05-10T16:00:00
PV-2026-MYS-0581,"Venkatesh Rao",1971-06-08,Male,XXXX-XXXX-4534,9844608858,venkatesh.rao87@example.com,"#10, Main Road, Mysuru City","#10, Main Road, Mysuru City",Bengaluru,Mysuru City,Devaraja PS,Tatkal,TATKAL,"Tourism",France,VERIFIED,"HC Mallikarjun K. (KSP-CON-1678)",true,false,,false,false,,"Clear verification report approved. No adverse records found in CCTNS Karnataka database. Passport grant recommended.",2026-07-20T14:30:00
PV-2026-MYS-0582,"Suresh Shekhar",1987-08-11,Male,XXXX-XXXX-4571,9844616777,suresh.shekhar88@example.com,"#25, Main Road, Mysuru City","#25, Main Road, Mysuru City",Bengaluru,Mysuru City,Saraswathipuram PS,Fresh,NORMAL,"Tourism",Australia,VERIFIED,"HC Raghavendra P. (KSP-CON-2987)",true,false,,false,false,,"Clear verification report approved. No adverse records found in CCTNS Karnataka database. Passport grant recommended.",2026-07-20T14:30:00
PV-2026-MYS-0583,"Vijay Joshi",2003-10-14,Male,XXXX-XXXX-4608,9844624696,vijay.joshi89@example.com,"#40, Main Road, Mysuru City","#40, Main Road, Mysuru City",Bengaluru,Mysuru City,Vijayanagar PS,Fresh,NORMAL,"Family Visit",Japan,VERIFIED,"PC Ningappa H. (KSP-CON-8032)",true,false,,false,false,,"Clear verification report approved. No adverse records found in CCTNS Karnataka database. Passport grant recommended.",2026-07-20T14:30:00
PV-2026-MYS-0584,"Sanjay Pillai",1977-12-17,Male,XXXX-XXXX-4645,9844632615,sanjay.pillai90@example.com,"#55, Main Road, Mysuru City","#55, Main Road, Mysuru City",Bengaluru,Mysuru City,Kuvempunagar PS,Renewal,NORMAL,"Work Visa (USA)",United States of America,VERIFIED,"WHC Renuka B. (KSP-CON-3891)",true,false,,false,false,,"Clear verification report approved. No adverse records found in CCTNS Karnataka database. Passport grant recommended.",2026-07-20T14:30:00
PV-2026-MYS-0585,"Deepak Gowda",1993-02-20,Male,XXXX-XXXX-4682,9844640534,deepak.gowda91@example.com,"#70, Main Road, Mysuru City","#70, Main Road, Mysuru City",Bengaluru,Mysuru City,Narasimharaja PS,Fresh,NORMAL,"Higher Studies (UK/Europe)",Germany,VERIFIED,"WPC Geetha R. (KSP-CON-4902)",true,false,,false,false,,"Clear verification report approved. No adverse records found in CCTNS Karnataka database. Passport grant recommended.",2026-07-20T14:30:00
PV-2026-MYS-0586,"Venkatesh Rao",1967-04-23,Male,XXXX-XXXX-4719,9844648453,venkatesh.rao92@example.com,"#85, Main Road, Mysuru City","#85, Main Road, Mysuru City",Bengaluru,Mysuru City,Devaraja PS,Tatkal,TATKAL,"Employment (Gulf)",United Arab Emirates,VERIFIED,"HC Manjunatha S. (KSP-CON-2044)",true,false,,false,false,,"Clear verification report approved. No adverse records found in CCTNS Karnataka database. Passport grant recommended.",2026-07-20T14:30:00
PV-2026-MYS-0587,"Suresh Shekhar",1983-06-26,Male,XXXX-XXXX-4756,9844656372,suresh.shekhar93@example.com,"#100, Main Road, Mysuru City","#100, Main Road, Mysuru City",Bengaluru,Mysuru City,Saraswathipuram PS,Renewal,NORMAL,"Tourism",France,VERIFIED,"PC Praveen Gowda (KSP-CON-5120)",true,false,,false,false,,"Clear verification report approved. No adverse records found in CCTNS Karnataka database. Passport grant recommended.",2026-07-20T14:30:00
PV-2026-MYS-0588,"Vijay Joshi",1999-08-01,Male,XXXX-XXXX-4793,9844664291,vijay.joshi94@example.com,"#115, Main Road, Mysuru City","#115, Main Road, Mysuru City",Bengaluru,Mysuru City,Vijayanagar PS,Fresh,URGENT,"Tourism",Australia,VERIFIED,"PC Chethan V. (KSP-CON-6245)",true,false,,false,false,,"Clear verification report approved. No adverse records found in CCTNS Karnataka database. Passport grant recommended.",2026-07-20T14:30:00
PV-2026-MYS-0589,"Sanjay Pillai",1973-10-04,Male,XXXX-XXXX-4830,9844672210,sanjay.pillai95@example.com,"#130, Main Road, Mysuru City","#130, Main Road, Mysuru City",Bengaluru,Mysuru City,Kuvempunagar PS,Fresh,NORMAL,"Family Visit",Japan,VERIFIED,"PC Venkatesh G. (KSP-CON-5512)",true,false,,false,false,,"Clear verification report approved. No adverse records found in CCTNS Karnataka database. Passport grant recommended.",2026-07-20T14:30:00
PV-2026-MYS-0590,"Deepak Gowda",1989-12-07,Male,XXXX-XXXX-4867,9844680129,deepak.gowda96@example.com,"#145, Main Road, Mysuru City","#145, Main Road, Mysuru City",Bengaluru,Mysuru City,Narasimharaja PS,Renewal,NORMAL,"Work Visa (USA)",United States of America,VERIFIED,"HC Basavaraj M. (KSP-CON-1890)",true,false,,false,false,,"Clear verification report approved. No adverse records found in CCTNS Karnataka database. Passport grant recommended.",2026-07-20T14:30:00
PV-2026-MYS-0591,"Venkatesh Rao",2005-02-10,Male,XXXX-XXXX-4904,9844688048,venkatesh.rao97@example.com,"#160, Main Road, Mysuru City","#160, Main Road, Mysuru City",Bengaluru,Mysuru City,Devaraja PS,Tatkal,TATKAL,"Higher Studies (UK/Europe)",Germany,VERIFIED,"HC Ramaiah B. (KSP-CON-4421)",true,false,,false,false,,"Clear verification report approved. No adverse records found in CCTNS Karnataka database. Passport grant recommended.",2026-07-20T14:30:00
PV-2026-MYS-0592,"Suresh Shekhar",1979-04-13,Male,XXXX-XXXX-4941,9844695967,suresh.shekhar98@example.com,"#175, Main Road, Mysuru City","#175, Main Road, Mysuru City",Bengaluru,Mysuru City,Saraswathipuram PS,Fresh,NORMAL,"Employment (Gulf)",United Arab Emirates,VERIFIED,"PC Suresh K. (KSP-CON-3189)",true,false,,false,false,,"Clear verification report approved. No adverse records found in CCTNS Karnataka database. Passport grant recommended.",2026-07-20T14:30:00
PV-2026-MYS-0593,"Vijay Joshi",1995-06-16,Male,XXXX-XXXX-4978,9844703886,vijay.joshi0@example.com,"#190, Main Road, Mysuru City","#190, Main Road, Mysuru City",Bengaluru,Mysuru City,Vijayanagar PS,Renewal,NORMAL,"Tourism",France,PENDING,"PC Anand Kumar T. (KSP-CON-7104)",false,false,,false,false,,,
PV-2026-MYS-0594,"Sanjay Pillai",1969-08-19,Male,XXXX-XXXX-5015,9844711805,sanjay.pillai1@example.com,"#205, Main Road, Mysuru City","#205, Main Road, Mysuru City",Bengaluru,Mysuru City,Kuvempunagar PS,Fresh,NORMAL,"Tourism",Australia,PENDING,"PC Shivakumar N. (KSP-CON-6721)",false,false,,false,false,,,
PV-2026-MYS-0595,"Deepak Gowda",1985-10-22,Male,XXXX-XXXX-5052,9844719724,deepak.gowda2@example.com,"#220, Main Road, Mysuru City","#220, Main Road, Mysuru City",Bengaluru,Mysuru City,Narasimharaja PS,Fresh,NORMAL,"Family Visit",Japan,PENDING,"WHC Savitha D. (KSP-CON-3310)",false,false,,false,false,,,
PV-2026-MYS-0596,"Venkatesh Rao",2001-12-25,Male,XXXX-XXXX-5089,9844727643,venkatesh.rao3@example.com,"#235, Main Road, Mysuru City","#235, Main Road, Mysuru City",Bengaluru,Mysuru City,Devaraja PS,Renewal,NORMAL,"Work Visa (USA)",United States of America,FIELD_VISIT_DONE,"HC Mallikarjun K. (KSP-CON-1678)",true,false,,false,false,,,
PV-2026-MYS-0597,"Suresh Shekhar",1975-02-28,Male,XXXX-XXXX-5126,9844735562,suresh.shekhar4@example.com,"#250, Main Road, Mysuru City","#250, Main Road, Mysuru City",Bengaluru,Mysuru City,Saraswathipuram PS,Fresh,NORMAL,"Higher Studies (UK/Europe)",Germany,FIELD_VISIT_DONE,"HC Raghavendra P. (KSP-CON-2987)",true,false,,false,false,,,
PV-2026-MYS-0598,"Vijay Joshi",1991-04-03,Male,XXXX-XXXX-5163,9844743481,vijay.joshi5@example.com,"#265, Main Road, Mysuru City","#265, Main Road, Mysuru City",Bengaluru,Mysuru City,Vijayanagar PS,Tatkal,TATKAL,"Employment (Gulf)",United Arab Emirates,PENDING,"PC Ningappa H. (KSP-CON-8032)",false,false,,false,false,,,
PV-2026-MYS-0599,"Sanjay Pillai",1965-06-06,Male,XXXX-XXXX-5200,9844751400,sanjay.pillai6@example.com,"#280, Main Road, Mysuru City","#280, Main Road, Mysuru City",Bengaluru,Mysuru City,Kuvempunagar PS,Renewal,URGENT,"Tourism",France,FLAGGED,"WHC Renuka B. (KSP-CON-3891)",true,true,FIR-2025-700/MYS,true,false,,"FLAGGED TO SPECIAL BRANCH / CID: Linked to FIR-2025-700/MYS. Case pending in jurisdictional court.",2026-06-15T11:20:00
PV-2026-MYS-0600,"Deepak Gowda",1981-08-09,Male,XXXX-XXXX-5237,9844759319,deepak.gowda7@example.com,"#295, Main Road, Mysuru City","#295, Main Road, Mysuru City",Bengaluru,Mysuru City,Narasimharaja PS,Fresh,NORMAL,"Tourism",Australia,REJECTED,"WPC Geetha R. (KSP-CON-4902)",true,false,,false,false,"Address proof submitted found forged or non-verifiable","Application rejected by Police Sub-Inspector. Reason: Address proof submitted found forged or non-verifiable",2026-05-10T16:00:00
PV-2026-UDU-0601,"Rahul Verma",1979-06-08,Male,XXXX-XXXX-5274,9844767238,rahul.verma8@example.com,"#10, Main Road, Udupi","#10, Main Road, Udupi",Bengaluru,Udupi,Udupi Town PS,Tatkal,TATKAL,"Higher Studies (UK/Europe)",Germany,VERIFIED,"HC Ramaiah B. (KSP-CON-4421)",true,false,,false,false,,"Clear verification report approved. No adverse records found in CCTNS Karnataka database. Passport grant recommended.",2026-07-20T14:30:00
PV-2026-UDU-0602,"Girish Bhat",1995-08-11,Male,XXXX-XXXX-5311,9844775157,girish.bhat9@example.com,"#25, Main Road, Udupi","#25, Main Road, Udupi",Bengaluru,Udupi,Manipal PS,Fresh,NORMAL,"Employment (Gulf)",United Arab Emirates,VERIFIED,"PC Suresh K. (KSP-CON-3189)",true,false,,false,false,,"Clear verification report approved. No adverse records found in CCTNS Karnataka database. Passport grant recommended.",2026-07-20T14:30:00
PV-2026-UDU-0603,"Sunil Das",1969-10-14,Male,XXXX-XXXX-5348,9844783076,sunil.das10@example.com,"#40, Main Road, Udupi","#40, Main Road, Udupi",Bengaluru,Udupi,Kundapura PS,Fresh,NORMAL,"Tourism",France,VERIFIED,"PC Anand Kumar T. (KSP-CON-7104)",true,false,,false,false,,"Clear verification report approved. No adverse records found in CCTNS Karnataka database. Passport grant recommended.",2026-07-20T14:30:00
PV-2026-UDU-0604,"Raghavendra Nambiar",1985-12-17,Male,XXXX-XXXX-5385,9844790995,raghavendra.nambiar11@example.com,"#55, Main Road, Udupi","#55, Main Road, Udupi",Bengaluru,Udupi,Malpe PS,Renewal,NORMAL,"Tourism",Australia,VERIFIED,"PC Shivakumar N. (KSP-CON-6721)",true,false,,false,false,,"Clear verification report approved. No adverse records found in CCTNS Karnataka database. Passport grant recommended.",2026-07-20T14:30:00
PV-2026-UDU-0605,"Sachin Varma",2001-02-20,Male,XXXX-XXXX-5422,9844798914,sachin.varma12@example.com,"#70, Main Road, Udupi","#70, Main Road, Udupi",Bengaluru,Udupi,Karkala PS,Fresh,NORMAL,"Family Visit",Japan,VERIFIED,"WHC Savitha D. (KSP-CON-3310)",true,false,,false,false,,"Clear verification report approved. No adverse records found in CCTNS Karnataka database. Passport grant recommended.",2026-07-20T14:30:00
PV-2026-UDU-0606,"Rahul Verma",1975-04-23,Male,XXXX-XXXX-5459,9844806833,rahul.verma13@example.com,"#85, Main Road, Udupi","#85, Main Road, Udupi",Bengaluru,Udupi,Udupi Town PS,Tatkal,TATKAL,"Work Visa (USA)",United States of America,VERIFIED,"HC Mallikarjun K. (KSP-CON-1678)",true,false,,false,false,,"Clear verification report approved. No adverse records found in CCTNS Karnataka database. Passport grant recommended.",2026-07-20T14:30:00
PV-2026-UDU-0607,"Girish Bhat",1991-06-26,Male,XXXX-XXXX-5496,9844814752,girish.bhat14@example.com,"#100, Main Road, Udupi","#100, Main Road, Udupi",Bengaluru,Udupi,Manipal PS,Renewal,NORMAL,"Higher Studies (UK/Europe)",Germany,VERIFIED,"HC Raghavendra P. (KSP-CON-2987)",true,false,,false,false,,"Clear verification report approved. No adverse records found in CCTNS Karnataka database. Passport grant recommended.",2026-07-20T14:30:00
PV-2026-UDU-0608,"Sunil Das",1965-08-01,Male,XXXX-XXXX-5533,9844822671,sunil.das15@example.com,"#115, Main Road, Udupi","#115, Main Road, Udupi",Bengaluru,Udupi,Kundapura PS,Fresh,URGENT,"Employment (Gulf)",United Arab Emirates,VERIFIED,"PC Ningappa H. (KSP-CON-8032)",true,false,,false,false,,"Clear verification report approved. No adverse records found in CCTNS Karnataka database. Passport grant recommended.",2026-07-20T14:30:00
PV-2026-UDU-0609,"Raghavendra Nambiar",1981-10-04,Male,XXXX-XXXX-5570,9844830590,raghavendra.nambiar16@example.com,"#130, Main Road, Udupi","#130, Main Road, Udupi",Bengaluru,Udupi,Malpe PS,Fresh,NORMAL,"Tourism",France,VERIFIED,"WHC Renuka B. (KSP-CON-3891)",true,false,,false,false,,"Clear verification report approved. No adverse records found in CCTNS Karnataka database. Passport grant recommended.",2026-07-20T14:30:00
PV-2026-UDU-0610,"Sachin Varma",1997-12-07,Male,XXXX-XXXX-5607,9844838509,sachin.varma17@example.com,"#145, Main Road, Udupi","#145, Main Road, Udupi",Bengaluru,Udupi,Karkala PS,Renewal,NORMAL,"Tourism",Australia,VERIFIED,"WPC Geetha R. (KSP-CON-4902)",true,false,,false,false,,"Clear verification report approved. No adverse records found in CCTNS Karnataka database. Passport grant recommended.",2026-07-20T14:30:00
PV-2026-UDU-0611,"Rahul Verma",1971-02-10,Male,XXXX-XXXX-5644,9844846428,rahul.verma18@example.com,"#160, Main Road, Udupi","#160, Main Road, Udupi",Bengaluru,Udupi,Udupi Town PS,Tatkal,TATKAL,"Family Visit",Japan,VERIFIED,"HC Manjunatha S. (KSP-CON-2044)",true,false,,false,false,,"Clear verification report approved. No adverse records found in CCTNS Karnataka database. Passport grant recommended.",2026-07-20T14:30:00
PV-2026-UDU-0612,"Girish Bhat",1987-04-13,Male,XXXX-XXXX-5681,9844854347,girish.bhat19@example.com,"#175, Main Road, Udupi","#175, Main Road, Udupi",Bengaluru,Udupi,Manipal PS,Fresh,NORMAL,"Work Visa (USA)",United States of America,VERIFIED,"PC Praveen Gowda (KSP-CON-5120)",true,false,,false,false,,"Clear verification report approved. No adverse records found in CCTNS Karnataka database. Passport grant recommended.",2026-07-20T14:30:00
PV-2026-UDU-0613,"Sunil Das",2003-06-16,Male,XXXX-XXXX-5718,9844862266,sunil.das20@example.com,"#190, Main Road, Udupi","#190, Main Road, Udupi",Bengaluru,Udupi,Kundapura PS,Renewal,NORMAL,"Higher Studies (UK/Europe)",Germany,PENDING,"PC Chethan V. (KSP-CON-6245)",false,false,,false,false,,,
PV-2026-UDU-0614,"Raghavendra Nambiar",1977-08-19,Male,XXXX-XXXX-5755,9844870185,raghavendra.nambiar21@example.com,"#205, Main Road, Udupi","#205, Main Road, Udupi",Bengaluru,Udupi,Malpe PS,Fresh,NORMAL,"Employment (Gulf)",United Arab Emirates,PENDING,"PC Venkatesh G. (KSP-CON-5512)",false,false,,false,false,,,
PV-2026-UDU-0615,"Sachin Varma",1993-10-22,Male,XXXX-XXXX-5792,9844878104,sachin.varma22@example.com,"#220, Main Road, Udupi","#220, Main Road, Udupi",Bengaluru,Udupi,Karkala PS,Fresh,NORMAL,"Tourism",France,PENDING,"HC Basavaraj M. (KSP-CON-1890)",false,false,,false,false,,,
PV-2026-UDU-0616,"Rahul Verma",1967-12-25,Male,XXXX-XXXX-5829,9844886023,rahul.verma23@example.com,"#235, Main Road, Udupi","#235, Main Road, Udupi",Bengaluru,Udupi,Udupi Town PS,Renewal,NORMAL,"Tourism",Australia,FIELD_VISIT_DONE,"HC Ramaiah B. (KSP-CON-4421)",true,false,,false,false,,,
PV-2026-UDU-0617,"Girish Bhat",1983-02-28,Male,XXXX-XXXX-5866,9844893942,girish.bhat24@example.com,"#250, Main Road, Udupi","#250, Main Road, Udupi",Bengaluru,Udupi,Manipal PS,Fresh,NORMAL,"Family Visit",Japan,FIELD_VISIT_DONE,"PC Suresh K. (KSP-CON-3189)",true,false,,false,false,,,
PV-2026-UDU-0618,"Sunil Das",1999-04-03,Male,XXXX-XXXX-5903,9844901861,sunil.das25@example.com,"#265, Main Road, Udupi","#265, Main Road, Udupi",Bengaluru,Udupi,Kundapura PS,Tatkal,TATKAL,"Work Visa (USA)",United States of America,PENDING,"PC Anand Kumar T. (KSP-CON-7104)",false,false,,false,false,,,
PV-2026-UDU-0619,"Raghavendra Nambiar",1973-06-06,Male,XXXX-XXXX-5940,9844909780,raghavendra.nambiar26@example.com,"#280, Main Road, Udupi","#280, Main Road, Udupi",Bengaluru,Udupi,Malpe PS,Renewal,URGENT,"Higher Studies (UK/Europe)",Germany,FLAGGED,"PC Shivakumar N. (KSP-CON-6721)",true,true,FIR-2025-720/UDU,true,false,,"FLAGGED TO SPECIAL BRANCH / CID: Linked to FIR-2025-720/UDU. Case pending in jurisdictional court.",2026-06-15T11:20:00
PV-2026-UDU-0620,"Sachin Varma",1989-08-09,Male,XXXX-XXXX-5977,9844917699,sachin.varma27@example.com,"#295, Main Road, Udupi","#295, Main Road, Udupi",Bengaluru,Udupi,Karkala PS,Fresh,NORMAL,"Employment (Gulf)",United Arab Emirates,REJECTED,"WHC Savitha D. (KSP-CON-3310)",true,false,,false,false,"Applicant failed to produce original documents during physical verification","Application rejected by Police Sub-Inspector. Reason: Applicant failed to produce original documents during physical verification",2026-05-10T16:00:00