case_id,offender_id,crime_type,ipc_bns_section,victim_type,district,area_locality,time_pattern,method_used,mo_summary,date_reported,match_status,offender_age_band,offender_gender,offender_prior_case_count,offender_repeat_status,offender_recurrence_pattern
CASE-00839,OFF-00261,Counterfeit Currency,BNS Sec 178-180,Small retail shop,Udupi,Manipal,Early morning (4-7 AM),Cash-for-goods swap,Cash-for-goods swap; target: Small retail shop; early morning (4-7 am),2024-07-04,Linked to known offender record,56+,M,4,Repeat,Escalating frequency over last 6 months
CASE-00891,OFF-00282,Two-Wheeler Theft,BNS Sec 303 (Theft),Parked vehicle - residential,Davanagere,Shamanur Road area,Early morning (4-7 AM),Vehicle lifted onto pickup truck,Vehicle lifted onto pickup truck; target: Parked vehicle - residential; early morning (4-7 am),2023-01-22,Linked to known offender record,56+,M,4,Repeat,Single recorded case - insufficient pattern history
CASE-00007,OFF-00004,House Burglary,BNS Sec 305 (Burglary),Ground-floor apartment,Bengaluru Rural,Nelamangala town,Evening rush (6-8 PM),Window grille cutting,Window grille cutting; target: Ground-floor apartment; evening rush (6-8 pm),2025-11-25,Linked to known offender record,56+,F,2,Repeat,Single recorded case - insufficient pattern history
CASE-01996,UNASSIGNED,Two-Wheeler Theft,BNS Sec 303 (Theft),Parked vehicle - commercial area,Mandya,Ashok Nagar,Evening rush (6-8 PM),Duplicate key / lock-picking,Duplicate key / lock-picking; target: Parked vehicle - commercial area; evening rush (6-8 pm),2023-01-23,Open - no offender match recorded,N/A - case unmatched,N/A - case unmatched,N/A - case unmatched,N/A - case unmatched,N/A - case unmatched
CASE-00105,OFF-00031,Chain Snatching,BNS Sec 304 (Snatching),Lone woman pedestrian,Udupi,Kunjibettu,Evening rush (6-8 PM),"Foot approach, distraction snatch","Foot approach, distraction snatch; target: Lone woman pedestrian; evening rush (6-8 pm)",2023-03-11,Linked to known offender record,18-25,M,5,Repeat,Escalating frequency over last 6 months
CASE-00037,OFF-00012,Cyber Fraud (OTP/Phishing),IT Act Sec 66C/66D,Elderly account holder,Kolar,Old Bus Stand area,Late night (11 PM-2 AM),Fake bank call requesting OTP,Fake bank call requesting OTP; target: Elderly account holder; late night (11 pm-2 am),2025-04-07,Linked to known offender record,18-25,F,6,Repeat,Alternates between two known methods
CASE-00534,OFF-00168,Shop Robbery,BNS Sec 309 (Robbery),Small retail shop,Chikkamagaluru,MG Road area,Early morning (4-7 AM),"Armed threat, cash till","Armed threat, cash till; target: Small retail shop; early morning (4-7 am)",2024-11-14,Linked to known offender record,56+,F,2,Repeat,Long gap then resurgence with same MO
CASE-00528,OFF-00166,House Burglary,BNS Sec 305 (Burglary),Ground-floor apartment,Bidar,Chidri,Early morning (4-7 AM),"Lock-breaking, rear entry","Lock-breaking, rear entry; target: Ground-floor apartment; early morning (4-7 am)",2023-08-22,Linked to known offender record,56+,M,4,Repeat,Long gap then resurgence with same MO
CASE-00719,OFF-00227,Counterfeit Currency,BNS Sec 178-180,Small retail shop,Vijayapura,Athani Road area,Weekday mornings,Cash-for-goods swap,Cash-for-goods swap; target: Small retail shop; weekday mornings,2023-02-02,Linked to known offender record,56+,M,3,Repeat,Long gap then resurgence with same MO
CASE-01683,UNASSIGNED,Chain Snatching,BNS Sec 304 (Snatching),Elderly pedestrian,Mysuru,Saraswathipuram,Weekday mornings,"Foot approach, distraction snatch","Foot approach, distraction snatch; target: Elderly pedestrian; weekday mornings",2025-08-18,Open - no offender match recorded,N/A - case unmatched,N/A - case unmatched,N/A - case unmatched,N/A - case unmatched,N/A - case unmatched
CASE-01934,UNASSIGNED,Chain Snatching,BNS Sec 304 (Snatching),Elderly pedestrian,Koppal,Gangavathi Road area,Midday (12-3 PM),"Foot approach, distraction snatch","Foot approach, distraction snatch; target: Elderly pedestrian; midday (12-3 pm)",2025-03-31,Open - no offender match recorded,N/A - case unmatched,N/A - case unmatched,N/A - case unmatched,N/A - case unmatched,N/A - case unmatched
CASE-00992,OFF-00306,Chit Fund / Investment Fraud,BNS Sec 318 (Cheating),Small investor group,Bengaluru Rural,Devanahalli town,Early morning (4-7 AM),"Fake high-return scheme, cash collection","Fake high-return scheme, cash collection; target: Small investor group; early morning (4-7 am)",2023-01-23,Linked to known offender record,46-55,F,3,Repeat,Consistent MO across all recorded cases
CASE-01943,UNASSIGNED,Chit Fund / Investment Fraud,BNS Sec 318 (Cheating),Small investor group,Bidar,New Bidar,Midday (12-3 PM),"Fake high-return scheme, cash collection","Fake high-return scheme, cash collection; target: Small investor group; midday (12-3 pm)",2024-06-21,Open - no offender match recorded,N/A - case unmatched,N/A - case unmatched,N/A - case unmatched,N/A - case unmatched,N/A - case unmatched
CASE-01611,UNASSIGNED,Cyber Fraud (OTP/Phishing),IT Act Sec 66C/66D,First-time UPI user,Koppal,Old Town,Midday (12-3 PM),Fake bank call requesting OTP,Fake bank call requesting OTP; target: First-time UPI user; midday (12-3 pm),2024-08-15,Open - no offender match recorded,N/A - case unmatched,N/A - case unmatched,N/A - case unmatched,N/A - case unmatched,N/A - case unmatched
CASE-00488,OFF-00155,Vehicle Theft (Four-wheeler),BNS Sec 303 (Theft),Parked vehicle - street,Belagavi,Shahapur,Midday (12-3 PM),Relay key attack,Relay key attack; target: Parked vehicle - street; midday (12-3 pm),2024-09-25,Linked to known offender record,36-45,F,6,Repeat,Consistent MO across all recorded cases
CASE-00617,OFF-00194,Counterfeit Currency,BNS Sec 178-180,Small retail shop,Mysuru,Vijayanagar,Late night (11 PM-2 AM),Bulk note circulation via shop network,Bulk note circulation via shop network; target: Small retail shop; late night (11 pm-2 am),2025-01-06,Linked to known offender record,26-35,M,1,First recorded instance,Long gap then resurgence with same MO
CASE-01299,OFF-00392,House Burglary,BNS Sec 305 (Burglary),Ground-floor apartment,Bidar,Old City area,Evening rush (6-8 PM),Window grille cutting,Window grille cutting; target: Ground-floor apartment; evening rush (6-8 pm),2024-04-16,Linked to known offender record,36-45,F,4,Repeat,Escalating frequency over last 6 months
CASE-01510,UNASSIGNED,Pickpocketing,BNS Sec 303 (Theft),Market crowd,Raichur,Old Town,Evening rush (6-8 PM),Bag slit and remove,Bag slit and remove; target: Market crowd; evening rush (6-8 pm),2025-07-11,Open - no offender match recorded,N/A - case unmatched,N/A - case unmatched,N/A - case unmatched,N/A - case unmatched,N/A - case unmatched
CASE-01782,UNASSIGNED,Two-Wheeler Theft,BNS Sec 303 (Theft),Parked vehicle - residential,Shivamogga,Durgigudi,Late night (11 PM-2 AM),Duplicate key / lock-picking,Duplicate key / lock-picking; target: Parked vehicle - residential; late night (11 pm-2 am),2023-08-18,Open - no offender match recorded,N/A - case unmatched,N/A - case unmatched,N/A - case unmatched,N/A - case unmatched,N/A - case unmatched
CASE-00135,OFF-00039,Shop Robbery,BNS Sec 309 (Robbery),Small retail shop,Shivamogga,Vinoba Nagar,Early morning (4-7 AM),"Armed threat, cash till","Armed threat, cash till; target: Small retail shop; early morning (4-7 am)",2024-12-26,Linked to known offender record,26-35,F,5,Repeat,Escalating frequency over last 6 months
CASE-01269,OFF-00384,House Burglary,BNS Sec 305 (Burglary),Vacant residence,Uttara Kannada,Kumta town,Weekday mornings,"Lock-breaking, rear entry","Lock-breaking, rear entry; target: Vacant residence; weekday mornings",2025-04-09,Linked to known offender record,56+,F,4,Repeat,Consistent MO across all recorded cases
CASE-00918,OFF-00288,Two-Wheeler Theft,BNS Sec 303 (Theft),Parked vehicle - commercial area,Tumakuru,SS Puram,Early morning (4-7 AM),Vehicle lifted onto pickup truck,Vehicle lifted onto pickup truck; target: Parked vehicle - commercial area; early morning (4-7 am),2025-09-18,Linked to known offender record,26-35,F,3,Repeat,Long gap then resurgence with same MO
CASE-00295,OFF-00091,Two-Wheeler Theft,BNS Sec 303 (Theft),Parked vehicle - residential,Mysuru,Saraswathipuram,Weekend nights,Duplicate key / lock-picking,Duplicate key / lock-picking; target: Parked vehicle - residential; weekend nights,2023-04-22,Linked to known offender record,18-25,M,4,Repeat,Alternates between two known methods
CASE-02000,UNASSIGNED,Cyber Fraud (OTP/Phishing),IT Act Sec 66C/66D,Elderly account holder,Mysuru,Bannimantap,Evening rush (6-8 PM),SMS phishing link,SMS phishing link; target: Elderly account holder; evening rush (6-8 pm),2025-05-10,Open - no offender match recorded,N/A - case unmatched,N/A - case unmatched,N/A - case unmatched,N/A - case unmatched,N/A - case unmatched
CASE-01838,UNASSIGNED,Pickpocketing,BNS Sec 303 (Theft),Market crowd,Vijayapura,Athani Road area,Evening rush (6-8 PM),Bag slit and remove,Bag slit and remove; target: Market crowd; evening rush (6-8 pm),2024-10-06,Open - no offender match recorded,N/A - case unmatched,N/A - case unmatched,N/A - case unmatched,N/A - case unmatched,N/A - case unmatched
CASE-01621,UNASSIGNED,Chain Snatching,BNS Sec 304 (Snatching),Elderly pedestrian,Yadgir,Station Road area,Evening rush (6-8 PM),"Foot approach, distraction snatch","Foot approach, distraction snatch; target: Elderly pedestrian; evening rush (6-8 pm)",2024-05-03,Open - no offender match recorded,N/A - case unmatched,N/A - case unmatched,N/A - case unmatched,N/A - case unmatched,N/A - case unmatched
CASE-01947,UNASSIGNED,Shop Robbery,BNS Sec 309 (Robbery),Jewellery shop,Bengaluru Urban,Banashankari,Late night (11 PM-2 AM),"Armed threat, cash till","Armed threat, cash till; target: Jewellery shop; late night (11 pm-2 am)",2024-06-15,Open - no offender match recorded,N/A - case unmatched,N/A - case unmatched,N/A - case unmatched,N/A - case unmatched,N/A - case unmatched
CASE-01734,UNASSIGNED,Counterfeit Currency,BNS Sec 178-180,Small retail shop,Kolar,Bangarpet Road area,Evening rush (6-8 PM),Bulk note circulation via shop network,Bulk note circulation via shop network; target: Small retail shop; evening rush (6-8 pm),2024-10-14,Open - no offender match recorded,N/A - case unmatched,N/A - case unmatched,N/A - case unmatched,N/A - case unmatched,N/A - case unmatched
CASE-00798,OFF-00249,Cyber Fraud (OTP/Phishing),IT Act Sec 66C/66D,Elderly account holder,Tumakuru,Kunigal Road area,Early morning (4-7 AM),SMS phishing link,SMS phishing link; target: Elderly account holder; early morning (4-7 am),2025-08-03,Linked to known offender record,26-35,F,5,Repeat,Single recorded case - insufficient pattern history
CASE-01285,OFF-00387,Shop Robbery,BNS Sec 309 (Robbery),Jewellery shop,Ballari,Cowl Bazaar,Weekday mornings,"Armed threat, cash till","Armed threat, cash till; target: Jewellery shop; weekday mornings",2024-05-04,Linked to known offender record,26-35,M,2,Repeat,Consistent MO across all recorded cases
CASE-01115,OFF-00340,Pickpocketing,BNS Sec 303 (Theft),Bus/rail commuter,Haveri,Bypass Road area,Early morning (4-7 AM),Bag slit and remove,Bag slit and remove; target: Bus/rail commuter; early morning (4-7 am),2025-03-30,Linked to known offender record,56+,M,4,Repeat,Long gap then resurgence with same MO
CASE-00569,OFF-00179,Pickpocketing,BNS Sec 303 (Theft),Bus/rail commuter,Mangaluru (Dakshina Kannada),Hampankatta,Evening rush (6-8 PM),Bag slit and remove,Bag slit and remove; target: Bus/rail commuter; evening rush (6-8 pm),2023-09-14,Linked to known offender record,56+,F,4,Repeat,Alternates between two known methods
CASE-01826,UNASSIGNED,Two-Wheeler Theft,BNS Sec 303 (Theft),Parked vehicle - residential,Udupi,Malpe Road area,Late night (11 PM-2 AM),Duplicate key / lock-picking,Duplicate key / lock-picking; target: Parked vehicle - residential; late night (11 pm-2 am),2024-12-24,Open - no offender match recorded,N/A - case unmatched,N/A - case unmatched,N/A - case unmatched,N/A - case unmatched,N/A - case unmatched
CASE-00902,OFF-00284,Shop Robbery,BNS Sec 309 (Robbery),Small retail shop,Hassan,Race Course Road area,Early morning (4-7 AM),Late-night forced entry,Late-night forced entry; target: Small retail shop; early morning (4-7 am),2023-02-23,Linked to known offender record,26-35,F,6,Repeat,Long gap then resurgence with same MO
CASE-00948,OFF-00296,Counterfeit Currency,BNS Sec 178-180,Currency exchange,Kodagu,Virajpet town,Weekend nights,Bulk note circulation via shop network,Bulk note circulation via shop network; target: Currency exchange; weekend nights,2025-05-28,Linked to known offender record,26-35,M,6,Repeat,Consistent MO across all recorded cases
CASE-00826,OFF-00258,Counterfeit Currency,BNS Sec 178-180,Currency exchange,Uttara Kannada,Karwar town,Early morning (4-7 AM),Bulk note circulation via shop network,Bulk note circulation via shop network; target: Currency exchange; early morning (4-7 am),2025-12-09,Linked to known offender record,26-35,F,3,Repeat,Single recorded case - insufficient pattern history
CASE-00399,OFF-00128,Chain Snatching,BNS Sec 304 (Snatching),Elderly pedestrian,Koppal,Old Town,Evening rush (6-8 PM),Two-wheeler drive-by snatch,Two-wheeler drive-by snatch; target: Elderly pedestrian; evening rush (6-8 pm),2025-02-18,Linked to known offender record,46-55,M,4,Repeat,Consistent MO across all recorded cases
CASE-01041,OFF-00320,Two-Wheeler Theft,BNS Sec 303 (Theft),Parked vehicle - commercial area,Hassan,Vidyanagar,Early morning (4-7 AM),Vehicle lifted onto pickup truck,Vehicle lifted onto pickup truck; target: Parked vehicle - commercial area; early morning (4-7 am),2025-01-11,Linked to known offender record,26-35,M,5,Repeat,Alternates between two known methods
CASE-01567,UNASSIGNED,Cyber Fraud (OTP/Phishing),IT Act Sec 66C/66D,Elderly account holder,Tumakuru,SS Puram,Midday (12-3 PM),Fake bank call requesting OTP,Fake bank call requesting OTP; target: Elderly account holder; midday (12-3 pm),2023-10-13,Open - no offender match recorded,N/A - case unmatched,N/A - case unmatched,N/A - case unmatched,N/A - case unmatched,N/A - case unmatched
CASE-00116,OFF-00033,Vehicle Theft (Four-wheeler),BNS Sec 303 (Theft),Parked vehicle - street,Hubballi-Dharwad,Old Hubballi,Weekday mornings,Tow-away theft,Tow-away theft; target: Parked vehicle - street; weekday mornings,2024-02-07,Linked to known offender record,26-35,F,5,Repeat,Single recorded case - insufficient pattern history
CASE-01093,OFF-00332,ATM Tampering/Skimming,BNS Sec 318 / IT Act,ATM users - unmanned kiosk,Belagavi,Shahapur,Evening rush (6-8 PM),Shoulder-surfing + card swap,Shoulder-surfing + card swap; target: ATM users - unmanned kiosk; evening rush (6-8 pm),2024-04-05,Linked to known offender record,46-55,M,5,Repeat,Escalating frequency over last 6 months
CASE-01350,OFF-00410,Cyber Fraud (OTP/Phishing),IT Act Sec 66C/66D,Elderly account holder,Chitradurga,Old Bus Stand area,Weekday mornings,SMS phishing link,SMS phishing link; target: Elderly account holder; weekday mornings,2025-05-14,Linked to known offender record,26-35,M,5,Repeat,Consistent MO across all recorded cases
CASE-00652,OFF-00206,Two-Wheeler Theft,BNS Sec 303 (Theft),Parked vehicle - residential,Ballari,Cowl Bazaar,Evening rush (6-8 PM),Duplicate key / lock-picking,Duplicate key / lock-picking; target: Parked vehicle - residential; evening rush (6-8 pm),2024-10-30,Linked to known offender record,36-45,F,2,Repeat,Single recorded case - insufficient pattern history
CASE-01406,OFF-00429,Vehicle Theft (Four-wheeler),BNS Sec 303 (Theft),Parked vehicle - street,Bidar,Old City area,Late night (11 PM-2 AM),Tow-away theft,Tow-away theft; target: Parked vehicle - street; late night (11 pm-2 am),2023-10-11,Linked to known offender record,46-55,M,6,Repeat,Consistent MO across all recorded cases
CASE-01909,UNASSIGNED,Shop Robbery,BNS Sec 309 (Robbery),Small retail shop,Chamarajanagar,Kollegal Road area,Midday (12-3 PM),Late-night forced entry,Late-night forced entry; target: Small retail shop; midday (12-3 pm),2024-02-17,Open - no offender match recorded,N/A - case unmatched,N/A - case unmatched,N/A - case unmatched,N/A - case unmatched,N/A - case unmatched
CASE-01047,OFF-00322,Counterfeit Currency,BNS Sec 178-180,Small retail shop,Chamarajanagar,Kollegal Road area,Late night (11 PM-2 AM),Bulk note circulation via shop network,Bulk note circulation via shop network; target: Small retail shop; late night (11 pm-2 am),2023-06-09,Linked to known offender record,56+,M,2,Repeat,Single recorded case - insufficient pattern history
CASE-01654,UNASSIGNED,Vehicle Theft (Four-wheeler),BNS Sec 303 (Theft),Parked vehicle - street,Mandya,Vidyanagar,Weekend nights,Relay key attack,Relay key attack; target: Parked vehicle - street; weekend nights,2024-06-08,Open - no offender match recorded,N/A - case unmatched,N/A - case unmatched,N/A - case unmatched,N/A - case unmatched,N/A - case unmatched
CASE-00693,OFF-00218,ATM Tampering/Skimming,BNS Sec 318 / IT Act,ATM users - unmanned kiosk,Chitradurga,Old Bus Stand area,Early morning (4-7 AM),Shoulder-surfing + card swap,Shoulder-surfing + card swap; target: ATM users - unmanned kiosk; early morning (4-7 am),2025-09-29,Linked to known offender record,26-35,F,5,Repeat,Consistent MO across all recorded cases
CASE-00217,OFF-00063,Shop Robbery,BNS Sec 309 (Robbery),Small retail shop,Yadgir,Station Road area,Early morning (4-7 AM),Late-night forced entry,Late-night forced entry; target: Small retail shop; early morning (4-7 am),2023-12-24,Linked to known offender record,56+,M,4,Repeat,Long gap then resurgence with same MO
CASE-00241,OFF-00071,Vehicle Theft (Four-wheeler),BNS Sec 303 (Theft),Parked vehicle - street,Vijayapura,Jubilee Circle area,Weekday mornings,Tow-away theft,Tow-away theft; target: Parked vehicle - street; weekday mornings,2025-02-11,Linked to known offender record,26-35,F,3,Repeat,Consistent MO across all recorded cases
CASE-01469,OFF-00446,Chit Fund / Investment Fraud,BNS Sec 318 (Cheating),Small investor group,Vijayapura,Athani Road area,Midday (12-3 PM),"Fake high-return scheme, cash collection","Fake high-return scheme, cash collection; target: Small investor group; midday (12-3 pm)",2024-04-19,Linked to known offender record,18-25,M,4,Repeat,Escalating frequency over last 6 months
CASE-01329,OFF-00401,ATM Tampering/Skimming,BNS Sec 318 / IT Act,ATM users - unmanned kiosk,Uttara Kannada,Sirsi town,Weekend nights,Shoulder-surfing + card swap,Shoulder-surfing + card swap; target: ATM users - unmanned kiosk; weekend nights,2023-04-05,Linked to known offender record,18-25,F,3,Repeat,Alternates between two known methods
CASE-00193,OFF-00055,Shop Robbery,BNS Sec 309 (Robbery),Small retail shop,Bagalkot,Old Bagalkot,Weekday mornings,"Armed threat, cash till","Armed threat, cash till; target: Small retail shop; weekday mornings",2025-08-11,Linked to known offender record,36-45,F,5,Repeat,Escalating frequency over last 6 months
CASE-01210,OFF-00365,Vehicle Theft (Four-wheeler),BNS Sec 303 (Theft),Parked vehicle - street,Haveri,Bypass Road area,Weekend nights,Tow-away theft,Tow-away theft; target: Parked vehicle - street; weekend nights,2023-01-06,Linked to known offender record,46-55,M,4,Repeat,Alternates between two known methods
CASE-01553,UNASSIGNED,ATM Tampering/Skimming,BNS Sec 318 / IT Act,ATM users - unmanned kiosk,Mangaluru (Dakshina Kannada),Mangaladevi,Late night (11 PM-2 AM),Skimmer device installation,Skimmer device installation; target: ATM users - unmanned kiosk; late night (11 pm-2 am),2025-06-01,Open - no offender match recorded,N/A - case unmatched,N/A - case unmatched,N/A - case unmatched,N/A - case unmatched,N/A - case unmatched
CASE-00306,OFF-00095,Chain Snatching,BNS Sec 304 (Snatching),Lone woman pedestrian,Davanagere,Vinoba Nagar,Evening rush (6-8 PM),Two-wheeler drive-by snatch,Two-wheeler drive-by snatch; target: Lone woman pedestrian; evening rush (6-8 pm),2024-11-28,Linked to known offender record,36-45,M,2,Repeat,Escalating frequency over last 6 months
CASE-01054,OFF-00324,House Burglary,BNS Sec 305 (Burglary),Vacant residence,Kolar,Bangarpet Road area,Weekday mornings,Impersonation as utility worker,Impersonation as utility worker; target: Vacant residence; weekday mornings,2024-02-09,Linked to known offender record,46-55,M,5,Repeat,Consistent MO across all recorded cases
CASE-00884,OFF-00280,Chain Snatching,BNS Sec 304 (Snatching),Elderly pedestrian,Hubballi-Dharwad,Old Hubballi,Midday (12-3 PM),Two-wheeler drive-by snatch,Two-wheeler drive-by snatch; target: Elderly pedestrian; midday (12-3 pm),2023-07-14,Linked to known offender record,36-45,M,4,Repeat,Long gap then resurgence with same MO
CASE-01746,UNASSIGNED,Shop Robbery,BNS Sec 309 (Robbery),Jewellery shop,Vijayapura,Jubilee Circle area,Weekend nights,Late-night forced entry,Late-night forced entry; target: Jewellery shop; weekend nights,2023-12-25,Open - no offender match recorded,N/A - case unmatched,N/A - case unmatched,N/A - case unmatched,N/A - case unmatched,N/A - case unmatched
CASE-00867,OFF-00276,Counterfeit Currency,BNS Sec 178-180,Small retail shop,Kalaburagi,Sedam Road area,Evening rush (6-8 PM),Bulk note circulation via shop network,Bulk note circulation via shop network; target: Small retail shop; evening rush (6-8 pm),2024-02-27,Linked to known offender record,36-45,F,4,Repeat,Escalating frequency over last 6 months
CASE-00054,OFF-00016,ATM Tampering/Skimming,BNS Sec 318 / IT Act,ATM users - unmanned kiosk,Mysuru,Vijayanagar,Weekday mornings,Shoulder-surfing + card swap,Shoulder-surfing + card swap; target: ATM users - unmanned kiosk; weekday mornings,2025-09-29,Linked to known offender record,56+,F,5,Repeat,Consistent MO across all recorded cases
CASE-01727,UNASSIGNED,Chain Snatching,BNS Sec 304 (Snatching),Elderly pedestrian,Tumakuru,Kunigal Road area,Weekend nights,Two-wheeler drive-by snatch,Two-wheeler drive-by snatch; target: Elderly pedestrian; weekend nights,2023-09-17,Open - no offender match recorded,N/A - case unmatched,N/A - case unmatched,N/A - case unmatched,N/A - case unmatched,N/A - case unmatched
CASE-00799,OFF-00249,Cyber Fraud (OTP/Phishing),IT Act Sec 66C/66D,Elderly account holder,Belagavi,Tilakwadi,Late night (11 PM-2 AM),SMS phishing link,SMS phishing link; target: Elderly account holder; late night (11 pm-2 am),2025-02-03,Linked to known offender record,26-35,F,5,Repeat,Single recorded case - insufficient pattern history
CASE-01468,OFF-00446,Chit Fund / Investment Fraud,BNS Sec 318 (Cheating),Small investor group,Koppal,Old Town,Weekend nights,"Fake high-return scheme, cash collection","Fake high-return scheme, cash collection; target: Small investor group; weekend nights",2023-03-23,Linked to known offender record,18-25,M,4,Repeat,Escalating frequency over last 6 months
CASE-01414,OFF-00431,Vehicle Theft (Four-wheeler),BNS Sec 303 (Theft),Parked vehicle - street,Kolar,Bangarpet Road area,Early morning (4-7 AM),Tow-away theft,Tow-away theft; target: Parked vehicle - street; early morning (4-7 am),2025-03-16,Linked to known offender record,56+,F,6,Repeat,Alternates between two known methods
CASE-00843,OFF-00263,Shop Robbery,BNS Sec 309 (Robbery),Small retail shop,Kalaburagi,Station Road area,Early morning (4-7 AM),"Armed threat, cash till","Armed threat, cash till; target: Small retail shop; early morning (4-7 am)",2023-11-26,Linked to known offender record,26-35,M,2,Repeat,Consistent MO across all recorded cases
CASE-00131,OFF-00037,Chain Snatching,BNS Sec 304 (Snatching),Lone woman pedestrian,Kalaburagi,Station Road area,Weekend nights,Two-wheeler drive-by snatch,Two-wheeler drive-by snatch; target: Lone woman pedestrian; weekend nights,2025-06-23,Linked to known offender record,26-35,F,5,Repeat,Single recorded case - insufficient pattern history
CASE-01032,OFF-00318,Shop Robbery,BNS Sec 309 (Robbery),Jewellery shop,Chamarajanagar,Town Centre,Evening rush (6-8 PM),"Armed threat, cash till","Armed threat, cash till; target: Jewellery shop; evening rush (6-8 pm)",2024-04-19,Linked to known offender record,56+,M,5,Repeat,Consistent MO across all recorded cases
CASE-00589,OFF-00184,Shop Robbery,BNS Sec 309 (Robbery),Small retail shop,Uttara Kannada,Karwar town,Weekend nights,Late-night forced entry,Late-night forced entry; target: Small retail shop; weekend nights,2023-10-20,Linked to known offender record,36-45,F,3,Repeat,Alternates between two known methods
CASE-00879,OFF-00278,House Burglary,BNS Sec 305 (Burglary),Ground-floor apartment,Kodagu,Virajpet town,Weekday mornings,"Lock-breaking, rear entry","Lock-breaking, rear entry; target: Ground-floor apartment; weekday mornings",2023-10-01,Linked to known offender record,46-55,M,6,Repeat,Long gap then resurgence with same MO
CASE-01641,UNASSIGNED,Shop Robbery,BNS Sec 309 (Robbery),Jewellery shop,Chitradurga,College Road area,Early morning (4-7 AM),Late-night forced entry,Late-night forced entry; target: Jewellery shop; early morning (4-7 am),2024-03-06,Open - no offender match recorded,N/A - case unmatched,N/A - case unmatched,N/A - case unmatched,N/A - case unmatched,N/A - case unmatched
CASE-00113,OFF-00032,House Burglary,BNS Sec 305 (Burglary),Ground-floor apartment,Mysuru,Kuvempunagar,Weekend nights,Impersonation as utility worker,Impersonation as utility worker; target: Ground-floor apartment; weekend nights,2025-08-16,Linked to known offender record,36-45,M,5,Repeat,Escalating frequency over last 6 months
CASE-01147,OFF-00349,Counterfeit Currency,BNS Sec 178-180,Small retail shop,Tumakuru,Ashoknagar,Midday (12-3 PM),Cash-for-goods swap,Cash-for-goods swap; target: Small retail shop; midday (12-3 pm),2024-03-21,Linked to known offender record,46-55,F,4,Repeat,Consistent MO across all recorded cases
CASE-01639,UNASSIGNED,Shop Robbery,BNS Sec 309 (Robbery),Jewellery shop,Shivamogga,Vinoba Nagar,Midday (12-3 PM),Late-night forced entry,Late-night forced entry; target: Jewellery shop; midday (12-3 pm),2024-11-28,Open - no offender match recorded,N/A - case unmatched,N/A - case unmatched,N/A - case unmatched,N/A - case unmatched,N/A - case unmatched
CASE-00578,OFF-00182,ATM Tampering/Skimming,BNS Sec 318 / IT Act,ATM users - unmanned kiosk,Koppal,Old Town,Early morning (4-7 AM),Shoulder-surfing + card swap,Shoulder-surfing + card swap; target: ATM users - unmanned kiosk; early morning (4-7 am),2024-02-09,Linked to known offender record,56+,M,4,Repeat,Single recorded case - insufficient pattern history
CASE-00126,OFF-00036,Shop Robbery,BNS Sec 309 (Robbery),Jewellery shop,Kodagu,Gonikoppal town,Weekday mornings,Late-night forced entry,Late-night forced entry; target: Jewellery shop; weekday mornings,2024-07-23,Linked to known offender record,36-45,F,1,First recorded instance,Escalating frequency over last 6 months
CASE-00717,OFF-00226,Chit Fund / Investment Fraud,BNS Sec 318 (Cheating),Small investor group,Bagalkot,Old Bagalkot,Midday (12-3 PM),"Fake high-return scheme, cash collection","Fake high-return scheme, cash collection; target: Small investor group; midday (12-3 pm)",2024-01-20,Linked to known offender record,56+,F,2,Repeat,Single recorded case - insufficient pattern history
CASE-00397,OFF-00128,Chain Snatching,BNS Sec 304 (Snatching),Elderly pedestrian,Koppal,Old Town,Evening rush (6-8 PM),"Foot approach, distraction snatch","Foot approach, distraction snatch; target: Elderly pedestrian; evening rush (6-8 pm)",2024-08-04,Linked to known offender record,46-55,M,4,Repeat,Consistent MO across all recorded cases
CASE-00148,OFF-00042,Pickpocketing,BNS Sec 303 (Theft),Bus/rail commuter,Davanagere,PJ Extension,Weekend nights,Crowd distraction lift,Crowd distraction lift; target: Bus/rail commuter; weekend nights,2024-04-03,Linked to known offender record,46-55,F,2,Repeat,Consistent MO across all recorded cases
CASE-00925,OFF-00290,Two-Wheeler Theft,BNS Sec 303 (Theft),Parked vehicle - residential,Chikkamagaluru,IG Road area,Midday (12-3 PM),Vehicle lifted onto pickup truck,Vehicle lifted onto pickup truck; target: Parked vehicle - residential; midday (12-3 pm),2024-07-01,Linked to known offender record,36-45,F,2,Repeat,Long gap then resurgence with same MO
CASE-00243,OFF-00072,Shop Robbery,BNS Sec 309 (Robbery),Small retail shop,Kolar,Old Bus Stand area,Evening rush (6-8 PM),Late-night forced entry,Late-night forced entry; target: Small retail shop; evening rush (6-8 pm),2025-03-14,Linked to known offender record,18-25,F,6,Repeat,Alternates between two known methods
CASE-01869,UNASSIGNED,Pickpocketing,BNS Sec 303 (Theft),Market crowd,Bagalkot,Navanagar,Weekday mornings,Crowd distraction lift,Crowd distraction lift; target: Market crowd; weekday mornings,2025-04-26,Open - no offender match recorded,N/A - case unmatched,N/A - case unmatched,N/A - case unmatched,N/A - case unmatched,N/A - case unmatched
CASE-01688,UNASSIGNED,Shop Robbery,BNS Sec 309 (Robbery),Small retail shop,Chikkamagaluru,IG Road area,Weekend nights,Late-night forced entry,Late-night forced entry; target: Small retail shop; weekend nights,2024-08-17,Open - no offender match recorded,N/A - case unmatched,N/A - case unmatched,N/A - case unmatched,N/A - case unmatched,N/A - case unmatched
CASE-00656,OFF-00208,Two-Wheeler Theft,BNS Sec 303 (Theft),Parked vehicle - commercial area,Vijayapura,Jubilee Circle area,Weekday mornings,Duplicate key / lock-picking,Duplicate key / lock-picking; target: Parked vehicle - commercial area; weekday mornings,2023-09-22,Linked to known offender record,18-25,F,3,Repeat,Consistent MO across all recorded cases
CASE-01675,UNASSIGNED,Chain Snatching,BNS Sec 304 (Snatching),Elderly pedestrian,Belagavi,Camp Area,Late night (11 PM-2 AM),Two-wheeler drive-by snatch,Two-wheeler drive-by snatch; target: Elderly pedestrian; late night (11 pm-2 am),2024-12-13,Open - no offender match recorded,N/A - case unmatched,N/A - case unmatched,N/A - case unmatched,N/A - case unmatched,N/A - case unmatched
CASE-01667,UNASSIGNED,Pickpocketing,BNS Sec 303 (Theft),Bus/rail commuter,Mandya,Vidyanagar,Early morning (4-7 AM),Crowd distraction lift,Crowd distraction lift; target: Bus/rail commuter; early morning (4-7 am),2023-08-25,Open - no offender match recorded,N/A - case unmatched,N/A - case unmatched,N/A - case unmatched,N/A - case unmatched,N/A - case unmatched
CASE-01165,OFF-00352,Chain Snatching,BNS Sec 304 (Snatching),Lone woman pedestrian,Kalaburagi,Station Road area,Weekend nights,"Foot approach, distraction snatch","Foot approach, distraction snatch; target: Lone woman pedestrian; weekend nights",2024-10-17,Linked to known offender record,46-55,M,6,Repeat,Consistent MO across all recorded cases
CASE-01880,UNASSIGNED,Chit Fund / Investment Fraud,BNS Sec 318 (Cheating),Small investor group,Bagalkot,Old Bagalkot,Early morning (4-7 AM),"Fake high-return scheme, cash collection","Fake high-return scheme, cash collection; target: Small investor group; early morning (4-7 am)",2025-06-22,Open - no offender match recorded,N/A - case unmatched,N/A - case unmatched,N/A - case unmatched,N/A - case unmatched,N/A - case unmatched
CASE-01346,OFF-00408,Two-Wheeler Theft,BNS Sec 303 (Theft),Parked vehicle - commercial area,Bengaluru Rural,Devanahalli town,Evening rush (6-8 PM),Vehicle lifted onto pickup truck,Vehicle lifted onto pickup truck; target: Parked vehicle - commercial area; evening rush (6-8 pm),2023-06-22,Linked to known offender record,36-45,F,3,Repeat,Alternates between two known methods
CASE-00099,OFF-00029,House Burglary,BNS Sec 305 (Burglary),Ground-floor apartment,Bengaluru Rural,Nelamangala town,Weekday mornings,"Lock-breaking, rear entry","Lock-breaking, rear entry; target: Ground-floor apartment; weekday mornings",2023-11-21,Linked to known offender record,46-55,F,4,Repeat,Escalating frequency over last 6 months
CASE-01359,OFF-00414,Chit Fund / Investment Fraud,BNS Sec 318 (Cheating),Small investor group,Bengaluru Urban,Whitefield,Midday (12-3 PM),"Fake high-return scheme, cash collection","Fake high-return scheme, cash collection; target: Small investor group; midday (12-3 pm)",2025-12-17,Linked to known offender record,46-55,M,3,Repeat,Alternates between two known methods
CASE-00829,OFF-00259,ATM Tampering/Skimming,BNS Sec 318 / IT Act,ATM users - unmanned kiosk,Bengaluru Urban,Koramangala,Weekend nights,Shoulder-surfing + card swap,Shoulder-surfing + card swap; target: ATM users - unmanned kiosk; weekend nights,2023-05-29,Linked to known offender record,56+,M,4,Repeat,Consistent MO across all recorded cases
CASE-01453,OFF-00443,House Burglary,BNS Sec 305 (Burglary),Ground-floor apartment,Haveri,Bypass Road area,Weekday mornings,"Lock-breaking, rear entry","Lock-breaking, rear entry; target: Ground-floor apartment; weekday mornings",2023-11-27,Linked to known offender record,56+,F,6,Repeat,Alternates between two known methods
CASE-01588,UNASSIGNED,Cyber Fraud (OTP/Phishing),IT Act Sec 66C/66D,Elderly account holder,Kolar,Old Bus Stand area,Late night (11 PM-2 AM),Fake bank call requesting OTP,Fake bank call requesting OTP; target: Elderly account holder; late night (11 pm-2 am),2024-11-30,Open - no offender match recorded,N/A - case unmatched,N/A - case unmatched,N/A - case unmatched,N/A - case unmatched,N/A - case unmatched
CASE-00698,OFF-00220,Pickpocketing,BNS Sec 303 (Theft),Bus/rail commuter,Bengaluru Rural,Devanahalli town,Weekday mornings,Bag slit and remove,Bag slit and remove; target: Bus/rail commuter; weekday mornings,2024-09-13,Linked to known offender record,56+,M,4,Repeat,Escalating frequency over last 6 months
CASE-01158,OFF-00351,House Burglary,BNS Sec 305 (Burglary),Ground-floor apartment,Tumakuru,Ashoknagar,Evening rush (6-8 PM),Impersonation as utility worker,Impersonation as utility worker; target: Ground-floor apartment; evening rush (6-8 pm),2024-02-07,Linked to known offender record,18-25,F,5,Repeat,Escalating frequency over last 6 months
CASE-01662,UNASSIGNED,Pickpocketing,BNS Sec 303 (Theft),Bus/rail commuter,Hassan,Race Course Road area,Late night (11 PM-2 AM),Bag slit and remove,Bag slit and remove; target: Bus/rail commuter; late night (11 pm-2 am),2024-11-13,Open - no offender match recorded,N/A - case unmatched,N/A - case unmatched,N/A - case unmatched,N/A - case unmatched,N/A - case unmatched
CASE-00919,OFF-00289,House Burglary,BNS Sec 305 (Burglary),Ground-floor apartment,Mangaluru (Dakshina Kannada),Bejai,Midday (12-3 PM),Window grille cutting,Window grille cutting; target: Ground-floor apartment; midday (12-3 pm),2023-08-06,Linked to known offender record,26-35,M,6,Repeat,Alternates between two known methods
CASE-00750,OFF-00235,Chit Fund / Investment Fraud,BNS Sec 318 (Cheating),Small investor group,Ballari,Gandhinagar,Evening rush (6-8 PM),"Fake high-return scheme, cash collection","Fake high-return scheme, cash collection; target: Small investor group; evening rush (6-8 pm)",2025-06-28,Linked to known offender record,56+,F,3,Repeat,Consistent MO across all recorded cases
CASE-00232,OFF-00068,Two-Wheeler Theft,BNS Sec 303 (Theft),Parked vehicle - commercial area,Mangaluru (Dakshina Kannada),Kadri,Midday (12-3 PM),Duplicate key / lock-picking,Duplicate key / lock-picking; target: Parked vehicle - commercial area; midday (12-3 pm),2024-01-19,Linked to known offender record,36-45,M,1,First recorded instance,Escalating frequency over last 6 months
CASE-01828,UNASSIGNED,Pickpocketing,BNS Sec 303 (Theft),Bus/rail commuter,Kodagu,Virajpet town,Evening rush (6-8 PM),Crowd distraction lift,Crowd distraction lift; target: Bus/rail commuter; evening rush (6-8 pm),2024-04-12,Open - no offender match recorded,N/A - case unmatched,N/A - case unmatched,N/A - case unmatched,N/A - case unmatched,N/A - case unmatched
CASE-01846,UNASSIGNED,Counterfeit Currency,BNS Sec 178-180,Small retail shop,Ramanagara,Bengaluru-Mysuru Highway area,Weekend nights,Cash-for-goods swap,Cash-for-goods swap; target: Small retail shop; weekend nights,2024-04-21,Open - no offender match recorded,N/A - case unmatched,N/A - case unmatched,N/A - case unmatched,N/A - case unmatched,N/A - case unmatched
CASE-00502,OFF-00159,ATM Tampering/Skimming,BNS Sec 318 / IT Act,ATM users - unmanned kiosk,Chitradurga,Basaveshwara Nagar,Midday (12-3 PM),Skimmer device installation,Skimmer device installation; target: ATM users - unmanned kiosk; midday (12-3 pm),2025-06-01,Linked to known offender record,46-55,M,2,Repeat,Escalating frequency over last 6 months
CASE-01939,UNASSIGNED,Vehicle Theft (Four-wheeler),BNS Sec 303 (Theft),Parked vehicle - street,Ramanagara,Bengaluru-Mysuru Highway area,Early morning (4-7 AM),Tow-away theft,Tow-away theft; target: Parked vehicle - street; early morning (4-7 am),2023-05-27,Open - no offender match recorded,N/A - case unmatched,N/A - case unmatched,N/A - case unmatched,N/A - case unmatched,N/A - case unmatched
CASE-01407,OFF-00430,Shop Robbery,BNS Sec 309 (Robbery),Jewellery shop,Vijayapura,Athani Road area,Midday (12-3 PM),Late-night forced entry,Late-night forced entry; target: Jewellery shop; midday (12-3 pm),2025-08-03,Linked to known offender record,46-55,M,3,Repeat,Long gap then resurgence with same MO
CASE-01040,OFF-00320,Two-Wheeler Theft,BNS Sec 303 (Theft),Parked vehicle - residential,Gadag,Betageri,Midday (12-3 PM),Vehicle lifted onto pickup truck,Vehicle lifted onto pickup truck; target: Parked vehicle - residential; midday (12-3 pm),2024-10-17,Linked to known offender record,26-35,M,5,Repeat,Alternates between two known methods
CASE-00162,OFF-00047,House Burglary,BNS Sec 305 (Burglary),Vacant residence,Chikkamagaluru,Kalasapura,Weekday mornings,Window grille cutting,Window grille cutting; target: Vacant residence; weekday mornings,2025-04-19,Linked to known offender record,18-25,F,6,Repeat,Escalating frequency over last 6 months
CASE-00324,OFF-00102,Vehicle Theft (Four-wheeler),BNS Sec 303 (Theft),Parked vehicle - street,Uttara Kannada,Kumta town,Late night (11 PM-2 AM),Relay key attack,Relay key attack; target: Parked vehicle - street; late night (11 pm-2 am),2023-12-06,Linked to known offender record,56+,M,6,Repeat,Single recorded case - insufficient pattern history
CASE-01952,UNASSIGNED,House Burglary,BNS Sec 305 (Burglary),Ground-floor apartment,Mangaluru (Dakshina Kannada),Bejai,Weekend nights,Window grille cutting,Window grille cutting; target: Ground-floor apartment; weekend nights,2024-02-17,Open - no offender match recorded,N/A - case unmatched,N/A - case unmatched,N/A - case unmatched,N/A - case unmatched,N/A - case unmatched
CASE-01638,UNASSIGNED,Shop Robbery,BNS Sec 309 (Robbery),Jewellery shop,Kalaburagi,Sedam Road area,Late night (11 PM-2 AM),Late-night forced entry,Late-night forced entry; target: Jewellery shop; late night (11 pm-2 am),2024-11-16,Open - no offender match recorded,N/A - case unmatched,N/A - case unmatched,N/A - case unmatched,N/A - case unmatched,N/A - case unmatched
CASE-00422,OFF-00136,Shop Robbery,BNS Sec 309 (Robbery),Jewellery shop,Vijayapura,Jubilee Circle area,Midday (12-3 PM),Late-night forced entry,Late-night forced entry; target: Jewellery shop; midday (12-3 pm),2024-05-17,Linked to known offender record,56+,M,2,Repeat,Escalating frequency over last 6 months
CASE-01889,UNASSIGNED,Two-Wheeler Theft,BNS Sec 303 (Theft),Parked vehicle - residential,Mysuru,Saraswathipuram,Weekday mornings,Duplicate key / lock-picking,Duplicate key / lock-picking; target: Parked vehicle - residential; weekday mornings,2025-11-13,Open - no offender match recorded,N/A - case unmatched,N/A - case unmatched,N/A - case unmatched,N/A - case unmatched,N/A - case unmatched
CASE-00982,OFF-00304,Shop Robbery,BNS Sec 309 (Robbery),Jewellery shop,Tumakuru,Ashoknagar,Midday (12-3 PM),Late-night forced entry,Late-night forced entry; target: Jewellery shop; midday (12-3 pm),2025-03-28,Linked to known offender record,46-55,F,5,Repeat,Escalating frequency over last 6 months
CASE-00123,OFF-00035,ATM Tampering/Skimming,BNS Sec 318 / IT Act,ATM users - unmanned kiosk,Mysuru,Vijayanagar,Evening rush (6-8 PM),Shoulder-surfing + card swap,Shoulder-surfing + card swap; target: ATM users - unmanned kiosk; evening rush (6-8 pm),2023-11-16,Linked to known offender record,46-55,F,4,Repeat,Escalating frequency over last 6 months
CASE-00347,OFF-00111,Counterfeit Currency,BNS Sec 178-180,Currency exchange,Mandya,Ashok Nagar,Weekend nights,Cash-for-goods swap,Cash-for-goods swap; target: Currency exchange; weekend nights,2023-04-27,Linked to known offender record,26-35,M,5,Repeat,Consistent MO across all recorded cases
CASE-00800,OFF-00249,Cyber Fraud (OTP/Phishing),IT Act Sec 66C/66D,First-time UPI user,Tumakuru,Kunigal Road area,Evening rush (6-8 PM),SMS phishing link,SMS phishing link; target: First-time UPI user; evening rush (6-8 pm),2024-06-03,Linked to known offender record,26-35,F,5,Repeat,Single recorded case - insufficient pattern history
CASE-01072,OFF-00327,ATM Tampering/Skimming,BNS Sec 318 / IT Act,ATM users - unmanned kiosk,Ballari,Gandhinagar,Late night (11 PM-2 AM),Skimmer device installation,Skimmer device installation; target: ATM users - unmanned kiosk; late night (11 pm-2 am),2025-03-15,Linked to known offender record,26-35,F,6,Repeat,Single recorded case - insufficient pattern history
CASE-01369,OFF-00417,Shop Robbery,BNS Sec 309 (Robbery),Small retail shop,Chikkamagaluru,MG Road area,Early morning (4-7 AM),"Armed threat, cash till","Armed threat, cash till; target: Small retail shop; early morning (4-7 am)",2023-05-27,Linked to known offender record,56+,F,1,First recorded instance,Consistent MO across all recorded cases
CASE-00738,OFF-00232,Vehicle Theft (Four-wheeler),BNS Sec 303 (Theft),Parked vehicle - street,Bidar,Chidri,Weekend nights,Tow-away theft,Tow-away theft; target: Parked vehicle - street; weekend nights,2023-09-03,Linked to known offender record,36-45,F,6,Repeat,Long gap then resurgence with same MO
CASE-00149,OFF-00042,Pickpocketing,BNS Sec 303 (Theft),Bus/rail commuter,Koppal,Gangavathi Road area,Early morning (4-7 AM),Bag slit and remove,Bag slit and remove; target: Bus/rail commuter; early morning (4-7 am),2023-03-30,Linked to known offender record,46-55,F,2,Repeat,Consistent MO across all recorded cases
CASE-01241,OFF-00376,Shop Robbery,BNS Sec 309 (Robbery),Jewellery shop,Shivamogga,Gopala Extension,Early morning (4-7 AM),Late-night forced entry,Late-night forced entry; target: Jewellery shop; early morning (4-7 am),2025-05-25,Linked to known offender record,46-55,M,5,Repeat,Consistent MO across all recorded cases
CASE-00673,OFF-00213,Cyber Fraud (OTP/Phishing),IT Act Sec 66C/66D,First-time UPI user,Bengaluru Urban,Banashankari,Midday (12-3 PM),Fake bank call requesting OTP,Fake bank call requesting OTP; target: First-time UPI user; midday (12-3 pm),2025-10-14,Linked to known offender record,18-25,M,6,Repeat,Long gap then resurgence with same MO
CASE-01188,OFF-00360,ATM Tampering/Skimming,BNS Sec 318 / IT Act,ATM users - unmanned kiosk,Ballari,Bruce Pet,Weekend nights,Skimmer device installation,Skimmer device installation; target: ATM users - unmanned kiosk; weekend nights,2024-03-05,Linked to known offender record,46-55,M,5,Repeat,Consistent MO across all recorded cases
CASE-00272,OFF-00081,Pickpocketing,BNS Sec 303 (Theft),Market crowd,Kolar,Old Bus Stand area,Early morning (4-7 AM),Crowd distraction lift,Crowd distraction lift; target: Market crowd; early morning (4-7 am),2024-05-30,Linked to known offender record,46-55,F,3,Repeat,Escalating frequency over last 6 months
CASE-00905,OFF-00285,Cyber Fraud (OTP/Phishing),IT Act Sec 66C/66D,First-time UPI user,Hassan,Race Course Road area,Evening rush (6-8 PM),SMS phishing link,SMS phishing link; target: First-time UPI user; evening rush (6-8 pm),2025-09-19,Linked to known offender record,26-35,F,5,Repeat,Escalating frequency over last 6 months
CASE-00216,OFF-00063,Shop Robbery,BNS Sec 309 (Robbery),Small retail shop,Yadgir,Station Road area,Early morning (4-7 AM),Late-night forced entry,Late-night forced entry; target: Small retail shop; early morning (4-7 am),2024-05-18,Linked to known offender record,56+,M,4,Repeat,Long gap then resurgence with same MO
CASE-01872,UNASSIGNED,Shop Robbery,BNS Sec 309 (Robbery),Small retail shop,Bidar,Chidri,Weekday mornings,Late-night forced entry,Late-night forced entry; target: Small retail shop; weekday mornings,2023-01-11,Open - no offender match recorded,N/A - case unmatched,N/A - case unmatched,N/A - case unmatched,N/A - case unmatched,N/A - case unmatched
CASE-01086,OFF-00330,House Burglary,BNS Sec 305 (Burglary),Ground-floor apartment,Kodagu,Madikeri town,Late night (11 PM-2 AM),Window grille cutting,Window grille cutting; target: Ground-floor apartment; late night (11 pm-2 am),2024-02-09,Linked to known offender record,26-35,F,6,Repeat,Consistent MO across all recorded cases
CASE-01922,UNASSIGNED,Two-Wheeler Theft,BNS Sec 303 (Theft),Parked vehicle - residential,Mysuru,Saraswathipuram,Weekend nights,Vehicle lifted onto pickup truck,Vehicle lifted onto pickup truck; target: Parked vehicle - residential; weekend nights,2023-07-08,Open - no offender match recorded,N/A - case unmatched,N/A - case unmatched,N/A - case unmatched,N/A - case unmatched,N/A - case unmatched
CASE-01690,UNASSIGNED,House Burglary,BNS Sec 305 (Burglary),Ground-floor apartment,Koppal,Old Town,Weekend nights,Impersonation as utility worker,Impersonation as utility worker; target: Ground-floor apartment; weekend nights,2025-07-18,Open - no offender match recorded,N/A - case unmatched,N/A - case unmatched,N/A - case unmatched,N/A - case unmatched,N/A - case unmatched
CASE-00111,OFF-00032,House Burglary,BNS Sec 305 (Burglary),Vacant residence,Mysuru,Vijayanagar,Weekday mornings,"Lock-breaking, rear entry","Lock-breaking, rear entry; target: Vacant residence; weekday mornings",2023-05-16,Linked to known offender record,36-45,M,5,Repeat,Escalating frequency over last 6 months
CASE-01765,UNASSIGNED,Chit Fund / Investment Fraud,BNS Sec 318 (Cheating),Small investor group,Bagalkot,Old Bagalkot,Weekend nights,"Fake high-return scheme, cash collection","Fake high-return scheme, cash collection; target: Small investor group; weekend nights",2024-07-08,Open - no offender match recorded,N/A - case unmatched,N/A - case unmatched,N/A - case unmatched,N/A - case unmatched,N/A - case unmatched
CASE-01714,UNASSIGNED,Counterfeit Currency,BNS Sec 178-180,Currency exchange,Chikkaballapur,MG Road area,Evening rush (6-8 PM),Bulk note circulation via shop network,Bulk note circulation via shop network; target: Currency exchange; evening rush (6-8 pm),2024-05-27,Open - no offender match recorded,N/A - case unmatched,N/A - case unmatched,N/A - case unmatched,N/A - case unmatched,N/A - case unmatched
CASE-01233,OFF-00373,Vehicle Theft (Four-wheeler),BNS Sec 303 (Theft),Parked vehicle - street,Hassan,Vidyanagar,Evening rush (6-8 PM),Tow-away theft,Tow-away theft; target: Parked vehicle - street; evening rush (6-8 pm),2025-05-29,Linked to known offender record,56+,F,2,Repeat,Single recorded case - insufficient pattern history
CASE-01845,UNASSIGNED,Vehicle Theft (Four-wheeler),BNS Sec 303 (Theft),Parked vehicle - street,Gadag,Betageri,Evening rush (6-8 PM),Tow-away theft,Tow-away theft; target: Parked vehicle - street; evening rush (6-8 pm),2023-05-18,Open - no offender match recorded,N/A - case unmatched,N/A - case unmatched,N/A - case unmatched,N/A - case unmatched,N/A - case unmatched
CASE-00877,OFF-00278,House Burglary,BNS Sec 305 (Burglary),Ground-floor apartment,Kodagu,Madikeri town,Early morning (4-7 AM),"Lock-breaking, rear entry","Lock-breaking, rear entry; target: Ground-floor apartment; early morning (4-7 am)",2024-04-25,Linked to known offender record,46-55,M,6,Repeat,Long gap then resurgence with same MO
CASE-00531,OFF-00167,Vehicle Theft (Four-wheeler),BNS Sec 303 (Theft),Parked vehicle - street,Yadgir,Station Road area,Evening rush (6-8 PM),Relay key attack,Relay key attack; target: Parked vehicle - street; evening rush (6-8 pm),2025-11-22,Linked to known offender record,18-25,M,3,Repeat,Alternates between two known methods
CASE-00203,OFF-00059,Counterfeit Currency,BNS Sec 178-180,Small retail shop,Vijayapura,Station Area,Evening rush (6-8 PM),Bulk note circulation via shop network,Bulk note circulation via shop network; target: Small retail shop; evening rush (6-8 pm),2023-11-08,Linked to known offender record,18-25,M,4,Repeat,Single recorded case - insufficient pattern history
CASE-00417,OFF-00134,Pickpocketing,BNS Sec 303 (Theft),Bus/rail commuter,Uttara Kannada,Kumta town,Weekend nights,Crowd distraction lift,Crowd distraction lift; target: Bus/rail commuter; weekend nights,2023-01-12,Linked to known offender record,26-35,F,4,Repeat,Long gap then resurgence with same MO
CASE-01112,OFF-00338,Shop Robbery,BNS Sec 309 (Robbery),Jewellery shop,Yadgir,Station Road area,Midday (12-3 PM),Late-night forced entry,Late-night forced entry; target: Jewellery shop; midday (12-3 pm),2023-07-28,Linked to known offender record,26-35,F,1,First recorded instance,Long gap then resurgence with same MO
CASE-01399,OFF-00428,Counterfeit Currency,BNS Sec 178-180,Currency exchange,Tumakuru,Ashoknagar,Midday (12-3 PM),Cash-for-goods swap,Cash-for-goods swap; target: Currency exchange; midday (12-3 pm),2024-04-30,Linked to known offender record,46-55,F,2,Repeat,Consistent MO across all recorded cases
CASE-01518,UNASSIGNED,House Burglary,BNS Sec 305 (Burglary),Vacant residence,Yadgir,Bus Stand area,Late night (11 PM-2 AM),"Lock-breaking, rear entry","Lock-breaking, rear entry; target: Vacant residence; late night (11 pm-2 am)",2023-01-01,Open - no offender match recorded,N/A - case unmatched,N/A - case unmatched,N/A - case unmatched,N/A - case unmatched,N/A - case unmatched
CASE-01266,OFF-00382,Cyber Fraud (OTP/Phishing),IT Act Sec 66C/66D,First-time UPI user,Mysuru,Jayalakshmipuram,Midday (12-3 PM),Fake bank call requesting OTP,Fake bank call requesting OTP; target: First-time UPI user; midday (12-3 pm),2024-07-17,Linked to known offender record,26-35,F,3,Repeat,Consistent MO across all recorded cases
CASE-00081,OFF-00023,Vehicle Theft (Four-wheeler),BNS Sec 303 (Theft),Parked vehicle - street,Yadgir,Bus Stand area,Early morning (4-7 AM),Relay key attack,Relay key attack; target: Parked vehicle - street; early morning (4-7 am),2025-12-22,Linked to known offender record,56+,F,2,Repeat,Alternates between two known methods
CASE-01551,UNASSIGNED,Cyber Fraud (OTP/Phishing),IT Act Sec 66C/66D,Elderly account holder,Shivamogga,Vinoba Nagar,Late night (11 PM-2 AM),Fake bank call requesting OTP,Fake bank call requesting OTP; target: Elderly account holder; late night (11 pm-2 am),2023-10-20,Open - no offender match recorded,N/A - case unmatched,N/A - case unmatched,N/A - case unmatched,N/A - case unmatched,N/A - case unmatched
CASE-00801,OFF-00249,Cyber Fraud (OTP/Phishing),IT Act Sec 66C/66D,First-time UPI user,Tumakuru,Kunigal Road area,Evening rush (6-8 PM),SMS phishing link,SMS phishing link; target: First-time UPI user; evening rush (6-8 pm),2023-05-30,Linked to known offender record,26-35,F,5,Repeat,Single recorded case - insufficient pattern history
CASE-00335,OFF-00105,Chain Snatching,BNS Sec 304 (Snatching),Elderly pedestrian,Mandya,Ashok Nagar,Late night (11 PM-2 AM),"Foot approach, distraction snatch","Foot approach, distraction snatch; target: Elderly pedestrian; late night (11 pm-2 am)",2023-05-20,Linked to known offender record,18-25,M,5,Repeat,Long gap then resurgence with same MO
CASE-01434,OFF-00436,Chain Snatching,BNS Sec 304 (Snatching),Elderly pedestrian,Chikkamagaluru,IG Road area,Evening rush (6-8 PM),"Foot approach, distraction snatch","Foot approach, distraction snatch; target: Elderly pedestrian; evening rush (6-8 pm)",2023-12-18,Linked to known offender record,18-25,M,4,Repeat,Single recorded case - insufficient pattern history
CASE-00886,OFF-00280,Chain Snatching,BNS Sec 304 (Snatching),Lone woman pedestrian,Hubballi-Dharwad,Vidyanagar,Early morning (4-7 AM),Two-wheeler drive-by snatch,Two-wheeler drive-by snatch; target: Lone woman pedestrian; early morning (4-7 am),2025-03-06,Linked to known offender record,36-45,M,4,Repeat,Long gap then resurgence with same MO
CASE-01249,OFF-00378,Two-Wheeler Theft,BNS Sec 303 (Theft),Parked vehicle - residential,Gadag,Station Road area,Weekend nights,Vehicle lifted onto pickup truck,Vehicle lifted onto pickup truck; target: Parked vehicle - residential; weekend nights,2025-09-09,Linked to known offender record,36-45,M,1,First recorded instance,Long gap then resurgence with same MO
CASE-00621,OFF-00195,Shop Robbery,BNS Sec 309 (Robbery),Jewellery shop,Mysuru,Kuvempunagar,Midday (12-3 PM),Late-night forced entry,Late-night forced entry; target: Jewellery shop; midday (12-3 pm),2023-01-25,Linked to known offender record,26-35,F,4,Repeat,Escalating frequency over last 6 months
CASE-01326,OFF-00400,Chain Snatching,BNS Sec 304 (Snatching),Lone woman pedestrian,Chikkamagaluru,IG Road area,Evening rush (6-8 PM),"Foot approach, distraction snatch","Foot approach, distraction snatch; target: Lone woman pedestrian; evening rush (6-8 pm)",2025-10-29,Linked to known offender record,36-45,F,2,Repeat,Escalating frequency over last 6 months
CASE-01938,UNASSIGNED,Vehicle Theft (Four-wheeler),BNS Sec 303 (Theft),Parked vehicle - street,Chikkamagaluru,MG Road area,Evening rush (6-8 PM),Relay key attack,Relay key attack; target: Parked vehicle - street; evening rush (6-8 pm),2024-04-15,Open - no offender match recorded,N/A - case unmatched,N/A - case unmatched,N/A - case unmatched,N/A - case unmatched,N/A - case unmatched
CASE-00732,OFF-00231,Pickpocketing,BNS Sec 303 (Theft),Market crowd,Mangaluru (Dakshina Kannada),Mangaladevi,Midday (12-3 PM),Crowd distraction lift,Crowd distraction lift; target: Market crowd; midday (12-3 pm),2023-08-31,Linked to known offender record,56+,M,5,Repeat,Single recorded case - insufficient pattern history
CASE-00649,OFF-00204,Chain Snatching,BNS Sec 304 (Snatching),Elderly pedestrian,Kodagu,Madikeri town,Weekday mornings,"Foot approach, distraction snatch","Foot approach, distraction snatch; target: Elderly pedestrian; weekday mornings",2023-10-18,Linked to known offender record,18-25,M,2,Repeat,Alternates between two known methods
CASE-00818,OFF-00255,Vehicle Theft (Four-wheeler),BNS Sec 303 (Theft),Parked vehicle - street,Hubballi-Dharwad,Old Hubballi,Evening rush (6-8 PM),Relay key attack,Relay key attack; target: Parked vehicle - street; evening rush (6-8 pm),2024-11-03,Linked to known offender record,56+,F,6,Repeat,Escalating frequency over last 6 months
CASE-00168,OFF-00048,Two-Wheeler Theft,BNS Sec 303 (Theft),Parked vehicle - commercial area,Mysuru,Kuvempunagar,Weekday mornings,Vehicle lifted onto pickup truck,Vehicle lifted onto pickup truck; target: Parked vehicle - commercial area; weekday mornings,2024-10-25,Linked to known offender record,46-55,F,4,Repeat,Alternates between two known methods
CASE-00667,OFF-00210,Vehicle Theft (Four-wheeler),BNS Sec 303 (Theft),Parked vehicle - street,Haveri,Bypass Road area,Late night (11 PM-2 AM),Relay key attack,Relay key attack; target: Parked vehicle - street; late night (11 pm-2 am),2024-09-13,Linked to known offender record,56+,M,5,Repeat,Alternates between two known methods
CASE-01770,UNASSIGNED,Pickpocketing,BNS Sec 303 (Theft),Market crowd,Belagavi,Shahapur,Late night (11 PM-2 AM),Bag slit and remove,Bag slit and remove; target: Market crowd; late night (11 pm-2 am),2025-07-17,Open - no offender match recorded,N/A - case unmatched,N/A - case unmatched,N/A - case unmatched,N/A - case unmatched,N/A - case unmatched
CASE-01148,OFF-00349,Counterfeit Currency,BNS Sec 178-180,Currency exchange,Haveri,Bypass Road area,Midday (12-3 PM),Bulk note circulation via shop network,Bulk note circulation via shop network; target: Currency exchange; midday (12-3 pm),2025-07-26,Linked to known offender record,46-55,F,4,Repeat,Consistent MO across all recorded cases
CASE-00282,OFF-00085,Shop Robbery,BNS Sec 309 (Robbery),Jewellery shop,Bengaluru Rural,Nelamangala town,Weekend nights,"Armed threat, cash till","Armed threat, cash till; target: Jewellery shop; weekend nights",2023-11-26,Linked to known offender record,18-25,F,3,Repeat,Consistent MO across all recorded cases
CASE-01282,OFF-00386,House Burglary,BNS Sec 305 (Burglary),Ground-floor apartment,Ballari,Gandhinagar,Late night (11 PM-2 AM),"Lock-breaking, rear entry","Lock-breaking, rear entry; target: Ground-floor apartment; late night (11 pm-2 am)",2024-04-24,Linked to known offender record,56+,F,6,Repeat,Alternates between two known methods
CASE-00840,OFF-00261,Counterfeit Currency,BNS Sec 178-180,Currency exchange,Udupi,Kunjibettu,Early morning (4-7 AM),Bulk note circulation via shop network,Bulk note circulation via shop network; target: Currency exchange; early morning (4-7 am),2023-12-19,Linked to known offender record,56+,M,4,Repeat,Escalating frequency over last 6 months
CASE-01643,UNASSIGNED,Two-Wheeler Theft,BNS Sec 303 (Theft),Parked vehicle - commercial area,Gadag,Betageri,Evening rush (6-8 PM),Duplicate key / lock-picking,Duplicate key / lock-picking; target: Parked vehicle - commercial area; evening rush (6-8 pm),2024-08-23,Open - no offender match recorded,N/A - case unmatched,N/A - case unmatched,N/A - case unmatched,N/A - case unmatched,N/A - case unmatched
CASE-01065,OFF-00326,Chain Snatching,BNS Sec 304 (Snatching),Lone woman pedestrian,Ramanagara,Town Centre,Weekend nights,Two-wheeler drive-by snatch,Two-wheeler drive-by snatch; target: Lone woman pedestrian; weekend nights,2024-07-31,Linked to known offender record,46-55,F,5,Repeat,Escalating frequency over last 6 months
CASE-00164,OFF-00047,House Burglary,BNS Sec 305 (Burglary),Ground-floor apartment,Haveri,Bypass Road area,Weekday mornings,Window grille cutting,Window grille cutting; target: Ground-floor apartment; weekday mornings,2024-08-17,Linked to known offender record,18-25,F,6,Repeat,Escalating frequency over last 6 months
CASE-01101,OFF-00334,ATM Tampering/Skimming,BNS Sec 318 / IT Act,ATM users - unmanned kiosk,Hubballi-Dharwad,Vidyanagar,Early morning (4-7 AM),Shoulder-surfing + card swap,Shoulder-surfing + card swap; target: ATM users - unmanned kiosk; early morning (4-7 am),2024-09-12,Linked to known offender record,56+,M,3,Repeat,Alternates between two known methods
CASE-01537,UNASSIGNED,Vehicle Theft (Four-wheeler),BNS Sec 303 (Theft),Parked vehicle - street,Kalaburagi,Sedam Road area,Midday (12-3 PM),Relay key attack,Relay key attack; target: Parked vehicle - street; midday (12-3 pm),2023-12-07,Open - no offender match recorded,N/A - case unmatched,N/A - case unmatched,N/A - case unmatched,N/A - case unmatched,N/A - case unmatched
CASE-01127,OFF-00343,Counterfeit Currency,BNS Sec 178-180,Small retail shop,Davanagere,PJ Extension,Evening rush (6-8 PM),Bulk note circulation via shop network,Bulk note circulation via shop network; target: Small retail shop; evening rush (6-8 pm),2024-04-16,Linked to known offender record,18-25,M,6,Repeat,Alternates between two known methods
CASE-01107,OFF-00336,Shop Robbery,BNS Sec 309 (Robbery),Small retail shop,Vijayapura,Athani Road area,Weekday mornings,"Armed threat, cash till","Armed threat, cash till; target: Small retail shop; weekday mornings",2023-08-19,Linked to known offender record,46-55,F,3,Repeat,Single recorded case - insufficient pattern history
CASE-01769,UNASSIGNED,Chain Snatching,BNS Sec 304 (Snatching),Elderly pedestrian,Chikkamagaluru,Kalasapura,Weekend nights,"Foot approach, distraction snatch","Foot approach, distraction snatch; target: Elderly pedestrian; weekend nights",2023-02-13,Open - no offender match recorded,N/A - case unmatched,N/A - case unmatched,N/A - case unmatched,N/A - case unmatched,N/A - case unmatched
CASE-01601,UNASSIGNED,ATM Tampering/Skimming,BNS Sec 318 / IT Act,ATM users - unmanned kiosk,Hassan,Race Course Road area,Late night (11 PM-2 AM),Skimmer device installation,Skimmer device installation; target: ATM users - unmanned kiosk; late night (11 pm-2 am),2024-02-17,Open - no offender match recorded,N/A - case unmatched,N/A - case unmatched,N/A - case unmatched,N/A - case unmatched,N/A - case unmatched
CASE-01966,UNASSIGNED,Counterfeit Currency,BNS Sec 178-180,Currency exchange,Davanagere,Shamanur Road area,Weekday mornings,Cash-for-goods swap,Cash-for-goods swap; target: Currency exchange; weekday mornings,2023-04-15,Open - no offender match recorded,N/A - case unmatched,N/A - case unmatched,N/A - case unmatched,N/A - case unmatched,N/A - case unmatched
CASE-00978,OFF-00303,ATM Tampering/Skimming,BNS Sec 318 / IT Act,ATM users - unmanned kiosk,Gadag,Station Road area,Late night (11 PM-2 AM),Skimmer device installation,Skimmer device installation; target: ATM users - unmanned kiosk; late night (11 pm-2 am),2023-07-11,Linked to known offender record,56+,M,6,Repeat,Long gap then resurgence with same MO
CASE-01677,UNASSIGNED,Chain Snatching,BNS Sec 304 (Snatching),Lone woman pedestrian,Bengaluru Rural,Hoskote town,Weekend nights,"Foot approach, distraction snatch","Foot approach, distraction snatch; target: Lone woman pedestrian; weekend nights",2025-05-06,Open - no offender match recorded,N/A - case unmatched,N/A - case unmatched,N/A - case unmatched,N/A - case unmatched,N/A - case unmatched
CASE-01692,UNASSIGNED,Shop Robbery,BNS Sec 309 (Robbery),Small retail shop,Hassan,Vidyanagar,Weekday mornings,"Armed threat, cash till","Armed threat, cash till; target: Small retail shop; weekday mornings",2025-06-22,Open - no offender match recorded,N/A - case unmatched,N/A - case unmatched,N/A - case unmatched,N/A - case unmatched,N/A - case unmatched
CASE-00455,OFF-00146,ATM Tampering/Skimming,BNS Sec 318 / IT Act,ATM users - unmanned kiosk,Chikkaballapur,MG Road area,Midday (12-3 PM),Shoulder-surfing + card swap,Shoulder-surfing + card swap; target: ATM users - unmanned kiosk; midday (12-3 pm),2025-10-04,Linked to known offender record,18-25,M,6,Repeat,Escalating frequency over last 6 months
CASE-00342,OFF-00109,ATM Tampering/Skimming,BNS Sec 318 / IT Act,ATM users - unmanned kiosk,Mandya,Ashok Nagar,Early morning (4-7 AM),Skimmer device installation,Skimmer device installation; target: ATM users - unmanned kiosk; early morning (4-7 am),2024-03-19,Linked to known offender record,36-45,M,1,First recorded instance,Escalating frequency over last 6 months
CASE-00142,OFF-00040,Pickpocketing,BNS Sec 303 (Theft),Bus/rail commuter,Kodagu,Virajpet town,Evening rush (6-8 PM),Crowd distraction lift,Crowd distraction lift; target: Bus/rail commuter; evening rush (6-8 pm),2025-08-09,Linked to known offender record,56+,F,5,Repeat,Escalating frequency over last 6 months
CASE-01545,UNASSIGNED,Shop Robbery,BNS Sec 309 (Robbery),Jewellery shop,Mysuru,Kuvempunagar,Midday (12-3 PM),Late-night forced entry,Late-night forced entry; target: Jewellery shop; midday (12-3 pm),2025-08-28,Open - no offender match recorded,N/A - case unmatched,N/A - case unmatched,N/A - case unmatched,N/A - case unmatched,N/A - case unmatched
CASE-00805,OFF-00250,Pickpocketing,BNS Sec 303 (Theft),Bus/rail commuter,Raichur,Old Town,Early morning (4-7 AM),Bag slit and remove,Bag slit and remove; target: Bus/rail commuter; early morning (4-7 am),2025-07-28,Linked to known offender record,46-55,M,5,Repeat,Long gap then resurgence with same MO
CASE-01580,UNASSIGNED,ATM Tampering/Skimming,BNS Sec 318 / IT Act,ATM users - unmanned kiosk,Belagavi,Tilakwadi,Evening rush (6-8 PM),Skimmer device installation,Skimmer device installation; target: ATM users - unmanned kiosk; evening rush (6-8 pm),2023-10-25,Open - no offender match recorded,N/A - case unmatched,N/A - case unmatched,N/A - case unmatched,N/A - case unmatched,N/A - case unmatched
CASE-00088,OFF-00026,Chit Fund / Investment Fraud,BNS Sec 318 (Cheating),Small investor group,Kalaburagi,Sedam Road area,Midday (12-3 PM),"Fake high-return scheme, cash collection","Fake high-return scheme, cash collection; target: Small investor group; midday (12-3 pm)",2025-08-31,Linked to known offender record,36-45,M,2,Repeat,Alternates between two known methods
CASE-01035,OFF-00318,Shop Robbery,BNS Sec 309 (Robbery),Small retail shop,Hassan,Race Course Road area,Evening rush (6-8 PM),"Armed threat, cash till","Armed threat, cash till; target: Small retail shop; evening rush (6-8 pm)",2025-03-12,Linked to known offender record,56+,M,5,Repeat,Consistent MO across all recorded cases
CASE-01752,UNASSIGNED,Pickpocketing,BNS Sec 303 (Theft),Market crowd,Vijayapura,Jubilee Circle area,Weekday mornings,Bag slit and remove,Bag slit and remove; target: Market crowd; weekday mornings,2025-04-28,Open - no offender match recorded,N/A - case unmatched,N/A - case unmatched,N/A - case unmatched,N/A - case unmatched,N/A - case unmatched
CASE-01340,OFF-00405,Vehicle Theft (Four-wheeler),BNS Sec 303 (Theft),Parked vehicle - street,Ramanagara,Bengaluru-Mysuru Highway area,Evening rush (6-8 PM),Tow-away theft,Tow-away theft; target: Parked vehicle - street; evening rush (6-8 pm),2024-08-13,Linked to known offender record,36-45,F,1,First recorded instance,Escalating frequency over last 6 months
CASE-01940,UNASSIGNED,Pickpocketing,BNS Sec 303 (Theft),Market crowd,Udupi,Manipal,Late night (11 PM-2 AM),Bag slit and remove,Bag slit and remove; target: Market crowd; late night (11 pm-2 am),2025-03-03,Open - no offender match recorded,N/A - case unmatched,N/A - case unmatched,N/A - case unmatched,N/A - case unmatched,N/A - case unmatched
CASE-01656,UNASSIGNED,ATM Tampering/Skimming,BNS Sec 318 / IT Act,ATM users - unmanned kiosk,Chikkamagaluru,MG Road area,Early morning (4-7 AM),Shoulder-surfing + card swap,Shoulder-surfing + card swap; target: ATM users - unmanned kiosk; early morning (4-7 am),2025-07-05,Open - no offender match recorded,N/A - case unmatched,N/A - case unmatched,N/A - case unmatched,N/A - case unmatched,N/A - case unmatched
CASE-01705,UNASSIGNED,Pickpocketing,BNS Sec 303 (Theft),Market crowd,Kalaburagi,Sedam Road area,Late night (11 PM-2 AM),Crowd distraction lift,Crowd distraction lift; target: Market crowd; late night (11 pm-2 am),2023-11-16,Open - no offender match recorded,N/A - case unmatched,N/A - case unmatched,N/A - case unmatched,N/A - case unmatched,N/A - case unmatched
CASE-00970,OFF-00302,Shop Robbery,BNS Sec 309 (Robbery),Small retail shop,Kolar,Old Bus Stand area,Weekday mornings,"Armed threat, cash till","Armed threat, cash till; target: Small retail shop; weekday mornings",2025-05-24,Linked to known offender record,18-25,F,5,Repeat,Escalating frequency over last 6 months
CASE-00084,OFF-00024,Vehicle Theft (Four-wheeler),BNS Sec 303 (Theft),Parked vehicle - street,Mysuru,Vijayanagar,Late night (11 PM-2 AM),Relay key attack,Relay key attack; target: Parked vehicle - street; late night (11 pm-2 am),2024-03-29,Linked to known offender record,26-35,M,3,Repeat,Escalating frequency over last 6 months
CASE-01464,OFF-00445,Shop Robbery,BNS Sec 309 (Robbery),Small retail shop,Bidar,Chidri,Weekend nights,"Armed threat, cash till","Armed threat, cash till; target: Small retail shop; weekend nights",2024-01-22,Linked to known offender record,46-55,F,6,Repeat,Alternates between two known methods
CASE-01183,OFF-00357,Chain Snatching,BNS Sec 304 (Snatching),Elderly pedestrian,Bengaluru Urban,Yeshwanthpur,Late night (11 PM-2 AM),"Foot approach, distraction snatch","Foot approach, distraction snatch; target: Elderly pedestrian; late night (11 pm-2 am)",2025-01-18,Linked to known offender record,18-25,M,6,Repeat,Single recorded case - insufficient pattern history
CASE-01096,OFF-00333,Vehicle Theft (Four-wheeler),BNS Sec 303 (Theft),Parked vehicle - street,Belagavi,Vadgaon,Weekday mornings,Relay key attack,Relay key attack; target: Parked vehicle - street; weekday mornings,2023-10-11,Linked to known offender record,26-35,F,6,Repeat,Long gap then resurgence with same MO
CASE-01302,OFF-00392,House Burglary,BNS Sec 305 (Burglary),Ground-floor apartment,Tumakuru,SS Puram,Weekend nights,"Lock-breaking, rear entry","Lock-breaking, rear entry; target: Ground-floor apartment; weekend nights",2025-06-08,Linked to known offender record,36-45,F,4,Repeat,Escalating frequency over last 6 months
CASE-01358,OFF-00413,Pickpocketing,BNS Sec 303 (Theft),Market crowd,Hubballi-Dharwad,Vidyanagar,Evening rush (6-8 PM),Crowd distraction lift,Crowd distraction lift; target: Market crowd; evening rush (6-8 pm),2024-10-12,Linked to known offender record,46-55,M,1,First recorded instance,Long gap then resurgence with same MO
CASE-01946,UNASSIGNED,Counterfeit Currency,BNS Sec 178-180,Currency exchange,Mysuru,Vijayanagar,Evening rush (6-8 PM),Cash-for-goods swap,Cash-for-goods swap; target: Currency exchange; evening rush (6-8 pm),2025-04-16,Open - no offender match recorded,N/A - case unmatched,N/A - case unmatched,N/A - case unmatched,N/A - case unmatched,N/A - case unmatched
CASE-00607,OFF-00190,House Burglary,BNS Sec 305 (Burglary),Ground-floor apartment,Chitradurga,College Road area,Midday (12-3 PM),Impersonation as utility worker,Impersonation as utility worker; target: Ground-floor apartment; midday (12-3 pm),2024-10-28,Linked to known offender record,18-25,M,2,Repeat,Single recorded case - insufficient pattern history
CASE-00942,OFF-00295,Counterfeit Currency,BNS Sec 178-180,Small retail shop,Chikkamagaluru,MG Road area,Weekend nights,Bulk note circulation via shop network,Bulk note circulation via shop network; target: Small retail shop; weekend nights,2023-05-01,Linked to known offender record,56+,F,4,Repeat,Escalating frequency over last 6 months
CASE-00680,OFF-00215,Vehicle Theft (Four-wheeler),BNS Sec 303 (Theft),Parked vehicle - street,Chikkamagaluru,Kalasapura,Midday (12-3 PM),Tow-away theft,Tow-away theft; target: Parked vehicle - street; midday (12-3 pm),2024-09-02,Linked to known offender record,36-45,M,6,Repeat,Alternates between two known methods
CASE-00223,OFF-00065,Pickpocketing,BNS Sec 303 (Theft),Market crowd,Mandya,Ashok Nagar,Weekday mornings,Bag slit and remove,Bag slit and remove; target: Market crowd; weekday mornings,2023-10-04,Linked to known offender record,36-45,M,6,Repeat,Alternates between two known methods
CASE-01800,UNASSIGNED,Chain Snatching,BNS Sec 304 (Snatching),Elderly pedestrian,Tumakuru,Kunigal Road area,Late night (11 PM-2 AM),Two-wheeler drive-by snatch,Two-wheeler drive-by snatch; target: Elderly pedestrian; late night (11 pm-2 am),2025-02-25,Open - no offender match recorded,N/A - case unmatched,N/A - case unmatched,N/A - case unmatched,N/A - case unmatched,N/A - case unmatched
CASE-01854,UNASSIGNED,Chain Snatching,BNS Sec 304 (Snatching),Elderly pedestrian,Bengaluru Urban,Banashankari,Weekend nights,Two-wheeler drive-by snatch,Two-wheeler drive-by snatch; target: Elderly pedestrian; weekend nights,2025-09-23,Open - no offender match recorded,N/A - case unmatched,N/A - case unmatched,N/A - case unmatched,N/A - case unmatched,N/A - case unmatched
CASE-01794,UNASSIGNED,Counterfeit Currency,BNS Sec 178-180,Currency exchange,Belagavi,Shahapur,Evening rush (6-8 PM),Cash-for-goods swap,Cash-for-goods swap; target: Currency exchange; evening rush (6-8 pm),2023-05-06,Open - no offender match recorded,N/A - case unmatched,N/A - case unmatched,N/A - case unmatched,N/A - case unmatched,N/A - case unmatched
CASE-00294,OFF-00091,Two-Wheeler Theft,BNS Sec 303 (Theft),Parked vehicle - commercial area,Chamarajanagar,Town Centre,Weekend nights,Duplicate key / lock-picking,Duplicate key / lock-picking; target: Parked vehicle - commercial area; weekend nights,2023-01-05,Linked to known offender record,18-25,M,4,Repeat,Alternates between two known methods
CASE-01789,UNASSIGNED,Chain Snatching,BNS Sec 304 (Snatching),Elderly pedestrian,Udupi,Manipal,Weekday mornings,Two-wheeler drive-by snatch,Two-wheeler drive-by snatch; target: Elderly pedestrian; weekday mornings,2025-02-27,Open - no offender match recorded,N/A - case unmatched,N/A - case unmatched,N/A - case unmatched,N/A - case unmatched,N/A - case unmatched
CASE-01702,UNASSIGNED,Vehicle Theft (Four-wheeler),BNS Sec 303 (Theft),Parked vehicle - street,Tumakuru,Ashoknagar,Weekday mornings,Relay key attack,Relay key attack; target: Parked vehicle - street; weekday mornings,2023-08-11,Open - no offender match recorded,N/A - case unmatched,N/A - case unmatched,N/A - case unmatched,N/A - case unmatched,N/A - case unmatched
CASE-00933,OFF-00293,Cyber Fraud (OTP/Phishing),IT Act Sec 66C/66D,First-time UPI user,Ramanagara,Town Centre,Evening rush (6-8 PM),SMS phishing link,SMS phishing link; target: First-time UPI user; evening rush (6-8 pm),2024-03-08,Linked to known offender record,56+,F,6,Repeat,Consistent MO across all recorded cases
CASE-00013,OFF-00006,Chain Snatching,BNS Sec 304 (Snatching),Elderly pedestrian,Kolar,Ambedkar Nagar,Weekday mornings,"Foot approach, distraction snatch","Foot approach, distraction snatch; target: Elderly pedestrian; weekday mornings",2025-11-08,Linked to known offender record,26-35,M,4,Repeat,Escalating frequency over last 6 months
CASE-01042,OFF-00320,Two-Wheeler Theft,BNS Sec 303 (Theft),Parked vehicle - commercial area,Gadag,Betageri,Midday (12-3 PM),Vehicle lifted onto pickup truck,Vehicle lifted onto pickup truck; target: Parked vehicle - commercial area; midday (12-3 pm),2023-12-27,Linked to known offender record,26-35,M,5,Repeat,Alternates between two known methods
CASE-00806,OFF-00250,Pickpocketing,BNS Sec 303 (Theft),Market crowd,Raichur,Old Town,Early morning (4-7 AM),Bag slit and remove,Bag slit and remove; target: Market crowd; early morning (4-7 am),2025-11-27,Linked to known offender record,46-55,M,5,Repeat,Long gap then resurgence with same MO
CASE-00521,OFF-00164,Vehicle Theft (Four-wheeler),BNS Sec 303 (Theft),Parked vehicle - street,Raichur,Station Road area,Weekday mornings,Tow-away theft,Tow-away theft; target: Parked vehicle - street; weekday mornings,2024-04-14,Linked to known offender record,36-45,F,6,Repeat,Escalating frequency over last 6 months
CASE-00064,OFF-00018,Counterfeit Currency,BNS Sec 178-180,Currency exchange,Yadgir,Station Road area,Weekday mornings,Bulk note circulation via shop network,Bulk note circulation via shop network; target: Currency exchange; weekday mornings,2023-06-21,Linked to known offender record,46-55,F,6,Repeat,Alternates between two known methods
CASE-00758,OFF-00236,Chain Snatching,BNS Sec 304 (Snatching),Lone woman pedestrian,Bengaluru Rural,Nelamangala town,Weekday mornings,"Foot approach, distraction snatch","Foot approach, distraction snatch; target: Lone woman pedestrian; weekday mornings",2023-04-02,Linked to known offender record,26-35,M,6,Repeat,Single recorded case - insufficient pattern history
CASE-00600,OFF-00188,ATM Tampering/Skimming,BNS Sec 318 / IT Act,ATM users - unmanned kiosk,Uttara Kannada,Sirsi town,Evening rush (6-8 PM),Skimmer device installation,Skimmer device installation; target: ATM users - unmanned kiosk; evening rush (6-8 pm),2023-05-10,Linked to known offender record,18-25,M,6,Repeat,Alternates between two known methods
CASE-01310,OFF-00395,Two-Wheeler Theft,BNS Sec 303 (Theft),Parked vehicle - commercial area,Ballari,Bruce Pet,Late night (11 PM-2 AM),Vehicle lifted onto pickup truck,Vehicle lifted onto pickup truck; target: Parked vehicle - commercial area; late night (11 pm-2 am),2025-07-17,Linked to known offender record,46-55,M,3,Repeat,Alternates between two known methods
CASE-01807,UNASSIGNED,Counterfeit Currency,BNS Sec 178-180,Currency exchange,Chitradurga,Basaveshwara Nagar,Evening rush (6-8 PM),Bulk note circulation via shop network,Bulk note circulation via shop network; target: Currency exchange; evening rush (6-8 pm),2024-05-26,Open - no offender match recorded,N/A - case unmatched,N/A - case unmatched,N/A - case unmatched,N/A - case unmatched,N/A - case unmatched
CASE-01622,UNASSIGNED,Cyber Fraud (OTP/Phishing),IT Act Sec 66C/66D,First-time UPI user,Haveri,Bypass Road area,Evening rush (6-8 PM),SMS phishing link,SMS phishing link; target: First-time UPI user; evening rush (6-8 pm),2023-04-10,Open - no offender match recorded,N/A - case unmatched,N/A - case unmatched,N/A - case unmatched,N/A - case unmatched,N/A - case unmatched
CASE-01906,UNASSIGNED,Cyber Fraud (OTP/Phishing),IT Act Sec 66C/66D,Elderly account holder,Davanagere,PJ Extension,Evening rush (6-8 PM),Fake bank call requesting OTP,Fake bank call requesting OTP; target: Elderly account holder; evening rush (6-8 pm),2024-02-25,Open - no offender match recorded,N/A - case unmatched,N/A - case unmatched,N/A - case unmatched,N/A - case unmatched,N/A - case unmatched
CASE-01766,UNASSIGNED,ATM Tampering/Skimming,BNS Sec 318 / IT Act,ATM users - unmanned kiosk,Uttara Kannada,Kumta town,Late night (11 PM-2 AM),Skimmer device installation,Skimmer device installation; target: ATM users - unmanned kiosk; late night (11 pm-2 am),2025-09-27,Open - no offender match recorded,N/A - case unmatched,N/A - case unmatched,N/A - case unmatched,N/A - case unmatched,N/A - case unmatched
CASE-01594,UNASSIGNED,Chain Snatching,BNS Sec 304 (Snatching),Lone woman pedestrian,Bagalkot,Navanagar,Midday (12-3 PM),Two-wheeler drive-by snatch,Two-wheeler drive-by snatch; target: Lone woman pedestrian; midday (12-3 pm),2023-11-12,Open - no offender match recorded,N/A - case unmatched,N/A - case unmatched,N/A - case unmatched,N/A - case unmatched,N/A - case unmatched
CASE-01762,UNASSIGNED,Pickpocketing,BNS Sec 303 (Theft),Market crowd,Mandya,Ashok Nagar,Weekend nights,Crowd distraction lift,Crowd distraction lift; target: Market crowd; weekend nights,2024-12-23,Open - no offender match recorded,N/A - case unmatched,N/A - case unmatched,N/A - case unmatched,N/A - case unmatched,N/A - case unmatched
CASE-00325,OFF-00102,Vehicle Theft (Four-wheeler),BNS Sec 303 (Theft),Parked vehicle - street,Shivamogga,Vinoba Nagar,Late night (11 PM-2 AM),Relay key attack,Relay key attack; target: Parked vehicle - street; late night (11 pm-2 am),2024-03-24,Linked to known offender record,56+,M,6,Repeat,Single recorded case - insufficient pattern history
CASE-01573,UNASSIGNED,ATM Tampering/Skimming,BNS Sec 318 / IT Act,ATM users - unmanned kiosk,Yadgir,Bus Stand area,Evening rush (6-8 PM),Shoulder-surfing + card swap,Shoulder-surfing + card swap; target: ATM users - unmanned kiosk; evening rush (6-8 pm),2024-05-07,Open - no offender match recorded,N/A - case unmatched,N/A - case unmatched,N/A - case unmatched,N/A - case unmatched,N/A - case unmatched
CASE-01999,UNASSIGNED,Vehicle Theft (Four-wheeler),BNS Sec 303 (Theft),Parked vehicle - street,Mandya,Ashok Nagar,Evening rush (6-8 PM),Relay key attack,Relay key attack; target: Parked vehicle - street; evening rush (6-8 pm),2024-05-15,Open - no offender match recorded,N/A - case unmatched,N/A - case unmatched,N/A - case unmatched,N/A - case unmatched,N/A - case unmatched
CASE-01744,UNASSIGNED,Counterfeit Currency,BNS Sec 178-180,Currency exchange,Haveri,Bypass Road area,Midday (12-3 PM),Cash-for-goods swap,Cash-for-goods swap; target: Currency exchange; midday (12-3 pm),2025-08-04,Open - no offender match recorded,N/A - case unmatched,N/A - case unmatched,N/A - case unmatched,N/A - case unmatched,N/A - case unmatched
CASE-00432,OFF-00138,Vehicle Theft (Four-wheeler),BNS Sec 303 (Theft),Parked vehicle - street,Koppal,Gangavathi Road area,Weekend nights,Relay key attack,Relay key attack; target: Parked vehicle - street; weekend nights,2024-11-27,Linked to known offender record,46-55,F,6,Repeat,Single recorded case - insufficient pattern history
CASE-00358,OFF-00116,Chit Fund / Investment Fraud,BNS Sec 318 (Cheating),Small investor group,Uttara Kannada,Karwar town,Early morning (4-7 AM),"Fake high-return scheme, cash collection","Fake high-return scheme, cash collection; target: Small investor group; early morning (4-7 am)",2025-04-11,Linked to known offender record,46-55,M,4,Repeat,Escalating frequency over last 6 months
CASE-00941,OFF-00295,Counterfeit Currency,BNS Sec 178-180,Small retail shop,Chikkaballapur,MG Road area,Weekend nights,Bulk note circulation via shop network,Bulk note circulation via shop network; target: Small retail shop; weekend nights,2024-02-26,Linked to known offender record,56+,F,4,Repeat,Escalating frequency over last 6 months
CASE-01741,UNASSIGNED,House Burglary,BNS Sec 305 (Burglary),Ground-floor apartment,Kalaburagi,Jewargi Road area,Weekday mornings,Impersonation as utility worker,Impersonation as utility worker; target: Ground-floor apartment; weekday mornings,2023-04-21,Open - no offender match recorded,N/A - case unmatched,N/A - case unmatched,N/A - case unmatched,N/A - case unmatched,N/A - case unmatched
CASE-01917,UNASSIGNED,Chain Snatching,BNS Sec 304 (Snatching),Elderly pedestrian,Raichur,Ashok Nagar,Late night (11 PM-2 AM),Two-wheeler drive-by snatch,Two-wheeler drive-by snatch; target: Elderly pedestrian; late night (11 pm-2 am),2024-10-13,Open - no offender match recorded,N/A - case unmatched,N/A - case unmatched,N/A - case unmatched,N/A - case unmatched,N/A - case unmatched
CASE-00270,OFF-00081,Pickpocketing,BNS Sec 303 (Theft),Bus/rail commuter,Chitradurga,Old Bus Stand area,Late night (11 PM-2 AM),Crowd distraction lift,Crowd distraction lift; target: Bus/rail commuter; late night (11 pm-2 am),2024-07-14,Linked to known offender record,46-55,F,3,Repeat,Escalating frequency over last 6 months
CASE-00219,OFF-00064,Pickpocketing,BNS Sec 303 (Theft),Bus/rail commuter,Raichur,Station Road area,Midday (12-3 PM),Crowd distraction lift,Crowd distraction lift; target: Bus/rail commuter; midday (12-3 pm),2023-11-06,Linked to known offender record,56+,F,4,Repeat,Escalating frequency over last 6 months
CASE-01000,OFF-00310,Cyber Fraud (OTP/Phishing),IT Act Sec 66C/66D,Elderly account holder,Bengaluru Urban,Koramangala,Evening rush (6-8 PM),Fake bank call requesting OTP,Fake bank call requesting OTP; target: Elderly account holder; evening rush (6-8 pm),2024-06-30,Linked to known offender record,46-55,M,6,Repeat,Escalating frequency over last 6 months
CASE-00103,OFF-00030,Cyber Fraud (OTP/Phishing),IT Act Sec 66C/66D,Elderly account holder,Belagavi,Camp Area,Evening rush (6-8 PM),SMS phishing link,SMS phishing link; target: Elderly account holder; evening rush (6-8 pm),2024-05-24,Linked to known offender record,46-55,M,1,First recorded instance,Long gap then resurgence with same MO
CASE-01637,UNASSIGNED,Shop Robbery,BNS Sec 309 (Robbery),Small retail shop,Uttara Kannada,Sirsi town,Early morning (4-7 AM),"Armed threat, cash till","Armed threat, cash till; target: Small retail shop; early morning (4-7 am)",2025-12-07,Open - no offender match recorded,N/A - case unmatched,N/A - case unmatched,N/A - case unmatched,N/A - case unmatched,N/A - case unmatched
CASE-00208,OFF-00060,Pickpocketing,BNS Sec 303 (Theft),Bus/rail commuter,Ramanagara,Bengaluru-Mysuru Highway area,Early morning (4-7 AM),Bag slit and remove,Bag slit and remove; target: Bus/rail commuter; early morning (4-7 am),2025-01-06,Linked to known offender record,46-55,M,5,Repeat,Single recorded case - insufficient pattern history
CASE-00574,OFF-00181,ATM Tampering/Skimming,BNS Sec 318 / IT Act,ATM users - unmanned kiosk,Shivamogga,Durgigudi,Late night (11 PM-2 AM),Shoulder-surfing + card swap,Shoulder-surfing + card swap; target: ATM users - unmanned kiosk; late night (11 pm-2 am),2025-06-28,Linked to known offender record,46-55,M,4,Repeat,Escalating frequency over last 6 months
CASE-01531,UNASSIGNED,ATM Tampering/Skimming,BNS Sec 318 / IT Act,ATM users - unmanned kiosk,Mangaluru (Dakshina Kannada),Bejai,Early morning (4-7 AM),Skimmer device installation,Skimmer device installation; target: ATM users - unmanned kiosk; early morning (4-7 am),2023-01-18,Open - no offender match recorded,N/A - case unmatched,N/A - case unmatched,N/A - case unmatched,N/A - case unmatched,N/A - case unmatched
CASE-00710,OFF-00224,Cyber Fraud (OTP/Phishing),IT Act Sec 66C/66D,First-time UPI user,Chitradurga,College Road area,Evening rush (6-8 PM),SMS phishing link,SMS phishing link; target: First-time UPI user; evening rush (6-8 pm),2023-08-30,Linked to known offender record,18-25,F,6,Repeat,Long gap then resurgence with same MO
CASE-00092,OFF-00027,Shop Robbery,BNS Sec 309 (Robbery),Small retail shop,Koppal,Old Town,Evening rush (6-8 PM),"Armed threat, cash till","Armed threat, cash till; target: Small retail shop; evening rush (6-8 pm)",2024-06-07,Linked to known offender record,56+,F,5,Repeat,Single recorded case - insufficient pattern history
CASE-00468,OFF-00149,Counterfeit Currency,BNS Sec 178-180,Currency exchange,Mangaluru (Dakshina Kannada),Hampankatta,Weekend nights,Bulk note circulation via shop network,Bulk note circulation via shop network; target: Currency exchange; weekend nights,2023-05-10,Linked to known offender record,26-35,F,5,Repeat,Escalating frequency over last 6 months
CASE-00542,OFF-00171,Cyber Fraud (OTP/Phishing),IT Act Sec 66C/66D,First-time UPI user,Davanagere,Vinoba Nagar,Weekend nights,SMS phishing link,SMS phishing link; target: First-time UPI user; weekend nights,2023-08-23,Linked to known offender record,18-25,F,3,Repeat,Long gap then resurgence with same MO
CASE-00283,OFF-00086,Pickpocketing,BNS Sec 303 (Theft),Market crowd,Kolar,Old Bus Stand area,Late night (11 PM-2 AM),Bag slit and remove,Bag slit and remove; target: Market crowd; late night (11 pm-2 am),2023-02-26,Linked to known offender record,56+,M,1,First recorded instance,Alternates between two known methods
CASE-00226,OFF-00065,Pickpocketing,BNS Sec 303 (Theft),Market crowd,Bagalkot,Navanagar,Weekday mornings,Crowd distraction lift,Crowd distraction lift; target: Market crowd; weekday mornings,2024-04-20,Linked to known offender record,36-45,M,6,Repeat,Alternates between two known methods
CASE-01250,OFF-00379,Counterfeit Currency,BNS Sec 178-180,Currency exchange,Bengaluru Rural,Nelamangala town,Early morning (4-7 AM),Bulk note circulation via shop network,Bulk note circulation via shop network; target: Currency exchange; early morning (4-7 am),2023-07-30,Linked to known offender record,18-25,M,5,Repeat,Escalating frequency over last 6 months
CASE-00229,OFF-00066,Vehicle Theft (Four-wheeler),BNS Sec 303 (Theft),Parked vehicle - street,Ramanagara,Town Centre,Evening rush (6-8 PM),Relay key attack,Relay key attack; target: Parked vehicle - street; evening rush (6-8 pm),2024-09-16,Linked to known offender record,18-25,F,2,Repeat,Long gap then resurgence with same MO
CASE-01570,UNASSIGNED,ATM Tampering/Skimming,BNS Sec 318 / IT Act,ATM users - unmanned kiosk,Chitradurga,Old Bus Stand area,Late night (11 PM-2 AM),Shoulder-surfing + card swap,Shoulder-surfing + card swap; target: ATM users - unmanned kiosk; late night (11 pm-2 am),2025-07-29,Open - no offender match recorded,N/A - case unmatched,N/A - case unmatched,N/A - case unmatched,N/A - case unmatched,N/A - case unmatched
CASE-01185,OFF-00359,ATM Tampering/Skimming,BNS Sec 318 / IT Act,ATM users - unmanned kiosk,Vijayapura,Station Area,Early morning (4-7 AM),Shoulder-surfing + card swap,Shoulder-surfing + card swap; target: ATM users - unmanned kiosk; early morning (4-7 am),2023-10-29,Linked to known offender record,56+,M,2,Repeat,Long gap then resurgence with same MO
CASE-01219,OFF-00368,Two-Wheeler Theft,BNS Sec 303 (Theft),Parked vehicle - residential,Davanagere,Shamanur Road area,Weekday mornings,Duplicate key / lock-picking,Duplicate key / lock-picking; target: Parked vehicle - residential; weekday mornings,2023-11-22,Linked to known offender record,36-45,F,5,Repeat,Single recorded case - insufficient pattern history
CASE-00251,OFF-00073,Chain Snatching,BNS Sec 304 (Snatching),Lone woman pedestrian,Mangaluru (Dakshina Kannada),Hampankatta,Late night (11 PM-2 AM),Two-wheeler drive-by snatch,Two-wheeler drive-by snatch; target: Lone woman pedestrian; late night (11 pm-2 am),2024-02-22,Linked to known offender record,46-55,F,4,Repeat,Single recorded case - insufficient pattern history
CASE-00984,OFF-00304,Shop Robbery,BNS Sec 309 (Robbery),Small retail shop,Hubballi-Dharwad,Vidyanagar,Late night (11 PM-2 AM),Late-night forced entry,Late-night forced entry; target: Small retail shop; late night (11 pm-2 am),2024-02-28,Linked to known offender record,46-55,F,5,Repeat,Escalating frequency over last 6 months
CASE-00821,OFF-00257,Cyber Fraud (OTP/Phishing),IT Act Sec 66C/66D,First-time UPI user,Tumakuru,Ashoknagar,Midday (12-3 PM),SMS phishing link,SMS phishing link; target: First-time UPI user; midday (12-3 pm),2025-08-17,Linked to known offender record,26-35,F,6,Repeat,Alternates between two known methods
CASE-01512,UNASSIGNED,Shop Robbery,BNS Sec 309 (Robbery),Jewellery shop,Ballari,Bruce Pet,Late night (11 PM-2 AM),Late-night forced entry,Late-night forced entry; target: Jewellery shop; late night (11 pm-2 am),2024-05-14,Open - no offender match recorded,N/A - case unmatched,N/A - case unmatched,N/A - case unmatched,N/A - case unmatched,N/A - case unmatched
CASE-00612,OFF-00192,Chain Snatching,BNS Sec 304 (Snatching),Lone woman pedestrian,Tumakuru,Ashoknagar,Late night (11 PM-2 AM),"Foot approach, distraction snatch","Foot approach, distraction snatch; target: Lone woman pedestrian; late night (11 pm-2 am)",2025-03-28,Linked to known offender record,18-25,F,3,Repeat,Consistent MO across all recorded cases
CASE-01473,OFF-00448,Shop Robbery,BNS Sec 309 (Robbery),Small retail shop,Uttara Kannada,Sirsi town,Early morning (4-7 AM),Late-night forced entry,Late-night forced entry; target: Small retail shop; early morning (4-7 am),2025-11-29,Linked to known offender record,26-35,M,1,First recorded instance,Single recorded case - insufficient pattern history
CASE-00194,OFF-00055,Shop Robbery,BNS Sec 309 (Robbery),Jewellery shop,Bagalkot,Old Bagalkot,Early morning (4-7 AM),Late-night forced entry,Late-night forced entry; target: Jewellery shop; early morning (4-7 am),2025-06-25,Linked to known offender record,36-45,F,5,Repeat,Escalating frequency over last 6 months
CASE-00737,OFF-00232,Vehicle Theft (Four-wheeler),BNS Sec 303 (Theft),Parked vehicle - street,Mysuru,Jayalakshmipuram,Weekend nights,Tow-away theft,Tow-away theft; target: Parked vehicle - street; weekend nights,2023-02-04,Linked to known offender record,36-45,F,6,Repeat,Long gap then resurgence with same MO
CASE-01820,UNASSIGNED,Counterfeit Currency,BNS Sec 178-180,Currency exchange,Bidar,New Bidar,Weekend nights,Cash-for-goods swap,Cash-for-goods swap; target: Currency exchange; weekend nights,2024-09-20,Open - no offender match recorded,N/A - case unmatched,N/A - case unmatched,N/A - case unmatched,N/A - case unmatched,N/A - case unmatched
CASE-01290,OFF-00389,Pickpocketing,BNS Sec 303 (Theft),Bus/rail commuter,Belagavi,Vadgaon,Weekday mornings,Crowd distraction lift,Crowd distraction lift; target: Bus/rail commuter; weekday mornings,2025-07-28,Linked to known offender record,46-55,M,3,Repeat,Escalating frequency over last 6 months
CASE-00645,OFF-00203,Counterfeit Currency,BNS Sec 178-180,Small retail shop,Gadag,Station Road area,Weekend nights,Bulk note circulation via shop network,Bulk note circulation via shop network; target: Small retail shop; weekend nights,2025-05-31,Linked to known offender record,36-45,F,4,Repeat,Escalating frequency over last 6 months
CASE-01305,OFF-00393,Cyber Fraud (OTP/Phishing),IT Act Sec 66C/66D,First-time UPI user,Mangaluru (Dakshina Kannada),Bejai,Late night (11 PM-2 AM),Fake bank call requesting OTP,Fake bank call requesting OTP; target: First-time UPI user; late night (11 pm-2 am),2025-09-06,Linked to known offender record,26-35,M,4,Repeat,Escalating frequency over last 6 months
CASE-01823,UNASSIGNED,Counterfeit Currency,BNS Sec 178-180,Currency exchange,Ramanagara,Bengaluru-Mysuru Highway area,Midday (12-3 PM),Cash-for-goods swap,Cash-for-goods swap; target: Currency exchange; midday (12-3 pm),2024-01-21,Open - no offender match recorded,N/A - case unmatched,N/A - case unmatched,N/A - case unmatched,N/A - case unmatched,N/A - case unmatched
CASE-00974,OFF-00302,Shop Robbery,BNS Sec 309 (Robbery),Small retail shop,Chitradurga,Old Bus Stand area,Weekday mornings,"Armed threat, cash till","Armed threat, cash till; target: Small retail shop; weekday mornings",2023-03-07,Linked to known offender record,18-25,F,5,Repeat,Escalating frequency over last 6 months
CASE-00764,OFF-00237,Vehicle Theft (Four-wheeler),BNS Sec 303 (Theft),Parked vehicle - street,Chikkaballapur,Bus Stand area,Late night (11 PM-2 AM),Relay key attack,Relay key attack; target: Parked vehicle - street; late night (11 pm-2 am),2024-01-03,Linked to known offender record,46-55,F,6,Repeat,Consistent MO across all recorded cases
CASE-01527,UNASSIGNED,ATM Tampering/Skimming,BNS Sec 318 / IT Act,ATM users - unmanned kiosk,Uttara Kannada,Sirsi town,Late night (11 PM-2 AM),Skimmer device installation,Skimmer device installation; target: ATM users - unmanned kiosk; late night (11 pm-2 am),2025-07-04,Open - no offender match recorded,N/A - case unmatched,N/A - case unmatched,N/A - case unmatched,N/A - case unmatched,N/A - case unmatched
CASE-00491,OFF-00155,Vehicle Theft (Four-wheeler),BNS Sec 303 (Theft),Parked vehicle - street,Davanagere,Shamanur Road area,Late night (11 PM-2 AM),Relay key attack,Relay key attack; target: Parked vehicle - street; late night (11 pm-2 am),2023-07-09,Linked to known offender record,36-45,F,6,Repeat,Consistent MO across all recorded cases
CASE-00505,OFF-00160,Chain Snatching,BNS Sec 304 (Snatching),Elderly pedestrian,Chitradurga,College Road area,Late night (11 PM-2 AM),Two-wheeler drive-by snatch,Two-wheeler drive-by snatch; target: Elderly pedestrian; late night (11 pm-2 am),2023-09-17,Linked to known offender record,26-35,M,4,Repeat,Escalating frequency over last 6 months
CASE-00871,OFF-00277,Cyber Fraud (OTP/Phishing),IT Act Sec 66C/66D,First-time UPI user,Shivamogga,Gopala Extension,Weekend nights,SMS phishing link,SMS phishing link; target: First-time UPI user; weekend nights,2024-07-08,Linked to known offender record,26-35,F,3,Repeat,Consistent MO across all recorded cases
CASE-00289,OFF-00088,Vehicle Theft (Four-wheeler),BNS Sec 303 (Theft),Parked vehicle - street,Yadgir,Station Road area,Late night (11 PM-2 AM),Relay key attack,Relay key attack; target: Parked vehicle - street; late night (11 pm-2 am),2025-02-20,Linked to known offender record,56+,F,5,Repeat,Escalating frequency over last 6 months
CASE-01439,OFF-00438,House Burglary,BNS Sec 305 (Burglary),Ground-floor apartment,Chikkamagaluru,MG Road area,Early morning (4-7 AM),Window grille cutting,Window grille cutting; target: Ground-floor apartment; early morning (4-7 am),2025-02-03,Linked to known offender record,56+,M,3,Repeat,Escalating frequency over last 6 months
CASE-01221,OFF-00368,Two-Wheeler Theft,BNS Sec 303 (Theft),Parked vehicle - commercial area,Ramanagara,Bengaluru-Mysuru Highway area,Early morning (4-7 AM),Duplicate key / lock-picking,Duplicate key / lock-picking; target: Parked vehicle - commercial area; early morning (4-7 am),2024-06-14,Linked to known offender record,36-45,F,5,Repeat,Single recorded case - insufficient pattern history
CASE-01160,OFF-00351,House Burglary,BNS Sec 305 (Burglary),Ground-floor apartment,Tumakuru,SS Puram,Midday (12-3 PM),Window grille cutting,Window grille cutting; target: Ground-floor apartment; midday (12-3 pm),2024-04-30,Linked to known offender record,18-25,F,5,Repeat,Escalating frequency over last 6 months
CASE-01102,OFF-00334,ATM Tampering/Skimming,BNS Sec 318 / IT Act,ATM users - unmanned kiosk,Hubballi-Dharwad,Old Hubballi,Early morning (4-7 AM),Skimmer device installation,Skimmer device installation; target: ATM users - unmanned kiosk; early morning (4-7 am),2025-12-20,Linked to known offender record,56+,M,3,Repeat,Alternates between two known methods
CASE-01292,OFF-00390,Chain Snatching,BNS Sec 304 (Snatching),Elderly pedestrian,Udupi,Kunjibettu,Late night (11 PM-2 AM),"Foot approach, distraction snatch","Foot approach, distraction snatch; target: Elderly pedestrian; late night (11 pm-2 am)",2025-12-20,Linked to known offender record,26-35,F,3,Repeat,Single recorded case - insufficient pattern history
CASE-01704,UNASSIGNED,Chit Fund / Investment Fraud,BNS Sec 318 (Cheating),Small investor group,Bengaluru Urban,Marathahalli,Midday (12-3 PM),"Fake high-return scheme, cash collection","Fake high-return scheme, cash collection; target: Small investor group; midday (12-3 pm)",2024-05-03,Open - no offender match recorded,N/A - case unmatched,N/A - case unmatched,N/A - case unmatched,N/A - case unmatched,N/A - case unmatched
CASE-01651,UNASSIGNED,Counterfeit Currency,BNS Sec 178-180,Small retail shop,Kodagu,Gonikoppal town,Weekend nights,Bulk note circulation via shop network,Bulk note circulation via shop network; target: Small retail shop; weekend nights,2023-04-11,Open - no offender match recorded,N/A - case unmatched,N/A - case unmatched,N/A - case unmatched,N/A - case unmatched,N/A - case unmatched
CASE-00066,OFF-00019,Shop Robbery,BNS Sec 309 (Robbery),Jewellery shop,Kodagu,Madikeri town,Late night (11 PM-2 AM),Late-night forced entry,Late-night forced entry; target: Jewellery shop; late night (11 pm-2 am),2024-05-29,Linked to known offender record,18-25,F,6,Repeat,Escalating frequency over last 6 months
CASE-00685,OFF-00216,Shop Robbery,BNS Sec 309 (Robbery),Jewellery shop,Davanagere,Vinoba Nagar,Weekday mornings,Late-night forced entry,Late-night forced entry; target: Jewellery shop; weekday mornings,2024-04-22,Linked to known offender record,46-55,F,6,Repeat,Consistent MO across all recorded cases
CASE-01366,OFF-00416,Chain Snatching,BNS Sec 304 (Snatching),Elderly pedestrian,Udupi,Manipal,Late night (11 PM-2 AM),"Foot approach, distraction snatch","Foot approach, distraction snatch; target: Elderly pedestrian; late night (11 pm-2 am)",2024-08-30,Linked to known offender record,26-35,F,3,Repeat,Single recorded case - insufficient pattern history
CASE-00865,OFF-00274,Pickpocketing,BNS Sec 303 (Theft),Market crowd,Gadag,Betageri,Midday (12-3 PM),Crowd distraction lift,Crowd distraction lift; target: Market crowd; midday (12-3 pm),2025-03-06,Linked to known offender record,26-35,F,1,First recorded instance,Consistent MO across all recorded cases
CASE-01008,OFF-00312,Two-Wheeler Theft,BNS Sec 303 (Theft),Parked vehicle - commercial area,Chamarajanagar,Town Centre,Midday (12-3 PM),Vehicle lifted onto pickup truck,Vehicle lifted onto pickup truck; target: Parked vehicle - commercial area; midday (12-3 pm),2025-10-18,Linked to known offender record,46-55,F,6,Repeat,Escalating frequency over last 6 months
CASE-00498,OFF-00158,House Burglary,BNS Sec 305 (Burglary),Vacant residence,Yadgir,Station Road area,Early morning (4-7 AM),Impersonation as utility worker,Impersonation as utility worker; target: Vacant residence; early morning (4-7 am),2025-11-11,Linked to known offender record,56+,F,3,Repeat,Escalating frequency over last 6 months
CASE-00565,OFF-00178,Two-Wheeler Theft,BNS Sec 303 (Theft),Parked vehicle - commercial area,Chamarajanagar,Kollegal Road area,Weekend nights,Vehicle lifted onto pickup truck,Vehicle lifted onto pickup truck; target: Parked vehicle - commercial area; weekend nights,2023-11-17,Linked to known offender record,26-35,F,4,Repeat,Consistent MO across all recorded cases
CASE-01810,UNASSIGNED,Pickpocketing,BNS Sec 303 (Theft),Market crowd,Chikkaballapur,MG Road area,Midday (12-3 PM),Bag slit and remove,Bag slit and remove; target: Market crowd; midday (12-3 pm),2023-09-22,Open - no offender match recorded,N/A - case unmatched,N/A - case unmatched,N/A - case unmatched,N/A - case unmatched,N/A - case unmatched
CASE-01950,UNASSIGNED,Chit Fund / Investment Fraud,BNS Sec 318 (Cheating),Small investor group,Chikkamagaluru,Kalasapura,Late night (11 PM-2 AM),"Fake high-return scheme, cash collection","Fake high-return scheme, cash collection; target: Small investor group; late night (11 pm-2 am)",2024-11-08,Open - no offender match recorded,N/A - case unmatched,N/A - case unmatched,N/A - case unmatched,N/A - case unmatched,N/A - case unmatched
CASE-00676,OFF-00213,Cyber Fraud (OTP/Phishing),IT Act Sec 66C/66D,First-time UPI user,Chamarajanagar,Town Centre,Midday (12-3 PM),SMS phishing link,SMS phishing link; target: First-time UPI user; midday (12-3 pm),2025-06-06,Linked to known offender record,18-25,M,6,Repeat,Long gap then resurgence with same MO
CASE-01470,OFF-00446,Chit Fund / Investment Fraud,BNS Sec 318 (Cheating),Small investor group,Vijayapura,Jubilee Circle area,Weekend nights,"Fake high-return scheme, cash collection","Fake high-return scheme, cash collection; target: Small investor group; weekend nights",2025-06-25,Linked to known offender record,18-25,M,4,Repeat,Escalating frequency over last 6 months
CASE-01578,UNASSIGNED,Chit Fund / Investment Fraud,BNS Sec 318 (Cheating),Small investor group,Koppal,Old Town,Evening rush (6-8 PM),"Fake high-return scheme, cash collection","Fake high-return scheme, cash collection; target: Small investor group; evening rush (6-8 pm)",2025-02-20,Open - no offender match recorded,N/A - case unmatched,N/A - case unmatched,N/A - case unmatched,N/A - case unmatched,N/A - case unmatched
CASE-00796,OFF-00248,Two-Wheeler Theft,BNS Sec 303 (Theft),Parked vehicle - residential,Bengaluru Urban,Yeshwanthpur,Weekend nights,Duplicate key / lock-picking,Duplicate key / lock-picking; target: Parked vehicle - residential; weekend nights,2024-12-24,Linked to known offender record,18-25,M,2,Repeat,Single recorded case - insufficient pattern history
CASE-01585,UNASSIGNED,Cyber Fraud (OTP/Phishing),IT Act Sec 66C/66D,Elderly account holder,Koppal,Gangavathi Road area,Weekday mornings,Fake bank call requesting OTP,Fake bank call requesting OTP; target: Elderly account holder; weekday mornings,2023-02-20,Open - no offender match recorded,N/A - case unmatched,N/A - case unmatched,N/A - case unmatched,N/A - case unmatched,N/A - case unmatched
CASE-01787,UNASSIGNED,Counterfeit Currency,BNS Sec 178-180,Currency exchange,Kalaburagi,Jewargi Road area,Early morning (4-7 AM),Cash-for-goods swap,Cash-for-goods swap; target: Currency exchange; early morning (4-7 am),2023-04-24,Open - no offender match recorded,N/A - case unmatched,N/A - case unmatched,N/A - case unmatched,N/A - case unmatched,N/A - case unmatched
CASE-01423,OFF-00434,House Burglary,BNS Sec 305 (Burglary),Ground-floor apartment,Tumakuru,SS Puram,Weekend nights,"Lock-breaking, rear entry","Lock-breaking, rear entry; target: Ground-floor apartment; weekend nights",2024-04-23,Linked to known offender record,36-45,F,2,Repeat,Single recorded case - insufficient pattern history
CASE-01867,UNASSIGNED,Shop Robbery,BNS Sec 309 (Robbery),Jewellery shop,Ramanagara,Bengaluru-Mysuru Highway area,Weekend nights,"Armed threat, cash till","Armed threat, cash till; target: Jewellery shop; weekend nights",2025-11-24,Open - no offender match recorded,N/A - case unmatched,N/A - case unmatched,N/A - case unmatched,N/A - case unmatched,N/A - case unmatched
CASE-00230,OFF-00066,Vehicle Theft (Four-wheeler),BNS Sec 303 (Theft),Parked vehicle - street,Hassan,Race Course Road area,Late night (11 PM-2 AM),Relay key attack,Relay key attack; target: Parked vehicle - street; late night (11 pm-2 am),2025-08-31,Linked to known offender record,18-25,F,2,Repeat,Long gap then resurgence with same MO
CASE-01113,OFF-00339,Counterfeit Currency,BNS Sec 178-180,Currency exchange,Bidar,New Bidar,Early morning (4-7 AM),Cash-for-goods swap,Cash-for-goods swap; target: Currency exchange; early morning (4-7 am),2023-02-05,Linked to known offender record,18-25,M,2,Repeat,Single recorded case - insufficient pattern history
CASE-01873,UNASSIGNED,House Burglary,BNS Sec 305 (Burglary),Vacant residence,Chikkaballapur,Bus Stand area,Late night (11 PM-2 AM),Window grille cutting,Window grille cutting; target: Vacant residence; late night (11 pm-2 am),2024-01-29,Open - no offender match recorded,N/A - case unmatched,N/A - case unmatched,N/A - case unmatched,N/A - case unmatched,N/A - case unmatched
CASE-01755,UNASSIGNED,Shop Robbery,BNS Sec 309 (Robbery),Jewellery shop,Mandya,Bannur Road area,Late night (11 PM-2 AM),Late-night forced entry,Late-night forced entry; target: Jewellery shop; late night (11 pm-2 am),2025-02-18,Open - no offender match recorded,N/A - case unmatched,N/A - case unmatched,N/A - case unmatched,N/A - case unmatched,N/A - case unmatched
CASE-00526,OFF-00165,Chain Snatching,BNS Sec 304 (Snatching),Elderly pedestrian,Mysuru,Jayalakshmipuram,Late night (11 PM-2 AM),"Foot approach, distraction snatch","Foot approach, distraction snatch; target: Elderly pedestrian; late night (11 pm-2 am)",2025-11-08,Linked to known offender record,18-25,F,1,First recorded instance,Long gap then resurgence with same MO
CASE-01304,OFF-00393,Cyber Fraud (OTP/Phishing),IT Act Sec 66C/66D,Elderly account holder,Hassan,Race Course Road area,Late night (11 PM-2 AM),Fake bank call requesting OTP,Fake bank call requesting OTP; target: Elderly account holder; late night (11 pm-2 am),2025-06-01,Linked to known offender record,26-35,M,4,Repeat,Escalating frequency over last 6 months
CASE-00739,OFF-00232,Vehicle Theft (Four-wheeler),BNS Sec 303 (Theft),Parked vehicle - street,Bidar,Chidri,Weekend nights,Tow-away theft,Tow-away theft; target: Parked vehicle - street; weekend nights,2024-08-08,Linked to known offender record,36-45,F,6,Repeat,Long gap then resurgence with same MO
CASE-01386,OFF-00423,Cyber Fraud (OTP/Phishing),IT Act Sec 66C/66D,Elderly account holder,Bagalkot,Navanagar,Weekday mornings,Fake bank call requesting OTP,Fake bank call requesting OTP; target: Elderly account holder; weekday mornings,2025-11-07,Linked to known offender record,36-45,M,6,Repeat,Single recorded case - insufficient pattern history
CASE-01421,OFF-00433,Vehicle Theft (Four-wheeler),BNS Sec 303 (Theft),Parked vehicle - street,Kalaburagi,Station Road area,Evening rush (6-8 PM),Tow-away theft,Tow-away theft; target: Parked vehicle - street; evening rush (6-8 pm),2023-09-12,Linked to known offender record,18-25,F,2,Repeat,Single recorded case - insufficient pattern history
CASE-01467,OFF-00446,Chit Fund / Investment Fraud,BNS Sec 318 (Cheating),Small investor group,Vijayapura,Jubilee Circle area,Weekend nights,"Fake high-return scheme, cash collection","Fake high-return scheme, cash collection; target: Small investor group; weekend nights",2024-10-01,Linked to known offender record,18-25,M,4,Repeat,Escalating frequency over last 6 months
CASE-00260,OFF-00077,Pickpocketing,BNS Sec 303 (Theft),Bus/rail commuter,Mysuru,Vijayanagar,Evening rush (6-8 PM),Bag slit and remove,Bag slit and remove; target: Bus/rail commuter; evening rush (6-8 pm),2024-04-27,Linked to known offender record,56+,F,5,Repeat,Long gap then resurgence with same MO
CASE-00714,OFF-00224,Cyber Fraud (OTP/Phishing),IT Act Sec 66C/66D,Elderly account holder,Chitradurga,Old Bus Stand area,Evening rush (6-8 PM),SMS phishing link,SMS phishing link; target: Elderly account holder; evening rush (6-8 pm),2025-07-31,Linked to known offender record,18-25,F,6,Repeat,Long gap then resurgence with same MO
CASE-00460,OFF-00148,Vehicle Theft (Four-wheeler),BNS Sec 303 (Theft),Parked vehicle - street,Raichur,Station Road area,Late night (11 PM-2 AM),Relay key attack,Relay key attack; target: Parked vehicle - street; late night (11 pm-2 am),2024-07-22,Linked to known offender record,18-25,M,5,Repeat,Long gap then resurgence with same MO
CASE-00556,OFF-00176,Chit Fund / Investment Fraud,BNS Sec 318 (Cheating),Small investor group,Vijayapura,Jubilee Circle area,Weekend nights,"Fake high-return scheme, cash collection","Fake high-return scheme, cash collection; target: Small investor group; weekend nights",2023-02-23,Linked to known offender record,26-35,M,6,Repeat,Long gap then resurgence with same MO
CASE-00010,OFF-00006,Chain Snatching,BNS Sec 304 (Snatching),Elderly pedestrian,Chikkamagaluru,MG Road area,Weekday mornings,"Foot approach, distraction snatch","Foot approach, distraction snatch; target: Elderly pedestrian; weekday mornings",2025-04-02,Linked to known offender record,26-35,M,4,Repeat,Escalating frequency over last 6 months
CASE-00060,OFF-00018,Counterfeit Currency,BNS Sec 178-180,Currency exchange,Kalaburagi,Sedam Road area,Late night (11 PM-2 AM),Bulk note circulation via shop network,Bulk note circulation via shop network; target: Currency exchange; late night (11 pm-2 am),2025-04-11,Linked to known offender record,46-55,F,6,Repeat,Alternates between two known methods
CASE-01005,OFF-00311,Vehicle Theft (Four-wheeler),BNS Sec 303 (Theft),Parked vehicle - street,Chitradurga,Basaveshwara Nagar,Midday (12-3 PM),Tow-away theft,Tow-away theft; target: Parked vehicle - street; midday (12-3 pm),2023-05-29,Linked to known offender record,46-55,F,3,Repeat,Single recorded case - insufficient pattern history
CASE-00759,OFF-00237,Vehicle Theft (Four-wheeler),BNS Sec 303 (Theft),Parked vehicle - street,Udupi,Manipal,Early morning (4-7 AM),Relay key attack,Relay key attack; target: Parked vehicle - street; early morning (4-7 am),2024-01-30,Linked to known offender record,46-55,F,6,Repeat,Consistent MO across all recorded cases
CASE-01477,OFF-00450,Chain Snatching,BNS Sec 304 (Snatching),Lone woman pedestrian,Kolar,Ambedkar Nagar,Weekday mornings,Two-wheeler drive-by snatch,Two-wheeler drive-by snatch; target: Lone woman pedestrian; weekday mornings,2024-01-29,Linked to known offender record,18-25,M,3,Repeat,Consistent MO across all recorded cases
CASE-00391,OFF-00126,House Burglary,BNS Sec 305 (Burglary),Vacant residence,Kodagu,Madikeri town,Midday (12-3 PM),Impersonation as utility worker,Impersonation as utility worker; target: Vacant residence; midday (12-3 pm),2024-08-14,Linked to known offender record,18-25,F,3,Repeat,Escalating frequency over last 6 months
CASE-00440,OFF-00141,Cyber Fraud (OTP/Phishing),IT Act Sec 66C/66D,Elderly account holder,Uttara Kannada,Sirsi town,Late night (11 PM-2 AM),Fake bank call requesting OTP,Fake bank call requesting OTP; target: Elderly account holder; late night (11 pm-2 am),2023-10-22,Linked to known offender record,18-25,F,5,Repeat,Escalating frequency over last 6 months
CASE-01248,OFF-00377,Shop Robbery,BNS Sec 309 (Robbery),Small retail shop,Belagavi,Vadgaon,Weekend nights,Late-night forced entry,Late-night forced entry; target: Small retail shop; weekend nights,2023-07-10,Linked to known offender record,18-25,F,4,Repeat,Alternates between two known methods
CASE-01027,OFF-00316,Shop Robbery,BNS Sec 309 (Robbery),Small retail shop,Chikkaballapur,MG Road area,Weekend nights,Late-night forced entry,Late-night forced entry; target: Small retail shop; weekend nights,2024-06-03,Linked to known offender record,26-35,F,6,Repeat,Alternates between two known methods
CASE-01295,OFF-00391,House Burglary,BNS Sec 305 (Burglary),Vacant residence,Davanagere,Shamanur Road area,Weekday mornings,Impersonation as utility worker,Impersonation as utility worker; target: Vacant residence; weekday mornings,2024-04-24,Linked to known offender record,46-55,F,4,Repeat,Long gap then resurgence with same MO
CASE-00774,OFF-00241,Two-Wheeler Theft,BNS Sec 303 (Theft),Parked vehicle - residential,Yadgir,Bus Stand area,Midday (12-3 PM),Duplicate key / lock-picking,Duplicate key / lock-picking; target: Parked vehicle - residential; midday (12-3 pm),2025-01-30,Linked to known offender record,26-35,F,5,Repeat,Alternates between two known methods
CASE-01155,OFF-00350,Vehicle Theft (Four-wheeler),BNS Sec 303 (Theft),Parked vehicle - street,Mandya,Bannur Road area,Midday (12-3 PM),Relay key attack,Relay key attack; target: Parked vehicle - street; midday (12-3 pm),2023-10-04,Linked to known offender record,56+,M,6,Repeat,Alternates between two known methods
CASE-00943,OFF-00295,Counterfeit Currency,BNS Sec 178-180,Small retail shop,Chikkaballapur,MG Road area,Weekday mornings,Bulk note circulation via shop network,Bulk note circulation via shop network; target: Small retail shop; weekday mornings,2024-06-17,Linked to known offender record,56+,F,4,Repeat,Escalating frequency over last 6 months
CASE-01077,OFF-00328,Chain Snatching,BNS Sec 304 (Snatching),Lone woman pedestrian,Hassan,Vidyanagar,Late night (11 PM-2 AM),Two-wheeler drive-by snatch,Two-wheeler drive-by snatch; target: Lone woman pedestrian; late night (11 pm-2 am),2024-09-25,Linked to known offender record,26-35,F,5,Repeat,Single recorded case - insufficient pattern history
CASE-00470,OFF-00150,Chain Snatching,BNS Sec 304 (Snatching),Lone woman pedestrian,Mandya,Vidyanagar,Late night (11 PM-2 AM),Two-wheeler drive-by snatch,Two-wheeler drive-by snatch; target: Lone woman pedestrian; late night (11 pm-2 am),2024-06-14,Linked to known offender record,18-25,F,5,Repeat,Long gap then resurgence with same MO
CASE-00308,OFF-00097,Cyber Fraud (OTP/Phishing),IT Act Sec 66C/66D,Elderly account holder,Davanagere,PJ Extension,Midday (12-3 PM),Fake bank call requesting OTP,Fake bank call requesting OTP; target: Elderly account holder; midday (12-3 pm),2023-09-07,Linked to known offender record,26-35,M,5,Repeat,Long gap then resurgence with same MO
CASE-00555,OFF-00176,Chit Fund / Investment Fraud,BNS Sec 318 (Cheating),Small investor group,Vijayapura,Jubilee Circle area,Weekend nights,"Fake high-return scheme, cash collection","Fake high-return scheme, cash collection; target: Small investor group; weekend nights",2025-12-27,Linked to known offender record,26-35,M,6,Repeat,Long gap then resurgence with same MO
CASE-01053,OFF-00323,Chit Fund / Investment Fraud,BNS Sec 318 (Cheating),Small investor group,Yadgir,Station Road area,Weekday mornings,"Fake high-return scheme, cash collection","Fake high-return scheme, cash collection; target: Small investor group; weekday mornings",2023-11-14,Linked to known offender record,26-35,F,6,Repeat,Escalating frequency over last 6 months
CASE-01381,OFF-00422,Chit Fund / Investment Fraud,BNS Sec 318 (Cheating),Small investor group,Ballari,Bruce Pet,Early morning (4-7 AM),"Fake high-return scheme, cash collection","Fake high-return scheme, cash collection; target: Small investor group; early morning (4-7 am)",2024-06-08,Linked to known offender record,56+,M,3,Repeat,Consistent MO across all recorded cases
CASE-00610,OFF-00191,House Burglary,BNS Sec 305 (Burglary),Vacant residence,Mangaluru (Dakshina Kannada),Mangaladevi,Evening rush (6-8 PM),Window grille cutting,Window grille cutting; target: Vacant residence; evening rush (6-8 pm),2025-06-08,Linked to known offender record,36-45,M,2,Repeat,Single recorded case - insufficient pattern history
CASE-01666,UNASSIGNED,ATM Tampering/Skimming,BNS Sec 318 / IT Act,ATM users - unmanned kiosk,Mangaluru (Dakshina Kannada),Mangaladevi,Weekday mornings,Skimmer device installation,Skimmer device installation; target: ATM users - unmanned kiosk; weekday mornings,2023-03-02,Open - no offender match recorded,N/A - case unmatched,N/A - case unmatched,N/A - case unmatched,N/A - case unmatched,N/A - case unmatched
CASE-01430,OFF-00435,Chain Snatching,BNS Sec 304 (Snatching),Elderly pedestrian,Hassan,Vidyanagar,Weekend nights,Two-wheeler drive-by snatch,Two-wheeler drive-by snatch; target: Elderly pedestrian; weekend nights,2024-12-20,Linked to known offender record,26-35,M,6,Repeat,Alternates between two known methods
CASE-00239,OFF-00071,Vehicle Theft (Four-wheeler),BNS Sec 303 (Theft),Parked vehicle - street,Vijayapura,Athani Road area,Weekday mornings,Tow-away theft,Tow-away theft; target: Parked vehicle - street; weekday mornings,2024-08-28,Linked to known offender record,26-35,F,3,Repeat,Consistent MO across all recorded cases
CASE-00301,OFF-00092,Chit Fund / Investment Fraud,BNS Sec 318 (Cheating),Small investor group,Gadag,Betageri,Weekend nights,"Fake high-return scheme, cash collection","Fake high-return scheme, cash collection; target: Small investor group; weekend nights",2025-12-01,Linked to known offender record,56+,M,5,Repeat,Long gap then resurgence with same MO
CASE-01657,UNASSIGNED,Shop Robbery,BNS Sec 309 (Robbery),Small retail shop,Yadgir,Station Road area,Early morning (4-7 AM),Late-night forced entry,Late-night forced entry; target: Small retail shop; early morning (4-7 am),2025-01-03,Open - no offender match recorded,N/A - case unmatched,N/A - case unmatched,N/A - case unmatched,N/A - case unmatched,N/A - case unmatched
CASE-00901,OFF-00284,Shop Robbery,BNS Sec 309 (Robbery),Small retail shop,Hassan,Vidyanagar,Early morning (4-7 AM),Late-night forced entry,Late-night forced entry; target: Small retail shop; early morning (4-7 am),2024-09-08,Linked to known offender record,26-35,F,6,Repeat,Long gap then resurgence with same MO
CASE-01025,OFF-00316,Shop Robbery,BNS Sec 309 (Robbery),Small retail shop,Chikkaballapur,MG Road area,Weekday mornings,Late-night forced entry,Late-night forced entry; target: Small retail shop; weekday mornings,2024-05-07,Linked to known offender record,26-35,F,6,Repeat,Alternates between two known methods
CASE-01875,UNASSIGNED,House Burglary,BNS Sec 305 (Burglary),Ground-floor apartment,Bengaluru Urban,Jayanagar,Evening rush (6-8 PM),Window grille cutting,Window grille cutting; target: Ground-floor apartment; evening rush (6-8 pm),2025-05-26,Open - no offender match recorded,N/A - case unmatched,N/A - case unmatched,N/A - case unmatched,N/A - case unmatched,N/A - case unmatched
CASE-01201,OFF-00363,Counterfeit Currency,BNS Sec 178-180,Small retail shop,Bagalkot,Navanagar,Weekday mornings,Cash-for-goods swap,Cash-for-goods swap; target: Small retail shop; weekday mornings,2025-07-03,Linked to known offender record,36-45,M,5,Repeat,Escalating frequency over last 6 months
CASE-00704,OFF-00222,Two-Wheeler Theft,BNS Sec 303 (Theft),Parked vehicle - commercial area,Chitradurga,Basaveshwara Nagar,Evening rush (6-8 PM),Duplicate key / lock-picking,Duplicate key / lock-picking; target: Parked vehicle - commercial area; evening rush (6-8 pm),2025-01-19,Linked to known offender record,18-25,M,4,Repeat,Consistent MO across all recorded cases
CASE-01720,UNASSIGNED,House Burglary,BNS Sec 305 (Burglary),Vacant residence,Shivamogga,Vinoba Nagar,Weekday mornings,"Lock-breaking, rear entry","Lock-breaking, rear entry; target: Vacant residence; weekday mornings",2025-12-31,Open - no offender match recorded,N/A - case unmatched,N/A - case unmatched,N/A - case unmatched,N/A - case unmatched,N/A - case unmatched
CASE-01627,UNASSIGNED,Counterfeit Currency,BNS Sec 178-180,Currency exchange,Raichur,Station Road area,Weekend nights,Bulk note circulation via shop network,Bulk note circulation via shop network; target: Currency exchange; weekend nights,2023-02-09,Open - no offender match recorded,N/A - case unmatched,N/A - case unmatched,N/A - case unmatched,N/A - case unmatched,N/A - case unmatched
CASE-01051,OFF-00323,Chit Fund / Investment Fraud,BNS Sec 318 (Cheating),Small investor group,Yadgir,Station Road area,Weekend nights,"Fake high-return scheme, cash collection","Fake high-return scheme, cash collection; target: Small investor group; weekend nights",2023-03-28,Linked to known offender record,26-35,F,6,Repeat,Escalating frequency over last 6 months
CASE-00202,OFF-00059,Counterfeit Currency,BNS Sec 178-180,Currency exchange,Vijayapura,Athani Road area,Late night (11 PM-2 AM),Bulk note circulation via shop network,Bulk note circulation via shop network; target: Currency exchange; late night (11 pm-2 am),2023-03-08,Linked to known offender record,18-25,M,4,Repeat,Single recorded case - insufficient pattern history
CASE-01583,UNASSIGNED,Two-Wheeler Theft,BNS Sec 303 (Theft),Parked vehicle - commercial area,Vijayapura,Station Area,Weekday mornings,Vehicle lifted onto pickup truck,Vehicle lifted onto pickup truck; target: Parked vehicle - commercial area; weekday mornings,2024-09-04,Open - no offender match recorded,N/A - case unmatched,N/A - case unmatched,N/A - case unmatched,N/A - case unmatched,N/A - case unmatched
CASE-00994,OFF-00308,Cyber Fraud (OTP/Phishing),IT Act Sec 66C/66D,First-time UPI user,Raichur,Ashok Nagar,Early morning (4-7 AM),Fake bank call requesting OTP,Fake bank call requesting OTP; target: First-time UPI user; early morning (4-7 am),2023-01-15,Linked to known offender record,36-45,F,1,First recorded instance,Escalating frequency over last 6 months
CASE-00407,OFF-00131,Shop Robbery,BNS Sec 309 (Robbery),Small retail shop,Mangaluru (Dakshina Kannada),Hampankatta,Weekday mornings,Late-night forced entry,Late-night forced entry; target: Small retail shop; weekday mornings,2024-03-01,Linked to known offender record,36-45,F,4,Repeat,Long gap then resurgence with same MO
CASE-00592,OFF-00186,Cyber Fraud (OTP/Phishing),IT Act Sec 66C/66D,Elderly account holder,Belagavi,Camp Area,Evening rush (6-8 PM),Fake bank call requesting OTP,Fake bank call requesting OTP; target: Elderly account holder; evening rush (6-8 pm),2023-05-20,Linked to known offender record,36-45,M,5,Repeat,Long gap then resurgence with same MO
CASE-01229,OFF-00372,Pickpocketing,BNS Sec 303 (Theft),Bus/rail commuter,Gadag,Betageri,Midday (12-3 PM),Bag slit and remove,Bag slit and remove; target: Bus/rail commuter; midday (12-3 pm),2023-02-08,Linked to known offender record,18-25,F,4,Repeat,Consistent MO across all recorded cases
CASE-01539,UNASSIGNED,Pickpocketing,BNS Sec 303 (Theft),Bus/rail commuter,Bagalkot,Navanagar,Midday (12-3 PM),Bag slit and remove,Bag slit and remove; target: Bus/rail commuter; midday (12-3 pm),2024-12-01,Open - no offender match recorded,N/A - case unmatched,N/A - case unmatched,N/A - case unmatched,N/A - case unmatched,N/A - case unmatched
CASE-01029,OFF-00316,Shop Robbery,BNS Sec 309 (Robbery),Small retail shop,Ramanagara,Bengaluru-Mysuru Highway area,Weekend nights,Late-night forced entry,Late-night forced entry; target: Small retail shop; weekend nights,2025-10-05,Linked to known offender record,26-35,F,6,Repeat,Alternates between two known methods
CASE-00069,OFF-00019,Shop Robbery,BNS Sec 309 (Robbery),Jewellery shop,Davanagere,Vinoba Nagar,Evening rush (6-8 PM),Late-night forced entry,Late-night forced entry; target: Jewellery shop; evening rush (6-8 pm),2024-10-17,Linked to known offender record,18-25,F,6,Repeat,Escalating frequency over last 6 months
CASE-00085,OFF-00025,Cyber Fraud (OTP/Phishing),IT Act Sec 66C/66D,First-time UPI user,Mandya,Ashok Nagar,Weekday mornings,SMS phishing link,SMS phishing link; target: First-time UPI user; weekday mornings,2024-04-09,Linked to known offender record,26-35,M,2,Repeat,Single recorded case - insufficient pattern history
CASE-00080,OFF-00023,Vehicle Theft (Four-wheeler),BNS Sec 303 (Theft),Parked vehicle - street,Yadgir,Station Road area,Early morning (4-7 AM),Tow-away theft,Tow-away theft; target: Parked vehicle - street; early morning (4-7 am),2025-01-24,Linked to known offender record,56+,F,2,Repeat,Alternates between two known methods
CASE-01901,UNASSIGNED,Chain Snatching,BNS Sec 304 (Snatching),Lone woman pedestrian,Hubballi-Dharwad,Old Hubballi,Midday (12-3 PM),Two-wheeler drive-by snatch,Two-wheeler drive-by snatch; target: Lone woman pedestrian; midday (12-3 pm),2025-05-29,Open - no offender match recorded,N/A - case unmatched,N/A - case unmatched,N/A - case unmatched,N/A - case unmatched,N/A - case unmatched
CASE-01533,UNASSIGNED,Vehicle Theft (Four-wheeler),BNS Sec 303 (Theft),Parked vehicle - street,Chikkaballapur,Bus Stand area,Late night (11 PM-2 AM),Relay key attack,Relay key attack; target: Parked vehicle - street; late night (11 pm-2 am),2025-06-13,Open - no offender match recorded,N/A - case unmatched,N/A - case unmatched,N/A - case unmatched,N/A - case unmatched,N/A - case unmatched
CASE-01841,UNASSIGNED,Chain Snatching,BNS Sec 304 (Snatching),Elderly pedestrian,Bidar,New Bidar,Weekday mornings,"Foot approach, distraction snatch","Foot approach, distraction snatch; target: Elderly pedestrian; weekday mornings",2025-05-14,Open - no offender match recorded,N/A - case unmatched,N/A - case unmatched,N/A - case unmatched,N/A - case unmatched,N/A - case unmatched
CASE-01831,UNASSIGNED,Chit Fund / Investment Fraud,BNS Sec 318 (Cheating),Small investor group,Chitradurga,Old Bus Stand area,Midday (12-3 PM),"Fake high-return scheme, cash collection","Fake high-return scheme, cash collection; target: Small investor group; midday (12-3 pm)",2025-01-16,Open - no offender match recorded,N/A - case unmatched,N/A - case unmatched,N/A - case unmatched,N/A - case unmatched,N/A - case unmatched
CASE-00089,OFF-00027,Shop Robbery,BNS Sec 309 (Robbery),Small retail shop,Kalaburagi,Jewargi Road area,Late night (11 PM-2 AM),"Armed threat, cash till","Armed threat, cash till; target: Small retail shop; late night (11 pm-2 am)",2025-02-01,Linked to known offender record,56+,F,5,Repeat,Single recorded case - insufficient pattern history
CASE-01200,OFF-00363,Counterfeit Currency,BNS Sec 178-180,Small retail shop,Belagavi,Tilakwadi,Early morning (4-7 AM),Cash-for-goods swap,Cash-for-goods swap; target: Small retail shop; early morning (4-7 am),2024-12-11,Linked to known offender record,36-45,M,5,Repeat,Escalating frequency over last 6 months
CASE-01761,UNASSIGNED,House Burglary,BNS Sec 305 (Burglary),Vacant residence,Tumakuru,Ashoknagar,Evening rush (6-8 PM),"Lock-breaking, rear entry","Lock-breaking, rear entry; target: Vacant residence; evening rush (6-8 pm)",2024-01-01,Open - no offender match recorded,N/A - case unmatched,N/A - case unmatched,N/A - case unmatched,N/A - case unmatched,N/A - case unmatched
CASE-01281,OFF-00386,House Burglary,BNS Sec 305 (Burglary),Ground-floor apartment,Ballari,Cowl Bazaar,Midday (12-3 PM),"Lock-breaking, rear entry","Lock-breaking, rear entry; target: Ground-floor apartment; midday (12-3 pm)",2024-08-10,Linked to known offender record,56+,F,6,Repeat,Alternates between two known methods
CASE-01886,UNASSIGNED,ATM Tampering/Skimming,BNS Sec 318 / IT Act,ATM users - unmanned kiosk,Raichur,Ashok Nagar,Weekend nights,Shoulder-surfing + card swap,Shoulder-surfing + card swap; target: ATM users - unmanned kiosk; weekend nights,2025-07-06,Open - no offender match recorded,N/A - case unmatched,N/A - case unmatched,N/A - case unmatched,N/A - case unmatched,N/A - case unmatched
CASE-00494,OFF-00156,Pickpocketing,BNS Sec 303 (Theft),Bus/rail commuter,Mandya,Ashok Nagar,Weekend nights,Bag slit and remove,Bag slit and remove; target: Bus/rail commuter; weekend nights,2025-05-17,Linked to known offender record,18-25,M,3,Repeat,Escalating frequency over last 6 months
CASE-01385,OFF-00423,Cyber Fraud (OTP/Phishing),IT Act Sec 66C/66D,First-time UPI user,Bagalkot,Navanagar,Weekend nights,Fake bank call requesting OTP,Fake bank call requesting OTP; target: First-time UPI user; weekend nights,2023-08-16,Linked to known offender record,36-45,M,6,Repeat,Single recorded case - insufficient pattern history
CASE-01929,UNASSIGNED,Two-Wheeler Theft,BNS Sec 303 (Theft),Parked vehicle - commercial area,Shivamogga,Gopala Extension,Late night (11 PM-2 AM),Vehicle lifted onto pickup truck,Vehicle lifted onto pickup truck; target: Parked vehicle - commercial area; late night (11 pm-2 am),2024-03-31,Open - no offender match recorded,N/A - case unmatched,N/A - case unmatched,N/A - case unmatched,N/A - case unmatched,N/A - case unmatched
CASE-00916,OFF-00288,Two-Wheeler Theft,BNS Sec 303 (Theft),Parked vehicle - commercial area,Kalaburagi,Jewargi Road area,Weekend nights,Vehicle lifted onto pickup truck,Vehicle lifted onto pickup truck; target: Parked vehicle - commercial area; weekend nights,2024-10-30,Linked to known offender record,26-35,F,3,Repeat,Long gap then resurgence with same MO
CASE-00389,OFF-00124,Shop Robbery,BNS Sec 309 (Robbery),Small retail shop,Ballari,Cowl Bazaar,Weekend nights,"Armed threat, cash till","Armed threat, cash till; target: Small retail shop; weekend nights",2023-12-22,Linked to known offender record,18-25,F,3,Repeat,Single recorded case - insufficient pattern history
CASE-00323,OFF-00102,Vehicle Theft (Four-wheeler),BNS Sec 303 (Theft),Parked vehicle - street,Uttara Kannada,Karwar town,Late night (11 PM-2 AM),Relay key attack,Relay key attack; target: Parked vehicle - street; late night (11 pm-2 am),2025-01-28,Linked to known offender record,56+,M,6,Repeat,Single recorded case - insufficient pattern history
CASE-01404,OFF-00429,Vehicle Theft (Four-wheeler),BNS Sec 303 (Theft),Parked vehicle - street,Bidar,New Bidar,Late night (11 PM-2 AM),Tow-away theft,Tow-away theft; target: Parked vehicle - street; late night (11 pm-2 am),2023-08-15,Linked to known offender record,46-55,M,6,Repeat,Consistent MO across all recorded cases
CASE-01659,UNASSIGNED,Two-Wheeler Theft,BNS Sec 303 (Theft),Parked vehicle - commercial area,Hubballi-Dharwad,Old Hubballi,Early morning (4-7 AM),Vehicle lifted onto pickup truck,Vehicle lifted onto pickup truck; target: Parked vehicle - commercial area; early morning (4-7 am),2025-04-10,Open - no offender match recorded,N/A - case unmatched,N/A - case unmatched,N/A - case unmatched,N/A - case unmatched,N/A - case unmatched
CASE-00474,OFF-00150,Chain Snatching,BNS Sec 304 (Snatching),Elderly pedestrian,Hassan,Vidyanagar,Late night (11 PM-2 AM),"Foot approach, distraction snatch","Foot approach, distraction snatch; target: Elderly pedestrian; late night (11 pm-2 am)",2024-11-07,Linked to known offender record,18-25,F,5,Repeat,Long gap then resurgence with same MO
CASE-00552,OFF-00175,ATM Tampering/Skimming,BNS Sec 318 / IT Act,ATM users - unmanned kiosk,Davanagere,PJ Extension,Weekday mornings,Shoulder-surfing + card swap,Shoulder-surfing + card swap; target: ATM users - unmanned kiosk; weekday mornings,2025-07-07,Linked to known offender record,26-35,F,4,Repeat,Consistent MO across all recorded cases
CASE-01485,OFF-00452,Shop Robbery,BNS Sec 309 (Robbery),Jewellery shop,Chamarajanagar,Kollegal Road area,Late night (11 PM-2 AM),"Armed threat, cash till","Armed threat, cash till; target: Jewellery shop; late night (11 pm-2 am)",2024-07-25,Linked to known offender record,18-25,M,4,Repeat,Escalating frequency over last 6 months
CASE-01663,UNASSIGNED,Chit Fund / Investment Fraud,BNS Sec 318 (Cheating),Small investor group,Vijayapura,Jubilee Circle area,Weekday mornings,"Fake high-return scheme, cash collection","Fake high-return scheme, cash collection; target: Small investor group; weekday mornings",2024-08-24,Open - no offender match recorded,N/A - case unmatched,N/A - case unmatched,N/A - case unmatched,N/A - case unmatched,N/A - case unmatched
CASE-01575,UNASSIGNED,Pickpocketing,BNS Sec 303 (Theft),Bus/rail commuter,Gadag,Betageri,Evening rush (6-8 PM),Crowd distraction lift,Crowd distraction lift; target: Bus/rail commuter; evening rush (6-8 pm),2023-10-18,Open - no offender match recorded,N/A - case unmatched,N/A - case unmatched,N/A - case unmatched,N/A - case unmatched,N/A - case unmatched
CASE-01033,OFF-00318,Shop Robbery,BNS Sec 309 (Robbery),Small retail shop,Kodagu,Virajpet town,Midday (12-3 PM),"Armed threat, cash till","Armed threat, cash till; target: Small retail shop; midday (12-3 pm)",2023-05-05,Linked to known offender record,56+,M,5,Repeat,Consistent MO across all recorded cases
CASE-01508,UNASSIGNED,Pickpocketing,BNS Sec 303 (Theft),Bus/rail commuter,Yadgir,Station Road area,Evening rush (6-8 PM),Bag slit and remove,Bag slit and remove; target: Bus/rail commuter; evening rush (6-8 pm),2025-05-08,Open - no offender match recorded,N/A - case unmatched,N/A - case unmatched,N/A - case unmatched,N/A - case unmatched,N/A - case unmatched
CASE-00885,OFF-00280,Chain Snatching,BNS Sec 304 (Snatching),Lone woman pedestrian,Ballari,Gandhinagar,Early morning (4-7 AM),Two-wheeler drive-by snatch,Two-wheeler drive-by snatch; target: Lone woman pedestrian; early morning (4-7 am),2023-08-03,Linked to known offender record,36-45,M,4,Repeat,Long gap then resurgence with same MO
CASE-00980,OFF-00303,ATM Tampering/Skimming,BNS Sec 318 / IT Act,ATM users - unmanned kiosk,Kodagu,Virajpet town,Weekend nights,Skimmer device installation,Skimmer device installation; target: ATM users - unmanned kiosk; weekend nights,2024-02-18,Linked to known offender record,56+,M,6,Repeat,Long gap then resurgence with same MO
CASE-00949,OFF-00296,Counterfeit Currency,BNS Sec 178-180,Currency exchange,Kodagu,Virajpet town,Weekend nights,Bulk note circulation via shop network,Bulk note circulation via shop network; target: Currency exchange; weekend nights,2024-01-12,Linked to known offender record,26-35,M,6,Repeat,Consistent MO across all recorded cases
CASE-01124,OFF-00342,Chain Snatching,BNS Sec 304 (Snatching),Elderly pedestrian,Chitradurga,Old Bus Stand area,Midday (12-3 PM),"Foot approach, distraction snatch","Foot approach, distraction snatch; target: Elderly pedestrian; midday (12-3 pm)",2024-10-15,Linked to known offender record,56+,F,5,Repeat,Escalating frequency over last 6 months
CASE-01748,UNASSIGNED,House Burglary,BNS Sec 305 (Burglary),Vacant residence,Belagavi,Camp Area,Early morning (4-7 AM),Impersonation as utility worker,Impersonation as utility worker; target: Vacant residence; early morning (4-7 am),2025-01-03,Open - no offender match recorded,N/A - case unmatched,N/A - case unmatched,N/A - case unmatched,N/A - case unmatched,N/A - case unmatched
CASE-01853,UNASSIGNED,Shop Robbery,BNS Sec 309 (Robbery),Jewellery shop,Shivamogga,Gopala Extension,Evening rush (6-8 PM),"Armed threat, cash till","Armed threat, cash till; target: Jewellery shop; evening rush (6-8 pm)",2025-11-08,Open - no offender match recorded,N/A - case unmatched,N/A - case unmatched,N/A - case unmatched,N/A - case unmatched,N/A - case unmatched
CASE-01391,OFF-00424,Counterfeit Currency,BNS Sec 178-180,Currency exchange,Kodagu,Gonikoppal town,Midday (12-3 PM),Cash-for-goods swap,Cash-for-goods swap; target: Currency exchange; midday (12-3 pm),2024-09-03,Linked to known offender record,46-55,M,6,Repeat,Alternates between two known methods
CASE-00348,OFF-00111,Counterfeit Currency,BNS Sec 178-180,Currency exchange,Mandya,Bannur Road area,Late night (11 PM-2 AM),Bulk note circulation via shop network,Bulk note circulation via shop network; target: Currency exchange; late night (11 pm-2 am),2025-04-17,Linked to known offender record,26-35,M,5,Repeat,Consistent MO across all recorded cases
CASE-00218,OFF-00063,Shop Robbery,BNS Sec 309 (Robbery),Small retail shop,Udupi,Malpe Road area,Early morning (4-7 AM),Late-night forced entry,Late-night forced entry; target: Small retail shop; early morning (4-7 am),2023-01-23,Linked to known offender record,56+,M,4,Repeat,Long gap then resurgence with same MO
CASE-00125,OFF-00035,ATM Tampering/Skimming,BNS Sec 318 / IT Act,ATM users - unmanned kiosk,Kalaburagi,Sedam Road area,Evening rush (6-8 PM),Shoulder-surfing + card swap,Shoulder-surfing + card swap; target: ATM users - unmanned kiosk; evening rush (6-8 pm),2024-04-16,Linked to known offender record,46-55,F,4,Repeat,Escalating frequency over last 6 months
CASE-01887,UNASSIGNED,ATM Tampering/Skimming,BNS Sec 318 / IT Act,ATM users - unmanned kiosk,Mandya,Bannur Road area,Weekday mornings,Shoulder-surfing + card swap,Shoulder-surfing + card swap; target: ATM users - unmanned kiosk; weekday mornings,2023-10-12,Open - no offender match recorded,N/A - case unmatched,N/A - case unmatched,N/A - case unmatched,N/A - case unmatched,N/A - case unmatched
CASE-01060,OFF-00325,Vehicle Theft (Four-wheeler),BNS Sec 303 (Theft),Parked vehicle - street,Mandya,Bannur Road area,Midday (12-3 PM),Relay key attack,Relay key attack; target: Parked vehicle - street; midday (12-3 pm),2023-07-09,Linked to known offender record,26-35,M,3,Repeat,Alternates between two known methods
CASE-01198,OFF-00363,Counterfeit Currency,BNS Sec 178-180,Currency exchange,Bagalkot,Navanagar,Weekend nights,Cash-for-goods swap,Cash-for-goods swap; target: Currency exchange; weekend nights,2025-10-28,Linked to known offender record,36-45,M,5,Repeat,Escalating frequency over last 6 months
CASE-01159,OFF-00351,House Burglary,BNS Sec 305 (Burglary),Ground-floor apartment,Chikkamagaluru,MG Road area,Weekend nights,Window grille cutting,Window grille cutting; target: Ground-floor apartment; weekend nights,2023-01-18,Linked to known offender record,18-25,F,5,Repeat,Escalating frequency over last 6 months
CASE-00311,OFF-00097,Cyber Fraud (OTP/Phishing),IT Act Sec 66C/66D,First-time UPI user,Chitradurga,College Road area,Early morning (4-7 AM),Fake bank call requesting OTP,Fake bank call requesting OTP; target: First-time UPI user; early morning (4-7 am),2023-12-07,Linked to known offender record,26-35,M,5,Repeat,Long gap then resurgence with same MO
CASE-01362,OFF-00415,Two-Wheeler Theft,BNS Sec 303 (Theft),Parked vehicle - residential,Ballari,Gandhinagar,Weekday mornings,Duplicate key / lock-picking,Duplicate key / lock-picking; target: Parked vehicle - residential; weekday mornings,2024-08-07,Linked to known offender record,36-45,M,4,Repeat,Single recorded case - insufficient pattern history
CASE-01222,OFF-00369,Pickpocketing,BNS Sec 303 (Theft),Bus/rail commuter,Haveri,Bypass Road area,Midday (12-3 PM),Bag slit and remove,Bag slit and remove; target: Bus/rail commuter; midday (12-3 pm),2024-03-19,Linked to known offender record,56+,F,1,First recorded instance,Alternates between two known methods
CASE-00313,OFF-00098,Two-Wheeler Theft,BNS Sec 303 (Theft),Parked vehicle - residential,Koppal,Old Town,Weekday mornings,Vehicle lifted onto pickup truck,Vehicle lifted onto pickup truck; target: Parked vehicle - residential; weekday mornings,2023-05-23,Linked to known offender record,46-55,M,1,First recorded instance,Consistent MO across all recorded cases
CASE-01333,OFF-00403,ATM Tampering/Skimming,BNS Sec 318 / IT Act,ATM users - unmanned kiosk,Bengaluru Rural,Hoskote town,Evening rush (6-8 PM),Shoulder-surfing + card swap,Shoulder-surfing + card swap; target: ATM users - unmanned kiosk; evening rush (6-8 pm),2023-08-20,Linked to known offender record,36-45,M,5,Repeat,Escalating frequency over last 6 months
CASE-00836,OFF-00260,Cyber Fraud (OTP/Phishing),IT Act Sec 66C/66D,Elderly account holder,Haveri,Old Town,Weekday mornings,Fake bank call requesting OTP,Fake bank call requesting OTP; target: Elderly account holder; weekday mornings,2025-04-15,Linked to known offender record,56+,F,4,Repeat,Escalating frequency over last 6 months
CASE-00540,OFF-00171,Cyber Fraud (OTP/Phishing),IT Act Sec 66C/66D,First-time UPI user,Davanagere,Shamanur Road area,Early morning (4-7 AM),SMS phishing link,SMS phishing link; target: First-time UPI user; early morning (4-7 am),2023-08-22,Linked to known offender record,18-25,F,3,Repeat,Long gap then resurgence with same MO
CASE-01380,OFF-00421,Cyber Fraud (OTP/Phishing),IT Act Sec 66C/66D,First-time UPI user,Chikkamagaluru,MG Road area,Weekend nights,SMS phishing link,SMS phishing link; target: First-time UPI user; weekend nights,2025-11-03,Linked to known offender record,56+,M,1,First recorded instance,Consistent MO across all recorded cases
CASE-00614,OFF-00193,Shop Robbery,BNS Sec 309 (Robbery),Small retail shop,Tumakuru,SS Puram,Weekday mornings,Late-night forced entry,Late-night forced entry; target: Small retail shop; weekday mornings,2025-03-13,Linked to known offender record,26-35,M,3,Repeat,Long gap then resurgence with same MO
CASE-01459,OFF-00444,Counterfeit Currency,BNS Sec 178-180,Currency exchange,Tumakuru,Kunigal Road area,Midday (12-3 PM),Bulk note circulation via shop network,Bulk note circulation via shop network; target: Currency exchange; midday (12-3 pm),2023-12-30,Linked to known offender record,26-35,F,5,Repeat,Single recorded case - insufficient pattern history
CASE-01571,UNASSIGNED,Cyber Fraud (OTP/Phishing),IT Act Sec 66C/66D,First-time UPI user,Haveri,Bypass Road area,Late night (11 PM-2 AM),Fake bank call requesting OTP,Fake bank call requesting OTP; target: First-time UPI user; late night (11 pm-2 am),2025-02-04,Open - no offender match recorded,N/A - case unmatched,N/A - case unmatched,N/A - case unmatched,N/A - case unmatched,N/A - case unmatched
CASE-00361,OFF-00116,Chit Fund / Investment Fraud,BNS Sec 318 (Cheating),Small investor group,Bidar,Chidri,Late night (11 PM-2 AM),"Fake high-return scheme, cash collection","Fake high-return scheme, cash collection; target: Small investor group; late night (11 pm-2 am)",2023-08-28,Linked to known offender record,46-55,M,4,Repeat,Escalating frequency over last 6 months
CASE-01751,UNASSIGNED,ATM Tampering/Skimming,BNS Sec 318 / IT Act,ATM users - unmanned kiosk,Bagalkot,Old Bagalkot,Weekend nights,Shoulder-surfing + card swap,Shoulder-surfing + card swap; target: ATM users - unmanned kiosk; weekend nights,2025-11-14,Open - no offender match recorded,N/A - case unmatched,N/A - case unmatched,N/A - case unmatched,N/A - case unmatched,N/A - case unmatched
CASE-00562,OFF-00177,Shop Robbery,BNS Sec 309 (Robbery),Jewellery shop,Raichur,Ashok Nagar,Weekend nights,Late-night forced entry,Late-night forced entry; target: Jewellery shop; weekend nights,2025-03-22,Linked to known offender record,56+,M,4,Repeat,Escalating frequency over last 6 months
CASE-00442,OFF-00141,Cyber Fraud (OTP/Phishing),IT Act Sec 66C/66D,Elderly account holder,Chikkamagaluru,IG Road area,Late night (11 PM-2 AM),Fake bank call requesting OTP,Fake bank call requesting OTP; target: Elderly account holder; late night (11 pm-2 am),2024-01-03,Linked to known offender record,18-25,F,5,Repeat,Escalating frequency over last 6 months
CASE-01146,OFF-00349,Counterfeit Currency,BNS Sec 178-180,Small retail shop,Mysuru,Saraswathipuram,Evening rush (6-8 PM),Cash-for-goods swap,Cash-for-goods swap; target: Small retail shop; evening rush (6-8 pm),2025-01-10,Linked to known offender record,46-55,F,4,Repeat,Consistent MO across all recorded cases
CASE-00134,OFF-00039,Shop Robbery,BNS Sec 309 (Robbery),Jewellery shop,Gadag,Station Road area,Early morning (4-7 AM),"Armed threat, cash till","Armed threat, cash till; target: Jewellery shop; early morning (4-7 am)",2024-04-03,Linked to known offender record,26-35,F,5,Repeat,Escalating frequency over last 6 months
CASE-01445,OFF-00441,Pickpocketing,BNS Sec 303 (Theft),Bus/rail commuter,Gadag,Station Road area,Weekend nights,Bag slit and remove,Bag slit and remove; target: Bus/rail commuter; weekend nights,2023-09-03,Linked to known offender record,26-35,F,5,Repeat,Single recorded case - insufficient pattern history
CASE-00345,OFF-00111,Counterfeit Currency,BNS Sec 178-180,Currency exchange,Mangaluru (Dakshina Kannada),Hampankatta,Late night (11 PM-2 AM),Bulk note circulation via shop network,Bulk note circulation via shop network; target: Currency exchange; late night (11 pm-2 am),2025-08-30,Linked to known offender record,26-35,M,5,Repeat,Consistent MO across all recorded cases
CASE-01142,OFF-00346,Pickpocketing,BNS Sec 303 (Theft),Market crowd,Ballari,Cowl Bazaar,Late night (11 PM-2 AM),Bag slit and remove,Bag slit and remove; target: Market crowd; late night (11 pm-2 am),2023-01-18,Linked to known offender record,36-45,F,3,Repeat,Alternates between two known methods
CASE-00951,OFF-00297,Vehicle Theft (Four-wheeler),BNS Sec 303 (Theft),Parked vehicle - street,Kodagu,Madikeri town,Midday (12-3 PM),Relay key attack,Relay key attack; target: Parked vehicle - street; midday (12-3 pm),2023-06-21,Linked to known offender record,36-45,F,4,Repeat,Consistent MO across all recorded cases
CASE-01983,UNASSIGNED,Chain Snatching,BNS Sec 304 (Snatching),Elderly pedestrian,Davanagere,Vinoba Nagar,Early morning (4-7 AM),"Foot approach, distraction snatch","Foot approach, distraction snatch; target: Elderly pedestrian; early morning (4-7 am)",2025-07-14,Open - no offender match recorded,N/A - case unmatched,N/A - case unmatched,N/A - case unmatched,N/A - case unmatched,N/A - case unmatched
CASE-00052,OFF-00016,ATM Tampering/Skimming,BNS Sec 318 / IT Act,ATM users - unmanned kiosk,Mysuru,Vijayanagar,Weekday mornings,Shoulder-surfing + card swap,Shoulder-surfing + card swap; target: ATM users - unmanned kiosk; weekday mornings,2025-05-18,Linked to known offender record,56+,F,5,Repeat,Consistent MO across all recorded cases
CASE-00958,OFF-00298,Cyber Fraud (OTP/Phishing),IT Act Sec 66C/66D,Elderly account holder,Mangaluru (Dakshina Kannada),Kadri,Early morning (4-7 AM),SMS phishing link,SMS phishing link; target: Elderly account holder; early morning (4-7 am),2023-09-07,Linked to known offender record,46-55,M,4,Repeat,Alternates between two known methods
CASE-00100,OFF-00029,House Burglary,BNS Sec 305 (Burglary),Vacant residence,Bengaluru Rural,Hoskote town,Early morning (4-7 AM),"Lock-breaking, rear entry","Lock-breaking, rear entry; target: Vacant residence; early morning (4-7 am)",2025-01-09,Linked to known offender record,46-55,F,4,Repeat,Escalating frequency over last 6 months
CASE-00850,OFF-00266,Cyber Fraud (OTP/Phishing),IT Act Sec 66C/66D,Elderly account holder,Belagavi,Shahapur,Evening rush (6-8 PM),Fake bank call requesting OTP,Fake bank call requesting OTP; target: Elderly account holder; evening rush (6-8 pm),2023-12-18,Linked to known offender record,26-35,M,1,First recorded instance,Consistent MO across all recorded cases
CASE-01447,OFF-00441,Pickpocketing,BNS Sec 303 (Theft),Market crowd,Belagavi,Vadgaon,Weekend nights,Bag slit and remove,Bag slit and remove; target: Market crowd; weekend nights,2023-06-02,Linked to known offender record,26-35,F,5,Repeat,Single recorded case - insufficient pattern history
CASE-01319,OFF-00398,Chain Snatching,BNS Sec 304 (Snatching),Elderly pedestrian,Kolar,Bangarpet Road area,Early morning (4-7 AM),"Foot approach, distraction snatch","Foot approach, distraction snatch; target: Elderly pedestrian; early morning (4-7 am)",2023-08-04,Linked to known offender record,26-35,F,6,Repeat,Escalating frequency over last 6 months
CASE-01409,OFF-00430,Shop Robbery,BNS Sec 309 (Robbery),Jewellery shop,Bagalkot,Old Bagalkot,Midday (12-3 PM),Late-night forced entry,Late-night forced entry; target: Jewellery shop; midday (12-3 pm),2025-09-03,Linked to known offender record,46-55,M,3,Repeat,Long gap then resurgence with same MO
CASE-01993,UNASSIGNED,Counterfeit Currency,BNS Sec 178-180,Currency exchange,Koppal,Old Town,Midday (12-3 PM),Cash-for-goods swap,Cash-for-goods swap; target: Currency exchange; midday (12-3 pm),2024-08-09,Open - no offender match recorded,N/A - case unmatched,N/A - case unmatched,N/A - case unmatched,N/A - case unmatched,N/A - case unmatched
CASE-01367,OFF-00416,Chain Snatching,BNS Sec 304 (Snatching),Elderly pedestrian,Udupi,Kunjibettu,Midday (12-3 PM),"Foot approach, distraction snatch","Foot approach, distraction snatch; target: Elderly pedestrian; midday (12-3 pm)",2023-09-17,Linked to known offender record,26-35,F,3,Repeat,Single recorded case - insufficient pattern history
CASE-00686,OFF-00216,Shop Robbery,BNS Sec 309 (Robbery),Jewellery shop,Ballari,Bruce Pet,Evening rush (6-8 PM),Late-night forced entry,Late-night forced entry; target: Jewellery shop; evening rush (6-8 pm),2024-12-12,Linked to known offender record,46-55,F,6,Repeat,Consistent MO across all recorded cases
CASE-01799,UNASSIGNED,ATM Tampering/Skimming,BNS Sec 318 / IT Act,ATM users - unmanned kiosk,Tumakuru,Ashoknagar,Evening rush (6-8 PM),Shoulder-surfing + card swap,Shoulder-surfing + card swap; target: ATM users - unmanned kiosk; evening rush (6-8 pm),2025-10-01,Open - no offender match recorded,N/A - case unmatched,N/A - case unmatched,N/A - case unmatched,N/A - case unmatched,N/A - case unmatched
CASE-00952,OFF-00297,Vehicle Theft (Four-wheeler),BNS Sec 303 (Theft),Parked vehicle - street,Chamarajanagar,Town Centre,Midday (12-3 PM),Tow-away theft,Tow-away theft; target: Parked vehicle - street; midday (12-3 pm),2023-07-07,Linked to known offender record,36-45,F,4,Repeat,Consistent MO across all recorded cases
CASE-00913,OFF-00286,Cyber Fraud (OTP/Phishing),IT Act Sec 66C/66D,Elderly account holder,Gadag,Station Road area,Late night (11 PM-2 AM),Fake bank call requesting OTP,Fake bank call requesting OTP; target: Elderly account holder; late night (11 pm-2 am),2023-05-11,Linked to known offender record,36-45,F,5,Repeat,Single recorded case - insufficient pattern history
CASE-00130,OFF-00037,Chain Snatching,BNS Sec 304 (Snatching),Lone woman pedestrian,Davanagere,Shamanur Road area,Evening rush (6-8 PM),"Foot approach, distraction snatch","Foot approach, distraction snatch; target: Lone woman pedestrian; evening rush (6-8 pm)",2023-12-30,Linked to known offender record,26-35,F,5,Repeat,Single recorded case - insufficient pattern history
CASE-01139,OFF-00345,House Burglary,BNS Sec 305 (Burglary),Vacant residence,Mandya,Bannur Road area,Late night (11 PM-2 AM),"Lock-breaking, rear entry","Lock-breaking, rear entry; target: Vacant residence; late night (11 pm-2 am)",2023-07-14,Linked to known offender record,18-25,F,4,Repeat,Escalating frequency over last 6 months
CASE-01572,UNASSIGNED,Chit Fund / Investment Fraud,BNS Sec 318 (Cheating),Small investor group,Yadgir,Bus Stand area,Weekday mornings,"Fake high-return scheme, cash collection","Fake high-return scheme, cash collection; target: Small investor group; weekday mornings",2025-09-26,Open - no offender match recorded,N/A - case unmatched,N/A - case unmatched,N/A - case unmatched,N/A - case unmatched,N/A - case unmatched
CASE-00876,OFF-00278,House Burglary,BNS Sec 305 (Burglary),Vacant residence,Kodagu,Virajpet town,Early morning (4-7 AM),"Lock-breaking, rear entry","Lock-breaking, rear entry; target: Vacant residence; early morning (4-7 am)",2024-04-04,Linked to known offender record,46-55,M,6,Repeat,Long gap then resurgence with same MO
CASE-01532,UNASSIGNED,Cyber Fraud (OTP/Phishing),IT Act Sec 66C/66D,Elderly account holder,Bidar,Old City area,Evening rush (6-8 PM),SMS phishing link,SMS phishing link; target: Elderly account holder; evening rush (6-8 pm),2025-03-09,Open - no offender match recorded,N/A - case unmatched,N/A - case unmatched,N/A - case unmatched,N/A - case unmatched,N/A - case unmatched
CASE-01494,OFF-00454,Counterfeit Currency,BNS Sec 178-180,Small retail shop,Chitradurga,Old Bus Stand area,Evening rush (6-8 PM),Cash-for-goods swap,Cash-for-goods swap; target: Small retail shop; evening rush (6-8 pm),2023-10-15,Linked to known offender record,36-45,M,5,Repeat,Alternates between two known methods
CASE-01352,OFF-00410,Cyber Fraud (OTP/Phishing),IT Act Sec 66C/66D,First-time UPI user,Chitradurga,College Road area,Weekday mornings,SMS phishing link,SMS phishing link; target: First-time UPI user; weekday mornings,2025-10-19,Linked to known offender record,26-35,M,5,Repeat,Consistent MO across all recorded cases
CASE-00213,OFF-00062,ATM Tampering/Skimming,BNS Sec 318 / IT Act,ATM users - unmanned kiosk,Gadag,Station Road area,Early morning (4-7 AM),Skimmer device installation,Skimmer device installation; target: ATM users - unmanned kiosk; early morning (4-7 am),2025-09-27,Linked to known offender record,56+,M,5,Repeat,Consistent MO across all recorded cases
CASE-01866,UNASSIGNED,ATM Tampering/Skimming,BNS Sec 318 / IT Act,ATM users - unmanned kiosk,Mangaluru (Dakshina Kannada),Mangaladevi,Evening rush (6-8 PM),Skimmer device installation,Skimmer device installation; target: ATM users - unmanned kiosk; evening rush (6-8 pm),2024-10-21,Open - no offender match recorded,N/A - case unmatched,N/A - case unmatched,N/A - case unmatched,N/A - case unmatched,N/A - case unmatched
CASE-01136,OFF-00344,Two-Wheeler Theft,BNS Sec 303 (Theft),Parked vehicle - commercial area,Haveri,Old Town,Weekend nights,Vehicle lifted onto pickup truck,Vehicle lifted onto pickup truck; target: Parked vehicle - commercial area; weekend nights,2024-10-11,Linked to known offender record,18-25,M,6,Repeat,Consistent MO across all recorded cases
CASE-00478,OFF-00152,Vehicle Theft (Four-wheeler),BNS Sec 303 (Theft),Parked vehicle - street,Yadgir,Station Road area,Weekend nights,Relay key attack,Relay key attack; target: Parked vehicle - street; weekend nights,2025-05-11,Linked to known offender record,36-45,M,1,First recorded instance,Escalating frequency over last 6 months
CASE-01294,OFF-00390,Chain Snatching,BNS Sec 304 (Snatching),Elderly pedestrian,Shivamogga,Gopala Extension,Midday (12-3 PM),Two-wheeler drive-by snatch,Two-wheeler drive-by snatch; target: Elderly pedestrian; midday (12-3 pm),2025-07-21,Linked to known offender record,26-35,F,3,Repeat,Single recorded case - insufficient pattern history
CASE-01930,UNASSIGNED,ATM Tampering/Skimming,BNS Sec 318 / IT Act,ATM users - unmanned kiosk,Kolar,Bangarpet Road area,Late night (11 PM-2 AM),Shoulder-surfing + card swap,Shoulder-surfing + card swap; target: ATM users - unmanned kiosk; late night (11 pm-2 am),2025-03-16,Open - no offender match recorded,N/A - case unmatched,N/A - case unmatched,N/A - case unmatched,N/A - case unmatched,N/A - case unmatched
CASE-01652,UNASSIGNED,Pickpocketing,BNS Sec 303 (Theft),Market crowd,Kolar,Old Bus Stand area,Weekend nights,Bag slit and remove,Bag slit and remove; target: Market crowd; weekend nights,2025-05-28,Open - no offender match recorded,N/A - case unmatched,N/A - case unmatched,N/A - case unmatched,N/A - case unmatched,N/A - case unmatched
CASE-01975,UNASSIGNED,Counterfeit Currency,BNS Sec 178-180,Currency exchange,Mysuru,Bannimantap,Early morning (4-7 AM),Bulk note circulation via shop network,Bulk note circulation via shop network; target: Currency exchange; early morning (4-7 am),2023-10-01,Open - no offender match recorded,N/A - case unmatched,N/A - case unmatched,N/A - case unmatched,N/A - case unmatched,N/A - case unmatched
CASE-01691,UNASSIGNED,House Burglary,BNS Sec 305 (Burglary),Ground-floor apartment,Ballari,Gandhinagar,Weekday mornings,Impersonation as utility worker,Impersonation as utility worker; target: Ground-floor apartment; weekday mornings,2025-02-25,Open - no offender match recorded,N/A - case unmatched,N/A - case unmatched,N/A - case unmatched,N/A - case unmatched,N/A - case unmatched
CASE-00817,OFF-00255,Vehicle Theft (Four-wheeler),BNS Sec 303 (Theft),Parked vehicle - street,Bidar,Old City area,Midday (12-3 PM),Relay key attack,Relay key attack; target: Parked vehicle - street; midday (12-3 pm),2025-05-16,Linked to known offender record,56+,F,6,Repeat,Escalating frequency over last 6 months
CASE-01777,UNASSIGNED,House Burglary,BNS Sec 305 (Burglary),Vacant residence,Gadag,Station Road area,Weekday mornings,Impersonation as utility worker,Impersonation as utility worker; target: Vacant residence; weekday mornings,2025-11-30,Open - no offender match recorded,N/A - case unmatched,N/A - case unmatched,N/A - case unmatched,N/A - case unmatched,N/A - case unmatched
CASE-00246,OFF-00072,Shop Robbery,BNS Sec 309 (Robbery),Jewellery shop,Mangaluru (Dakshina Kannada),Kadri,Evening rush (6-8 PM),Late-night forced entry,Late-night forced entry; target: Jewellery shop; evening rush (6-8 pm),2023-11-28,Linked to known offender record,18-25,F,6,Repeat,Alternates between two known methods
CASE-00413,OFF-00133,Two-Wheeler Theft,BNS Sec 303 (Theft),Parked vehicle - residential,Ballari,Gandhinagar,Weekend nights,Vehicle lifted onto pickup truck,Vehicle lifted onto pickup truck; target: Parked vehicle - residential; weekend nights,2023-02-05,Linked to known offender record,26-35,M,1,First recorded instance,Single recorded case - insufficient pattern history
CASE-00782,OFF-00244,Chit Fund / Investment Fraud,BNS Sec 318 (Cheating),Small investor group,Kalaburagi,Jewargi Road area,Early morning (4-7 AM),"Fake high-return scheme, cash collection","Fake high-return scheme, cash collection; target: Small investor group; early morning (4-7 am)",2025-12-16,Linked to known offender record,18-25,M,4,Repeat,Single recorded case - insufficient pattern history
CASE-00039,OFF-00012,Cyber Fraud (OTP/Phishing),IT Act Sec 66C/66D,First-time UPI user,Kalaburagi,Sedam Road area,Late night (11 PM-2 AM),SMS phishing link,SMS phishing link; target: First-time UPI user; late night (11 pm-2 am),2023-01-31,Linked to known offender record,18-25,F,6,Repeat,Alternates between two known methods
CASE-01556,UNASSIGNED,Chain Snatching,BNS Sec 304 (Snatching),Lone woman pedestrian,Ramanagara,Bengaluru-Mysuru Highway area,Midday (12-3 PM),"Foot approach, distraction snatch","Foot approach, distraction snatch; target: Lone woman pedestrian; midday (12-3 pm)",2024-09-19,Open - no offender match recorded,N/A - case unmatched,N/A - case unmatched,N/A - case unmatched,N/A - case unmatched,N/A - case unmatched
CASE-00938,OFF-00293,Cyber Fraud (OTP/Phishing),IT Act Sec 66C/66D,Elderly account holder,Hassan,Bus Stand area,Early morning (4-7 AM),Fake bank call requesting OTP,Fake bank call requesting OTP; target: Elderly account holder; early morning (4-7 am),2024-08-18,Linked to known offender record,56+,F,6,Repeat,Consistent MO across all recorded cases
CASE-01263,OFF-00381,House Burglary,BNS Sec 305 (Burglary),Vacant residence,Yadgir,Bus Stand area,Late night (11 PM-2 AM),Window grille cutting,Window grille cutting; target: Vacant residence; late night (11 pm-2 am),2025-09-09,Linked to known offender record,46-55,M,4,Repeat,Consistent MO across all recorded cases
CASE-00423,OFF-00136,Shop Robbery,BNS Sec 309 (Robbery),Jewellery shop,Vijayapura,Station Area,Midday (12-3 PM),"Armed threat, cash till","Armed threat, cash till; target: Jewellery shop; midday (12-3 pm)",2024-09-12,Linked to known offender record,56+,M,2,Repeat,Escalating frequency over last 6 months
CASE-00236,OFF-00069,Cyber Fraud (OTP/Phishing),IT Act Sec 66C/66D,Elderly account holder,Chitradurga,Old Bus Stand area,Weekend nights,SMS phishing link,SMS phishing link; target: Elderly account holder; weekend nights,2023-11-29,Linked to known offender record,18-25,F,4,Repeat,Alternates between two known methods
CASE-01097,OFF-00333,Vehicle Theft (Four-wheeler),BNS Sec 303 (Theft),Parked vehicle - street,Bengaluru Urban,Indiranagar,Weekday mornings,Tow-away theft,Tow-away theft; target: Parked vehicle - street; weekday mornings,2023-06-30,Linked to known offender record,26-35,F,6,Repeat,Long gap then resurgence with same MO
CASE-00851,OFF-00267,House Burglary,BNS Sec 305 (Burglary),Ground-floor apartment,Uttara Kannada,Kumta town,Evening rush (6-8 PM),Window grille cutting,Window grille cutting; target: Ground-floor apartment; evening rush (6-8 pm),2024-07-23,Linked to known offender record,36-45,F,1,First recorded instance,Escalating frequency over last 6 months
CASE-01015,OFF-00313,Vehicle Theft (Four-wheeler),BNS Sec 303 (Theft),Parked vehicle - street,Chamarajanagar,Kollegal Road area,Midday (12-3 PM),Tow-away theft,Tow-away theft; target: Parked vehicle - street; midday (12-3 pm),2024-01-28,Linked to known offender record,36-45,F,3,Repeat,Escalating frequency over last 6 months
CASE-01566,UNASSIGNED,Chit Fund / Investment Fraud,BNS Sec 318 (Cheating),Small investor group,Chikkaballapur,Bus Stand area,Early morning (4-7 AM),"Fake high-return scheme, cash collection","Fake high-return scheme, cash collection; target: Small investor group; early morning (4-7 am)",2024-07-28,Open - no offender match recorded,N/A - case unmatched,N/A - case unmatched,N/A - case unmatched,N/A - case unmatched,N/A - case unmatched
CASE-01480,OFF-00451,Shop Robbery,BNS Sec 309 (Robbery),Jewellery shop,Raichur,Ashok Nagar,Evening rush (6-8 PM),Late-night forced entry,Late-night forced entry; target: Jewellery shop; evening rush (6-8 pm),2023-05-18,Linked to known offender record,46-55,M,5,Repeat,Alternates between two known methods
CASE-01653,UNASSIGNED,Cyber Fraud (OTP/Phishing),IT Act Sec 66C/66D,First-time UPI user,Bidar,Chidri,Late night (11 PM-2 AM),SMS phishing link,SMS phishing link; target: First-time UPI user; late night (11 pm-2 am),2025-12-19,Open - no offender match recorded,N/A - case unmatched,N/A - case unmatched,N/A - case unmatched,N/A - case unmatched,N/A - case unmatched
CASE-00163,OFF-00047,House Burglary,BNS Sec 305 (Burglary),Ground-floor apartment,Haveri,Bypass Road area,Weekday mornings,Window grille cutting,Window grille cutting; target: Ground-floor apartment; weekday mornings,2025-12-06,Linked to known offender record,18-25,F,6,Repeat,Escalating frequency over last 6 months
CASE-00463,OFF-00148,Vehicle Theft (Four-wheeler),BNS Sec 303 (Theft),Parked vehicle - street,Mysuru,Vijayanagar,Weekday mornings,Relay key attack,Relay key attack; target: Parked vehicle - street; weekday mornings,2025-06-29,Linked to known offender record,18-25,M,5,Repeat,Long gap then resurgence with same MO
CASE-00467,OFF-00149,Counterfeit Currency,BNS Sec 178-180,Small retail shop,Mangaluru (Dakshina Kannada),Bejai,Late night (11 PM-2 AM),Bulk note circulation via shop network,Bulk note circulation via shop network; target: Small retail shop; late night (11 pm-2 am),2024-05-27,Linked to known offender record,26-35,F,5,Repeat,Escalating frequency over last 6 months
CASE-01819,UNASSIGNED,House Burglary,BNS Sec 305 (Burglary),Vacant residence,Kodagu,Gonikoppal town,Midday (12-3 PM),Window grille cutting,Window grille cutting; target: Vacant residence; midday (12-3 pm),2024-08-17,Open - no offender match recorded,N/A - case unmatched,N/A - case unmatched,N/A - case unmatched,N/A - case unmatched,N/A - case unmatched
CASE-00475,OFF-00151,Cyber Fraud (OTP/Phishing),IT Act Sec 66C/66D,Elderly account holder,Kolar,Ambedkar Nagar,Weekend nights,SMS phishing link,SMS phishing link; target: Elderly account holder; weekend nights,2025-07-27,Linked to known offender record,46-55,M,3,Repeat,Escalating frequency over last 6 months
CASE-00803,OFF-00250,Pickpocketing,BNS Sec 303 (Theft),Bus/rail commuter,Raichur,Ashok Nagar,Early morning (4-7 AM),Bag slit and remove,Bag slit and remove; target: Bus/rail commuter; early morning (4-7 am),2024-04-29,Linked to known offender record,46-55,M,5,Repeat,Long gap then resurgence with same MO
CASE-01253,OFF-00379,Counterfeit Currency,BNS Sec 178-180,Small retail shop,Bengaluru Rural,Doddaballapur town,Early morning (4-7 AM),Bulk note circulation via shop network,Bulk note circulation via shop network; target: Small retail shop; early morning (4-7 am),2025-06-26,Linked to known offender record,18-25,M,5,Repeat,Escalating frequency over last 6 months
CASE-01541,UNASSIGNED,ATM Tampering/Skimming,BNS Sec 318 / IT Act,ATM users - unmanned kiosk,Bengaluru Rural,Nelamangala town,Weekend nights,Shoulder-surfing + card swap,Shoulder-surfing + card swap; target: ATM users - unmanned kiosk; weekend nights,2025-01-15,Open - no offender match recorded,N/A - case unmatched,N/A - case unmatched,N/A - case unmatched,N/A - case unmatched,N/A - case unmatched
CASE-00875,OFF-00278,House Burglary,BNS Sec 305 (Burglary),Vacant residence,Kodagu,Gonikoppal town,Early morning (4-7 AM),"Lock-breaking, rear entry","Lock-breaking, rear entry; target: Vacant residence; early morning (4-7 am)",2023-12-02,Linked to known offender record,46-55,M,6,Repeat,Long gap then resurgence with same MO
CASE-01798,UNASSIGNED,Pickpocketing,BNS Sec 303 (Theft),Bus/rail commuter,Udupi,Malpe Road area,Late night (11 PM-2 AM),Crowd distraction lift,Crowd distraction lift; target: Bus/rail commuter; late night (11 pm-2 am),2025-04-06,Open - no offender match recorded,N/A - case unmatched,N/A - case unmatched,N/A - case unmatched,N/A - case unmatched,N/A - case unmatched
CASE-00537,OFF-00169,ATM Tampering/Skimming,BNS Sec 318 / IT Act,ATM users - unmanned kiosk,Shivamogga,Gopala Extension,Weekday mornings,Shoulder-surfing + card swap,Shoulder-surfing + card swap; target: ATM users - unmanned kiosk; weekday mornings,2024-06-16,Linked to known offender record,18-25,F,3,Repeat,Alternates between two known methods
CASE-00428,OFF-00138,Vehicle Theft (Four-wheeler),BNS Sec 303 (Theft),Parked vehicle - street,Koppal,Old Town,Weekend nights,Relay key attack,Relay key attack; target: Parked vehicle - street; weekend nights,2023-11-08,Linked to known offender record,46-55,F,6,Repeat,Single recorded case - insufficient pattern history
CASE-01440,OFF-00438,House Burglary,BNS Sec 305 (Burglary),Ground-floor apartment,Shivamogga,Gopala Extension,Midday (12-3 PM),Window grille cutting,Window grille cutting; target: Ground-floor apartment; midday (12-3 pm),2024-12-04,Linked to known offender record,56+,M,3,Repeat,Escalating frequency over last 6 months
CASE-00171,OFF-00049,Vehicle Theft (Four-wheeler),BNS Sec 303 (Theft),Parked vehicle - street,Hubballi-Dharwad,Old Hubballi,Late night (11 PM-2 AM),Tow-away theft,Tow-away theft; target: Parked vehicle - street; late night (11 pm-2 am),2025-06-01,Linked to known offender record,18-25,M,4,Repeat,Escalating frequency over last 6 months
CASE-01827,UNASSIGNED,ATM Tampering/Skimming,BNS Sec 318 / IT Act,ATM users - unmanned kiosk,Ballari,Gandhinagar,Early morning (4-7 AM),Skimmer device installation,Skimmer device installation; target: ATM users - unmanned kiosk; early morning (4-7 am),2023-03-12,Open - no offender match recorded,N/A - case unmatched,N/A - case unmatched,N/A - case unmatched,N/A - case unmatched,N/A - case unmatched
CASE-00892,OFF-00282,Two-Wheeler Theft,BNS Sec 303 (Theft),Parked vehicle - residential,Davanagere,PJ Extension,Evening rush (6-8 PM),Duplicate key / lock-picking,Duplicate key / lock-picking; target: Parked vehicle - residential; evening rush (6-8 pm),2023-08-17,Linked to known offender record,56+,M,4,Repeat,Single recorded case - insufficient pattern history
CASE-01617,UNASSIGNED,ATM Tampering/Skimming,BNS Sec 318 / IT Act,ATM users - unmanned kiosk,Ballari,Cowl Bazaar,Late night (11 PM-2 AM),Skimmer device installation,Skimmer device installation; target: ATM users - unmanned kiosk; late night (11 pm-2 am),2025-10-20,Open - no offender match recorded,N/A - case unmatched,N/A - case unmatched,N/A - case unmatched,N/A - case unmatched,N/A - case unmatched
CASE-01855,UNASSIGNED,Two-Wheeler Theft,BNS Sec 303 (Theft),Parked vehicle - residential,Kodagu,Gonikoppal town,Early morning (4-7 AM),Duplicate key / lock-picking,Duplicate key / lock-picking; target: Parked vehicle - residential; early morning (4-7 am),2025-08-15,Open - no offender match recorded,N/A - case unmatched,N/A - case unmatched,N/A - case unmatched,N/A - case unmatched,N/A - case unmatched
CASE-01375,OFF-00419,Chain Snatching,BNS Sec 304 (Snatching),Lone woman pedestrian,Koppal,Gangavathi Road area,Late night (11 PM-2 AM),"Foot approach, distraction snatch","Foot approach, distraction snatch; target: Lone woman pedestrian; late night (11 pm-2 am)",2025-12-23,Linked to known offender record,36-45,M,5,Repeat,Alternates between two known methods
CASE-00842,OFF-00262,Chain Snatching,BNS Sec 304 (Snatching),Elderly pedestrian,Udupi,Manipal,Weekday mornings,"Foot approach, distraction snatch","Foot approach, distraction snatch; target: Elderly pedestrian; weekday mornings",2023-01-02,Linked to known offender record,18-25,M,2,Repeat,Single recorded case - insufficient pattern history
CASE-00939,OFF-00294,Chit Fund / Investment Fraud,BNS Sec 318 (Cheating),Small investor group,Bengaluru Urban,Koramangala,Weekend nights,"Fake high-return scheme, cash collection","Fake high-return scheme, cash collection; target: Small investor group; weekend nights",2023-12-25,Linked to known offender record,56+,F,2,Repeat,Escalating frequency over last 6 months
CASE-01693,UNASSIGNED,Vehicle Theft (Four-wheeler),BNS Sec 303 (Theft),Parked vehicle - street,Ramanagara,Bengaluru-Mysuru Highway area,Evening rush (6-8 PM),Tow-away theft,Tow-away theft; target: Parked vehicle - street; evening rush (6-8 pm),2024-02-04,Open - no offender match recorded,N/A - case unmatched,N/A - case unmatched,N/A - case unmatched,N/A - case unmatched,N/A - case unmatched
CASE-01767,UNASSIGNED,Chit Fund / Investment Fraud,BNS Sec 318 (Cheating),Small investor group,Bidar,Chidri,Evening rush (6-8 PM),"Fake high-return scheme, cash collection","Fake high-return scheme, cash collection; target: Small investor group; evening rush (6-8 pm)",2023-03-09,Open - no offender match recorded,N/A - case unmatched,N/A - case unmatched,N/A - case unmatched,N/A - case unmatched,N/A - case unmatched
CASE-01547,UNASSIGNED,Counterfeit Currency,BNS Sec 178-180,Currency exchange,Chikkaballapur,Bus Stand area,Early morning (4-7 AM),Bulk note circulation via shop network,Bulk note circulation via shop network; target: Currency exchange; early morning (4-7 am),2023-01-02,Open - no offender match recorded,N/A - case unmatched,N/A - case unmatched,N/A - case unmatched,N/A - case unmatched,N/A - case unmatched
CASE-01175,OFF-00356,ATM Tampering/Skimming,BNS Sec 318 / IT Act,ATM users - unmanned kiosk,Uttara Kannada,Karwar town,Evening rush (6-8 PM),Shoulder-surfing + card swap,Shoulder-surfing + card swap; target: ATM users - unmanned kiosk; evening rush (6-8 pm),2024-05-26,Linked to known offender record,46-55,F,6,Repeat,Consistent MO across all recorded cases
CASE-01597,UNASSIGNED,House Burglary,BNS Sec 305 (Burglary),Vacant residence,Kolar,Bangarpet Road area,Midday (12-3 PM),"Lock-breaking, rear entry","Lock-breaking, rear entry; target: Vacant residence; midday (12-3 pm)",2024-01-19,Open - no offender match recorded,N/A - case unmatched,N/A - case unmatched,N/A - case unmatched,N/A - case unmatched,N/A - case unmatched
CASE-00255,OFF-00075,House Burglary,BNS Sec 305 (Burglary),Ground-floor apartment,Bengaluru Rural,Devanahalli town,Weekend nights,Window grille cutting,Window grille cutting; target: Ground-floor apartment; weekend nights,2024-06-27,Linked to known offender record,36-45,F,1,First recorded instance,Escalating frequency over last 6 months
CASE-01462,OFF-00445,Shop Robbery,BNS Sec 309 (Robbery),Small retail shop,Vijayapura,Athani Road area,Midday (12-3 PM),"Armed threat, cash till","Armed threat, cash till; target: Small retail shop; midday (12-3 pm)",2025-09-18,Linked to known offender record,46-55,F,6,Repeat,Alternates between two known methods
CASE-00944,OFF-00295,Counterfeit Currency,BNS Sec 178-180,Currency exchange,Chikkaballapur,MG Road area,Weekend nights,Bulk note circulation via shop network,Bulk note circulation via shop network; target: Currency exchange; weekend nights,2024-10-31,Linked to known offender record,56+,F,4,Repeat,Escalating frequency over last 6 months
CASE-01731,UNASSIGNED,Chain Snatching,BNS Sec 304 (Snatching),Elderly pedestrian,Chikkamagaluru,Kalasapura,Midday (12-3 PM),"Foot approach, distraction snatch","Foot approach, distraction snatch; target: Elderly pedestrian; midday (12-3 pm)",2023-05-12,Open - no offender match recorded,N/A - case unmatched,N/A - case unmatched,N/A - case unmatched,N/A - case unmatched,N/A - case unmatched
CASE-00435,OFF-00140,Chit Fund / Investment Fraud,BNS Sec 318 (Cheating),Small investor group,Mandya,Bannur Road area,Evening rush (6-8 PM),"Fake high-return scheme, cash collection","Fake high-return scheme, cash collection; target: Small investor group; evening rush (6-8 pm)",2024-11-12,Linked to known offender record,56+,F,4,Repeat,Single recorded case - insufficient pattern history
CASE-00292,OFF-00089,Shop Robbery,BNS Sec 309 (Robbery),Small retail shop,Shivamogga,Gopala Extension,Weekday mornings,"Armed threat, cash till","Armed threat, cash till; target: Small retail shop; weekday mornings",2025-04-27,Linked to known offender record,26-35,M,2,Repeat,Long gap then resurgence with same MO
CASE-01822,UNASSIGNED,Counterfeit Currency,BNS Sec 178-180,Small retail shop,Mangaluru (Dakshina Kannada),Kadri,Midday (12-3 PM),Cash-for-goods swap,Cash-for-goods swap; target: Small retail shop; midday (12-3 pm),2025-07-19,Open - no offender match recorded,N/A - case unmatched,N/A - case unmatched,N/A - case unmatched,N/A - case unmatched,N/A - case unmatched
CASE-01357,OFF-00412,Counterfeit Currency,BNS Sec 178-180,Small retail shop,Davanagere,Shamanur Road area,Evening rush (6-8 PM),Bulk note circulation via shop network,Bulk note circulation via shop network; target: Small retail shop; evening rush (6-8 pm),2025-07-06,Linked to known offender record,26-35,F,2,Repeat,Consistent MO across all recorded cases
CASE-01184,OFF-00358,Vehicle Theft (Four-wheeler),BNS Sec 303 (Theft),Parked vehicle - street,Haveri,Old Town,Late night (11 PM-2 AM),Relay key attack,Relay key attack; target: Parked vehicle - street; late night (11 pm-2 am),2023-08-25,Linked to known offender record,36-45,F,1,First recorded instance,Single recorded case - insufficient pattern history
CASE-01021,OFF-00315,ATM Tampering/Skimming,BNS Sec 318 / IT Act,ATM users - unmanned kiosk,Ramanagara,Bengaluru-Mysuru Highway area,Weekday mornings,Shoulder-surfing + card swap,Shoulder-surfing + card swap; target: ATM users - unmanned kiosk; weekday mornings,2024-01-08,Linked to known offender record,46-55,F,3,Repeat,Consistent MO across all recorded cases
CASE-00263,OFF-00077,Pickpocketing,BNS Sec 303 (Theft),Market crowd,Ramanagara,Town Centre,Late night (11 PM-2 AM),Bag slit and remove,Bag slit and remove; target: Market crowd; late night (11 pm-2 am),2024-07-17,Linked to known offender record,56+,F,5,Repeat,Long gap then resurgence with same MO
CASE-00161,OFF-00047,House Burglary,BNS Sec 305 (Burglary),Vacant residence,Hassan,Bus Stand area,Weekday mornings,Window grille cutting,Window grille cutting; target: Vacant residence; weekday mornings,2023-03-30,Linked to known offender record,18-25,F,6,Repeat,Escalating frequency over last 6 months
CASE-00628,OFF-00199,Chit Fund / Investment Fraud,BNS Sec 318 (Cheating),Small investor group,Uttara Kannada,Kumta town,Weekday mornings,"Fake high-return scheme, cash collection","Fake high-return scheme, cash collection; target: Small investor group; weekday mornings",2024-07-15,Linked to known offender record,46-55,M,6,Repeat,Single recorded case - insufficient pattern history
CASE-01529,UNASSIGNED,Pickpocketing,BNS Sec 303 (Theft),Bus/rail commuter,Uttara Kannada,Karwar town,Late night (11 PM-2 AM),Crowd distraction lift,Crowd distraction lift; target: Bus/rail commuter; late night (11 pm-2 am),2025-12-27,Open - no offender match recorded,N/A - case unmatched,N/A - case unmatched,N/A - case unmatched,N/A - case unmatched,N/A - case unmatched
CASE-00634,OFF-00201,Cyber Fraud (OTP/Phishing),IT Act Sec 66C/66D,First-time UPI user,Tumakuru,Kunigal Road area,Midday (12-3 PM),Fake bank call requesting OTP,Fake bank call requesting OTP; target: First-time UPI user; midday (12-3 pm),2024-05-02,Linked to known offender record,46-55,F,6,Repeat,Consistent MO across all recorded cases
CASE-01264,OFF-00382,Cyber Fraud (OTP/Phishing),IT Act Sec 66C/66D,Elderly account holder,Mysuru,Bannimantap,Midday (12-3 PM),Fake bank call requesting OTP,Fake bank call requesting OTP; target: Elderly account holder; midday (12-3 pm),2024-09-02,Linked to known offender record,26-35,F,3,Repeat,Consistent MO across all recorded cases
CASE-00882,OFF-00279,House Burglary,BNS Sec 305 (Burglary),Vacant residence,Ramanagara,Town Centre,Early morning (4-7 AM),Window grille cutting,Window grille cutting; target: Vacant residence; early morning (4-7 am),2025-07-12,Linked to known offender record,46-55,F,3,Repeat,Consistent MO across all recorded cases
CASE-01243,OFF-00376,Shop Robbery,BNS Sec 309 (Robbery),Jewellery shop,Shivamogga,Durgigudi,Late night (11 PM-2 AM),Late-night forced entry,Late-night forced entry; target: Jewellery shop; late night (11 pm-2 am),2025-07-30,Linked to known offender record,46-55,M,5,Repeat,Consistent MO across all recorded cases
CASE-00274,OFF-00083,Two-Wheeler Theft,BNS Sec 303 (Theft),Parked vehicle - residential,Kodagu,Madikeri town,Weekend nights,Vehicle lifted onto pickup truck,Vehicle lifted onto pickup truck; target: Parked vehicle - residential; weekend nights,2023-06-06,Linked to known offender record,26-35,F,1,First recorded instance,Long gap then resurgence with same MO
CASE-00212,OFF-00062,ATM Tampering/Skimming,BNS Sec 318 / IT Act,ATM users - unmanned kiosk,Gadag,Station Road area,Evening rush (6-8 PM),Skimmer device installation,Skimmer device installation; target: ATM users - unmanned kiosk; evening rush (6-8 pm),2023-09-18,Linked to known offender record,56+,M,5,Repeat,Consistent MO across all recorded cases
CASE-00473,OFF-00150,Chain Snatching,BNS Sec 304 (Snatching),Elderly pedestrian,Hassan,Race Course Road area,Weekend nights,"Foot approach, distraction snatch","Foot approach, distraction snatch; target: Elderly pedestrian; weekend nights",2023-07-15,Linked to known offender record,18-25,F,5,Repeat,Long gap then resurgence with same MO
CASE-00288,OFF-00088,Vehicle Theft (Four-wheeler),BNS Sec 303 (Theft),Parked vehicle - street,Yadgir,Bus Stand area,Midday (12-3 PM),Relay key attack,Relay key attack; target: Parked vehicle - street; midday (12-3 pm),2025-08-19,Linked to known offender record,56+,F,5,Repeat,Escalating frequency over last 6 months
CASE-00364,OFF-00118,Shop Robbery,BNS Sec 309 (Robbery),Small retail shop,Ramanagara,Town Centre,Evening rush (6-8 PM),Late-night forced entry,Late-night forced entry; target: Small retail shop; evening rush (6-8 pm),2023-12-21,Linked to known offender record,26-35,F,3,Repeat,Consistent MO across all recorded cases
CASE-01309,OFF-00395,Two-Wheeler Theft,BNS Sec 303 (Theft),Parked vehicle - residential,Uttara Kannada,Kumta town,Late night (11 PM-2 AM),Duplicate key / lock-picking,Duplicate key / lock-picking; target: Parked vehicle - residential; late night (11 pm-2 am),2023-10-13,Linked to known offender record,46-55,M,3,Repeat,Alternates between two known methods
CASE-00484,OFF-00154,Cyber Fraud (OTP/Phishing),IT Act Sec 66C/66D,First-time UPI user,Yadgir,Station Road area,Late night (11 PM-2 AM),Fake bank call requesting OTP,Fake bank call requesting OTP; target: First-time UPI user; late night (11 pm-2 am),2023-08-15,Linked to known offender record,46-55,M,3,Repeat,Long gap then resurgence with same MO
CASE-00619,OFF-00195,Shop Robbery,BNS Sec 309 (Robbery),Small retail shop,Mysuru,Bannimantap,Midday (12-3 PM),Late-night forced entry,Late-night forced entry; target: Small retail shop; midday (12-3 pm),2025-09-06,Linked to known offender record,26-35,F,4,Repeat,Escalating frequency over last 6 months
CASE-00244,OFF-00072,Shop Robbery,BNS Sec 309 (Robbery),Small retail shop,Kodagu,Madikeri town,Evening rush (6-8 PM),Late-night forced entry,Late-night forced entry; target: Small retail shop; evening rush (6-8 pm),2024-08-19,Linked to known offender record,18-25,F,6,Repeat,Alternates between two known methods
CASE-01213,OFF-00366,Chain Snatching,BNS Sec 304 (Snatching),Elderly pedestrian,Mangaluru (Dakshina Kannada),Kadri,Weekend nights,Two-wheeler drive-by snatch,Two-wheeler drive-by snatch; target: Elderly pedestrian; weekend nights,2023-03-30,Linked to known offender record,36-45,F,3,Repeat,Alternates between two known methods
CASE-00928,OFF-00291,House Burglary,BNS Sec 305 (Burglary),Vacant residence,Tumakuru,Kunigal Road area,Weekend nights,"Lock-breaking, rear entry","Lock-breaking, rear entry; target: Vacant residence; weekend nights",2025-12-31,Linked to known offender record,18-25,F,2,Repeat,Alternates between two known methods
CASE-01757,UNASSIGNED,Chain Snatching,BNS Sec 304 (Snatching),Elderly pedestrian,Kodagu,Madikeri town,Evening rush (6-8 PM),"Foot approach, distraction snatch","Foot approach, distraction snatch; target: Elderly pedestrian; evening rush (6-8 pm)",2023-08-24,Open - no offender match recorded,N/A - case unmatched,N/A - case unmatched,N/A - case unmatched,N/A - case unmatched,N/A - case unmatched
CASE-00355,OFF-00113,Pickpocketing,BNS Sec 303 (Theft),Market crowd,Hassan,Bus Stand area,Midday (12-3 PM),Crowd distraction lift,Crowd distraction lift; target: Market crowd; midday (12-3 pm),2024-11-27,Linked to known offender record,36-45,F,3,Repeat,Alternates between two known methods
CASE-00797,OFF-00248,Two-Wheeler Theft,BNS Sec 303 (Theft),Parked vehicle - commercial area,Bengaluru Urban,Banashankari,Late night (11 PM-2 AM),Vehicle lifted onto pickup truck,Vehicle lifted onto pickup truck; target: Parked vehicle - commercial area; late night (11 pm-2 am),2024-11-07,Linked to known offender record,18-25,M,2,Repeat,Single recorded case - insufficient pattern history
CASE-00434,OFF-00139,Vehicle Theft (Four-wheeler),BNS Sec 303 (Theft),Parked vehicle - street,Gadag,Betageri,Midday (12-3 PM),Relay key attack,Relay key attack; target: Parked vehicle - street; midday (12-3 pm),2025-12-03,Linked to known offender record,36-45,F,2,Repeat,Consistent MO across all recorded cases
CASE-01607,UNASSIGNED,Shop Robbery,BNS Sec 309 (Robbery),Small retail shop,Raichur,Station Road area,Late night (11 PM-2 AM),"Armed threat, cash till","Armed threat, cash till; target: Small retail shop; late night (11 pm-2 am)",2023-07-26,Open - no offender match recorded,N/A - case unmatched,N/A - case unmatched,N/A - case unmatched,N/A - case unmatched,N/A - case unmatched
CASE-01347,OFF-00408,Two-Wheeler Theft,BNS Sec 303 (Theft),Parked vehicle - residential,Bengaluru Rural,Hoskote town,Evening rush (6-8 PM),Vehicle lifted onto pickup truck,Vehicle lifted onto pickup truck; target: Parked vehicle - residential; evening rush (6-8 pm),2024-11-18,Linked to known offender record,36-45,F,3,Repeat,Alternates between two known methods
CASE-01646,UNASSIGNED,Pickpocketing,BNS Sec 303 (Theft),Bus/rail commuter,Hassan,Race Course Road area,Late night (11 PM-2 AM),Bag slit and remove,Bag slit and remove; target: Bus/rail commuter; late night (11 pm-2 am),2023-05-27,Open - no offender match recorded,N/A - case unmatched,N/A - case unmatched,N/A - case unmatched,N/A - case unmatched,N/A - case unmatched
CASE-01816,UNASSIGNED,Counterfeit Currency,BNS Sec 178-180,Currency exchange,Belagavi,Camp Area,Weekday mornings,Cash-for-goods swap,Cash-for-goods swap; target: Currency exchange; weekday mornings,2024-05-01,Open - no offender match recorded,N/A - case unmatched,N/A - case unmatched,N/A - case unmatched,N/A - case unmatched,N/A - case unmatched
CASE-01759,UNASSIGNED,ATM Tampering/Skimming,BNS Sec 318 / IT Act,ATM users - unmanned kiosk,Bengaluru Urban,Banashankari,Weekday mornings,Shoulder-surfing + card swap,Shoulder-surfing + card swap; target: ATM users - unmanned kiosk; weekday mornings,2024-04-14,Open - no offender match recorded,N/A - case unmatched,N/A - case unmatched,N/A - case unmatched,N/A - case unmatched,N/A - case unmatched
CASE-00053,OFF-00016,ATM Tampering/Skimming,BNS Sec 318 / IT Act,ATM users - unmanned kiosk,Mysuru,Jayalakshmipuram,Weekday mornings,Shoulder-surfing + card swap,Shoulder-surfing + card swap; target: ATM users - unmanned kiosk; weekday mornings,2025-11-07,Linked to known offender record,56+,F,5,Repeat,Consistent MO across all recorded cases
CASE-00334,OFF-00105,Chain Snatching,BNS Sec 304 (Snatching),Lone woman pedestrian,Haveri,Bypass Road area,Late night (11 PM-2 AM),Two-wheeler drive-by snatch,Two-wheeler drive-by snatch; target: Lone woman pedestrian; late night (11 pm-2 am),2023-06-02,Linked to known offender record,18-25,M,5,Repeat,Long gap then resurgence with same MO
CASE-01673,UNASSIGNED,Pickpocketing,BNS Sec 303 (Theft),Bus/rail commuter,Tumakuru,Ashoknagar,Early morning (4-7 AM),Crowd distraction lift,Crowd distraction lift; target: Bus/rail commuter; early morning (4-7 am),2023-09-21,Open - no offender match recorded,N/A - case unmatched,N/A - case unmatched,N/A - case unmatched,N/A - case unmatched,N/A - case unmatched
CASE-01576,UNASSIGNED,Counterfeit Currency,BNS Sec 178-180,Small retail shop,Mysuru,Kuvempunagar,Evening rush (6-8 PM),Bulk note circulation via shop network,Bulk note circulation via shop network; target: Small retail shop; evening rush (6-8 pm),2025-02-13,Open - no offender match recorded,N/A - case unmatched,N/A - case unmatched,N/A - case unmatched,N/A - case unmatched,N/A - case unmatched
CASE-00547,OFF-00173,Chit Fund / Investment Fraud,BNS Sec 318 (Cheating),Small investor group,Chamarajanagar,Town Centre,Evening rush (6-8 PM),"Fake high-return scheme, cash collection","Fake high-return scheme, cash collection; target: Small investor group; evening rush (6-8 pm)",2025-10-14,Linked to known offender record,18-25,M,3,Repeat,Escalating frequency over last 6 months
CASE-01189,OFF-00360,ATM Tampering/Skimming,BNS Sec 318 / IT Act,ATM users - unmanned kiosk,Kalaburagi,Sedam Road area,Weekday mornings,Skimmer device installation,Skimmer device installation; target: ATM users - unmanned kiosk; weekday mornings,2025-01-18,Linked to known offender record,46-55,M,5,Repeat,Consistent MO across all recorded cases
CASE-01885,UNASSIGNED,Counterfeit Currency,BNS Sec 178-180,Currency exchange,Shivamogga,Vinoba Nagar,Early morning (4-7 AM),Bulk note circulation via shop network,Bulk note circulation via shop network; target: Currency exchange; early morning (4-7 am),2024-02-03,Open - no offender match recorded,N/A - case unmatched,N/A - case unmatched,N/A - case unmatched,N/A - case unmatched,N/A - case unmatched
CASE-01650,UNASSIGNED,Pickpocketing,BNS Sec 303 (Theft),Bus/rail commuter,Shivamogga,Vinoba Nagar,Early morning (4-7 AM),Bag slit and remove,Bag slit and remove; target: Bus/rail commuter; early morning (4-7 am),2025-08-29,Open - no offender match recorded,N/A - case unmatched,N/A - case unmatched,N/A - case unmatched,N/A - case unmatched,N/A - case unmatched
CASE-01306,OFF-00393,Cyber Fraud (OTP/Phishing),IT Act Sec 66C/66D,First-time UPI user,Hassan,Bus Stand area,Late night (11 PM-2 AM),Fake bank call requesting OTP,Fake bank call requesting OTP; target: First-time UPI user; late night (11 pm-2 am),2025-01-20,Linked to known offender record,26-35,M,4,Repeat,Escalating frequency over last 6 months
CASE-00814,OFF-00255,Vehicle Theft (Four-wheeler),BNS Sec 303 (Theft),Parked vehicle - street,Vijayapura,Station Area,Midday (12-3 PM),Relay key attack,Relay key attack; target: Parked vehicle - street; midday (12-3 pm),2025-07-06,Linked to known offender record,56+,F,6,Repeat,Escalating frequency over last 6 months
CASE-01010,OFF-00312,Two-Wheeler Theft,BNS Sec 303 (Theft),Parked vehicle - residential,Haveri,Old Town,Midday (12-3 PM),Vehicle lifted onto pickup truck,Vehicle lifted onto pickup truck; target: Parked vehicle - residential; midday (12-3 pm),2025-11-27,Linked to known offender record,46-55,F,6,Repeat,Escalating frequency over last 6 months
CASE-00924,OFF-00289,House Burglary,BNS Sec 305 (Burglary),Vacant residence,Tumakuru,SS Puram,Weekday mornings,Window grille cutting,Window grille cutting; target: Vacant residence; weekday mornings,2025-01-26,Linked to known offender record,26-35,M,6,Repeat,Alternates between two known methods
CASE-01013,OFF-00312,Two-Wheeler Theft,BNS Sec 303 (Theft),Parked vehicle - residential,Haveri,Bypass Road area,Midday (12-3 PM),Vehicle lifted onto pickup truck,Vehicle lifted onto pickup truck; target: Parked vehicle - residential; midday (12-3 pm),2024-06-10,Linked to known offender record,46-55,F,6,Repeat,Escalating frequency over last 6 months
CASE-00318,OFF-00100,Counterfeit Currency,BNS Sec 178-180,Small retail shop,Koppal,Old Town,Early morning (4-7 AM),Bulk note circulation via shop network,Bulk note circulation via shop network; target: Small retail shop; early morning (4-7 am),2023-08-07,Linked to known offender record,46-55,F,2,Repeat,Alternates between two known methods
CASE-00636,OFF-00201,Cyber Fraud (OTP/Phishing),IT Act Sec 66C/66D,Elderly account holder,Chikkamagaluru,Kalasapura,Midday (12-3 PM),Fake bank call requesting OTP,Fake bank call requesting OTP; target: Elderly account holder; midday (12-3 pm),2024-03-29,Linked to known offender record,46-55,F,6,Repeat,Consistent MO across all recorded cases
CASE-01608,UNASSIGNED,House Burglary,BNS Sec 305 (Burglary),Vacant residence,Shivamogga,Durgigudi,Early morning (4-7 AM),"Lock-breaking, rear entry","Lock-breaking, rear entry; target: Vacant residence; early morning (4-7 am)",2025-01-11,Open - no offender match recorded,N/A - case unmatched,N/A - case unmatched,N/A - case unmatched,N/A - case unmatched,N/A - case unmatched
CASE-00309,OFF-00097,Cyber Fraud (OTP/Phishing),IT Act Sec 66C/66D,Elderly account holder,Mysuru,Kuvempunagar,Early morning (4-7 AM),Fake bank call requesting OTP,Fake bank call requesting OTP; target: Elderly account holder; early morning (4-7 am),2025-04-14,Linked to known offender record,26-35,M,5,Repeat,Long gap then resurgence with same MO
CASE-00730,OFF-00231,Pickpocketing,BNS Sec 303 (Theft),Market crowd,Tumakuru,Ashoknagar,Weekday mornings,Crowd distraction lift,Crowd distraction lift; target: Market crowd; weekday mornings,2024-09-09,Linked to known offender record,56+,M,5,Repeat,Single recorded case - insufficient pattern history
CASE-00985,OFF-00304,Shop Robbery,BNS Sec 309 (Robbery),Small retail shop,Tumakuru,SS Puram,Late night (11 PM-2 AM),"Armed threat, cash till","Armed threat, cash till; target: Small retail shop; late night (11 pm-2 am)",2025-11-25,Linked to known offender record,46-55,F,5,Repeat,Escalating frequency over last 6 months
CASE-00154,OFF-00045,Cyber Fraud (OTP/Phishing),IT Act Sec 66C/66D,Elderly account holder,Bengaluru Rural,Devanahalli town,Late night (11 PM-2 AM),Fake bank call requesting OTP,Fake bank call requesting OTP; target: Elderly account holder; late night (11 pm-2 am),2025-04-11,Linked to known offender record,46-55,M,1,First recorded instance,Escalating frequency over last 6 months
CASE-01795,UNASSIGNED,Cyber Fraud (OTP/Phishing),IT Act Sec 66C/66D,First-time UPI user,Raichur,Station Road area,Late night (11 PM-2 AM),Fake bank call requesting OTP,Fake bank call requesting OTP; target: First-time UPI user; late night (11 pm-2 am),2024-02-08,Open - no offender match recorded,N/A - case unmatched,N/A - case unmatched,N/A - case unmatched,N/A - case unmatched,N/A - case unmatched
CASE-00553,OFF-00175,ATM Tampering/Skimming,BNS Sec 318 / IT Act,ATM users - unmanned kiosk,Ballari,Cowl Bazaar,Weekday mornings,Skimmer device installation,Skimmer device installation; target: ATM users - unmanned kiosk; weekday mornings,2023-06-15,Linked to known offender record,26-35,F,4,Repeat,Consistent MO across all recorded cases
CASE-01345,OFF-00408,Two-Wheeler Theft,BNS Sec 303 (Theft),Parked vehicle - commercial area,Bengaluru Rural,Hoskote town,Evening rush (6-8 PM),Vehicle lifted onto pickup truck,Vehicle lifted onto pickup truck; target: Parked vehicle - commercial area; evening rush (6-8 pm),2023-12-01,Linked to known offender record,36-45,F,3,Repeat,Alternates between two known methods
CASE-01631,UNASSIGNED,ATM Tampering/Skimming,BNS Sec 318 / IT Act,ATM users - unmanned kiosk,Haveri,Old Town,Weekday mornings,Skimmer device installation,Skimmer device installation; target: ATM users - unmanned kiosk; weekday mornings,2025-03-04,Open - no offender match recorded,N/A - case unmatched,N/A - case unmatched,N/A - case unmatched,N/A - case unmatched,N/A - case unmatched
CASE-01046,OFF-00322,Counterfeit Currency,BNS Sec 178-180,Small retail shop,Kodagu,Madikeri town,Late night (11 PM-2 AM),Bulk note circulation via shop network,Bulk note circulation via shop network; target: Small retail shop; late night (11 pm-2 am),2024-04-15,Linked to known offender record,56+,M,2,Repeat,Single recorded case - insufficient pattern history
CASE-00094,OFF-00028,Chain Snatching,BNS Sec 304 (Snatching),Lone woman pedestrian,Bengaluru Rural,Hoskote town,Early morning (4-7 AM),"Foot approach, distraction snatch","Foot approach, distraction snatch; target: Lone woman pedestrian; early morning (4-7 am)",2024-06-05,Linked to known offender record,46-55,F,5,Repeat,Alternates between two known methods
CASE-01945,UNASSIGNED,Chit Fund / Investment Fraud,BNS Sec 318 (Cheating),Small investor group,Koppal,Gangavathi Road area,Early morning (4-7 AM),"Fake high-return scheme, cash collection","Fake high-return scheme, cash collection; target: Small investor group; early morning (4-7 am)",2023-04-24,Open - no offender match recorded,N/A - case unmatched,N/A - case unmatched,N/A - case unmatched,N/A - case unmatched,N/A - case unmatched
CASE-00258,OFF-00076,Two-Wheeler Theft,BNS Sec 303 (Theft),Parked vehicle - commercial area,Bidar,Chidri,Weekday mornings,Duplicate key / lock-picking,Duplicate key / lock-picking; target: Parked vehicle - commercial area; weekday mornings,2025-10-20,Linked to known offender record,46-55,F,3,Repeat,Escalating frequency over last 6 months
CASE-01515,UNASSIGNED,Vehicle Theft (Four-wheeler),BNS Sec 303 (Theft),Parked vehicle - street,Mandya,Ashok Nagar,Weekday mornings,Relay key attack,Relay key attack; target: Parked vehicle - street; weekday mornings,2025-05-18,Open - no offender match recorded,N/A - case unmatched,N/A - case unmatched,N/A - case unmatched,N/A - case unmatched,N/A - case unmatched
CASE-01783,UNASSIGNED,Chain Snatching,BNS Sec 304 (Snatching),Lone woman pedestrian,Koppal,Gangavathi Road area,Weekend nights,Two-wheeler drive-by snatch,Two-wheeler drive-by snatch; target: Lone woman pedestrian; weekend nights,2023-08-09,Open - no offender match recorded,N/A - case unmatched,N/A - case unmatched,N/A - case unmatched,N/A - case unmatched,N/A - case unmatched
CASE-00340,OFF-00108,Cyber Fraud (OTP/Phishing),IT Act Sec 66C/66D,First-time UPI user,Mandya,Vidyanagar,Evening rush (6-8 PM),Fake bank call requesting OTP,Fake bank call requesting OTP; target: First-time UPI user; evening rush (6-8 pm),2024-02-13,Linked to known offender record,26-35,F,2,Repeat,Alternates between two known methods
CASE-00001,OFF-00001,Two-Wheeler Theft,BNS Sec 303 (Theft),Parked vehicle - commercial area,Mysuru,Vijayanagar,Late night (11 PM-2 AM),Duplicate key / lock-picking,Duplicate key / lock-picking; target: Parked vehicle - commercial area; late night (11 pm-2 am),2023-08-16,Linked to known offender record,46-55,M,3,Repeat,Single recorded case - insufficient pattern history
CASE-00238,OFF-00070,Cyber Fraud (OTP/Phishing),IT Act Sec 66C/66D,First-time UPI user,Raichur,Old Town,Weekday mornings,SMS phishing link,SMS phishing link; target: First-time UPI user; weekday mornings,2023-10-04,Linked to known offender record,26-35,F,2,Repeat,Alternates between two known methods
CASE-00904,OFF-00285,Cyber Fraud (OTP/Phishing),IT Act Sec 66C/66D,Elderly account holder,Hassan,Bus Stand area,Evening rush (6-8 PM),SMS phishing link,SMS phishing link; target: Elderly account holder; evening rush (6-8 pm),2023-08-28,Linked to known offender record,26-35,F,5,Repeat,Escalating frequency over last 6 months
CASE-00344,OFF-00111,Counterfeit Currency,BNS Sec 178-180,Currency exchange,Mandya,Bannur Road area,Late night (11 PM-2 AM),Bulk note circulation via shop network,Bulk note circulation via shop network; target: Currency exchange; late night (11 pm-2 am),2023-11-28,Linked to known offender record,26-35,M,5,Repeat,Consistent MO across all recorded cases
CASE-01425,OFF-00435,Chain Snatching,BNS Sec 304 (Snatching),Elderly pedestrian,Koppal,Old Town,Weekday mornings,"Foot approach, distraction snatch","Foot approach, distraction snatch; target: Elderly pedestrian; weekday mornings",2023-10-15,Linked to known offender record,26-35,M,6,Repeat,Alternates between two known methods
CASE-01287,OFF-00388,Shop Robbery,BNS Sec 309 (Robbery),Jewellery shop,Bagalkot,Navanagar,Midday (12-3 PM),"Armed threat, cash till","Armed threat, cash till; target: Jewellery shop; midday (12-3 pm)",2025-11-25,Linked to known offender record,18-25,M,3,Repeat,Consistent MO across all recorded cases
CASE-01750,UNASSIGNED,Shop Robbery,BNS Sec 309 (Robbery),Jewellery shop,Shivamogga,Vinoba Nagar,Late night (11 PM-2 AM),"Armed threat, cash till","Armed threat, cash till; target: Jewellery shop; late night (11 pm-2 am)",2023-12-30,Open - no offender match recorded,N/A - case unmatched,N/A - case unmatched,N/A - case unmatched,N/A - case unmatched,N/A - case unmatched
CASE-01342,OFF-00407,Pickpocketing,BNS Sec 303 (Theft),Bus/rail commuter,Bengaluru Urban,Koramangala,Weekday mornings,Bag slit and remove,Bag slit and remove; target: Bus/rail commuter; weekday mornings,2025-04-02,Linked to known offender record,26-35,F,3,Repeat,Single recorded case - insufficient pattern history
CASE-00430,OFF-00138,Vehicle Theft (Four-wheeler),BNS Sec 303 (Theft),Parked vehicle - street,Koppal,Gangavathi Road area,Weekday mornings,Relay key attack,Relay key attack; target: Parked vehicle - street; weekday mornings,2024-09-02,Linked to known offender record,46-55,F,6,Repeat,Single recorded case - insufficient pattern history
CASE-01555,UNASSIGNED,House Burglary,BNS Sec 305 (Burglary),Vacant residence,Chamarajanagar,Town Centre,Early morning (4-7 AM),Window grille cutting,Window grille cutting; target: Vacant residence; early morning (4-7 am),2024-06-11,Open - no offender match recorded,N/A - case unmatched,N/A - case unmatched,N/A - case unmatched,N/A - case unmatched,N/A - case unmatched
CASE-00378,OFF-00121,Chit Fund / Investment Fraud,BNS Sec 318 (Cheating),Small investor group,Yadgir,Station Road area,Weekday mornings,"Fake high-return scheme, cash collection","Fake high-return scheme, cash collection; target: Small investor group; weekday mornings",2025-03-23,Linked to known offender record,26-35,F,4,Repeat,Alternates between two known methods
CASE-01339,OFF-00404,Vehicle Theft (Four-wheeler),BNS Sec 303 (Theft),Parked vehicle - street,Uttara Kannada,Karwar town,Weekend nights,Relay key attack,Relay key attack; target: Parked vehicle - street; weekend nights,2023-05-29,Linked to known offender record,36-45,M,3,Repeat,Escalating frequency over last 6 months
CASE-01931,UNASSIGNED,Counterfeit Currency,BNS Sec 178-180,Currency exchange,Mysuru,Jayalakshmipuram,Weekday mornings,Bulk note circulation via shop network,Bulk note circulation via shop network; target: Currency exchange; weekday mornings,2023-08-20,Open - no offender match recorded,N/A - case unmatched,N/A - case unmatched,N/A - case unmatched,N/A - case unmatched,N/A - case unmatched
CASE-00956,OFF-00298,Cyber Fraud (OTP/Phishing),IT Act Sec 66C/66D,Elderly account holder,Mangaluru (Dakshina Kannada),Hampankatta,Midday (12-3 PM),SMS phishing link,SMS phishing link; target: Elderly account holder; midday (12-3 pm),2024-01-29,Linked to known offender record,46-55,M,4,Repeat,Alternates between two known methods
CASE-00854,OFF-00269,Chain Snatching,BNS Sec 304 (Snatching),Lone woman pedestrian,Uttara Kannada,Kumta town,Early morning (4-7 AM),"Foot approach, distraction snatch","Foot approach, distraction snatch; target: Lone woman pedestrian; early morning (4-7 am)",2025-10-07,Linked to known offender record,36-45,F,3,Repeat,Long gap then resurgence with same MO
CASE-00464,OFF-00148,Vehicle Theft (Four-wheeler),BNS Sec 303 (Theft),Parked vehicle - street,Ramanagara,Bengaluru-Mysuru Highway area,Weekday mornings,Relay key attack,Relay key attack; target: Parked vehicle - street; weekday mornings,2024-03-17,Linked to known offender record,18-25,M,5,Repeat,Long gap then resurgence with same MO
CASE-00795,OFF-00247,Chain Snatching,BNS Sec 304 (Snatching),Lone woman pedestrian,Bidar,Chidri,Early morning (4-7 AM),Two-wheeler drive-by snatch,Two-wheeler drive-by snatch; target: Lone woman pedestrian; early morning (4-7 am),2025-09-27,Linked to known offender record,56+,M,1,First recorded instance,Escalating frequency over last 6 months
CASE-00155,OFF-00046,Counterfeit Currency,BNS Sec 178-180,Small retail shop,Mandya,Bannur Road area,Weekday mornings,Bulk note circulation via shop network,Bulk note circulation via shop network; target: Small retail shop; weekday mornings,2025-08-27,Linked to known offender record,56+,M,4,Repeat,Long gap then resurgence with same MO
CASE-00922,OFF-00289,House Burglary,BNS Sec 305 (Burglary),Vacant residence,Tumakuru,SS Puram,Weekday mornings,Window grille cutting,Window grille cutting; target: Vacant residence; weekday mornings,2025-11-12,Linked to known offender record,26-35,M,6,Repeat,Alternates between two known methods
CASE-01635,UNASSIGNED,Chit Fund / Investment Fraud,BNS Sec 318 (Cheating),Small investor group,Vijayapura,Station Area,Midday (12-3 PM),"Fake high-return scheme, cash collection","Fake high-return scheme, cash collection; target: Small investor group; midday (12-3 pm)",2023-03-13,Open - no offender match recorded,N/A - case unmatched,N/A - case unmatched,N/A - case unmatched,N/A - case unmatched,N/A - case unmatched
CASE-01071,OFF-00327,ATM Tampering/Skimming,BNS Sec 318 / IT Act,ATM users - unmanned kiosk,Ballari,Cowl Bazaar,Late night (11 PM-2 AM),Skimmer device installation,Skimmer device installation; target: ATM users - unmanned kiosk; late night (11 pm-2 am),2023-04-09,Linked to known offender record,26-35,F,6,Repeat,Single recorded case - insufficient pattern history
CASE-00357,OFF-00115,Chit Fund / Investment Fraud,BNS Sec 318 (Cheating),Small investor group,Bagalkot,Old Bagalkot,Evening rush (6-8 PM),"Fake high-return scheme, cash collection","Fake high-return scheme, cash collection; target: Small investor group; evening rush (6-8 pm)",2025-01-17,Linked to known offender record,46-55,M,1,First recorded instance,Single recorded case - insufficient pattern history
CASE-00165,OFF-00048,Two-Wheeler Theft,BNS Sec 303 (Theft),Parked vehicle - residential,Ballari,Gandhinagar,Weekday mornings,Vehicle lifted onto pickup truck,Vehicle lifted onto pickup truck; target: Parked vehicle - residential; weekday mornings,2023-01-13,Linked to known offender record,46-55,F,4,Repeat,Alternates between two known methods
CASE-01149,OFF-00349,Counterfeit Currency,BNS Sec 178-180,Small retail shop,Mysuru,Saraswathipuram,Midday (12-3 PM),Bulk note circulation via shop network,Bulk note circulation via shop network; target: Small retail shop; midday (12-3 pm),2024-05-03,Linked to known offender record,46-55,F,4,Repeat,Consistent MO across all recorded cases
CASE-00883,OFF-00280,Chain Snatching,BNS Sec 304 (Snatching),Lone woman pedestrian,Hubballi-Dharwad,Keshwapur,Early morning (4-7 AM),Two-wheeler drive-by snatch,Two-wheeler drive-by snatch; target: Lone woman pedestrian; early morning (4-7 am),2024-01-17,Linked to known offender record,36-45,M,4,Repeat,Long gap then resurgence with same MO
CASE-01471,OFF-00447,Pickpocketing,BNS Sec 303 (Theft),Market crowd,Udupi,Kunjibettu,Evening rush (6-8 PM),Crowd distraction lift,Crowd distraction lift; target: Market crowd; evening rush (6-8 pm),2025-06-01,Linked to known offender record,56+,F,2,Repeat,Alternates between two known methods
CASE-01623,UNASSIGNED,Cyber Fraud (OTP/Phishing),IT Act Sec 66C/66D,Elderly account holder,Ramanagara,Town Centre,Weekday mornings,SMS phishing link,SMS phishing link; target: Elderly account holder; weekday mornings,2025-10-12,Open - no offender match recorded,N/A - case unmatched,N/A - case unmatched,N/A - case unmatched,N/A - case unmatched,N/A - case unmatched
CASE-01154,OFF-00350,Vehicle Theft (Four-wheeler),BNS Sec 303 (Theft),Parked vehicle - street,Mandya,Ashok Nagar,Midday (12-3 PM),Tow-away theft,Tow-away theft; target: Parked vehicle - street; midday (12-3 pm),2024-02-24,Linked to known offender record,56+,M,6,Repeat,Alternates between two known methods
CASE-01749,UNASSIGNED,Cyber Fraud (OTP/Phishing),IT Act Sec 66C/66D,First-time UPI user,Yadgir,Station Road area,Weekday mornings,SMS phishing link,SMS phishing link; target: First-time UPI user; weekday mornings,2025-02-08,Open - no offender match recorded,N/A - case unmatched,N/A - case unmatched,N/A - case unmatched,N/A - case unmatched,N/A - case unmatched
CASE-01334,OFF-00403,ATM Tampering/Skimming,BNS Sec 318 / IT Act,ATM users - unmanned kiosk,Mangaluru (Dakshina Kannada),Mangaladevi,Weekend nights,Shoulder-surfing + card swap,Shoulder-surfing + card swap; target: ATM users - unmanned kiosk; weekend nights,2025-05-23,Linked to known offender record,36-45,M,5,Repeat,Escalating frequency over last 6 months
CASE-01956,UNASSIGNED,ATM Tampering/Skimming,BNS Sec 318 / IT Act,ATM users - unmanned kiosk,Hassan,Race Course Road area,Early morning (4-7 AM),Shoulder-surfing + card swap,Shoulder-surfing + card swap; target: ATM users - unmanned kiosk; early morning (4-7 am),2023-11-14,Open - no offender match recorded,N/A - case unmatched,N/A - case unmatched,N/A - case unmatched,N/A - case unmatched,N/A - case unmatched
CASE-01265,OFF-00382,Cyber Fraud (OTP/Phishing),IT Act Sec 66C/66D,Elderly account holder,Koppal,Gangavathi Road area,Early morning (4-7 AM),Fake bank call requesting OTP,Fake bank call requesting OTP; target: Elderly account holder; early morning (4-7 am),2025-06-10,Linked to known offender record,26-35,F,3,Repeat,Consistent MO across all recorded cases
CASE-01587,UNASSIGNED,ATM Tampering/Skimming,BNS Sec 318 / IT Act,ATM users - unmanned kiosk,Haveri,Bypass Road area,Weekend nights,Shoulder-surfing + card swap,Shoulder-surfing + card swap; target: ATM users - unmanned kiosk; weekend nights,2024-05-27,Open - no offender match recorded,N/A - case unmatched,N/A - case unmatched,N/A - case unmatched,N/A - case unmatched,N/A - case unmatched
CASE-01784,UNASSIGNED,Two-Wheeler Theft,BNS Sec 303 (Theft),Parked vehicle - residential,Chitradurga,College Road area,Weekday mornings,Duplicate key / lock-picking,Duplicate key / lock-picking; target: Parked vehicle - residential; weekday mornings,2023-02-11,Open - no offender match recorded,N/A - case unmatched,N/A - case unmatched,N/A - case unmatched,N/A - case unmatched,N/A - case unmatched
CASE-01338,OFF-00404,Vehicle Theft (Four-wheeler),BNS Sec 303 (Theft),Parked vehicle - street,Uttara Kannada,Sirsi town,Midday (12-3 PM),Tow-away theft,Tow-away theft; target: Parked vehicle - street; midday (12-3 pm),2023-12-09,Linked to known offender record,36-45,M,3,Repeat,Escalating frequency over last 6 months
CASE-01809,UNASSIGNED,Cyber Fraud (OTP/Phishing),IT Act Sec 66C/66D,First-time UPI user,Ramanagara,Town Centre,Evening rush (6-8 PM),Fake bank call requesting OTP,Fake bank call requesting OTP; target: First-time UPI user; evening rush (6-8 pm),2025-01-12,Open - no offender match recorded,N/A - case unmatched,N/A - case unmatched,N/A - case unmatched,N/A - case unmatched,N/A - case unmatched
CASE-00935,OFF-00293,Cyber Fraud (OTP/Phishing),IT Act Sec 66C/66D,Elderly account holder,Hassan,Vidyanagar,Evening rush (6-8 PM),SMS phishing link,SMS phishing link; target: Elderly account holder; evening rush (6-8 pm),2024-02-04,Linked to known offender record,56+,F,6,Repeat,Consistent MO across all recorded cases
CASE-00106,OFF-00031,Chain Snatching,BNS Sec 304 (Snatching),Lone woman pedestrian,Kodagu,Virajpet town,Midday (12-3 PM),Two-wheeler drive-by snatch,Two-wheeler drive-by snatch; target: Lone woman pedestrian; midday (12-3 pm),2025-01-13,Linked to known offender record,18-25,M,5,Repeat,Escalating frequency over last 6 months
CASE-01505,UNASSIGNED,Pickpocketing,BNS Sec 303 (Theft),Bus/rail commuter,Kalaburagi,Station Road area,Evening rush (6-8 PM),Crowd distraction lift,Crowd distraction lift; target: Bus/rail commuter; evening rush (6-8 pm),2024-09-27,Open - no offender match recorded,N/A - case unmatched,N/A - case unmatched,N/A - case unmatched,N/A - case unmatched,N/A - case unmatched
CASE-00143,OFF-00041,Cyber Fraud (OTP/Phishing),IT Act Sec 66C/66D,First-time UPI user,Bidar,New Bidar,Early morning (4-7 AM),SMS phishing link,SMS phishing link; target: First-time UPI user; early morning (4-7 am),2023-03-09,Linked to known offender record,26-35,F,5,Repeat,Escalating frequency over last 6 months
CASE-01630,UNASSIGNED,Counterfeit Currency,BNS Sec 178-180,Currency exchange,Vijayapura,Station Area,Evening rush (6-8 PM),Bulk note circulation via shop network,Bulk note circulation via shop network; target: Currency exchange; evening rush (6-8 pm),2024-12-17,Open - no offender match recorded,N/A - case unmatched,N/A - case unmatched,N/A - case unmatched,N/A - case unmatched,N/A - case unmatched
CASE-00453,OFF-00146,ATM Tampering/Skimming,BNS Sec 318 / IT Act,ATM users - unmanned kiosk,Bengaluru Urban,Banashankari,Weekday mornings,Skimmer device installation,Skimmer device installation; target: ATM users - unmanned kiosk; weekday mornings,2024-03-08,Linked to known offender record,18-25,M,6,Repeat,Escalating frequency over last 6 months
CASE-01384,OFF-00423,Cyber Fraud (OTP/Phishing),IT Act Sec 66C/66D,Elderly account holder,Bagalkot,Navanagar,Evening rush (6-8 PM),Fake bank call requesting OTP,Fake bank call requesting OTP; target: Elderly account holder; evening rush (6-8 pm),2025-05-24,Linked to known offender record,36-45,M,6,Repeat,Single recorded case - insufficient pattern history
CASE-00157,OFF-00046,Counterfeit Currency,BNS Sec 178-180,Currency exchange,Mandya,Vidyanagar,Weekday mornings,Bulk note circulation via shop network,Bulk note circulation via shop network; target: Currency exchange; weekday mornings,2024-10-21,Linked to known offender record,56+,M,4,Repeat,Long gap then resurgence with same MO
CASE-00403,OFF-00130,Chain Snatching,BNS Sec 304 (Snatching),Lone woman pedestrian,Ballari,Bruce Pet,Evening rush (6-8 PM),Two-wheeler drive-by snatch,Two-wheeler drive-by snatch; target: Lone woman pedestrian; evening rush (6-8 pm),2023-02-22,Linked to known offender record,56+,M,4,Repeat,Alternates between two known methods
CASE-00772,OFF-00241,Two-Wheeler Theft,BNS Sec 303 (Theft),Parked vehicle - commercial area,Kalaburagi,Sedam Road area,Midday (12-3 PM),Duplicate key / lock-picking,Duplicate key / lock-picking; target: Parked vehicle - commercial area; midday (12-3 pm),2024-10-21,Linked to known offender record,26-35,F,5,Repeat,Alternates between two known methods
CASE-00087,OFF-00026,Chit Fund / Investment Fraud,BNS Sec 318 (Cheating),Small investor group,Kolar,Ambedkar Nagar,Late night (11 PM-2 AM),"Fake high-return scheme, cash collection","Fake high-return scheme, cash collection; target: Small investor group; late night (11 pm-2 am)",2025-11-21,Linked to known offender record,36-45,M,2,Repeat,Alternates between two known methods
CASE-00188,OFF-00053,Two-Wheeler Theft,BNS Sec 303 (Theft),Parked vehicle - commercial area,Bagalkot,Navanagar,Evening rush (6-8 PM),Vehicle lifted onto pickup truck,Vehicle lifted onto pickup truck; target: Parked vehicle - commercial area; evening rush (6-8 pm),2023-03-14,Linked to known offender record,46-55,M,5,Repeat,Escalating frequency over last 6 months
CASE-01252,OFF-00379,Counterfeit Currency,BNS Sec 178-180,Currency exchange,Bengaluru Rural,Nelamangala town,Early morning (4-7 AM),Bulk note circulation via shop network,Bulk note circulation via shop network; target: Currency exchange; early morning (4-7 am),2024-12-09,Linked to known offender record,18-25,M,5,Repeat,Escalating frequency over last 6 months
CASE-01261,OFF-00381,House Burglary,BNS Sec 305 (Burglary),Ground-floor apartment,Davanagere,Shamanur Road area,Midday (12-3 PM),Window grille cutting,Window grille cutting; target: Ground-floor apartment; midday (12-3 pm),2025-04-07,Linked to known offender record,46-55,M,4,Repeat,Consistent MO across all recorded cases
CASE-00071,OFF-00019,Shop Robbery,BNS Sec 309 (Robbery),Jewellery shop,Uttara Kannada,Kumta town,Late night (11 PM-2 AM),Late-night forced entry,Late-night forced entry; target: Jewellery shop; late night (11 pm-2 am),2023-04-14,Linked to known offender record,18-25,F,6,Repeat,Escalating frequency over last 6 months
CASE-01891,UNASSIGNED,Two-Wheeler Theft,BNS Sec 303 (Theft),Parked vehicle - residential,Kodagu,Madikeri town,Midday (12-3 PM),Vehicle lifted onto pickup truck,Vehicle lifted onto pickup truck; target: Parked vehicle - residential; midday (12-3 pm),2024-06-29,Open - no offender match recorded,N/A - case unmatched,N/A - case unmatched,N/A - case unmatched,N/A - case unmatched,N/A - case unmatched
CASE-00271,OFF-00081,Pickpocketing,BNS Sec 303 (Theft),Market crowd,Chitradurga,Old Bus Stand area,Late night (11 PM-2 AM),Crowd distraction lift,Crowd distraction lift; target: Market crowd; late night (11 pm-2 am),2024-04-08,Linked to known offender record,46-55,F,3,Repeat,Escalating frequency over last 6 months
CASE-01177,OFF-00356,ATM Tampering/Skimming,BNS Sec 318 / IT Act,ATM users - unmanned kiosk,Hassan,Bus Stand area,Midday (12-3 PM),Shoulder-surfing + card swap,Shoulder-surfing + card swap; target: ATM users - unmanned kiosk; midday (12-3 pm),2023-07-28,Linked to known offender record,46-55,F,6,Repeat,Consistent MO across all recorded cases
CASE-00370,OFF-00119,Shop Robbery,BNS Sec 309 (Robbery),Small retail shop,Ramanagara,Town Centre,Early morning (4-7 AM),"Armed threat, cash till","Armed threat, cash till; target: Small retail shop; early morning (4-7 am)",2023-11-12,Linked to known offender record,26-35,F,6,Repeat,Alternates between two known methods
CASE-00471,OFF-00150,Chain Snatching,BNS Sec 304 (Snatching),Elderly pedestrian,Hassan,Vidyanagar,Midday (12-3 PM),"Foot approach, distraction snatch","Foot approach, distraction snatch; target: Elderly pedestrian; midday (12-3 pm)",2023-12-10,Linked to known offender record,18-25,F,5,Repeat,Long gap then resurgence with same MO
CASE-00109,OFF-00032,House Burglary,BNS Sec 305 (Burglary),Ground-floor apartment,Mandya,Ashok Nagar,Weekday mornings,"Lock-breaking, rear entry","Lock-breaking, rear entry; target: Ground-floor apartment; weekday mornings",2024-05-13,Linked to known offender record,36-45,M,5,Repeat,Escalating frequency over last 6 months
CASE-01368,OFF-00416,Chain Snatching,BNS Sec 304 (Snatching),Lone woman pedestrian,Udupi,Malpe Road area,Midday (12-3 PM),"Foot approach, distraction snatch","Foot approach, distraction snatch; target: Lone woman pedestrian; midday (12-3 pm)",2024-02-04,Linked to known offender record,26-35,F,3,Repeat,Single recorded case - insufficient pattern history
CASE-01895,UNASSIGNED,Pickpocketing,BNS Sec 303 (Theft),Bus/rail commuter,Bidar,Old City area,Weekday mornings,Crowd distraction lift,Crowd distraction lift; target: Bus/rail commuter; weekday mornings,2023-06-25,Open - no offender match recorded,N/A - case unmatched,N/A - case unmatched,N/A - case unmatched,N/A - case unmatched,N/A - case unmatched
CASE-01824,UNASSIGNED,Vehicle Theft (Four-wheeler),BNS Sec 303 (Theft),Parked vehicle - street,Hubballi-Dharwad,Old Hubballi,Weekend nights,Relay key attack,Relay key attack; target: Parked vehicle - street; weekend nights,2023-04-17,Open - no offender match recorded,N/A - case unmatched,N/A - case unmatched,N/A - case unmatched,N/A - case unmatched,N/A - case unmatched
CASE-00678,OFF-00214,Vehicle Theft (Four-wheeler),BNS Sec 303 (Theft),Parked vehicle - street,Kolar,Bangarpet Road area,Weekday mornings,Tow-away theft,Tow-away theft; target: Parked vehicle - street; weekday mornings,2024-11-05,Linked to known offender record,56+,F,1,First recorded instance,Long gap then resurgence with same MO
CASE-00931,OFF-00292,Chain Snatching,BNS Sec 304 (Snatching),Lone woman pedestrian,Gadag,Station Road area,Midday (12-3 PM),Two-wheeler drive-by snatch,Two-wheeler drive-by snatch; target: Lone woman pedestrian; midday (12-3 pm),2025-01-15,Linked to known offender record,18-25,F,4,Repeat,Alternates between two known methods
CASE-00837,OFF-00261,Counterfeit Currency,BNS Sec 178-180,Currency exchange,Udupi,Malpe Road area,Early morning (4-7 AM),Bulk note circulation via shop network,Bulk note circulation via shop network; target: Currency exchange; early morning (4-7 am),2023-04-10,Linked to known offender record,56+,M,4,Repeat,Escalating frequency over last 6 months
CASE-00376,OFF-00121,Chit Fund / Investment Fraud,BNS Sec 318 (Cheating),Small investor group,Davanagere,Vinoba Nagar,Weekday mornings,"Fake high-return scheme, cash collection","Fake high-return scheme, cash collection; target: Small investor group; weekday mornings",2024-01-29,Linked to known offender record,26-35,F,4,Repeat,Alternates between two known methods
CASE-00971,OFF-00302,Shop Robbery,BNS Sec 309 (Robbery),Jewellery shop,Kolar,Old Bus Stand area,Weekday mornings,Late-night forced entry,Late-night forced entry; target: Jewellery shop; weekday mornings,2025-10-21,Linked to known offender record,18-25,F,5,Repeat,Escalating frequency over last 6 months
CASE-00392,OFF-00126,House Burglary,BNS Sec 305 (Burglary),Vacant residence,Koppal,Old Town,Weekday mornings,Window grille cutting,Window grille cutting; target: Vacant residence; weekday mornings,2025-10-02,Linked to known offender record,18-25,F,3,Repeat,Escalating frequency over last 6 months
CASE-01970,UNASSIGNED,Vehicle Theft (Four-wheeler),BNS Sec 303 (Theft),Parked vehicle - street,Udupi,Manipal,Midday (12-3 PM),Relay key attack,Relay key attack; target: Parked vehicle - street; midday (12-3 pm),2023-05-13,Open - no offender match recorded,N/A - case unmatched,N/A - case unmatched,N/A - case unmatched,N/A - case unmatched,N/A - case unmatched
CASE-00900,OFF-00284,Shop Robbery,BNS Sec 309 (Robbery),Small retail shop,Hassan,Race Course Road area,Early morning (4-7 AM),"Armed threat, cash till","Armed threat, cash till; target: Small retail shop; early morning (4-7 am)",2025-02-27,Linked to known offender record,26-35,F,6,Repeat,Long gap then resurgence with same MO
CASE-00594,OFF-00186,Cyber Fraud (OTP/Phishing),IT Act Sec 66C/66D,First-time UPI user,Bidar,New Bidar,Early morning (4-7 AM),Fake bank call requesting OTP,Fake bank call requesting OTP; target: First-time UPI user; early morning (4-7 am),2024-09-06,Linked to known offender record,36-45,M,5,Repeat,Long gap then resurgence with same MO
CASE-00140,OFF-00040,Pickpocketing,BNS Sec 303 (Theft),Bus/rail commuter,Hassan,Race Course Road area,Evening rush (6-8 PM),Bag slit and remove,Bag slit and remove; target: Bus/rail commuter; evening rush (6-8 pm),2025-06-09,Linked to known offender record,56+,F,5,Repeat,Escalating frequency over last 6 months
CASE-00609,OFF-00191,House Burglary,BNS Sec 305 (Burglary),Ground-floor apartment,Hassan,Bus Stand area,Evening rush (6-8 PM),Window grille cutting,Window grille cutting; target: Ground-floor apartment; evening rush (6-8 pm),2024-09-22,Linked to known offender record,36-45,M,2,Repeat,Single recorded case - insufficient pattern history
CASE-01997,UNASSIGNED,Two-Wheeler Theft,BNS Sec 303 (Theft),Parked vehicle - commercial area,Hassan,Race Course Road area,Early morning (4-7 AM),Vehicle lifted onto pickup truck,Vehicle lifted onto pickup truck; target: Parked vehicle - commercial area; early morning (4-7 am),2025-08-07,Open - no offender match recorded,N/A - case unmatched,N/A - case unmatched,N/A - case unmatched,N/A - case unmatched,N/A - case unmatched
CASE-01918,UNASSIGNED,Two-Wheeler Theft,BNS Sec 303 (Theft),Parked vehicle - residential,Bengaluru Rural,Devanahalli town,Weekday mornings,Vehicle lifted onto pickup truck,Vehicle lifted onto pickup truck; target: Parked vehicle - residential; weekday mornings,2023-06-05,Open - no offender match recorded,N/A - case unmatched,N/A - case unmatched,N/A - case unmatched,N/A - case unmatched,N/A - case unmatched
CASE-01186,OFF-00359,ATM Tampering/Skimming,BNS Sec 318 / IT Act,ATM users - unmanned kiosk,Vijayapura,Jubilee Circle area,Weekend nights,Shoulder-surfing + card swap,Shoulder-surfing + card swap; target: ATM users - unmanned kiosk; weekend nights,2025-06-12,Linked to known offender record,56+,M,2,Repeat,Long gap then resurgence with same MO
CASE-01448,OFF-00442,Chit Fund / Investment Fraud,BNS Sec 318 (Cheating),Small investor group,Ballari,Gandhinagar,Weekend nights,"Fake high-return scheme, cash collection","Fake high-return scheme, cash collection; target: Small investor group; weekend nights",2025-09-27,Linked to known offender record,46-55,F,2,Repeat,Escalating frequency over last 6 months
CASE-00386,OFF-00123,House Burglary,BNS Sec 305 (Burglary),Vacant residence,Ramanagara,Town Centre,Early morning (4-7 AM),Impersonation as utility worker,Impersonation as utility worker; target: Vacant residence; early morning (4-7 am),2024-09-06,Linked to known offender record,26-35,M,4,Repeat,Long gap then resurgence with same MO
CASE-00465,OFF-00149,Counterfeit Currency,BNS Sec 178-180,Small retail shop,Mangaluru (Dakshina Kannada),Hampankatta,Weekday mornings,Bulk note circulation via shop network,Bulk note circulation via shop network; target: Small retail shop; weekday mornings,2023-10-07,Linked to known offender record,26-35,F,5,Repeat,Escalating frequency over last 6 months
CASE-01004,OFF-00310,Cyber Fraud (OTP/Phishing),IT Act Sec 66C/66D,Elderly account holder,Kodagu,Madikeri town,Evening rush (6-8 PM),Fake bank call requesting OTP,Fake bank call requesting OTP; target: Elderly account holder; evening rush (6-8 pm),2025-11-28,Linked to known offender record,46-55,M,6,Repeat,Escalating frequency over last 6 months
CASE-01649,UNASSIGNED,Cyber Fraud (OTP/Phishing),IT Act Sec 66C/66D,First-time UPI user,Uttara Kannada,Sirsi town,Midday (12-3 PM),Fake bank call requesting OTP,Fake bank call requesting OTP; target: First-time UPI user; midday (12-3 pm),2023-03-12,Open - no offender match recorded,N/A - case unmatched,N/A - case unmatched,N/A - case unmatched,N/A - case unmatched,N/A - case unmatched
CASE-00541,OFF-00171,Cyber Fraud (OTP/Phishing),IT Act Sec 66C/66D,First-time UPI user,Davanagere,Shamanur Road area,Late night (11 PM-2 AM),SMS phishing link,SMS phishing link; target: First-time UPI user; late night (11 pm-2 am),2025-01-02,Linked to known offender record,18-25,F,3,Repeat,Long gap then resurgence with same MO
CASE-01658,UNASSIGNED,Vehicle Theft (Four-wheeler),BNS Sec 303 (Theft),Parked vehicle - street,Raichur,Old Town,Early morning (4-7 AM),Relay key attack,Relay key attack; target: Parked vehicle - street; early morning (4-7 am),2024-10-08,Open - no offender match recorded,N/A - case unmatched,N/A - case unmatched,N/A - case unmatched,N/A - case unmatched,N/A - case unmatched
CASE-00598,OFF-00187,Pickpocketing,BNS Sec 303 (Theft),Bus/rail commuter,Kodagu,Madikeri town,Evening rush (6-8 PM),Bag slit and remove,Bag slit and remove; target: Bus/rail commuter; evening rush (6-8 pm),2025-05-21,Linked to known offender record,56+,M,2,Repeat,Consistent MO across all recorded cases
CASE-01522,UNASSIGNED,Cyber Fraud (OTP/Phishing),IT Act Sec 66C/66D,First-time UPI user,Shivamogga,Vinoba Nagar,Evening rush (6-8 PM),Fake bank call requesting OTP,Fake bank call requesting OTP; target: First-time UPI user; evening rush (6-8 pm),2023-09-08,Open - no offender match recorded,N/A - case unmatched,N/A - case unmatched,N/A - case unmatched,N/A - case unmatched,N/A - case unmatched
CASE-01351,OFF-00410,Cyber Fraud (OTP/Phishing),IT Act Sec 66C/66D,Elderly account holder,Chitradurga,Basaveshwara Nagar,Weekday mornings,SMS phishing link,SMS phishing link; target: Elderly account holder; weekday mornings,2023-12-15,Linked to known offender record,26-35,M,5,Repeat,Consistent MO across all recorded cases
CASE-01318,OFF-00398,Chain Snatching,BNS Sec 304 (Snatching),Elderly pedestrian,Kolar,Old Bus Stand area,Early morning (4-7 AM),"Foot approach, distraction snatch","Foot approach, distraction snatch; target: Elderly pedestrian; early morning (4-7 am)",2024-11-15,Linked to known offender record,26-35,F,6,Repeat,Escalating frequency over last 6 months
CASE-00091,OFF-00027,Shop Robbery,BNS Sec 309 (Robbery),Small retail shop,Tumakuru,SS Puram,Weekend nights,"Armed threat, cash till","Armed threat, cash till; target: Small retail shop; weekend nights",2024-12-27,Linked to known offender record,56+,F,5,Repeat,Single recorded case - insufficient pattern history
CASE-01825,UNASSIGNED,Two-Wheeler Theft,BNS Sec 303 (Theft),Parked vehicle - residential,Mandya,Ashok Nagar,Early morning (4-7 AM),Vehicle lifted onto pickup truck,Vehicle lifted onto pickup truck; target: Parked vehicle - residential; early morning (4-7 am),2024-09-04,Open - no offender match recorded,N/A - case unmatched,N/A - case unmatched,N/A - case unmatched,N/A - case unmatched,N/A - case unmatched
CASE-01543,UNASSIGNED,ATM Tampering/Skimming,BNS Sec 318 / IT Act,ATM users - unmanned kiosk,Udupi,Malpe Road area,Weekend nights,Skimmer device installation,Skimmer device installation; target: ATM users - unmanned kiosk; weekend nights,2023-04-25,Open - no offender match recorded,N/A - case unmatched,N/A - case unmatched,N/A - case unmatched,N/A - case unmatched,N/A - case unmatched
CASE-01758,UNASSIGNED,Chain Snatching,BNS Sec 304 (Snatching),Lone woman pedestrian,Hassan,Bus Stand area,Weekend nights,"Foot approach, distraction snatch","Foot approach, distraction snatch; target: Lone woman pedestrian; weekend nights",2024-08-25,Open - no offender match recorded,N/A - case unmatched,N/A - case unmatched,N/A - case unmatched,N/A - case unmatched,N/A - case unmatched
CASE-00527,OFF-00166,House Burglary,BNS Sec 305 (Burglary),Vacant residence,Mangaluru (Dakshina Kannada),Bejai,Early morning (4-7 AM),Window grille cutting,Window grille cutting; target: Vacant residence; early morning (4-7 am),2025-03-13,Linked to known offender record,56+,M,4,Repeat,Long gap then resurgence with same MO
CASE-00968,OFF-00300,Shop Robbery,BNS Sec 309 (Robbery),Small retail shop,Mandya,Bannur Road area,Weekend nights,"Armed threat, cash till","Armed threat, cash till; target: Small retail shop; weekend nights",2024-03-14,Linked to known offender record,18-25,F,6,Repeat,Alternates between two known methods
CASE-00018,OFF-00008,Two-Wheeler Theft,BNS Sec 303 (Theft),Parked vehicle - residential,Davanagere,PJ Extension,Early morning (4-7 AM),Duplicate key / lock-picking,Duplicate key / lock-picking; target: Parked vehicle - residential; early morning (4-7 am),2023-10-25,Linked to known offender record,18-25,M,5,Repeat,Consistent MO across all recorded cases
CASE-00016,OFF-00007,Vehicle Theft (Four-wheeler),BNS Sec 303 (Theft),Parked vehicle - street,Kolar,Old Bus Stand area,Weekday mornings,Tow-away theft,Tow-away theft; target: Parked vehicle - street; weekday mornings,2024-09-15,Linked to known offender record,26-35,M,3,Repeat,Long gap then resurgence with same MO
CASE-00320,OFF-00101,Chit Fund / Investment Fraud,BNS Sec 318 (Cheating),Small investor group,Bengaluru Rural,Devanahalli town,Weekday mornings,"Fake high-return scheme, cash collection","Fake high-return scheme, cash collection; target: Small investor group; weekday mornings",2024-01-05,Linked to known offender record,56+,M,2,Repeat,Single recorded case - insufficient pattern history
CASE-00296,OFF-00091,Two-Wheeler Theft,BNS Sec 303 (Theft),Parked vehicle - residential,Chamarajanagar,Kollegal Road area,Weekend nights,Duplicate key / lock-picking,Duplicate key / lock-picking; target: Parked vehicle - residential; weekend nights,2024-03-03,Linked to known offender record,18-25,M,4,Repeat,Alternates between two known methods
CASE-00810,OFF-00253,Cyber Fraud (OTP/Phishing),IT Act Sec 66C/66D,Elderly account holder,Ballari,Bruce Pet,Weekday mornings,Fake bank call requesting OTP,Fake bank call requesting OTP; target: Elderly account holder; weekday mornings,2023-02-25,Linked to known offender record,18-25,F,2,Repeat,Consistent MO across all recorded cases
CASE-01171,OFF-00355,Shop Robbery,BNS Sec 309 (Robbery),Jewellery shop,Shivamogga,Gopala Extension,Weekday mornings,Late-night forced entry,Late-night forced entry; target: Jewellery shop; weekday mornings,2024-04-17,Linked to known offender record,26-35,M,1,First recorded instance,Single recorded case - insufficient pattern history
CASE-01122,OFF-00342,Chain Snatching,BNS Sec 304 (Snatching),Lone woman pedestrian,Chitradurga,Old Bus Stand area,Midday (12-3 PM),"Foot approach, distraction snatch","Foot approach, distraction snatch; target: Lone woman pedestrian; midday (12-3 pm)",2024-08-19,Linked to known offender record,56+,F,5,Repeat,Escalating frequency over last 6 months
CASE-01240,OFF-00376,Shop Robbery,BNS Sec 309 (Robbery),Jewellery shop,Shivamogga,Vinoba Nagar,Early morning (4-7 AM),Late-night forced entry,Late-night forced entry; target: Jewellery shop; early morning (4-7 am),2024-01-18,Linked to known offender record,46-55,M,5,Repeat,Consistent MO across all recorded cases
CASE-01215,OFF-00367,Counterfeit Currency,BNS Sec 178-180,Small retail shop,Bagalkot,Navanagar,Midday (12-3 PM),Bulk note circulation via shop network,Bulk note circulation via shop network; target: Small retail shop; midday (12-3 pm),2024-11-18,Linked to known offender record,18-25,F,2,Repeat,Escalating frequency over last 6 months
CASE-01353,OFF-00410,Cyber Fraud (OTP/Phishing),IT Act Sec 66C/66D,First-time UPI user,Chitradurga,Basaveshwara Nagar,Weekday mornings,SMS phishing link,SMS phishing link; target: First-time UPI user; weekday mornings,2025-12-06,Linked to known offender record,26-35,M,5,Repeat,Consistent MO across all recorded cases
CASE-01007,OFF-00311,Vehicle Theft (Four-wheeler),BNS Sec 303 (Theft),Parked vehicle - street,Shivamogga,Durgigudi,Midday (12-3 PM),Relay key attack,Relay key attack; target: Parked vehicle - street; midday (12-3 pm),2024-02-04,Linked to known offender record,46-55,F,3,Repeat,Single recorded case - insufficient pattern history
CASE-01396,OFF-00425,Shop Robbery,BNS Sec 309 (Robbery),Small retail shop,Bengaluru Rural,Devanahalli town,Midday (12-3 PM),Late-night forced entry,Late-night forced entry; target: Small retail shop; midday (12-3 pm),2024-07-21,Linked to known offender record,18-25,M,1,First recorded instance,Long gap then resurgence with same MO
CASE-01482,OFF-00451,Shop Robbery,BNS Sec 309 (Robbery),Jewellery shop,Raichur,Station Road area,Weekday mornings,Late-night forced entry,Late-night forced entry; target: Jewellery shop; weekday mornings,2025-02-18,Linked to known offender record,46-55,M,5,Repeat,Alternates between two known methods
CASE-00627,OFF-00199,Chit Fund / Investment Fraud,BNS Sec 318 (Cheating),Small investor group,Hubballi-Dharwad,Old Hubballi,Weekday mornings,"Fake high-return scheme, cash collection","Fake high-return scheme, cash collection; target: Small investor group; weekday mornings",2025-11-04,Linked to known offender record,46-55,M,6,Repeat,Single recorded case - insufficient pattern history
CASE-00766,OFF-00238,ATM Tampering/Skimming,BNS Sec 318 / IT Act,ATM users - unmanned kiosk,Bengaluru Urban,Whitefield,Weekend nights,Skimmer device installation,Skimmer device installation; target: ATM users - unmanned kiosk; weekend nights,2025-02-01,Linked to known offender record,26-35,M,2,Repeat,Consistent MO across all recorded cases
CASE-01378,OFF-00420,Pickpocketing,BNS Sec 303 (Theft),Market crowd,Mangaluru (Dakshina Kannada),Kadri,Weekday mornings,Bag slit and remove,Bag slit and remove; target: Market crowd; weekday mornings,2023-10-23,Linked to known offender record,18-25,M,4,Repeat,Escalating frequency over last 6 months
CASE-01786,UNASSIGNED,Chain Snatching,BNS Sec 304 (Snatching),Elderly pedestrian,Tumakuru,SS Puram,Early morning (4-7 AM),"Foot approach, distraction snatch","Foot approach, distraction snatch; target: Elderly pedestrian; early morning (4-7 am)",2023-12-24,Open - no offender match recorded,N/A - case unmatched,N/A - case unmatched,N/A - case unmatched,N/A - case unmatched,N/A - case unmatched
CASE-00394,OFF-00127,Chit Fund / Investment Fraud,BNS Sec 318 (Cheating),Small investor group,Tumakuru,SS Puram,Evening rush (6-8 PM),"Fake high-return scheme, cash collection","Fake high-return scheme, cash collection; target: Small investor group; evening rush (6-8 pm)",2024-01-20,Linked to known offender record,46-55,F,2,Repeat,Long gap then resurgence with same MO
CASE-00204,OFF-00060,Pickpocketing,BNS Sec 303 (Theft),Market crowd,Ramanagara,Town Centre,Early morning (4-7 AM),Bag slit and remove,Bag slit and remove; target: Market crowd; early morning (4-7 am),2025-01-15,Linked to known offender record,46-55,M,5,Repeat,Single recorded case - insufficient pattern history
CASE-01709,UNASSIGNED,Two-Wheeler Theft,BNS Sec 303 (Theft),Parked vehicle - residential,Ballari,Bruce Pet,Evening rush (6-8 PM),Duplicate key / lock-picking,Duplicate key / lock-picking; target: Parked vehicle - residential; evening rush (6-8 pm),2023-11-04,Open - no offender match recorded,N/A - case unmatched,N/A - case unmatched,N/A - case unmatched,N/A - case unmatched,N/A - case unmatched
CASE-00132,OFF-00038,Pickpocketing,BNS Sec 303 (Theft),Bus/rail commuter,Hassan,Race Course Road area,Late night (11 PM-2 AM),Bag slit and remove,Bag slit and remove; target: Bus/rail commuter; late night (11 pm-2 am),2024-10-25,Linked to known offender record,36-45,M,1,First recorded instance,Long gap then resurgence with same MO
CASE-00446,OFF-00142,Vehicle Theft (Four-wheeler),BNS Sec 303 (Theft),Parked vehicle - street,Hubballi-Dharwad,Vidyanagar,Evening rush (6-8 PM),Relay key attack,Relay key attack; target: Parked vehicle - street; evening rush (6-8 pm),2025-07-02,Linked to known offender record,46-55,F,4,Repeat,Consistent MO across all recorded cases
CASE-01395,OFF-00424,Counterfeit Currency,BNS Sec 178-180,Currency exchange,Yadgir,Bus Stand area,Weekday mornings,Cash-for-goods swap,Cash-for-goods swap; target: Currency exchange; weekday mornings,2023-04-03,Linked to known offender record,46-55,M,6,Repeat,Alternates between two known methods
CASE-01449,OFF-00442,Chit Fund / Investment Fraud,BNS Sec 318 (Cheating),Small investor group,Mangaluru (Dakshina Kannada),Hampankatta,Midday (12-3 PM),"Fake high-return scheme, cash collection","Fake high-return scheme, cash collection; target: Small investor group; midday (12-3 pm)",2023-10-01,Linked to known offender record,46-55,F,2,Repeat,Escalating frequency over last 6 months
CASE-00166,OFF-00048,Two-Wheeler Theft,BNS Sec 303 (Theft),Parked vehicle - residential,Mysuru,Vijayanagar,Weekday mornings,Vehicle lifted onto pickup truck,Vehicle lifted onto pickup truck; target: Parked vehicle - residential; weekday mornings,2025-01-29,Linked to known offender record,46-55,F,4,Repeat,Alternates between two known methods
CASE-01442,OFF-00440,Chain Snatching,BNS Sec 304 (Snatching),Lone woman pedestrian,Chikkamagaluru,Kalasapura,Midday (12-3 PM),Two-wheeler drive-by snatch,Two-wheeler drive-by snatch; target: Lone woman pedestrian; midday (12-3 pm),2023-10-18,Linked to known offender record,56+,F,1,First recorded instance,Alternates between two known methods
CASE-01847,UNASSIGNED,Cyber Fraud (OTP/Phishing),IT Act Sec 66C/66D,Elderly account holder,Shivamogga,Gopala Extension,Weekend nights,SMS phishing link,SMS phishing link; target: Elderly account holder; weekend nights,2023-11-23,Open - no offender match recorded,N/A - case unmatched,N/A - case unmatched,N/A - case unmatched,N/A - case unmatched,N/A - case unmatched
CASE-01131,OFF-00344,Two-Wheeler Theft,BNS Sec 303 (Theft),Parked vehicle - residential,Ramanagara,Town Centre,Weekend nights,Duplicate key / lock-picking,Duplicate key / lock-picking; target: Parked vehicle - residential; weekend nights,2023-02-23,Linked to known offender record,18-25,M,6,Repeat,Consistent MO across all recorded cases
CASE-01361,OFF-00414,Chit Fund / Investment Fraud,BNS Sec 318 (Cheating),Small investor group,Bengaluru Urban,BTM Layout,Midday (12-3 PM),"Fake high-return scheme, cash collection","Fake high-return scheme, cash collection; target: Small investor group; midday (12-3 pm)",2023-12-05,Linked to known offender record,46-55,M,3,Repeat,Alternates between two known methods
CASE-01030,OFF-00317,House Burglary,BNS Sec 305 (Burglary),Ground-floor apartment,Haveri,Old Town,Weekday mornings,"Lock-breaking, rear entry","Lock-breaking, rear entry; target: Ground-floor apartment; weekday mornings",2023-04-06,Linked to known offender record,56+,F,1,First recorded instance,Escalating frequency over last 6 months
CASE-01206,OFF-00364,Chit Fund / Investment Fraud,BNS Sec 318 (Cheating),Small investor group,Ramanagara,Bengaluru-Mysuru Highway area,Evening rush (6-8 PM),"Fake high-return scheme, cash collection","Fake high-return scheme, cash collection; target: Small investor group; evening rush (6-8 pm)",2023-10-16,Linked to known offender record,56+,F,5,Repeat,Escalating frequency over last 6 months
CASE-00532,OFF-00167,Vehicle Theft (Four-wheeler),BNS Sec 303 (Theft),Parked vehicle - street,Yadgir,Bus Stand area,Late night (11 PM-2 AM),Relay key attack,Relay key attack; target: Parked vehicle - street; late night (11 pm-2 am),2024-05-01,Linked to known offender record,18-25,M,3,Repeat,Alternates between two known methods
CASE-00895,OFF-00283,Pickpocketing,BNS Sec 303 (Theft),Market crowd,Hubballi-Dharwad,Old Hubballi,Late night (11 PM-2 AM),Crowd distraction lift,Crowd distraction lift; target: Market crowd; late night (11 pm-2 am),2025-02-14,Linked to known offender record,26-35,F,3,Repeat,Single recorded case - insufficient pattern history
CASE-00718,OFF-00226,Chit Fund / Investment Fraud,BNS Sec 318 (Cheating),Small investor group,Chamarajanagar,Town Centre,Midday (12-3 PM),"Fake high-return scheme, cash collection","Fake high-return scheme, cash collection; target: Small investor group; midday (12-3 pm)",2024-01-21,Linked to known offender record,56+,F,2,Repeat,Single recorded case - insufficient pattern history
CASE-01314,OFF-00397,House Burglary,BNS Sec 305 (Burglary),Ground-floor apartment,Vijayapura,Athani Road area,Weekday mornings,Window grille cutting,Window grille cutting; target: Ground-floor apartment; weekday mornings,2025-05-13,Linked to known offender record,36-45,M,4,Repeat,Escalating frequency over last 6 months
CASE-00420,OFF-00135,Vehicle Theft (Four-wheeler),BNS Sec 303 (Theft),Parked vehicle - street,Uttara Kannada,Kumta town,Weekday mornings,Relay key attack,Relay key attack; target: Parked vehicle - street; weekday mornings,2025-09-27,Linked to known offender record,26-35,M,4,Repeat,Consistent MO across all recorded cases
CASE-00516,OFF-00162,Shop Robbery,BNS Sec 309 (Robbery),Jewellery shop,Uttara Kannada,Kumta town,Weekday mornings,Late-night forced entry,Late-night forced entry; target: Jewellery shop; weekday mornings,2025-02-06,Linked to known offender record,18-25,M,6,Repeat,Escalating frequency over last 6 months
CASE-01079,OFF-00329,Chit Fund / Investment Fraud,BNS Sec 318 (Cheating),Small investor group,Chikkamagaluru,MG Road area,Early morning (4-7 AM),"Fake high-return scheme, cash collection","Fake high-return scheme, cash collection; target: Small investor group; early morning (4-7 am)",2024-10-16,Linked to known offender record,46-55,F,4,Repeat,Alternates between two known methods
CASE-01454,OFF-00443,House Burglary,BNS Sec 305 (Burglary),Vacant residence,Chitradurga,Basaveshwara Nagar,Early morning (4-7 AM),Window grille cutting,Window grille cutting; target: Vacant residence; early morning (4-7 am),2025-01-13,Linked to known offender record,56+,F,6,Repeat,Alternates between two known methods
CASE-00183,OFF-00052,Two-Wheeler Theft,BNS Sec 303 (Theft),Parked vehicle - commercial area,Haveri,Bypass Road area,Early morning (4-7 AM),Vehicle lifted onto pickup truck,Vehicle lifted onto pickup truck; target: Parked vehicle - commercial area; early morning (4-7 am),2023-04-15,Linked to known offender record,18-25,M,5,Repeat,Consistent MO across all recorded cases
CASE-00558,OFF-00176,Chit Fund / Investment Fraud,BNS Sec 318 (Cheating),Small investor group,Vijayapura,Jubilee Circle area,Weekend nights,"Fake high-return scheme, cash collection","Fake high-return scheme, cash collection; target: Small investor group; weekend nights",2024-02-24,Linked to known offender record,26-35,M,6,Repeat,Long gap then resurgence with same MO
CASE-01228,OFF-00371,Cyber Fraud (OTP/Phishing),IT Act Sec 66C/66D,Elderly account holder,Haveri,Old Town,Early morning (4-7 AM),SMS phishing link,SMS phishing link; target: Elderly account holder; early morning (4-7 am),2025-04-13,Linked to known offender record,36-45,M,4,Repeat,Alternates between two known methods
CASE-00861,OFF-00271,Chain Snatching,BNS Sec 304 (Snatching),Elderly pedestrian,Mysuru,Kuvempunagar,Early morning (4-7 AM),Two-wheeler drive-by snatch,Two-wheeler drive-by snatch; target: Elderly pedestrian; early morning (4-7 am),2025-05-24,Linked to known offender record,46-55,M,5,Repeat,Single recorded case - insufficient pattern history
CASE-00833,OFF-00260,Cyber Fraud (OTP/Phishing),IT Act Sec 66C/66D,First-time UPI user,Haveri,Old Town,Early morning (4-7 AM),Fake bank call requesting OTP,Fake bank call requesting OTP; target: First-time UPI user; early morning (4-7 am),2025-03-12,Linked to known offender record,56+,F,4,Repeat,Escalating frequency over last 6 months
CASE-01735,UNASSIGNED,Shop Robbery,BNS Sec 309 (Robbery),Small retail shop,Kalaburagi,Jewargi Road area,Weekend nights,Late-night forced entry,Late-night forced entry; target: Small retail shop; weekend nights,2023-08-01,Open - no offender match recorded,N/A - case unmatched,N/A - case unmatched,N/A - case unmatched,N/A - case unmatched,N/A - case unmatched
CASE-00599,OFF-00188,ATM Tampering/Skimming,BNS Sec 318 / IT Act,ATM users - unmanned kiosk,Bengaluru Urban,Banashankari,Evening rush (6-8 PM),Skimmer device installation,Skimmer device installation; target: ATM users - unmanned kiosk; evening rush (6-8 pm),2023-03-11,Linked to known offender record,18-25,M,6,Repeat,Alternates between two known methods
CASE-00269,OFF-00080,House Burglary,BNS Sec 305 (Burglary),Ground-floor apartment,Tumakuru,Kunigal Road area,Midday (12-3 PM),Impersonation as utility worker,Impersonation as utility worker; target: Ground-floor apartment; midday (12-3 pm),2023-03-04,Linked to known offender record,36-45,M,2,Repeat,Consistent MO across all recorded cases
CASE-01224,OFF-00370,Cyber Fraud (OTP/Phishing),IT Act Sec 66C/66D,Elderly account holder,Chikkaballapur,Bus Stand area,Weekend nights,SMS phishing link,SMS phishing link; target: Elderly account holder; weekend nights,2025-08-27,Linked to known offender record,36-45,M,2,Repeat,Alternates between two known methods
CASE-01728,UNASSIGNED,Counterfeit Currency,BNS Sec 178-180,Small retail shop,Shivamogga,Gopala Extension,Early morning (4-7 AM),Cash-for-goods swap,Cash-for-goods swap; target: Small retail shop; early morning (4-7 am),2024-02-02,Open - no offender match recorded,N/A - case unmatched,N/A - case unmatched,N/A - case unmatched,N/A - case unmatched,N/A - case unmatched
CASE-01923,UNASSIGNED,Vehicle Theft (Four-wheeler),BNS Sec 303 (Theft),Parked vehicle - street,Udupi,Manipal,Late night (11 PM-2 AM),Tow-away theft,Tow-away theft; target: Parked vehicle - street; late night (11 pm-2 am),2024-08-18,Open - no offender match recorded,N/A - case unmatched,N/A - case unmatched,N/A - case unmatched,N/A - case unmatched,N/A - case unmatched
CASE-00307,OFF-00096,Shop Robbery,BNS Sec 309 (Robbery),Jewellery shop,Shivamogga,Gopala Extension,Weekend nights,Late-night forced entry,Late-night forced entry; target: Jewellery shop; weekend nights,2023-06-12,Linked to known offender record,46-55,M,1,First recorded instance,Long gap then resurgence with same MO
CASE-01178,OFF-00357,Chain Snatching,BNS Sec 304 (Snatching),Lone woman pedestrian,Bengaluru Urban,Yeshwanthpur,Late night (11 PM-2 AM),"Foot approach, distraction snatch","Foot approach, distraction snatch; target: Lone woman pedestrian; late night (11 pm-2 am)",2024-06-01,Linked to known offender record,18-25,M,6,Repeat,Single recorded case - insufficient pattern history
CASE-01711,UNASSIGNED,Vehicle Theft (Four-wheeler),BNS Sec 303 (Theft),Parked vehicle - street,Mysuru,Bannimantap,Early morning (4-7 AM),Relay key attack,Relay key attack; target: Parked vehicle - street; early morning (4-7 am),2023-08-28,Open - no offender match recorded,N/A - case unmatched,N/A - case unmatched,N/A - case unmatched,N/A - case unmatched,N/A - case unmatched
CASE-00583,OFF-00183,House Burglary,BNS Sec 305 (Burglary),Ground-floor apartment,Chikkamagaluru,Kalasapura,Late night (11 PM-2 AM),Window grille cutting,Window grille cutting; target: Ground-floor apartment; late night (11 pm-2 am),2024-04-03,Linked to known offender record,36-45,F,6,Repeat,Single recorded case - insufficient pattern history
CASE-01499,OFF-00455,Two-Wheeler Theft,BNS Sec 303 (Theft),Parked vehicle - residential,Bengaluru Urban,Banashankari,Late night (11 PM-2 AM),Vehicle lifted onto pickup truck,Vehicle lifted onto pickup truck; target: Parked vehicle - residential; late night (11 pm-2 am),2025-03-13,Linked to known offender record,46-55,M,3,Repeat,Alternates between two known methods
CASE-00513,OFF-00162,Shop Robbery,BNS Sec 309 (Robbery),Jewellery shop,Uttara Kannada,Sirsi town,Weekday mornings,Late-night forced entry,Late-night forced entry; target: Jewellery shop; weekday mornings,2023-09-16,Linked to known offender record,18-25,M,6,Repeat,Escalating frequency over last 6 months
CASE-01239,OFF-00375,House Burglary,BNS Sec 305 (Burglary),Ground-floor apartment,Uttara Kannada,Sirsi town,Weekday mornings,Impersonation as utility worker,Impersonation as utility worker; target: Ground-floor apartment; weekday mornings,2025-11-05,Linked to known offender record,26-35,F,2,Repeat,Single recorded case - insufficient pattern history
CASE-01921,UNASSIGNED,Vehicle Theft (Four-wheeler),BNS Sec 303 (Theft),Parked vehicle - street,Chamarajanagar,Kollegal Road area,Evening rush (6-8 PM),Relay key attack,Relay key attack; target: Parked vehicle - street; evening rush (6-8 pm),2024-12-12,Open - no offender match recorded,N/A - case unmatched,N/A - case unmatched,N/A - case unmatched,N/A - case unmatched,N/A - case unmatched
CASE-01382,OFF-00422,Chit Fund / Investment Fraud,BNS Sec 318 (Cheating),Small investor group,Raichur,Ashok Nagar,Early morning (4-7 AM),"Fake high-return scheme, cash collection","Fake high-return scheme, cash collection; target: Small investor group; early morning (4-7 am)",2025-10-29,Linked to known offender record,56+,M,3,Repeat,Consistent MO across all recorded cases
CASE-00990,OFF-00306,Chit Fund / Investment Fraud,BNS Sec 318 (Cheating),Small investor group,Kolar,Old Bus Stand area,Early morning (4-7 AM),"Fake high-return scheme, cash collection","Fake high-return scheme, cash collection; target: Small investor group; early morning (4-7 am)",2025-12-17,Linked to known offender record,46-55,F,3,Repeat,Consistent MO across all recorded cases
CASE-00869,OFF-00276,Counterfeit Currency,BNS Sec 178-180,Small retail shop,Udupi,Manipal,Evening rush (6-8 PM),Cash-for-goods swap,Cash-for-goods swap; target: Small retail shop; evening rush (6-8 pm),2025-12-30,Linked to known offender record,36-45,F,4,Repeat,Escalating frequency over last 6 months
CASE-01397,OFF-00426,ATM Tampering/Skimming,BNS Sec 318 / IT Act,ATM users - unmanned kiosk,Belagavi,Camp Area,Midday (12-3 PM),Skimmer device installation,Skimmer device installation; target: ATM users - unmanned kiosk; midday (12-3 pm),2023-09-27,Linked to known offender record,46-55,F,1,First recorded instance,Consistent MO across all recorded cases
CASE-00724,OFF-00229,Shop Robbery,BNS Sec 309 (Robbery),Small retail shop,Haveri,Old Town,Midday (12-3 PM),"Armed threat, cash till","Armed threat, cash till; target: Small retail shop; midday (12-3 pm)",2025-04-09,Linked to known offender record,46-55,M,6,Repeat,Long gap then resurgence with same MO
CASE-00363,OFF-00118,Shop Robbery,BNS Sec 309 (Robbery),Small retail shop,Ramanagara,Bengaluru-Mysuru Highway area,Weekend nights,Late-night forced entry,Late-night forced entry; target: Small retail shop; weekend nights,2024-02-11,Linked to known offender record,26-35,F,3,Repeat,Consistent MO across all recorded cases
CASE-00070,OFF-00019,Shop Robbery,BNS Sec 309 (Robbery),Jewellery shop,Bagalkot,Navanagar,Late night (11 PM-2 AM),Late-night forced entry,Late-night forced entry; target: Jewellery shop; late night (11 pm-2 am),2024-05-05,Linked to known offender record,18-25,F,6,Repeat,Escalating frequency over last 6 months
CASE-01118,OFF-00340,Pickpocketing,BNS Sec 303 (Theft),Bus/rail commuter,Vijayapura,Station Area,Early morning (4-7 AM),Bag slit and remove,Bag slit and remove; target: Bus/rail commuter; early morning (4-7 am),2024-12-01,Linked to known offender record,56+,M,4,Repeat,Long gap then resurgence with same MO
CASE-00360,OFF-00116,Chit Fund / Investment Fraud,BNS Sec 318 (Cheating),Small investor group,Chikkamagaluru,IG Road area,Late night (11 PM-2 AM),"Fake high-return scheme, cash collection","Fake high-return scheme, cash collection; target: Small investor group; late night (11 pm-2 am)",2023-12-26,Linked to known offender record,46-55,M,4,Repeat,Escalating frequency over last 6 months
CASE-01836,UNASSIGNED,Chain Snatching,BNS Sec 304 (Snatching),Elderly pedestrian,Mandya,Vidyanagar,Late night (11 PM-2 AM),Two-wheeler drive-by snatch,Two-wheeler drive-by snatch; target: Elderly pedestrian; late night (11 pm-2 am),2025-03-18,Open - no offender match recorded,N/A - case unmatched,N/A - case unmatched,N/A - case unmatched,N/A - case unmatched,N/A - case unmatched
CASE-00492,OFF-00156,Pickpocketing,BNS Sec 303 (Theft),Bus/rail commuter,Shivamogga,Durgigudi,Weekend nights,Bag slit and remove,Bag slit and remove; target: Bus/rail commuter; weekend nights,2025-07-15,Linked to known offender record,18-25,M,3,Repeat,Escalating frequency over last 6 months
CASE-00723,OFF-00229,Shop Robbery,BNS Sec 309 (Robbery),Small retail shop,Haveri,Bypass Road area,Midday (12-3 PM),Late-night forced entry,Late-night forced entry; target: Small retail shop; midday (12-3 pm),2025-11-02,Linked to known offender record,46-55,M,6,Repeat,Long gap then resurgence with same MO
CASE-01524,UNASSIGNED,ATM Tampering/Skimming,BNS Sec 318 / IT Act,ATM users - unmanned kiosk,Uttara Kannada,Sirsi town,Early morning (4-7 AM),Skimmer device installation,Skimmer device installation; target: ATM users - unmanned kiosk; early morning (4-7 am),2024-08-25,Open - no offender match recorded,N/A - case unmatched,N/A - case unmatched,N/A - case unmatched,N/A - case unmatched,N/A - case unmatched
CASE-01802,UNASSIGNED,House Burglary,BNS Sec 305 (Burglary),Ground-floor apartment,Kolar,Old Bus Stand area,Weekday mornings,Window grille cutting,Window grille cutting; target: Ground-floor apartment; weekday mornings,2023-08-05,Open - no offender match recorded,N/A - case unmatched,N/A - case unmatched,N/A - case unmatched,N/A - case unmatched,N/A - case unmatched
CASE-00775,OFF-00241,Two-Wheeler Theft,BNS Sec 303 (Theft),Parked vehicle - commercial area,Hassan,Vidyanagar,Midday (12-3 PM),Duplicate key / lock-picking,Duplicate key / lock-picking; target: Parked vehicle - commercial area; midday (12-3 pm),2023-03-31,Linked to known offender record,26-35,F,5,Repeat,Alternates between two known methods
CASE-01280,OFF-00386,House Burglary,BNS Sec 305 (Burglary),Ground-floor apartment,Gadag,Betageri,Midday (12-3 PM),Window grille cutting,Window grille cutting; target: Ground-floor apartment; midday (12-3 pm),2025-06-13,Linked to known offender record,56+,F,6,Repeat,Alternates between two known methods
CASE-00374,OFF-00120,Chain Snatching,BNS Sec 304 (Snatching),Elderly pedestrian,Mandya,Ashok Nagar,Early morning (4-7 AM),"Foot approach, distraction snatch","Foot approach, distraction snatch; target: Elderly pedestrian; early morning (4-7 am)",2024-05-08,Linked to known offender record,26-35,M,4,Repeat,Alternates between two known methods
CASE-00046,OFF-00014,Two-Wheeler Theft,BNS Sec 303 (Theft),Parked vehicle - residential,Uttara Kannada,Kumta town,Early morning (4-7 AM),Duplicate key / lock-picking,Duplicate key / lock-picking; target: Parked vehicle - residential; early morning (4-7 am),2023-03-24,Linked to known offender record,36-45,M,4,Repeat,Alternates between two known methods
CASE-00525,OFF-00164,Vehicle Theft (Four-wheeler),BNS Sec 303 (Theft),Parked vehicle - street,Chikkaballapur,MG Road area,Weekday mornings,Tow-away theft,Tow-away theft; target: Parked vehicle - street; weekday mornings,2024-11-09,Linked to known offender record,36-45,F,6,Repeat,Escalating frequency over last 6 months
CASE-00353,OFF-00113,Pickpocketing,BNS Sec 303 (Theft),Market crowd,Hassan,Race Course Road area,Weekend nights,Crowd distraction lift,Crowd distraction lift; target: Market crowd; weekend nights,2024-04-29,Linked to known offender record,36-45,F,3,Repeat,Alternates between two known methods
CASE-00153,OFF-00044,ATM Tampering/Skimming,BNS Sec 318 / IT Act,ATM users - unmanned kiosk,Mysuru,Bannimantap,Weekday mornings,Shoulder-surfing + card swap,Shoulder-surfing + card swap; target: ATM users - unmanned kiosk; weekday mornings,2025-02-11,Linked to known offender record,36-45,F,3,Repeat,Escalating frequency over last 6 months
CASE-00662,OFF-00209,Vehicle Theft (Four-wheeler),BNS Sec 303 (Theft),Parked vehicle - street,Kodagu,Virajpet town,Early morning (4-7 AM),Tow-away theft,Tow-away theft; target: Parked vehicle - street; early morning (4-7 am),2023-06-20,Linked to known offender record,18-25,M,5,Repeat,Escalating frequency over last 6 months
CASE-01606,UNASSIGNED,House Burglary,BNS Sec 305 (Burglary),Ground-floor apartment,Kolar,Ambedkar Nagar,Midday (12-3 PM),Impersonation as utility worker,Impersonation as utility worker; target: Ground-floor apartment; midday (12-3 pm),2024-02-08,Open - no offender match recorded,N/A - case unmatched,N/A - case unmatched,N/A - case unmatched,N/A - case unmatched,N/A - case unmatched
CASE-01452,OFF-00443,House Burglary,BNS Sec 305 (Burglary),Vacant residence,Mandya,Vidyanagar,Weekday mornings,"Lock-breaking, rear entry","Lock-breaking, rear entry; target: Vacant residence; weekday mornings",2025-03-19,Linked to known offender record,56+,F,6,Repeat,Alternates between two known methods
CASE-00734,OFF-00231,Pickpocketing,BNS Sec 303 (Theft),Market crowd,Mangaluru (Dakshina Kannada),Kadri,Weekday mornings,Crowd distraction lift,Crowd distraction lift; target: Market crowd; weekday mornings,2023-01-15,Linked to known offender record,56+,M,5,Repeat,Single recorded case - insufficient pattern history
CASE-01312,OFF-00397,House Burglary,BNS Sec 305 (Burglary),Vacant residence,Vijayapura,Jubilee Circle area,Evening rush (6-8 PM),Window grille cutting,Window grille cutting; target: Vacant residence; evening rush (6-8 pm),2023-03-05,Linked to known offender record,36-45,M,4,Repeat,Escalating frequency over last 6 months
CASE-00138,OFF-00040,Pickpocketing,BNS Sec 303 (Theft),Bus/rail commuter,Shivamogga,Durgigudi,Evening rush (6-8 PM),Bag slit and remove,Bag slit and remove; target: Bus/rail commuter; evening rush (6-8 pm),2024-10-16,Linked to known offender record,56+,F,5,Repeat,Escalating frequency over last 6 months
CASE-01457,OFF-00444,Counterfeit Currency,BNS Sec 178-180,Small retail shop,Tumakuru,SS Puram,Midday (12-3 PM),Bulk note circulation via shop network,Bulk note circulation via shop network; target: Small retail shop; midday (12-3 pm),2023-06-22,Linked to known offender record,26-35,F,5,Repeat,Single recorded case - insufficient pattern history
CASE-00044,OFF-00014,Two-Wheeler Theft,BNS Sec 303 (Theft),Parked vehicle - commercial area,Uttara Kannada,Sirsi town,Weekday mornings,Duplicate key / lock-picking,Duplicate key / lock-picking; target: Parked vehicle - commercial area; weekday mornings,2023-02-21,Linked to known offender record,36-45,M,4,Repeat,Alternates between two known methods
CASE-01392,OFF-00424,Counterfeit Currency,BNS Sec 178-180,Currency exchange,Gadag,Betageri,Weekend nights,Cash-for-goods swap,Cash-for-goods swap; target: Currency exchange; weekend nights,2024-07-31,Linked to known offender record,46-55,M,6,Repeat,Alternates between two known methods
CASE-01642,UNASSIGNED,Counterfeit Currency,BNS Sec 178-180,Currency exchange,Shivamogga,Vinoba Nagar,Weekday mornings,Bulk note circulation via shop network,Bulk note circulation via shop network; target: Currency exchange; weekday mornings,2024-03-27,Open - no offender match recorded,N/A - case unmatched,N/A - case unmatched,N/A - case unmatched,N/A - case unmatched,N/A - case unmatched
CASE-00133,OFF-00039,Shop Robbery,BNS Sec 309 (Robbery),Jewellery shop,Uttara Kannada,Kumta town,Early morning (4-7 AM),"Armed threat, cash till","Armed threat, cash till; target: Jewellery shop; early morning (4-7 am)",2024-12-19,Linked to known offender record,26-35,F,5,Repeat,Escalating frequency over last 6 months
CASE-00222,OFF-00064,Pickpocketing,BNS Sec 303 (Theft),Market crowd,Chikkaballapur,Bus Stand area,Midday (12-3 PM),Crowd distraction lift,Crowd distraction lift; target: Market crowd; midday (12-3 pm),2025-04-22,Linked to known offender record,56+,F,4,Repeat,Escalating frequency over last 6 months
CASE-00286,OFF-00088,Vehicle Theft (Four-wheeler),BNS Sec 303 (Theft),Parked vehicle - street,Yadgir,Bus Stand area,Early morning (4-7 AM),Tow-away theft,Tow-away theft; target: Parked vehicle - street; early morning (4-7 am),2024-02-14,Linked to known offender record,56+,F,5,Repeat,Escalating frequency over last 6 months
CASE-00509,OFF-00161,Chain Snatching,BNS Sec 304 (Snatching),Lone woman pedestrian,Bidar,Chidri,Weekday mornings,"Foot approach, distraction snatch","Foot approach, distraction snatch; target: Lone woman pedestrian; weekday mornings",2023-01-08,Linked to known offender record,18-25,M,4,Repeat,Alternates between two known methods
CASE-01036,OFF-00319,House Burglary,BNS Sec 305 (Burglary),Vacant residence,Chitradurga,College Road area,Weekday mornings,Impersonation as utility worker,Impersonation as utility worker; target: Vacant residence; weekday mornings,2025-07-31,Linked to known offender record,36-45,F,2,Repeat,Consistent MO across all recorded cases
CASE-00771,OFF-00241,Two-Wheeler Theft,BNS Sec 303 (Theft),Parked vehicle - commercial area,Chitradurga,Old Bus Stand area,Weekend nights,Duplicate key / lock-picking,Duplicate key / lock-picking; target: Parked vehicle - commercial area; weekend nights,2023-07-13,Linked to known offender record,26-35,F,5,Repeat,Alternates between two known methods
CASE-01288,OFF-00388,Shop Robbery,BNS Sec 309 (Robbery),Jewellery shop,Belagavi,Tilakwadi,Evening rush (6-8 PM),"Armed threat, cash till","Armed threat, cash till; target: Jewellery shop; evening rush (6-8 pm)",2025-12-05,Linked to known offender record,18-25,M,3,Repeat,Consistent MO across all recorded cases
CASE-01839,UNASSIGNED,Two-Wheeler Theft,BNS Sec 303 (Theft),Parked vehicle - residential,Tumakuru,Ashoknagar,Midday (12-3 PM),Vehicle lifted onto pickup truck,Vehicle lifted onto pickup truck; target: Parked vehicle - residential; midday (12-3 pm),2023-01-18,Open - no offender match recorded,N/A - case unmatched,N/A - case unmatched,N/A - case unmatched,N/A - case unmatched,N/A - case unmatched
CASE-01023,OFF-00315,ATM Tampering/Skimming,BNS Sec 318 / IT Act,ATM users - unmanned kiosk,Mysuru,Bannimantap,Evening rush (6-8 PM),Shoulder-surfing + card swap,Shoulder-surfing + card swap; target: ATM users - unmanned kiosk; evening rush (6-8 pm),2025-09-06,Linked to known offender record,46-55,F,3,Repeat,Consistent MO across all recorded cases
CASE-00184,OFF-00053,Two-Wheeler Theft,BNS Sec 303 (Theft),Parked vehicle - commercial area,Bagalkot,Old Bagalkot,Evening rush (6-8 PM),Vehicle lifted onto pickup truck,Vehicle lifted onto pickup truck; target: Parked vehicle - commercial area; evening rush (6-8 pm),2024-09-16,Linked to known offender record,46-55,M,5,Repeat,Escalating frequency over last 6 months
CASE-01011,OFF-00312,Two-Wheeler Theft,BNS Sec 303 (Theft),Parked vehicle - commercial area,Tumakuru,SS Puram,Midday (12-3 PM),Vehicle lifted onto pickup truck,Vehicle lifted onto pickup truck; target: Parked vehicle - commercial area; midday (12-3 pm),2025-08-15,Linked to known offender record,46-55,F,6,Repeat,Escalating frequency over last 6 months
CASE-00711,OFF-00224,Cyber Fraud (OTP/Phishing),IT Act Sec 66C/66D,Elderly account holder,Haveri,Bypass Road area,Evening rush (6-8 PM),SMS phishing link,SMS phishing link; target: Elderly account holder; evening rush (6-8 pm),2025-11-24,Linked to known offender record,18-25,F,6,Repeat,Long gap then resurgence with same MO
CASE-01260,OFF-00381,House Burglary,BNS Sec 305 (Burglary),Vacant residence,Mangaluru (Dakshina Kannada),Kadri,Late night (11 PM-2 AM),Impersonation as utility worker,Impersonation as utility worker; target: Vacant residence; late night (11 pm-2 am),2023-02-13,Linked to known offender record,46-55,M,4,Repeat,Consistent MO across all recorded cases
CASE-01323,OFF-00399,Two-Wheeler Theft,BNS Sec 303 (Theft),Parked vehicle - commercial area,Ramanagara,Bengaluru-Mysuru Highway area,Evening rush (6-8 PM),Vehicle lifted onto pickup truck,Vehicle lifted onto pickup truck; target: Parked vehicle - commercial area; evening rush (6-8 pm),2025-04-19,Linked to known offender record,36-45,F,4,Repeat,Escalating frequency over last 6 months
CASE-00331,OFF-00103,Counterfeit Currency,BNS Sec 178-180,Small retail shop,Mysuru,Jayalakshmipuram,Weekend nights,Cash-for-goods swap,Cash-for-goods swap; target: Small retail shop; weekend nights,2025-09-18,Linked to known offender record,18-25,M,5,Repeat,Consistent MO across all recorded cases
CASE-01969,UNASSIGNED,Two-Wheeler Theft,BNS Sec 303 (Theft),Parked vehicle - commercial area,Bagalkot,Navanagar,Weekend nights,Vehicle lifted onto pickup truck,Vehicle lifted onto pickup truck; target: Parked vehicle - commercial area; weekend nights,2025-09-13,Open - no offender match recorded,N/A - case unmatched,N/A - case unmatched,N/A - case unmatched,N/A - case unmatched,N/A - case unmatched
CASE-00395,OFF-00127,Chit Fund / Investment Fraud,BNS Sec 318 (Cheating),Small investor group,Tumakuru,Ashoknagar,Weekday mornings,"Fake high-return scheme, cash collection","Fake high-return scheme, cash collection; target: Small investor group; weekday mornings",2024-12-05,Linked to known offender record,46-55,F,2,Repeat,Long gap then resurgence with same MO
CASE-00866,OFF-00275,Shop Robbery,BNS Sec 309 (Robbery),Small retail shop,Hubballi-Dharwad,Keshwapur,Midday (12-3 PM),"Armed threat, cash till","Armed threat, cash till; target: Small retail shop; midday (12-3 pm)",2024-12-21,Linked to known offender record,46-55,M,1,First recorded instance,Escalating frequency over last 6 months
CASE-01687,UNASSIGNED,Pickpocketing,BNS Sec 303 (Theft),Market crowd,Koppal,Old Town,Late night (11 PM-2 AM),Crowd distraction lift,Crowd distraction lift; target: Market crowd; late night (11 pm-2 am),2023-04-20,Open - no offender match recorded,N/A - case unmatched,N/A - case unmatched,N/A - case unmatched,N/A - case unmatched,N/A - case unmatched
CASE-01990,UNASSIGNED,Cyber Fraud (OTP/Phishing),IT Act Sec 66C/66D,First-time UPI user,Hubballi-Dharwad,Vidyanagar,Early morning (4-7 AM),SMS phishing link,SMS phishing link; target: First-time UPI user; early morning (4-7 am),2024-04-08,Open - no offender match recorded,N/A - case unmatched,N/A - case unmatched,N/A - case unmatched,N/A - case unmatched,N/A - case unmatched
CASE-00675,OFF-00213,Cyber Fraud (OTP/Phishing),IT Act Sec 66C/66D,Elderly account holder,Mysuru,Saraswathipuram,Midday (12-3 PM),Fake bank call requesting OTP,Fake bank call requesting OTP; target: Elderly account holder; midday (12-3 pm),2024-03-29,Linked to known offender record,18-25,M,6,Repeat,Long gap then resurgence with same MO
CASE-00117,OFF-00033,Vehicle Theft (Four-wheeler),BNS Sec 303 (Theft),Parked vehicle - street,Davanagere,Vinoba Nagar,Weekday mornings,Tow-away theft,Tow-away theft; target: Parked vehicle - street; weekday mornings,2023-06-12,Linked to known offender record,26-35,F,5,Repeat,Single recorded case - insufficient pattern history
CASE-01207,OFF-00364,Chit Fund / Investment Fraud,BNS Sec 318 (Cheating),Small investor group,Ramanagara,Town Centre,Weekday mornings,"Fake high-return scheme, cash collection","Fake high-return scheme, cash collection; target: Small investor group; weekday mornings",2024-03-12,Linked to known offender record,56+,F,5,Repeat,Escalating frequency over last 6 months
CASE-01722,UNASSIGNED,Pickpocketing,BNS Sec 303 (Theft),Market crowd,Hassan,Bus Stand area,Early morning (4-7 AM),Bag slit and remove,Bag slit and remove; target: Market crowd; early morning (4-7 am),2024-06-06,Open - no offender match recorded,N/A - case unmatched,N/A - case unmatched,N/A - case unmatched,N/A - case unmatched,N/A - case unmatched
CASE-00754,OFF-00236,Chain Snatching,BNS Sec 304 (Snatching),Elderly pedestrian,Yadgir,Bus Stand area,Weekday mornings,Two-wheeler drive-by snatch,Two-wheeler drive-by snatch; target: Elderly pedestrian; weekday mornings,2025-11-16,Linked to known offender record,26-35,M,6,Repeat,Single recorded case - insufficient pattern history
CASE-00136,OFF-00039,Shop Robbery,BNS Sec 309 (Robbery),Jewellery shop,Gadag,Station Road area,Weekday mornings,"Armed threat, cash till","Armed threat, cash till; target: Jewellery shop; weekday mornings",2024-03-19,Linked to known offender record,26-35,F,5,Repeat,Escalating frequency over last 6 months
CASE-00743,OFF-00233,Two-Wheeler Theft,BNS Sec 303 (Theft),Parked vehicle - commercial area,Hassan,Bus Stand area,Midday (12-3 PM),Vehicle lifted onto pickup truck,Vehicle lifted onto pickup truck; target: Parked vehicle - commercial area; midday (12-3 pm),2023-09-24,Linked to known offender record,36-45,F,5,Repeat,Consistent MO across all recorded cases
CASE-01437,OFF-00437,Counterfeit Currency,BNS Sec 178-180,Small retail shop,Chitradurga,Old Bus Stand area,Weekend nights,Cash-for-goods swap,Cash-for-goods swap; target: Small retail shop; weekend nights,2024-07-14,Linked to known offender record,36-45,M,3,Repeat,Consistent MO across all recorded cases
CASE-01973,UNASSIGNED,Cyber Fraud (OTP/Phishing),IT Act Sec 66C/66D,Elderly account holder,Chamarajanagar,Town Centre,Weekday mornings,SMS phishing link,SMS phishing link; target: Elderly account holder; weekday mornings,2023-11-13,Open - no offender match recorded,N/A - case unmatched,N/A - case unmatched,N/A - case unmatched,N/A - case unmatched,N/A - case unmatched
CASE-01232,OFF-00372,Pickpocketing,BNS Sec 303 (Theft),Market crowd,Gadag,Station Road area,Weekend nights,Bag slit and remove,Bag slit and remove; target: Market crowd; weekend nights,2025-08-15,Linked to known offender record,18-25,F,4,Repeat,Consistent MO across all recorded cases
CASE-01062,OFF-00326,Chain Snatching,BNS Sec 304 (Snatching),Lone woman pedestrian,Kalaburagi,Jewargi Road area,Late night (11 PM-2 AM),Two-wheeler drive-by snatch,Two-wheeler drive-by snatch; target: Lone woman pedestrian; late night (11 pm-2 am),2024-01-24,Linked to known offender record,46-55,F,5,Repeat,Escalating frequency over last 6 months
CASE-01863,UNASSIGNED,Shop Robbery,BNS Sec 309 (Robbery),Small retail shop,Gadag,Betageri,Weekday mornings,Late-night forced entry,Late-night forced entry; target: Small retail shop; weekday mornings,2023-07-09,Open - no offender match recorded,N/A - case unmatched,N/A - case unmatched,N/A - case unmatched,N/A - case unmatched,N/A - case unmatched
CASE-01874,UNASSIGNED,Pickpocketing,BNS Sec 303 (Theft),Market crowd,Yadgir,Station Road area,Weekend nights,Bag slit and remove,Bag slit and remove; target: Market crowd; weekend nights,2023-07-29,Open - no offender match recorded,N/A - case unmatched,N/A - case unmatched,N/A - case unmatched,N/A - case unmatched,N/A - case unmatched
CASE-01678,UNASSIGNED,Two-Wheeler Theft,BNS Sec 303 (Theft),Parked vehicle - residential,Kolar,Ambedkar Nagar,Midday (12-3 PM),Vehicle lifted onto pickup truck,Vehicle lifted onto pickup truck; target: Parked vehicle - residential; midday (12-3 pm),2025-07-30,Open - no offender match recorded,N/A - case unmatched,N/A - case unmatched,N/A - case unmatched,N/A - case unmatched,N/A - case unmatched
CASE-00653,OFF-00207,House Burglary,BNS Sec 305 (Burglary),Vacant residence,Mandya,Vidyanagar,Early morning (4-7 AM),Window grille cutting,Window grille cutting; target: Vacant residence; early morning (4-7 am),2023-09-07,Linked to known offender record,18-25,F,2,Repeat,Escalating frequency over last 6 months
CASE-00633,OFF-00200,Vehicle Theft (Four-wheeler),BNS Sec 303 (Theft),Parked vehicle - street,Chikkaballapur,MG Road area,Late night (11 PM-2 AM),Relay key attack,Relay key attack; target: Parked vehicle - street; late night (11 pm-2 am),2025-10-29,Linked to known offender record,46-55,M,3,Repeat,Long gap then resurgence with same MO
CASE-01604,UNASSIGNED,House Burglary,BNS Sec 305 (Burglary),Ground-floor apartment,Raichur,Old Town,Late night (11 PM-2 AM),Impersonation as utility worker,Impersonation as utility worker; target: Ground-floor apartment; late night (11 pm-2 am),2023-01-30,Open - no offender match recorded,N/A - case unmatched,N/A - case unmatched,N/A - case unmatched,N/A - case unmatched,N/A - case unmatched
CASE-00977,OFF-00303,ATM Tampering/Skimming,BNS Sec 318 / IT Act,ATM users - unmanned kiosk,Kodagu,Virajpet town,Weekend nights,Skimmer device installation,Skimmer device installation; target: ATM users - unmanned kiosk; weekend nights,2025-08-04,Linked to known offender record,56+,M,6,Repeat,Long gap then resurgence with same MO
CASE-00097,OFF-00028,Chain Snatching,BNS Sec 304 (Snatching),Elderly pedestrian,Kolar,Ambedkar Nagar,Weekend nights,"Foot approach, distraction snatch","Foot approach, distraction snatch; target: Elderly pedestrian; weekend nights",2025-06-28,Linked to known offender record,46-55,F,5,Repeat,Alternates between two known methods
CASE-01645,UNASSIGNED,Two-Wheeler Theft,BNS Sec 303 (Theft),Parked vehicle - residential,Raichur,Ashok Nagar,Late night (11 PM-2 AM),Vehicle lifted onto pickup truck,Vehicle lifted onto pickup truck; target: Parked vehicle - residential; late night (11 pm-2 am),2025-05-07,Open - no offender match recorded,N/A - case unmatched,N/A - case unmatched,N/A - case unmatched,N/A - case unmatched,N/A - case unmatched
CASE-00362,OFF-00117,Counterfeit Currency,BNS Sec 178-180,Small retail shop,Gadag,Station Road area,Weekend nights,Bulk note circulation via shop network,Bulk note circulation via shop network; target: Small retail shop; weekend nights,2025-01-26,Linked to known offender record,18-25,M,1,First recorded instance,Single recorded case - insufficient pattern history
CASE-00058,OFF-00017,ATM Tampering/Skimming,BNS Sec 318 / IT Act,ATM users - unmanned kiosk,Koppal,Gangavathi Road area,Early morning (4-7 AM),Shoulder-surfing + card swap,Shoulder-surfing + card swap; target: ATM users - unmanned kiosk; early morning (4-7 am),2023-09-30,Linked to known offender record,18-25,M,3,Repeat,Long gap then resurgence with same MO
CASE-01214,OFF-00366,Chain Snatching,BNS Sec 304 (Snatching),Lone woman pedestrian,Mangaluru (Dakshina Kannada),Mangaladevi,Midday (12-3 PM),Two-wheeler drive-by snatch,Two-wheeler drive-by snatch; target: Lone woman pedestrian; midday (12-3 pm),2023-04-24,Linked to known offender record,36-45,F,3,Repeat,Alternates between two known methods
CASE-00400,OFF-00129,Vehicle Theft (Four-wheeler),BNS Sec 303 (Theft),Parked vehicle - street,Kodagu,Madikeri town,Evening rush (6-8 PM),Tow-away theft,Tow-away theft; target: Parked vehicle - street; evening rush (6-8 pm),2024-12-08,Linked to known offender record,46-55,M,1,First recorded instance,Long gap then resurgence with same MO
CASE-01892,UNASSIGNED,Cyber Fraud (OTP/Phishing),IT Act Sec 66C/66D,First-time UPI user,Haveri,Bypass Road area,Weekend nights,SMS phishing link,SMS phishing link; target: First-time UPI user; weekend nights,2025-05-17,Open - no offender match recorded,N/A - case unmatched,N/A - case unmatched,N/A - case unmatched,N/A - case unmatched,N/A - case unmatched
CASE-01128,OFF-00343,Counterfeit Currency,BNS Sec 178-180,Currency exchange,Bengaluru Rural,Doddaballapur town,Evening rush (6-8 PM),Cash-for-goods swap,Cash-for-goods swap; target: Currency exchange; evening rush (6-8 pm),2024-07-07,Linked to known offender record,18-25,M,6,Repeat,Alternates between two known methods
CASE-01087,OFF-00330,House Burglary,BNS Sec 305 (Burglary),Ground-floor apartment,Chikkamagaluru,IG Road area,Midday (12-3 PM),Window grille cutting,Window grille cutting; target: Ground-floor apartment; midday (12-3 pm),2023-03-16,Linked to known offender record,26-35,F,6,Repeat,Consistent MO across all recorded cases
CASE-01944,UNASSIGNED,Vehicle Theft (Four-wheeler),BNS Sec 303 (Theft),Parked vehicle - street,Vijayapura,Athani Road area,Evening rush (6-8 PM),Tow-away theft,Tow-away theft; target: Parked vehicle - street; evening rush (6-8 pm),2023-07-08,Open - no offender match recorded,N/A - case unmatched,N/A - case unmatched,N/A - case unmatched,N/A - case unmatched,N/A - case unmatched
CASE-01284,OFF-00387,Shop Robbery,BNS Sec 309 (Robbery),Jewellery shop,Ballari,Cowl Bazaar,Weekday mornings,Late-night forced entry,Late-night forced entry; target: Jewellery shop; weekday mornings,2025-12-08,Linked to known offender record,26-35,M,2,Repeat,Consistent MO across all recorded cases
CASE-01618,UNASSIGNED,ATM Tampering/Skimming,BNS Sec 318 / IT Act,ATM users - unmanned kiosk,Bagalkot,Navanagar,Early morning (4-7 AM),Shoulder-surfing + card swap,Shoulder-surfing + card swap; target: ATM users - unmanned kiosk; early morning (4-7 am),2024-10-25,Open - no offender match recorded,N/A - case unmatched,N/A - case unmatched,N/A - case unmatched,N/A - case unmatched,N/A - case unmatched
CASE-01948,UNASSIGNED,Counterfeit Currency,BNS Sec 178-180,Small retail shop,Bidar,Old City area,Late night (11 PM-2 AM),Bulk note circulation via shop network,Bulk note circulation via shop network; target: Small retail shop; late night (11 pm-2 am),2024-09-29,Open - no offender match recorded,N/A - case unmatched,N/A - case unmatched,N/A - case unmatched,N/A - case unmatched,N/A - case unmatched
CASE-01293,OFF-00390,Chain Snatching,BNS Sec 304 (Snatching),Lone woman pedestrian,Raichur,Station Road area,Midday (12-3 PM),Two-wheeler drive-by snatch,Two-wheeler drive-by snatch; target: Lone woman pedestrian; midday (12-3 pm),2025-01-13,Linked to known offender record,26-35,F,3,Repeat,Single recorded case - insufficient pattern history
CASE-00849,OFF-00265,Cyber Fraud (OTP/Phishing),IT Act Sec 66C/66D,First-time UPI user,Chitradurga,College Road area,Early morning (4-7 AM),Fake bank call requesting OTP,Fake bank call requesting OTP; target: First-time UPI user; early morning (4-7 am),2025-12-22,Linked to known offender record,56+,M,3,Repeat,Alternates between two known methods
CASE-01394,OFF-00424,Counterfeit Currency,BNS Sec 178-180,Currency exchange,Chamarajanagar,Kollegal Road area,Early morning (4-7 AM),Cash-for-goods swap,Cash-for-goods swap; target: Currency exchange; early morning (4-7 am),2025-03-19,Linked to known offender record,46-55,M,6,Repeat,Alternates between two known methods
CASE-01817,UNASSIGNED,Pickpocketing,BNS Sec 303 (Theft),Bus/rail commuter,Mandya,Ashok Nagar,Evening rush (6-8 PM),Crowd distraction lift,Crowd distraction lift; target: Bus/rail commuter; evening rush (6-8 pm),2024-09-16,Open - no offender match recorded,N/A - case unmatched,N/A - case unmatched,N/A - case unmatched,N/A - case unmatched,N/A - case unmatched
CASE-01258,OFF-00380,ATM Tampering/Skimming,BNS Sec 318 / IT Act,ATM users - unmanned kiosk,Davanagere,Vinoba Nagar,Weekend nights,Shoulder-surfing + card swap,Shoulder-surfing + card swap; target: ATM users - unmanned kiosk; weekend nights,2023-04-10,Linked to known offender record,56+,M,5,Repeat,Long gap then resurgence with same MO
CASE-01432,OFF-00436,Chain Snatching,BNS Sec 304 (Snatching),Elderly pedestrian,Shivamogga,Vinoba Nagar,Midday (12-3 PM),"Foot approach, distraction snatch","Foot approach, distraction snatch; target: Elderly pedestrian; midday (12-3 pm)",2023-01-10,Linked to known offender record,18-25,M,4,Repeat,Single recorded case - insufficient pattern history
CASE-00827,OFF-00258,Counterfeit Currency,BNS Sec 178-180,Currency exchange,Bengaluru Urban,Banashankari,Early morning (4-7 AM),Bulk note circulation via shop network,Bulk note circulation via shop network; target: Currency exchange; early morning (4-7 am),2023-10-17,Linked to known offender record,26-35,F,3,Repeat,Single recorded case - insufficient pattern history
CASE-01808,UNASSIGNED,ATM Tampering/Skimming,BNS Sec 318 / IT Act,ATM users - unmanned kiosk,Chikkaballapur,Bus Stand area,Midday (12-3 PM),Shoulder-surfing + card swap,Shoulder-surfing + card swap; target: ATM users - unmanned kiosk; midday (12-3 pm),2023-12-24,Open - no offender match recorded,N/A - case unmatched,N/A - case unmatched,N/A - case unmatched,N/A - case unmatched,N/A - case unmatched
CASE-00577,OFF-00182,ATM Tampering/Skimming,BNS Sec 318 / IT Act,ATM users - unmanned kiosk,Yadgir,Station Road area,Early morning (4-7 AM),Shoulder-surfing + card swap,Shoulder-surfing + card swap; target: ATM users - unmanned kiosk; early morning (4-7 am),2023-11-11,Linked to known offender record,56+,M,4,Repeat,Single recorded case - insufficient pattern history
CASE-00603,OFF-00188,ATM Tampering/Skimming,BNS Sec 318 / IT Act,ATM users - unmanned kiosk,Bengaluru Urban,Jayanagar,Evening rush (6-8 PM),Skimmer device installation,Skimmer device installation; target: ATM users - unmanned kiosk; evening rush (6-8 pm),2025-11-26,Linked to known offender record,18-25,M,6,Repeat,Alternates between two known methods
CASE-00655,OFF-00208,Two-Wheeler Theft,BNS Sec 303 (Theft),Parked vehicle - commercial area,Bagalkot,Old Bagalkot,Evening rush (6-8 PM),Duplicate key / lock-picking,Duplicate key / lock-picking; target: Parked vehicle - commercial area; evening rush (6-8 pm),2023-07-19,Linked to known offender record,18-25,F,3,Repeat,Consistent MO across all recorded cases
CASE-00447,OFF-00142,Vehicle Theft (Four-wheeler),BNS Sec 303 (Theft),Parked vehicle - street,Ballari,Cowl Bazaar,Weekday mornings,Relay key attack,Relay key attack; target: Parked vehicle - street; weekday mornings,2024-01-04,Linked to known offender record,46-55,F,4,Repeat,Consistent MO across all recorded cases
CASE-01620,UNASSIGNED,Cyber Fraud (OTP/Phishing),IT Act Sec 66C/66D,First-time UPI user,Yadgir,Station Road area,Weekend nights,Fake bank call requesting OTP,Fake bank call requesting OTP; target: First-time UPI user; weekend nights,2023-06-11,Open - no offender match recorded,N/A - case unmatched,N/A - case unmatched,N/A - case unmatched,N/A - case unmatched,N/A - case unmatched
CASE-00872,OFF-00277,Cyber Fraud (OTP/Phishing),IT Act Sec 66C/66D,Elderly account holder,Ballari,Bruce Pet,Weekend nights,SMS phishing link,SMS phishing link; target: Elderly account holder; weekend nights,2025-08-18,Linked to known offender record,26-35,F,3,Repeat,Consistent MO across all recorded cases
CASE-00211,OFF-00062,ATM Tampering/Skimming,BNS Sec 318 / IT Act,ATM users - unmanned kiosk,Gadag,Betageri,Evening rush (6-8 PM),Skimmer device installation,Skimmer device installation; target: ATM users - unmanned kiosk; evening rush (6-8 pm),2025-11-03,Linked to known offender record,56+,M,5,Repeat,Consistent MO across all recorded cases
CASE-00765,OFF-00238,ATM Tampering/Skimming,BNS Sec 318 / IT Act,ATM users - unmanned kiosk,Bengaluru Urban,Rajajinagar,Weekend nights,Skimmer device installation,Skimmer device installation; target: ATM users - unmanned kiosk; weekend nights,2023-10-06,Linked to known offender record,26-35,M,2,Repeat,Consistent MO across all recorded cases
CASE-01073,OFF-00328,Chain Snatching,BNS Sec 304 (Snatching),Lone woman pedestrian,Yadgir,Station Road area,Late night (11 PM-2 AM),Two-wheeler drive-by snatch,Two-wheeler drive-by snatch; target: Lone woman pedestrian; late night (11 pm-2 am),2025-08-16,Linked to known offender record,26-35,F,5,Repeat,Single recorded case - insufficient pattern history
CASE-01472,OFF-00447,Pickpocketing,BNS Sec 303 (Theft),Bus/rail commuter,Udupi,Kunjibettu,Early morning (4-7 AM),Bag slit and remove,Bag slit and remove; target: Bus/rail commuter; early morning (4-7 am),2025-02-14,Linked to known offender record,56+,F,2,Repeat,Alternates between two known methods
CASE-00832,OFF-00259,ATM Tampering/Skimming,BNS Sec 318 / IT Act,ATM users - unmanned kiosk,Yadgir,Bus Stand area,Weekend nights,Skimmer device installation,Skimmer device installation; target: ATM users - unmanned kiosk; weekend nights,2023-12-05,Linked to known offender record,56+,M,4,Repeat,Consistent MO across all recorded cases
CASE-01461,OFF-00445,Shop Robbery,BNS Sec 309 (Robbery),Jewellery shop,Chitradurga,Basaveshwara Nagar,Midday (12-3 PM),"Armed threat, cash till","Armed threat, cash till; target: Jewellery shop; midday (12-3 pm)",2023-06-09,Linked to known offender record,46-55,F,6,Repeat,Alternates between two known methods
CASE-01162,OFF-00352,Chain Snatching,BNS Sec 304 (Snatching),Lone woman pedestrian,Bengaluru Urban,Marathahalli,Weekend nights,"Foot approach, distraction snatch","Foot approach, distraction snatch; target: Lone woman pedestrian; weekend nights",2024-09-12,Linked to known offender record,46-55,M,6,Repeat,Consistent MO across all recorded cases
CASE-01898,UNASSIGNED,ATM Tampering/Skimming,BNS Sec 318 / IT Act,ATM users - unmanned kiosk,Mangaluru (Dakshina Kannada),Mangaladevi,Late night (11 PM-2 AM),Shoulder-surfing + card swap,Shoulder-surfing + card swap; target: ATM users - unmanned kiosk; late night (11 pm-2 am),2025-02-28,Open - no offender match recorded,N/A - case unmatched,N/A - case unmatched,N/A - case unmatched,N/A - case unmatched,N/A - case unmatched
CASE-01049,OFF-00323,Chit Fund / Investment Fraud,BNS Sec 318 (Cheating),Small investor group,Haveri,Bypass Road area,Early morning (4-7 AM),"Fake high-return scheme, cash collection","Fake high-return scheme, cash collection; target: Small investor group; early morning (4-7 am)",2024-08-08,Linked to known offender record,26-35,F,6,Repeat,Escalating frequency over last 6 months
CASE-00151,OFF-00044,ATM Tampering/Skimming,BNS Sec 318 / IT Act,ATM users - unmanned kiosk,Mysuru,Jayalakshmipuram,Weekend nights,Shoulder-surfing + card swap,Shoulder-surfing + card swap; target: ATM users - unmanned kiosk; weekend nights,2025-03-28,Linked to known offender record,36-45,F,3,Repeat,Escalating frequency over last 6 months
CASE-00254,OFF-00074,Pickpocketing,BNS Sec 303 (Theft),Bus/rail commuter,Uttara Kannada,Sirsi town,Weekend nights,Bag slit and remove,Bag slit and remove; target: Bus/rail commuter; weekend nights,2024-06-15,Linked to known offender record,18-25,M,3,Repeat,Escalating frequency over last 6 months
CASE-01974,UNASSIGNED,Cyber Fraud (OTP/Phishing),IT Act Sec 66C/66D,First-time UPI user,Chikkamagaluru,Kalasapura,Early morning (4-7 AM),Fake bank call requesting OTP,Fake bank call requesting OTP; target: First-time UPI user; early morning (4-7 am),2023-10-25,Open - no offender match recorded,N/A - case unmatched,N/A - case unmatched,N/A - case unmatched,N/A - case unmatched,N/A - case unmatched
CASE-01274,OFF-00385,House Burglary,BNS Sec 305 (Burglary),Vacant residence,Udupi,Kunjibettu,Weekday mornings,Window grille cutting,Window grille cutting; target: Vacant residence; weekday mornings,2025-01-11,Linked to known offender record,36-45,F,6,Repeat,Escalating frequency over last 6 months
CASE-00061,OFF-00018,Counterfeit Currency,BNS Sec 178-180,Currency exchange,Yadgir,Station Road area,Weekday mornings,Cash-for-goods swap,Cash-for-goods swap; target: Currency exchange; weekday mornings,2024-02-27,Linked to known offender record,46-55,F,6,Repeat,Alternates between two known methods
CASE-00576,OFF-00181,ATM Tampering/Skimming,BNS Sec 318 / IT Act,ATM users - unmanned kiosk,Shivamogga,Vinoba Nagar,Late night (11 PM-2 AM),Shoulder-surfing + card swap,Shoulder-surfing + card swap; target: ATM users - unmanned kiosk; late night (11 pm-2 am),2024-12-11,Linked to known offender record,46-55,M,4,Repeat,Escalating frequency over last 6 months
CASE-00406,OFF-00131,Shop Robbery,BNS Sec 309 (Robbery),Small retail shop,Mangaluru (Dakshina Kannada),Hampankatta,Evening rush (6-8 PM),Late-night forced entry,Late-night forced entry; target: Small retail shop; evening rush (6-8 pm),2025-11-27,Linked to known offender record,36-45,F,4,Repeat,Long gap then resurgence with same MO
CASE-01664,UNASSIGNED,Counterfeit Currency,BNS Sec 178-180,Currency exchange,Belagavi,Vadgaon,Early morning (4-7 AM),Cash-for-goods swap,Cash-for-goods swap; target: Currency exchange; early morning (4-7 am),2023-08-17,Open - no offender match recorded,N/A - case unmatched,N/A - case unmatched,N/A - case unmatched,N/A - case unmatched,N/A - case unmatched
CASE-01495,OFF-00454,Counterfeit Currency,BNS Sec 178-180,Small retail shop,Koppal,Gangavathi Road area,Late night (11 PM-2 AM),Cash-for-goods swap,Cash-for-goods swap; target: Small retail shop; late night (11 pm-2 am),2024-04-23,Linked to known offender record,36-45,M,5,Repeat,Alternates between two known methods
CASE-01927,UNASSIGNED,Chain Snatching,BNS Sec 304 (Snatching),Elderly pedestrian,Davanagere,Vinoba Nagar,Midday (12-3 PM),"Foot approach, distraction snatch","Foot approach, distraction snatch; target: Elderly pedestrian; midday (12-3 pm)",2023-05-17,Open - no offender match recorded,N/A - case unmatched,N/A - case unmatched,N/A - case unmatched,N/A - case unmatched,N/A - case unmatched
CASE-00501,OFF-00159,ATM Tampering/Skimming,BNS Sec 318 / IT Act,ATM users - unmanned kiosk,Vijayapura,Jubilee Circle area,Midday (12-3 PM),Skimmer device installation,Skimmer device installation; target: ATM users - unmanned kiosk; midday (12-3 pm),2024-06-29,Linked to known offender record,46-55,M,2,Repeat,Escalating frequency over last 6 months
CASE-01743,UNASSIGNED,Two-Wheeler Theft,BNS Sec 303 (Theft),Parked vehicle - residential,Davanagere,Shamanur Road area,Midday (12-3 PM),Duplicate key / lock-picking,Duplicate key / lock-picking; target: Parked vehicle - residential; midday (12-3 pm),2025-12-29,Open - no offender match recorded,N/A - case unmatched,N/A - case unmatched,N/A - case unmatched,N/A - case unmatched,N/A - case unmatched
CASE-01488,OFF-00452,Shop Robbery,BNS Sec 309 (Robbery),Jewellery shop,Vijayapura,Jubilee Circle area,Late night (11 PM-2 AM),"Armed threat, cash till","Armed threat, cash till; target: Jewellery shop; late night (11 pm-2 am)",2025-12-11,Linked to known offender record,18-25,M,4,Repeat,Escalating frequency over last 6 months
CASE-00445,OFF-00142,Vehicle Theft (Four-wheeler),BNS Sec 303 (Theft),Parked vehicle - street,Hubballi-Dharwad,Keshwapur,Early morning (4-7 AM),Relay key attack,Relay key attack; target: Parked vehicle - street; early morning (4-7 am),2025-01-08,Linked to known offender record,46-55,F,4,Repeat,Consistent MO across all recorded cases
CASE-00770,OFF-00240,Pickpocketing,BNS Sec 303 (Theft),Bus/rail commuter,Udupi,Malpe Road area,Evening rush (6-8 PM),Bag slit and remove,Bag slit and remove; target: Bus/rail commuter; evening rush (6-8 pm),2024-10-25,Linked to known offender record,26-35,F,3,Repeat,Long gap then resurgence with same MO
CASE-01374,OFF-00419,Chain Snatching,BNS Sec 304 (Snatching),Elderly pedestrian,Koppal,Old Town,Late night (11 PM-2 AM),"Foot approach, distraction snatch","Foot approach, distraction snatch; target: Elderly pedestrian; late night (11 pm-2 am)",2024-08-09,Linked to known offender record,36-45,M,5,Repeat,Alternates between two known methods
CASE-00768,OFF-00240,Pickpocketing,BNS Sec 303 (Theft),Market crowd,Udupi,Malpe Road area,Evening rush (6-8 PM),Crowd distraction lift,Crowd distraction lift; target: Market crowd; evening rush (6-8 pm),2023-11-15,Linked to known offender record,26-35,F,3,Repeat,Long gap then resurgence with same MO
CASE-00504,OFF-00160,Chain Snatching,BNS Sec 304 (Snatching),Lone woman pedestrian,Chitradurga,Old Bus Stand area,Late night (11 PM-2 AM),Two-wheeler drive-by snatch,Two-wheeler drive-by snatch; target: Lone woman pedestrian; late night (11 pm-2 am),2025-10-12,Linked to known offender record,26-35,M,4,Repeat,Escalating frequency over last 6 months
CASE-00755,OFF-00236,Chain Snatching,BNS Sec 304 (Snatching),Elderly pedestrian,Hubballi-Dharwad,Old Hubballi,Weekday mornings,"Foot approach, distraction snatch","Foot approach, distraction snatch; target: Elderly pedestrian; weekday mornings",2024-06-27,Linked to known offender record,26-35,M,6,Repeat,Single recorded case - insufficient pattern history
CASE-01433,OFF-00436,Chain Snatching,BNS Sec 304 (Snatching),Lone woman pedestrian,Uttara Kannada,Sirsi town,Early morning (4-7 AM),Two-wheeler drive-by snatch,Two-wheeler drive-by snatch; target: Lone woman pedestrian; early morning (4-7 am),2023-03-16,Linked to known offender record,18-25,M,4,Repeat,Single recorded case - insufficient pattern history
CASE-00448,OFF-00143,Chain Snatching,BNS Sec 304 (Snatching),Lone woman pedestrian,Udupi,Manipal,Evening rush (6-8 PM),Two-wheeler drive-by snatch,Two-wheeler drive-by snatch; target: Lone woman pedestrian; evening rush (6-8 pm),2025-06-19,Linked to known offender record,46-55,F,2,Repeat,Alternates between two known methods
CASE-00976,OFF-00303,ATM Tampering/Skimming,BNS Sec 318 / IT Act,ATM users - unmanned kiosk,Uttara Kannada,Kumta town,Late night (11 PM-2 AM),Skimmer device installation,Skimmer device installation; target: ATM users - unmanned kiosk; late night (11 pm-2 am),2023-02-22,Linked to known offender record,56+,M,6,Repeat,Long gap then resurgence with same MO
CASE-00684,OFF-00215,Vehicle Theft (Four-wheeler),BNS Sec 303 (Theft),Parked vehicle - street,Chikkamagaluru,IG Road area,Midday (12-3 PM),Tow-away theft,Tow-away theft; target: Parked vehicle - street; midday (12-3 pm),2023-06-11,Linked to known offender record,36-45,M,6,Repeat,Alternates between two known methods
CASE-01486,OFF-00452,Shop Robbery,BNS Sec 309 (Robbery),Jewellery shop,Chamarajanagar,Town Centre,Late night (11 PM-2 AM),"Armed threat, cash till","Armed threat, cash till; target: Jewellery shop; late night (11 pm-2 am)",2025-01-14,Linked to known offender record,18-25,M,4,Repeat,Escalating frequency over last 6 months
CASE-00524,OFF-00164,Vehicle Theft (Four-wheeler),BNS Sec 303 (Theft),Parked vehicle - street,Hassan,Vidyanagar,Weekday mornings,Tow-away theft,Tow-away theft; target: Parked vehicle - street; weekday mornings,2024-01-11,Linked to known offender record,36-45,F,6,Repeat,Escalating frequency over last 6 months
CASE-01236,OFF-00374,ATM Tampering/Skimming,BNS Sec 318 / IT Act,ATM users - unmanned kiosk,Kolar,Old Bus Stand area,Midday (12-3 PM),Skimmer device installation,Skimmer device installation; target: ATM users - unmanned kiosk; midday (12-3 pm),2025-04-18,Linked to known offender record,56+,M,3,Repeat,Escalating frequency over last 6 months
CASE-00367,OFF-00119,Shop Robbery,BNS Sec 309 (Robbery),Jewellery shop,Ramanagara,Town Centre,Early morning (4-7 AM),"Armed threat, cash till","Armed threat, cash till; target: Jewellery shop; early morning (4-7 am)",2025-05-04,Linked to known offender record,26-35,F,6,Repeat,Alternates between two known methods
CASE-00359,OFF-00116,Chit Fund / Investment Fraud,BNS Sec 318 (Cheating),Small investor group,Uttara Kannada,Kumta town,Late night (11 PM-2 AM),"Fake high-return scheme, cash collection","Fake high-return scheme, cash collection; target: Small investor group; late night (11 pm-2 am)",2024-11-11,Linked to known offender record,46-55,M,4,Repeat,Escalating frequency over last 6 months
CASE-00575,OFF-00181,ATM Tampering/Skimming,BNS Sec 318 / IT Act,ATM users - unmanned kiosk,Shivamogga,Vinoba Nagar,Weekend nights,Shoulder-surfing + card swap,Shoulder-surfing + card swap; target: ATM users - unmanned kiosk; weekend nights,2024-03-21,Linked to known offender record,46-55,M,4,Repeat,Escalating frequency over last 6 months
CASE-00544,OFF-00172,Counterfeit Currency,BNS Sec 178-180,Small retail shop,Koppal,Old Town,Evening rush (6-8 PM),Bulk note circulation via shop network,Bulk note circulation via shop network; target: Small retail shop; evening rush (6-8 pm),2023-11-28,Linked to known offender record,18-25,F,3,Repeat,Long gap then resurgence with same MO
CASE-01548,UNASSIGNED,Two-Wheeler Theft,BNS Sec 303 (Theft),Parked vehicle - residential,Vijayapura,Jubilee Circle area,Weekday mornings,Vehicle lifted onto pickup truck,Vehicle lifted onto pickup truck; target: Parked vehicle - residential; weekday mornings,2025-03-04,Open - no offender match recorded,N/A - case unmatched,N/A - case unmatched,N/A - case unmatched,N/A - case unmatched,N/A - case unmatched
CASE-00221,OFF-00064,Pickpocketing,BNS Sec 303 (Theft),Market crowd,Raichur,Station Road area,Midday (12-3 PM),Bag slit and remove,Bag slit and remove; target: Market crowd; midday (12-3 pm),2023-05-22,Linked to known offender record,56+,F,4,Repeat,Escalating frequency over last 6 months
CASE-00647,OFF-00203,Counterfeit Currency,BNS Sec 178-180,Small retail shop,Chamarajanagar,Town Centre,Midday (12-3 PM),Bulk note circulation via shop network,Bulk note circulation via shop network; target: Small retail shop; midday (12-3 pm),2023-10-30,Linked to known offender record,36-45,F,4,Repeat,Escalating frequency over last 6 months
CASE-01742,UNASSIGNED,ATM Tampering/Skimming,BNS Sec 318 / IT Act,ATM users - unmanned kiosk,Chikkamagaluru,Kalasapura,Late night (11 PM-2 AM),Skimmer device installation,Skimmer device installation; target: ATM users - unmanned kiosk; late night (11 pm-2 am),2025-08-07,Open - no offender match recorded,N/A - case unmatched,N/A - case unmatched,N/A - case unmatched,N/A - case unmatched,N/A - case unmatched
CASE-01255,OFF-00380,ATM Tampering/Skimming,BNS Sec 318 / IT Act,ATM users - unmanned kiosk,Mangaluru (Dakshina Kannada),Bejai,Evening rush (6-8 PM),Shoulder-surfing + card swap,Shoulder-surfing + card swap; target: ATM users - unmanned kiosk; evening rush (6-8 pm),2025-02-12,Linked to known offender record,56+,M,5,Repeat,Long gap then resurgence with same MO
CASE-00747,OFF-00234,Cyber Fraud (OTP/Phishing),IT Act Sec 66C/66D,Elderly account holder,Hubballi-Dharwad,Old Hubballi,Midday (12-3 PM),Fake bank call requesting OTP,Fake bank call requesting OTP; target: Elderly account holder; midday (12-3 pm),2025-10-21,Linked to known offender record,26-35,M,4,Repeat,Single recorded case - insufficient pattern history
CASE-00963,OFF-00300,Shop Robbery,BNS Sec 309 (Robbery),Jewellery shop,Bagalkot,Old Bagalkot,Midday (12-3 PM),"Armed threat, cash till","Armed threat, cash till; target: Jewellery shop; midday (12-3 pm)",2024-10-17,Linked to known offender record,18-25,F,6,Repeat,Alternates between two known methods
CASE-00672,OFF-00213,Cyber Fraud (OTP/Phishing),IT Act Sec 66C/66D,Elderly account holder,Chamarajanagar,Kollegal Road area,Weekend nights,SMS phishing link,SMS phishing link; target: Elderly account holder; weekend nights,2023-12-21,Linked to known offender record,18-25,M,6,Repeat,Long gap then resurgence with same MO
CASE-00988,OFF-00305,Pickpocketing,BNS Sec 303 (Theft),Market crowd,Hassan,Race Course Road area,Early morning (4-7 AM),Crowd distraction lift,Crowd distraction lift; target: Market crowd; early morning (4-7 am),2024-01-07,Linked to known offender record,18-25,F,4,Repeat,Consistent MO across all recorded cases
CASE-00158,OFF-00046,Counterfeit Currency,BNS Sec 178-180,Currency exchange,Mandya,Vidyanagar,Weekday mornings,Bulk note circulation via shop network,Bulk note circulation via shop network; target: Currency exchange; weekday mornings,2024-06-21,Linked to known offender record,56+,M,4,Repeat,Long gap then resurgence with same MO
CASE-01163,OFF-00352,Chain Snatching,BNS Sec 304 (Snatching),Elderly pedestrian,Ballari,Gandhinagar,Weekend nights,"Foot approach, distraction snatch","Foot approach, distraction snatch; target: Elderly pedestrian; weekend nights",2024-08-14,Linked to known offender record,46-55,M,6,Repeat,Consistent MO across all recorded cases
CASE-00062,OFF-00018,Counterfeit Currency,BNS Sec 178-180,Currency exchange,Yadgir,Station Road area,Evening rush (6-8 PM),Bulk note circulation via shop network,Bulk note circulation via shop network; target: Currency exchange; evening rush (6-8 pm),2025-07-06,Linked to known offender record,46-55,F,6,Repeat,Alternates between two known methods
CASE-01725,UNASSIGNED,Chain Snatching,BNS Sec 304 (Snatching),Lone woman pedestrian,Vijayapura,Athani Road area,Midday (12-3 PM),"Foot approach, distraction snatch","Foot approach, distraction snatch; target: Lone woman pedestrian; midday (12-3 pm)",2025-05-22,Open - no offender match recorded,N/A - case unmatched,N/A - case unmatched,N/A - case unmatched,N/A - case unmatched,N/A - case unmatched
CASE-01503,UNASSIGNED,Counterfeit Currency,BNS Sec 178-180,Small retail shop,Bengaluru Rural,Devanahalli town,Weekday mornings,Bulk note circulation via shop network,Bulk note circulation via shop network; target: Small retail shop; weekday mornings,2023-02-18,Open - no offender match recorded,N/A - case unmatched,N/A - case unmatched,N/A - case unmatched,N/A - case unmatched,N/A - case unmatched
CASE-01520,UNASSIGNED,Counterfeit Currency,BNS Sec 178-180,Small retail shop,Kalaburagi,Jewargi Road area,Midday (12-3 PM),Cash-for-goods swap,Cash-for-goods swap; target: Small retail shop; midday (12-3 pm),2023-02-07,Open - no offender match recorded,N/A - case unmatched,N/A - case unmatched,N/A - case unmatched,N/A - case unmatched,N/A - case unmatched
CASE-00427,OFF-00138,Vehicle Theft (Four-wheeler),BNS Sec 303 (Theft),Parked vehicle - street,Mysuru,Jayalakshmipuram,Weekend nights,Relay key attack,Relay key attack; target: Parked vehicle - street; weekend nights,2023-07-25,Linked to known offender record,46-55,F,6,Repeat,Single recorded case - insufficient pattern history
CASE-01953,UNASSIGNED,House Burglary,BNS Sec 305 (Burglary),Ground-floor apartment,Haveri,Old Town,Midday (12-3 PM),"Lock-breaking, rear entry","Lock-breaking, rear entry; target: Ground-floor apartment; midday (12-3 pm)",2025-06-06,Open - no offender match recorded,N/A - case unmatched,N/A - case unmatched,N/A - case unmatched,N/A - case unmatched,N/A - case unmatched
CASE-01037,OFF-00319,House Burglary,BNS Sec 305 (Burglary),Vacant residence,Chitradurga,Old Bus Stand area,Weekday mornings,Impersonation as utility worker,Impersonation as utility worker; target: Vacant residence; weekday mornings,2023-03-31,Linked to known offender record,36-45,F,2,Repeat,Consistent MO across all recorded cases
CASE-00020,OFF-00008,Two-Wheeler Theft,BNS Sec 303 (Theft),Parked vehicle - residential,Davanagere,Shamanur Road area,Weekend nights,Vehicle lifted onto pickup truck,Vehicle lifted onto pickup truck; target: Parked vehicle - residential; weekend nights,2023-01-26,Linked to known offender record,18-25,M,5,Repeat,Consistent MO across all recorded cases
CASE-00152,OFF-00044,ATM Tampering/Skimming,BNS Sec 318 / IT Act,ATM users - unmanned kiosk,Mysuru,Jayalakshmipuram,Weekend nights,Shoulder-surfing + card swap,Shoulder-surfing + card swap; target: ATM users - unmanned kiosk; weekend nights,2025-03-03,Linked to known offender record,36-45,F,3,Repeat,Escalating frequency over last 6 months
CASE-00240,OFF-00071,Vehicle Theft (Four-wheeler),BNS Sec 303 (Theft),Parked vehicle - street,Bidar,New Bidar,Weekday mornings,Tow-away theft,Tow-away theft; target: Parked vehicle - street; weekday mornings,2025-10-17,Linked to known offender record,26-35,F,3,Repeat,Consistent MO across all recorded cases
CASE-00495,OFF-00157,Cyber Fraud (OTP/Phishing),IT Act Sec 66C/66D,First-time UPI user,Ballari,Cowl Bazaar,Late night (11 PM-2 AM),SMS phishing link,SMS phishing link; target: First-time UPI user; late night (11 pm-2 am),2025-06-03,Linked to known offender record,26-35,F,3,Repeat,Long gap then resurgence with same MO
CASE-01715,UNASSIGNED,Chain Snatching,BNS Sec 304 (Snatching),Elderly pedestrian,Mangaluru (Dakshina Kannada),Kadri,Late night (11 PM-2 AM),Two-wheeler drive-by snatch,Two-wheeler drive-by snatch; target: Elderly pedestrian; late night (11 pm-2 am),2023-07-21,Open - no offender match recorded,N/A - case unmatched,N/A - case unmatched,N/A - case unmatched,N/A - case unmatched,N/A - case unmatched
CASE-00809,OFF-00252,Vehicle Theft (Four-wheeler),BNS Sec 303 (Theft),Parked vehicle - street,Mysuru,Jayalakshmipuram,Evening rush (6-8 PM),Tow-away theft,Tow-away theft; target: Parked vehicle - street; evening rush (6-8 pm),2023-07-09,Linked to known offender record,46-55,F,1,First recorded instance,Alternates between two known methods
CASE-01390,OFF-00424,Counterfeit Currency,BNS Sec 178-180,Currency exchange,Vijayapura,Athani Road area,Early morning (4-7 AM),Cash-for-goods swap,Cash-for-goods swap; target: Currency exchange; early morning (4-7 am),2024-05-09,Linked to known offender record,46-55,M,6,Repeat,Alternates between two known methods
CASE-00689,OFF-00216,Shop Robbery,BNS Sec 309 (Robbery),Small retail shop,Vijayapura,Athani Road area,Evening rush (6-8 PM),Late-night forced entry,Late-night forced entry; target: Small retail shop; evening rush (6-8 pm),2023-01-20,Linked to known offender record,46-55,F,6,Repeat,Consistent MO across all recorded cases
CASE-00023,OFF-00009,House Burglary,BNS Sec 305 (Burglary),Vacant residence,Chitradurga,Basaveshwara Nagar,Late night (11 PM-2 AM),Window grille cutting,Window grille cutting; target: Vacant residence; late night (11 pm-2 am),2025-03-21,Linked to known offender record,56+,M,5,Repeat,Escalating frequency over last 6 months
CASE-00519,OFF-00163,Cyber Fraud (OTP/Phishing),IT Act Sec 66C/66D,Elderly account holder,Bengaluru Rural,Hoskote town,Late night (11 PM-2 AM),SMS phishing link,SMS phishing link; target: Elderly account holder; late night (11 pm-2 am),2024-04-23,Linked to known offender record,26-35,F,3,Repeat,Long gap then resurgence with same MO
CASE-01986,UNASSIGNED,Pickpocketing,BNS Sec 303 (Theft),Market crowd,Bengaluru Rural,Devanahalli town,Midday (12-3 PM),Bag slit and remove,Bag slit and remove; target: Market crowd; midday (12-3 pm),2023-02-15,Open - no offender match recorded,N/A - case unmatched,N/A - case unmatched,N/A - case unmatched,N/A - case unmatched,N/A - case unmatched
CASE-01534,UNASSIGNED,Pickpocketing,BNS Sec 303 (Theft),Market crowd,Kalaburagi,Station Road area,Weekday mornings,Bag slit and remove,Bag slit and remove; target: Market crowd; weekday mornings,2025-12-06,Open - no offender match recorded,N/A - case unmatched,N/A - case unmatched,N/A - case unmatched,N/A - case unmatched,N/A - case unmatched
CASE-00557,OFF-00176,Chit Fund / Investment Fraud,BNS Sec 318 (Cheating),Small investor group,Bengaluru Urban,Marathahalli,Weekend nights,"Fake high-return scheme, cash collection","Fake high-return scheme, cash collection; target: Small investor group; weekend nights",2023-04-14,Linked to known offender record,26-35,M,6,Repeat,Long gap then resurgence with same MO
CASE-00587,OFF-00184,Shop Robbery,BNS Sec 309 (Robbery),Jewellery shop,Ramanagara,Town Centre,Weekend nights,"Armed threat, cash till","Armed threat, cash till; target: Jewellery shop; weekend nights",2023-01-19,Linked to known offender record,36-45,F,3,Repeat,Alternates between two known methods
CASE-01564,UNASSIGNED,ATM Tampering/Skimming,BNS Sec 318 / IT Act,ATM users - unmanned kiosk,Shivamogga,Gopala Extension,Early morning (4-7 AM),Skimmer device installation,Skimmer device installation; target: ATM users - unmanned kiosk; early morning (4-7 am),2023-12-30,Open - no offender match recorded,N/A - case unmatched,N/A - case unmatched,N/A - case unmatched,N/A - case unmatched,N/A - case unmatched
CASE-01584,UNASSIGNED,House Burglary,BNS Sec 305 (Burglary),Ground-floor apartment,Kodagu,Virajpet town,Early morning (4-7 AM),Window grille cutting,Window grille cutting; target: Ground-floor apartment; early morning (4-7 am),2024-08-25,Open - no offender match recorded,N/A - case unmatched,N/A - case unmatched,N/A - case unmatched,N/A - case unmatched,N/A - case unmatched
CASE-00077,OFF-00021,Cyber Fraud (OTP/Phishing),IT Act Sec 66C/66D,First-time UPI user,Ballari,Gandhinagar,Late night (11 PM-2 AM),Fake bank call requesting OTP,Fake bank call requesting OTP; target: First-time UPI user; late night (11 pm-2 am),2024-08-28,Linked to known offender record,46-55,F,2,Repeat,Alternates between two known methods
CASE-00384,OFF-00123,House Burglary,BNS Sec 305 (Burglary),Ground-floor apartment,Ramanagara,Town Centre,Evening rush (6-8 PM),Window grille cutting,Window grille cutting; target: Ground-floor apartment; evening rush (6-8 pm),2023-04-15,Linked to known offender record,26-35,M,4,Repeat,Long gap then resurgence with same MO
CASE-01736,UNASSIGNED,Vehicle Theft (Four-wheeler),BNS Sec 303 (Theft),Parked vehicle - street,Bengaluru Urban,BTM Layout,Early morning (4-7 AM),Relay key attack,Relay key attack; target: Parked vehicle - street; early morning (4-7 am),2024-09-27,Open - no offender match recorded,N/A - case unmatched,N/A - case unmatched,N/A - case unmatched,N/A - case unmatched,N/A - case unmatched
CASE-01283,OFF-00386,House Burglary,BNS Sec 305 (Burglary),Ground-floor apartment,Ballari,Cowl Bazaar,Weekend nights,"Lock-breaking, rear entry","Lock-breaking, rear entry; target: Ground-floor apartment; weekend nights",2024-05-19,Linked to known offender record,56+,F,6,Repeat,Alternates between two known methods
CASE-00736,OFF-00232,Vehicle Theft (Four-wheeler),BNS Sec 303 (Theft),Parked vehicle - street,Bidar,New Bidar,Weekend nights,Tow-away theft,Tow-away theft; target: Parked vehicle - street; weekend nights,2023-10-29,Linked to known offender record,36-45,F,6,Repeat,Long gap then resurgence with same MO
CASE-00035,OFF-00012,Cyber Fraud (OTP/Phishing),IT Act Sec 66C/66D,Elderly account holder,Raichur,Old Town,Late night (11 PM-2 AM),Fake bank call requesting OTP,Fake bank call requesting OTP; target: Elderly account holder; late night (11 pm-2 am),2024-08-31,Linked to known offender record,18-25,F,6,Repeat,Alternates between two known methods
CASE-00969,OFF-00301,Chain Snatching,BNS Sec 304 (Snatching),Elderly pedestrian,Ballari,Bruce Pet,Early morning (4-7 AM),"Foot approach, distraction snatch","Foot approach, distraction snatch; target: Elderly pedestrian; early morning (4-7 am)",2024-03-24,Linked to known offender record,36-45,M,1,First recorded instance,Escalating frequency over last 6 months
CASE-00644,OFF-00203,Counterfeit Currency,BNS Sec 178-180,Currency exchange,Bengaluru Rural,Doddaballapur town,Midday (12-3 PM),Bulk note circulation via shop network,Bulk note circulation via shop network; target: Currency exchange; midday (12-3 pm),2024-09-20,Linked to known offender record,36-45,F,4,Repeat,Escalating frequency over last 6 months
CASE-00026,OFF-00009,House Burglary,BNS Sec 305 (Burglary),Ground-floor apartment,Chitradurga,College Road area,Midday (12-3 PM),Window grille cutting,Window grille cutting; target: Ground-floor apartment; midday (12-3 pm),2025-10-11,Linked to known offender record,56+,M,5,Repeat,Escalating frequency over last 6 months
CASE-00873,OFF-00277,Cyber Fraud (OTP/Phishing),IT Act Sec 66C/66D,First-time UPI user,Yadgir,Bus Stand area,Weekend nights,Fake bank call requesting OTP,Fake bank call requesting OTP; target: First-time UPI user; weekend nights,2023-05-26,Linked to known offender record,26-35,F,3,Repeat,Consistent MO across all recorded cases
CASE-00792,OFF-00246,ATM Tampering/Skimming,BNS Sec 318 / IT Act,ATM users - unmanned kiosk,Ramanagara,Town Centre,Midday (12-3 PM),Skimmer device installation,Skimmer device installation; target: ATM users - unmanned kiosk; midday (12-3 pm),2023-02-01,Linked to known offender record,26-35,M,6,Repeat,Consistent MO across all recorded cases
CASE-01960,UNASSIGNED,Cyber Fraud (OTP/Phishing),IT Act Sec 66C/66D,First-time UPI user,Yadgir,Station Road area,Late night (11 PM-2 AM),Fake bank call requesting OTP,Fake bank call requesting OTP; target: First-time UPI user; late night (11 pm-2 am),2023-08-08,Open - no offender match recorded,N/A - case unmatched,N/A - case unmatched,N/A - case unmatched,N/A - case unmatched,N/A - case unmatched
CASE-01055,OFF-00324,House Burglary,BNS Sec 305 (Burglary),Ground-floor apartment,Kolar,Ambedkar Nagar,Weekday mornings,"Lock-breaking, rear entry","Lock-breaking, rear entry; target: Ground-floor apartment; weekday mornings",2023-01-20,Linked to known offender record,46-55,M,5,Repeat,Consistent MO across all recorded cases
CASE-01057,OFF-00324,House Burglary,BNS Sec 305 (Burglary),Vacant residence,Mandya,Bannur Road area,Midday (12-3 PM),Impersonation as utility worker,Impersonation as utility worker; target: Vacant residence; midday (12-3 pm),2024-01-21,Linked to known offender record,46-55,M,5,Repeat,Consistent MO across all recorded cases
CASE-01002,OFF-00310,Cyber Fraud (OTP/Phishing),IT Act Sec 66C/66D,Elderly account holder,Bagalkot,Old Bagalkot,Weekday mornings,Fake bank call requesting OTP,Fake bank call requesting OTP; target: Elderly account holder; weekday mornings,2023-11-27,Linked to known offender record,46-55,M,6,Repeat,Escalating frequency over last 6 months
CASE-01685,UNASSIGNED,Chain Snatching,BNS Sec 304 (Snatching),Lone woman pedestrian,Mandya,Bannur Road area,Evening rush (6-8 PM),Two-wheeler drive-by snatch,Two-wheeler drive-by snatch; target: Lone woman pedestrian; evening rush (6-8 pm),2023-01-24,Open - no offender match recorded,N/A - case unmatched,N/A - case unmatched,N/A - case unmatched,N/A - case unmatched,N/A - case unmatched
CASE-00379,OFF-00121,Chit Fund / Investment Fraud,BNS Sec 318 (Cheating),Small investor group,Vijayapura,Jubilee Circle area,Early morning (4-7 AM),"Fake high-return scheme, cash collection","Fake high-return scheme, cash collection; target: Small investor group; early morning (4-7 am)",2024-08-24,Linked to known offender record,26-35,F,4,Repeat,Alternates between two known methods
CASE-00332,OFF-00104,Two-Wheeler Theft,BNS Sec 303 (Theft),Parked vehicle - commercial area,Bidar,Chidri,Midday (12-3 PM),Duplicate key / lock-picking,Duplicate key / lock-picking; target: Parked vehicle - commercial area; midday (12-3 pm),2025-12-10,Linked to known offender record,36-45,M,1,First recorded instance,Alternates between two known methods
CASE-00005,OFF-00003,Chain Snatching,BNS Sec 304 (Snatching),Lone woman pedestrian,Chikkamagaluru,IG Road area,Evening rush (6-8 PM),"Foot approach, distraction snatch","Foot approach, distraction snatch; target: Lone woman pedestrian; evening rush (6-8 pm)",2024-10-29,Linked to known offender record,18-25,F,2,Repeat,Consistent MO across all recorded cases
CASE-00441,OFF-00141,Cyber Fraud (OTP/Phishing),IT Act Sec 66C/66D,First-time UPI user,Kalaburagi,Jewargi Road area,Early morning (4-7 AM),Fake bank call requesting OTP,Fake bank call requesting OTP; target: First-time UPI user; early morning (4-7 am),2024-01-31,Linked to known offender record,18-25,F,5,Repeat,Escalating frequency over last 6 months
CASE-00159,OFF-00047,House Burglary,BNS Sec 305 (Burglary),Vacant residence,Haveri,Old Town,Weekday mornings,Window grille cutting,Window grille cutting; target: Vacant residence; weekday mornings,2023-05-15,Linked to known offender record,18-25,F,6,Repeat,Escalating frequency over last 6 months
CASE-01538,UNASSIGNED,Cyber Fraud (OTP/Phishing),IT Act Sec 66C/66D,First-time UPI user,Chikkamagaluru,Kalasapura,Evening rush (6-8 PM),Fake bank call requesting OTP,Fake bank call requesting OTP; target: First-time UPI user; evening rush (6-8 pm),2025-05-05,Open - no offender match recorded,N/A - case unmatched,N/A - case unmatched,N/A - case unmatched,N/A - case unmatched,N/A - case unmatched
CASE-00585,OFF-00183,House Burglary,BNS Sec 305 (Burglary),Vacant residence,Mangaluru (Dakshina Kannada),Kadri,Late night (11 PM-2 AM),Window grille cutting,Window grille cutting; target: Vacant residence; late night (11 pm-2 am),2025-04-12,Linked to known offender record,36-45,F,6,Repeat,Single recorded case - insufficient pattern history
CASE-00350,OFF-00112,Chit Fund / Investment Fraud,BNS Sec 318 (Cheating),Small investor group,Ramanagara,Bengaluru-Mysuru Highway area,Early morning (4-7 AM),"Fake high-return scheme, cash collection","Fake high-return scheme, cash collection; target: Small investor group; early morning (4-7 am)",2023-05-25,Linked to known offender record,18-25,M,4,Repeat,Alternates between two known methods
CASE-01818,UNASSIGNED,ATM Tampering/Skimming,BNS Sec 318 / IT Act,ATM users - unmanned kiosk,Hubballi-Dharwad,Vidyanagar,Late night (11 PM-2 AM),Skimmer device installation,Skimmer device installation; target: ATM users - unmanned kiosk; late night (11 pm-2 am),2024-02-03,Open - no offender match recorded,N/A - case unmatched,N/A - case unmatched,N/A - case unmatched,N/A - case unmatched,N/A - case unmatched
CASE-00643,OFF-00202,Two-Wheeler Theft,BNS Sec 303 (Theft),Parked vehicle - residential,Bagalkot,Navanagar,Midday (12-3 PM),Duplicate key / lock-picking,Duplicate key / lock-picking; target: Parked vehicle - residential; midday (12-3 pm),2024-12-20,Linked to known offender record,46-55,M,4,Repeat,Consistent MO across all recorded cases
CASE-01276,OFF-00385,House Burglary,BNS Sec 305 (Burglary),Vacant residence,Yadgir,Bus Stand area,Weekday mornings,Window grille cutting,Window grille cutting; target: Vacant residence; weekday mornings,2023-10-03,Linked to known offender record,36-45,F,6,Repeat,Escalating frequency over last 6 months
CASE-00444,OFF-00142,Vehicle Theft (Four-wheeler),BNS Sec 303 (Theft),Parked vehicle - street,Hubballi-Dharwad,Keshwapur,Early morning (4-7 AM),Relay key attack,Relay key attack; target: Parked vehicle - street; early morning (4-7 am),2023-11-28,Linked to known offender record,46-55,F,4,Repeat,Consistent MO across all recorded cases
CASE-01138,OFF-00345,House Burglary,BNS Sec 305 (Burglary),Ground-floor apartment,Chikkaballapur,Bus Stand area,Evening rush (6-8 PM),Window grille cutting,Window grille cutting; target: Ground-floor apartment; evening rush (6-8 pm),2025-06-25,Linked to known offender record,18-25,F,4,Repeat,Escalating frequency over last 6 months
CASE-01967,UNASSIGNED,Shop Robbery,BNS Sec 309 (Robbery),Jewellery shop,Bagalkot,Navanagar,Late night (11 PM-2 AM),"Armed threat, cash till","Armed threat, cash till; target: Jewellery shop; late night (11 pm-2 am)",2023-06-26,Open - no offender match recorded,N/A - case unmatched,N/A - case unmatched,N/A - case unmatched,N/A - case unmatched,N/A - case unmatched
CASE-01928,UNASSIGNED,Chain Snatching,BNS Sec 304 (Snatching),Elderly pedestrian,Davanagere,Shamanur Road area,Weekday mornings,Two-wheeler drive-by snatch,Two-wheeler drive-by snatch; target: Elderly pedestrian; weekday mornings,2024-08-30,Open - no offender match recorded,N/A - case unmatched,N/A - case unmatched,N/A - case unmatched,N/A - case unmatched,N/A - case unmatched
CASE-01915,UNASSIGNED,Two-Wheeler Theft,BNS Sec 303 (Theft),Parked vehicle - residential,Kalaburagi,Sedam Road area,Midday (12-3 PM),Vehicle lifted onto pickup truck,Vehicle lifted onto pickup truck; target: Parked vehicle - residential; midday (12-3 pm),2025-02-02,Open - no offender match recorded,N/A - case unmatched,N/A - case unmatched,N/A - case unmatched,N/A - case unmatched,N/A - case unmatched
CASE-01881,UNASSIGNED,ATM Tampering/Skimming,BNS Sec 318 / IT Act,ATM users - unmanned kiosk,Bidar,Old City area,Evening rush (6-8 PM),Skimmer device installation,Skimmer device installation; target: ATM users - unmanned kiosk; evening rush (6-8 pm),2024-10-17,Open - no offender match recorded,N/A - case unmatched,N/A - case unmatched,N/A - case unmatched,N/A - case unmatched,N/A - case unmatched
CASE-00051,OFF-00015,Chain Snatching,BNS Sec 304 (Snatching),Lone woman pedestrian,Davanagere,PJ Extension,Weekday mornings,"Foot approach, distraction snatch","Foot approach, distraction snatch; target: Lone woman pedestrian; weekday mornings",2025-05-04,Linked to known offender record,18-25,F,4,Repeat,Long gap then resurgence with same MO
CASE-00068,OFF-00019,Shop Robbery,BNS Sec 309 (Robbery),Small retail shop,Chikkaballapur,MG Road area,Late night (11 PM-2 AM),Late-night forced entry,Late-night forced entry; target: Small retail shop; late night (11 pm-2 am),2023-07-29,Linked to known offender record,18-25,F,6,Repeat,Escalating frequency over last 6 months
CASE-01043,OFF-00321,Two-Wheeler Theft,BNS Sec 303 (Theft),Parked vehicle - residential,Haveri,Bypass Road area,Late night (11 PM-2 AM),Vehicle lifted onto pickup truck,Vehicle lifted onto pickup truck; target: Parked vehicle - residential; late night (11 pm-2 am),2025-09-02,Linked to known offender record,26-35,F,3,Repeat,Single recorded case - insufficient pattern history
CASE-00451,OFF-00145,Cyber Fraud (OTP/Phishing),IT Act Sec 66C/66D,Elderly account holder,Raichur,Old Town,Weekday mornings,Fake bank call requesting OTP,Fake bank call requesting OTP; target: Elderly account holder; weekday mornings,2025-01-11,Linked to known offender record,26-35,M,1,First recorded instance,Consistent MO across all recorded cases
CASE-01196,OFF-00362,Counterfeit Currency,BNS Sec 178-180,Small retail shop,Hubballi-Dharwad,Keshwapur,Midday (12-3 PM),Bulk note circulation via shop network,Bulk note circulation via shop network; target: Small retail shop; midday (12-3 pm),2023-11-13,Linked to known offender record,36-45,F,3,Repeat,Consistent MO across all recorded cases
CASE-01478,OFF-00450,Chain Snatching,BNS Sec 304 (Snatching),Elderly pedestrian,Kolar,Bangarpet Road area,Evening rush (6-8 PM),"Foot approach, distraction snatch","Foot approach, distraction snatch; target: Elderly pedestrian; evening rush (6-8 pm)",2023-05-05,Linked to known offender record,18-25,M,3,Repeat,Consistent MO across all recorded cases
CASE-00702,OFF-00221,Shop Robbery,BNS Sec 309 (Robbery),Jewellery shop,Bengaluru Rural,Hoskote town,Early morning (4-7 AM),Late-night forced entry,Late-night forced entry; target: Jewellery shop; early morning (4-7 am),2023-10-09,Linked to known offender record,56+,M,1,First recorded instance,Single recorded case - insufficient pattern history
CASE-01389,OFF-00423,Cyber Fraud (OTP/Phishing),IT Act Sec 66C/66D,Elderly account holder,Haveri,Bypass Road area,Midday (12-3 PM),Fake bank call requesting OTP,Fake bank call requesting OTP; target: Elderly account holder; midday (12-3 pm),2023-03-23,Linked to known offender record,36-45,M,6,Repeat,Single recorded case - insufficient pattern history
CASE-01168,OFF-00354,Counterfeit Currency,BNS Sec 178-180,Currency exchange,Davanagere,Vinoba Nagar,Weekend nights,Bulk note circulation via shop network,Bulk note circulation via shop network; target: Currency exchange; weekend nights,2024-11-19,Linked to known offender record,26-35,F,3,Repeat,Escalating frequency over last 6 months
CASE-00642,OFF-00202,Two-Wheeler Theft,BNS Sec 303 (Theft),Parked vehicle - commercial area,Bagalkot,Navanagar,Evening rush (6-8 PM),Vehicle lifted onto pickup truck,Vehicle lifted onto pickup truck; target: Parked vehicle - commercial area; evening rush (6-8 pm),2024-07-20,Linked to known offender record,46-55,M,4,Repeat,Consistent MO across all recorded cases
CASE-00415,OFF-00134,Pickpocketing,BNS Sec 303 (Theft),Bus/rail commuter,Uttara Kannada,Sirsi town,Weekend nights,Crowd distraction lift,Crowd distraction lift; target: Bus/rail commuter; weekend nights,2025-06-16,Linked to known offender record,26-35,F,4,Repeat,Long gap then resurgence with same MO
CASE-01126,OFF-00343,Counterfeit Currency,BNS Sec 178-180,Small retail shop,Bengaluru Rural,Devanahalli town,Late night (11 PM-2 AM),Cash-for-goods swap,Cash-for-goods swap; target: Small retail shop; late night (11 pm-2 am),2025-10-12,Linked to known offender record,18-25,M,6,Repeat,Alternates between two known methods
CASE-01994,UNASSIGNED,ATM Tampering/Skimming,BNS Sec 318 / IT Act,ATM users - unmanned kiosk,Kodagu,Gonikoppal town,Early morning (4-7 AM),Shoulder-surfing + card swap,Shoulder-surfing + card swap; target: ATM users - unmanned kiosk; early morning (4-7 am),2024-07-08,Open - no offender match recorded,N/A - case unmatched,N/A - case unmatched,N/A - case unmatched,N/A - case unmatched,N/A - case unmatched
CASE-00539,OFF-00170,Vehicle Theft (Four-wheeler),BNS Sec 303 (Theft),Parked vehicle - street,Mysuru,Vijayanagar,Early morning (4-7 AM),Relay key attack,Relay key attack; target: Parked vehicle - street; early morning (4-7 am),2024-08-15,Linked to known offender record,18-25,F,1,First recorded instance,Consistent MO across all recorded cases
CASE-01987,UNASSIGNED,House Burglary,BNS Sec 305 (Burglary),Vacant residence,Bengaluru Urban,Indiranagar,Late night (11 PM-2 AM),Impersonation as utility worker,Impersonation as utility worker; target: Vacant residence; late night (11 pm-2 am),2024-04-12,Open - no offender match recorded,N/A - case unmatched,N/A - case unmatched,N/A - case unmatched,N/A - case unmatched,N/A - case unmatched
CASE-00906,OFF-00285,Cyber Fraud (OTP/Phishing),IT Act Sec 66C/66D,First-time UPI user,Hassan,Bus Stand area,Midday (12-3 PM),SMS phishing link,SMS phishing link; target: First-time UPI user; midday (12-3 pm),2024-07-30,Linked to known offender record,26-35,F,5,Repeat,Escalating frequency over last 6 months
CASE-01336,OFF-00403,ATM Tampering/Skimming,BNS Sec 318 / IT Act,ATM users - unmanned kiosk,Koppal,Gangavathi Road area,Evening rush (6-8 PM),Shoulder-surfing + card swap,Shoulder-surfing + card swap; target: ATM users - unmanned kiosk; evening rush (6-8 pm),2024-12-20,Linked to known offender record,36-45,M,5,Repeat,Escalating frequency over last 6 months
CASE-01259,OFF-00380,ATM Tampering/Skimming,BNS Sec 318 / IT Act,ATM users - unmanned kiosk,Chikkamagaluru,MG Road area,Midday (12-3 PM),Shoulder-surfing + card swap,Shoulder-surfing + card swap; target: ATM users - unmanned kiosk; midday (12-3 pm),2023-04-04,Linked to known offender record,56+,M,5,Repeat,Long gap then resurgence with same MO
CASE-01961,UNASSIGNED,Two-Wheeler Theft,BNS Sec 303 (Theft),Parked vehicle - commercial area,Yadgir,Bus Stand area,Midday (12-3 PM),Vehicle lifted onto pickup truck,Vehicle lifted onto pickup truck; target: Parked vehicle - commercial area; midday (12-3 pm),2023-09-11,Open - no offender match recorded,N/A - case unmatched,N/A - case unmatched,N/A - case unmatched,N/A - case unmatched,N/A - case unmatched
CASE-00315,OFF-00099,Chit Fund / Investment Fraud,BNS Sec 318 (Cheating),Small investor group,Udupi,Malpe Road area,Weekday mornings,"Fake high-return scheme, cash collection","Fake high-return scheme, cash collection; target: Small investor group; weekday mornings",2025-11-11,Linked to known offender record,26-35,M,3,Repeat,Single recorded case - insufficient pattern history
CASE-00419,OFF-00135,Vehicle Theft (Four-wheeler),BNS Sec 303 (Theft),Parked vehicle - street,Koppal,Gangavathi Road area,Late night (11 PM-2 AM),Tow-away theft,Tow-away theft; target: Parked vehicle - street; late night (11 pm-2 am),2025-08-04,Linked to known offender record,26-35,M,4,Repeat,Consistent MO across all recorded cases
CASE-00182,OFF-00052,Two-Wheeler Theft,BNS Sec 303 (Theft),Parked vehicle - commercial area,Haveri,Old Town,Early morning (4-7 AM),Vehicle lifted onto pickup truck,Vehicle lifted onto pickup truck; target: Parked vehicle - commercial area; early morning (4-7 am),2024-06-06,Linked to known offender record,18-25,M,5,Repeat,Consistent MO across all recorded cases
CASE-00268,OFF-00080,House Burglary,BNS Sec 305 (Burglary),Ground-floor apartment,Vijayapura,Athani Road area,Midday (12-3 PM),Impersonation as utility worker,Impersonation as utility worker; target: Ground-floor apartment; midday (12-3 pm),2025-12-22,Linked to known offender record,36-45,M,2,Repeat,Consistent MO across all recorded cases
CASE-00179,OFF-00052,Two-Wheeler Theft,BNS Sec 303 (Theft),Parked vehicle - residential,Haveri,Old Town,Early morning (4-7 AM),Duplicate key / lock-picking,Duplicate key / lock-picking; target: Parked vehicle - residential; early morning (4-7 am),2024-11-18,Linked to known offender record,18-25,M,5,Repeat,Consistent MO across all recorded cases
CASE-01320,OFF-00398,Chain Snatching,BNS Sec 304 (Snatching),Elderly pedestrian,Kolar,Ambedkar Nagar,Early morning (4-7 AM),"Foot approach, distraction snatch","Foot approach, distraction snatch; target: Elderly pedestrian; early morning (4-7 am)",2024-05-21,Linked to known offender record,26-35,F,6,Repeat,Escalating frequency over last 6 months
CASE-01883,UNASSIGNED,Counterfeit Currency,BNS Sec 178-180,Currency exchange,Davanagere,Vinoba Nagar,Midday (12-3 PM),Cash-for-goods swap,Cash-for-goods swap; target: Currency exchange; midday (12-3 pm),2025-09-07,Open - no offender match recorded,N/A - case unmatched,N/A - case unmatched,N/A - case unmatched,N/A - case unmatched,N/A - case unmatched
CASE-01006,OFF-00311,Vehicle Theft (Four-wheeler),BNS Sec 303 (Theft),Parked vehicle - street,Gadag,Station Road area,Midday (12-3 PM),Tow-away theft,Tow-away theft; target: Parked vehicle - street; midday (12-3 pm),2023-08-16,Linked to known offender record,46-55,F,3,Repeat,Single recorded case - insufficient pattern history
CASE-00751,OFF-00235,Chit Fund / Investment Fraud,BNS Sec 318 (Cheating),Small investor group,Koppal,Old Town,Evening rush (6-8 PM),"Fake high-return scheme, cash collection","Fake high-return scheme, cash collection; target: Small investor group; evening rush (6-8 pm)",2024-09-16,Linked to known offender record,56+,F,3,Repeat,Consistent MO across all recorded cases
CASE-00808,OFF-00251,Chit Fund / Investment Fraud,BNS Sec 318 (Cheating),Small investor group,Bengaluru Rural,Hoskote town,Early morning (4-7 AM),"Fake high-return scheme, cash collection","Fake high-return scheme, cash collection; target: Small investor group; early morning (4-7 am)",2025-06-18,Linked to known offender record,18-25,F,1,First recorded instance,Single recorded case - insufficient pattern history
CASE-00030,OFF-00010,Pickpocketing,BNS Sec 303 (Theft),Market crowd,Hassan,Bus Stand area,Late night (11 PM-2 AM),Crowd distraction lift,Crowd distraction lift; target: Market crowd; late night (11 pm-2 am),2024-11-18,Linked to known offender record,46-55,F,4,Repeat,Single recorded case - insufficient pattern history
CASE-00224,OFF-00065,Pickpocketing,BNS Sec 303 (Theft),Bus/rail commuter,Bagalkot,Navanagar,Weekday mornings,Crowd distraction lift,Crowd distraction lift; target: Bus/rail commuter; weekday mornings,2025-08-12,Linked to known offender record,36-45,M,6,Repeat,Alternates between two known methods
CASE-01509,UNASSIGNED,Two-Wheeler Theft,BNS Sec 303 (Theft),Parked vehicle - commercial area,Bengaluru Rural,Nelamangala town,Weekend nights,Duplicate key / lock-picking,Duplicate key / lock-picking; target: Parked vehicle - commercial area; weekend nights,2024-08-04,Open - no offender match recorded,N/A - case unmatched,N/A - case unmatched,N/A - case unmatched,N/A - case unmatched,N/A - case unmatched
CASE-01542,UNASSIGNED,Shop Robbery,BNS Sec 309 (Robbery),Jewellery shop,Gadag,Station Road area,Late night (11 PM-2 AM),Late-night forced entry,Late-night forced entry; target: Jewellery shop; late night (11 pm-2 am),2024-05-30,Open - no offender match recorded,N/A - case unmatched,N/A - case unmatched,N/A - case unmatched,N/A - case unmatched,N/A - case unmatched
CASE-00293,OFF-00090,Two-Wheeler Theft,BNS Sec 303 (Theft),Parked vehicle - residential,Belagavi,Tilakwadi,Early morning (4-7 AM),Vehicle lifted onto pickup truck,Vehicle lifted onto pickup truck; target: Parked vehicle - residential; early morning (4-7 am),2024-01-18,Linked to known offender record,18-25,M,1,First recorded instance,Long gap then resurgence with same MO
CASE-01526,UNASSIGNED,Shop Robbery,BNS Sec 309 (Robbery),Jewellery shop,Yadgir,Station Road area,Evening rush (6-8 PM),Late-night forced entry,Late-night forced entry; target: Jewellery shop; evening rush (6-8 pm),2024-04-07,Open - no offender match recorded,N/A - case unmatched,N/A - case unmatched,N/A - case unmatched,N/A - case unmatched,N/A - case unmatched
CASE-01141,OFF-00346,Pickpocketing,BNS Sec 303 (Theft),Bus/rail commuter,Ballari,Gandhinagar,Late night (11 PM-2 AM),Bag slit and remove,Bag slit and remove; target: Bus/rail commuter; late night (11 pm-2 am),2023-11-15,Linked to known offender record,36-45,F,3,Repeat,Alternates between two known methods
CASE-00554,OFF-00176,Chit Fund / Investment Fraud,BNS Sec 318 (Cheating),Small investor group,Ballari,Bruce Pet,Weekend nights,"Fake high-return scheme, cash collection","Fake high-return scheme, cash collection; target: Small investor group; weekend nights",2023-02-02,Linked to known offender record,26-35,M,6,Repeat,Long gap then resurgence with same MO
CASE-00426,OFF-00137,Chit Fund / Investment Fraud,BNS Sec 318 (Cheating),Small investor group,Ramanagara,Town Centre,Late night (11 PM-2 AM),"Fake high-return scheme, cash collection","Fake high-return scheme, cash collection; target: Small investor group; late night (11 pm-2 am)",2025-11-08,Linked to known offender record,56+,M,3,Repeat,Consistent MO across all recorded cases
CASE-01982,UNASSIGNED,House Burglary,BNS Sec 305 (Burglary),Vacant residence,Bidar,Chidri,Early morning (4-7 AM),Impersonation as utility worker,Impersonation as utility worker; target: Vacant residence; early morning (4-7 am),2025-04-18,Open - no offender match recorded,N/A - case unmatched,N/A - case unmatched,N/A - case unmatched,N/A - case unmatched,N/A - case unmatched
CASE-00042,OFF-00013,ATM Tampering/Skimming,BNS Sec 318 / IT Act,ATM users - unmanned kiosk,Belagavi,Vadgaon,Weekday mornings,Skimmer device installation,Skimmer device installation; target: ATM users - unmanned kiosk; weekday mornings,2025-03-28,Linked to known offender record,36-45,M,3,Repeat,Single recorded case - insufficient pattern history
CASE-01951,UNASSIGNED,Two-Wheeler Theft,BNS Sec 303 (Theft),Parked vehicle - commercial area,Chikkamagaluru,MG Road area,Evening rush (6-8 PM),Duplicate key / lock-picking,Duplicate key / lock-picking; target: Parked vehicle - commercial area; evening rush (6-8 pm),2025-04-08,Open - no offender match recorded,N/A - case unmatched,N/A - case unmatched,N/A - case unmatched,N/A - case unmatched,N/A - case unmatched
CASE-01870,UNASSIGNED,Pickpocketing,BNS Sec 303 (Theft),Bus/rail commuter,Chamarajanagar,Kollegal Road area,Weekday mornings,Crowd distraction lift,Crowd distraction lift; target: Bus/rail commuter; weekday mornings,2025-08-27,Open - no offender match recorded,N/A - case unmatched,N/A - case unmatched,N/A - case unmatched,N/A - case unmatched,N/A - case unmatched
CASE-00665,OFF-00210,Vehicle Theft (Four-wheeler),BNS Sec 303 (Theft),Parked vehicle - street,Bagalkot,Navanagar,Late night (11 PM-2 AM),Tow-away theft,Tow-away theft; target: Parked vehicle - street; late night (11 pm-2 am),2023-05-18,Linked to known offender record,56+,M,5,Repeat,Alternates between two known methods
CASE-01217,OFF-00368,Two-Wheeler Theft,BNS Sec 303 (Theft),Parked vehicle - residential,Davanagere,Shamanur Road area,Midday (12-3 PM),Vehicle lifted onto pickup truck,Vehicle lifted onto pickup truck; target: Parked vehicle - residential; midday (12-3 pm),2025-01-23,Linked to known offender record,36-45,F,5,Repeat,Single recorded case - insufficient pattern history
CASE-00496,OFF-00157,Cyber Fraud (OTP/Phishing),IT Act Sec 66C/66D,Elderly account holder,Shivamogga,Gopala Extension,Weekday mornings,SMS phishing link,SMS phishing link; target: Elderly account holder; weekday mornings,2023-04-04,Linked to known offender record,26-35,F,3,Repeat,Long gap then resurgence with same MO
CASE-01337,OFF-00404,Vehicle Theft (Four-wheeler),BNS Sec 303 (Theft),Parked vehicle - street,Tumakuru,Kunigal Road area,Weekend nights,Tow-away theft,Tow-away theft; target: Parked vehicle - street; weekend nights,2025-07-31,Linked to known offender record,36-45,M,3,Repeat,Escalating frequency over last 6 months
CASE-00602,OFF-00188,ATM Tampering/Skimming,BNS Sec 318 / IT Act,ATM users - unmanned kiosk,Bengaluru Urban,Indiranagar,Early morning (4-7 AM),Skimmer device installation,Skimmer device installation; target: ATM users - unmanned kiosk; early morning (4-7 am),2025-10-28,Linked to known offender record,18-25,M,6,Repeat,Alternates between two known methods
CASE-01286,OFF-00388,Shop Robbery,BNS Sec 309 (Robbery),Jewellery shop,Kolar,Bangarpet Road area,Midday (12-3 PM),"Armed threat, cash till","Armed threat, cash till; target: Jewellery shop; midday (12-3 pm)",2023-08-14,Linked to known offender record,18-25,M,3,Repeat,Consistent MO across all recorded cases
CASE-00756,OFF-00236,Chain Snatching,BNS Sec 304 (Snatching),Elderly pedestrian,Hubballi-Dharwad,Keshwapur,Midday (12-3 PM),"Foot approach, distraction snatch","Foot approach, distraction snatch; target: Elderly pedestrian; midday (12-3 pm)",2023-07-07,Linked to known offender record,26-35,M,6,Repeat,Single recorded case - insufficient pattern history
CASE-00807,OFF-00250,Pickpocketing,BNS Sec 303 (Theft),Market crowd,Bagalkot,Old Bagalkot,Midday (12-3 PM),Bag slit and remove,Bag slit and remove; target: Market crowd; midday (12-3 pm),2025-04-17,Linked to known offender record,46-55,M,5,Repeat,Long gap then resurgence with same MO
CASE-01199,OFF-00363,Counterfeit Currency,BNS Sec 178-180,Currency exchange,Chikkaballapur,Bus Stand area,Weekday mornings,Cash-for-goods swap,Cash-for-goods swap; target: Currency exchange; weekday mornings,2024-09-03,Linked to known offender record,36-45,M,5,Repeat,Escalating frequency over last 6 months
CASE-01954,UNASSIGNED,Chit Fund / Investment Fraud,BNS Sec 318 (Cheating),Small investor group,Udupi,Malpe Road area,Late night (11 PM-2 AM),"Fake high-return scheme, cash collection","Fake high-return scheme, cash collection; target: Small investor group; late night (11 pm-2 am)",2024-01-26,Open - no offender match recorded,N/A - case unmatched,N/A - case unmatched,N/A - case unmatched,N/A - case unmatched,N/A - case unmatched
CASE-00398,OFF-00128,Chain Snatching,BNS Sec 304 (Snatching),Lone woman pedestrian,Chikkamagaluru,IG Road area,Evening rush (6-8 PM),Two-wheeler drive-by snatch,Two-wheeler drive-by snatch; target: Lone woman pedestrian; evening rush (6-8 pm),2023-04-17,Linked to known offender record,46-55,M,4,Repeat,Consistent MO across all recorded cases
CASE-00910,OFF-00286,Cyber Fraud (OTP/Phishing),IT Act Sec 66C/66D,Elderly account holder,Gadag,Betageri,Late night (11 PM-2 AM),Fake bank call requesting OTP,Fake bank call requesting OTP; target: Elderly account holder; late night (11 pm-2 am),2023-10-28,Linked to known offender record,36-45,F,5,Repeat,Single recorded case - insufficient pattern history
CASE-00284,OFF-00087,ATM Tampering/Skimming,BNS Sec 318 / IT Act,ATM users - unmanned kiosk,Kolar,Old Bus Stand area,Early morning (4-7 AM),Skimmer device installation,Skimmer device installation; target: ATM users - unmanned kiosk; early morning (4-7 am),2024-10-24,Linked to known offender record,18-25,F,2,Repeat,Alternates between two known methods
CASE-01344,OFF-00407,Pickpocketing,BNS Sec 303 (Theft),Bus/rail commuter,Bengaluru Urban,Hebbal,Late night (11 PM-2 AM),Bag slit and remove,Bag slit and remove; target: Bus/rail commuter; late night (11 pm-2 am),2024-01-29,Linked to known offender record,26-35,F,3,Repeat,Single recorded case - insufficient pattern history
CASE-00144,OFF-00041,Cyber Fraud (OTP/Phishing),IT Act Sec 66C/66D,Elderly account holder,Bengaluru Urban,Koramangala,Early morning (4-7 AM),SMS phishing link,SMS phishing link; target: Elderly account holder; early morning (4-7 am),2023-10-04,Linked to known offender record,26-35,F,5,Repeat,Escalating frequency over last 6 months
CASE-00192,OFF-00055,Shop Robbery,BNS Sec 309 (Robbery),Small retail shop,Bagalkot,Old Bagalkot,Weekday mornings,Late-night forced entry,Late-night forced entry; target: Small retail shop; weekday mornings,2025-12-30,Linked to known offender record,36-45,F,5,Repeat,Escalating frequency over last 6 months
CASE-01865,UNASSIGNED,Cyber Fraud (OTP/Phishing),IT Act Sec 66C/66D,Elderly account holder,Chitradurga,College Road area,Early morning (4-7 AM),Fake bank call requesting OTP,Fake bank call requesting OTP; target: Elderly account holder; early morning (4-7 am),2025-09-24,Open - no offender match recorded,N/A - case unmatched,N/A - case unmatched,N/A - case unmatched,N/A - case unmatched,N/A - case unmatched
CASE-00456,OFF-00146,ATM Tampering/Skimming,BNS Sec 318 / IT Act,ATM users - unmanned kiosk,Udupi,Manipal,Weekday mornings,Skimmer device installation,Skimmer device installation; target: ATM users - unmanned kiosk; weekday mornings,2024-08-25,Linked to known offender record,18-25,M,6,Repeat,Escalating frequency over last 6 months
CASE-01195,OFF-00362,Counterfeit Currency,BNS Sec 178-180,Currency exchange,Mangaluru (Dakshina Kannada),Bejai,Midday (12-3 PM),Bulk note circulation via shop network,Bulk note circulation via shop network; target: Currency exchange; midday (12-3 pm),2024-12-10,Linked to known offender record,36-45,F,3,Repeat,Consistent MO across all recorded cases
CASE-00118,OFF-00033,Vehicle Theft (Four-wheeler),BNS Sec 303 (Theft),Parked vehicle - street,Davanagere,Shamanur Road area,Weekend nights,Tow-away theft,Tow-away theft; target: Parked vehicle - street; weekend nights,2023-01-11,Linked to known offender record,26-35,F,5,Repeat,Single recorded case - insufficient pattern history
CASE-01540,UNASSIGNED,Shop Robbery,BNS Sec 309 (Robbery),Jewellery shop,Mandya,Ashok Nagar,Early morning (4-7 AM),"Armed threat, cash till","Armed threat, cash till; target: Jewellery shop; early morning (4-7 am)",2025-06-17,Open - no offender match recorded,N/A - case unmatched,N/A - case unmatched,N/A - case unmatched,N/A - case unmatched,N/A - case unmatched
CASE-00616,OFF-00193,Shop Robbery,BNS Sec 309 (Robbery),Jewellery shop,Tumakuru,SS Puram,Weekday mornings,Late-night forced entry,Late-night forced entry; target: Jewellery shop; weekday mornings,2023-10-16,Linked to known offender record,26-35,M,3,Repeat,Long gap then resurgence with same MO
CASE-00225,OFF-00065,Pickpocketing,BNS Sec 303 (Theft),Market crowd,Haveri,Bypass Road area,Weekday mornings,Crowd distraction lift,Crowd distraction lift; target: Market crowd; weekday mornings,2025-12-24,Linked to known offender record,36-45,M,6,Repeat,Alternates between two known methods
CASE-01143,OFF-00346,Pickpocketing,BNS Sec 303 (Theft),Bus/rail commuter,Ballari,Gandhinagar,Late night (11 PM-2 AM),Bag slit and remove,Bag slit and remove; target: Bus/rail commuter; late night (11 pm-2 am),2023-11-15,Linked to known offender record,36-45,F,3,Repeat,Alternates between two known methods
CASE-00629,OFF-00199,Chit Fund / Investment Fraud,BNS Sec 318 (Cheating),Small investor group,Hubballi-Dharwad,Keshwapur,Weekday mornings,"Fake high-return scheme, cash collection","Fake high-return scheme, cash collection; target: Small investor group; weekday mornings",2023-08-13,Linked to known offender record,46-55,M,6,Repeat,Single recorded case - insufficient pattern history
CASE-01066,OFF-00326,Chain Snatching,BNS Sec 304 (Snatching),Lone woman pedestrian,Mysuru,Vijayanagar,Weekend nights,Two-wheeler drive-by snatch,Two-wheeler drive-by snatch; target: Lone woman pedestrian; weekend nights,2024-12-02,Linked to known offender record,46-55,F,5,Repeat,Escalating frequency over last 6 months
CASE-01237,OFF-00374,ATM Tampering/Skimming,BNS Sec 318 / IT Act,ATM users - unmanned kiosk,Vijayapura,Jubilee Circle area,Evening rush (6-8 PM),Skimmer device installation,Skimmer device installation; target: ATM users - unmanned kiosk; evening rush (6-8 pm),2023-06-01,Linked to known offender record,56+,M,3,Repeat,Escalating frequency over last 6 months
CASE-01277,OFF-00385,House Burglary,BNS Sec 305 (Burglary),Ground-floor apartment,Kalaburagi,Jewargi Road area,Weekday mornings,Window grille cutting,Window grille cutting; target: Ground-floor apartment; weekday mornings,2025-05-28,Linked to known offender record,36-45,F,6,Repeat,Escalating frequency over last 6 months
CASE-00141,OFF-00040,Pickpocketing,BNS Sec 303 (Theft),Bus/rail commuter,Kalaburagi,Sedam Road area,Evening rush (6-8 PM),Bag slit and remove,Bag slit and remove; target: Bus/rail commuter; evening rush (6-8 pm),2023-10-01,Linked to known offender record,56+,F,5,Repeat,Escalating frequency over last 6 months
CASE-00845,OFF-00264,Chain Snatching,BNS Sec 304 (Snatching),Elderly pedestrian,Mysuru,Kuvempunagar,Late night (11 PM-2 AM),Two-wheeler drive-by snatch,Two-wheeler drive-by snatch; target: Elderly pedestrian; late night (11 pm-2 am),2024-10-31,Linked to known offender record,18-25,M,2,Repeat,Single recorded case - insufficient pattern history
CASE-00957,OFF-00298,Cyber Fraud (OTP/Phishing),IT Act Sec 66C/66D,Elderly account holder,Chikkamagaluru,MG Road area,Early morning (4-7 AM),SMS phishing link,SMS phishing link; target: Elderly account holder; early morning (4-7 am),2025-05-20,Linked to known offender record,46-55,M,4,Repeat,Alternates between two known methods
CASE-00590,OFF-00185,Two-Wheeler Theft,BNS Sec 303 (Theft),Parked vehicle - commercial area,Kalaburagi,Station Road area,Weekday mornings,Vehicle lifted onto pickup truck,Vehicle lifted onto pickup truck; target: Parked vehicle - commercial area; weekday mornings,2025-11-30,Linked to known offender record,26-35,M,2,Repeat,Long gap then resurgence with same MO
CASE-01971,UNASSIGNED,Two-Wheeler Theft,BNS Sec 303 (Theft),Parked vehicle - commercial area,Bidar,Chidri,Weekday mornings,Duplicate key / lock-picking,Duplicate key / lock-picking; target: Parked vehicle - commercial area; weekday mornings,2024-09-22,Open - no offender match recorded,N/A - case unmatched,N/A - case unmatched,N/A - case unmatched,N/A - case unmatched,N/A - case unmatched
CASE-01582,UNASSIGNED,Vehicle Theft (Four-wheeler),BNS Sec 303 (Theft),Parked vehicle - street,Udupi,Kunjibettu,Evening rush (6-8 PM),Relay key attack,Relay key attack; target: Parked vehicle - street; evening rush (6-8 pm),2025-10-24,Open - no offender match recorded,N/A - case unmatched,N/A - case unmatched,N/A - case unmatched,N/A - case unmatched,N/A - case unmatched
CASE-00586,OFF-00183,House Burglary,BNS Sec 305 (Burglary),Vacant residence,Mangaluru (Dakshina Kannada),Bejai,Late night (11 PM-2 AM),Window grille cutting,Window grille cutting; target: Vacant residence; late night (11 pm-2 am),2025-08-02,Linked to known offender record,36-45,F,6,Repeat,Single recorded case - insufficient pattern history
CASE-01957,UNASSIGNED,Shop Robbery,BNS Sec 309 (Robbery),Jewellery shop,Ballari,Cowl Bazaar,Weekend nights,Late-night forced entry,Late-night forced entry; target: Jewellery shop; weekend nights,2025-02-23,Open - no offender match recorded,N/A - case unmatched,N/A - case unmatched,N/A - case unmatched,N/A - case unmatched,N/A - case unmatched
CASE-00550,OFF-00175,ATM Tampering/Skimming,BNS Sec 318 / IT Act,ATM users - unmanned kiosk,Ballari,Gandhinagar,Weekday mornings,Skimmer device installation,Skimmer device installation; target: ATM users - unmanned kiosk; weekday mornings,2024-09-08,Linked to known offender record,26-35,F,4,Repeat,Consistent MO across all recorded cases
CASE-01910,UNASSIGNED,Vehicle Theft (Four-wheeler),BNS Sec 303 (Theft),Parked vehicle - street,Raichur,Station Road area,Late night (11 PM-2 AM),Tow-away theft,Tow-away theft; target: Parked vehicle - street; late night (11 pm-2 am),2024-03-28,Open - no offender match recorded,N/A - case unmatched,N/A - case unmatched,N/A - case unmatched,N/A - case unmatched,N/A - case unmatched
CASE-00485,OFF-00154,Cyber Fraud (OTP/Phishing),IT Act Sec 66C/66D,Elderly account holder,Yadgir,Station Road area,Late night (11 PM-2 AM),SMS phishing link,SMS phishing link; target: Elderly account holder; late night (11 pm-2 am),2023-02-25,Linked to known offender record,46-55,M,3,Repeat,Long gap then resurgence with same MO
CASE-00773,OFF-00241,Two-Wheeler Theft,BNS Sec 303 (Theft),Parked vehicle - commercial area,Chitradurga,College Road area,Midday (12-3 PM),Duplicate key / lock-picking,Duplicate key / lock-picking; target: Parked vehicle - commercial area; midday (12-3 pm),2024-06-16,Linked to known offender record,26-35,F,5,Repeat,Alternates between two known methods
CASE-01335,OFF-00403,ATM Tampering/Skimming,BNS Sec 318 / IT Act,ATM users - unmanned kiosk,Hassan,Vidyanagar,Evening rush (6-8 PM),Shoulder-surfing + card swap,Shoulder-surfing + card swap; target: ATM users - unmanned kiosk; evening rush (6-8 pm),2023-01-13,Linked to known offender record,36-45,M,5,Repeat,Escalating frequency over last 6 months
CASE-01530,UNASSIGNED,ATM Tampering/Skimming,BNS Sec 318 / IT Act,ATM users - unmanned kiosk,Bidar,Chidri,Evening rush (6-8 PM),Shoulder-surfing + card swap,Shoulder-surfing + card swap; target: ATM users - unmanned kiosk; evening rush (6-8 pm),2025-04-11,Open - no offender match recorded,N/A - case unmatched,N/A - case unmatched,N/A - case unmatched,N/A - case unmatched,N/A - case unmatched
CASE-00383,OFF-00123,House Burglary,BNS Sec 305 (Burglary),Ground-floor apartment,Ramanagara,Bengaluru-Mysuru Highway area,Early morning (4-7 AM),Window grille cutting,Window grille cutting; target: Ground-floor apartment; early morning (4-7 am),2025-09-03,Linked to known offender record,26-35,M,4,Repeat,Long gap then resurgence with same MO
CASE-01581,UNASSIGNED,Cyber Fraud (OTP/Phishing),IT Act Sec 66C/66D,First-time UPI user,Udupi,Kunjibettu,Midday (12-3 PM),Fake bank call requesting OTP,Fake bank call requesting OTP; target: First-time UPI user; midday (12-3 pm),2023-10-26,Open - no offender match recorded,N/A - case unmatched,N/A - case unmatched,N/A - case unmatched,N/A - case unmatched,N/A - case unmatched
CASE-00981,OFF-00304,Shop Robbery,BNS Sec 309 (Robbery),Small retail shop,Koppal,Old Town,Late night (11 PM-2 AM),"Armed threat, cash till","Armed threat, cash till; target: Small retail shop; late night (11 pm-2 am)",2025-07-08,Linked to known offender record,46-55,F,5,Repeat,Escalating frequency over last 6 months
CASE-01689,UNASSIGNED,House Burglary,BNS Sec 305 (Burglary),Vacant residence,Hassan,Bus Stand area,Midday (12-3 PM),Impersonation as utility worker,Impersonation as utility worker; target: Vacant residence; midday (12-3 pm),2025-05-18,Open - no offender match recorded,N/A - case unmatched,N/A - case unmatched,N/A - case unmatched,N/A - case unmatched,N/A - case unmatched
CASE-01674,UNASSIGNED,Cyber Fraud (OTP/Phishing),IT Act Sec 66C/66D,First-time UPI user,Mysuru,Bannimantap,Weekday mornings,SMS phishing link,SMS phishing link; target: First-time UPI user; weekday mornings,2023-02-22,Open - no offender match recorded,N/A - case unmatched,N/A - case unmatched,N/A - case unmatched,N/A - case unmatched,N/A - case unmatched
CASE-01424,OFF-00434,House Burglary,BNS Sec 305 (Burglary),Ground-floor apartment,Tumakuru,Ashoknagar,Early morning (4-7 AM),Window grille cutting,Window grille cutting; target: Ground-floor apartment; early morning (4-7 am),2025-02-27,Linked to known offender record,36-45,F,2,Repeat,Single recorded case - insufficient pattern history
CASE-00328,OFF-00103,Counterfeit Currency,BNS Sec 178-180,Currency exchange,Mysuru,Saraswathipuram,Weekday mornings,Cash-for-goods swap,Cash-for-goods swap; target: Currency exchange; weekday mornings,2023-07-11,Linked to known offender record,18-25,M,5,Repeat,Consistent MO across all recorded cases
CASE-00201,OFF-00059,Counterfeit Currency,BNS Sec 178-180,Small retail shop,Vijayapura,Station Area,Evening rush (6-8 PM),Bulk note circulation via shop network,Bulk note circulation via shop network; target: Small retail shop; evening rush (6-8 pm),2025-08-21,Linked to known offender record,18-25,M,4,Repeat,Single recorded case - insufficient pattern history
CASE-01790,UNASSIGNED,Vehicle Theft (Four-wheeler),BNS Sec 303 (Theft),Parked vehicle - street,Uttara Kannada,Sirsi town,Evening rush (6-8 PM),Relay key attack,Relay key attack; target: Parked vehicle - street; evening rush (6-8 pm),2024-05-05,Open - no offender match recorded,N/A - case unmatched,N/A - case unmatched,N/A - case unmatched,N/A - case unmatched,N/A - case unmatched
CASE-00452,OFF-00146,ATM Tampering/Skimming,BNS Sec 318 / IT Act,ATM users - unmanned kiosk,Chikkamagaluru,Kalasapura,Weekday mornings,Shoulder-surfing + card swap,Shoulder-surfing + card swap; target: ATM users - unmanned kiosk; weekday mornings,2025-09-09,Linked to known offender record,18-25,M,6,Repeat,Escalating frequency over last 6 months
CASE-00784,OFF-00244,Chit Fund / Investment Fraud,BNS Sec 318 (Cheating),Small investor group,Bengaluru Rural,Doddaballapur town,Midday (12-3 PM),"Fake high-return scheme, cash collection","Fake high-return scheme, cash collection; target: Small investor group; midday (12-3 pm)",2025-06-12,Linked to known offender record,18-25,M,4,Repeat,Single recorded case - insufficient pattern history
CASE-00305,OFF-00095,Chain Snatching,BNS Sec 304 (Snatching),Elderly pedestrian,Davanagere,Vinoba Nagar,Evening rush (6-8 PM),Two-wheeler drive-by snatch,Two-wheeler drive-by snatch; target: Elderly pedestrian; evening rush (6-8 pm),2024-10-29,Linked to known offender record,36-45,M,2,Repeat,Escalating frequency over last 6 months
CASE-00697,OFF-00219,Two-Wheeler Theft,BNS Sec 303 (Theft),Parked vehicle - residential,Tumakuru,Kunigal Road area,Evening rush (6-8 PM),Vehicle lifted onto pickup truck,Vehicle lifted onto pickup truck; target: Parked vehicle - residential; evening rush (6-8 pm),2023-12-21,Linked to known offender record,36-45,F,1,First recorded instance,Consistent MO across all recorded cases
CASE-01074,OFF-00328,Chain Snatching,BNS Sec 304 (Snatching),Elderly pedestrian,Hassan,Bus Stand area,Late night (11 PM-2 AM),Two-wheeler drive-by snatch,Two-wheeler drive-by snatch; target: Elderly pedestrian; late night (11 pm-2 am),2023-04-25,Linked to known offender record,26-35,F,5,Repeat,Single recorded case - insufficient pattern history
CASE-01417,OFF-00432,Chain Snatching,BNS Sec 304 (Snatching),Elderly pedestrian,Chamarajanagar,Kollegal Road area,Evening rush (6-8 PM),Two-wheeler drive-by snatch,Two-wheeler drive-by snatch; target: Elderly pedestrian; evening rush (6-8 pm),2024-01-22,Linked to known offender record,36-45,M,5,Repeat,Long gap then resurgence with same MO
CASE-01170,OFF-00354,Counterfeit Currency,BNS Sec 178-180,Small retail shop,Koppal,Old Town,Midday (12-3 PM),Bulk note circulation via shop network,Bulk note circulation via shop network; target: Small retail shop; midday (12-3 pm),2023-08-25,Linked to known offender record,26-35,F,3,Repeat,Escalating frequency over last 6 months
CASE-00804,OFF-00250,Pickpocketing,BNS Sec 303 (Theft),Market crowd,Raichur,Ashok Nagar,Early morning (4-7 AM),Bag slit and remove,Bag slit and remove; target: Market crowd; early morning (4-7 am),2023-05-27,Linked to known offender record,46-55,M,5,Repeat,Long gap then resurgence with same MO
CASE-00022,OFF-00009,House Burglary,BNS Sec 305 (Burglary),Vacant residence,Udupi,Manipal,Late night (11 PM-2 AM),Window grille cutting,Window grille cutting; target: Vacant residence; late night (11 pm-2 am),2024-12-15,Linked to known offender record,56+,M,5,Repeat,Escalating frequency over last 6 months
CASE-00907,OFF-00285,Cyber Fraud (OTP/Phishing),IT Act Sec 66C/66D,Elderly account holder,Bidar,New Bidar,Evening rush (6-8 PM),SMS phishing link,SMS phishing link; target: Elderly account holder; evening rush (6-8 pm),2024-10-20,Linked to known offender record,26-35,F,5,Repeat,Escalating frequency over last 6 months
CASE-00588,OFF-00184,Shop Robbery,BNS Sec 309 (Robbery),Small retail shop,Bagalkot,Navanagar,Weekend nights,"Armed threat, cash till","Armed threat, cash till; target: Small retail shop; weekend nights",2025-08-20,Linked to known offender record,36-45,F,3,Repeat,Alternates between two known methods
CASE-01190,OFF-00360,ATM Tampering/Skimming,BNS Sec 318 / IT Act,ATM users - unmanned kiosk,Kalaburagi,Station Road area,Late night (11 PM-2 AM),Skimmer device installation,Skimmer device installation; target: ATM users - unmanned kiosk; late night (11 pm-2 am),2023-04-08,Linked to known offender record,46-55,M,5,Repeat,Consistent MO across all recorded cases
CASE-00205,OFF-00060,Pickpocketing,BNS Sec 303 (Theft),Market crowd,Koppal,Gangavathi Road area,Evening rush (6-8 PM),Bag slit and remove,Bag slit and remove; target: Market crowd; evening rush (6-8 pm),2023-07-15,Linked to known offender record,46-55,M,5,Repeat,Single recorded case - insufficient pattern history
CASE-01496,OFF-00454,Counterfeit Currency,BNS Sec 178-180,Currency exchange,Mangaluru (Dakshina Kannada),Bejai,Weekend nights,Cash-for-goods swap,Cash-for-goods swap; target: Currency exchange; weekend nights,2024-03-10,Linked to known offender record,36-45,M,5,Repeat,Alternates between two known methods
CASE-01760,UNASSIGNED,Shop Robbery,BNS Sec 309 (Robbery),Small retail shop,Kodagu,Madikeri town,Midday (12-3 PM),Late-night forced entry,Late-night forced entry; target: Small retail shop; midday (12-3 pm),2024-03-13,Open - no offender match recorded,N/A - case unmatched,N/A - case unmatched,N/A - case unmatched,N/A - case unmatched,N/A - case unmatched
CASE-00790,OFF-00246,ATM Tampering/Skimming,BNS Sec 318 / IT Act,ATM users - unmanned kiosk,Ramanagara,Bengaluru-Mysuru Highway area,Early morning (4-7 AM),Skimmer device installation,Skimmer device installation; target: ATM users - unmanned kiosk; early morning (4-7 am),2023-09-16,Linked to known offender record,26-35,M,6,Repeat,Consistent MO across all recorded cases
CASE-01848,UNASSIGNED,Vehicle Theft (Four-wheeler),BNS Sec 303 (Theft),Parked vehicle - street,Gadag,Betageri,Late night (11 PM-2 AM),Tow-away theft,Tow-away theft; target: Parked vehicle - street; late night (11 pm-2 am),2023-03-23,Open - no offender match recorded,N/A - case unmatched,N/A - case unmatched,N/A - case unmatched,N/A - case unmatched,N/A - case unmatched
CASE-01733,UNASSIGNED,Cyber Fraud (OTP/Phishing),IT Act Sec 66C/66D,Elderly account holder,Chikkamagaluru,Kalasapura,Midday (12-3 PM),Fake bank call requesting OTP,Fake bank call requesting OTP; target: Elderly account holder; midday (12-3 pm),2024-01-02,Open - no offender match recorded,N/A - case unmatched,N/A - case unmatched,N/A - case unmatched,N/A - case unmatched,N/A - case unmatched
CASE-01913,UNASSIGNED,House Burglary,BNS Sec 305 (Burglary),Ground-floor apartment,Davanagere,Shamanur Road area,Evening rush (6-8 PM),Window grille cutting,Window grille cutting; target: Ground-floor apartment; evening rush (6-8 pm),2023-10-13,Open - no offender match recorded,N/A - case unmatched,N/A - case unmatched,N/A - case unmatched,N/A - case unmatched,N/A - case unmatched
CASE-01316,OFF-00398,Chain Snatching,BNS Sec 304 (Snatching),Elderly pedestrian,Hubballi-Dharwad,Old Hubballi,Late night (11 PM-2 AM),Two-wheeler drive-by snatch,Two-wheeler drive-by snatch; target: Elderly pedestrian; late night (11 pm-2 am),2024-05-16,Linked to known offender record,26-35,F,6,Repeat,Escalating frequency over last 6 months
CASE-01245,OFF-00377,Shop Robbery,BNS Sec 309 (Robbery),Small retail shop,Kalaburagi,Station Road area,Weekend nights,Late-night forced entry,Late-night forced entry; target: Small retail shop; weekend nights,2024-07-09,Linked to known offender record,18-25,F,4,Repeat,Alternates between two known methods
CASE-01562,UNASSIGNED,Chain Snatching,BNS Sec 304 (Snatching),Elderly pedestrian,Davanagere,PJ Extension,Weekday mornings,Two-wheeler drive-by snatch,Two-wheeler drive-by snatch; target: Elderly pedestrian; weekday mornings,2024-08-18,Open - no offender match recorded,N/A - case unmatched,N/A - case unmatched,N/A - case unmatched,N/A - case unmatched,N/A - case unmatched
CASE-01903,UNASSIGNED,Cyber Fraud (OTP/Phishing),IT Act Sec 66C/66D,First-time UPI user,Bidar,Old City area,Weekday mornings,SMS phishing link,SMS phishing link; target: First-time UPI user; weekday mornings,2025-06-10,Open - no offender match recorded,N/A - case unmatched,N/A - case unmatched,N/A - case unmatched,N/A - case unmatched,N/A - case unmatched
CASE-00110,OFF-00032,House Burglary,BNS Sec 305 (Burglary),Ground-floor apartment,Mysuru,Kuvempunagar,Weekday mornings,Window grille cutting,Window grille cutting; target: Ground-floor apartment; weekday mornings,2025-04-09,Linked to known offender record,36-45,M,5,Repeat,Escalating frequency over last 6 months
CASE-00008,OFF-00004,House Burglary,BNS Sec 305 (Burglary),Ground-floor apartment,Bengaluru Rural,Devanahalli town,Weekend nights,Impersonation as utility worker,Impersonation as utility worker; target: Ground-floor apartment; weekend nights,2023-03-25,Linked to known offender record,56+,F,2,Repeat,Single recorded case - insufficient pattern history
CASE-01615,UNASSIGNED,Chit Fund / Investment Fraud,BNS Sec 318 (Cheating),Small investor group,Chitradurga,Basaveshwara Nagar,Evening rush (6-8 PM),"Fake high-return scheme, cash collection","Fake high-return scheme, cash collection; target: Small investor group; evening rush (6-8 pm)",2023-10-06,Open - no offender match recorded,N/A - case unmatched,N/A - case unmatched,N/A - case unmatched,N/A - case unmatched,N/A - case unmatched
CASE-01636,UNASSIGNED,House Burglary,BNS Sec 305 (Burglary),Ground-floor apartment,Yadgir,Bus Stand area,Late night (11 PM-2 AM),"Lock-breaking, rear entry","Lock-breaking, rear entry; target: Ground-floor apartment; late night (11 pm-2 am)",2025-03-10,Open - no offender match recorded,N/A - case unmatched,N/A - case unmatched,N/A - case unmatched,N/A - case unmatched,N/A - case unmatched
CASE-00960,OFF-00299,ATM Tampering/Skimming,BNS Sec 318 / IT Act,ATM users - unmanned kiosk,Raichur,Ashok Nagar,Late night (11 PM-2 AM),Skimmer device installation,Skimmer device installation; target: ATM users - unmanned kiosk; late night (11 pm-2 am),2023-04-27,Linked to known offender record,18-25,F,4,Repeat,Escalating frequency over last 6 months
CASE-01804,UNASSIGNED,ATM Tampering/Skimming,BNS Sec 318 / IT Act,ATM users - unmanned kiosk,Chikkamagaluru,MG Road area,Weekend nights,Skimmer device installation,Skimmer device installation; target: ATM users - unmanned kiosk; weekend nights,2023-04-29,Open - no offender match recorded,N/A - case unmatched,N/A - case unmatched,N/A - case unmatched,N/A - case unmatched,N/A - case unmatched
CASE-00761,OFF-00237,Vehicle Theft (Four-wheeler),BNS Sec 303 (Theft),Parked vehicle - street,Haveri,Old Town,Late night (11 PM-2 AM),Relay key attack,Relay key attack; target: Parked vehicle - street; late night (11 pm-2 am),2023-07-26,Linked to known offender record,46-55,F,6,Repeat,Consistent MO across all recorded cases
CASE-01682,UNASSIGNED,Pickpocketing,BNS Sec 303 (Theft),Bus/rail commuter,Raichur,Old Town,Evening rush (6-8 PM),Crowd distraction lift,Crowd distraction lift; target: Bus/rail commuter; evening rush (6-8 pm),2024-06-13,Open - no offender match recorded,N/A - case unmatched,N/A - case unmatched,N/A - case unmatched,N/A - case unmatched,N/A - case unmatched
CASE-01511,UNASSIGNED,Pickpocketing,BNS Sec 303 (Theft),Bus/rail commuter,Ramanagara,Bengaluru-Mysuru Highway area,Weekend nights,Bag slit and remove,Bag slit and remove; target: Bus/rail commuter; weekend nights,2025-10-26,Open - no offender match recorded,N/A - case unmatched,N/A - case unmatched,N/A - case unmatched,N/A - case unmatched,N/A - case unmatched
CASE-00727,OFF-00229,Shop Robbery,BNS Sec 309 (Robbery),Small retail shop,Davanagere,Vinoba Nagar,Midday (12-3 PM),Late-night forced entry,Late-night forced entry; target: Small retail shop; midday (12-3 pm),2025-11-13,Linked to known offender record,46-55,M,6,Repeat,Long gap then resurgence with same MO
CASE-00408,OFF-00131,Shop Robbery,BNS Sec 309 (Robbery),Small retail shop,Chamarajanagar,Town Centre,Weekday mornings,Late-night forced entry,Late-night forced entry; target: Small retail shop; weekday mornings,2023-03-13,Linked to known offender record,36-45,F,4,Repeat,Long gap then resurgence with same MO
CASE-00677,OFF-00213,Cyber Fraud (OTP/Phishing),IT Act Sec 66C/66D,Elderly account holder,Chamarajanagar,Kollegal Road area,Midday (12-3 PM),SMS phishing link,SMS phishing link; target: Elderly account holder; midday (12-3 pm),2025-07-04,Linked to known offender record,18-25,M,6,Repeat,Long gap then resurgence with same MO
CASE-00760,OFF-00237,Vehicle Theft (Four-wheeler),BNS Sec 303 (Theft),Parked vehicle - street,Ramanagara,Bengaluru-Mysuru Highway area,Evening rush (6-8 PM),Relay key attack,Relay key attack; target: Parked vehicle - street; evening rush (6-8 pm),2024-06-08,Linked to known offender record,46-55,F,6,Repeat,Consistent MO across all recorded cases
CASE-00812,OFF-00254,Shop Robbery,BNS Sec 309 (Robbery),Small retail shop,Kodagu,Gonikoppal town,Late night (11 PM-2 AM),"Armed threat, cash till","Armed threat, cash till; target: Small retail shop; late night (11 pm-2 am)",2023-08-09,Linked to known offender record,36-45,M,1,First recorded instance,Single recorded case - insufficient pattern history
CASE-01083,OFF-00330,House Burglary,BNS Sec 305 (Burglary),Ground-floor apartment,Bagalkot,Navanagar,Weekend nights,Window grille cutting,Window grille cutting; target: Ground-floor apartment; weekend nights,2025-10-05,Linked to known offender record,26-35,F,6,Repeat,Consistent MO across all recorded cases
CASE-01972,UNASSIGNED,Two-Wheeler Theft,BNS Sec 303 (Theft),Parked vehicle - residential,Uttara Kannada,Kumta town,Midday (12-3 PM),Vehicle lifted onto pickup truck,Vehicle lifted onto pickup truck; target: Parked vehicle - residential; midday (12-3 pm),2023-03-26,Open - no offender match recorded,N/A - case unmatched,N/A - case unmatched,N/A - case unmatched,N/A - case unmatched,N/A - case unmatched
CASE-01268,OFF-00384,House Burglary,BNS Sec 305 (Burglary),Ground-floor apartment,Uttara Kannada,Kumta town,Early morning (4-7 AM),Impersonation as utility worker,Impersonation as utility worker; target: Ground-floor apartment; early morning (4-7 am),2024-01-19,Linked to known offender record,56+,F,4,Repeat,Consistent MO across all recorded cases
CASE-01202,OFF-00363,Counterfeit Currency,BNS Sec 178-180,Small retail shop,Chitradurga,Old Bus Stand area,Weekday mornings,Cash-for-goods swap,Cash-for-goods swap; target: Small retail shop; weekday mornings,2023-04-04,Linked to known offender record,36-45,M,5,Repeat,Escalating frequency over last 6 months
CASE-00991,OFF-00306,Chit Fund / Investment Fraud,BNS Sec 318 (Cheating),Small investor group,Bengaluru Rural,Hoskote town,Early morning (4-7 AM),"Fake high-return scheme, cash collection","Fake high-return scheme, cash collection; target: Small investor group; early morning (4-7 am)",2023-06-03,Linked to known offender record,46-55,F,3,Repeat,Consistent MO across all recorded cases
CASE-01803,UNASSIGNED,ATM Tampering/Skimming,BNS Sec 318 / IT Act,ATM users - unmanned kiosk,Gadag,Betageri,Weekday mornings,Skimmer device installation,Skimmer device installation; target: ATM users - unmanned kiosk; weekday mornings,2023-03-31,Open - no offender match recorded,N/A - case unmatched,N/A - case unmatched,N/A - case unmatched,N/A - case unmatched,N/A - case unmatched
CASE-00249,OFF-00073,Chain Snatching,BNS Sec 304 (Snatching),Elderly pedestrian,Raichur,Station Road area,Late night (11 PM-2 AM),"Foot approach, distraction snatch","Foot approach, distraction snatch; target: Elderly pedestrian; late night (11 pm-2 am)",2024-02-09,Linked to known offender record,46-55,F,4,Repeat,Single recorded case - insufficient pattern history
CASE-01644,UNASSIGNED,House Burglary,BNS Sec 305 (Burglary),Vacant residence,Bengaluru Urban,Banashankari,Weekend nights,Window grille cutting,Window grille cutting; target: Vacant residence; weekend nights,2025-07-24,Open - no offender match recorded,N/A - case unmatched,N/A - case unmatched,N/A - case unmatched,N/A - case unmatched,N/A - case unmatched
CASE-01908,UNASSIGNED,Chain Snatching,BNS Sec 304 (Snatching),Elderly pedestrian,Gadag,Betageri,Early morning (4-7 AM),"Foot approach, distraction snatch","Foot approach, distraction snatch; target: Elderly pedestrian; early morning (4-7 am)",2023-10-15,Open - no offender match recorded,N/A - case unmatched,N/A - case unmatched,N/A - case unmatched,N/A - case unmatched,N/A - case unmatched
CASE-01671,UNASSIGNED,Vehicle Theft (Four-wheeler),BNS Sec 303 (Theft),Parked vehicle - street,Raichur,Station Road area,Late night (11 PM-2 AM),Relay key attack,Relay key attack; target: Parked vehicle - street; late night (11 pm-2 am),2023-11-29,Open - no offender match recorded,N/A - case unmatched,N/A - case unmatched,N/A - case unmatched,N/A - case unmatched,N/A - case unmatched
CASE-01058,OFF-00324,House Burglary,BNS Sec 305 (Burglary),Ground-floor apartment,Kolar,Bangarpet Road area,Weekday mornings,"Lock-breaking, rear entry","Lock-breaking, rear entry; target: Ground-floor apartment; weekday mornings",2023-03-02,Linked to known offender record,46-55,M,5,Repeat,Consistent MO across all recorded cases
CASE-01322,OFF-00399,Two-Wheeler Theft,BNS Sec 303 (Theft),Parked vehicle - commercial area,Belagavi,Shahapur,Evening rush (6-8 PM),Duplicate key / lock-picking,Duplicate key / lock-picking; target: Parked vehicle - commercial area; evening rush (6-8 pm),2025-04-28,Linked to known offender record,36-45,F,4,Repeat,Escalating frequency over last 6 months
CASE-01517,UNASSIGNED,Chit Fund / Investment Fraud,BNS Sec 318 (Cheating),Small investor group,Shivamogga,Vinoba Nagar,Late night (11 PM-2 AM),"Fake high-return scheme, cash collection","Fake high-return scheme, cash collection; target: Small investor group; late night (11 pm-2 am)",2024-09-12,Open - no offender match recorded,N/A - case unmatched,N/A - case unmatched,N/A - case unmatched,N/A - case unmatched,N/A - case unmatched
CASE-00174,OFF-00051,Counterfeit Currency,BNS Sec 178-180,Small retail shop,Bengaluru Urban,Whitefield,Weekday mornings,Bulk note circulation via shop network,Bulk note circulation via shop network; target: Small retail shop; weekday mornings,2025-08-05,Linked to known offender record,46-55,F,5,Repeat,Single recorded case - insufficient pattern history
CASE-00549,OFF-00174,ATM Tampering/Skimming,BNS Sec 318 / IT Act,ATM users - unmanned kiosk,Chikkaballapur,MG Road area,Late night (11 PM-2 AM),Shoulder-surfing + card swap,Shoulder-surfing + card swap; target: ATM users - unmanned kiosk; late night (11 pm-2 am),2024-08-17,Linked to known offender record,46-55,F,1,First recorded instance,Long gap then resurgence with same MO
CASE-00701,OFF-00220,Pickpocketing,BNS Sec 303 (Theft),Market crowd,Bengaluru Rural,Hoskote town,Weekday mornings,Bag slit and remove,Bag slit and remove; target: Market crowd; weekday mornings,2024-06-22,Linked to known offender record,56+,M,4,Repeat,Escalating frequency over last 6 months
CASE-01712,UNASSIGNED,Shop Robbery,BNS Sec 309 (Robbery),Small retail shop,Chikkaballapur,Bus Stand area,Late night (11 PM-2 AM),Late-night forced entry,Late-night forced entry; target: Small retail shop; late night (11 pm-2 am),2025-07-08,Open - no offender match recorded,N/A - case unmatched,N/A - case unmatched,N/A - case unmatched,N/A - case unmatched,N/A - case unmatched
CASE-01871,UNASSIGNED,Chain Snatching,BNS Sec 304 (Snatching),Elderly pedestrian,Hassan,Vidyanagar,Early morning (4-7 AM),Two-wheeler drive-by snatch,Two-wheeler drive-by snatch; target: Elderly pedestrian; early morning (4-7 am),2025-12-30,Open - no offender match recorded,N/A - case unmatched,N/A - case unmatched,N/A - case unmatched,N/A - case unmatched,N/A - case unmatched
CASE-01498,OFF-00455,Two-Wheeler Theft,BNS Sec 303 (Theft),Parked vehicle - commercial area,Mysuru,Saraswathipuram,Weekday mornings,Duplicate key / lock-picking,Duplicate key / lock-picking; target: Parked vehicle - commercial area; weekday mornings,2025-12-24,Linked to known offender record,46-55,M,3,Repeat,Alternates between two known methods
CASE-00517,OFF-00163,Cyber Fraud (OTP/Phishing),IT Act Sec 66C/66D,Elderly account holder,Bengaluru Rural,Devanahalli town,Late night (11 PM-2 AM),SMS phishing link,SMS phishing link; target: Elderly account holder; late night (11 pm-2 am),2024-06-09,Linked to known offender record,26-35,F,3,Repeat,Long gap then resurgence with same MO
CASE-00966,OFF-00300,Shop Robbery,BNS Sec 309 (Robbery),Small retail shop,Bagalkot,Old Bagalkot,Weekend nights,"Armed threat, cash till","Armed threat, cash till; target: Small retail shop; weekend nights",2025-10-31,Linked to known offender record,18-25,F,6,Repeat,Alternates between two known methods
CASE-00781,OFF-00243,House Burglary,BNS Sec 305 (Burglary),Vacant residence,Chikkaballapur,Bus Stand area,Weekday mornings,Window grille cutting,Window grille cutting; target: Vacant residence; weekday mornings,2023-04-16,Linked to known offender record,18-25,M,4,Repeat,Long gap then resurgence with same MO
CASE-01444,OFF-00441,Pickpocketing,BNS Sec 303 (Theft),Bus/rail commuter,Shivamogga,Vinoba Nagar,Weekend nights,Bag slit and remove,Bag slit and remove; target: Bus/rail commuter; weekend nights,2024-05-30,Linked to known offender record,26-35,F,5,Repeat,Single recorded case - insufficient pattern history
CASE-01868,UNASSIGNED,Counterfeit Currency,BNS Sec 178-180,Small retail shop,Mandya,Ashok Nagar,Late night (11 PM-2 AM),Bulk note circulation via shop network,Bulk note circulation via shop network; target: Small retail shop; late night (11 pm-2 am),2025-04-06,Open - no offender match recorded,N/A - case unmatched,N/A - case unmatched,N/A - case unmatched,N/A - case unmatched,N/A - case unmatched
CASE-00844,OFF-00263,Shop Robbery,BNS Sec 309 (Robbery),Jewellery shop,Bengaluru Urban,Jayanagar,Early morning (4-7 AM),"Armed threat, cash till","Armed threat, cash till; target: Jewellery shop; early morning (4-7 am)",2024-02-25,Linked to known offender record,26-35,M,2,Repeat,Consistent MO across all recorded cases
CASE-00663,OFF-00210,Vehicle Theft (Four-wheeler),BNS Sec 303 (Theft),Parked vehicle - street,Kodagu,Virajpet town,Late night (11 PM-2 AM),Relay key attack,Relay key attack; target: Parked vehicle - street; late night (11 pm-2 am),2023-08-28,Linked to known offender record,56+,M,5,Repeat,Alternates between two known methods
CASE-00366,OFF-00119,Shop Robbery,BNS Sec 309 (Robbery),Small retail shop,Ramanagara,Bengaluru-Mysuru Highway area,Early morning (4-7 AM),"Armed threat, cash till","Armed threat, cash till; target: Small retail shop; early morning (4-7 am)",2023-11-01,Linked to known offender record,26-35,F,6,Repeat,Alternates between two known methods
CASE-01565,UNASSIGNED,Cyber Fraud (OTP/Phishing),IT Act Sec 66C/66D,Elderly account holder,Chitradurga,Basaveshwara Nagar,Late night (11 PM-2 AM),Fake bank call requesting OTP,Fake bank call requesting OTP; target: Elderly account holder; late night (11 pm-2 am),2025-08-11,Open - no offender match recorded,N/A - case unmatched,N/A - case unmatched,N/A - case unmatched,N/A - case unmatched,N/A - case unmatched
CASE-00650,OFF-00205,Counterfeit Currency,BNS Sec 178-180,Currency exchange,Koppal,Gangavathi Road area,Evening rush (6-8 PM),Cash-for-goods swap,Cash-for-goods swap; target: Currency exchange; evening rush (6-8 pm),2023-12-25,Linked to known offender record,56+,F,1,First recorded instance,Single recorded case - insufficient pattern history
CASE-01301,OFF-00392,House Burglary,BNS Sec 305 (Burglary),Vacant residence,Bidar,Chidri,Evening rush (6-8 PM),Impersonation as utility worker,Impersonation as utility worker; target: Vacant residence; evening rush (6-8 pm),2025-02-14,Linked to known offender record,36-45,F,4,Repeat,Escalating frequency over last 6 months
CASE-01137,OFF-00345,House Burglary,BNS Sec 305 (Burglary),Ground-floor apartment,Chikkaballapur,MG Road area,Evening rush (6-8 PM),Impersonation as utility worker,Impersonation as utility worker; target: Ground-floor apartment; evening rush (6-8 pm),2024-03-31,Linked to known offender record,18-25,F,4,Repeat,Escalating frequency over last 6 months
CASE-01700,UNASSIGNED,Cyber Fraud (OTP/Phishing),IT Act Sec 66C/66D,Elderly account holder,Hubballi-Dharwad,Old Hubballi,Weekend nights,SMS phishing link,SMS phishing link; target: Elderly account holder; weekend nights,2025-09-30,Open - no offender match recorded,N/A - case unmatched,N/A - case unmatched,N/A - case unmatched,N/A - case unmatched,N/A - case unmatched
CASE-00418,OFF-00135,Vehicle Theft (Four-wheeler),BNS Sec 303 (Theft),Parked vehicle - street,Shivamogga,Gopala Extension,Weekend nights,Tow-away theft,Tow-away theft; target: Parked vehicle - street; weekend nights,2024-04-20,Linked to known offender record,26-35,M,4,Repeat,Consistent MO across all recorded cases
CASE-01619,UNASSIGNED,House Burglary,BNS Sec 305 (Burglary),Vacant residence,Chitradurga,College Road area,Early morning (4-7 AM),Window grille cutting,Window grille cutting; target: Vacant residence; early morning (4-7 am),2023-09-18,Open - no offender match recorded,N/A - case unmatched,N/A - case unmatched,N/A - case unmatched,N/A - case unmatched,N/A - case unmatched
CASE-00137,OFF-00039,Shop Robbery,BNS Sec 309 (Robbery),Jewellery shop,Gadag,Station Road area,Early morning (4-7 AM),"Armed threat, cash till","Armed threat, cash till; target: Jewellery shop; early morning (4-7 am)",2023-10-07,Linked to known offender record,26-35,F,5,Repeat,Escalating frequency over last 6 months
CASE-00421,OFF-00135,Vehicle Theft (Four-wheeler),BNS Sec 303 (Theft),Parked vehicle - street,Kolar,Ambedkar Nagar,Early morning (4-7 AM),Tow-away theft,Tow-away theft; target: Parked vehicle - street; early morning (4-7 am),2023-10-19,Linked to known offender record,26-35,M,4,Repeat,Consistent MO across all recorded cases
CASE-01612,UNASSIGNED,House Burglary,BNS Sec 305 (Burglary),Ground-floor apartment,Koppal,Old Town,Early morning (4-7 AM),Window grille cutting,Window grille cutting; target: Ground-floor apartment; early morning (4-7 am),2024-01-23,Open - no offender match recorded,N/A - case unmatched,N/A - case unmatched,N/A - case unmatched,N/A - case unmatched,N/A - case unmatched
CASE-00856,OFF-00270,Shop Robbery,BNS Sec 309 (Robbery),Small retail shop,Shivamogga,Gopala Extension,Weekday mornings,"Armed threat, cash till","Armed threat, cash till; target: Small retail shop; weekday mornings",2025-12-20,Linked to known offender record,36-45,F,1,First recorded instance,Long gap then resurgence with same MO
CASE-01167,OFF-00353,Cyber Fraud (OTP/Phishing),IT Act Sec 66C/66D,First-time UPI user,Gadag,Betageri,Early morning (4-7 AM),Fake bank call requesting OTP,Fake bank call requesting OTP; target: First-time UPI user; early morning (4-7 am),2024-10-08,Linked to known offender record,18-25,M,1,First recorded instance,Consistent MO across all recorded cases
CASE-00076,OFF-00020,House Burglary,BNS Sec 305 (Burglary),Ground-floor apartment,Tumakuru,Kunigal Road area,Midday (12-3 PM),"Lock-breaking, rear entry","Lock-breaking, rear entry; target: Ground-floor apartment; midday (12-3 pm)",2024-11-24,Linked to known offender record,46-55,M,5,Repeat,Long gap then resurgence with same MO
CASE-01732,UNASSIGNED,Chain Snatching,BNS Sec 304 (Snatching),Lone woman pedestrian,Uttara Kannada,Sirsi town,Weekday mornings,Two-wheeler drive-by snatch,Two-wheeler drive-by snatch; target: Lone woman pedestrian; weekday mornings,2023-11-13,Open - no offender match recorded,N/A - case unmatched,N/A - case unmatched,N/A - case unmatched,N/A - case unmatched,N/A - case unmatched
CASE-01558,UNASSIGNED,Shop Robbery,BNS Sec 309 (Robbery),Small retail shop,Raichur,Ashok Nagar,Late night (11 PM-2 AM),"Armed threat, cash till","Armed threat, cash till; target: Small retail shop; late night (11 pm-2 am)",2024-03-01,Open - no offender match recorded,N/A - case unmatched,N/A - case unmatched,N/A - case unmatched,N/A - case unmatched,N/A - case unmatched
CASE-00581,OFF-00183,House Burglary,BNS Sec 305 (Burglary),Vacant residence,Chikkaballapur,Bus Stand area,Late night (11 PM-2 AM),Impersonation as utility worker,Impersonation as utility worker; target: Vacant residence; late night (11 pm-2 am),2023-08-23,Linked to known offender record,36-45,F,6,Repeat,Single recorded case - insufficient pattern history
CASE-00043,OFF-00013,ATM Tampering/Skimming,BNS Sec 318 / IT Act,ATM users - unmanned kiosk,Gadag,Station Road area,Weekday mornings,Skimmer device installation,Skimmer device installation; target: ATM users - unmanned kiosk; weekday mornings,2024-07-20,Linked to known offender record,36-45,M,3,Repeat,Single recorded case - insufficient pattern history
CASE-00700,OFF-00220,Pickpocketing,BNS Sec 303 (Theft),Bus/rail commuter,Koppal,Gangavathi Road area,Weekday mornings,Bag slit and remove,Bag slit and remove; target: Bus/rail commuter; weekday mornings,2024-03-31,Linked to known offender record,56+,M,4,Repeat,Escalating frequency over last 6 months
CASE-01647,UNASSIGNED,ATM Tampering/Skimming,BNS Sec 318 / IT Act,ATM users - unmanned kiosk,Bengaluru Urban,Koramangala,Weekend nights,Shoulder-surfing + card swap,Shoulder-surfing + card swap; target: ATM users - unmanned kiosk; weekend nights,2025-02-24,Open - no offender match recorded,N/A - case unmatched,N/A - case unmatched,N/A - case unmatched,N/A - case unmatched,N/A - case unmatched
CASE-00972,OFF-00302,Shop Robbery,BNS Sec 309 (Robbery),Small retail shop,Belagavi,Tilakwadi,Weekday mornings,"Armed threat, cash till","Armed threat, cash till; target: Small retail shop; weekday mornings",2024-11-23,Linked to known offender record,18-25,F,5,Repeat,Escalating frequency over last 6 months
CASE-00291,OFF-00089,Shop Robbery,BNS Sec 309 (Robbery),Small retail shop,Tumakuru,Kunigal Road area,Weekday mornings,"Armed threat, cash till","Armed threat, cash till; target: Small retail shop; weekday mornings",2023-03-19,Linked to known offender record,26-35,M,2,Repeat,Long gap then resurgence with same MO
CASE-01739,UNASSIGNED,Vehicle Theft (Four-wheeler),BNS Sec 303 (Theft),Parked vehicle - street,Ballari,Gandhinagar,Weekend nights,Tow-away theft,Tow-away theft; target: Parked vehicle - street; weekend nights,2023-03-22,Open - no offender match recorded,N/A - case unmatched,N/A - case unmatched,N/A - case unmatched,N/A - case unmatched,N/A - case unmatched
CASE-01157,OFF-00351,House Burglary,BNS Sec 305 (Burglary),Vacant residence,Tumakuru,Kunigal Road area,Evening rush (6-8 PM),Window grille cutting,Window grille cutting; target: Vacant residence; evening rush (6-8 pm),2024-10-27,Linked to known offender record,18-25,F,5,Repeat,Escalating frequency over last 6 months
CASE-00929,OFF-00292,Chain Snatching,BNS Sec 304 (Snatching),Lone woman pedestrian,Chikkaballapur,MG Road area,Weekday mornings,Two-wheeler drive-by snatch,Two-wheeler drive-by snatch; target: Lone woman pedestrian; weekday mornings,2024-11-26,Linked to known offender record,18-25,F,4,Repeat,Alternates between two known methods
CASE-01862,UNASSIGNED,Chit Fund / Investment Fraud,BNS Sec 318 (Cheating),Small investor group,Bengaluru Urban,Whitefield,Weekend nights,"Fake high-return scheme, cash collection","Fake high-return scheme, cash collection; target: Small investor group; weekend nights",2025-05-10,Open - no offender match recorded,N/A - case unmatched,N/A - case unmatched,N/A - case unmatched,N/A - case unmatched,N/A - case unmatched
CASE-00041,OFF-00013,ATM Tampering/Skimming,BNS Sec 318 / IT Act,ATM users - unmanned kiosk,Belagavi,Vadgaon,Weekday mornings,Skimmer device installation,Skimmer device installation; target: ATM users - unmanned kiosk; weekday mornings,2024-01-30,Linked to known offender record,36-45,M,3,Repeat,Single recorded case - insufficient pattern history
CASE-00903,OFF-00284,Shop Robbery,BNS Sec 309 (Robbery),Jewellery shop,Hassan,Race Course Road area,Early morning (4-7 AM),Late-night forced entry,Late-night forced entry; target: Jewellery shop; early morning (4-7 am),2023-11-25,Linked to known offender record,26-35,F,6,Repeat,Long gap then resurgence with same MO
CASE-00273,OFF-00082,Pickpocketing,BNS Sec 303 (Theft),Market crowd,Ballari,Gandhinagar,Weekday mornings,Crowd distraction lift,Crowd distraction lift; target: Market crowd; weekday mornings,2024-01-26,Linked to known offender record,26-35,M,1,First recorded instance,Long gap then resurgence with same MO
CASE-00075,OFF-00020,House Burglary,BNS Sec 305 (Burglary),Ground-floor apartment,Raichur,Old Town,Midday (12-3 PM),"Lock-breaking, rear entry","Lock-breaking, rear entry; target: Ground-floor apartment; midday (12-3 pm)",2023-10-21,Linked to known offender record,46-55,M,5,Repeat,Long gap then resurgence with same MO
CASE-01402,OFF-00429,Vehicle Theft (Four-wheeler),BNS Sec 303 (Theft),Parked vehicle - street,Chamarajanagar,Kollegal Road area,Late night (11 PM-2 AM),Tow-away theft,Tow-away theft; target: Parked vehicle - street; late night (11 pm-2 am),2024-11-25,Linked to known offender record,46-55,M,6,Repeat,Consistent MO across all recorded cases
CASE-01546,UNASSIGNED,House Burglary,BNS Sec 305 (Burglary),Vacant residence,Raichur,Station Road area,Late night (11 PM-2 AM),"Lock-breaking, rear entry","Lock-breaking, rear entry; target: Vacant residence; late night (11 pm-2 am)",2023-04-15,Open - no offender match recorded,N/A - case unmatched,N/A - case unmatched,N/A - case unmatched,N/A - case unmatched,N/A - case unmatched
CASE-01506,UNASSIGNED,House Burglary,BNS Sec 305 (Burglary),Vacant residence,Ballari,Gandhinagar,Late night (11 PM-2 AM),Impersonation as utility worker,Impersonation as utility worker; target: Vacant residence; late night (11 pm-2 am),2024-04-02,Open - no offender match recorded,N/A - case unmatched,N/A - case unmatched,N/A - case unmatched,N/A - case unmatched,N/A - case unmatched
CASE-00031,OFF-00011,Shop Robbery,BNS Sec 309 (Robbery),Small retail shop,Davanagere,Shamanur Road area,Weekday mornings,Late-night forced entry,Late-night forced entry; target: Small retail shop; weekday mornings,2025-03-04,Linked to known offender record,36-45,M,4,Repeat,Escalating frequency over last 6 months
CASE-01012,OFF-00312,Two-Wheeler Theft,BNS Sec 303 (Theft),Parked vehicle - residential,Haveri,Bypass Road area,Midday (12-3 PM),Vehicle lifted onto pickup truck,Vehicle lifted onto pickup truck; target: Parked vehicle - residential; midday (12-3 pm),2023-03-09,Linked to known offender record,46-55,F,6,Repeat,Escalating frequency over last 6 months
CASE-01772,UNASSIGNED,Counterfeit Currency,BNS Sec 178-180,Small retail shop,Chikkaballapur,MG Road area,Weekend nights,Cash-for-goods swap,Cash-for-goods swap; target: Small retail shop; weekend nights,2025-09-18,Open - no offender match recorded,N/A - case unmatched,N/A - case unmatched,N/A - case unmatched,N/A - case unmatched,N/A - case unmatched
CASE-01121,OFF-00342,Chain Snatching,BNS Sec 304 (Snatching),Lone woman pedestrian,Chitradurga,College Road area,Midday (12-3 PM),"Foot approach, distraction snatch","Foot approach, distraction snatch; target: Lone woman pedestrian; midday (12-3 pm)",2025-04-24,Linked to known offender record,56+,F,5,Repeat,Escalating frequency over last 6 months
CASE-00388,OFF-00124,Shop Robbery,BNS Sec 309 (Robbery),Small retail shop,Bidar,Old City area,Weekday mornings,"Armed threat, cash till","Armed threat, cash till; target: Small retail shop; weekday mornings",2023-05-25,Linked to known offender record,18-25,F,3,Repeat,Single recorded case - insufficient pattern history
CASE-01187,OFF-00360,ATM Tampering/Skimming,BNS Sec 318 / IT Act,ATM users - unmanned kiosk,Kalaburagi,Sedam Road area,Weekend nights,Skimmer device installation,Skimmer device installation; target: ATM users - unmanned kiosk; weekend nights,2023-03-06,Linked to known offender record,46-55,M,5,Repeat,Consistent MO across all recorded cases
CASE-01710,UNASSIGNED,Cyber Fraud (OTP/Phishing),IT Act Sec 66C/66D,First-time UPI user,Kolar,Old Bus Stand area,Weekday mornings,Fake bank call requesting OTP,Fake bank call requesting OTP; target: First-time UPI user; weekday mornings,2025-02-06,Open - no offender match recorded,N/A - case unmatched,N/A - case unmatched,N/A - case unmatched,N/A - case unmatched,N/A - case unmatched
CASE-01270,OFF-00384,House Burglary,BNS Sec 305 (Burglary),Ground-floor apartment,Hassan,Race Course Road area,Early morning (4-7 AM),Window grille cutting,Window grille cutting; target: Ground-floor apartment; early morning (4-7 am),2024-11-07,Linked to known offender record,56+,F,4,Repeat,Consistent MO across all recorded cases
CASE-01044,OFF-00321,Two-Wheeler Theft,BNS Sec 303 (Theft),Parked vehicle - residential,Haveri,Old Town,Weekday mornings,Vehicle lifted onto pickup truck,Vehicle lifted onto pickup truck; target: Parked vehicle - residential; weekday mornings,2024-10-13,Linked to known offender record,26-35,F,3,Repeat,Single recorded case - insufficient pattern history
CASE-00483,OFF-00154,Cyber Fraud (OTP/Phishing),IT Act Sec 66C/66D,First-time UPI user,Mangaluru (Dakshina Kannada),Bejai,Late night (11 PM-2 AM),Fake bank call requesting OTP,Fake bank call requesting OTP; target: First-time UPI user; late night (11 pm-2 am),2025-02-25,Linked to known offender record,46-55,M,3,Repeat,Long gap then resurgence with same MO
CASE-01590,UNASSIGNED,House Burglary,BNS Sec 305 (Burglary),Vacant residence,Bagalkot,Old Bagalkot,Evening rush (6-8 PM),Impersonation as utility worker,Impersonation as utility worker; target: Vacant residence; evening rush (6-8 pm),2023-05-15,Open - no offender match recorded,N/A - case unmatched,N/A - case unmatched,N/A - case unmatched,N/A - case unmatched,N/A - case unmatched
CASE-01364,OFF-00415,Two-Wheeler Theft,BNS Sec 303 (Theft),Parked vehicle - residential,Ballari,Gandhinagar,Weekday mornings,Duplicate key / lock-picking,Duplicate key / lock-picking; target: Parked vehicle - residential; weekday mornings,2025-09-08,Linked to known offender record,36-45,M,4,Repeat,Single recorded case - insufficient pattern history
CASE-01602,UNASSIGNED,Shop Robbery,BNS Sec 309 (Robbery),Small retail shop,Davanagere,Vinoba Nagar,Weekday mornings,"Armed threat, cash till","Armed threat, cash till; target: Small retail shop; weekday mornings",2024-02-17,Open - no offender match recorded,N/A - case unmatched,N/A - case unmatched,N/A - case unmatched,N/A - case unmatched,N/A - case unmatched
CASE-01834,UNASSIGNED,House Burglary,BNS Sec 305 (Burglary),Ground-floor apartment,Bagalkot,Navanagar,Weekday mornings,Impersonation as utility worker,Impersonation as utility worker; target: Ground-floor apartment; weekday mornings,2025-02-16,Open - no offender match recorded,N/A - case unmatched,N/A - case unmatched,N/A - case unmatched,N/A - case unmatched,N/A - case unmatched
CASE-00337,OFF-00105,Chain Snatching,BNS Sec 304 (Snatching),Lone woman pedestrian,Mandya,Ashok Nagar,Late night (11 PM-2 AM),"Foot approach, distraction snatch","Foot approach, distraction snatch; target: Lone woman pedestrian; late night (11 pm-2 am)",2025-10-18,Linked to known offender record,18-25,M,5,Repeat,Long gap then resurgence with same MO
CASE-00646,OFF-00203,Counterfeit Currency,BNS Sec 178-180,Currency exchange,Kalaburagi,Sedam Road area,Midday (12-3 PM),Bulk note circulation via shop network,Bulk note circulation via shop network; target: Currency exchange; midday (12-3 pm),2024-09-14,Linked to known offender record,36-45,F,4,Repeat,Escalating frequency over last 6 months
CASE-01897,UNASSIGNED,Shop Robbery,BNS Sec 309 (Robbery),Small retail shop,Hubballi-Dharwad,Vidyanagar,Midday (12-3 PM),"Armed threat, cash till","Armed threat, cash till; target: Small retail shop; midday (12-3 pm)",2023-10-27,Open - no offender match recorded,N/A - case unmatched,N/A - case unmatched,N/A - case unmatched,N/A - case unmatched,N/A - case unmatched
CASE-00261,OFF-00077,Pickpocketing,BNS Sec 303 (Theft),Market crowd,Yadgir,Bus Stand area,Evening rush (6-8 PM),Bag slit and remove,Bag slit and remove; target: Market crowd; evening rush (6-8 pm),2023-09-29,Linked to known offender record,56+,F,5,Repeat,Long gap then resurgence with same MO
CASE-01446,OFF-00441,Pickpocketing,BNS Sec 303 (Theft),Bus/rail commuter,Belagavi,Tilakwadi,Weekend nights,Bag slit and remove,Bag slit and remove; target: Bus/rail commuter; weekend nights,2025-10-20,Linked to known offender record,26-35,F,5,Repeat,Single recorded case - insufficient pattern history
CASE-01648,UNASSIGNED,House Burglary,BNS Sec 305 (Burglary),Vacant residence,Vijayapura,Jubilee Circle area,Late night (11 PM-2 AM),Impersonation as utility worker,Impersonation as utility worker; target: Vacant residence; late night (11 pm-2 am),2025-12-15,Open - no offender match recorded,N/A - case unmatched,N/A - case unmatched,N/A - case unmatched,N/A - case unmatched,N/A - case unmatched
CASE-01192,OFF-00361,Two-Wheeler Theft,BNS Sec 303 (Theft),Parked vehicle - residential,Bidar,New Bidar,Midday (12-3 PM),Vehicle lifted onto pickup truck,Vehicle lifted onto pickup truck; target: Parked vehicle - residential; midday (12-3 pm),2025-02-09,Linked to known offender record,46-55,F,3,Repeat,Alternates between two known methods
CASE-00021,OFF-00008,Two-Wheeler Theft,BNS Sec 303 (Theft),Parked vehicle - residential,Davanagere,Vinoba Nagar,Early morning (4-7 AM),Vehicle lifted onto pickup truck,Vehicle lifted onto pickup truck; target: Parked vehicle - residential; early morning (4-7 am),2024-12-25,Linked to known offender record,18-25,M,5,Repeat,Consistent MO across all recorded cases
CASE-00214,OFF-00062,ATM Tampering/Skimming,BNS Sec 318 / IT Act,ATM users - unmanned kiosk,Gadag,Station Road area,Evening rush (6-8 PM),Skimmer device installation,Skimmer device installation; target: ATM users - unmanned kiosk; evening rush (6-8 pm),2023-11-11,Linked to known offender record,56+,M,5,Repeat,Consistent MO across all recorded cases
CASE-00926,OFF-00290,Two-Wheeler Theft,BNS Sec 303 (Theft),Parked vehicle - commercial area,Chikkamagaluru,IG Road area,Late night (11 PM-2 AM),Duplicate key / lock-picking,Duplicate key / lock-picking; target: Parked vehicle - commercial area; late night (11 pm-2 am),2025-01-26,Linked to known offender record,36-45,F,2,Repeat,Long gap then resurgence with same MO
CASE-00466,OFF-00149,Counterfeit Currency,BNS Sec 178-180,Currency exchange,Mangaluru (Dakshina Kannada),Mangaladevi,Weekday mornings,Bulk note circulation via shop network,Bulk note circulation via shop network; target: Currency exchange; weekday mornings,2024-11-19,Linked to known offender record,26-35,F,5,Repeat,Escalating frequency over last 6 months
CASE-00177,OFF-00051,Counterfeit Currency,BNS Sec 178-180,Currency exchange,Kolar,Ambedkar Nagar,Weekend nights,Bulk note circulation via shop network,Bulk note circulation via shop network; target: Currency exchange; weekend nights,2025-03-04,Linked to known offender record,46-55,F,5,Repeat,Single recorded case - insufficient pattern history
CASE-00608,OFF-00190,House Burglary,BNS Sec 305 (Burglary),Vacant residence,Mysuru,Saraswathipuram,Midday (12-3 PM),Impersonation as utility worker,Impersonation as utility worker; target: Vacant residence; midday (12-3 pm),2025-11-23,Linked to known offender record,18-25,M,2,Repeat,Single recorded case - insufficient pattern history
CASE-01191,OFF-00360,ATM Tampering/Skimming,BNS Sec 318 / IT Act,ATM users - unmanned kiosk,Kalaburagi,Sedam Road area,Weekend nights,Skimmer device installation,Skimmer device installation; target: ATM users - unmanned kiosk; weekend nights,2024-08-04,Linked to known offender record,46-55,M,5,Repeat,Consistent MO across all recorded cases
CASE-00660,OFF-00209,Vehicle Theft (Four-wheeler),BNS Sec 303 (Theft),Parked vehicle - street,Kodagu,Madikeri town,Weekend nights,Tow-away theft,Tow-away theft; target: Parked vehicle - street; weekend nights,2023-11-23,Linked to known offender record,18-25,M,5,Repeat,Escalating frequency over last 6 months
CASE-01926,UNASSIGNED,Chit Fund / Investment Fraud,BNS Sec 318 (Cheating),Small investor group,Vijayapura,Station Area,Late night (11 PM-2 AM),"Fake high-return scheme, cash collection","Fake high-return scheme, cash collection; target: Small investor group; late night (11 pm-2 am)",2023-07-04,Open - no offender match recorded,N/A - case unmatched,N/A - case unmatched,N/A - case unmatched,N/A - case unmatched,N/A - case unmatched
CASE-01717,UNASSIGNED,Two-Wheeler Theft,BNS Sec 303 (Theft),Parked vehicle - residential,Tumakuru,Kunigal Road area,Midday (12-3 PM),Duplicate key / lock-picking,Duplicate key / lock-picking; target: Parked vehicle - residential; midday (12-3 pm),2023-06-07,Open - no offender match recorded,N/A - case unmatched,N/A - case unmatched,N/A - case unmatched,N/A - case unmatched,N/A - case unmatched
CASE-01348,OFF-00409,Chit Fund / Investment Fraud,BNS Sec 318 (Cheating),Small investor group,Kalaburagi,Sedam Road area,Late night (11 PM-2 AM),"Fake high-return scheme, cash collection","Fake high-return scheme, cash collection; target: Small investor group; late night (11 pm-2 am)",2024-11-01,Linked to known offender record,56+,M,2,Repeat,Escalating frequency over last 6 months
CASE-00503,OFF-00160,Chain Snatching,BNS Sec 304 (Snatching),Elderly pedestrian,Chitradurga,College Road area,Late night (11 PM-2 AM),Two-wheeler drive-by snatch,Two-wheeler drive-by snatch; target: Elderly pedestrian; late night (11 pm-2 am),2023-07-24,Linked to known offender record,26-35,M,4,Repeat,Escalating frequency over last 6 months
CASE-00713,OFF-00224,Cyber Fraud (OTP/Phishing),IT Act Sec 66C/66D,First-time UPI user,Tumakuru,Kunigal Road area,Evening rush (6-8 PM),SMS phishing link,SMS phishing link; target: First-time UPI user; evening rush (6-8 pm),2023-02-10,Linked to known offender record,18-25,F,6,Repeat,Long gap then resurgence with same MO
CASE-00631,OFF-00200,Vehicle Theft (Four-wheeler),BNS Sec 303 (Theft),Parked vehicle - street,Koppal,Gangavathi Road area,Late night (11 PM-2 AM),Relay key attack,Relay key attack; target: Parked vehicle - street; late night (11 pm-2 am),2025-09-14,Linked to known offender record,46-55,M,3,Repeat,Long gap then resurgence with same MO
CASE-01355,OFF-00411,Counterfeit Currency,BNS Sec 178-180,Small retail shop,Ballari,Cowl Bazaar,Early morning (4-7 AM),Cash-for-goods swap,Cash-for-goods swap; target: Small retail shop; early morning (4-7 am),2024-05-09,Linked to known offender record,46-55,F,1,First recorded instance,Escalating frequency over last 6 months
CASE-00601,OFF-00188,ATM Tampering/Skimming,BNS Sec 318 / IT Act,ATM users - unmanned kiosk,Bengaluru Urban,Jayanagar,Midday (12-3 PM),Skimmer device installation,Skimmer device installation; target: ATM users - unmanned kiosk; midday (12-3 pm),2025-02-07,Linked to known offender record,18-25,M,6,Repeat,Alternates between two known methods
CASE-01669,UNASSIGNED,Chain Snatching,BNS Sec 304 (Snatching),Elderly pedestrian,Ramanagara,Town Centre,Weekday mornings,"Foot approach, distraction snatch","Foot approach, distraction snatch; target: Elderly pedestrian; weekday mornings",2025-01-27,Open - no offender match recorded,N/A - case unmatched,N/A - case unmatched,N/A - case unmatched,N/A - case unmatched,N/A - case unmatched
CASE-00500,OFF-00158,House Burglary,BNS Sec 305 (Burglary),Ground-floor apartment,Chamarajanagar,Town Centre,Early morning (4-7 AM),Impersonation as utility worker,Impersonation as utility worker; target: Ground-floor apartment; early morning (4-7 am),2023-07-26,Linked to known offender record,56+,F,3,Repeat,Escalating frequency over last 6 months
CASE-00661,OFF-00209,Vehicle Theft (Four-wheeler),BNS Sec 303 (Theft),Parked vehicle - street,Kodagu,Gonikoppal town,Weekend nights,Tow-away theft,Tow-away theft; target: Parked vehicle - street; weekend nights,2023-11-28,Linked to known offender record,18-25,M,5,Repeat,Escalating frequency over last 6 months
CASE-00189,OFF-00054,Chit Fund / Investment Fraud,BNS Sec 318 (Cheating),Small investor group,Raichur,Old Town,Late night (11 PM-2 AM),"Fake high-return scheme, cash collection","Fake high-return scheme, cash collection; target: Small investor group; late night (11 pm-2 am)",2025-04-11,Linked to known offender record,26-35,F,1,First recorded instance,Escalating frequency over last 6 months
CASE-00834,OFF-00260,Cyber Fraud (OTP/Phishing),IT Act Sec 66C/66D,First-time UPI user,Raichur,Old Town,Early morning (4-7 AM),Fake bank call requesting OTP,Fake bank call requesting OTP; target: First-time UPI user; early morning (4-7 am),2024-02-12,Linked to known offender record,56+,F,4,Repeat,Escalating frequency over last 6 months
CASE-01613,UNASSIGNED,Cyber Fraud (OTP/Phishing),IT Act Sec 66C/66D,Elderly account holder,Mandya,Vidyanagar,Midday (12-3 PM),SMS phishing link,SMS phishing link; target: Elderly account holder; midday (12-3 pm),2025-04-14,Open - no offender match recorded,N/A - case unmatched,N/A - case unmatched,N/A - case unmatched,N/A - case unmatched,N/A - case unmatched
CASE-00108,OFF-00031,Chain Snatching,BNS Sec 304 (Snatching),Elderly pedestrian,Udupi,Malpe Road area,Weekend nights,"Foot approach, distraction snatch","Foot approach, distraction snatch; target: Elderly pedestrian; weekend nights",2024-11-15,Linked to known offender record,18-25,M,5,Repeat,Escalating frequency over last 6 months
CASE-00618,OFF-00195,Shop Robbery,BNS Sec 309 (Robbery),Small retail shop,Mysuru,Kuvempunagar,Midday (12-3 PM),Late-night forced entry,Late-night forced entry; target: Small retail shop; midday (12-3 pm),2023-12-29,Linked to known offender record,26-35,F,4,Repeat,Escalating frequency over last 6 months
CASE-01474,OFF-00449,ATM Tampering/Skimming,BNS Sec 318 / IT Act,ATM users - unmanned kiosk,Ballari,Cowl Bazaar,Weekend nights,Skimmer device installation,Skimmer device installation; target: ATM users - unmanned kiosk; weekend nights,2025-06-25,Linked to known offender record,36-45,F,3,Repeat,Escalating frequency over last 6 months
CASE-00266,OFF-00079,Chain Snatching,BNS Sec 304 (Snatching),Lone woman pedestrian,Mysuru,Kuvempunagar,Evening rush (6-8 PM),"Foot approach, distraction snatch","Foot approach, distraction snatch; target: Lone woman pedestrian; evening rush (6-8 pm)",2025-07-04,Linked to known offender record,18-25,F,3,Repeat,Single recorded case - insufficient pattern history
CASE-00321,OFF-00102,Vehicle Theft (Four-wheeler),BNS Sec 303 (Theft),Parked vehicle - street,Uttara Kannada,Karwar town,Early morning (4-7 AM),Relay key attack,Relay key attack; target: Parked vehicle - street; early morning (4-7 am),2024-04-02,Linked to known offender record,56+,M,6,Repeat,Single recorded case - insufficient pattern history
CASE-00870,OFF-00276,Counterfeit Currency,BNS Sec 178-180,Currency exchange,Udupi,Manipal,Evening rush (6-8 PM),Cash-for-goods swap,Cash-for-goods swap; target: Currency exchange; evening rush (6-8 pm),2024-08-03,Linked to known offender record,36-45,F,4,Repeat,Escalating frequency over last 6 months
CASE-00012,OFF-00006,Chain Snatching,BNS Sec 304 (Snatching),Elderly pedestrian,Kolar,Ambedkar Nagar,Weekday mornings,"Foot approach, distraction snatch","Foot approach, distraction snatch; target: Elderly pedestrian; weekday mornings",2025-11-15,Linked to known offender record,26-35,M,4,Repeat,Escalating frequency over last 6 months
CASE-00242,OFF-00072,Shop Robbery,BNS Sec 309 (Robbery),Jewellery shop,Kolar,Bangarpet Road area,Weekday mornings,"Armed threat, cash till","Armed threat, cash till; target: Jewellery shop; weekday mornings",2025-09-15,Linked to known offender record,18-25,F,6,Repeat,Alternates between two known methods
CASE-00124,OFF-00035,ATM Tampering/Skimming,BNS Sec 318 / IT Act,ATM users - unmanned kiosk,Davanagere,Vinoba Nagar,Evening rush (6-8 PM),Shoulder-surfing + card swap,Shoulder-surfing + card swap; target: ATM users - unmanned kiosk; evening rush (6-8 pm),2025-05-16,Linked to known offender record,46-55,F,4,Repeat,Escalating frequency over last 6 months
CASE-01271,OFF-00384,House Burglary,BNS Sec 305 (Burglary),Vacant residence,Uttara Kannada,Sirsi town,Late night (11 PM-2 AM),Window grille cutting,Window grille cutting; target: Vacant residence; late night (11 pm-2 am),2025-12-09,Linked to known offender record,56+,F,4,Repeat,Consistent MO across all recorded cases
CASE-00778,OFF-00243,House Burglary,BNS Sec 305 (Burglary),Ground-floor apartment,Chamarajanagar,Town Centre,Late night (11 PM-2 AM),Window grille cutting,Window grille cutting; target: Ground-floor apartment; late night (11 pm-2 am),2023-03-22,Linked to known offender record,18-25,M,4,Repeat,Long gap then resurgence with same MO
CASE-00815,OFF-00255,Vehicle Theft (Four-wheeler),BNS Sec 303 (Theft),Parked vehicle - street,Hassan,Bus Stand area,Late night (11 PM-2 AM),Relay key attack,Relay key attack; target: Parked vehicle - street; late night (11 pm-2 am),2023-08-04,Linked to known offender record,56+,F,6,Repeat,Escalating frequency over last 6 months
CASE-01388,OFF-00423,Cyber Fraud (OTP/Phishing),IT Act Sec 66C/66D,First-time UPI user,Bagalkot,Navanagar,Evening rush (6-8 PM),Fake bank call requesting OTP,Fake bank call requesting OTP; target: First-time UPI user; evening rush (6-8 pm),2024-09-08,Linked to known offender record,36-45,M,6,Repeat,Single recorded case - insufficient pattern history
CASE-01393,OFF-00424,Counterfeit Currency,BNS Sec 178-180,Currency exchange,Chikkaballapur,Bus Stand area,Midday (12-3 PM),Bulk note circulation via shop network,Bulk note circulation via shop network; target: Currency exchange; midday (12-3 pm),2023-10-08,Linked to known offender record,46-55,M,6,Repeat,Alternates between two known methods
CASE-00173,OFF-00050,Two-Wheeler Theft,BNS Sec 303 (Theft),Parked vehicle - commercial area,Haveri,Old Town,Early morning (4-7 AM),Vehicle lifted onto pickup truck,Vehicle lifted onto pickup truck; target: Parked vehicle - commercial area; early morning (4-7 am),2025-02-16,Linked to known offender record,56+,F,1,First recorded instance,Escalating frequency over last 6 months
CASE-01941,UNASSIGNED,Cyber Fraud (OTP/Phishing),IT Act Sec 66C/66D,Elderly account holder,Bengaluru Urban,Marathahalli,Midday (12-3 PM),SMS phishing link,SMS phishing link; target: Elderly account holder; midday (12-3 pm),2025-12-27,Open - no offender match recorded,N/A - case unmatched,N/A - case unmatched,N/A - case unmatched,N/A - case unmatched,N/A - case unmatched
CASE-01665,UNASSIGNED,Pickpocketing,BNS Sec 303 (Theft),Market crowd,Vijayapura,Jubilee Circle area,Late night (11 PM-2 AM),Bag slit and remove,Bag slit and remove; target: Market crowd; late night (11 pm-2 am),2023-09-11,Open - no offender match recorded,N/A - case unmatched,N/A - case unmatched,N/A - case unmatched,N/A - case unmatched,N/A - case unmatched
CASE-00890,OFF-00281,Pickpocketing,BNS Sec 303 (Theft),Market crowd,Gadag,Station Road area,Early morning (4-7 AM),Bag slit and remove,Bag slit and remove; target: Market crowd; early morning (4-7 am),2024-05-13,Linked to known offender record,56+,M,4,Repeat,Escalating frequency over last 6 months
CASE-00632,OFF-00200,Vehicle Theft (Four-wheeler),BNS Sec 303 (Theft),Parked vehicle - street,Chikkaballapur,Bus Stand area,Early morning (4-7 AM),Relay key attack,Relay key attack; target: Parked vehicle - street; early morning (4-7 am),2023-05-18,Linked to known offender record,46-55,M,3,Repeat,Long gap then resurgence with same MO
CASE-01161,OFF-00352,Chain Snatching,BNS Sec 304 (Snatching),Lone woman pedestrian,Bengaluru Urban,Hebbal,Late night (11 PM-2 AM),"Foot approach, distraction snatch","Foot approach, distraction snatch; target: Lone woman pedestrian; late night (11 pm-2 am)",2025-09-10,Linked to known offender record,46-55,M,6,Repeat,Consistent MO across all recorded cases
CASE-01114,OFF-00339,Counterfeit Currency,BNS Sec 178-180,Small retail shop,Bidar,Old City area,Late night (11 PM-2 AM),Cash-for-goods swap,Cash-for-goods swap; target: Small retail shop; late night (11 pm-2 am),2024-04-11,Linked to known offender record,18-25,M,2,Repeat,Single recorded case - insufficient pattern history
CASE-01577,UNASSIGNED,Counterfeit Currency,BNS Sec 178-180,Small retail shop,Chikkamagaluru,IG Road area,Weekend nights,Bulk note circulation via shop network,Bulk note circulation via shop network; target: Small retail shop; weekend nights,2025-06-28,Open - no offender match recorded,N/A - case unmatched,N/A - case unmatched,N/A - case unmatched,N/A - case unmatched,N/A - case unmatched
CASE-01182,OFF-00357,Chain Snatching,BNS Sec 304 (Snatching),Lone woman pedestrian,Bengaluru Urban,BTM Layout,Late night (11 PM-2 AM),"Foot approach, distraction snatch","Foot approach, distraction snatch; target: Lone woman pedestrian; late night (11 pm-2 am)",2024-10-08,Linked to known offender record,18-25,M,6,Repeat,Single recorded case - insufficient pattern history
CASE-01919,UNASSIGNED,Two-Wheeler Theft,BNS Sec 303 (Theft),Parked vehicle - residential,Ballari,Cowl Bazaar,Weekday mornings,Vehicle lifted onto pickup truck,Vehicle lifted onto pickup truck; target: Parked vehicle - residential; weekday mornings,2023-06-04,Open - no offender match recorded,N/A - case unmatched,N/A - case unmatched,N/A - case unmatched,N/A - case unmatched,N/A - case unmatched
CASE-01628,UNASSIGNED,Counterfeit Currency,BNS Sec 178-180,Currency exchange,Bengaluru Rural,Devanahalli town,Late night (11 PM-2 AM),Cash-for-goods swap,Cash-for-goods swap; target: Currency exchange; late night (11 pm-2 am),2024-05-19,Open - no offender match recorded,N/A - case unmatched,N/A - case unmatched,N/A - case unmatched,N/A - case unmatched,N/A - case unmatched
CASE-01858,UNASSIGNED,Cyber Fraud (OTP/Phishing),IT Act Sec 66C/66D,Elderly account holder,Chitradurga,Basaveshwara Nagar,Weekend nights,SMS phishing link,SMS phishing link; target: Elderly account holder; weekend nights,2025-12-27,Open - no offender match recorded,N/A - case unmatched,N/A - case unmatched,N/A - case unmatched,N/A - case unmatched,N/A - case unmatched
CASE-01078,OFF-00329,Chit Fund / Investment Fraud,BNS Sec 318 (Cheating),Small investor group,Chikkamagaluru,Kalasapura,Early morning (4-7 AM),"Fake high-return scheme, cash collection","Fake high-return scheme, cash collection; target: Small investor group; early morning (4-7 am)",2023-05-18,Linked to known offender record,46-55,F,4,Repeat,Alternates between two known methods
CASE-00641,OFF-00202,Two-Wheeler Theft,BNS Sec 303 (Theft),Parked vehicle - residential,Bagalkot,Navanagar,Midday (12-3 PM),Duplicate key / lock-picking,Duplicate key / lock-picking; target: Parked vehicle - residential; midday (12-3 pm),2023-08-26,Linked to known offender record,46-55,M,4,Repeat,Consistent MO across all recorded cases
CASE-00056,OFF-00016,ATM Tampering/Skimming,BNS Sec 318 / IT Act,ATM users - unmanned kiosk,Mysuru,Jayalakshmipuram,Weekday mornings,Shoulder-surfing + card swap,Shoulder-surfing + card swap; target: ATM users - unmanned kiosk; weekday mornings,2024-12-12,Linked to known offender record,56+,F,5,Repeat,Consistent MO across all recorded cases
CASE-00731,OFF-00231,Pickpocketing,BNS Sec 303 (Theft),Market crowd,Hassan,Vidyanagar,Midday (12-3 PM),Crowd distraction lift,Crowd distraction lift; target: Market crowd; midday (12-3 pm),2023-12-10,Linked to known offender record,56+,M,5,Repeat,Single recorded case - insufficient pattern history
CASE-01181,OFF-00357,Chain Snatching,BNS Sec 304 (Snatching),Lone woman pedestrian,Bengaluru Urban,Marathahalli,Early morning (4-7 AM),"Foot approach, distraction snatch","Foot approach, distraction snatch; target: Lone woman pedestrian; early morning (4-7 am)",2025-02-22,Linked to known offender record,18-25,M,6,Repeat,Single recorded case - insufficient pattern history
CASE-01371,OFF-00419,Chain Snatching,BNS Sec 304 (Snatching),Elderly pedestrian,Koppal,Gangavathi Road area,Late night (11 PM-2 AM),"Foot approach, distraction snatch","Foot approach, distraction snatch; target: Elderly pedestrian; late night (11 pm-2 am)",2023-06-24,Linked to known offender record,36-45,M,5,Repeat,Alternates between two known methods
CASE-01455,OFF-00443,House Burglary,BNS Sec 305 (Burglary),Ground-floor apartment,Mysuru,Bannimantap,Weekday mornings,"Lock-breaking, rear entry","Lock-breaking, rear entry; target: Ground-floor apartment; weekday mornings",2024-03-21,Linked to known offender record,56+,F,6,Repeat,Alternates between two known methods
CASE-01153,OFF-00350,Vehicle Theft (Four-wheeler),BNS Sec 303 (Theft),Parked vehicle - street,Mandya,Ashok Nagar,Midday (12-3 PM),Relay key attack,Relay key attack; target: Parked vehicle - street; midday (12-3 pm),2025-01-12,Linked to known offender record,56+,M,6,Repeat,Alternates between two known methods
CASE-01763,UNASSIGNED,Vehicle Theft (Four-wheeler),BNS Sec 303 (Theft),Parked vehicle - street,Kolar,Bangarpet Road area,Late night (11 PM-2 AM),Tow-away theft,Tow-away theft; target: Parked vehicle - street; late night (11 pm-2 am),2025-05-16,Open - no offender match recorded,N/A - case unmatched,N/A - case unmatched,N/A - case unmatched,N/A - case unmatched,N/A - case unmatched
CASE-01980,UNASSIGNED,Chit Fund / Investment Fraud,BNS Sec 318 (Cheating),Small investor group,Tumakuru,Kunigal Road area,Midday (12-3 PM),"Fake high-return scheme, cash collection","Fake high-return scheme, cash collection; target: Small investor group; midday (12-3 pm)",2023-03-20,Open - no offender match recorded,N/A - case unmatched,N/A - case unmatched,N/A - case unmatched,N/A - case unmatched,N/A - case unmatched
CASE-01724,UNASSIGNED,House Burglary,BNS Sec 305 (Burglary),Ground-floor apartment,Hubballi-Dharwad,Keshwapur,Weekend nights,Impersonation as utility worker,Impersonation as utility worker; target: Ground-floor apartment; weekend nights,2025-11-12,Open - no offender match recorded,N/A - case unmatched,N/A - case unmatched,N/A - case unmatched,N/A - case unmatched,N/A - case unmatched
CASE-00625,OFF-00199,Chit Fund / Investment Fraud,BNS Sec 318 (Cheating),Small investor group,Kalaburagi,Station Road area,Weekday mornings,"Fake high-return scheme, cash collection","Fake high-return scheme, cash collection; target: Small investor group; weekday mornings",2024-06-28,Linked to known offender record,46-55,M,6,Repeat,Single recorded case - insufficient pattern history
CASE-01877,UNASSIGNED,Counterfeit Currency,BNS Sec 178-180,Small retail shop,Mangaluru (Dakshina Kannada),Hampankatta,Weekend nights,Bulk note circulation via shop network,Bulk note circulation via shop network; target: Small retail shop; weekend nights,2024-10-29,Open - no offender match recorded,N/A - case unmatched,N/A - case unmatched,N/A - case unmatched,N/A - case unmatched,N/A - case unmatched
CASE-00506,OFF-00160,Chain Snatching,BNS Sec 304 (Snatching),Lone woman pedestrian,Chitradurga,Old Bus Stand area,Late night (11 PM-2 AM),Two-wheeler drive-by snatch,Two-wheeler drive-by snatch; target: Lone woman pedestrian; late night (11 pm-2 am),2024-01-14,Linked to known offender record,26-35,M,4,Repeat,Escalating frequency over last 6 months
CASE-01230,OFF-00372,Pickpocketing,BNS Sec 303 (Theft),Bus/rail commuter,Gadag,Betageri,Weekend nights,Bag slit and remove,Bag slit and remove; target: Bus/rail commuter; weekend nights,2025-04-09,Linked to known offender record,18-25,F,4,Repeat,Consistent MO across all recorded cases
CASE-00329,OFF-00103,Counterfeit Currency,BNS Sec 178-180,Small retail shop,Uttara Kannada,Sirsi town,Weekday mornings,Cash-for-goods swap,Cash-for-goods swap; target: Small retail shop; weekday mornings,2025-05-22,Linked to known offender record,18-25,M,5,Repeat,Consistent MO across all recorded cases
CASE-00461,OFF-00148,Vehicle Theft (Four-wheeler),BNS Sec 303 (Theft),Parked vehicle - street,Yadgir,Bus Stand area,Midday (12-3 PM),Relay key attack,Relay key attack; target: Parked vehicle - street; midday (12-3 pm),2023-08-31,Linked to known offender record,18-25,M,5,Repeat,Long gap then resurgence with same MO
CASE-00371,OFF-00119,Shop Robbery,BNS Sec 309 (Robbery),Jewellery shop,Shivamogga,Durgigudi,Early morning (4-7 AM),Late-night forced entry,Late-night forced entry; target: Jewellery shop; early morning (4-7 am),2023-05-28,Linked to known offender record,26-35,F,6,Repeat,Alternates between two known methods
CASE-00573,OFF-00181,ATM Tampering/Skimming,BNS Sec 318 / IT Act,ATM users - unmanned kiosk,Shivamogga,Vinoba Nagar,Late night (11 PM-2 AM),Shoulder-surfing + card swap,Shoulder-surfing + card swap; target: ATM users - unmanned kiosk; late night (11 pm-2 am),2025-06-19,Linked to known offender record,46-55,M,4,Repeat,Escalating frequency over last 6 months
CASE-00090,OFF-00027,Shop Robbery,BNS Sec 309 (Robbery),Small retail shop,Kalaburagi,Station Road area,Late night (11 PM-2 AM),"Armed threat, cash till","Armed threat, cash till; target: Small retail shop; late night (11 pm-2 am)",2023-10-05,Linked to known offender record,56+,F,5,Repeat,Single recorded case - insufficient pattern history
CASE-01048,OFF-00323,Chit Fund / Investment Fraud,BNS Sec 318 (Cheating),Small investor group,Yadgir,Station Road area,Weekday mornings,"Fake high-return scheme, cash collection","Fake high-return scheme, cash collection; target: Small investor group; weekday mornings",2023-06-16,Linked to known offender record,26-35,F,6,Repeat,Escalating frequency over last 6 months
CASE-01476,OFF-00449,ATM Tampering/Skimming,BNS Sec 318 / IT Act,ATM users - unmanned kiosk,Ramanagara,Bengaluru-Mysuru Highway area,Weekend nights,Skimmer device installation,Skimmer device installation; target: ATM users - unmanned kiosk; weekend nights,2024-09-06,Linked to known offender record,36-45,F,3,Repeat,Escalating frequency over last 6 months
CASE-01203,OFF-00364,Chit Fund / Investment Fraud,BNS Sec 318 (Cheating),Small investor group,Chamarajanagar,Town Centre,Weekday mornings,"Fake high-return scheme, cash collection","Fake high-return scheme, cash collection; target: Small investor group; weekday mornings",2023-12-05,Linked to known offender record,56+,F,5,Repeat,Escalating frequency over last 6 months
CASE-00196,OFF-00057,Pickpocketing,BNS Sec 303 (Theft),Bus/rail commuter,Chikkaballapur,Bus Stand area,Evening rush (6-8 PM),Bag slit and remove,Bag slit and remove; target: Bus/rail commuter; evening rush (6-8 pm),2025-03-12,Linked to known offender record,26-35,M,2,Repeat,Alternates between two known methods
CASE-01123,OFF-00342,Chain Snatching,BNS Sec 304 (Snatching),Elderly pedestrian,Chitradurga,Old Bus Stand area,Midday (12-3 PM),"Foot approach, distraction snatch","Foot approach, distraction snatch; target: Elderly pedestrian; midday (12-3 pm)",2023-10-31,Linked to known offender record,56+,F,5,Repeat,Escalating frequency over last 6 months
CASE-01698,UNASSIGNED,ATM Tampering/Skimming,BNS Sec 318 / IT Act,ATM users - unmanned kiosk,Kolar,Old Bus Stand area,Weekday mornings,Shoulder-surfing + card swap,Shoulder-surfing + card swap; target: ATM users - unmanned kiosk; weekday mornings,2025-11-07,Open - no offender match recorded,N/A - case unmatched,N/A - case unmatched,N/A - case unmatched,N/A - case unmatched,N/A - case unmatched
CASE-00349,OFF-00112,Chit Fund / Investment Fraud,BNS Sec 318 (Cheating),Small investor group,Chamarajanagar,Town Centre,Weekday mornings,"Fake high-return scheme, cash collection","Fake high-return scheme, cash collection; target: Small investor group; weekday mornings",2023-07-14,Linked to known offender record,18-25,M,4,Repeat,Alternates between two known methods
CASE-01629,UNASSIGNED,Shop Robbery,BNS Sec 309 (Robbery),Small retail shop,Kodagu,Madikeri town,Weekend nights,Late-night forced entry,Late-night forced entry; target: Small retail shop; weekend nights,2025-01-13,Open - no offender match recorded,N/A - case unmatched,N/A - case unmatched,N/A - case unmatched,N/A - case unmatched,N/A - case unmatched
CASE-01959,UNASSIGNED,Chain Snatching,BNS Sec 304 (Snatching),Elderly pedestrian,Chikkamagaluru,MG Road area,Late night (11 PM-2 AM),"Foot approach, distraction snatch","Foot approach, distraction snatch; target: Elderly pedestrian; late night (11 pm-2 am)",2023-11-17,Open - no offender match recorded,N/A - case unmatched,N/A - case unmatched,N/A - case unmatched,N/A - case unmatched,N/A - case unmatched
CASE-01441,OFF-00439,Chit Fund / Investment Fraud,BNS Sec 318 (Cheating),Small investor group,Davanagere,PJ Extension,Early morning (4-7 AM),"Fake high-return scheme, cash collection","Fake high-return scheme, cash collection; target: Small investor group; early morning (4-7 am)",2024-08-20,Linked to known offender record,18-25,F,1,First recorded instance,Escalating frequency over last 6 months
CASE-01133,OFF-00344,Two-Wheeler Theft,BNS Sec 303 (Theft),Parked vehicle - residential,Chamarajanagar,Kollegal Road area,Weekend nights,Duplicate key / lock-picking,Duplicate key / lock-picking; target: Parked vehicle - residential; weekend nights,2025-05-11,Linked to known offender record,18-25,M,6,Repeat,Consistent MO across all recorded cases
CASE-00482,OFF-00153,Vehicle Theft (Four-wheeler),BNS Sec 303 (Theft),Parked vehicle - street,Shivamogga,Durgigudi,Weekend nights,Relay key attack,Relay key attack; target: Parked vehicle - street; weekend nights,2023-01-27,Linked to known offender record,18-25,F,4,Repeat,Alternates between two known methods
CASE-00950,OFF-00296,Counterfeit Currency,BNS Sec 178-180,Small retail shop,Kodagu,Gonikoppal town,Evening rush (6-8 PM),Bulk note circulation via shop network,Bulk note circulation via shop network; target: Small retail shop; evening rush (6-8 pm),2024-05-18,Linked to known offender record,26-35,M,6,Repeat,Consistent MO across all recorded cases
CASE-00185,OFF-00053,Two-Wheeler Theft,BNS Sec 303 (Theft),Parked vehicle - commercial area,Bagalkot,Old Bagalkot,Evening rush (6-8 PM),Vehicle lifted onto pickup truck,Vehicle lifted onto pickup truck; target: Parked vehicle - commercial area; evening rush (6-8 pm),2025-08-08,Linked to known offender record,46-55,M,5,Repeat,Escalating frequency over last 6 months
CASE-00024,OFF-00009,House Burglary,BNS Sec 305 (Burglary),Vacant residence,Chitradurga,Basaveshwara Nagar,Midday (12-3 PM),Window grille cutting,Window grille cutting; target: Vacant residence; midday (12-3 pm),2024-05-25,Linked to known offender record,56+,M,5,Repeat,Escalating frequency over last 6 months
CASE-00285,OFF-00087,ATM Tampering/Skimming,BNS Sec 318 / IT Act,ATM users - unmanned kiosk,Chamarajanagar,Town Centre,Early morning (4-7 AM),Skimmer device installation,Skimmer device installation; target: ATM users - unmanned kiosk; early morning (4-7 am),2023-01-16,Linked to known offender record,18-25,F,2,Repeat,Alternates between two known methods
CASE-01273,OFF-00385,House Burglary,BNS Sec 305 (Burglary),Vacant residence,Yadgir,Bus Stand area,Weekday mornings,Impersonation as utility worker,Impersonation as utility worker; target: Vacant residence; weekday mornings,2025-04-17,Linked to known offender record,36-45,F,6,Repeat,Escalating frequency over last 6 months
CASE-01094,OFF-00333,Vehicle Theft (Four-wheeler),BNS Sec 303 (Theft),Parked vehicle - street,Uttara Kannada,Sirsi town,Weekday mornings,Relay key attack,Relay key attack; target: Parked vehicle - street; weekday mornings,2025-10-12,Linked to known offender record,26-35,F,6,Repeat,Long gap then resurgence with same MO
CASE-01806,UNASSIGNED,Chain Snatching,BNS Sec 304 (Snatching),Elderly pedestrian,Vijayapura,Jubilee Circle area,Early morning (4-7 AM),Two-wheeler drive-by snatch,Two-wheeler drive-by snatch; target: Elderly pedestrian; early morning (4-7 am),2025-02-20,Open - no offender match recorded,N/A - case unmatched,N/A - case unmatched,N/A - case unmatched,N/A - case unmatched,N/A - case unmatched
CASE-01914,UNASSIGNED,Counterfeit Currency,BNS Sec 178-180,Currency exchange,Vijayapura,Station Area,Midday (12-3 PM),Cash-for-goods swap,Cash-for-goods swap; target: Currency exchange; midday (12-3 pm),2024-10-15,Open - no offender match recorded,N/A - case unmatched,N/A - case unmatched,N/A - case unmatched,N/A - case unmatched,N/A - case unmatched
CASE-00302,OFF-00092,Chit Fund / Investment Fraud,BNS Sec 318 (Cheating),Small investor group,Yadgir,Bus Stand area,Weekend nights,"Fake high-return scheme, cash collection","Fake high-return scheme, cash collection; target: Small investor group; weekend nights",2023-06-13,Linked to known offender record,56+,M,5,Repeat,Long gap then resurgence with same MO
CASE-00176,OFF-00051,Counterfeit Currency,BNS Sec 178-180,Small retail shop,Bengaluru Urban,Koramangala,Weekend nights,Bulk note circulation via shop network,Bulk note circulation via shop network; target: Small retail shop; weekend nights,2024-02-15,Linked to known offender record,46-55,F,5,Repeat,Single recorded case - insufficient pattern history
CASE-01603,UNASSIGNED,Chain Snatching,BNS Sec 304 (Snatching),Lone woman pedestrian,Raichur,Station Road area,Weekend nights,"Foot approach, distraction snatch","Foot approach, distraction snatch; target: Lone woman pedestrian; weekend nights",2024-02-08,Open - no offender match recorded,N/A - case unmatched,N/A - case unmatched,N/A - case unmatched,N/A - case unmatched,N/A - case unmatched
CASE-01837,UNASSIGNED,Chain Snatching,BNS Sec 304 (Snatching),Elderly pedestrian,Bengaluru Rural,Devanahalli town,Early morning (4-7 AM),Two-wheeler drive-by snatch,Two-wheeler drive-by snatch; target: Elderly pedestrian; early morning (4-7 am),2024-01-25,Open - no offender match recorded,N/A - case unmatched,N/A - case unmatched,N/A - case unmatched,N/A - case unmatched,N/A - case unmatched
CASE-00333,OFF-00105,Chain Snatching,BNS Sec 304 (Snatching),Lone woman pedestrian,Mandya,Bannur Road area,Late night (11 PM-2 AM),Two-wheeler drive-by snatch,Two-wheeler drive-by snatch; target: Lone woman pedestrian; late night (11 pm-2 am),2023-06-20,Linked to known offender record,18-25,M,5,Repeat,Long gap then resurgence with same MO
CASE-00316,OFF-00099,Chit Fund / Investment Fraud,BNS Sec 318 (Cheating),Small investor group,Ballari,Gandhinagar,Weekday mornings,"Fake high-return scheme, cash collection","Fake high-return scheme, cash collection; target: Small investor group; weekday mornings",2024-06-06,Linked to known offender record,26-35,M,3,Repeat,Single recorded case - insufficient pattern history
CASE-01246,OFF-00377,Shop Robbery,BNS Sec 309 (Robbery),Jewellery shop,Kodagu,Madikeri town,Evening rush (6-8 PM),Late-night forced entry,Late-night forced entry; target: Jewellery shop; evening rush (6-8 pm),2023-06-15,Linked to known offender record,18-25,F,4,Repeat,Alternates between two known methods
CASE-01164,OFF-00352,Chain Snatching,BNS Sec 304 (Snatching),Lone woman pedestrian,Bengaluru Urban,BTM Layout,Weekend nights,"Foot approach, distraction snatch","Foot approach, distraction snatch; target: Lone woman pedestrian; weekend nights",2024-08-19,Linked to known offender record,46-55,M,6,Repeat,Consistent MO across all recorded cases
CASE-00570,OFF-00179,Pickpocketing,BNS Sec 303 (Theft),Market crowd,Haveri,Bypass Road area,Evening rush (6-8 PM),Crowd distraction lift,Crowd distraction lift; target: Market crowd; evening rush (6-8 pm),2025-08-14,Linked to known offender record,56+,F,4,Repeat,Alternates between two known methods
CASE-00536,OFF-00169,ATM Tampering/Skimming,BNS Sec 318 / IT Act,ATM users - unmanned kiosk,Hassan,Race Course Road area,Early morning (4-7 AM),Shoulder-surfing + card swap,Shoulder-surfing + card swap; target: ATM users - unmanned kiosk; early morning (4-7 am),2023-12-25,Linked to known offender record,18-25,F,3,Repeat,Alternates between two known methods
CASE-00227,OFF-00065,Pickpocketing,BNS Sec 303 (Theft),Market crowd,Bagalkot,Navanagar,Weekday mornings,Crowd distraction lift,Crowd distraction lift; target: Market crowd; weekday mornings,2023-04-13,Linked to known offender record,36-45,M,6,Repeat,Alternates between two known methods
CASE-01220,OFF-00368,Two-Wheeler Theft,BNS Sec 303 (Theft),Parked vehicle - commercial area,Haveri,Old Town,Midday (12-3 PM),Duplicate key / lock-picking,Duplicate key / lock-picking; target: Parked vehicle - commercial area; midday (12-3 pm),2024-10-04,Linked to known offender record,36-45,F,5,Repeat,Single recorded case - insufficient pattern history
CASE-00691,OFF-00217,Counterfeit Currency,BNS Sec 178-180,Currency exchange,Shivamogga,Durgigudi,Evening rush (6-8 PM),Cash-for-goods swap,Cash-for-goods swap; target: Currency exchange; evening rush (6-8 pm),2024-12-30,Linked to known offender record,46-55,F,1,First recorded instance,Alternates between two known methods
CASE-00692,OFF-00218,ATM Tampering/Skimming,BNS Sec 318 / IT Act,ATM users - unmanned kiosk,Udupi,Manipal,Early morning (4-7 AM),Skimmer device installation,Skimmer device installation; target: ATM users - unmanned kiosk; early morning (4-7 am),2024-10-07,Linked to known offender record,26-35,F,5,Repeat,Consistent MO across all recorded cases
CASE-00472,OFF-00150,Chain Snatching,BNS Sec 304 (Snatching),Elderly pedestrian,Udupi,Malpe Road area,Midday (12-3 PM),"Foot approach, distraction snatch","Foot approach, distraction snatch; target: Elderly pedestrian; midday (12-3 pm)",2023-07-22,Linked to known offender record,18-25,F,5,Repeat,Long gap then resurgence with same MO
CASE-01052,OFF-00323,Chit Fund / Investment Fraud,BNS Sec 318 (Cheating),Small investor group,Yadgir,Bus Stand area,Weekday mornings,"Fake high-return scheme, cash collection","Fake high-return scheme, cash collection; target: Small investor group; weekday mornings",2025-02-10,Linked to known offender record,26-35,F,6,Repeat,Escalating frequency over last 6 months
CASE-01173,OFF-00356,ATM Tampering/Skimming,BNS Sec 318 / IT Act,ATM users - unmanned kiosk,Raichur,Station Road area,Evening rush (6-8 PM),Shoulder-surfing + card swap,Shoulder-surfing + card swap; target: ATM users - unmanned kiosk; evening rush (6-8 pm),2024-09-09,Linked to known offender record,46-55,F,6,Repeat,Consistent MO across all recorded cases
CASE-00726,OFF-00229,Shop Robbery,BNS Sec 309 (Robbery),Jewellery shop,Chikkamagaluru,MG Road area,Weekend nights,Late-night forced entry,Late-night forced entry; target: Jewellery shop; weekend nights,2024-06-29,Linked to known offender record,46-55,M,6,Repeat,Long gap then resurgence with same MO
CASE-00019,OFF-00008,Two-Wheeler Theft,BNS Sec 303 (Theft),Parked vehicle - residential,Davanagere,Shamanur Road area,Early morning (4-7 AM),Vehicle lifted onto pickup truck,Vehicle lifted onto pickup truck; target: Parked vehicle - residential; early morning (4-7 am),2023-12-16,Linked to known offender record,18-25,M,5,Repeat,Consistent MO across all recorded cases
CASE-00912,OFF-00286,Cyber Fraud (OTP/Phishing),IT Act Sec 66C/66D,First-time UPI user,Chikkamagaluru,IG Road area,Late night (11 PM-2 AM),Fake bank call requesting OTP,Fake bank call requesting OTP; target: First-time UPI user; late night (11 pm-2 am),2023-10-22,Linked to known offender record,36-45,F,5,Repeat,Single recorded case - insufficient pattern history
CASE-01655,UNASSIGNED,Chain Snatching,BNS Sec 304 (Snatching),Lone woman pedestrian,Udupi,Malpe Road area,Weekday mornings,Two-wheeler drive-by snatch,Two-wheeler drive-by snatch; target: Lone woman pedestrian; weekday mornings,2024-06-09,Open - no offender match recorded,N/A - case unmatched,N/A - case unmatched,N/A - case unmatched,N/A - case unmatched,N/A - case unmatched
CASE-01144,OFF-00347,Shop Robbery,BNS Sec 309 (Robbery),Jewellery shop,Udupi,Manipal,Weekend nights,Late-night forced entry,Late-night forced entry; target: Jewellery shop; weekend nights,2025-09-07,Linked to known offender record,18-25,F,1,First recorded instance,Single recorded case - insufficient pattern history
CASE-01321,OFF-00398,Chain Snatching,BNS Sec 304 (Snatching),Lone woman pedestrian,Kolar,Bangarpet Road area,Early morning (4-7 AM),"Foot approach, distraction snatch","Foot approach, distraction snatch; target: Lone woman pedestrian; early morning (4-7 am)",2025-08-10,Linked to known offender record,26-35,F,6,Repeat,Escalating frequency over last 6 months
CASE-01589,UNASSIGNED,Cyber Fraud (OTP/Phishing),IT Act Sec 66C/66D,Elderly account holder,Hubballi-Dharwad,Keshwapur,Evening rush (6-8 PM),SMS phishing link,SMS phishing link; target: Elderly account holder; evening rush (6-8 pm),2023-12-30,Open - no offender match recorded,N/A - case unmatched,N/A - case unmatched,N/A - case unmatched,N/A - case unmatched,N/A - case unmatched
CASE-00507,OFF-00161,Chain Snatching,BNS Sec 304 (Snatching),Lone woman pedestrian,Bidar,Chidri,Weekday mornings,Two-wheeler drive-by snatch,Two-wheeler drive-by snatch; target: Lone woman pedestrian; weekday mornings,2024-03-28,Linked to known offender record,18-25,M,4,Repeat,Alternates between two known methods
CASE-00953,OFF-00297,Vehicle Theft (Four-wheeler),BNS Sec 303 (Theft),Parked vehicle - street,Kodagu,Virajpet town,Evening rush (6-8 PM),Tow-away theft,Tow-away theft; target: Parked vehicle - street; evening rush (6-8 pm),2023-06-30,Linked to known offender record,36-45,F,4,Repeat,Consistent MO across all recorded cases
CASE-00280,OFF-00085,Shop Robbery,BNS Sec 309 (Robbery),Small retail shop,Kalaburagi,Sedam Road area,Midday (12-3 PM),Late-night forced entry,Late-night forced entry; target: Small retail shop; midday (12-3 pm),2025-12-17,Linked to known offender record,18-25,F,3,Repeat,Consistent MO across all recorded cases
CASE-00659,OFF-00209,Vehicle Theft (Four-wheeler),BNS Sec 303 (Theft),Parked vehicle - street,Tumakuru,SS Puram,Weekend nights,Tow-away theft,Tow-away theft; target: Parked vehicle - street; weekend nights,2023-01-13,Linked to known offender record,18-25,M,5,Repeat,Escalating frequency over last 6 months
CASE-00887,OFF-00281,Pickpocketing,BNS Sec 303 (Theft),Bus/rail commuter,Bidar,Old City area,Late night (11 PM-2 AM),Crowd distraction lift,Crowd distraction lift; target: Bus/rail commuter; late night (11 pm-2 am),2025-08-28,Linked to known offender record,56+,M,4,Repeat,Escalating frequency over last 6 months
CASE-01507,UNASSIGNED,Counterfeit Currency,BNS Sec 178-180,Small retail shop,Mandya,Bannur Road area,Evening rush (6-8 PM),Bulk note circulation via shop network,Bulk note circulation via shop network; target: Small retail shop; evening rush (6-8 pm),2024-10-29,Open - no offender match recorded,N/A - case unmatched,N/A - case unmatched,N/A - case unmatched,N/A - case unmatched,N/A - case unmatched
CASE-00690,OFF-00216,Shop Robbery,BNS Sec 309 (Robbery),Jewellery shop,Hubballi-Dharwad,Keshwapur,Weekday mornings,Late-night forced entry,Late-night forced entry; target: Jewellery shop; weekday mornings,2024-04-20,Linked to known offender record,46-55,F,6,Repeat,Consistent MO across all recorded cases
CASE-00150,OFF-00043,Chit Fund / Investment Fraud,BNS Sec 318 (Cheating),Small investor group,Tumakuru,Kunigal Road area,Evening rush (6-8 PM),"Fake high-return scheme, cash collection","Fake high-return scheme, cash collection; target: Small investor group; evening rush (6-8 pm)",2023-03-26,Linked to known offender record,46-55,F,1,First recorded instance,Single recorded case - insufficient pattern history
CASE-01544,UNASSIGNED,Pickpocketing,BNS Sec 303 (Theft),Market crowd,Chikkaballapur,Bus Stand area,Midday (12-3 PM),Crowd distraction lift,Crowd distraction lift; target: Market crowd; midday (12-3 pm),2025-05-01,Open - no offender match recorded,N/A - case unmatched,N/A - case unmatched,N/A - case unmatched,N/A - case unmatched,N/A - case unmatched
CASE-01985,UNASSIGNED,Vehicle Theft (Four-wheeler),BNS Sec 303 (Theft),Parked vehicle - street,Davanagere,PJ Extension,Early morning (4-7 AM),Tow-away theft,Tow-away theft; target: Parked vehicle - street; early morning (4-7 am),2024-07-21,Open - no offender match recorded,N/A - case unmatched,N/A - case unmatched,N/A - case unmatched,N/A - case unmatched,N/A - case unmatched
CASE-00067,OFF-00019,Shop Robbery,BNS Sec 309 (Robbery),Jewellery shop,Bengaluru Urban,Jayanagar,Late night (11 PM-2 AM),Late-night forced entry,Late-night forced entry; target: Jewellery shop; late night (11 pm-2 am),2023-10-25,Linked to known offender record,18-25,F,6,Repeat,Escalating frequency over last 6 months
CASE-00253,OFF-00074,Pickpocketing,BNS Sec 303 (Theft),Market crowd,Mangaluru (Dakshina Kannada),Bejai,Midday (12-3 PM),Bag slit and remove,Bag slit and remove; target: Market crowd; midday (12-3 pm),2025-01-12,Linked to known offender record,18-25,M,3,Repeat,Escalating frequency over last 6 months
CASE-00078,OFF-00021,Cyber Fraud (OTP/Phishing),IT Act Sec 66C/66D,Elderly account holder,Uttara Kannada,Sirsi town,Weekday mornings,Fake bank call requesting OTP,Fake bank call requesting OTP; target: Elderly account holder; weekday mornings,2025-08-18,Linked to known offender record,46-55,F,2,Repeat,Alternates between two known methods
CASE-01916,UNASSIGNED,Shop Robbery,BNS Sec 309 (Robbery),Small retail shop,Udupi,Malpe Road area,Early morning (4-7 AM),Late-night forced entry,Late-night forced entry; target: Small retail shop; early morning (4-7 am),2024-05-26,Open - no offender match recorded,N/A - case unmatched,N/A - case unmatched,N/A - case unmatched,N/A - case unmatched,N/A - case unmatched
CASE-00373,OFF-00120,Chain Snatching,BNS Sec 304 (Snatching),Lone woman pedestrian,Mandya,Vidyanagar,Midday (12-3 PM),"Foot approach, distraction snatch","Foot approach, distraction snatch; target: Lone woman pedestrian; midday (12-3 pm)",2023-01-27,Linked to known offender record,26-35,M,4,Repeat,Alternates between two known methods
CASE-01411,OFF-00431,Vehicle Theft (Four-wheeler),BNS Sec 303 (Theft),Parked vehicle - street,Bagalkot,Old Bagalkot,Late night (11 PM-2 AM),Tow-away theft,Tow-away theft; target: Parked vehicle - street; late night (11 pm-2 am),2023-03-24,Linked to known offender record,56+,F,6,Repeat,Alternates between two known methods
CASE-00967,OFF-00300,Shop Robbery,BNS Sec 309 (Robbery),Small retail shop,Bagalkot,Navanagar,Weekend nights,"Armed threat, cash till","Armed threat, cash till; target: Small retail shop; weekend nights",2025-06-11,Linked to known offender record,18-25,F,6,Repeat,Alternates between two known methods
CASE-00303,OFF-00093,ATM Tampering/Skimming,BNS Sec 318 / IT Act,ATM users - unmanned kiosk,Mangaluru (Dakshina Kannada),Bejai,Early morning (4-7 AM),Skimmer device installation,Skimmer device installation; target: ATM users - unmanned kiosk; early morning (4-7 am),2023-04-23,Linked to known offender record,26-35,M,1,First recorded instance,Alternates between two known methods
CASE-01194,OFF-00361,Two-Wheeler Theft,BNS Sec 303 (Theft),Parked vehicle - residential,Bidar,Chidri,Midday (12-3 PM),Duplicate key / lock-picking,Duplicate key / lock-picking; target: Parked vehicle - residential; midday (12-3 pm),2024-10-06,Linked to known offender record,46-55,F,3,Repeat,Alternates between two known methods
CASE-00298,OFF-00092,Chit Fund / Investment Fraud,BNS Sec 318 (Cheating),Small investor group,Yadgir,Bus Stand area,Weekend nights,"Fake high-return scheme, cash collection","Fake high-return scheme, cash collection; target: Small investor group; weekend nights",2023-07-27,Linked to known offender record,56+,M,5,Repeat,Long gap then resurgence with same MO
CASE-01942,UNASSIGNED,Chit Fund / Investment Fraud,BNS Sec 318 (Cheating),Small investor group,Vijayapura,Athani Road area,Weekend nights,"Fake high-return scheme, cash collection","Fake high-return scheme, cash collection; target: Small investor group; weekend nights",2023-09-04,Open - no offender match recorded,N/A - case unmatched,N/A - case unmatched,N/A - case unmatched,N/A - case unmatched,N/A - case unmatched
CASE-00786,OFF-00245,Counterfeit Currency,BNS Sec 178-180,Currency exchange,Chitradurga,College Road area,Weekend nights,Cash-for-goods swap,Cash-for-goods swap; target: Currency exchange; weekend nights,2025-02-02,Linked to known offender record,56+,F,3,Repeat,Single recorded case - insufficient pattern history
CASE-00009,OFF-00005,Cyber Fraud (OTP/Phishing),IT Act Sec 66C/66D,First-time UPI user,Udupi,Manipal,Midday (12-3 PM),Fake bank call requesting OTP,Fake bank call requesting OTP; target: First-time UPI user; midday (12-3 pm),2025-10-22,Linked to known offender record,56+,M,1,First recorded instance,Single recorded case - insufficient pattern history
CASE-00604,OFF-00188,ATM Tampering/Skimming,BNS Sec 318 / IT Act,ATM users - unmanned kiosk,Hassan,Race Course Road area,Evening rush (6-8 PM),Skimmer device installation,Skimmer device installation; target: ATM users - unmanned kiosk; evening rush (6-8 pm),2024-05-08,Linked to known offender record,18-25,M,6,Repeat,Alternates between two known methods
CASE-00857,OFF-00271,Chain Snatching,BNS Sec 304 (Snatching),Lone woman pedestrian,Gadag,Station Road area,Early morning (4-7 AM),Two-wheeler drive-by snatch,Two-wheeler drive-by snatch; target: Lone woman pedestrian; early morning (4-7 am),2023-08-04,Linked to known offender record,46-55,M,5,Repeat,Single recorded case - insufficient pattern history
CASE-00267,OFF-00079,Chain Snatching,BNS Sec 304 (Snatching),Lone woman pedestrian,Mysuru,Vijayanagar,Evening rush (6-8 PM),Two-wheeler drive-by snatch,Two-wheeler drive-by snatch; target: Lone woman pedestrian; evening rush (6-8 pm),2023-03-23,Linked to known offender record,18-25,F,3,Repeat,Single recorded case - insufficient pattern history
CASE-00343,OFF-00110,Counterfeit Currency,BNS Sec 178-180,Currency exchange,Mangaluru (Dakshina Kannada),Hampankatta,Midday (12-3 PM),Cash-for-goods swap,Cash-for-goods swap; target: Currency exchange; midday (12-3 pm),2023-03-07,Linked to known offender record,26-35,F,1,First recorded instance,Long gap then resurgence with same MO
CASE-01813,UNASSIGNED,House Burglary,BNS Sec 305 (Burglary),Ground-floor apartment,Raichur,Old Town,Weekend nights,"Lock-breaking, rear entry","Lock-breaking, rear entry; target: Ground-floor apartment; weekend nights",2025-01-17,Open - no offender match recorded,N/A - case unmatched,N/A - case unmatched,N/A - case unmatched,N/A - case unmatched,N/A - case unmatched
CASE-00245,OFF-00072,Shop Robbery,BNS Sec 309 (Robbery),Small retail shop,Kodagu,Virajpet town,Evening rush (6-8 PM),"Armed threat, cash till","Armed threat, cash till; target: Small retail shop; evening rush (6-8 pm)",2025-02-18,Linked to known offender record,18-25,F,6,Repeat,Alternates between two known methods
CASE-00793,OFF-00246,ATM Tampering/Skimming,BNS Sec 318 / IT Act,ATM users - unmanned kiosk,Kolar,Bangarpet Road area,Midday (12-3 PM),Skimmer device installation,Skimmer device installation; target: ATM users - unmanned kiosk; midday (12-3 pm),2024-09-06,Linked to known offender record,26-35,M,6,Repeat,Consistent MO across all recorded cases
CASE-01205,OFF-00364,Chit Fund / Investment Fraud,BNS Sec 318 (Cheating),Small investor group,Ramanagara,Town Centre,Weekday mornings,"Fake high-return scheme, cash collection","Fake high-return scheme, cash collection; target: Small investor group; weekday mornings",2025-11-03,Linked to known offender record,56+,F,5,Repeat,Escalating frequency over last 6 months
CASE-00198,OFF-00058,Counterfeit Currency,BNS Sec 178-180,Small retail shop,Ballari,Gandhinagar,Late night (11 PM-2 AM),Bulk note circulation via shop network,Bulk note circulation via shop network; target: Small retail shop; late night (11 pm-2 am),2024-12-21,Linked to known offender record,18-25,M,2,Repeat,Escalating frequency over last 6 months
CASE-00381,OFF-00122,House Burglary,BNS Sec 305 (Burglary),Ground-floor apartment,Yadgir,Station Road area,Evening rush (6-8 PM),"Lock-breaking, rear entry","Lock-breaking, rear entry; target: Ground-floor apartment; evening rush (6-8 pm)",2025-09-02,Linked to known offender record,36-45,M,3,Repeat,Long gap then resurgence with same MO
CASE-00785,OFF-00244,Chit Fund / Investment Fraud,BNS Sec 318 (Cheating),Small investor group,Kodagu,Gonikoppal town,Early morning (4-7 AM),"Fake high-return scheme, cash collection","Fake high-return scheme, cash collection; target: Small investor group; early morning (4-7 am)",2023-01-15,Linked to known offender record,18-25,M,4,Repeat,Single recorded case - insufficient pattern history
CASE-01091,OFF-00332,ATM Tampering/Skimming,BNS Sec 318 / IT Act,ATM users - unmanned kiosk,Bengaluru Rural,Hoskote town,Evening rush (6-8 PM),Shoulder-surfing + card swap,Shoulder-surfing + card swap; target: ATM users - unmanned kiosk; evening rush (6-8 pm),2024-11-18,Linked to known offender record,46-55,M,5,Repeat,Escalating frequency over last 6 months
CASE-01379,OFF-00420,Pickpocketing,BNS Sec 303 (Theft),Bus/rail commuter,Gadag,Station Road area,Evening rush (6-8 PM),Bag slit and remove,Bag slit and remove; target: Bus/rail commuter; evening rush (6-8 pm),2024-10-01,Linked to known offender record,18-25,M,4,Repeat,Escalating frequency over last 6 months
CASE-00860,OFF-00271,Chain Snatching,BNS Sec 304 (Snatching),Elderly pedestrian,Chikkamagaluru,IG Road area,Early morning (4-7 AM),Two-wheeler drive-by snatch,Two-wheeler drive-by snatch; target: Elderly pedestrian; early morning (4-7 am),2024-04-18,Linked to known offender record,46-55,M,5,Repeat,Single recorded case - insufficient pattern history
CASE-00128,OFF-00037,Chain Snatching,BNS Sec 304 (Snatching),Lone woman pedestrian,Kalaburagi,Jewargi Road area,Evening rush (6-8 PM),"Foot approach, distraction snatch","Foot approach, distraction snatch; target: Lone woman pedestrian; evening rush (6-8 pm)",2025-03-31,Linked to known offender record,26-35,F,5,Repeat,Single recorded case - insufficient pattern history
CASE-00820,OFF-00257,Cyber Fraud (OTP/Phishing),IT Act Sec 66C/66D,First-time UPI user,Tumakuru,Kunigal Road area,Late night (11 PM-2 AM),SMS phishing link,SMS phishing link; target: First-time UPI user; late night (11 pm-2 am),2024-11-09,Linked to known offender record,26-35,F,6,Repeat,Alternates between two known methods
CASE-01989,UNASSIGNED,Cyber Fraud (OTP/Phishing),IT Act Sec 66C/66D,First-time UPI user,Mandya,Ashok Nagar,Weekday mornings,Fake bank call requesting OTP,Fake bank call requesting OTP; target: First-time UPI user; weekday mornings,2025-07-13,Open - no offender match recorded,N/A - case unmatched,N/A - case unmatched,N/A - case unmatched,N/A - case unmatched,N/A - case unmatched
CASE-01244,OFF-00376,Shop Robbery,BNS Sec 309 (Robbery),Small retail shop,Shivamogga,Gopala Extension,Weekend nights,Late-night forced entry,Late-night forced entry; target: Small retail shop; weekend nights,2024-09-19,Linked to known offender record,46-55,M,5,Repeat,Consistent MO across all recorded cases
CASE-00740,OFF-00232,Vehicle Theft (Four-wheeler),BNS Sec 303 (Theft),Parked vehicle - street,Shivamogga,Gopala Extension,Late night (11 PM-2 AM),Tow-away theft,Tow-away theft; target: Parked vehicle - street; late night (11 pm-2 am),2024-06-05,Linked to known offender record,36-45,F,6,Repeat,Long gap then resurgence with same MO
CASE-01308,OFF-00395,Two-Wheeler Theft,BNS Sec 303 (Theft),Parked vehicle - commercial area,Uttara Kannada,Sirsi town,Late night (11 PM-2 AM),Vehicle lifted onto pickup truck,Vehicle lifted onto pickup truck; target: Parked vehicle - commercial area; late night (11 pm-2 am),2024-04-09,Linked to known offender record,46-55,M,3,Repeat,Alternates between two known methods
CASE-01500,OFF-00455,Two-Wheeler Theft,BNS Sec 303 (Theft),Parked vehicle - commercial area,Mangaluru (Dakshina Kannada),Bejai,Midday (12-3 PM),Duplicate key / lock-picking,Duplicate key / lock-picking; target: Parked vehicle - commercial area; midday (12-3 pm),2024-01-29,Linked to known offender record,46-55,M,3,Repeat,Alternates between two known methods
CASE-00170,OFF-00049,Vehicle Theft (Four-wheeler),BNS Sec 303 (Theft),Parked vehicle - street,Chitradurga,Basaveshwara Nagar,Late night (11 PM-2 AM),Tow-away theft,Tow-away theft; target: Parked vehicle - street; late night (11 pm-2 am),2023-03-31,Linked to known offender record,18-25,M,4,Repeat,Escalating frequency over last 6 months
CASE-00489,OFF-00155,Vehicle Theft (Four-wheeler),BNS Sec 303 (Theft),Parked vehicle - street,Tumakuru,Ashoknagar,Midday (12-3 PM),Relay key attack,Relay key attack; target: Parked vehicle - street; midday (12-3 pm),2025-08-06,Linked to known offender record,36-45,F,6,Repeat,Consistent MO across all recorded cases
CASE-00762,OFF-00237,Vehicle Theft (Four-wheeler),BNS Sec 303 (Theft),Parked vehicle - street,Ramanagara,Bengaluru-Mysuru Highway area,Late night (11 PM-2 AM),Tow-away theft,Tow-away theft; target: Parked vehicle - street; late night (11 pm-2 am),2024-04-24,Linked to known offender record,46-55,F,6,Repeat,Consistent MO across all recorded cases
CASE-00769,OFF-00240,Pickpocketing,BNS Sec 303 (Theft),Market crowd,Udupi,Kunjibettu,Evening rush (6-8 PM),Bag slit and remove,Bag slit and remove; target: Market crowd; evening rush (6-8 pm),2023-12-04,Linked to known offender record,26-35,F,3,Repeat,Long gap then resurgence with same MO
CASE-01291,OFF-00389,Pickpocketing,BNS Sec 303 (Theft),Bus/rail commuter,Belagavi,Camp Area,Weekday mornings,Bag slit and remove,Bag slit and remove; target: Bus/rail commuter; weekday mornings,2025-12-31,Linked to known offender record,46-55,M,3,Repeat,Escalating frequency over last 6 months
CASE-01774,UNASSIGNED,Chit Fund / Investment Fraud,BNS Sec 318 (Cheating),Small investor group,Udupi,Kunjibettu,Midday (12-3 PM),"Fake high-return scheme, cash collection","Fake high-return scheme, cash collection; target: Small investor group; midday (12-3 pm)",2023-03-15,Open - no offender match recorded,N/A - case unmatched,N/A - case unmatched,N/A - case unmatched,N/A - case unmatched,N/A - case unmatched
CASE-01238,OFF-00375,House Burglary,BNS Sec 305 (Burglary),Vacant residence,Davanagere,Shamanur Road area,Weekday mornings,Window grille cutting,Window grille cutting; target: Vacant residence; weekday mornings,2024-09-14,Linked to known offender record,26-35,F,2,Repeat,Single recorded case - insufficient pattern history
CASE-00139,OFF-00040,Pickpocketing,BNS Sec 303 (Theft),Bus/rail commuter,Kodagu,Gonikoppal town,Evening rush (6-8 PM),Bag slit and remove,Bag slit and remove; target: Bus/rail commuter; evening rush (6-8 pm),2024-03-05,Linked to known offender record,56+,F,5,Repeat,Escalating frequency over last 6 months
CASE-00909,OFF-00286,Cyber Fraud (OTP/Phishing),IT Act Sec 66C/66D,Elderly account holder,Chitradurga,Basaveshwara Nagar,Late night (11 PM-2 AM),Fake bank call requesting OTP,Fake bank call requesting OTP; target: Elderly account holder; late night (11 pm-2 am),2025-10-21,Linked to known offender record,36-45,F,5,Repeat,Single recorded case - insufficient pattern history
CASE-00429,OFF-00138,Vehicle Theft (Four-wheeler),BNS Sec 303 (Theft),Parked vehicle - street,Koppal,Gangavathi Road area,Weekend nights,Relay key attack,Relay key attack; target: Parked vehicle - street; weekend nights,2024-12-26,Linked to known offender record,46-55,F,6,Repeat,Single recorded case - insufficient pattern history
CASE-00209,OFF-00061,Cyber Fraud (OTP/Phishing),IT Act Sec 66C/66D,First-time UPI user,Bagalkot,Old Bagalkot,Weekday mornings,SMS phishing link,SMS phishing link; target: First-time UPI user; weekday mornings,2024-09-13,Linked to known offender record,26-35,F,1,First recorded instance,Consistent MO across all recorded cases
CASE-00546,OFF-00173,Chit Fund / Investment Fraud,BNS Sec 318 (Cheating),Small investor group,Bagalkot,Navanagar,Late night (11 PM-2 AM),"Fake high-return scheme, cash collection","Fake high-return scheme, cash collection; target: Small investor group; late night (11 pm-2 am)",2023-02-28,Linked to known offender record,18-25,M,3,Repeat,Escalating frequency over last 6 months
CASE-01458,OFF-00444,Counterfeit Currency,BNS Sec 178-180,Small retail shop,Tumakuru,SS Puram,Midday (12-3 PM),Bulk note circulation via shop network,Bulk note circulation via shop network; target: Small retail shop; midday (12-3 pm),2025-10-14,Linked to known offender record,26-35,F,5,Repeat,Single recorded case - insufficient pattern history
CASE-00433,OFF-00139,Vehicle Theft (Four-wheeler),BNS Sec 303 (Theft),Parked vehicle - street,Gadag,Station Road area,Weekend nights,Relay key attack,Relay key attack; target: Parked vehicle - street; weekend nights,2023-02-24,Linked to known offender record,36-45,F,2,Repeat,Consistent MO across all recorded cases
CASE-00911,OFF-00286,Cyber Fraud (OTP/Phishing),IT Act Sec 66C/66D,Elderly account holder,Kolar,Old Bus Stand area,Late night (11 PM-2 AM),Fake bank call requesting OTP,Fake bank call requesting OTP; target: Elderly account holder; late night (11 pm-2 am),2024-01-30,Linked to known offender record,36-45,F,5,Repeat,Single recorded case - insufficient pattern history
CASE-01778,UNASSIGNED,Chain Snatching,BNS Sec 304 (Snatching),Elderly pedestrian,Kolar,Ambedkar Nagar,Midday (12-3 PM),"Foot approach, distraction snatch","Foot approach, distraction snatch; target: Elderly pedestrian; midday (12-3 pm)",2024-10-13,Open - no offender match recorded,N/A - case unmatched,N/A - case unmatched,N/A - case unmatched,N/A - case unmatched,N/A - case unmatched
CASE-01703,UNASSIGNED,Pickpocketing,BNS Sec 303 (Theft),Bus/rail commuter,Davanagere,Shamanur Road area,Evening rush (6-8 PM),Crowd distraction lift,Crowd distraction lift; target: Bus/rail commuter; evening rush (6-8 pm),2024-01-13,Open - no offender match recorded,N/A - case unmatched,N/A - case unmatched,N/A - case unmatched,N/A - case unmatched,N/A - case unmatched
CASE-01890,UNASSIGNED,Pickpocketing,BNS Sec 303 (Theft),Bus/rail commuter,Bagalkot,Old Bagalkot,Midday (12-3 PM),Bag slit and remove,Bag slit and remove; target: Bus/rail commuter; midday (12-3 pm),2024-01-04,Open - no offender match recorded,N/A - case unmatched,N/A - case unmatched,N/A - case unmatched,N/A - case unmatched,N/A - case unmatched
CASE-00940,OFF-00294,Chit Fund / Investment Fraud,BNS Sec 318 (Cheating),Small investor group,Kolar,Ambedkar Nagar,Weekend nights,"Fake high-return scheme, cash collection","Fake high-return scheme, cash collection; target: Small investor group; weekend nights",2025-06-19,Linked to known offender record,56+,F,2,Repeat,Escalating frequency over last 6 months
CASE-01436,OFF-00437,Counterfeit Currency,BNS Sec 178-180,Small retail shop,Chitradurga,Old Bus Stand area,Weekend nights,Cash-for-goods swap,Cash-for-goods swap; target: Small retail shop; weekend nights,2023-07-29,Linked to known offender record,36-45,M,3,Repeat,Consistent MO across all recorded cases
CASE-01670,UNASSIGNED,ATM Tampering/Skimming,BNS Sec 318 / IT Act,ATM users - unmanned kiosk,Chitradurga,College Road area,Midday (12-3 PM),Shoulder-surfing + card swap,Shoulder-surfing + card swap; target: ATM users - unmanned kiosk; midday (12-3 pm),2023-06-06,Open - no offender match recorded,N/A - case unmatched,N/A - case unmatched,N/A - case unmatched,N/A - case unmatched,N/A - case unmatched
CASE-00029,OFF-00010,Pickpocketing,BNS Sec 303 (Theft),Market crowd,Hassan,Race Course Road area,Late night (11 PM-2 AM),Crowd distraction lift,Crowd distraction lift; target: Market crowd; late night (11 pm-2 am),2025-03-22,Linked to known offender record,46-55,F,4,Repeat,Single recorded case - insufficient pattern history
CASE-00947,OFF-00296,Counterfeit Currency,BNS Sec 178-180,Currency exchange,Kodagu,Madikeri town,Weekend nights,Bulk note circulation via shop network,Bulk note circulation via shop network; target: Currency exchange; weekend nights,2025-04-23,Linked to known offender record,26-35,M,6,Repeat,Consistent MO across all recorded cases
CASE-01856,UNASSIGNED,Cyber Fraud (OTP/Phishing),IT Act Sec 66C/66D,First-time UPI user,Yadgir,Bus Stand area,Early morning (4-7 AM),SMS phishing link,SMS phishing link; target: First-time UPI user; early morning (4-7 am),2024-01-07,Open - no offender match recorded,N/A - case unmatched,N/A - case unmatched,N/A - case unmatched,N/A - case unmatched,N/A - case unmatched
CASE-01684,UNASSIGNED,Counterfeit Currency,BNS Sec 178-180,Small retail shop,Mandya,Vidyanagar,Weekend nights,Bulk note circulation via shop network,Bulk note circulation via shop network; target: Small retail shop; weekend nights,2025-07-02,Open - no offender match recorded,N/A - case unmatched,N/A - case unmatched,N/A - case unmatched,N/A - case unmatched,N/A - case unmatched
CASE-01805,UNASSIGNED,Chit Fund / Investment Fraud,BNS Sec 318 (Cheating),Small investor group,Vijayapura,Athani Road area,Late night (11 PM-2 AM),"Fake high-return scheme, cash collection","Fake high-return scheme, cash collection; target: Small investor group; late night (11 pm-2 am)",2025-05-09,Open - no offender match recorded,N/A - case unmatched,N/A - case unmatched,N/A - case unmatched,N/A - case unmatched,N/A - case unmatched
CASE-00234,OFF-00069,Cyber Fraud (OTP/Phishing),IT Act Sec 66C/66D,Elderly account holder,Ramanagara,Town Centre,Midday (12-3 PM),Fake bank call requesting OTP,Fake bank call requesting OTP; target: Elderly account holder; midday (12-3 pm),2025-01-12,Linked to known offender record,18-25,F,4,Repeat,Alternates between two known methods
CASE-01016,OFF-00313,Vehicle Theft (Four-wheeler),BNS Sec 303 (Theft),Parked vehicle - street,Bengaluru Rural,Devanahalli town,Early morning (4-7 AM),Tow-away theft,Tow-away theft; target: Parked vehicle - street; early morning (4-7 am),2024-05-15,Linked to known offender record,36-45,F,3,Repeat,Escalating frequency over last 6 months
CASE-01912,UNASSIGNED,Vehicle Theft (Four-wheeler),BNS Sec 303 (Theft),Parked vehicle - street,Ballari,Gandhinagar,Early morning (4-7 AM),Tow-away theft,Tow-away theft; target: Parked vehicle - street; early morning (4-7 am),2023-02-09,Open - no offender match recorded,N/A - case unmatched,N/A - case unmatched,N/A - case unmatched,N/A - case unmatched,N/A - case unmatched
CASE-00014,OFF-00007,Vehicle Theft (Four-wheeler),BNS Sec 303 (Theft),Parked vehicle - street,Udupi,Kunjibettu,Weekday mornings,Tow-away theft,Tow-away theft; target: Parked vehicle - street; weekday mornings,2025-04-24,Linked to known offender record,26-35,M,3,Repeat,Long gap then resurgence with same MO
CASE-00920,OFF-00289,House Burglary,BNS Sec 305 (Burglary),Ground-floor apartment,Gadag,Betageri,Weekday mornings,Window grille cutting,Window grille cutting; target: Ground-floor apartment; weekday mornings,2023-04-09,Linked to known offender record,26-35,M,6,Repeat,Alternates between two known methods
CASE-01616,UNASSIGNED,ATM Tampering/Skimming,BNS Sec 318 / IT Act,ATM users - unmanned kiosk,Kolar,Old Bus Stand area,Weekend nights,Shoulder-surfing + card swap,Shoulder-surfing + card swap; target: ATM users - unmanned kiosk; weekend nights,2025-08-01,Open - no offender match recorded,N/A - case unmatched,N/A - case unmatched,N/A - case unmatched,N/A - case unmatched,N/A - case unmatched
CASE-01110,OFF-00337,Pickpocketing,BNS Sec 303 (Theft),Market crowd,Kodagu,Madikeri town,Weekday mornings,Crowd distraction lift,Crowd distraction lift; target: Market crowd; weekday mornings,2023-11-13,Linked to known offender record,36-45,M,3,Repeat,Alternates between two known methods
CASE-00725,OFF-00229,Shop Robbery,BNS Sec 309 (Robbery),Small retail shop,Haveri,Old Town,Midday (12-3 PM),Late-night forced entry,Late-night forced entry; target: Small retail shop; midday (12-3 pm),2025-11-15,Linked to known offender record,46-55,M,6,Repeat,Long gap then resurgence with same MO
CASE-00802,OFF-00249,Cyber Fraud (OTP/Phishing),IT Act Sec 66C/66D,Elderly account holder,Mangaluru (Dakshina Kannada),Bejai,Midday (12-3 PM),SMS phishing link,SMS phishing link; target: Elderly account holder; midday (12-3 pm),2024-12-10,Linked to known offender record,26-35,F,5,Repeat,Single recorded case - insufficient pattern history
CASE-01857,UNASSIGNED,Chain Snatching,BNS Sec 304 (Snatching),Elderly pedestrian,Bengaluru Rural,Doddaballapur town,Weekend nights,"Foot approach, distraction snatch","Foot approach, distraction snatch; target: Elderly pedestrian; weekend nights",2024-12-06,Open - no offender match recorded,N/A - case unmatched,N/A - case unmatched,N/A - case unmatched,N/A - case unmatched,N/A - case unmatched
CASE-01431,OFF-00436,Chain Snatching,BNS Sec 304 (Snatching),Lone woman pedestrian,Vijayapura,Station Area,Weekend nights,"Foot approach, distraction snatch","Foot approach, distraction snatch; target: Lone woman pedestrian; weekend nights",2025-07-04,Linked to known offender record,18-25,M,4,Repeat,Single recorded case - insufficient pattern history
CASE-01998,UNASSIGNED,Pickpocketing,BNS Sec 303 (Theft),Bus/rail commuter,Bidar,Old City area,Weekday mornings,Bag slit and remove,Bag slit and remove; target: Bus/rail commuter; weekday mornings,2025-12-02,Open - no offender match recorded,N/A - case unmatched,N/A - case unmatched,N/A - case unmatched,N/A - case unmatched,N/A - case unmatched
CASE-01550,UNASSIGNED,Vehicle Theft (Four-wheeler),BNS Sec 303 (Theft),Parked vehicle - street,Ramanagara,Town Centre,Late night (11 PM-2 AM),Tow-away theft,Tow-away theft; target: Parked vehicle - street; late night (11 pm-2 am),2025-12-29,Open - no offender match recorded,N/A - case unmatched,N/A - case unmatched,N/A - case unmatched,N/A - case unmatched,N/A - case unmatched
CASE-01878,UNASSIGNED,Shop Robbery,BNS Sec 309 (Robbery),Small retail shop,Raichur,Old Town,Midday (12-3 PM),"Armed threat, cash till","Armed threat, cash till; target: Small retail shop; midday (12-3 pm)",2024-10-16,Open - no offender match recorded,N/A - case unmatched,N/A - case unmatched,N/A - case unmatched,N/A - case unmatched,N/A - case unmatched
CASE-00396,OFF-00128,Chain Snatching,BNS Sec 304 (Snatching),Elderly pedestrian,Koppal,Old Town,Evening rush (6-8 PM),Two-wheeler drive-by snatch,Two-wheeler drive-by snatch; target: Elderly pedestrian; evening rush (6-8 pm),2024-06-28,Linked to known offender record,46-55,M,4,Repeat,Consistent MO across all recorded cases
CASE-01924,UNASSIGNED,ATM Tampering/Skimming,BNS Sec 318 / IT Act,ATM users - unmanned kiosk,Bagalkot,Navanagar,Weekend nights,Shoulder-surfing + card swap,Shoulder-surfing + card swap; target: ATM users - unmanned kiosk; weekend nights,2025-02-05,Open - no offender match recorded,N/A - case unmatched,N/A - case unmatched,N/A - case unmatched,N/A - case unmatched,N/A - case unmatched
CASE-00681,OFF-00215,Vehicle Theft (Four-wheeler),BNS Sec 303 (Theft),Parked vehicle - street,Hassan,Race Course Road area,Midday (12-3 PM),Relay key attack,Relay key attack; target: Parked vehicle - street; midday (12-3 pm),2025-12-27,Linked to known offender record,36-45,M,6,Repeat,Alternates between two known methods
CASE-01067,OFF-00327,ATM Tampering/Skimming,BNS Sec 318 / IT Act,ATM users - unmanned kiosk,Uttara Kannada,Kumta town,Late night (11 PM-2 AM),Skimmer device installation,Skimmer device installation; target: ATM users - unmanned kiosk; late night (11 pm-2 am),2025-02-20,Linked to known offender record,26-35,F,6,Repeat,Single recorded case - insufficient pattern history
CASE-00011,OFF-00006,Chain Snatching,BNS Sec 304 (Snatching),Lone woman pedestrian,Vijayapura,Athani Road area,Weekday mornings,"Foot approach, distraction snatch","Foot approach, distraction snatch; target: Lone woman pedestrian; weekday mornings",2023-12-16,Linked to known offender record,26-35,M,4,Repeat,Escalating frequency over last 6 months
CASE-00696,OFF-00218,ATM Tampering/Skimming,BNS Sec 318 / IT Act,ATM users - unmanned kiosk,Bidar,New Bidar,Early morning (4-7 AM),Shoulder-surfing + card swap,Shoulder-surfing + card swap; target: ATM users - unmanned kiosk; early morning (4-7 am),2024-09-28,Linked to known offender record,26-35,F,5,Repeat,Consistent MO across all recorded cases
CASE-00402,OFF-00130,Chain Snatching,BNS Sec 304 (Snatching),Elderly pedestrian,Tumakuru,Kunigal Road area,Weekday mornings,"Foot approach, distraction snatch","Foot approach, distraction snatch; target: Elderly pedestrian; weekday mornings",2025-01-09,Linked to known offender record,56+,M,4,Repeat,Alternates between two known methods
CASE-01363,OFF-00415,Two-Wheeler Theft,BNS Sec 303 (Theft),Parked vehicle - commercial area,Koppal,Gangavathi Road area,Weekday mornings,Duplicate key / lock-picking,Duplicate key / lock-picking; target: Parked vehicle - commercial area; weekday mornings,2025-06-08,Linked to known offender record,36-45,M,4,Repeat,Single recorded case - insufficient pattern history
CASE-01169,OFF-00354,Counterfeit Currency,BNS Sec 178-180,Currency exchange,Koppal,Gangavathi Road area,Midday (12-3 PM),Bulk note circulation via shop network,Bulk note circulation via shop network; target: Currency exchange; midday (12-3 pm),2024-01-20,Linked to known offender record,26-35,F,3,Repeat,Escalating frequency over last 6 months
CASE-01793,UNASSIGNED,Two-Wheeler Theft,BNS Sec 303 (Theft),Parked vehicle - residential,Kalaburagi,Sedam Road area,Weekday mornings,Duplicate key / lock-picking,Duplicate key / lock-picking; target: Parked vehicle - residential; weekday mornings,2023-12-20,Open - no offender match recorded,N/A - case unmatched,N/A - case unmatched,N/A - case unmatched,N/A - case unmatched,N/A - case unmatched
CASE-00787,OFF-00245,Counterfeit Currency,BNS Sec 178-180,Small retail shop,Chitradurga,Old Bus Stand area,Weekend nights,Bulk note circulation via shop network,Bulk note circulation via shop network; target: Small retail shop; weekend nights,2025-08-18,Linked to known offender record,56+,F,3,Repeat,Single recorded case - insufficient pattern history
CASE-00671,OFF-00212,Vehicle Theft (Four-wheeler),BNS Sec 303 (Theft),Parked vehicle - street,Kalaburagi,Sedam Road area,Late night (11 PM-2 AM),Relay key attack,Relay key attack; target: Parked vehicle - street; late night (11 pm-2 am),2024-10-26,Linked to known offender record,36-45,M,2,Repeat,Escalating frequency over last 6 months
CASE-01307,OFF-00394,Two-Wheeler Theft,BNS Sec 303 (Theft),Parked vehicle - commercial area,Uttara Kannada,Karwar town,Midday (12-3 PM),Vehicle lifted onto pickup truck,Vehicle lifted onto pickup truck; target: Parked vehicle - commercial area; midday (12-3 pm),2024-07-16,Linked to known offender record,26-35,M,1,First recorded instance,Single recorded case - insufficient pattern history
CASE-01840,UNASSIGNED,ATM Tampering/Skimming,BNS Sec 318 / IT Act,ATM users - unmanned kiosk,Hubballi-Dharwad,Old Hubballi,Weekend nights,Shoulder-surfing + card swap,Shoulder-surfing + card swap; target: ATM users - unmanned kiosk; weekend nights,2023-04-23,Open - no offender match recorded,N/A - case unmatched,N/A - case unmatched,N/A - case unmatched,N/A - case unmatched,N/A - case unmatched
CASE-00160,OFF-00047,House Burglary,BNS Sec 305 (Burglary),Vacant residence,Haveri,Old Town,Weekday mornings,Impersonation as utility worker,Impersonation as utility worker; target: Vacant residence; weekday mornings,2025-01-19,Linked to known offender record,18-25,F,6,Repeat,Escalating frequency over last 6 months
CASE-00722,OFF-00228,Cyber Fraud (OTP/Phishing),IT Act Sec 66C/66D,First-time UPI user,Ballari,Cowl Bazaar,Late night (11 PM-2 AM),Fake bank call requesting OTP,Fake bank call requesting OTP; target: First-time UPI user; late night (11 pm-2 am),2023-09-26,Linked to known offender record,26-35,F,1,First recorded instance,Long gap then resurgence with same MO
CASE-00894,OFF-00282,Two-Wheeler Theft,BNS Sec 303 (Theft),Parked vehicle - residential,Raichur,Ashok Nagar,Early morning (4-7 AM),Vehicle lifted onto pickup truck,Vehicle lifted onto pickup truck; target: Parked vehicle - residential; early morning (4-7 am),2023-08-22,Linked to known offender record,56+,M,4,Repeat,Single recorded case - insufficient pattern history
CASE-01679,UNASSIGNED,Shop Robbery,BNS Sec 309 (Robbery),Small retail shop,Mangaluru (Dakshina Kannada),Kadri,Weekday mornings,"Armed threat, cash till","Armed threat, cash till; target: Small retail shop; weekday mornings",2024-01-17,Open - no offender match recorded,N/A - case unmatched,N/A - case unmatched,N/A - case unmatched,N/A - case unmatched,N/A - case unmatched
CASE-00101,OFF-00029,House Burglary,BNS Sec 305 (Burglary),Vacant residence,Udupi,Kunjibettu,Early morning (4-7 AM),"Lock-breaking, rear entry","Lock-breaking, rear entry; target: Vacant residence; early morning (4-7 am)",2024-03-08,Linked to known offender record,46-55,F,4,Repeat,Escalating frequency over last 6 months
CASE-00595,OFF-00186,Cyber Fraud (OTP/Phishing),IT Act Sec 66C/66D,Elderly account holder,Bidar,New Bidar,Evening rush (6-8 PM),Fake bank call requesting OTP,Fake bank call requesting OTP; target: Elderly account holder; evening rush (6-8 pm),2025-02-17,Linked to known offender record,36-45,M,5,Repeat,Long gap then resurgence with same MO
CASE-00566,OFF-00178,Two-Wheeler Theft,BNS Sec 303 (Theft),Parked vehicle - residential,Mandya,Vidyanagar,Weekend nights,Vehicle lifted onto pickup truck,Vehicle lifted onto pickup truck; target: Parked vehicle - residential; weekend nights,2024-02-10,Linked to known offender record,26-35,F,4,Repeat,Consistent MO across all recorded cases
CASE-01593,UNASSIGNED,Two-Wheeler Theft,BNS Sec 303 (Theft),Parked vehicle - residential,Mysuru,Jayalakshmipuram,Evening rush (6-8 PM),Vehicle lifted onto pickup truck,Vehicle lifted onto pickup truck; target: Parked vehicle - residential; evening rush (6-8 pm),2025-07-20,Open - no offender match recorded,N/A - case unmatched,N/A - case unmatched,N/A - case unmatched,N/A - case unmatched,N/A - case unmatched
CASE-00341,OFF-00108,Cyber Fraud (OTP/Phishing),IT Act Sec 66C/66D,First-time UPI user,Mandya,Vidyanagar,Evening rush (6-8 PM),SMS phishing link,SMS phishing link; target: First-time UPI user; evening rush (6-8 pm),2025-09-18,Linked to known offender record,26-35,F,2,Repeat,Alternates between two known methods
CASE-00405,OFF-00131,Shop Robbery,BNS Sec 309 (Robbery),Jewellery shop,Mangaluru (Dakshina Kannada),Hampankatta,Midday (12-3 PM),Late-night forced entry,Late-night forced entry; target: Jewellery shop; midday (12-3 pm),2024-10-14,Linked to known offender record,36-45,F,4,Repeat,Long gap then resurgence with same MO
CASE-01076,OFF-00328,Chain Snatching,BNS Sec 304 (Snatching),Lone woman pedestrian,Hassan,Vidyanagar,Weekday mornings,"Foot approach, distraction snatch","Foot approach, distraction snatch; target: Lone woman pedestrian; weekday mornings",2024-02-13,Linked to known offender record,26-35,F,5,Repeat,Single recorded case - insufficient pattern history
CASE-00530,OFF-00166,House Burglary,BNS Sec 305 (Burglary),Vacant residence,Hubballi-Dharwad,Keshwapur,Early morning (4-7 AM),"Lock-breaking, rear entry","Lock-breaking, rear entry; target: Vacant residence; early morning (4-7 am)",2024-02-14,Linked to known offender record,56+,M,4,Repeat,Long gap then resurgence with same MO
CASE-00493,OFF-00156,Pickpocketing,BNS Sec 303 (Theft),Bus/rail commuter,Tumakuru,Kunigal Road area,Weekend nights,Crowd distraction lift,Crowd distraction lift; target: Bus/rail commuter; weekend nights,2024-06-16,Linked to known offender record,18-25,M,3,Repeat,Escalating frequency over last 6 months
CASE-01376,OFF-00420,Pickpocketing,BNS Sec 303 (Theft),Bus/rail commuter,Chikkaballapur,MG Road area,Evening rush (6-8 PM),Bag slit and remove,Bag slit and remove; target: Bus/rail commuter; evening rush (6-8 pm),2024-01-03,Linked to known offender record,18-25,M,4,Repeat,Escalating frequency over last 6 months
CASE-01899,UNASSIGNED,Shop Robbery,BNS Sec 309 (Robbery),Jewellery shop,Davanagere,PJ Extension,Early morning (4-7 AM),"Armed threat, cash till","Armed threat, cash till; target: Jewellery shop; early morning (4-7 am)",2023-01-12,Open - no offender match recorded,N/A - case unmatched,N/A - case unmatched,N/A - case unmatched,N/A - case unmatched,N/A - case unmatched
CASE-01070,OFF-00327,ATM Tampering/Skimming,BNS Sec 318 / IT Act,ATM users - unmanned kiosk,Ballari,Gandhinagar,Late night (11 PM-2 AM),Skimmer device installation,Skimmer device installation; target: ATM users - unmanned kiosk; late night (11 pm-2 am),2024-02-01,Linked to known offender record,26-35,F,6,Repeat,Single recorded case - insufficient pattern history
CASE-00699,OFF-00220,Pickpocketing,BNS Sec 303 (Theft),Market crowd,Bengaluru Rural,Doddaballapur town,Weekday mornings,Bag slit and remove,Bag slit and remove; target: Market crowd; weekday mornings,2024-08-03,Linked to known offender record,56+,M,4,Repeat,Escalating frequency over last 6 months
CASE-01330,OFF-00401,ATM Tampering/Skimming,BNS Sec 318 / IT Act,ATM users - unmanned kiosk,Hassan,Race Course Road area,Weekday mornings,Shoulder-surfing + card swap,Shoulder-surfing + card swap; target: ATM users - unmanned kiosk; weekday mornings,2025-01-02,Linked to known offender record,18-25,F,3,Repeat,Alternates between two known methods
CASE-00275,OFF-00084,Cyber Fraud (OTP/Phishing),IT Act Sec 66C/66D,First-time UPI user,Raichur,Ashok Nagar,Late night (11 PM-2 AM),Fake bank call requesting OTP,Fake bank call requesting OTP; target: First-time UPI user; late night (11 pm-2 am),2023-02-16,Linked to known offender record,36-45,F,5,Repeat,Escalating frequency over last 6 months
CASE-00119,OFF-00034,ATM Tampering/Skimming,BNS Sec 318 / IT Act,ATM users - unmanned kiosk,Chikkaballapur,Bus Stand area,Weekday mornings,Skimmer device installation,Skimmer device installation; target: ATM users - unmanned kiosk; weekday mornings,2024-03-10,Linked to known offender record,18-25,M,3,Repeat,Alternates between two known methods
CASE-01737,UNASSIGNED,Vehicle Theft (Four-wheeler),BNS Sec 303 (Theft),Parked vehicle - street,Chamarajanagar,Kollegal Road area,Midday (12-3 PM),Relay key attack,Relay key attack; target: Parked vehicle - street; midday (12-3 pm),2025-12-19,Open - no offender match recorded,N/A - case unmatched,N/A - case unmatched,N/A - case unmatched,N/A - case unmatched,N/A - case unmatched
CASE-00559,OFF-00176,Chit Fund / Investment Fraud,BNS Sec 318 (Cheating),Small investor group,Kolar,Ambedkar Nagar,Weekend nights,"Fake high-return scheme, cash collection","Fake high-return scheme, cash collection; target: Small investor group; weekend nights",2023-05-01,Linked to known offender record,26-35,M,6,Repeat,Long gap then resurgence with same MO
CASE-01745,UNASSIGNED,Chit Fund / Investment Fraud,BNS Sec 318 (Cheating),Small investor group,Yadgir,Bus Stand area,Midday (12-3 PM),"Fake high-return scheme, cash collection","Fake high-return scheme, cash collection; target: Small investor group; midday (12-3 pm)",2024-03-21,Open - no offender match recorded,N/A - case unmatched,N/A - case unmatched,N/A - case unmatched,N/A - case unmatched,N/A - case unmatched
CASE-00382,OFF-00122,House Burglary,BNS Sec 305 (Burglary),Ground-floor apartment,Chitradurga,Basaveshwara Nagar,Early morning (4-7 AM),"Lock-breaking, rear entry","Lock-breaking, rear entry; target: Ground-floor apartment; early morning (4-7 am)",2025-06-14,Linked to known offender record,36-45,M,3,Repeat,Long gap then resurgence with same MO
CASE-01111,OFF-00337,Pickpocketing,BNS Sec 303 (Theft),Bus/rail commuter,Kodagu,Gonikoppal town,Weekday mornings,Bag slit and remove,Bag slit and remove; target: Bus/rail commuter; weekday mornings,2025-09-29,Linked to known offender record,36-45,M,3,Repeat,Alternates between two known methods
CASE-01315,OFF-00397,House Burglary,BNS Sec 305 (Burglary),Vacant residence,Vijayapura,Station Area,Evening rush (6-8 PM),Window grille cutting,Window grille cutting; target: Vacant residence; evening rush (6-8 pm),2024-08-06,Linked to known offender record,36-45,M,4,Repeat,Escalating frequency over last 6 months
CASE-01801,UNASSIGNED,ATM Tampering/Skimming,BNS Sec 318 / IT Act,ATM users - unmanned kiosk,Chitradurga,Basaveshwara Nagar,Late night (11 PM-2 AM),Skimmer device installation,Skimmer device installation; target: ATM users - unmanned kiosk; late night (11 pm-2 am),2024-09-15,Open - no offender match recorded,N/A - case unmatched,N/A - case unmatched,N/A - case unmatched,N/A - case unmatched,N/A - case unmatched
CASE-00813,OFF-00255,Vehicle Theft (Four-wheeler),BNS Sec 303 (Theft),Parked vehicle - street,Hubballi-Dharwad,Vidyanagar,Late night (11 PM-2 AM),Relay key attack,Relay key attack; target: Parked vehicle - street; late night (11 pm-2 am),2024-10-08,Linked to known offender record,56+,F,6,Repeat,Escalating frequency over last 6 months
CASE-01568,UNASSIGNED,Cyber Fraud (OTP/Phishing),IT Act Sec 66C/66D,Elderly account holder,Chitradurga,College Road area,Evening rush (6-8 PM),SMS phishing link,SMS phishing link; target: Elderly account holder; evening rush (6-8 pm),2024-07-11,Open - no offender match recorded,N/A - case unmatched,N/A - case unmatched,N/A - case unmatched,N/A - case unmatched,N/A - case unmatched
CASE-01699,UNASSIGNED,House Burglary,BNS Sec 305 (Burglary),Ground-floor apartment,Shivamogga,Gopala Extension,Midday (12-3 PM),"Lock-breaking, rear entry","Lock-breaking, rear entry; target: Ground-floor apartment; midday (12-3 pm)",2024-04-20,Open - no offender match recorded,N/A - case unmatched,N/A - case unmatched,N/A - case unmatched,N/A - case unmatched,N/A - case unmatched
CASE-01592,UNASSIGNED,Shop Robbery,BNS Sec 309 (Robbery),Jewellery shop,Chitradurga,Old Bus Stand area,Midday (12-3 PM),"Armed threat, cash till","Armed threat, cash till; target: Jewellery shop; midday (12-3 pm)",2025-02-01,Open - no offender match recorded,N/A - case unmatched,N/A - case unmatched,N/A - case unmatched,N/A - case unmatched,N/A - case unmatched
CASE-00410,OFF-00132,Cyber Fraud (OTP/Phishing),IT Act Sec 66C/66D,Elderly account holder,Kolar,Bangarpet Road area,Weekday mornings,SMS phishing link,SMS phishing link; target: Elderly account holder; weekday mornings,2023-04-29,Linked to known offender record,36-45,F,4,Repeat,Alternates between two known methods
CASE-01289,OFF-00389,Pickpocketing,BNS Sec 303 (Theft),Market crowd,Belagavi,Shahapur,Weekday mornings,Crowd distraction lift,Crowd distraction lift; target: Market crowd; weekday mornings,2025-03-09,Linked to known offender record,46-55,M,3,Repeat,Escalating frequency over last 6 months
CASE-00973,OFF-00302,Shop Robbery,BNS Sec 309 (Robbery),Jewellery shop,Kolar,Ambedkar Nagar,Weekday mornings,"Armed threat, cash till","Armed threat, cash till; target: Jewellery shop; weekday mornings",2025-03-20,Linked to known offender record,18-25,F,5,Repeat,Escalating frequency over last 6 months
CASE-01797,UNASSIGNED,Vehicle Theft (Four-wheeler),BNS Sec 303 (Theft),Parked vehicle - street,Udupi,Manipal,Early morning (4-7 AM),Relay key attack,Relay key attack; target: Parked vehicle - street; early morning (4-7 am),2025-08-09,Open - no offender match recorded,N/A - case unmatched,N/A - case unmatched,N/A - case unmatched,N/A - case unmatched,N/A - case unmatched
CASE-01850,UNASSIGNED,Two-Wheeler Theft,BNS Sec 303 (Theft),Parked vehicle - commercial area,Davanagere,Vinoba Nagar,Midday (12-3 PM),Vehicle lifted onto pickup truck,Vehicle lifted onto pickup truck; target: Parked vehicle - commercial area; midday (12-3 pm),2024-01-25,Open - no offender match recorded,N/A - case unmatched,N/A - case unmatched,N/A - case unmatched,N/A - case unmatched,N/A - case unmatched
CASE-01730,UNASSIGNED,House Burglary,BNS Sec 305 (Burglary),Ground-floor apartment,Mandya,Vidyanagar,Early morning (4-7 AM),Window grille cutting,Window grille cutting; target: Ground-floor apartment; early morning (4-7 am),2025-10-19,Open - no offender match recorded,N/A - case unmatched,N/A - case unmatched,N/A - case unmatched,N/A - case unmatched,N/A - case unmatched
CASE-00079,OFF-00022,Two-Wheeler Theft,BNS Sec 303 (Theft),Parked vehicle - residential,Uttara Kannada,Karwar town,Weekend nights,Duplicate key / lock-picking,Duplicate key / lock-picking; target: Parked vehicle - residential; weekend nights,2025-04-01,Linked to known offender record,46-55,F,1,First recorded instance,Long gap then resurgence with same MO
CASE-00828,OFF-00258,Counterfeit Currency,BNS Sec 178-180,Currency exchange,Yadgir,Station Road area,Early morning (4-7 AM),Bulk note circulation via shop network,Bulk note circulation via shop network; target: Currency exchange; early morning (4-7 am),2024-10-02,Linked to known offender record,26-35,F,3,Repeat,Single recorded case - insufficient pattern history
CASE-01373,OFF-00419,Chain Snatching,BNS Sec 304 (Snatching),Lone woman pedestrian,Koppal,Gangavathi Road area,Late night (11 PM-2 AM),"Foot approach, distraction snatch","Foot approach, distraction snatch; target: Lone woman pedestrian; late night (11 pm-2 am)",2024-02-24,Linked to known offender record,36-45,M,5,Repeat,Alternates between two known methods
CASE-01859,UNASSIGNED,Counterfeit Currency,BNS Sec 178-180,Currency exchange,Koppal,Gangavathi Road area,Late night (11 PM-2 AM),Cash-for-goods swap,Cash-for-goods swap; target: Currency exchange; late night (11 pm-2 am),2023-11-28,Open - no offender match recorded,N/A - case unmatched,N/A - case unmatched,N/A - case unmatched,N/A - case unmatched,N/A - case unmatched
CASE-01504,UNASSIGNED,Chain Snatching,BNS Sec 304 (Snatching),Elderly pedestrian,Mysuru,Vijayanagar,Evening rush (6-8 PM),Two-wheeler drive-by snatch,Two-wheeler drive-by snatch; target: Elderly pedestrian; evening rush (6-8 pm),2024-03-14,Open - no offender match recorded,N/A - case unmatched,N/A - case unmatched,N/A - case unmatched,N/A - case unmatched,N/A - case unmatched
CASE-00416,OFF-00134,Pickpocketing,BNS Sec 303 (Theft),Market crowd,Chitradurga,Old Bus Stand area,Weekend nights,Bag slit and remove,Bag slit and remove; target: Market crowd; weekend nights,2024-04-23,Linked to known offender record,26-35,F,4,Repeat,Long gap then resurgence with same MO
CASE-00032,OFF-00011,Shop Robbery,BNS Sec 309 (Robbery),Small retail shop,Haveri,Bypass Road area,Weekday mornings,Late-night forced entry,Late-night forced entry; target: Small retail shop; weekday mornings,2024-07-25,Linked to known offender record,36-45,M,4,Repeat,Escalating frequency over last 6 months
CASE-00112,OFF-00032,House Burglary,BNS Sec 305 (Burglary),Ground-floor apartment,Kolar,Ambedkar Nagar,Evening rush (6-8 PM),"Lock-breaking, rear entry","Lock-breaking, rear entry; target: Ground-floor apartment; evening rush (6-8 pm)",2023-05-31,Linked to known offender record,36-45,M,5,Repeat,Escalating frequency over last 6 months
CASE-01132,OFF-00344,Two-Wheeler Theft,BNS Sec 303 (Theft),Parked vehicle - residential,Chikkaballapur,MG Road area,Weekend nights,Duplicate key / lock-picking,Duplicate key / lock-picking; target: Parked vehicle - residential; weekend nights,2025-06-03,Linked to known offender record,18-25,M,6,Repeat,Consistent MO across all recorded cases
CASE-01661,UNASSIGNED,Pickpocketing,BNS Sec 303 (Theft),Market crowd,Koppal,Old Town,Weekend nights,Crowd distraction lift,Crowd distraction lift; target: Market crowd; weekend nights,2023-08-08,Open - no offender match recorded,N/A - case unmatched,N/A - case unmatched,N/A - case unmatched,N/A - case unmatched,N/A - case unmatched
CASE-00354,OFF-00113,Pickpocketing,BNS Sec 303 (Theft),Bus/rail commuter,Mysuru,Saraswathipuram,Evening rush (6-8 PM),Crowd distraction lift,Crowd distraction lift; target: Bus/rail commuter; evening rush (6-8 pm),2025-08-24,Linked to known offender record,36-45,F,3,Repeat,Alternates between two known methods
CASE-01039,OFF-00320,Two-Wheeler Theft,BNS Sec 303 (Theft),Parked vehicle - commercial area,Gadag,Betageri,Early morning (4-7 AM),Vehicle lifted onto pickup truck,Vehicle lifted onto pickup truck; target: Parked vehicle - commercial area; early morning (4-7 am),2023-11-23,Linked to known offender record,26-35,M,5,Repeat,Alternates between two known methods
CASE-00998,OFF-00309,ATM Tampering/Skimming,BNS Sec 318 / IT Act,ATM users - unmanned kiosk,Kalaburagi,Station Road area,Late night (11 PM-2 AM),Skimmer device installation,Skimmer device installation; target: ATM users - unmanned kiosk; late night (11 pm-2 am),2025-01-11,Linked to known offender record,26-35,M,4,Repeat,Consistent MO across all recorded cases
CASE-01479,OFF-00450,Chain Snatching,BNS Sec 304 (Snatching),Elderly pedestrian,Kolar,Old Bus Stand area,Late night (11 PM-2 AM),Two-wheeler drive-by snatch,Two-wheeler drive-by snatch; target: Elderly pedestrian; late night (11 pm-2 am),2024-02-06,Linked to known offender record,18-25,M,3,Repeat,Consistent MO across all recorded cases
CASE-01422,OFF-00433,Vehicle Theft (Four-wheeler),BNS Sec 303 (Theft),Parked vehicle - street,Belagavi,Vadgaon,Evening rush (6-8 PM),Tow-away theft,Tow-away theft; target: Parked vehicle - street; evening rush (6-8 pm),2025-06-01,Linked to known offender record,18-25,F,2,Repeat,Single recorded case - insufficient pattern history
CASE-00728,OFF-00229,Shop Robbery,BNS Sec 309 (Robbery),Small retail shop,Haveri,Old Town,Midday (12-3 PM),Late-night forced entry,Late-night forced entry; target: Small retail shop; midday (12-3 pm),2023-02-03,Linked to known offender record,46-55,M,6,Repeat,Long gap then resurgence with same MO
CASE-01135,OFF-00344,Two-Wheeler Theft,BNS Sec 303 (Theft),Parked vehicle - residential,Yadgir,Station Road area,Weekend nights,Duplicate key / lock-picking,Duplicate key / lock-picking; target: Parked vehicle - residential; weekend nights,2023-05-18,Linked to known offender record,18-25,M,6,Repeat,Consistent MO across all recorded cases
CASE-01387,OFF-00423,Cyber Fraud (OTP/Phishing),IT Act Sec 66C/66D,First-time UPI user,Bagalkot,Navanagar,Weekday mornings,Fake bank call requesting OTP,Fake bank call requesting OTP; target: First-time UPI user; weekday mornings,2024-01-14,Linked to known offender record,36-45,M,6,Repeat,Single recorded case - insufficient pattern history
CASE-01080,OFF-00329,Chit Fund / Investment Fraud,BNS Sec 318 (Cheating),Small investor group,Chikkamagaluru,MG Road area,Weekday mornings,"Fake high-return scheme, cash collection","Fake high-return scheme, cash collection; target: Small investor group; weekday mornings",2024-01-02,Linked to known offender record,46-55,F,4,Repeat,Alternates between two known methods
CASE-01729,UNASSIGNED,Pickpocketing,BNS Sec 303 (Theft),Bus/rail commuter,Vijayapura,Jubilee Circle area,Midday (12-3 PM),Bag slit and remove,Bag slit and remove; target: Bus/rail commuter; midday (12-3 pm),2023-11-27,Open - no offender match recorded,N/A - case unmatched,N/A - case unmatched,N/A - case unmatched,N/A - case unmatched,N/A - case unmatched
CASE-01063,OFF-00326,Chain Snatching,BNS Sec 304 (Snatching),Elderly pedestrian,Chitradurga,College Road area,Weekday mornings,"Foot approach, distraction snatch","Foot approach, distraction snatch; target: Elderly pedestrian; weekday mornings",2025-09-24,Linked to known offender record,46-55,F,5,Repeat,Escalating frequency over last 6 months
CASE-01180,OFF-00357,Chain Snatching,BNS Sec 304 (Snatching),Lone woman pedestrian,Kolar,Old Bus Stand area,Early morning (4-7 AM),"Foot approach, distraction snatch","Foot approach, distraction snatch; target: Lone woman pedestrian; early morning (4-7 am)",2024-03-14,Linked to known offender record,18-25,M,6,Repeat,Single recorded case - insufficient pattern history
CASE-01920,UNASSIGNED,Shop Robbery,BNS Sec 309 (Robbery),Jewellery shop,Bengaluru Rural,Doddaballapur town,Evening rush (6-8 PM),"Armed threat, cash till","Armed threat, cash till; target: Jewellery shop; evening rush (6-8 pm)",2024-04-18,Open - no offender match recorded,N/A - case unmatched,N/A - case unmatched,N/A - case unmatched,N/A - case unmatched,N/A - case unmatched
CASE-00682,OFF-00215,Vehicle Theft (Four-wheeler),BNS Sec 303 (Theft),Parked vehicle - street,Yadgir,Bus Stand area,Late night (11 PM-2 AM),Tow-away theft,Tow-away theft; target: Parked vehicle - street; late night (11 pm-2 am),2025-02-17,Linked to known offender record,36-45,M,6,Repeat,Alternates between two known methods
CASE-00582,OFF-00183,House Burglary,BNS Sec 305 (Burglary),Vacant residence,Gadag,Betageri,Late night (11 PM-2 AM),Window grille cutting,Window grille cutting; target: Vacant residence; late night (11 pm-2 am),2024-04-06,Linked to known offender record,36-45,F,6,Repeat,Single recorded case - insufficient pattern history
CASE-01490,OFF-00453,Shop Robbery,BNS Sec 309 (Robbery),Small retail shop,Bengaluru Rural,Doddaballapur town,Weekday mornings,"Armed threat, cash till","Armed threat, cash till; target: Small retail shop; weekday mornings",2024-11-11,Linked to known offender record,36-45,M,4,Repeat,Escalating frequency over last 6 months
CASE-00965,OFF-00300,Shop Robbery,BNS Sec 309 (Robbery),Jewellery shop,Gadag,Station Road area,Weekend nights,Late-night forced entry,Late-night forced entry; target: Jewellery shop; weekend nights,2023-04-21,Linked to known offender record,18-25,F,6,Repeat,Alternates between two known methods
CASE-01117,OFF-00340,Pickpocketing,BNS Sec 303 (Theft),Market crowd,Bidar,New Bidar,Evening rush (6-8 PM),Bag slit and remove,Bag slit and remove; target: Market crowd; evening rush (6-8 pm),2025-03-11,Linked to known offender record,56+,M,4,Repeat,Long gap then resurgence with same MO
CASE-00412,OFF-00132,Cyber Fraud (OTP/Phishing),IT Act Sec 66C/66D,Elderly account holder,Raichur,Ashok Nagar,Weekend nights,Fake bank call requesting OTP,Fake bank call requesting OTP; target: Elderly account holder; weekend nights,2025-10-03,Linked to known offender record,36-45,F,4,Repeat,Alternates between two known methods
CASE-00063,OFF-00018,Counterfeit Currency,BNS Sec 178-180,Currency exchange,Yadgir,Station Road area,Weekday mornings,Cash-for-goods swap,Cash-for-goods swap; target: Currency exchange; weekday mornings,2024-08-15,Linked to known offender record,46-55,F,6,Repeat,Alternates between two known methods
CASE-00045,OFF-00014,Two-Wheeler Theft,BNS Sec 303 (Theft),Parked vehicle - commercial area,Uttara Kannada,Kumta town,Early morning (4-7 AM),Duplicate key / lock-picking,Duplicate key / lock-picking; target: Parked vehicle - commercial area; early morning (4-7 am),2024-12-22,Linked to known offender record,36-45,M,4,Repeat,Alternates between two known methods
CASE-00233,OFF-00069,Cyber Fraud (OTP/Phishing),IT Act Sec 66C/66D,Elderly account holder,Ramanagara,Bengaluru-Mysuru Highway area,Early morning (4-7 AM),SMS phishing link,SMS phishing link; target: Elderly account holder; early morning (4-7 am),2025-02-08,Linked to known offender record,18-25,F,4,Repeat,Alternates between two known methods
CASE-01609,UNASSIGNED,Shop Robbery,BNS Sec 309 (Robbery),Small retail shop,Haveri,Old Town,Midday (12-3 PM),Late-night forced entry,Late-night forced entry; target: Small retail shop; midday (12-3 pm),2025-05-29,Open - no offender match recorded,N/A - case unmatched,N/A - case unmatched,N/A - case unmatched,N/A - case unmatched,N/A - case unmatched
CASE-01599,UNASSIGNED,Shop Robbery,BNS Sec 309 (Robbery),Jewellery shop,Bidar,Chidri,Late night (11 PM-2 AM),"Armed threat, cash till","Armed threat, cash till; target: Jewellery shop; late night (11 pm-2 am)",2024-08-28,Open - no offender match recorded,N/A - case unmatched,N/A - case unmatched,N/A - case unmatched,N/A - case unmatched,N/A - case unmatched
CASE-00287,OFF-00088,Vehicle Theft (Four-wheeler),BNS Sec 303 (Theft),Parked vehicle - street,Chamarajanagar,Town Centre,Late night (11 PM-2 AM),Relay key attack,Relay key attack; target: Parked vehicle - street; late night (11 pm-2 am),2023-05-19,Linked to known offender record,56+,F,5,Repeat,Escalating frequency over last 6 months
CASE-01443,OFF-00441,Pickpocketing,BNS Sec 303 (Theft),Market crowd,Belagavi,Camp Area,Weekend nights,Crowd distraction lift,Crowd distraction lift; target: Market crowd; weekend nights,2025-01-30,Linked to known offender record,26-35,F,5,Repeat,Single recorded case - insufficient pattern history
CASE-01438,OFF-00438,House Burglary,BNS Sec 305 (Burglary),Ground-floor apartment,Chikkamagaluru,MG Road area,Early morning (4-7 AM),"Lock-breaking, rear entry","Lock-breaking, rear entry; target: Ground-floor apartment; early morning (4-7 am)",2024-04-22,Linked to known offender record,56+,M,3,Repeat,Escalating frequency over last 6 months
CASE-01119,OFF-00341,Chain Snatching,BNS Sec 304 (Snatching),Lone woman pedestrian,Bagalkot,Navanagar,Midday (12-3 PM),"Foot approach, distraction snatch","Foot approach, distraction snatch; target: Lone woman pedestrian; midday (12-3 pm)",2025-12-13,Linked to known offender record,18-25,M,1,First recorded instance,Alternates between two known methods
CASE-00197,OFF-00057,Pickpocketing,BNS Sec 303 (Theft),Bus/rail commuter,Shivamogga,Gopala Extension,Evening rush (6-8 PM),Bag slit and remove,Bag slit and remove; target: Bus/rail commuter; evening rush (6-8 pm),2024-02-10,Linked to known offender record,26-35,M,2,Repeat,Alternates between two known methods
CASE-00215,OFF-00063,Shop Robbery,BNS Sec 309 (Robbery),Small retail shop,Yadgir,Station Road area,Early morning (4-7 AM),Late-night forced entry,Late-night forced entry; target: Small retail shop; early morning (4-7 am),2023-06-22,Linked to known offender record,56+,M,4,Repeat,Long gap then resurgence with same MO
CASE-01024,OFF-00316,Shop Robbery,BNS Sec 309 (Robbery),Jewellery shop,Chikkaballapur,MG Road area,Weekend nights,Late-night forced entry,Late-night forced entry; target: Jewellery shop; weekend nights,2024-07-31,Linked to known offender record,26-35,F,6,Repeat,Alternates between two known methods
CASE-00369,OFF-00119,Shop Robbery,BNS Sec 309 (Robbery),Small retail shop,Mangaluru (Dakshina Kannada),Hampankatta,Early morning (4-7 AM),"Armed threat, cash till","Armed threat, cash till; target: Small retail shop; early morning (4-7 am)",2024-11-04,Linked to known offender record,26-35,F,6,Repeat,Alternates between two known methods
CASE-00620,OFF-00195,Shop Robbery,BNS Sec 309 (Robbery),Small retail shop,Mysuru,Bannimantap,Midday (12-3 PM),Late-night forced entry,Late-night forced entry; target: Small retail shop; midday (12-3 pm),2024-11-04,Linked to known offender record,26-35,F,4,Repeat,Escalating frequency over last 6 months
CASE-00497,OFF-00157,Cyber Fraud (OTP/Phishing),IT Act Sec 66C/66D,Elderly account holder,Ballari,Cowl Bazaar,Weekday mornings,SMS phishing link,SMS phishing link; target: Elderly account holder; weekday mornings,2024-08-06,Linked to known offender record,26-35,F,3,Repeat,Long gap then resurgence with same MO
CASE-01313,OFF-00397,House Burglary,BNS Sec 305 (Burglary),Ground-floor apartment,Vijayapura,Station Area,Evening rush (6-8 PM),"Lock-breaking, rear entry","Lock-breaking, rear entry; target: Ground-floor apartment; evening rush (6-8 pm)",2023-09-15,Linked to known offender record,36-45,M,4,Repeat,Escalating frequency over last 6 months
CASE-00086,OFF-00025,Cyber Fraud (OTP/Phishing),IT Act Sec 66C/66D,Elderly account holder,Mandya,Bannur Road area,Weekday mornings,SMS phishing link,SMS phishing link; target: Elderly account holder; weekday mornings,2025-11-17,Linked to known offender record,26-35,M,2,Repeat,Single recorded case - insufficient pattern history
CASE-01064,OFF-00326,Chain Snatching,BNS Sec 304 (Snatching),Elderly pedestrian,Mysuru,Bannimantap,Weekend nights,"Foot approach, distraction snatch","Foot approach, distraction snatch; target: Elderly pedestrian; weekend nights",2023-04-24,Linked to known offender record,46-55,F,5,Repeat,Escalating frequency over last 6 months
CASE-00057,OFF-00017,ATM Tampering/Skimming,BNS Sec 318 / IT Act,ATM users - unmanned kiosk,Koppal,Old Town,Early morning (4-7 AM),Shoulder-surfing + card swap,Shoulder-surfing + card swap; target: ATM users - unmanned kiosk; early morning (4-7 am),2025-09-15,Linked to known offender record,18-25,M,3,Repeat,Long gap then resurgence with same MO
CASE-01796,UNASSIGNED,Counterfeit Currency,BNS Sec 178-180,Small retail shop,Kalaburagi,Jewargi Road area,Weekday mornings,Bulk note circulation via shop network,Bulk note circulation via shop network; target: Small retail shop; weekday mornings,2023-08-08,Open - no offender match recorded,N/A - case unmatched,N/A - case unmatched,N/A - case unmatched,N/A - case unmatched,N/A - case unmatched
CASE-01075,OFF-00328,Chain Snatching,BNS Sec 304 (Snatching),Lone woman pedestrian,Hassan,Vidyanagar,Late night (11 PM-2 AM),Two-wheeler drive-by snatch,Two-wheeler drive-by snatch; target: Lone woman pedestrian; late night (11 pm-2 am),2025-03-28,Linked to known offender record,26-35,F,5,Repeat,Single recorded case - insufficient pattern history
CASE-01401,OFF-00429,Vehicle Theft (Four-wheeler),BNS Sec 303 (Theft),Parked vehicle - street,Bidar,New Bidar,Late night (11 PM-2 AM),Tow-away theft,Tow-away theft; target: Parked vehicle - street; late night (11 pm-2 am),2025-07-16,Linked to known offender record,46-55,M,6,Repeat,Consistent MO across all recorded cases
CASE-00330,OFF-00103,Counterfeit Currency,BNS Sec 178-180,Currency exchange,Mysuru,Bannimantap,Weekday mornings,Cash-for-goods swap,Cash-for-goods swap; target: Currency exchange; weekday mornings,2025-06-28,Linked to known offender record,18-25,M,5,Repeat,Consistent MO across all recorded cases
CASE-01466,OFF-00445,Shop Robbery,BNS Sec 309 (Robbery),Jewellery shop,Chitradurga,College Road area,Midday (12-3 PM),"Armed threat, cash till","Armed threat, cash till; target: Jewellery shop; midday (12-3 pm)",2025-04-01,Linked to known offender record,46-55,F,6,Repeat,Alternates between two known methods
CASE-00630,OFF-00199,Chit Fund / Investment Fraud,BNS Sec 318 (Cheating),Small investor group,Hubballi-Dharwad,Vidyanagar,Weekday mornings,"Fake high-return scheme, cash collection","Fake high-return scheme, cash collection; target: Small investor group; weekday mornings",2024-03-05,Linked to known offender record,46-55,M,6,Repeat,Single recorded case - insufficient pattern history
CASE-00715,OFF-00225,Shop Robbery,BNS Sec 309 (Robbery),Jewellery shop,Ramanagara,Town Centre,Early morning (4-7 AM),Late-night forced entry,Late-night forced entry; target: Jewellery shop; early morning (4-7 am),2025-01-10,Linked to known offender record,56+,F,2,Repeat,Alternates between two known methods
CASE-01844,UNASSIGNED,Cyber Fraud (OTP/Phishing),IT Act Sec 66C/66D,Elderly account holder,Uttara Kannada,Karwar town,Weekday mornings,SMS phishing link,SMS phishing link; target: Elderly account holder; weekday mornings,2025-12-10,Open - no offender match recorded,N/A - case unmatched,N/A - case unmatched,N/A - case unmatched,N/A - case unmatched,N/A - case unmatched
CASE-01419,OFF-00432,Chain Snatching,BNS Sec 304 (Snatching),Lone woman pedestrian,Kodagu,Madikeri town,Midday (12-3 PM),"Foot approach, distraction snatch","Foot approach, distraction snatch; target: Lone woman pedestrian; midday (12-3 pm)",2023-01-14,Linked to known offender record,36-45,M,5,Repeat,Long gap then resurgence with same MO
CASE-01403,OFF-00429,Vehicle Theft (Four-wheeler),BNS Sec 303 (Theft),Parked vehicle - street,Bidar,Chidri,Late night (11 PM-2 AM),Tow-away theft,Tow-away theft; target: Parked vehicle - street; late night (11 pm-2 am),2025-08-04,Linked to known offender record,46-55,M,6,Repeat,Consistent MO across all recorded cases
CASE-01014,OFF-00313,Vehicle Theft (Four-wheeler),BNS Sec 303 (Theft),Parked vehicle - street,Davanagere,Vinoba Nagar,Evening rush (6-8 PM),Tow-away theft,Tow-away theft; target: Parked vehicle - street; evening rush (6-8 pm),2023-08-15,Linked to known offender record,36-45,F,3,Repeat,Escalating frequency over last 6 months
CASE-00356,OFF-00114,Pickpocketing,BNS Sec 303 (Theft),Market crowd,Tumakuru,Kunigal Road area,Early morning (4-7 AM),Crowd distraction lift,Crowd distraction lift; target: Market crowd; early morning (4-7 am),2025-04-01,Linked to known offender record,26-35,F,1,First recorded instance,Alternates between two known methods
CASE-00824,OFF-00257,Cyber Fraud (OTP/Phishing),IT Act Sec 66C/66D,First-time UPI user,Tumakuru,Kunigal Road area,Midday (12-3 PM),SMS phishing link,SMS phishing link; target: First-time UPI user; midday (12-3 pm),2024-02-18,Linked to known offender record,26-35,F,6,Repeat,Alternates between two known methods
CASE-00666,OFF-00210,Vehicle Theft (Four-wheeler),BNS Sec 303 (Theft),Parked vehicle - street,Tumakuru,Ashoknagar,Late night (11 PM-2 AM),Relay key attack,Relay key attack; target: Parked vehicle - street; late night (11 pm-2 am),2024-10-28,Linked to known offender record,56+,M,5,Repeat,Alternates between two known methods
CASE-01976,UNASSIGNED,ATM Tampering/Skimming,BNS Sec 318 / IT Act,ATM users - unmanned kiosk,Bidar,Chidri,Midday (12-3 PM),Shoulder-surfing + card swap,Shoulder-surfing + card swap; target: ATM users - unmanned kiosk; midday (12-3 pm),2024-02-29,Open - no offender match recorded,N/A - case unmatched,N/A - case unmatched,N/A - case unmatched,N/A - case unmatched,N/A - case unmatched
CASE-01697,UNASSIGNED,Chain Snatching,BNS Sec 304 (Snatching),Elderly pedestrian,Mandya,Vidyanagar,Weekend nights,Two-wheeler drive-by snatch,Two-wheeler drive-by snatch; target: Elderly pedestrian; weekend nights,2023-01-19,Open - no offender match recorded,N/A - case unmatched,N/A - case unmatched,N/A - case unmatched,N/A - case unmatched,N/A - case unmatched
CASE-01676,UNASSIGNED,ATM Tampering/Skimming,BNS Sec 318 / IT Act,ATM users - unmanned kiosk,Haveri,Bypass Road area,Evening rush (6-8 PM),Shoulder-surfing + card swap,Shoulder-surfing + card swap; target: ATM users - unmanned kiosk; evening rush (6-8 pm),2023-11-30,Open - no offender match recorded,N/A - case unmatched,N/A - case unmatched,N/A - case unmatched,N/A - case unmatched,N/A - case unmatched
CASE-00281,OFF-00085,Shop Robbery,BNS Sec 309 (Robbery),Jewellery shop,Bengaluru Rural,Nelamangala town,Midday (12-3 PM),Late-night forced entry,Late-night forced entry; target: Jewellery shop; midday (12-3 pm),2023-02-13,Linked to known offender record,18-25,F,3,Repeat,Consistent MO across all recorded cases
CASE-00098,OFF-00028,Chain Snatching,BNS Sec 304 (Snatching),Elderly pedestrian,Bidar,Old City area,Early morning (4-7 AM),"Foot approach, distraction snatch","Foot approach, distraction snatch; target: Elderly pedestrian; early morning (4-7 am)",2023-03-06,Linked to known offender record,46-55,F,5,Repeat,Alternates between two known methods
CASE-01176,OFF-00356,ATM Tampering/Skimming,BNS Sec 318 / IT Act,ATM users - unmanned kiosk,Uttara Kannada,Sirsi town,Evening rush (6-8 PM),Shoulder-surfing + card swap,Shoulder-surfing + card swap; target: ATM users - unmanned kiosk; evening rush (6-8 pm),2023-08-29,Linked to known offender record,46-55,F,6,Repeat,Consistent MO across all recorded cases
CASE-01521,UNASSIGNED,Chit Fund / Investment Fraud,BNS Sec 318 (Cheating),Small investor group,Chikkaballapur,Bus Stand area,Late night (11 PM-2 AM),"Fake high-return scheme, cash collection","Fake high-return scheme, cash collection; target: Small investor group; late night (11 pm-2 am)",2024-05-31,Open - no offender match recorded,N/A - case unmatched,N/A - case unmatched,N/A - case unmatched,N/A - case unmatched,N/A - case unmatched
CASE-00033,OFF-00011,Shop Robbery,BNS Sec 309 (Robbery),Small retail shop,Haveri,Old Town,Weekday mornings,Late-night forced entry,Late-night forced entry; target: Small retail shop; weekday mornings,2023-07-09,Linked to known offender record,36-45,M,4,Repeat,Escalating frequency over last 6 months
CASE-01082,OFF-00330,House Burglary,BNS Sec 305 (Burglary),Vacant residence,Kodagu,Madikeri town,Midday (12-3 PM),Window grille cutting,Window grille cutting; target: Vacant residence; midday (12-3 pm),2025-09-05,Linked to known offender record,26-35,F,6,Repeat,Consistent MO across all recorded cases
CASE-00339,OFF-00107,ATM Tampering/Skimming,BNS Sec 318 / IT Act,ATM users - unmanned kiosk,Mysuru,Kuvempunagar,Weekday mornings,Skimmer device installation,Skimmer device installation; target: ATM users - unmanned kiosk; weekday mornings,2024-03-20,Linked to known offender record,36-45,M,1,First recorded instance,Long gap then resurgence with same MO
CASE-00518,OFF-00163,Cyber Fraud (OTP/Phishing),IT Act Sec 66C/66D,First-time UPI user,Chikkaballapur,Bus Stand area,Late night (11 PM-2 AM),SMS phishing link,SMS phishing link; target: First-time UPI user; late night (11 pm-2 am),2024-09-19,Linked to known offender record,26-35,F,3,Repeat,Long gap then resurgence with same MO
CASE-01090,OFF-00332,ATM Tampering/Skimming,BNS Sec 318 / IT Act,ATM users - unmanned kiosk,Bengaluru Rural,Hoskote town,Early morning (4-7 AM),Shoulder-surfing + card swap,Shoulder-surfing + card swap; target: ATM users - unmanned kiosk; early morning (4-7 am),2025-09-24,Linked to known offender record,46-55,M,5,Repeat,Escalating frequency over last 6 months
CASE-00597,OFF-00187,Pickpocketing,BNS Sec 303 (Theft),Bus/rail commuter,Kodagu,Gonikoppal town,Early morning (4-7 AM),Bag slit and remove,Bag slit and remove; target: Bus/rail commuter; early morning (4-7 am),2023-11-11,Linked to known offender record,56+,M,2,Repeat,Consistent MO across all recorded cases
CASE-00250,OFF-00073,Chain Snatching,BNS Sec 304 (Snatching),Elderly pedestrian,Raichur,Old Town,Midday (12-3 PM),Two-wheeler drive-by snatch,Two-wheeler drive-by snatch; target: Elderly pedestrian; midday (12-3 pm),2025-01-10,Linked to known offender record,46-55,F,4,Repeat,Single recorded case - insufficient pattern history
CASE-01451,OFF-00443,House Burglary,BNS Sec 305 (Burglary),Vacant residence,Kodagu,Gonikoppal town,Weekend nights,Window grille cutting,Window grille cutting; target: Vacant residence; weekend nights,2025-09-29,Linked to known offender record,56+,F,6,Repeat,Alternates between two known methods
CASE-00529,OFF-00166,House Burglary,BNS Sec 305 (Burglary),Vacant residence,Bidar,Chidri,Early morning (4-7 AM),Window grille cutting,Window grille cutting; target: Vacant residence; early morning (4-7 am),2024-02-28,Linked to known offender record,56+,M,4,Repeat,Long gap then resurgence with same MO
CASE-01095,OFF-00333,Vehicle Theft (Four-wheeler),BNS Sec 303 (Theft),Parked vehicle - street,Belagavi,Camp Area,Weekday mornings,Relay key attack,Relay key attack; target: Parked vehicle - street; weekday mornings,2023-03-29,Linked to known offender record,26-35,F,6,Repeat,Long gap then resurgence with same MO
CASE-01226,OFF-00371,Cyber Fraud (OTP/Phishing),IT Act Sec 66C/66D,First-time UPI user,Tumakuru,Kunigal Road area,Early morning (4-7 AM),SMS phishing link,SMS phishing link; target: First-time UPI user; early morning (4-7 am),2024-12-22,Linked to known offender record,36-45,M,4,Repeat,Alternates between two known methods
CASE-01525,UNASSIGNED,Cyber Fraud (OTP/Phishing),IT Act Sec 66C/66D,First-time UPI user,Mangaluru (Dakshina Kannada),Kadri,Late night (11 PM-2 AM),Fake bank call requesting OTP,Fake bank call requesting OTP; target: First-time UPI user; late night (11 pm-2 am),2023-10-08,Open - no offender match recorded,N/A - case unmatched,N/A - case unmatched,N/A - case unmatched,N/A - case unmatched,N/A - case unmatched
CASE-01130,OFF-00343,Counterfeit Currency,BNS Sec 178-180,Small retail shop,Bengaluru Rural,Doddaballapur town,Midday (12-3 PM),Cash-for-goods swap,Cash-for-goods swap; target: Small retail shop; midday (12-3 pm),2025-02-13,Linked to known offender record,18-25,M,6,Repeat,Alternates between two known methods
CASE-00327,OFF-00103,Counterfeit Currency,BNS Sec 178-180,Currency exchange,Mysuru,Vijayanagar,Weekday mornings,Cash-for-goods swap,Cash-for-goods swap; target: Currency exchange; weekday mornings,2025-06-16,Linked to known offender record,18-25,M,5,Repeat,Consistent MO across all recorded cases
CASE-00082,OFF-00024,Vehicle Theft (Four-wheeler),BNS Sec 303 (Theft),Parked vehicle - street,Mysuru,Bannimantap,Weekday mornings,Relay key attack,Relay key attack; target: Parked vehicle - street; weekday mornings,2025-05-02,Linked to known offender record,26-35,M,3,Repeat,Escalating frequency over last 6 months
CASE-01552,UNASSIGNED,Cyber Fraud (OTP/Phishing),IT Act Sec 66C/66D,First-time UPI user,Bengaluru Rural,Nelamangala town,Late night (11 PM-2 AM),Fake bank call requesting OTP,Fake bank call requesting OTP; target: First-time UPI user; late night (11 pm-2 am),2024-05-01,Open - no offender match recorded,N/A - case unmatched,N/A - case unmatched,N/A - case unmatched,N/A - case unmatched,N/A - case unmatched
CASE-01084,OFF-00330,House Burglary,BNS Sec 305 (Burglary),Vacant residence,Kodagu,Madikeri town,Midday (12-3 PM),Window grille cutting,Window grille cutting; target: Vacant residence; midday (12-3 pm),2025-04-01,Linked to known offender record,26-35,F,6,Repeat,Consistent MO across all recorded cases
CASE-00640,OFF-00202,Two-Wheeler Theft,BNS Sec 303 (Theft),Parked vehicle - commercial area,Bagalkot,Old Bagalkot,Midday (12-3 PM),Duplicate key / lock-picking,Duplicate key / lock-picking; target: Parked vehicle - commercial area; midday (12-3 pm),2023-07-29,Linked to known offender record,46-55,M,4,Repeat,Consistent MO across all recorded cases
CASE-00999,OFF-00310,Cyber Fraud (OTP/Phishing),IT Act Sec 66C/66D,First-time UPI user,Bagalkot,Old Bagalkot,Evening rush (6-8 PM),SMS phishing link,SMS phishing link; target: First-time UPI user; evening rush (6-8 pm),2024-06-20,Linked to known offender record,46-55,M,6,Repeat,Escalating frequency over last 6 months
CASE-00961,OFF-00299,ATM Tampering/Skimming,BNS Sec 318 / IT Act,ATM users - unmanned kiosk,Raichur,Old Town,Midday (12-3 PM),Shoulder-surfing + card swap,Shoulder-surfing + card swap; target: ATM users - unmanned kiosk; midday (12-3 pm),2025-02-10,Linked to known offender record,18-25,F,4,Repeat,Escalating frequency over last 6 months
CASE-00878,OFF-00278,House Burglary,BNS Sec 305 (Burglary),Vacant residence,Hubballi-Dharwad,Old Hubballi,Early morning (4-7 AM),"Lock-breaking, rear entry","Lock-breaking, rear entry; target: Vacant residence; early morning (4-7 am)",2024-05-27,Linked to known offender record,46-55,M,6,Repeat,Long gap then resurgence with same MO
CASE-01428,OFF-00435,Chain Snatching,BNS Sec 304 (Snatching),Lone woman pedestrian,Uttara Kannada,Karwar town,Weekday mornings,"Foot approach, distraction snatch","Foot approach, distraction snatch; target: Lone woman pedestrian; weekday mornings",2024-03-04,Linked to known offender record,26-35,M,6,Repeat,Alternates between two known methods
CASE-00930,OFF-00292,Chain Snatching,BNS Sec 304 (Snatching),Elderly pedestrian,Chikkaballapur,MG Road area,Midday (12-3 PM),Two-wheeler drive-by snatch,Two-wheeler drive-by snatch; target: Elderly pedestrian; midday (12-3 pm),2024-08-18,Linked to known offender record,18-25,F,4,Repeat,Alternates between two known methods
CASE-01003,OFF-00310,Cyber Fraud (OTP/Phishing),IT Act Sec 66C/66D,First-time UPI user,Bengaluru Urban,Marathahalli,Evening rush (6-8 PM),Fake bank call requesting OTP,Fake bank call requesting OTP; target: First-time UPI user; evening rush (6-8 pm),2024-06-30,Linked to known offender record,46-55,M,6,Repeat,Escalating frequency over last 6 months
CASE-01140,OFF-00345,House Burglary,BNS Sec 305 (Burglary),Ground-floor apartment,Davanagere,Shamanur Road area,Evening rush (6-8 PM),"Lock-breaking, rear entry","Lock-breaking, rear entry; target: Ground-floor apartment; evening rush (6-8 pm)",2023-10-17,Linked to known offender record,18-25,F,4,Repeat,Escalating frequency over last 6 months
CASE-01632,UNASSIGNED,Pickpocketing,BNS Sec 303 (Theft),Bus/rail commuter,Davanagere,PJ Extension,Late night (11 PM-2 AM),Crowd distraction lift,Crowd distraction lift; target: Bus/rail commuter; late night (11 pm-2 am),2025-07-30,Open - no offender match recorded,N/A - case unmatched,N/A - case unmatched,N/A - case unmatched,N/A - case unmatched,N/A - case unmatched
CASE-01849,UNASSIGNED,Shop Robbery,BNS Sec 309 (Robbery),Jewellery shop,Chamarajanagar,Kollegal Road area,Weekday mornings,Late-night forced entry,Late-night forced entry; target: Jewellery shop; weekday mornings,2023-01-15,Open - no offender match recorded,N/A - case unmatched,N/A - case unmatched,N/A - case unmatched,N/A - case unmatched,N/A - case unmatched
CASE-01427,OFF-00435,Chain Snatching,BNS Sec 304 (Snatching),Elderly pedestrian,Chikkamagaluru,Kalasapura,Weekday mornings,"Foot approach, distraction snatch","Foot approach, distraction snatch; target: Elderly pedestrian; weekday mornings",2024-11-11,Linked to known offender record,26-35,M,6,Repeat,Alternates between two known methods
CASE-00048,OFF-00015,Chain Snatching,BNS Sec 304 (Snatching),Lone woman pedestrian,Ballari,Cowl Bazaar,Weekday mornings,"Foot approach, distraction snatch","Foot approach, distraction snatch; target: Lone woman pedestrian; weekday mornings",2025-10-16,Linked to known offender record,18-25,F,4,Repeat,Long gap then resurgence with same MO
CASE-01120,OFF-00342,Chain Snatching,BNS Sec 304 (Snatching),Elderly pedestrian,Chitradurga,College Road area,Midday (12-3 PM),"Foot approach, distraction snatch","Foot approach, distraction snatch; target: Elderly pedestrian; midday (12-3 pm)",2023-11-13,Linked to known offender record,56+,F,5,Repeat,Escalating frequency over last 6 months
CASE-01984,UNASSIGNED,Vehicle Theft (Four-wheeler),BNS Sec 303 (Theft),Parked vehicle - street,Kodagu,Virajpet town,Weekday mornings,Tow-away theft,Tow-away theft; target: Parked vehicle - street; weekday mornings,2023-08-31,Open - no offender match recorded,N/A - case unmatched,N/A - case unmatched,N/A - case unmatched,N/A - case unmatched,N/A - case unmatched
CASE-00712,OFF-00224,Cyber Fraud (OTP/Phishing),IT Act Sec 66C/66D,First-time UPI user,Chitradurga,Old Bus Stand area,Late night (11 PM-2 AM),SMS phishing link,SMS phishing link; target: First-time UPI user; late night (11 pm-2 am),2025-08-21,Linked to known offender record,18-25,F,6,Repeat,Long gap then resurgence with same MO
CASE-01125,OFF-00343,Counterfeit Currency,BNS Sec 178-180,Currency exchange,Mandya,Vidyanagar,Evening rush (6-8 PM),Cash-for-goods swap,Cash-for-goods swap; target: Currency exchange; evening rush (6-8 pm),2025-02-28,Linked to known offender record,18-25,M,6,Repeat,Alternates between two known methods
CASE-01017,OFF-00314,Chain Snatching,BNS Sec 304 (Snatching),Lone woman pedestrian,Udupi,Kunjibettu,Late night (11 PM-2 AM),"Foot approach, distraction snatch","Foot approach, distraction snatch; target: Lone woman pedestrian; late night (11 pm-2 am)",2023-10-03,Linked to known offender record,36-45,F,4,Repeat,Long gap then resurgence with same MO
CASE-00252,OFF-00074,Pickpocketing,BNS Sec 303 (Theft),Market crowd,Uttara Kannada,Sirsi town,Evening rush (6-8 PM),Crowd distraction lift,Crowd distraction lift; target: Market crowd; evening rush (6-8 pm),2025-08-21,Linked to known offender record,18-25,M,3,Repeat,Escalating frequency over last 6 months
CASE-00874,OFF-00278,House Burglary,BNS Sec 305 (Burglary),Ground-floor apartment,Kodagu,Madikeri town,Midday (12-3 PM),"Lock-breaking, rear entry","Lock-breaking, rear entry; target: Ground-floor apartment; midday (12-3 pm)",2025-01-24,Linked to known offender record,46-55,M,6,Repeat,Long gap then resurgence with same MO
CASE-00893,OFF-00282,Two-Wheeler Theft,BNS Sec 303 (Theft),Parked vehicle - residential,Davanagere,Vinoba Nagar,Early morning (4-7 AM),Vehicle lifted onto pickup truck,Vehicle lifted onto pickup truck; target: Parked vehicle - residential; early morning (4-7 am),2024-01-07,Linked to known offender record,56+,M,4,Repeat,Single recorded case - insufficient pattern history
CASE-01272,OFF-00385,House Burglary,BNS Sec 305 (Burglary),Ground-floor apartment,Udupi,Malpe Road area,Weekday mornings,Window grille cutting,Window grille cutting; target: Ground-floor apartment; weekday mornings,2024-01-13,Linked to known offender record,36-45,F,6,Repeat,Escalating frequency over last 6 months
CASE-00083,OFF-00024,Vehicle Theft (Four-wheeler),BNS Sec 303 (Theft),Parked vehicle - street,Mysuru,Bannimantap,Late night (11 PM-2 AM),Relay key attack,Relay key attack; target: Parked vehicle - street; late night (11 pm-2 am),2023-08-22,Linked to known offender record,26-35,M,3,Repeat,Escalating frequency over last 6 months
CASE-01360,OFF-00414,Chit Fund / Investment Fraud,BNS Sec 318 (Cheating),Small investor group,Belagavi,Tilakwadi,Midday (12-3 PM),"Fake high-return scheme, cash collection","Fake high-return scheme, cash collection; target: Small investor group; midday (12-3 pm)",2024-07-02,Linked to known offender record,46-55,M,3,Repeat,Alternates between two known methods
CASE-01056,OFF-00324,House Burglary,BNS Sec 305 (Burglary),Vacant residence,Kolar,Old Bus Stand area,Weekend nights,"Lock-breaking, rear entry","Lock-breaking, rear entry; target: Vacant residence; weekend nights",2025-05-04,Linked to known offender record,46-55,M,5,Repeat,Consistent MO across all recorded cases
CASE-01061,OFF-00325,Vehicle Theft (Four-wheeler),BNS Sec 303 (Theft),Parked vehicle - street,Mandya,Ashok Nagar,Evening rush (6-8 PM),Relay key attack,Relay key attack; target: Parked vehicle - street; evening rush (6-8 pm),2024-09-14,Linked to known offender record,26-35,M,3,Repeat,Alternates between two known methods
CASE-01331,OFF-00402,Two-Wheeler Theft,BNS Sec 303 (Theft),Parked vehicle - commercial area,Kodagu,Gonikoppal town,Weekend nights,Vehicle lifted onto pickup truck,Vehicle lifted onto pickup truck; target: Parked vehicle - commercial area; weekend nights,2024-06-07,Linked to known offender record,56+,M,1,First recorded instance,Escalating frequency over last 6 months
CASE-01298,OFF-00391,House Burglary,BNS Sec 305 (Burglary),Ground-floor apartment,Davanagere,Shamanur Road area,Weekday mornings,Impersonation as utility worker,Impersonation as utility worker; target: Ground-floor apartment; weekday mornings,2025-04-05,Linked to known offender record,46-55,F,4,Repeat,Long gap then resurgence with same MO
CASE-00899,OFF-00284,Shop Robbery,BNS Sec 309 (Robbery),Jewellery shop,Hassan,Vidyanagar,Early morning (4-7 AM),Late-night forced entry,Late-night forced entry; target: Jewellery shop; early morning (4-7 am),2023-07-09,Linked to known offender record,26-35,F,6,Repeat,Long gap then resurgence with same MO
CASE-00745,OFF-00233,Two-Wheeler Theft,BNS Sec 303 (Theft),Parked vehicle - residential,Gadag,Station Road area,Midday (12-3 PM),Duplicate key / lock-picking,Duplicate key / lock-picking; target: Parked vehicle - residential; midday (12-3 pm),2024-10-27,Linked to known offender record,36-45,F,5,Repeat,Consistent MO across all recorded cases
CASE-00989,OFF-00305,Pickpocketing,BNS Sec 303 (Theft),Bus/rail commuter,Kodagu,Madikeri town,Early morning (4-7 AM),Crowd distraction lift,Crowd distraction lift; target: Bus/rail commuter; early morning (4-7 am),2023-05-09,Linked to known offender record,18-25,F,4,Repeat,Consistent MO across all recorded cases
CASE-00380,OFF-00122,House Burglary,BNS Sec 305 (Burglary),Vacant residence,Ramanagara,Bengaluru-Mysuru Highway area,Evening rush (6-8 PM),"Lock-breaking, rear entry","Lock-breaking, rear entry; target: Vacant residence; evening rush (6-8 pm)",2025-08-03,Linked to known offender record,36-45,M,3,Repeat,Long gap then resurgence with same MO
CASE-01958,UNASSIGNED,Counterfeit Currency,BNS Sec 178-180,Small retail shop,Mysuru,Vijayanagar,Early morning (4-7 AM),Cash-for-goods swap,Cash-for-goods swap; target: Small retail shop; early morning (4-7 am),2024-10-22,Open - no offender match recorded,N/A - case unmatched,N/A - case unmatched,N/A - case unmatched,N/A - case unmatched,N/A - case unmatched
CASE-01516,UNASSIGNED,Counterfeit Currency,BNS Sec 178-180,Currency exchange,Mandya,Vidyanagar,Late night (11 PM-2 AM),Bulk note circulation via shop network,Bulk note circulation via shop network; target: Currency exchange; late night (11 pm-2 am),2023-05-05,Open - no offender match recorded,N/A - case unmatched,N/A - case unmatched,N/A - case unmatched,N/A - case unmatched,N/A - case unmatched
CASE-00040,OFF-00012,Cyber Fraud (OTP/Phishing),IT Act Sec 66C/66D,Elderly account holder,Raichur,Old Town,Late night (11 PM-2 AM),Fake bank call requesting OTP,Fake bank call requesting OTP; target: Elderly account holder; late night (11 pm-2 am),2024-10-19,Linked to known offender record,18-25,F,6,Repeat,Alternates between two known methods
CASE-00703,OFF-00222,Two-Wheeler Theft,BNS Sec 303 (Theft),Parked vehicle - residential,Chitradurga,Old Bus Stand area,Evening rush (6-8 PM),Duplicate key / lock-picking,Duplicate key / lock-picking; target: Parked vehicle - residential; evening rush (6-8 pm),2025-05-24,Linked to known offender record,18-25,M,4,Repeat,Consistent MO across all recorded cases
CASE-01156,OFF-00351,House Burglary,BNS Sec 305 (Burglary),Ground-floor apartment,Tumakuru,Kunigal Road area,Midday (12-3 PM),Window grille cutting,Window grille cutting; target: Ground-floor apartment; midday (12-3 pm),2024-01-15,Linked to known offender record,18-25,F,5,Repeat,Escalating frequency over last 6 months
CASE-01254,OFF-00379,Counterfeit Currency,BNS Sec 178-180,Currency exchange,Bengaluru Rural,Doddaballapur town,Early morning (4-7 AM),Bulk note circulation via shop network,Bulk note circulation via shop network; target: Currency exchange; early morning (4-7 am),2023-12-29,Linked to known offender record,18-25,M,5,Repeat,Escalating frequency over last 6 months
CASE-00336,OFF-00105,Chain Snatching,BNS Sec 304 (Snatching),Lone woman pedestrian,Mandya,Bannur Road area,Midday (12-3 PM),Two-wheeler drive-by snatch,Two-wheeler drive-by snatch; target: Lone woman pedestrian; midday (12-3 pm),2025-11-20,Linked to known offender record,18-25,M,5,Repeat,Long gap then resurgence with same MO
CASE-00004,OFF-00002,Shop Robbery,BNS Sec 309 (Robbery),Small retail shop,Uttara Kannada,Karwar town,Midday (12-3 PM),Late-night forced entry,Late-night forced entry; target: Small retail shop; midday (12-3 pm),2025-06-11,Linked to known offender record,56+,M,1,First recorded instance,Single recorded case - insufficient pattern history
CASE-01907,UNASSIGNED,Cyber Fraud (OTP/Phishing),IT Act Sec 66C/66D,Elderly account holder,Shivamogga,Vinoba Nagar,Evening rush (6-8 PM),SMS phishing link,SMS phishing link; target: Elderly account holder; evening rush (6-8 pm),2023-03-15,Open - no offender match recorded,N/A - case unmatched,N/A - case unmatched,N/A - case unmatched,N/A - case unmatched,N/A - case unmatched
CASE-01830,UNASSIGNED,House Burglary,BNS Sec 305 (Burglary),Vacant residence,Chamarajanagar,Kollegal Road area,Evening rush (6-8 PM),"Lock-breaking, rear entry","Lock-breaking, rear entry; target: Vacant residence; evening rush (6-8 pm)",2024-05-10,Open - no offender match recorded,N/A - case unmatched,N/A - case unmatched,N/A - case unmatched,N/A - case unmatched,N/A - case unmatched
CASE-00720,OFF-00227,Counterfeit Currency,BNS Sec 178-180,Currency exchange,Chamarajanagar,Kollegal Road area,Weekday mornings,Cash-for-goods swap,Cash-for-goods swap; target: Currency exchange; weekday mornings,2024-07-17,Linked to known offender record,56+,M,3,Repeat,Long gap then resurgence with same MO
CASE-00830,OFF-00259,ATM Tampering/Skimming,BNS Sec 318 / IT Act,ATM users - unmanned kiosk,Haveri,Bypass Road area,Weekend nights,Skimmer device installation,Skimmer device installation; target: ATM users - unmanned kiosk; weekend nights,2023-07-06,Linked to known offender record,56+,M,4,Repeat,Consistent MO across all recorded cases
CASE-00050,OFF-00015,Chain Snatching,BNS Sec 304 (Snatching),Lone woman pedestrian,Bengaluru Rural,Hoskote town,Weekend nights,"Foot approach, distraction snatch","Foot approach, distraction snatch; target: Lone woman pedestrian; weekend nights",2023-08-16,Linked to known offender record,18-25,F,4,Repeat,Long gap then resurgence with same MO
CASE-00825,OFF-00257,Cyber Fraud (OTP/Phishing),IT Act Sec 66C/66D,Elderly account holder,Chikkaballapur,MG Road area,Evening rush (6-8 PM),Fake bank call requesting OTP,Fake bank call requesting OTP; target: Elderly account holder; evening rush (6-8 pm),2023-03-16,Linked to known offender record,26-35,F,6,Repeat,Alternates between two known methods
CASE-00791,OFF-00246,ATM Tampering/Skimming,BNS Sec 318 / IT Act,ATM users - unmanned kiosk,Shivamogga,Durgigudi,Weekday mornings,Skimmer device installation,Skimmer device installation; target: ATM users - unmanned kiosk; weekday mornings,2024-05-07,Linked to known offender record,26-35,M,6,Repeat,Consistent MO across all recorded cases
CASE-01493,OFF-00454,Counterfeit Currency,BNS Sec 178-180,Currency exchange,Mysuru,Saraswathipuram,Evening rush (6-8 PM),Bulk note circulation via shop network,Bulk note circulation via shop network; target: Currency exchange; evening rush (6-8 pm),2023-12-31,Linked to known offender record,36-45,M,5,Repeat,Alternates between two known methods
CASE-01718,UNASSIGNED,Two-Wheeler Theft,BNS Sec 303 (Theft),Parked vehicle - commercial area,Chamarajanagar,Town Centre,Late night (11 PM-2 AM),Duplicate key / lock-picking,Duplicate key / lock-picking; target: Parked vehicle - commercial area; late night (11 pm-2 am),2023-10-24,Open - no offender match recorded,N/A - case unmatched,N/A - case unmatched,N/A - case unmatched,N/A - case unmatched,N/A - case unmatched
CASE-01174,OFF-00356,ATM Tampering/Skimming,BNS Sec 318 / IT Act,ATM users - unmanned kiosk,Uttara Kannada,Kumta town,Evening rush (6-8 PM),Shoulder-surfing + card swap,Shoulder-surfing + card swap; target: ATM users - unmanned kiosk; evening rush (6-8 pm),2025-10-18,Linked to known offender record,46-55,F,6,Repeat,Consistent MO across all recorded cases
CASE-00811,OFF-00253,Cyber Fraud (OTP/Phishing),IT Act Sec 66C/66D,First-time UPI user,Shivamogga,Durgigudi,Late night (11 PM-2 AM),Fake bank call requesting OTP,Fake bank call requesting OTP; target: First-time UPI user; late night (11 pm-2 am),2024-06-23,Linked to known offender record,18-25,F,2,Repeat,Consistent MO across all recorded cases
CASE-01502,UNASSIGNED,Cyber Fraud (OTP/Phishing),IT Act Sec 66C/66D,Elderly account holder,Mandya,Vidyanagar,Weekday mornings,Fake bank call requesting OTP,Fake bank call requesting OTP; target: Elderly account holder; weekday mornings,2023-02-22,Open - no offender match recorded,N/A - case unmatched,N/A - case unmatched,N/A - case unmatched,N/A - case unmatched,N/A - case unmatched
CASE-00278,OFF-00084,Cyber Fraud (OTP/Phishing),IT Act Sec 66C/66D,First-time UPI user,Raichur,Ashok Nagar,Midday (12-3 PM),Fake bank call requesting OTP,Fake bank call requesting OTP; target: First-time UPI user; midday (12-3 pm),2025-05-12,Linked to known offender record,36-45,F,5,Repeat,Escalating frequency over last 6 months
CASE-00881,OFF-00279,House Burglary,BNS Sec 305 (Burglary),Ground-floor apartment,Ramanagara,Town Centre,Early morning (4-7 AM),Window grille cutting,Window grille cutting; target: Ground-floor apartment; early morning (4-7 am),2023-11-16,Linked to known offender record,46-55,F,3,Repeat,Consistent MO across all recorded cases
CASE-01104,OFF-00335,Vehicle Theft (Four-wheeler),BNS Sec 303 (Theft),Parked vehicle - street,Bagalkot,Navanagar,Weekday mornings,Relay key attack,Relay key attack; target: Parked vehicle - street; weekday mornings,2025-10-07,Linked to known offender record,36-45,M,3,Repeat,Long gap then resurgence with same MO
CASE-01764,UNASSIGNED,Cyber Fraud (OTP/Phishing),IT Act Sec 66C/66D,Elderly account holder,Ballari,Cowl Bazaar,Weekend nights,Fake bank call requesting OTP,Fake bank call requesting OTP; target: Elderly account holder; weekend nights,2025-12-30,Open - no offender match recorded,N/A - case unmatched,N/A - case unmatched,N/A - case unmatched,N/A - case unmatched,N/A - case unmatched
CASE-01791,UNASSIGNED,Chain Snatching,BNS Sec 304 (Snatching),Elderly pedestrian,Bidar,New Bidar,Weekend nights,"Foot approach, distraction snatch","Foot approach, distraction snatch; target: Elderly pedestrian; weekend nights",2023-12-10,Open - no offender match recorded,N/A - case unmatched,N/A - case unmatched,N/A - case unmatched,N/A - case unmatched,N/A - case unmatched
CASE-01227,OFF-00371,Cyber Fraud (OTP/Phishing),IT Act Sec 66C/66D,First-time UPI user,Haveri,Old Town,Early morning (4-7 AM),SMS phishing link,SMS phishing link; target: First-time UPI user; early morning (4-7 am),2023-07-22,Linked to known offender record,36-45,M,4,Repeat,Alternates between two known methods
CASE-00648,OFF-00204,Chain Snatching,BNS Sec 304 (Snatching),Lone woman pedestrian,Kodagu,Madikeri town,Late night (11 PM-2 AM),Two-wheeler drive-by snatch,Two-wheeler drive-by snatch; target: Lone woman pedestrian; late night (11 pm-2 am),2024-06-21,Linked to known offender record,18-25,M,2,Repeat,Alternates between two known methods
CASE-01701,UNASSIGNED,Shop Robbery,BNS Sec 309 (Robbery),Jewellery shop,Koppal,Old Town,Evening rush (6-8 PM),"Armed threat, cash till","Armed threat, cash till; target: Jewellery shop; evening rush (6-8 pm)",2023-10-04,Open - no offender match recorded,N/A - case unmatched,N/A - case unmatched,N/A - case unmatched,N/A - case unmatched,N/A - case unmatched
CASE-01937,UNASSIGNED,Shop Robbery,BNS Sec 309 (Robbery),Jewellery shop,Kodagu,Gonikoppal town,Early morning (4-7 AM),"Armed threat, cash till","Armed threat, cash till; target: Jewellery shop; early morning (4-7 am)",2024-04-06,Open - no offender match recorded,N/A - case unmatched,N/A - case unmatched,N/A - case unmatched,N/A - case unmatched,N/A - case unmatched
CASE-00571,OFF-00179,Pickpocketing,BNS Sec 303 (Theft),Bus/rail commuter,Tumakuru,SS Puram,Evening rush (6-8 PM),Bag slit and remove,Bag slit and remove; target: Bus/rail commuter; evening rush (6-8 pm),2023-11-16,Linked to known offender record,56+,F,4,Repeat,Alternates between two known methods
CASE-01716,UNASSIGNED,Chain Snatching,BNS Sec 304 (Snatching),Elderly pedestrian,Bagalkot,Old Bagalkot,Late night (11 PM-2 AM),Two-wheeler drive-by snatch,Two-wheeler drive-by snatch; target: Elderly pedestrian; late night (11 pm-2 am),2024-01-07,Open - no offender match recorded,N/A - case unmatched,N/A - case unmatched,N/A - case unmatched,N/A - case unmatched,N/A - case unmatched
CASE-00855,OFF-00269,Chain Snatching,BNS Sec 304 (Snatching),Lone woman pedestrian,Uttara Kannada,Kumta town,Early morning (4-7 AM),"Foot approach, distraction snatch","Foot approach, distraction snatch; target: Lone woman pedestrian; early morning (4-7 am)",2025-03-11,Linked to known offender record,36-45,F,3,Repeat,Long gap then resurgence with same MO
CASE-00914,OFF-00287,Two-Wheeler Theft,BNS Sec 303 (Theft),Parked vehicle - residential,Uttara Kannada,Karwar town,Early morning (4-7 AM),Vehicle lifted onto pickup truck,Vehicle lifted onto pickup truck; target: Parked vehicle - residential; early morning (4-7 am),2025-08-07,Linked to known offender record,26-35,F,2,Repeat,Single recorded case - insufficient pattern history
CASE-00028,OFF-00010,Pickpocketing,BNS Sec 303 (Theft),Bus/rail commuter,Shivamogga,Durgigudi,Early morning (4-7 AM),Crowd distraction lift,Crowd distraction lift; target: Bus/rail commuter; early morning (4-7 am),2023-12-22,Linked to known offender record,46-55,F,4,Repeat,Single recorded case - insufficient pattern history
CASE-01747,UNASSIGNED,House Burglary,BNS Sec 305 (Burglary),Vacant residence,Bagalkot,Navanagar,Late night (11 PM-2 AM),Impersonation as utility worker,Impersonation as utility worker; target: Vacant residence; late night (11 pm-2 am),2024-03-09,Open - no offender match recorded,N/A - case unmatched,N/A - case unmatched,N/A - case unmatched,N/A - case unmatched,N/A - case unmatched
CASE-01610,UNASSIGNED,Two-Wheeler Theft,BNS Sec 303 (Theft),Parked vehicle - commercial area,Haveri,Bypass Road area,Midday (12-3 PM),Vehicle lifted onto pickup truck,Vehicle lifted onto pickup truck; target: Parked vehicle - commercial area; midday (12-3 pm),2024-06-26,Open - no offender match recorded,N/A - case unmatched,N/A - case unmatched,N/A - case unmatched,N/A - case unmatched,N/A - case unmatched
CASE-01852,UNASSIGNED,Two-Wheeler Theft,BNS Sec 303 (Theft),Parked vehicle - commercial area,Kalaburagi,Station Road area,Early morning (4-7 AM),Duplicate key / lock-picking,Duplicate key / lock-picking; target: Parked vehicle - commercial area; early morning (4-7 am),2023-12-17,Open - no offender match recorded,N/A - case unmatched,N/A - case unmatched,N/A - case unmatched,N/A - case unmatched,N/A - case unmatched
CASE-00312,OFF-00097,Cyber Fraud (OTP/Phishing),IT Act Sec 66C/66D,First-time UPI user,Mysuru,Bannimantap,Midday (12-3 PM),Fake bank call requesting OTP,Fake bank call requesting OTP; target: First-time UPI user; midday (12-3 pm),2023-02-26,Linked to known offender record,26-35,M,5,Repeat,Long gap then resurgence with same MO
CASE-00841,OFF-00262,Chain Snatching,BNS Sec 304 (Snatching),Lone woman pedestrian,Belagavi,Shahapur,Evening rush (6-8 PM),"Foot approach, distraction snatch","Foot approach, distraction snatch; target: Lone woman pedestrian; evening rush (6-8 pm)",2025-09-13,Linked to known offender record,18-25,M,2,Repeat,Single recorded case - insufficient pattern history
CASE-01713,UNASSIGNED,Vehicle Theft (Four-wheeler),BNS Sec 303 (Theft),Parked vehicle - street,Hassan,Race Course Road area,Weekday mornings,Tow-away theft,Tow-away theft; target: Parked vehicle - street; weekday mornings,2024-02-22,Open - no offender match recorded,N/A - case unmatched,N/A - case unmatched,N/A - case unmatched,N/A - case unmatched,N/A - case unmatched
CASE-00551,OFF-00175,ATM Tampering/Skimming,BNS Sec 318 / IT Act,ATM users - unmanned kiosk,Gadag,Station Road area,Weekday mornings,Skimmer device installation,Skimmer device installation; target: ATM users - unmanned kiosk; weekday mornings,2025-06-25,Linked to known offender record,26-35,F,4,Repeat,Consistent MO across all recorded cases
CASE-00520,OFF-00164,Vehicle Theft (Four-wheeler),BNS Sec 303 (Theft),Parked vehicle - street,Mangaluru (Dakshina Kannada),Hampankatta,Weekday mornings,Tow-away theft,Tow-away theft; target: Parked vehicle - street; weekday mornings,2024-11-30,Linked to known offender record,36-45,F,6,Repeat,Escalating frequency over last 6 months
CASE-01694,UNASSIGNED,House Burglary,BNS Sec 305 (Burglary),Ground-floor apartment,Kodagu,Madikeri town,Evening rush (6-8 PM),Impersonation as utility worker,Impersonation as utility worker; target: Ground-floor apartment; evening rush (6-8 pm),2025-11-27,Open - no offender match recorded,N/A - case unmatched,N/A - case unmatched,N/A - case unmatched,N/A - case unmatched,N/A - case unmatched
CASE-00932,OFF-00292,Chain Snatching,BNS Sec 304 (Snatching),Lone woman pedestrian,Mysuru,Kuvempunagar,Weekend nights,Two-wheeler drive-by snatch,Two-wheeler drive-by snatch; target: Lone woman pedestrian; weekend nights,2025-03-07,Linked to known offender record,18-25,F,4,Repeat,Alternates between two known methods
CASE-00748,OFF-00234,Cyber Fraud (OTP/Phishing),IT Act Sec 66C/66D,Elderly account holder,Hubballi-Dharwad,Keshwapur,Midday (12-3 PM),Fake bank call requesting OTP,Fake bank call requesting OTP; target: Elderly account holder; midday (12-3 pm),2023-12-17,Linked to known offender record,26-35,M,4,Repeat,Single recorded case - insufficient pattern history
CASE-00669,OFF-00211,Counterfeit Currency,BNS Sec 178-180,Small retail shop,Bidar,Old City area,Weekend nights,Bulk note circulation via shop network,Bulk note circulation via shop network; target: Small retail shop; weekend nights,2025-11-12,Linked to known offender record,26-35,M,2,Repeat,Single recorded case - insufficient pattern history
CASE-01370,OFF-00418,Shop Robbery,BNS Sec 309 (Robbery),Jewellery shop,Yadgir,Station Road area,Late night (11 PM-2 AM),"Armed threat, cash till","Armed threat, cash till; target: Jewellery shop; late night (11 pm-2 am)",2024-06-15,Linked to known offender record,26-35,F,1,First recorded instance,Alternates between two known methods
CASE-00277,OFF-00084,Cyber Fraud (OTP/Phishing),IT Act Sec 66C/66D,First-time UPI user,Raichur,Station Road area,Midday (12-3 PM),Fake bank call requesting OTP,Fake bank call requesting OTP; target: First-time UPI user; midday (12-3 pm),2024-12-27,Linked to known offender record,36-45,F,5,Repeat,Escalating frequency over last 6 months
CASE-00580,OFF-00182,ATM Tampering/Skimming,BNS Sec 318 / IT Act,ATM users - unmanned kiosk,Koppal,Old Town,Early morning (4-7 AM),Shoulder-surfing + card swap,Shoulder-surfing + card swap; target: ATM users - unmanned kiosk; early morning (4-7 am),2024-04-02,Linked to known offender record,56+,M,4,Repeat,Single recorded case - insufficient pattern history
CASE-01413,OFF-00431,Vehicle Theft (Four-wheeler),BNS Sec 303 (Theft),Parked vehicle - street,Bagalkot,Old Bagalkot,Late night (11 PM-2 AM),Tow-away theft,Tow-away theft; target: Parked vehicle - street; late night (11 pm-2 am),2024-12-05,Linked to known offender record,56+,F,6,Repeat,Alternates between two known methods
CASE-00107,OFF-00031,Chain Snatching,BNS Sec 304 (Snatching),Elderly pedestrian,Hubballi-Dharwad,Keshwapur,Late night (11 PM-2 AM),Two-wheeler drive-by snatch,Two-wheeler drive-by snatch; target: Elderly pedestrian; late night (11 pm-2 am),2025-01-12,Linked to known offender record,18-25,M,5,Repeat,Escalating frequency over last 6 months
CASE-01328,OFF-00401,ATM Tampering/Skimming,BNS Sec 318 / IT Act,ATM users - unmanned kiosk,Hassan,Vidyanagar,Midday (12-3 PM),Shoulder-surfing + card swap,Shoulder-surfing + card swap; target: ATM users - unmanned kiosk; midday (12-3 pm),2024-05-19,Linked to known offender record,18-25,F,3,Repeat,Alternates between two known methods
CASE-00115,OFF-00033,Vehicle Theft (Four-wheeler),BNS Sec 303 (Theft),Parked vehicle - street,Davanagere,PJ Extension,Weekday mornings,Relay key attack,Relay key attack; target: Parked vehicle - street; weekday mornings,2024-03-23,Linked to known offender record,26-35,F,5,Repeat,Single recorded case - insufficient pattern history
CASE-01523,UNASSIGNED,Vehicle Theft (Four-wheeler),BNS Sec 303 (Theft),Parked vehicle - street,Bengaluru Urban,Indiranagar,Early morning (4-7 AM),Tow-away theft,Tow-away theft; target: Parked vehicle - street; early morning (4-7 am),2023-10-07,Open - no offender match recorded,N/A - case unmatched,N/A - case unmatched,N/A - case unmatched,N/A - case unmatched,N/A - case unmatched
CASE-01519,UNASSIGNED,Counterfeit Currency,BNS Sec 178-180,Small retail shop,Bagalkot,Navanagar,Late night (11 PM-2 AM),Cash-for-goods swap,Cash-for-goods swap; target: Small retail shop; late night (11 pm-2 am),2024-11-03,Open - no offender match recorded,N/A - case unmatched,N/A - case unmatched,N/A - case unmatched,N/A - case unmatched,N/A - case unmatched
CASE-00191,OFF-00055,Shop Robbery,BNS Sec 309 (Robbery),Small retail shop,Bagalkot,Old Bagalkot,Midday (12-3 PM),"Armed threat, cash till","Armed threat, cash till; target: Small retail shop; midday (12-3 pm)",2025-10-17,Linked to known offender record,36-45,F,5,Repeat,Escalating frequency over last 6 months
CASE-01640,UNASSIGNED,Chit Fund / Investment Fraud,BNS Sec 318 (Cheating),Small investor group,Gadag,Station Road area,Midday (12-3 PM),"Fake high-return scheme, cash collection","Fake high-return scheme, cash collection; target: Small investor group; midday (12-3 pm)",2025-03-19,Open - no offender match recorded,N/A - case unmatched,N/A - case unmatched,N/A - case unmatched,N/A - case unmatched,N/A - case unmatched
CASE-00615,OFF-00193,Shop Robbery,BNS Sec 309 (Robbery),Jewellery shop,Tumakuru,Ashoknagar,Weekday mornings,Late-night forced entry,Late-night forced entry; target: Jewellery shop; weekday mornings,2025-04-04,Linked to known offender record,26-35,M,3,Repeat,Long gap then resurgence with same MO
CASE-01633,UNASSIGNED,Shop Robbery,BNS Sec 309 (Robbery),Small retail shop,Chikkamagaluru,IG Road area,Early morning (4-7 AM),"Armed threat, cash till","Armed threat, cash till; target: Small retail shop; early morning (4-7 am)",2023-09-15,Open - no offender match recorded,N/A - case unmatched,N/A - case unmatched,N/A - case unmatched,N/A - case unmatched,N/A - case unmatched
CASE-01668,UNASSIGNED,Pickpocketing,BNS Sec 303 (Theft),Bus/rail commuter,Shivamogga,Vinoba Nagar,Weekend nights,Crowd distraction lift,Crowd distraction lift; target: Bus/rail commuter; weekend nights,2025-06-03,Open - no offender match recorded,N/A - case unmatched,N/A - case unmatched,N/A - case unmatched,N/A - case unmatched,N/A - case unmatched
CASE-01811,UNASSIGNED,Two-Wheeler Theft,BNS Sec 303 (Theft),Parked vehicle - residential,Hassan,Vidyanagar,Late night (11 PM-2 AM),Vehicle lifted onto pickup truck,Vehicle lifted onto pickup truck; target: Parked vehicle - residential; late night (11 pm-2 am),2025-07-07,Open - no offender match recorded,N/A - case unmatched,N/A - case unmatched,N/A - case unmatched,N/A - case unmatched,N/A - case unmatched
CASE-01327,OFF-00400,Chain Snatching,BNS Sec 304 (Snatching),Elderly pedestrian,Ballari,Gandhinagar,Late night (11 PM-2 AM),"Foot approach, distraction snatch","Foot approach, distraction snatch; target: Elderly pedestrian; late night (11 pm-2 am)",2023-10-06,Linked to known offender record,36-45,F,2,Repeat,Escalating frequency over last 6 months
CASE-00859,OFF-00271,Chain Snatching,BNS Sec 304 (Snatching),Lone woman pedestrian,Chikkamagaluru,MG Road area,Early morning (4-7 AM),"Foot approach, distraction snatch","Foot approach, distraction snatch; target: Lone woman pedestrian; early morning (4-7 am)",2023-04-02,Linked to known offender record,46-55,M,5,Repeat,Single recorded case - insufficient pattern history
CASE-00962,OFF-00299,ATM Tampering/Skimming,BNS Sec 318 / IT Act,ATM users - unmanned kiosk,Shivamogga,Vinoba Nagar,Midday (12-3 PM),Shoulder-surfing + card swap,Shoulder-surfing + card swap; target: ATM users - unmanned kiosk; midday (12-3 pm),2023-10-11,Linked to known offender record,18-25,F,4,Repeat,Escalating frequency over last 6 months
CASE-01753,UNASSIGNED,Pickpocketing,BNS Sec 303 (Theft),Market crowd,Haveri,Old Town,Late night (11 PM-2 AM),Crowd distraction lift,Crowd distraction lift; target: Market crowd; late night (11 pm-2 am),2023-07-07,Open - no offender match recorded,N/A - case unmatched,N/A - case unmatched,N/A - case unmatched,N/A - case unmatched,N/A - case unmatched
CASE-00788,OFF-00245,Counterfeit Currency,BNS Sec 178-180,Currency exchange,Chitradurga,Basaveshwara Nagar,Weekend nights,Bulk note circulation via shop network,Bulk note circulation via shop network; target: Currency exchange; weekend nights,2025-07-05,Linked to known offender record,56+,F,3,Repeat,Single recorded case - insufficient pattern history
CASE-00535,OFF-00168,Shop Robbery,BNS Sec 309 (Robbery),Jewellery shop,Tumakuru,SS Puram,Early morning (4-7 AM),"Armed threat, cash till","Armed threat, cash till; target: Jewellery shop; early morning (4-7 am)",2024-07-05,Linked to known offender record,56+,F,2,Repeat,Long gap then resurgence with same MO
CASE-00049,OFF-00015,Chain Snatching,BNS Sec 304 (Snatching),Lone woman pedestrian,Davanagere,Shamanur Road area,Weekday mornings,"Foot approach, distraction snatch","Foot approach, distraction snatch; target: Lone woman pedestrian; weekday mornings",2023-08-18,Linked to known offender record,18-25,F,4,Repeat,Long gap then resurgence with same MO
CASE-01208,OFF-00365,Vehicle Theft (Four-wheeler),BNS Sec 303 (Theft),Parked vehicle - street,Tumakuru,Ashoknagar,Weekday mornings,Tow-away theft,Tow-away theft; target: Parked vehicle - street; weekday mornings,2024-01-15,Linked to known offender record,46-55,M,4,Repeat,Alternates between two known methods
CASE-00742,OFF-00233,Two-Wheeler Theft,BNS Sec 303 (Theft),Parked vehicle - residential,Hassan,Race Course Road area,Weekday mornings,Vehicle lifted onto pickup truck,Vehicle lifted onto pickup truck; target: Parked vehicle - residential; weekday mornings,2023-05-04,Linked to known offender record,36-45,F,5,Repeat,Consistent MO across all recorded cases
CASE-01721,UNASSIGNED,Chit Fund / Investment Fraud,BNS Sec 318 (Cheating),Small investor group,Raichur,Station Road area,Evening rush (6-8 PM),"Fake high-return scheme, cash collection","Fake high-return scheme, cash collection; target: Small investor group; evening rush (6-8 pm)",2024-11-12,Open - no offender match recorded,N/A - case unmatched,N/A - case unmatched,N/A - case unmatched,N/A - case unmatched,N/A - case unmatched
CASE-00959,OFF-00299,ATM Tampering/Skimming,BNS Sec 318 / IT Act,ATM users - unmanned kiosk,Kodagu,Gonikoppal town,Evening rush (6-8 PM),Shoulder-surfing + card swap,Shoulder-surfing + card swap; target: ATM users - unmanned kiosk; evening rush (6-8 pm),2023-03-27,Linked to known offender record,18-25,F,4,Repeat,Escalating frequency over last 6 months
CASE-00852,OFF-00268,Cyber Fraud (OTP/Phishing),IT Act Sec 66C/66D,First-time UPI user,Vijayapura,Athani Road area,Evening rush (6-8 PM),Fake bank call requesting OTP,Fake bank call requesting OTP; target: First-time UPI user; evening rush (6-8 pm),2025-02-20,Linked to known offender record,36-45,F,1,First recorded instance,Alternates between two known methods
CASE-00572,OFF-00180,House Burglary,BNS Sec 305 (Burglary),Ground-floor apartment,Tumakuru,Kunigal Road area,Late night (11 PM-2 AM),Window grille cutting,Window grille cutting; target: Ground-floor apartment; late night (11 pm-2 am),2025-03-05,Linked to known offender record,36-45,M,1,First recorded instance,Consistent MO across all recorded cases
CASE-01405,OFF-00429,Vehicle Theft (Four-wheeler),BNS Sec 303 (Theft),Parked vehicle - street,Bidar,Chidri,Late night (11 PM-2 AM),Tow-away theft,Tow-away theft; target: Parked vehicle - street; late night (11 pm-2 am),2025-04-08,Linked to known offender record,46-55,M,6,Repeat,Consistent MO across all recorded cases
CASE-00679,OFF-00215,Vehicle Theft (Four-wheeler),BNS Sec 303 (Theft),Parked vehicle - street,Chikkamagaluru,IG Road area,Midday (12-3 PM),Tow-away theft,Tow-away theft; target: Parked vehicle - street; midday (12-3 pm),2025-11-12,Linked to known offender record,36-45,M,6,Repeat,Alternates between two known methods
CASE-01296,OFF-00391,House Burglary,BNS Sec 305 (Burglary),Vacant residence,Davanagere,Vinoba Nagar,Evening rush (6-8 PM),Impersonation as utility worker,Impersonation as utility worker; target: Vacant residence; evening rush (6-8 pm),2023-02-16,Linked to known offender record,46-55,F,4,Repeat,Long gap then resurgence with same MO
CASE-00257,OFF-00076,Two-Wheeler Theft,BNS Sec 303 (Theft),Parked vehicle - residential,Koppal,Gangavathi Road area,Early morning (4-7 AM),Duplicate key / lock-picking,Duplicate key / lock-picking; target: Parked vehicle - residential; early morning (4-7 am),2025-04-07,Linked to known offender record,46-55,F,3,Repeat,Escalating frequency over last 6 months
CASE-01151,OFF-00350,Vehicle Theft (Four-wheeler),BNS Sec 303 (Theft),Parked vehicle - street,Belagavi,Vadgaon,Midday (12-3 PM),Tow-away theft,Tow-away theft; target: Parked vehicle - street; midday (12-3 pm),2024-04-15,Linked to known offender record,56+,M,6,Repeat,Alternates between two known methods
CASE-00746,OFF-00234,Cyber Fraud (OTP/Phishing),IT Act Sec 66C/66D,Elderly account holder,Vijayapura,Jubilee Circle area,Weekday mornings,Fake bank call requesting OTP,Fake bank call requesting OTP; target: Elderly account holder; weekday mornings,2024-11-01,Linked to known offender record,26-35,M,4,Repeat,Single recorded case - insufficient pattern history
CASE-01708,UNASSIGNED,Cyber Fraud (OTP/Phishing),IT Act Sec 66C/66D,Elderly account holder,Mandya,Vidyanagar,Evening rush (6-8 PM),Fake bank call requesting OTP,Fake bank call requesting OTP; target: Elderly account holder; evening rush (6-8 pm),2023-04-26,Open - no offender match recorded,N/A - case unmatched,N/A - case unmatched,N/A - case unmatched,N/A - case unmatched,N/A - case unmatched
CASE-00835,OFF-00260,Cyber Fraud (OTP/Phishing),IT Act Sec 66C/66D,First-time UPI user,Tumakuru,SS Puram,Evening rush (6-8 PM),Fake bank call requesting OTP,Fake bank call requesting OTP; target: First-time UPI user; evening rush (6-8 pm),2024-04-20,Linked to known offender record,56+,F,4,Repeat,Escalating frequency over last 6 months
CASE-00864,OFF-00273,House Burglary,BNS Sec 305 (Burglary),Ground-floor apartment,Ballari,Gandhinagar,Early morning (4-7 AM),Impersonation as utility worker,Impersonation as utility worker; target: Ground-floor apartment; early morning (4-7 am),2023-06-03,Linked to known offender record,56+,F,2,Repeat,Alternates between two known methods
CASE-00889,OFF-00281,Pickpocketing,BNS Sec 303 (Theft),Market crowd,Bidar,Chidri,Early morning (4-7 AM),Bag slit and remove,Bag slit and remove; target: Market crowd; early morning (4-7 am),2023-04-07,Linked to known offender record,56+,M,4,Repeat,Escalating frequency over last 6 months
CASE-00777,OFF-00242,Two-Wheeler Theft,BNS Sec 303 (Theft),Parked vehicle - commercial area,Yadgir,Station Road area,Evening rush (6-8 PM),Vehicle lifted onto pickup truck,Vehicle lifted onto pickup truck; target: Parked vehicle - commercial area; evening rush (6-8 pm),2025-07-09,Linked to known offender record,18-25,M,2,Repeat,Escalating frequency over last 6 months
CASE-00025,OFF-00009,House Burglary,BNS Sec 305 (Burglary),Vacant residence,Chitradurga,Basaveshwara Nagar,Late night (11 PM-2 AM),Window grille cutting,Window grille cutting; target: Vacant residence; late night (11 pm-2 am),2024-10-06,Linked to known offender record,56+,M,5,Repeat,Escalating frequency over last 6 months
CASE-00563,OFF-00177,Shop Robbery,BNS Sec 309 (Robbery),Jewellery shop,Raichur,Ashok Nagar,Late night (11 PM-2 AM),Late-night forced entry,Late-night forced entry; target: Jewellery shop; late night (11 pm-2 am),2025-08-03,Linked to known offender record,56+,M,4,Repeat,Escalating frequency over last 6 months
CASE-01209,OFF-00365,Vehicle Theft (Four-wheeler),BNS Sec 303 (Theft),Parked vehicle - street,Chamarajanagar,Town Centre,Weekday mornings,Tow-away theft,Tow-away theft; target: Parked vehicle - street; weekday mornings,2024-11-15,Linked to known offender record,46-55,M,4,Repeat,Alternates between two known methods
CASE-00290,OFF-00088,Vehicle Theft (Four-wheeler),BNS Sec 303 (Theft),Parked vehicle - street,Shivamogga,Vinoba Nagar,Late night (11 PM-2 AM),Relay key attack,Relay key attack; target: Parked vehicle - street; late night (11 pm-2 am),2025-03-14,Linked to known offender record,56+,F,5,Repeat,Escalating frequency over last 6 months
CASE-00523,OFF-00164,Vehicle Theft (Four-wheeler),BNS Sec 303 (Theft),Parked vehicle - street,Bengaluru Rural,Doddaballapur town,Weekday mornings,Tow-away theft,Tow-away theft; target: Parked vehicle - street; weekday mornings,2024-11-25,Linked to known offender record,36-45,F,6,Repeat,Escalating frequency over last 6 months
CASE-01949,UNASSIGNED,Vehicle Theft (Four-wheeler),BNS Sec 303 (Theft),Parked vehicle - street,Tumakuru,SS Puram,Weekend nights,Tow-away theft,Tow-away theft; target: Parked vehicle - street; weekend nights,2025-11-06,Open - no offender match recorded,N/A - case unmatched,N/A - case unmatched,N/A - case unmatched,N/A - case unmatched,N/A - case unmatched
CASE-01554,UNASSIGNED,Vehicle Theft (Four-wheeler),BNS Sec 303 (Theft),Parked vehicle - street,Bengaluru Rural,Doddaballapur town,Late night (11 PM-2 AM),Relay key attack,Relay key attack; target: Parked vehicle - street; late night (11 pm-2 am),2024-10-21,Open - no offender match recorded,N/A - case unmatched,N/A - case unmatched,N/A - case unmatched,N/A - case unmatched,N/A - case unmatched
CASE-01962,UNASSIGNED,Shop Robbery,BNS Sec 309 (Robbery),Jewellery shop,Hubballi-Dharwad,Keshwapur,Evening rush (6-8 PM),Late-night forced entry,Late-night forced entry; target: Jewellery shop; evening rush (6-8 pm),2023-06-15,Open - no offender match recorded,N/A - case unmatched,N/A - case unmatched,N/A - case unmatched,N/A - case unmatched,N/A - case unmatched
CASE-00300,OFF-00092,Chit Fund / Investment Fraud,BNS Sec 318 (Cheating),Small investor group,Yadgir,Station Road area,Weekend nights,"Fake high-return scheme, cash collection","Fake high-return scheme, cash collection; target: Small investor group; weekend nights",2023-01-15,Linked to known offender record,56+,M,5,Repeat,Long gap then resurgence with same MO
CASE-01398,OFF-00427,Vehicle Theft (Four-wheeler),BNS Sec 303 (Theft),Parked vehicle - street,Chikkaballapur,MG Road area,Evening rush (6-8 PM),Tow-away theft,Tow-away theft; target: Parked vehicle - street; evening rush (6-8 pm),2025-04-30,Linked to known offender record,26-35,M,1,First recorded instance,Escalating frequency over last 6 months
CASE-01598,UNASSIGNED,Counterfeit Currency,BNS Sec 178-180,Currency exchange,Raichur,Ashok Nagar,Late night (11 PM-2 AM),Bulk note circulation via shop network,Bulk note circulation via shop network; target: Currency exchange; late night (11 pm-2 am),2023-11-04,Open - no offender match recorded,N/A - case unmatched,N/A - case unmatched,N/A - case unmatched,N/A - case unmatched,N/A - case unmatched
CASE-01129,OFF-00343,Counterfeit Currency,BNS Sec 178-180,Small retail shop,Bengaluru Rural,Nelamangala town,Evening rush (6-8 PM),Cash-for-goods swap,Cash-for-goods swap; target: Small retail shop; evening rush (6-8 pm),2023-04-04,Linked to known offender record,18-25,M,6,Repeat,Alternates between two known methods
CASE-00147,OFF-00041,Cyber Fraud (OTP/Phishing),IT Act Sec 66C/66D,Elderly account holder,Koppal,Old Town,Early morning (4-7 AM),SMS phishing link,SMS phishing link; target: Elderly account holder; early morning (4-7 am),2025-10-22,Linked to known offender record,26-35,F,5,Repeat,Escalating frequency over last 6 months
CASE-01218,OFF-00368,Two-Wheeler Theft,BNS Sec 303 (Theft),Parked vehicle - residential,Davanagere,Vinoba Nagar,Midday (12-3 PM),Duplicate key / lock-picking,Duplicate key / lock-picking; target: Parked vehicle - residential; midday (12-3 pm),2025-05-22,Linked to known offender record,36-45,F,5,Repeat,Single recorded case - insufficient pattern history
CASE-01792,UNASSIGNED,House Burglary,BNS Sec 305 (Burglary),Ground-floor apartment,Mandya,Bannur Road area,Midday (12-3 PM),Impersonation as utility worker,Impersonation as utility worker; target: Ground-floor apartment; midday (12-3 pm),2023-10-14,Open - no offender match recorded,N/A - case unmatched,N/A - case unmatched,N/A - case unmatched,N/A - case unmatched,N/A - case unmatched
CASE-00921,OFF-00289,House Burglary,BNS Sec 305 (Burglary),Vacant residence,Tumakuru,Kunigal Road area,Weekday mornings,Impersonation as utility worker,Impersonation as utility worker; target: Vacant residence; weekday mornings,2023-05-31,Linked to known offender record,26-35,M,6,Repeat,Alternates between two known methods
CASE-00767,OFF-00239,Counterfeit Currency,BNS Sec 178-180,Small retail shop,Haveri,Bypass Road area,Early morning (4-7 AM),Cash-for-goods swap,Cash-for-goods swap; target: Small retail shop; early morning (4-7 am),2023-09-21,Linked to known offender record,36-45,F,1,First recorded instance,Single recorded case - insufficient pattern history
CASE-00853,OFF-00269,Chain Snatching,BNS Sec 304 (Snatching),Elderly pedestrian,Uttara Kannada,Sirsi town,Early morning (4-7 AM),"Foot approach, distraction snatch","Foot approach, distraction snatch; target: Elderly pedestrian; early morning (4-7 am)",2023-11-04,Linked to known offender record,36-45,F,3,Repeat,Long gap then resurgence with same MO
CASE-01992,UNASSIGNED,Two-Wheeler Theft,BNS Sec 303 (Theft),Parked vehicle - residential,Ramanagara,Bengaluru-Mysuru Highway area,Evening rush (6-8 PM),Duplicate key / lock-picking,Duplicate key / lock-picking; target: Parked vehicle - residential; evening rush (6-8 pm),2025-02-17,Open - no offender match recorded,N/A - case unmatched,N/A - case unmatched,N/A - case unmatched,N/A - case unmatched,N/A - case unmatched
CASE-00073,OFF-00020,House Burglary,BNS Sec 305 (Burglary),Ground-floor apartment,Tumakuru,Kunigal Road area,Midday (12-3 PM),"Lock-breaking, rear entry","Lock-breaking, rear entry; target: Ground-floor apartment; midday (12-3 pm)",2023-07-03,Linked to known offender record,46-55,M,5,Repeat,Long gap then resurgence with same MO
CASE-00449,OFF-00143,Chain Snatching,BNS Sec 304 (Snatching),Lone woman pedestrian,Udupi,Manipal,Early morning (4-7 AM),Two-wheeler drive-by snatch,Two-wheeler drive-by snatch; target: Lone woman pedestrian; early morning (4-7 am),2024-11-21,Linked to known offender record,46-55,F,2,Repeat,Alternates between two known methods
CASE-01579,UNASSIGNED,Vehicle Theft (Four-wheeler),BNS Sec 303 (Theft),Parked vehicle - street,Chamarajanagar,Kollegal Road area,Evening rush (6-8 PM),Relay key attack,Relay key attack; target: Parked vehicle - street; evening rush (6-8 pm),2023-01-17,Open - no offender match recorded,N/A - case unmatched,N/A - case unmatched,N/A - case unmatched,N/A - case unmatched,N/A - case unmatched
CASE-00487,OFF-00155,Vehicle Theft (Four-wheeler),BNS Sec 303 (Theft),Parked vehicle - street,Tumakuru,Ashoknagar,Evening rush (6-8 PM),Relay key attack,Relay key attack; target: Parked vehicle - street; evening rush (6-8 pm),2023-11-20,Linked to known offender record,36-45,F,6,Repeat,Consistent MO across all recorded cases
CASE-00169,OFF-00049,Vehicle Theft (Four-wheeler),BNS Sec 303 (Theft),Parked vehicle - street,Ballari,Cowl Bazaar,Late night (11 PM-2 AM),Tow-away theft,Tow-away theft; target: Parked vehicle - street; late night (11 pm-2 am),2023-07-01,Linked to known offender record,18-25,M,4,Repeat,Escalating frequency over last 6 months
CASE-00543,OFF-00172,Counterfeit Currency,BNS Sec 178-180,Currency exchange,Belagavi,Camp Area,Weekday mornings,Bulk note circulation via shop network,Bulk note circulation via shop network; target: Currency exchange; weekday mornings,2023-11-27,Linked to known offender record,18-25,F,3,Repeat,Long gap then resurgence with same MO
CASE-01995,UNASSIGNED,Two-Wheeler Theft,BNS Sec 303 (Theft),Parked vehicle - residential,Udupi,Manipal,Weekday mornings,Vehicle lifted onto pickup truck,Vehicle lifted onto pickup truck; target: Parked vehicle - residential; weekday mornings,2025-01-15,Open - no offender match recorded,N/A - case unmatched,N/A - case unmatched,N/A - case unmatched,N/A - case unmatched,N/A - case unmatched
CASE-01977,UNASSIGNED,Vehicle Theft (Four-wheeler),BNS Sec 303 (Theft),Parked vehicle - street,Hassan,Vidyanagar,Midday (12-3 PM),Relay key attack,Relay key attack; target: Parked vehicle - street; midday (12-3 pm),2024-02-26,Open - no offender match recorded,N/A - case unmatched,N/A - case unmatched,N/A - case unmatched,N/A - case unmatched,N/A - case unmatched
CASE-01211,OFF-00365,Vehicle Theft (Four-wheeler),BNS Sec 303 (Theft),Parked vehicle - street,Haveri,Bypass Road area,Midday (12-3 PM),Tow-away theft,Tow-away theft; target: Parked vehicle - street; midday (12-3 pm),2025-05-15,Linked to known offender record,46-55,M,4,Repeat,Alternates between two known methods
CASE-00186,OFF-00053,Two-Wheeler Theft,BNS Sec 303 (Theft),Parked vehicle - commercial area,Bagalkot,Navanagar,Late night (11 PM-2 AM),Vehicle lifted onto pickup truck,Vehicle lifted onto pickup truck; target: Parked vehicle - commercial area; late night (11 pm-2 am),2024-02-15,Linked to known offender record,46-55,M,5,Repeat,Escalating frequency over last 6 months
CASE-00548,OFF-00173,Chit Fund / Investment Fraud,BNS Sec 318 (Cheating),Small investor group,Bengaluru Urban,Yeshwanthpur,Weekend nights,"Fake high-return scheme, cash collection","Fake high-return scheme, cash collection; target: Small investor group; weekend nights",2024-01-17,Linked to known offender record,18-25,M,3,Repeat,Escalating frequency over last 6 months
CASE-00093,OFF-00027,Shop Robbery,BNS Sec 309 (Robbery),Jewellery shop,Davanagere,Shamanur Road area,Late night (11 PM-2 AM),"Armed threat, cash till","Armed threat, cash till; target: Jewellery shop; late night (11 pm-2 am)",2023-03-31,Linked to known offender record,56+,F,5,Repeat,Single recorded case - insufficient pattern history
CASE-00979,OFF-00303,ATM Tampering/Skimming,BNS Sec 318 / IT Act,ATM users - unmanned kiosk,Kodagu,Gonikoppal town,Late night (11 PM-2 AM),Skimmer device installation,Skimmer device installation; target: ATM users - unmanned kiosk; late night (11 pm-2 am),2025-12-15,Linked to known offender record,56+,M,6,Repeat,Long gap then resurgence with same MO
CASE-00626,OFF-00199,Chit Fund / Investment Fraud,BNS Sec 318 (Cheating),Small investor group,Hubballi-Dharwad,Old Hubballi,Weekday mornings,"Fake high-return scheme, cash collection","Fake high-return scheme, cash collection; target: Small investor group; weekday mornings",2025-06-07,Linked to known offender record,46-55,M,6,Repeat,Single recorded case - insufficient pattern history
CASE-01354,OFF-00410,Cyber Fraud (OTP/Phishing),IT Act Sec 66C/66D,Elderly account holder,Chitradurga,Old Bus Stand area,Weekday mornings,SMS phishing link,SMS phishing link; target: Elderly account holder; weekday mornings,2023-09-29,Linked to known offender record,26-35,M,5,Repeat,Consistent MO across all recorded cases
CASE-01882,UNASSIGNED,Chain Snatching,BNS Sec 304 (Snatching),Elderly pedestrian,Tumakuru,Kunigal Road area,Midday (12-3 PM),Two-wheeler drive-by snatch,Two-wheeler drive-by snatch; target: Elderly pedestrian; midday (12-3 pm),2025-01-04,Open - no offender match recorded,N/A - case unmatched,N/A - case unmatched,N/A - case unmatched,N/A - case unmatched,N/A - case unmatched
CASE-00687,OFF-00216,Shop Robbery,BNS Sec 309 (Robbery),Small retail shop,Bidar,Chidri,Evening rush (6-8 PM),"Armed threat, cash till","Armed threat, cash till; target: Small retail shop; evening rush (6-8 pm)",2024-01-26,Linked to known offender record,46-55,F,6,Repeat,Consistent MO across all recorded cases
CASE-01372,OFF-00419,Chain Snatching,BNS Sec 304 (Snatching),Lone woman pedestrian,Koppal,Old Town,Late night (11 PM-2 AM),"Foot approach, distraction snatch","Foot approach, distraction snatch; target: Lone woman pedestrian; late night (11 pm-2 am)",2025-03-30,Linked to known offender record,36-45,M,5,Repeat,Alternates between two known methods
CASE-00695,OFF-00218,ATM Tampering/Skimming,BNS Sec 318 / IT Act,ATM users - unmanned kiosk,Bidar,Chidri,Early morning (4-7 AM),Shoulder-surfing + card swap,Shoulder-surfing + card swap; target: ATM users - unmanned kiosk; early morning (4-7 am),2024-02-26,Linked to known offender record,26-35,F,5,Repeat,Consistent MO across all recorded cases
CASE-00297,OFF-00091,Two-Wheeler Theft,BNS Sec 303 (Theft),Parked vehicle - residential,Chamarajanagar,Kollegal Road area,Midday (12-3 PM),Duplicate key / lock-picking,Duplicate key / lock-picking; target: Parked vehicle - residential; midday (12-3 pm),2025-05-28,Linked to known offender record,18-25,M,4,Repeat,Alternates between two known methods
CASE-00752,OFF-00235,Chit Fund / Investment Fraud,BNS Sec 318 (Cheating),Small investor group,Koppal,Gangavathi Road area,Evening rush (6-8 PM),"Fake high-return scheme, cash collection","Fake high-return scheme, cash collection; target: Small investor group; evening rush (6-8 pm)",2023-04-10,Linked to known offender record,56+,F,3,Repeat,Consistent MO across all recorded cases
CASE-01835,UNASSIGNED,Pickpocketing,BNS Sec 303 (Theft),Bus/rail commuter,Hassan,Race Course Road area,Evening rush (6-8 PM),Crowd distraction lift,Crowd distraction lift; target: Bus/rail commuter; evening rush (6-8 pm),2025-07-16,Open - no offender match recorded,N/A - case unmatched,N/A - case unmatched,N/A - case unmatched,N/A - case unmatched,N/A - case unmatched
CASE-00459,OFF-00147,Counterfeit Currency,BNS Sec 178-180,Currency exchange,Kalaburagi,Jewargi Road area,Evening rush (6-8 PM),Bulk note circulation via shop network,Bulk note circulation via shop network; target: Currency exchange; evening rush (6-8 pm),2024-03-15,Linked to known offender record,18-25,F,2,Repeat,Long gap then resurgence with same MO
CASE-01815,UNASSIGNED,ATM Tampering/Skimming,BNS Sec 318 / IT Act,ATM users - unmanned kiosk,Kodagu,Gonikoppal town,Midday (12-3 PM),Shoulder-surfing + card swap,Shoulder-surfing + card swap; target: ATM users - unmanned kiosk; midday (12-3 pm),2024-01-26,Open - no offender match recorded,N/A - case unmatched,N/A - case unmatched,N/A - case unmatched,N/A - case unmatched,N/A - case unmatched
CASE-01614,UNASSIGNED,Chit Fund / Investment Fraud,BNS Sec 318 (Cheating),Small investor group,Udupi,Malpe Road area,Early morning (4-7 AM),"Fake high-return scheme, cash collection","Fake high-return scheme, cash collection; target: Small investor group; early morning (4-7 am)",2025-04-08,Open - no offender match recorded,N/A - case unmatched,N/A - case unmatched,N/A - case unmatched,N/A - case unmatched,N/A - case unmatched
CASE-01829,UNASSIGNED,House Burglary,BNS Sec 305 (Burglary),Vacant residence,Bengaluru Urban,Jayanagar,Weekend nights,Window grille cutting,Window grille cutting; target: Vacant residence; weekend nights,2024-01-31,Open - no offender match recorded,N/A - case unmatched,N/A - case unmatched,N/A - case unmatched,N/A - case unmatched,N/A - case unmatched
CASE-00706,OFF-00222,Two-Wheeler Theft,BNS Sec 303 (Theft),Parked vehicle - residential,Chitradurga,Old Bus Stand area,Evening rush (6-8 PM),Duplicate key / lock-picking,Duplicate key / lock-picking; target: Parked vehicle - residential; evening rush (6-8 pm),2024-05-15,Linked to known offender record,18-25,M,4,Repeat,Consistent MO across all recorded cases
CASE-00937,OFF-00293,Cyber Fraud (OTP/Phishing),IT Act Sec 66C/66D,Elderly account holder,Yadgir,Station Road area,Late night (11 PM-2 AM),SMS phishing link,SMS phishing link; target: Elderly account holder; late night (11 pm-2 am),2025-08-14,Linked to known offender record,56+,F,6,Repeat,Consistent MO across all recorded cases
CASE-01788,UNASSIGNED,Two-Wheeler Theft,BNS Sec 303 (Theft),Parked vehicle - commercial area,Hassan,Race Course Road area,Weekday mornings,Duplicate key / lock-picking,Duplicate key / lock-picking; target: Parked vehicle - commercial area; weekday mornings,2023-10-20,Open - no offender match recorded,N/A - case unmatched,N/A - case unmatched,N/A - case unmatched,N/A - case unmatched,N/A - case unmatched
CASE-00753,OFF-00236,Chain Snatching,BNS Sec 304 (Snatching),Lone woman pedestrian,Hubballi-Dharwad,Keshwapur,Weekend nights,"Foot approach, distraction snatch","Foot approach, distraction snatch; target: Lone woman pedestrian; weekend nights",2025-02-19,Linked to known offender record,26-35,M,6,Repeat,Single recorded case - insufficient pattern history
CASE-01106,OFF-00336,Shop Robbery,BNS Sec 309 (Robbery),Small retail shop,Vijayapura,Jubilee Circle area,Weekend nights,"Armed threat, cash till","Armed threat, cash till; target: Small retail shop; weekend nights",2023-06-11,Linked to known offender record,46-55,F,3,Repeat,Single recorded case - insufficient pattern history
CASE-00613,OFF-00192,Chain Snatching,BNS Sec 304 (Snatching),Lone woman pedestrian,Tumakuru,SS Puram,Early morning (4-7 AM),"Foot approach, distraction snatch","Foot approach, distraction snatch; target: Lone woman pedestrian; early morning (4-7 am)",2024-01-13,Linked to known offender record,18-25,F,3,Repeat,Consistent MO across all recorded cases
CASE-00114,OFF-00033,Vehicle Theft (Four-wheeler),BNS Sec 303 (Theft),Parked vehicle - street,Vijayapura,Station Area,Early morning (4-7 AM),Tow-away theft,Tow-away theft; target: Parked vehicle - street; early morning (4-7 am),2024-07-18,Linked to known offender record,26-35,F,5,Repeat,Single recorded case - insufficient pattern history
CASE-01109,OFF-00337,Pickpocketing,BNS Sec 303 (Theft),Market crowd,Ramanagara,Town Centre,Weekday mornings,Bag slit and remove,Bag slit and remove; target: Market crowd; weekday mornings,2024-09-02,Linked to known offender record,36-45,M,3,Repeat,Alternates between two known methods
CASE-00915,OFF-00287,Two-Wheeler Theft,BNS Sec 303 (Theft),Parked vehicle - commercial area,Chitradurga,Basaveshwara Nagar,Early morning (4-7 AM),Duplicate key / lock-picking,Duplicate key / lock-picking; target: Parked vehicle - commercial area; early morning (4-7 am),2025-01-07,Linked to known offender record,26-35,F,2,Repeat,Single recorded case - insufficient pattern history
CASE-00235,OFF-00069,Cyber Fraud (OTP/Phishing),IT Act Sec 66C/66D,First-time UPI user,Ramanagara,Town Centre,Midday (12-3 PM),SMS phishing link,SMS phishing link; target: First-time UPI user; midday (12-3 pm),2024-09-23,Linked to known offender record,18-25,F,4,Repeat,Alternates between two known methods
CASE-00508,OFF-00161,Chain Snatching,BNS Sec 304 (Snatching),Elderly pedestrian,Bidar,Old City area,Evening rush (6-8 PM),Two-wheeler drive-by snatch,Two-wheeler drive-by snatch; target: Elderly pedestrian; evening rush (6-8 pm),2025-04-12,Linked to known offender record,18-25,M,4,Repeat,Alternates between two known methods
CASE-01317,OFF-00398,Chain Snatching,BNS Sec 304 (Snatching),Lone woman pedestrian,Belagavi,Tilakwadi,Early morning (4-7 AM),"Foot approach, distraction snatch","Foot approach, distraction snatch; target: Lone woman pedestrian; early morning (4-7 am)",2025-05-03,Linked to known offender record,26-35,F,6,Repeat,Escalating frequency over last 6 months
CASE-00365,OFF-00118,Shop Robbery,BNS Sec 309 (Robbery),Small retail shop,Ramanagara,Town Centre,Weekday mornings,Late-night forced entry,Late-night forced entry; target: Small retail shop; weekday mornings,2024-06-26,Linked to known offender record,26-35,F,3,Repeat,Consistent MO across all recorded cases
CASE-00480,OFF-00153,Vehicle Theft (Four-wheeler),BNS Sec 303 (Theft),Parked vehicle - street,Tumakuru,SS Puram,Late night (11 PM-2 AM),Relay key attack,Relay key attack; target: Parked vehicle - street; late night (11 pm-2 am),2024-06-29,Linked to known offender record,18-25,F,4,Repeat,Alternates between two known methods
CASE-01019,OFF-00314,Chain Snatching,BNS Sec 304 (Snatching),Elderly pedestrian,Kalaburagi,Jewargi Road area,Late night (11 PM-2 AM),"Foot approach, distraction snatch","Foot approach, distraction snatch; target: Elderly pedestrian; late night (11 pm-2 am)",2024-10-08,Linked to known offender record,36-45,F,4,Repeat,Long gap then resurgence with same MO
CASE-01686,UNASSIGNED,ATM Tampering/Skimming,BNS Sec 318 / IT Act,ATM users - unmanned kiosk,Mangaluru (Dakshina Kannada),Kadri,Early morning (4-7 AM),Shoulder-surfing + card swap,Shoulder-surfing + card swap; target: ATM users - unmanned kiosk; early morning (4-7 am),2024-05-28,Open - no offender match recorded,N/A - case unmatched,N/A - case unmatched,N/A - case unmatched,N/A - case unmatched,N/A - case unmatched
CASE-00611,OFF-00192,Chain Snatching,BNS Sec 304 (Snatching),Lone woman pedestrian,Tumakuru,SS Puram,Evening rush (6-8 PM),Two-wheeler drive-by snatch,Two-wheeler drive-by snatch; target: Lone woman pedestrian; evening rush (6-8 pm),2023-02-01,Linked to known offender record,18-25,F,3,Repeat,Consistent MO across all recorded cases
CASE-00838,OFF-00261,Counterfeit Currency,BNS Sec 178-180,Small retail shop,Udupi,Malpe Road area,Weekend nights,Cash-for-goods swap,Cash-for-goods swap; target: Small retail shop; weekend nights,2023-09-14,Linked to known offender record,56+,M,4,Repeat,Escalating frequency over last 6 months
CASE-01028,OFF-00316,Shop Robbery,BNS Sec 309 (Robbery),Small retail shop,Chikkaballapur,Bus Stand area,Weekend nights,"Armed threat, cash till","Armed threat, cash till; target: Small retail shop; weekend nights",2023-10-09,Linked to known offender record,26-35,F,6,Repeat,Alternates between two known methods
CASE-01216,OFF-00367,Counterfeit Currency,BNS Sec 178-180,Currency exchange,Bagalkot,Navanagar,Midday (12-3 PM),Bulk note circulation via shop network,Bulk note circulation via shop network; target: Currency exchange; midday (12-3 pm),2023-07-12,Linked to known offender record,18-25,F,2,Repeat,Escalating frequency over last 6 months
CASE-00145,OFF-00041,Cyber Fraud (OTP/Phishing),IT Act Sec 66C/66D,Elderly account holder,Koppal,Gangavathi Road area,Early morning (4-7 AM),SMS phishing link,SMS phishing link; target: Elderly account holder; early morning (4-7 am),2023-02-10,Linked to known offender record,26-35,F,5,Repeat,Escalating frequency over last 6 months
CASE-00414,OFF-00134,Pickpocketing,BNS Sec 303 (Theft),Bus/rail commuter,Uttara Kannada,Karwar town,Late night (11 PM-2 AM),Crowd distraction lift,Crowd distraction lift; target: Bus/rail commuter; late night (11 pm-2 am),2025-11-12,Linked to known offender record,26-35,F,4,Repeat,Long gap then resurgence with same MO
CASE-00190,OFF-00055,Shop Robbery,BNS Sec 309 (Robbery),Small retail shop,Belagavi,Shahapur,Late night (11 PM-2 AM),"Armed threat, cash till","Armed threat, cash till; target: Small retail shop; late night (11 pm-2 am)",2023-10-08,Linked to known offender record,36-45,F,5,Repeat,Escalating frequency over last 6 months
CASE-01904,UNASSIGNED,Chain Snatching,BNS Sec 304 (Snatching),Lone woman pedestrian,Uttara Kannada,Sirsi town,Midday (12-3 PM),"Foot approach, distraction snatch","Foot approach, distraction snatch; target: Lone woman pedestrian; midday (12-3 pm)",2024-09-02,Open - no offender match recorded,N/A - case unmatched,N/A - case unmatched,N/A - case unmatched,N/A - case unmatched,N/A - case unmatched
CASE-01695,UNASSIGNED,Vehicle Theft (Four-wheeler),BNS Sec 303 (Theft),Parked vehicle - street,Kodagu,Gonikoppal town,Weekday mornings,Relay key attack,Relay key attack; target: Parked vehicle - street; weekday mornings,2025-12-03,Open - no offender match recorded,N/A - case unmatched,N/A - case unmatched,N/A - case unmatched,N/A - case unmatched,N/A - case unmatched
CASE-00794,OFF-00246,ATM Tampering/Skimming,BNS Sec 318 / IT Act,ATM users - unmanned kiosk,Ramanagara,Town Centre,Midday (12-3 PM),Skimmer device installation,Skimmer device installation; target: ATM users - unmanned kiosk; midday (12-3 pm),2025-04-01,Linked to known offender record,26-35,M,6,Repeat,Consistent MO across all recorded cases
CASE-00997,OFF-00309,ATM Tampering/Skimming,BNS Sec 318 / IT Act,ATM users - unmanned kiosk,Kalaburagi,Station Road area,Late night (11 PM-2 AM),Skimmer device installation,Skimmer device installation; target: ATM users - unmanned kiosk; late night (11 pm-2 am),2024-02-06,Linked to known offender record,26-35,M,4,Repeat,Consistent MO across all recorded cases
CASE-01412,OFF-00431,Vehicle Theft (Four-wheeler),BNS Sec 303 (Theft),Parked vehicle - street,Bagalkot,Navanagar,Late night (11 PM-2 AM),Tow-away theft,Tow-away theft; target: Parked vehicle - street; late night (11 pm-2 am),2025-12-25,Linked to known offender record,56+,F,6,Repeat,Alternates between two known methods
CASE-01085,OFF-00330,House Burglary,BNS Sec 305 (Burglary),Vacant residence,Kodagu,Virajpet town,Midday (12-3 PM),Window grille cutting,Window grille cutting; target: Vacant residence; midday (12-3 pm),2025-12-15,Linked to known offender record,26-35,F,6,Repeat,Consistent MO across all recorded cases
CASE-01278,OFF-00386,House Burglary,BNS Sec 305 (Burglary),Vacant residence,Ballari,Bruce Pet,Weekend nights,"Lock-breaking, rear entry","Lock-breaking, rear entry; target: Vacant residence; weekend nights",2025-07-17,Linked to known offender record,56+,F,6,Repeat,Alternates between two known methods
CASE-01979,UNASSIGNED,Counterfeit Currency,BNS Sec 178-180,Currency exchange,Mysuru,Bannimantap,Weekday mornings,Cash-for-goods swap,Cash-for-goods swap; target: Currency exchange; weekday mornings,2023-10-26,Open - no offender match recorded,N/A - case unmatched,N/A - case unmatched,N/A - case unmatched,N/A - case unmatched,N/A - case unmatched
CASE-01489,OFF-00453,Shop Robbery,BNS Sec 309 (Robbery),Jewellery shop,Chamarajanagar,Kollegal Road area,Weekday mornings,Late-night forced entry,Late-night forced entry; target: Jewellery shop; weekday mornings,2025-06-01,Linked to known offender record,36-45,M,4,Repeat,Escalating frequency over last 6 months
CASE-01483,OFF-00451,Shop Robbery,BNS Sec 309 (Robbery),Jewellery shop,Bengaluru Urban,BTM Layout,Evening rush (6-8 PM),Late-night forced entry,Late-night forced entry; target: Jewellery shop; evening rush (6-8 pm),2024-01-14,Linked to known offender record,46-55,M,5,Repeat,Alternates between two known methods
CASE-01009,OFF-00312,Two-Wheeler Theft,BNS Sec 303 (Theft),Parked vehicle - residential,Mandya,Bannur Road area,Midday (12-3 PM),Vehicle lifted onto pickup truck,Vehicle lifted onto pickup truck; target: Parked vehicle - residential; midday (12-3 pm),2024-11-26,Linked to known offender record,46-55,F,6,Repeat,Escalating frequency over last 6 months
CASE-00688,OFF-00216,Shop Robbery,BNS Sec 309 (Robbery),Small retail shop,Ballari,Gandhinagar,Evening rush (6-8 PM),Late-night forced entry,Late-night forced entry; target: Small retail shop; evening rush (6-8 pm),2023-07-25,Linked to known offender record,46-55,F,6,Repeat,Consistent MO across all recorded cases
CASE-00256,OFF-00076,Two-Wheeler Theft,BNS Sec 303 (Theft),Parked vehicle - residential,Bagalkot,Old Bagalkot,Weekday mornings,Duplicate key / lock-picking,Duplicate key / lock-picking; target: Parked vehicle - residential; weekday mornings,2024-09-20,Linked to known offender record,46-55,F,3,Repeat,Escalating frequency over last 6 months
CASE-01251,OFF-00379,Counterfeit Currency,BNS Sec 178-180,Small retail shop,Belagavi,Shahapur,Early morning (4-7 AM),Bulk note circulation via shop network,Bulk note circulation via shop network; target: Small retail shop; early morning (4-7 am),2025-05-04,Linked to known offender record,18-25,M,5,Repeat,Escalating frequency over last 6 months
CASE-00955,OFF-00298,Cyber Fraud (OTP/Phishing),IT Act Sec 66C/66D,Elderly account holder,Raichur,Station Road area,Early morning (4-7 AM),SMS phishing link,SMS phishing link; target: Elderly account holder; early morning (4-7 am),2025-02-06,Linked to known offender record,46-55,M,4,Repeat,Alternates between two known methods
CASE-01059,OFF-00325,Vehicle Theft (Four-wheeler),BNS Sec 303 (Theft),Parked vehicle - street,Mandya,Ashok Nagar,Midday (12-3 PM),Relay key attack,Relay key attack; target: Parked vehicle - street; midday (12-3 pm),2023-06-25,Linked to known offender record,26-35,M,3,Repeat,Alternates between two known methods
CASE-01235,OFF-00374,ATM Tampering/Skimming,BNS Sec 318 / IT Act,ATM users - unmanned kiosk,Tumakuru,Kunigal Road area,Midday (12-3 PM),Skimmer device installation,Skimmer device installation; target: ATM users - unmanned kiosk; midday (12-3 pm),2023-05-15,Linked to known offender record,56+,M,3,Repeat,Escalating frequency over last 6 months
CASE-01450,OFF-00443,House Burglary,BNS Sec 305 (Burglary),Ground-floor apartment,Bagalkot,Old Bagalkot,Early morning (4-7 AM),"Lock-breaking, rear entry","Lock-breaking, rear entry; target: Ground-floor apartment; early morning (4-7 am)",2025-07-29,Linked to known offender record,56+,F,6,Repeat,Alternates between two known methods
CASE-00545,OFF-00172,Counterfeit Currency,BNS Sec 178-180,Currency exchange,Koppal,Old Town,Weekday mornings,Cash-for-goods swap,Cash-for-goods swap; target: Currency exchange; weekday mornings,2024-06-13,Linked to known offender record,18-25,F,3,Repeat,Long gap then resurgence with same MO
CASE-00651,OFF-00206,Two-Wheeler Theft,BNS Sec 303 (Theft),Parked vehicle - residential,Ballari,Cowl Bazaar,Evening rush (6-8 PM),Vehicle lifted onto pickup truck,Vehicle lifted onto pickup truck; target: Parked vehicle - residential; evening rush (6-8 pm),2023-12-01,Linked to known offender record,36-45,F,2,Repeat,Single recorded case - insufficient pattern history
CASE-00744,OFF-00233,Two-Wheeler Theft,BNS Sec 303 (Theft),Parked vehicle - residential,Gadag,Station Road area,Midday (12-3 PM),Vehicle lifted onto pickup truck,Vehicle lifted onto pickup truck; target: Parked vehicle - residential; midday (12-3 pm),2025-10-27,Linked to known offender record,36-45,F,5,Repeat,Consistent MO across all recorded cases
CASE-00624,OFF-00198,Two-Wheeler Theft,BNS Sec 303 (Theft),Parked vehicle - residential,Chikkamagaluru,IG Road area,Late night (11 PM-2 AM),Duplicate key / lock-picking,Duplicate key / lock-picking; target: Parked vehicle - residential; late night (11 pm-2 am),2023-09-13,Linked to known offender record,46-55,F,1,First recorded instance,Long gap then resurgence with same MO
CASE-01223,OFF-00370,Cyber Fraud (OTP/Phishing),IT Act Sec 66C/66D,First-time UPI user,Chamarajanagar,Kollegal Road area,Weekend nights,Fake bank call requesting OTP,Fake bank call requesting OTP; target: First-time UPI user; weekend nights,2025-03-21,Linked to known offender record,36-45,M,2,Repeat,Alternates between two known methods
CASE-01031,OFF-00318,Shop Robbery,BNS Sec 309 (Robbery),Small retail shop,Chamarajanagar,Town Centre,Weekday mornings,"Armed threat, cash till","Armed threat, cash till; target: Small retail shop; weekday mornings",2025-05-18,Linked to known offender record,56+,M,5,Repeat,Consistent MO across all recorded cases
CASE-01475,OFF-00449,ATM Tampering/Skimming,BNS Sec 318 / IT Act,ATM users - unmanned kiosk,Ramanagara,Bengaluru-Mysuru Highway area,Midday (12-3 PM),Skimmer device installation,Skimmer device installation; target: ATM users - unmanned kiosk; midday (12-3 pm),2024-05-11,Linked to known offender record,36-45,F,3,Repeat,Escalating frequency over last 6 months
CASE-01560,UNASSIGNED,Cyber Fraud (OTP/Phishing),IT Act Sec 66C/66D,First-time UPI user,Yadgir,Bus Stand area,Weekend nights,Fake bank call requesting OTP,Fake bank call requesting OTP; target: First-time UPI user; weekend nights,2025-10-15,Open - no offender match recorded,N/A - case unmatched,N/A - case unmatched,N/A - case unmatched,N/A - case unmatched,N/A - case unmatched
CASE-01020,OFF-00314,Chain Snatching,BNS Sec 304 (Snatching),Elderly pedestrian,Shivamogga,Gopala Extension,Late night (11 PM-2 AM),Two-wheeler drive-by snatch,Two-wheeler drive-by snatch; target: Elderly pedestrian; late night (11 pm-2 am),2024-08-22,Linked to known offender record,36-45,F,4,Repeat,Long gap then resurgence with same MO
CASE-00923,OFF-00289,House Burglary,BNS Sec 305 (Burglary),Vacant residence,Tumakuru,SS Puram,Weekday mornings,Window grille cutting,Window grille cutting; target: Vacant residence; weekday mornings,2024-12-20,Linked to known offender record,26-35,M,6,Repeat,Alternates between two known methods
CASE-01707,UNASSIGNED,Chain Snatching,BNS Sec 304 (Snatching),Elderly pedestrian,Bagalkot,Navanagar,Early morning (4-7 AM),"Foot approach, distraction snatch","Foot approach, distraction snatch; target: Elderly pedestrian; early morning (4-7 am)",2023-01-15,Open - no offender match recorded,N/A - case unmatched,N/A - case unmatched,N/A - case unmatched,N/A - case unmatched,N/A - case unmatched
CASE-00716,OFF-00225,Shop Robbery,BNS Sec 309 (Robbery),Jewellery shop,Bengaluru Rural,Doddaballapur town,Weekend nights,"Armed threat, cash till","Armed threat, cash till; target: Jewellery shop; weekend nights",2025-02-26,Linked to known offender record,56+,F,2,Repeat,Alternates between two known methods
CASE-00591,OFF-00185,Two-Wheeler Theft,BNS Sec 303 (Theft),Parked vehicle - residential,Kalaburagi,Sedam Road area,Weekday mornings,Vehicle lifted onto pickup truck,Vehicle lifted onto pickup truck; target: Parked vehicle - residential; weekday mornings,2024-08-10,Linked to known offender record,26-35,M,2,Repeat,Long gap then resurgence with same MO
CASE-00729,OFF-00230,Pickpocketing,BNS Sec 303 (Theft),Bus/rail commuter,Chikkaballapur,Bus Stand area,Evening rush (6-8 PM),Crowd distraction lift,Crowd distraction lift; target: Bus/rail commuter; evening rush (6-8 pm),2023-03-12,Linked to known offender record,18-25,F,1,First recorded instance,Alternates between two known methods
CASE-00304,OFF-00094,Chit Fund / Investment Fraud,BNS Sec 318 (Cheating),Small investor group,Kolar,Old Bus Stand area,Weekend nights,"Fake high-return scheme, cash collection","Fake high-return scheme, cash collection; target: Small investor group; weekend nights",2024-12-14,Linked to known offender record,36-45,F,1,First recorded instance,Long gap then resurgence with same MO
CASE-00104,OFF-00031,Chain Snatching,BNS Sec 304 (Snatching),Elderly pedestrian,Mangaluru (Dakshina Kannada),Bejai,Weekend nights,"Foot approach, distraction snatch","Foot approach, distraction snatch; target: Elderly pedestrian; weekend nights",2024-07-13,Linked to known offender record,18-25,M,5,Repeat,Escalating frequency over last 6 months
CASE-00986,OFF-00305,Pickpocketing,BNS Sec 303 (Theft),Market crowd,Kodagu,Virajpet town,Evening rush (6-8 PM),Crowd distraction lift,Crowd distraction lift; target: Market crowd; evening rush (6-8 pm),2024-01-21,Linked to known offender record,18-25,F,4,Repeat,Consistent MO across all recorded cases
CASE-00102,OFF-00029,House Burglary,BNS Sec 305 (Burglary),Ground-floor apartment,Bengaluru Rural,Devanahalli town,Early morning (4-7 AM),"Lock-breaking, rear entry","Lock-breaking, rear entry; target: Ground-floor apartment; early morning (4-7 am)",2025-03-05,Linked to known offender record,46-55,F,4,Repeat,Escalating frequency over last 6 months
CASE-01501,UNASSIGNED,Counterfeit Currency,BNS Sec 178-180,Currency exchange,Mysuru,Jayalakshmipuram,Late night (11 PM-2 AM),Cash-for-goods swap,Cash-for-goods swap; target: Currency exchange; late night (11 pm-2 am),2024-07-18,Open - no offender match recorded,N/A - case unmatched,N/A - case unmatched,N/A - case unmatched,N/A - case unmatched,N/A - case unmatched
CASE-00122,OFF-00035,ATM Tampering/Skimming,BNS Sec 318 / IT Act,ATM users - unmanned kiosk,Mysuru,Vijayanagar,Evening rush (6-8 PM),Skimmer device installation,Skimmer device installation; target: ATM users - unmanned kiosk; evening rush (6-8 pm),2023-04-25,Linked to known offender record,46-55,F,4,Repeat,Escalating frequency over last 6 months
CASE-00265,OFF-00079,Chain Snatching,BNS Sec 304 (Snatching),Lone woman pedestrian,Mysuru,Kuvempunagar,Early morning (4-7 AM),Two-wheeler drive-by snatch,Two-wheeler drive-by snatch; target: Lone woman pedestrian; early morning (4-7 am),2023-09-07,Linked to known offender record,18-25,F,3,Repeat,Single recorded case - insufficient pattern history
CASE-01842,UNASSIGNED,Counterfeit Currency,BNS Sec 178-180,Currency exchange,Chamarajanagar,Kollegal Road area,Weekday mornings,Bulk note circulation via shop network,Bulk note circulation via shop network; target: Currency exchange; weekday mornings,2025-09-17,Open - no offender match recorded,N/A - case unmatched,N/A - case unmatched,N/A - case unmatched,N/A - case unmatched,N/A - case unmatched
CASE-00443,OFF-00141,Cyber Fraud (OTP/Phishing),IT Act Sec 66C/66D,Elderly account holder,Ramanagara,Bengaluru-Mysuru Highway area,Early morning (4-7 AM),Fake bank call requesting OTP,Fake bank call requesting OTP; target: Elderly account holder; early morning (4-7 am),2023-09-12,Linked to known offender record,18-25,F,5,Repeat,Escalating frequency over last 6 months
CASE-01771,UNASSIGNED,Chit Fund / Investment Fraud,BNS Sec 318 (Cheating),Small investor group,Udupi,Manipal,Midday (12-3 PM),"Fake high-return scheme, cash collection","Fake high-return scheme, cash collection; target: Small investor group; midday (12-3 pm)",2024-06-04,Open - no offender match recorded,N/A - case unmatched,N/A - case unmatched,N/A - case unmatched,N/A - case unmatched,N/A - case unmatched
CASE-00514,OFF-00162,Shop Robbery,BNS Sec 309 (Robbery),Small retail shop,Uttara Kannada,Karwar town,Weekday mornings,Late-night forced entry,Late-night forced entry; target: Small retail shop; weekday mornings,2024-07-22,Linked to known offender record,18-25,M,6,Repeat,Escalating frequency over last 6 months
CASE-00262,OFF-00077,Pickpocketing,BNS Sec 303 (Theft),Bus/rail commuter,Raichur,Old Town,Evening rush (6-8 PM),Bag slit and remove,Bag slit and remove; target: Bus/rail commuter; evening rush (6-8 pm),2024-08-01,Linked to known offender record,56+,F,5,Repeat,Long gap then resurgence with same MO
CASE-01092,OFF-00332,ATM Tampering/Skimming,BNS Sec 318 / IT Act,ATM users - unmanned kiosk,Haveri,Old Town,Weekday mornings,Shoulder-surfing + card swap,Shoulder-surfing + card swap; target: ATM users - unmanned kiosk; weekday mornings,2024-10-18,Linked to known offender record,46-55,M,5,Repeat,Escalating frequency over last 6 months
CASE-01719,UNASSIGNED,Shop Robbery,BNS Sec 309 (Robbery),Jewellery shop,Belagavi,Tilakwadi,Weekend nights,"Armed threat, cash till","Armed threat, cash till; target: Jewellery shop; weekend nights",2025-02-13,Open - no offender match recorded,N/A - case unmatched,N/A - case unmatched,N/A - case unmatched,N/A - case unmatched,N/A - case unmatched
CASE-01756,UNASSIGNED,Cyber Fraud (OTP/Phishing),IT Act Sec 66C/66D,First-time UPI user,Udupi,Manipal,Late night (11 PM-2 AM),SMS phishing link,SMS phishing link; target: First-time UPI user; late night (11 pm-2 am),2025-01-24,Open - no offender match recorded,N/A - case unmatched,N/A - case unmatched,N/A - case unmatched,N/A - case unmatched,N/A - case unmatched
CASE-00560,OFF-00177,Shop Robbery,BNS Sec 309 (Robbery),Small retail shop,Raichur,Station Road area,Weekday mornings,Late-night forced entry,Late-night forced entry; target: Small retail shop; weekday mornings,2025-02-21,Linked to known offender record,56+,M,4,Repeat,Escalating frequency over last 6 months
CASE-01884,UNASSIGNED,Chain Snatching,BNS Sec 304 (Snatching),Lone woman pedestrian,Chamarajanagar,Kollegal Road area,Late night (11 PM-2 AM),Two-wheeler drive-by snatch,Two-wheeler drive-by snatch; target: Lone woman pedestrian; late night (11 pm-2 am),2024-02-20,Open - no offender match recorded,N/A - case unmatched,N/A - case unmatched,N/A - case unmatched,N/A - case unmatched,N/A - case unmatched
CASE-00735,OFF-00232,Vehicle Theft (Four-wheeler),BNS Sec 303 (Theft),Parked vehicle - street,Bidar,New Bidar,Weekend nights,Relay key attack,Relay key attack; target: Parked vehicle - street; weekend nights,2023-05-18,Linked to known offender record,36-45,F,6,Repeat,Long gap then resurgence with same MO
CASE-01706,UNASSIGNED,Shop Robbery,BNS Sec 309 (Robbery),Small retail shop,Chamarajanagar,Town Centre,Evening rush (6-8 PM),Late-night forced entry,Late-night forced entry; target: Small retail shop; evening rush (6-8 pm),2023-07-31,Open - no offender match recorded,N/A - case unmatched,N/A - case unmatched,N/A - case unmatched,N/A - case unmatched,N/A - case unmatched
CASE-00047,OFF-00014,Two-Wheeler Theft,BNS Sec 303 (Theft),Parked vehicle - commercial area,Uttara Kannada,Sirsi town,Early morning (4-7 AM),Duplicate key / lock-picking,Duplicate key / lock-picking; target: Parked vehicle - commercial area; early morning (4-7 am),2023-11-16,Linked to known offender record,36-45,M,4,Repeat,Alternates between two known methods
CASE-01981,UNASSIGNED,Counterfeit Currency,BNS Sec 178-180,Currency exchange,Chikkaballapur,MG Road area,Late night (11 PM-2 AM),Cash-for-goods swap,Cash-for-goods swap; target: Currency exchange; late night (11 pm-2 am),2023-06-11,Open - no offender match recorded,N/A - case unmatched,N/A - case unmatched,N/A - case unmatched,N/A - case unmatched,N/A - case unmatched
CASE-00749,OFF-00234,Cyber Fraud (OTP/Phishing),IT Act Sec 66C/66D,First-time UPI user,Hubballi-Dharwad,Keshwapur,Weekend nights,Fake bank call requesting OTP,Fake bank call requesting OTP; target: First-time UPI user; weekend nights,2025-07-03,Linked to known offender record,26-35,M,4,Repeat,Single recorded case - insufficient pattern history
CASE-00015,OFF-00007,Vehicle Theft (Four-wheeler),BNS Sec 303 (Theft),Parked vehicle - street,Davanagere,Vinoba Nagar,Weekday mornings,Tow-away theft,Tow-away theft; target: Parked vehicle - street; weekday mornings,2025-04-22,Linked to known offender record,26-35,M,3,Repeat,Long gap then resurgence with same MO
CASE-01879,UNASSIGNED,Shop Robbery,BNS Sec 309 (Robbery),Small retail shop,Tumakuru,SS Puram,Early morning (4-7 AM),"Armed threat, cash till","Armed threat, cash till; target: Small retail shop; early morning (4-7 am)",2025-04-25,Open - no offender match recorded,N/A - case unmatched,N/A - case unmatched,N/A - case unmatched,N/A - case unmatched,N/A - case unmatched
CASE-00946,OFF-00296,Counterfeit Currency,BNS Sec 178-180,Currency exchange,Ballari,Bruce Pet,Weekend nights,Cash-for-goods swap,Cash-for-goods swap; target: Currency exchange; weekend nights,2025-06-05,Linked to known offender record,26-35,M,6,Repeat,Consistent MO across all recorded cases
CASE-01563,UNASSIGNED,Chit Fund / Investment Fraud,BNS Sec 318 (Cheating),Small investor group,Chitradurga,Basaveshwara Nagar,Late night (11 PM-2 AM),"Fake high-return scheme, cash collection","Fake high-return scheme, cash collection; target: Small investor group; late night (11 pm-2 am)",2024-05-28,Open - no offender match recorded,N/A - case unmatched,N/A - case unmatched,N/A - case unmatched,N/A - case unmatched,N/A - case unmatched
CASE-01596,UNASSIGNED,Pickpocketing,BNS Sec 303 (Theft),Bus/rail commuter,Ballari,Cowl Bazaar,Evening rush (6-8 PM),Crowd distraction lift,Crowd distraction lift; target: Bus/rail commuter; evening rush (6-8 pm),2024-02-09,Open - no offender match recorded,N/A - case unmatched,N/A - case unmatched,N/A - case unmatched,N/A - case unmatched,N/A - case unmatched
CASE-01400,OFF-00428,Counterfeit Currency,BNS Sec 178-180,Currency exchange,Ballari,Cowl Bazaar,Early morning (4-7 AM),Bulk note circulation via shop network,Bulk note circulation via shop network; target: Currency exchange; early morning (4-7 am),2024-03-08,Linked to known offender record,46-55,F,2,Repeat,Consistent MO across all recorded cases
CASE-00404,OFF-00130,Chain Snatching,BNS Sec 304 (Snatching),Lone woman pedestrian,Ballari,Gandhinagar,Evening rush (6-8 PM),Two-wheeler drive-by snatch,Two-wheeler drive-by snatch; target: Lone woman pedestrian; evening rush (6-8 pm),2024-02-11,Linked to known offender record,56+,M,4,Repeat,Alternates between two known methods
CASE-01103,OFF-00335,Vehicle Theft (Four-wheeler),BNS Sec 303 (Theft),Parked vehicle - street,Bagalkot,Navanagar,Evening rush (6-8 PM),Relay key attack,Relay key attack; target: Parked vehicle - street; evening rush (6-8 pm),2023-12-30,Linked to known offender record,36-45,M,3,Repeat,Long gap then resurgence with same MO
CASE-01045,OFF-00321,Two-Wheeler Theft,BNS Sec 303 (Theft),Parked vehicle - residential,Haveri,Old Town,Late night (11 PM-2 AM),Vehicle lifted onto pickup truck,Vehicle lifted onto pickup truck; target: Parked vehicle - residential; late night (11 pm-2 am),2024-08-24,Linked to known offender record,26-35,F,3,Repeat,Single recorded case - insufficient pattern history
CASE-01726,UNASSIGNED,Pickpocketing,BNS Sec 303 (Theft),Market crowd,Raichur,Station Road area,Midday (12-3 PM),Bag slit and remove,Bag slit and remove; target: Market crowd; midday (12-3 pm),2023-03-09,Open - no offender match recorded,N/A - case unmatched,N/A - case unmatched,N/A - case unmatched,N/A - case unmatched,N/A - case unmatched
CASE-01559,UNASSIGNED,Vehicle Theft (Four-wheeler),BNS Sec 303 (Theft),Parked vehicle - street,Chitradurga,Basaveshwara Nagar,Midday (12-3 PM),Tow-away theft,Tow-away theft; target: Parked vehicle - street; midday (12-3 pm),2023-12-06,Open - no offender match recorded,N/A - case unmatched,N/A - case unmatched,N/A - case unmatched,N/A - case unmatched,N/A - case unmatched
CASE-01383,OFF-00422,Chit Fund / Investment Fraud,BNS Sec 318 (Cheating),Small investor group,Mandya,Bannur Road area,Early morning (4-7 AM),"Fake high-return scheme, cash collection","Fake high-return scheme, cash collection; target: Small investor group; early morning (4-7 am)",2025-01-14,Linked to known offender record,56+,M,3,Repeat,Consistent MO across all recorded cases
CASE-00146,OFF-00041,Cyber Fraud (OTP/Phishing),IT Act Sec 66C/66D,First-time UPI user,Belagavi,Shahapur,Early morning (4-7 AM),SMS phishing link,SMS phishing link; target: First-time UPI user; early morning (4-7 am),2023-10-06,Linked to known offender record,26-35,F,5,Repeat,Escalating frequency over last 6 months
CASE-00510,OFF-00161,Chain Snatching,BNS Sec 304 (Snatching),Lone woman pedestrian,Bidar,Old City area,Weekday mornings,Two-wheeler drive-by snatch,Two-wheeler drive-by snatch; target: Lone woman pedestrian; weekday mornings,2023-11-15,Linked to known offender record,18-25,M,4,Repeat,Alternates between two known methods
CASE-00368,OFF-00119,Shop Robbery,BNS Sec 309 (Robbery),Small retail shop,Mangaluru (Dakshina Kannada),Hampankatta,Early morning (4-7 AM),Late-night forced entry,Late-night forced entry; target: Small retail shop; early morning (4-7 am),2024-06-27,Linked to known offender record,26-35,F,6,Repeat,Alternates between two known methods
CASE-00515,OFF-00162,Shop Robbery,BNS Sec 309 (Robbery),Jewellery shop,Uttara Kannada,Kumta town,Weekday mornings,Late-night forced entry,Late-night forced entry; target: Jewellery shop; weekday mornings,2024-01-15,Linked to known offender record,18-25,M,6,Repeat,Escalating frequency over last 6 months
CASE-00862,OFF-00272,Shop Robbery,BNS Sec 309 (Robbery),Jewellery shop,Chikkamagaluru,Kalasapura,Weekday mornings,Late-night forced entry,Late-night forced entry; target: Jewellery shop; weekday mornings,2025-10-11,Linked to known offender record,46-55,M,1,First recorded instance,Single recorded case - insufficient pattern history
CASE-00346,OFF-00111,Counterfeit Currency,BNS Sec 178-180,Small retail shop,Mandya,Ashok Nagar,Late night (11 PM-2 AM),Bulk note circulation via shop network,Bulk note circulation via shop network; target: Small retail shop; late night (11 pm-2 am),2024-07-14,Linked to known offender record,26-35,M,5,Repeat,Consistent MO across all recorded cases
CASE-01900,UNASSIGNED,Chain Snatching,BNS Sec 304 (Snatching),Elderly pedestrian,Chikkaballapur,Bus Stand area,Evening rush (6-8 PM),"Foot approach, distraction snatch","Foot approach, distraction snatch; target: Elderly pedestrian; evening rush (6-8 pm)",2023-07-02,Open - no offender match recorded,N/A - case unmatched,N/A - case unmatched,N/A - case unmatched,N/A - case unmatched,N/A - case unmatched
CASE-00780,OFF-00243,House Burglary,BNS Sec 305 (Burglary),Vacant residence,Belagavi,Vadgaon,Late night (11 PM-2 AM),Impersonation as utility worker,Impersonation as utility worker; target: Vacant residence; late night (11 pm-2 am),2025-06-24,Linked to known offender record,18-25,M,4,Repeat,Long gap then resurgence with same MO
CASE-00156,OFF-00046,Counterfeit Currency,BNS Sec 178-180,Currency exchange,Mandya,Bannur Road area,Weekday mornings,Bulk note circulation via shop network,Bulk note circulation via shop network; target: Currency exchange; weekday mornings,2024-04-25,Linked to known offender record,56+,M,4,Repeat,Long gap then resurgence with same MO
CASE-00059,OFF-00017,ATM Tampering/Skimming,BNS Sec 318 / IT Act,ATM users - unmanned kiosk,Koppal,Old Town,Early morning (4-7 AM),Shoulder-surfing + card swap,Shoulder-surfing + card swap; target: ATM users - unmanned kiosk; early morning (4-7 am),2024-05-08,Linked to known offender record,18-25,M,3,Repeat,Long gap then resurgence with same MO
CASE-01625,UNASSIGNED,ATM Tampering/Skimming,BNS Sec 318 / IT Act,ATM users - unmanned kiosk,Ramanagara,Town Centre,Weekend nights,Shoulder-surfing + card swap,Shoulder-surfing + card swap; target: ATM users - unmanned kiosk; weekend nights,2025-11-03,Open - no offender match recorded,N/A - case unmatched,N/A - case unmatched,N/A - case unmatched,N/A - case unmatched,N/A - case unmatched
CASE-01812,UNASSIGNED,ATM Tampering/Skimming,BNS Sec 318 / IT Act,ATM users - unmanned kiosk,Tumakuru,Kunigal Road area,Midday (12-3 PM),Shoulder-surfing + card swap,Shoulder-surfing + card swap; target: ATM users - unmanned kiosk; midday (12-3 pm),2024-09-18,Open - no offender match recorded,N/A - case unmatched,N/A - case unmatched,N/A - case unmatched,N/A - case unmatched,N/A - case unmatched
CASE-01696,UNASSIGNED,House Burglary,BNS Sec 305 (Burglary),Vacant residence,Kodagu,Madikeri town,Late night (11 PM-2 AM),Impersonation as utility worker,Impersonation as utility worker; target: Vacant residence; late night (11 pm-2 am),2024-12-18,Open - no offender match recorded,N/A - case unmatched,N/A - case unmatched,N/A - case unmatched,N/A - case unmatched,N/A - case unmatched
CASE-01768,UNASSIGNED,Vehicle Theft (Four-wheeler),BNS Sec 303 (Theft),Parked vehicle - street,Yadgir,Bus Stand area,Weekend nights,Tow-away theft,Tow-away theft; target: Parked vehicle - street; weekend nights,2023-10-15,Open - no offender match recorded,N/A - case unmatched,N/A - case unmatched,N/A - case unmatched,N/A - case unmatched,N/A - case unmatched
CASE-00469,OFF-00149,Counterfeit Currency,BNS Sec 178-180,Small retail shop,Hassan,Race Course Road area,Weekend nights,Bulk note circulation via shop network,Bulk note circulation via shop network; target: Small retail shop; weekend nights,2023-07-21,Linked to known offender record,26-35,F,5,Repeat,Escalating frequency over last 6 months
CASE-00220,OFF-00064,Pickpocketing,BNS Sec 303 (Theft),Market crowd,Chamarajanagar,Kollegal Road area,Midday (12-3 PM),Crowd distraction lift,Crowd distraction lift; target: Market crowd; midday (12-3 pm),2023-05-17,Linked to known offender record,56+,F,4,Repeat,Escalating frequency over last 6 months
CASE-00637,OFF-00201,Cyber Fraud (OTP/Phishing),IT Act Sec 66C/66D,Elderly account holder,Tumakuru,Ashoknagar,Midday (12-3 PM),Fake bank call requesting OTP,Fake bank call requesting OTP; target: Elderly account holder; midday (12-3 pm),2025-05-16,Linked to known offender record,46-55,F,6,Repeat,Consistent MO across all recorded cases
CASE-01247,OFF-00377,Shop Robbery,BNS Sec 309 (Robbery),Jewellery shop,Bengaluru Urban,Hebbal,Weekend nights,Late-night forced entry,Late-night forced entry; target: Jewellery shop; weekend nights,2023-01-08,Linked to known offender record,18-25,F,4,Repeat,Alternates between two known methods
CASE-01773,UNASSIGNED,House Burglary,BNS Sec 305 (Burglary),Ground-floor apartment,Shivamogga,Gopala Extension,Weekend nights,"Lock-breaking, rear entry","Lock-breaking, rear entry; target: Ground-floor apartment; weekend nights",2023-08-06,Open - no offender match recorded,N/A - case unmatched,N/A - case unmatched,N/A - case unmatched,N/A - case unmatched,N/A - case unmatched
CASE-00983,OFF-00304,Shop Robbery,BNS Sec 309 (Robbery),Jewellery shop,Davanagere,PJ Extension,Late night (11 PM-2 AM),Late-night forced entry,Late-night forced entry; target: Jewellery shop; late night (11 pm-2 am),2023-01-25,Linked to known offender record,46-55,F,5,Repeat,Escalating frequency over last 6 months
CASE-00783,OFF-00244,Chit Fund / Investment Fraud,BNS Sec 318 (Cheating),Small investor group,Kodagu,Gonikoppal town,Evening rush (6-8 PM),"Fake high-return scheme, cash collection","Fake high-return scheme, cash collection; target: Small investor group; evening rush (6-8 pm)",2024-10-09,Linked to known offender record,18-25,M,4,Repeat,Single recorded case - insufficient pattern history
CASE-00411,OFF-00132,Cyber Fraud (OTP/Phishing),IT Act Sec 66C/66D,First-time UPI user,Kolar,Ambedkar Nagar,Weekday mornings,SMS phishing link,SMS phishing link; target: First-time UPI user; weekday mornings,2023-06-07,Linked to known offender record,36-45,F,4,Repeat,Alternates between two known methods
CASE-01681,UNASSIGNED,House Burglary,BNS Sec 305 (Burglary),Vacant residence,Chikkaballapur,MG Road area,Late night (11 PM-2 AM),Impersonation as utility worker,Impersonation as utility worker; target: Vacant residence; late night (11 pm-2 am),2025-02-18,Open - no offender match recorded,N/A - case unmatched,N/A - case unmatched,N/A - case unmatched,N/A - case unmatched,N/A - case unmatched
CASE-01861,UNASSIGNED,Pickpocketing,BNS Sec 303 (Theft),Bus/rail commuter,Bengaluru Rural,Nelamangala town,Weekday mornings,Crowd distraction lift,Crowd distraction lift; target: Bus/rail commuter; weekday mornings,2025-04-01,Open - no offender match recorded,N/A - case unmatched,N/A - case unmatched,N/A - case unmatched,N/A - case unmatched,N/A - case unmatched
CASE-00522,OFF-00164,Vehicle Theft (Four-wheeler),BNS Sec 303 (Theft),Parked vehicle - street,Koppal,Old Town,Weekday mornings,Tow-away theft,Tow-away theft; target: Parked vehicle - street; weekday mornings,2025-09-25,Linked to known offender record,36-45,F,6,Repeat,Escalating frequency over last 6 months
CASE-01549,UNASSIGNED,Chain Snatching,BNS Sec 304 (Snatching),Elderly pedestrian,Tumakuru,SS Puram,Late night (11 PM-2 AM),Two-wheeler drive-by snatch,Two-wheeler drive-by snatch; target: Elderly pedestrian; late night (11 pm-2 am),2023-12-01,Open - no offender match recorded,N/A - case unmatched,N/A - case unmatched,N/A - case unmatched,N/A - case unmatched,N/A - case unmatched
CASE-01605,UNASSIGNED,Chain Snatching,BNS Sec 304 (Snatching),Lone woman pedestrian,Hubballi-Dharwad,Vidyanagar,Late night (11 PM-2 AM),"Foot approach, distraction snatch","Foot approach, distraction snatch; target: Lone woman pedestrian; late night (11 pm-2 am)",2023-12-08,Open - no offender match recorded,N/A - case unmatched,N/A - case unmatched,N/A - case unmatched,N/A - case unmatched,N/A - case unmatched
CASE-00593,OFF-00186,Cyber Fraud (OTP/Phishing),IT Act Sec 66C/66D,Elderly account holder,Davanagere,PJ Extension,Evening rush (6-8 PM),SMS phishing link,SMS phishing link; target: Elderly account holder; evening rush (6-8 pm),2025-03-19,Linked to known offender record,36-45,M,5,Repeat,Long gap then resurgence with same MO
CASE-01018,OFF-00314,Chain Snatching,BNS Sec 304 (Snatching),Lone woman pedestrian,Shivamogga,Vinoba Nagar,Early morning (4-7 AM),"Foot approach, distraction snatch","Foot approach, distraction snatch; target: Lone woman pedestrian; early morning (4-7 am)",2023-08-27,Linked to known offender record,36-45,F,4,Repeat,Long gap then resurgence with same MO
CASE-00975,OFF-00303,ATM Tampering/Skimming,BNS Sec 318 / IT Act,ATM users - unmanned kiosk,Mysuru,Jayalakshmipuram,Late night (11 PM-2 AM),Skimmer device installation,Skimmer device installation; target: ATM users - unmanned kiosk; late night (11 pm-2 am),2024-04-05,Linked to known offender record,56+,M,6,Repeat,Long gap then resurgence with same MO
CASE-00096,OFF-00028,Chain Snatching,BNS Sec 304 (Snatching),Lone woman pedestrian,Ballari,Gandhinagar,Early morning (4-7 AM),"Foot approach, distraction snatch","Foot approach, distraction snatch; target: Lone woman pedestrian; early morning (4-7 am)",2024-08-16,Linked to known offender record,46-55,F,5,Repeat,Alternates between two known methods
CASE-00568,OFF-00179,Pickpocketing,BNS Sec 303 (Theft),Bus/rail commuter,Ballari,Gandhinagar,Evening rush (6-8 PM),Bag slit and remove,Bag slit and remove; target: Bus/rail commuter; evening rush (6-8 pm),2024-10-08,Linked to known offender record,56+,F,4,Repeat,Alternates between two known methods
CASE-01204,OFF-00364,Chit Fund / Investment Fraud,BNS Sec 318 (Cheating),Small investor group,Chikkaballapur,MG Road area,Weekday mornings,"Fake high-return scheme, cash collection","Fake high-return scheme, cash collection; target: Small investor group; weekday mornings",2025-08-27,Linked to known offender record,56+,F,5,Repeat,Escalating frequency over last 6 months
CASE-00564,OFF-00178,Two-Wheeler Theft,BNS Sec 303 (Theft),Parked vehicle - commercial area,Haveri,Old Town,Weekend nights,Vehicle lifted onto pickup truck,Vehicle lifted onto pickup truck; target: Parked vehicle - commercial area; weekend nights,2025-04-01,Linked to known offender record,26-35,F,4,Repeat,Consistent MO across all recorded cases
CASE-01935,UNASSIGNED,Pickpocketing,BNS Sec 303 (Theft),Bus/rail commuter,Gadag,Betageri,Weekend nights,Crowd distraction lift,Crowd distraction lift; target: Bus/rail commuter; weekend nights,2023-10-16,Open - no offender match recorded,N/A - case unmatched,N/A - case unmatched,N/A - case unmatched,N/A - case unmatched,N/A - case unmatched
CASE-00036,OFF-00012,Cyber Fraud (OTP/Phishing),IT Act Sec 66C/66D,Elderly account holder,Raichur,Old Town,Late night (11 PM-2 AM),Fake bank call requesting OTP,Fake bank call requesting OTP; target: Elderly account holder; late night (11 pm-2 am),2024-06-18,Linked to known offender record,18-25,F,6,Repeat,Alternates between two known methods
CASE-01001,OFF-00310,Cyber Fraud (OTP/Phishing),IT Act Sec 66C/66D,Elderly account holder,Bagalkot,Old Bagalkot,Evening rush (6-8 PM),SMS phishing link,SMS phishing link; target: Elderly account holder; evening rush (6-8 pm),2025-11-10,Linked to known offender record,46-55,M,6,Repeat,Escalating frequency over last 6 months
CASE-00425,OFF-00137,Chit Fund / Investment Fraud,BNS Sec 318 (Cheating),Small investor group,Ramanagara,Town Centre,Late night (11 PM-2 AM),"Fake high-return scheme, cash collection","Fake high-return scheme, cash collection; target: Small investor group; late night (11 pm-2 am)",2025-09-22,Linked to known offender record,56+,M,3,Repeat,Consistent MO across all recorded cases
CASE-00694,OFF-00218,ATM Tampering/Skimming,BNS Sec 318 / IT Act,ATM users - unmanned kiosk,Bidar,Old City area,Late night (11 PM-2 AM),Shoulder-surfing + card swap,Shoulder-surfing + card swap; target: ATM users - unmanned kiosk; late night (11 pm-2 am),2024-06-14,Linked to known offender record,26-35,F,5,Repeat,Consistent MO across all recorded cases
CASE-00490,OFF-00155,Vehicle Theft (Four-wheeler),BNS Sec 303 (Theft),Parked vehicle - street,Tumakuru,SS Puram,Midday (12-3 PM),Relay key attack,Relay key attack; target: Parked vehicle - street; midday (12-3 pm),2023-10-15,Linked to known offender record,36-45,F,6,Repeat,Consistent MO across all recorded cases
CASE-01242,OFF-00376,Shop Robbery,BNS Sec 309 (Robbery),Jewellery shop,Mangaluru (Dakshina Kannada),Mangaladevi,Early morning (4-7 AM),Late-night forced entry,Late-night forced entry; target: Jewellery shop; early morning (4-7 am),2025-09-28,Linked to known offender record,46-55,M,5,Repeat,Consistent MO across all recorded cases
CASE-00436,OFF-00140,Chit Fund / Investment Fraud,BNS Sec 318 (Cheating),Small investor group,Kalaburagi,Sedam Road area,Evening rush (6-8 PM),"Fake high-return scheme, cash collection","Fake high-return scheme, cash collection; target: Small investor group; evening rush (6-8 pm)",2023-02-04,Linked to known offender record,56+,F,4,Repeat,Single recorded case - insufficient pattern history
CASE-00823,OFF-00257,Cyber Fraud (OTP/Phishing),IT Act Sec 66C/66D,First-time UPI user,Tumakuru,Kunigal Road area,Midday (12-3 PM),SMS phishing link,SMS phishing link; target: First-time UPI user; midday (12-3 pm),2025-04-27,Linked to known offender record,26-35,F,6,Repeat,Alternates between two known methods
CASE-00584,OFF-00183,House Burglary,BNS Sec 305 (Burglary),Ground-floor apartment,Raichur,Old Town,Late night (11 PM-2 AM),Window grille cutting,Window grille cutting; target: Ground-floor apartment; late night (11 pm-2 am),2025-06-14,Linked to known offender record,36-45,F,6,Repeat,Single recorded case - insufficient pattern history
CASE-00200,OFF-00059,Counterfeit Currency,BNS Sec 178-180,Currency exchange,Vijayapura,Station Area,Early morning (4-7 AM),Bulk note circulation via shop network,Bulk note circulation via shop network; target: Currency exchange; early morning (4-7 am),2024-09-12,Linked to known offender record,18-25,M,4,Repeat,Single recorded case - insufficient pattern history
CASE-01234,OFF-00373,Vehicle Theft (Four-wheeler),BNS Sec 303 (Theft),Parked vehicle - street,Ramanagara,Bengaluru-Mysuru Highway area,Late night (11 PM-2 AM),Tow-away theft,Tow-away theft; target: Parked vehicle - street; late night (11 pm-2 am),2023-04-08,Linked to known offender record,56+,F,2,Repeat,Single recorded case - insufficient pattern history
CASE-00709,OFF-00224,Cyber Fraud (OTP/Phishing),IT Act Sec 66C/66D,First-time UPI user,Chikkamagaluru,IG Road area,Evening rush (6-8 PM),SMS phishing link,SMS phishing link; target: First-time UPI user; evening rush (6-8 pm),2024-01-20,Linked to known offender record,18-25,F,6,Repeat,Long gap then resurgence with same MO
CASE-01341,OFF-00406,Chit Fund / Investment Fraud,BNS Sec 318 (Cheating),Small investor group,Hassan,Race Course Road area,Weekend nights,"Fake high-return scheme, cash collection","Fake high-return scheme, cash collection; target: Small investor group; weekend nights",2024-08-31,Linked to known offender record,26-35,M,1,First recorded instance,Single recorded case - insufficient pattern history
CASE-01267,OFF-00383,Chain Snatching,BNS Sec 304 (Snatching),Elderly pedestrian,Chikkaballapur,MG Road area,Late night (11 PM-2 AM),Two-wheeler drive-by snatch,Two-wheeler drive-by snatch; target: Elderly pedestrian; late night (11 pm-2 am),2025-11-24,Linked to known offender record,56+,F,1,First recorded instance,Alternates between two known methods
CASE-00207,OFF-00060,Pickpocketing,BNS Sec 303 (Theft),Bus/rail commuter,Ramanagara,Town Centre,Early morning (4-7 AM),Bag slit and remove,Bag slit and remove; target: Bus/rail commuter; early morning (4-7 am),2025-04-30,Linked to known offender record,46-55,M,5,Repeat,Single recorded case - insufficient pattern history
CASE-01050,OFF-00323,Chit Fund / Investment Fraud,BNS Sec 318 (Cheating),Small investor group,Mysuru,Vijayanagar,Weekday mornings,"Fake high-return scheme, cash collection","Fake high-return scheme, cash collection; target: Small investor group; weekday mornings",2024-09-10,Linked to known offender record,26-35,F,6,Repeat,Escalating frequency over last 6 months
CASE-00512,OFF-00162,Shop Robbery,BNS Sec 309 (Robbery),Jewellery shop,Uttara Kannada,Sirsi town,Weekend nights,"Armed threat, cash till","Armed threat, cash till; target: Jewellery shop; weekend nights",2025-12-27,Linked to known offender record,18-25,M,6,Repeat,Escalating frequency over last 6 months
CASE-01902,UNASSIGNED,Counterfeit Currency,BNS Sec 178-180,Currency exchange,Mysuru,Vijayanagar,Evening rush (6-8 PM),Bulk note circulation via shop network,Bulk note circulation via shop network; target: Currency exchange; evening rush (6-8 pm),2024-06-10,Open - no offender match recorded,N/A - case unmatched,N/A - case unmatched,N/A - case unmatched,N/A - case unmatched,N/A - case unmatched
CASE-01279,OFF-00386,House Burglary,BNS Sec 305 (Burglary),Ground-floor apartment,Ballari,Gandhinagar,Weekday mornings,Impersonation as utility worker,Impersonation as utility worker; target: Ground-floor apartment; weekday mornings,2024-12-06,Linked to known offender record,56+,F,6,Repeat,Alternates between two known methods
CASE-00776,OFF-00242,Two-Wheeler Theft,BNS Sec 303 (Theft),Parked vehicle - residential,Ramanagara,Town Centre,Evening rush (6-8 PM),Vehicle lifted onto pickup truck,Vehicle lifted onto pickup truck; target: Parked vehicle - residential; evening rush (6-8 pm),2024-12-24,Linked to known offender record,18-25,M,2,Repeat,Escalating frequency over last 6 months
CASE-00848,OFF-00265,Cyber Fraud (OTP/Phishing),IT Act Sec 66C/66D,First-time UPI user,Ramanagara,Town Centre,Early morning (4-7 AM),SMS phishing link,SMS phishing link; target: First-time UPI user; early morning (4-7 am),2024-01-13,Linked to known offender record,56+,M,3,Repeat,Alternates between two known methods
CASE-00863,OFF-00273,House Burglary,BNS Sec 305 (Burglary),Ground-floor apartment,Ballari,Gandhinagar,Early morning (4-7 AM),Impersonation as utility worker,Impersonation as utility worker; target: Ground-floor apartment; early morning (4-7 am),2023-12-02,Linked to known offender record,56+,F,2,Repeat,Alternates between two known methods
CASE-00310,OFF-00097,Cyber Fraud (OTP/Phishing),IT Act Sec 66C/66D,Elderly account holder,Mysuru,Vijayanagar,Early morning (4-7 AM),Fake bank call requesting OTP,Fake bank call requesting OTP; target: Elderly account holder; early morning (4-7 am),2024-06-16,Linked to known offender record,26-35,M,5,Repeat,Long gap then resurgence with same MO
CASE-01888,UNASSIGNED,Counterfeit Currency,BNS Sec 178-180,Small retail shop,Kalaburagi,Sedam Road area,Evening rush (6-8 PM),Bulk note circulation via shop network,Bulk note circulation via shop network; target: Small retail shop; evening rush (6-8 pm),2024-04-02,Open - no offender match recorded,N/A - case unmatched,N/A - case unmatched,N/A - case unmatched,N/A - case unmatched,N/A - case unmatched
CASE-00567,OFF-00178,Two-Wheeler Theft,BNS Sec 303 (Theft),Parked vehicle - residential,Mysuru,Bannimantap,Weekend nights,Vehicle lifted onto pickup truck,Vehicle lifted onto pickup truck; target: Parked vehicle - residential; weekend nights,2024-06-24,Linked to known offender record,26-35,F,4,Repeat,Consistent MO across all recorded cases
CASE-00390,OFF-00125,Shop Robbery,BNS Sec 309 (Robbery),Small retail shop,Chikkaballapur,MG Road area,Midday (12-3 PM),Late-night forced entry,Late-night forced entry; target: Small retail shop; midday (12-3 pm),2023-07-07,Linked to known offender record,46-55,F,1,First recorded instance,Consistent MO across all recorded cases
CASE-01738,UNASSIGNED,Pickpocketing,BNS Sec 303 (Theft),Bus/rail commuter,Chikkamagaluru,Kalasapura,Late night (11 PM-2 AM),Bag slit and remove,Bag slit and remove; target: Bus/rail commuter; late night (11 pm-2 am),2023-12-09,Open - no offender match recorded,N/A - case unmatched,N/A - case unmatched,N/A - case unmatched,N/A - case unmatched,N/A - case unmatched
CASE-01349,OFF-00409,Chit Fund / Investment Fraud,BNS Sec 318 (Cheating),Small investor group,Kalaburagi,Station Road area,Early morning (4-7 AM),"Fake high-return scheme, cash collection","Fake high-return scheme, cash collection; target: Small investor group; early morning (4-7 am)",2024-11-24,Linked to known offender record,56+,M,2,Repeat,Escalating frequency over last 6 months
CASE-00387,OFF-00124,Shop Robbery,BNS Sec 309 (Robbery),Small retail shop,Bidar,New Bidar,Weekday mornings,Late-night forced entry,Late-night forced entry; target: Small retail shop; weekday mornings,2023-04-15,Linked to known offender record,18-25,F,3,Repeat,Single recorded case - insufficient pattern history
CASE-01145,OFF-00348,ATM Tampering/Skimming,BNS Sec 318 / IT Act,ATM users - unmanned kiosk,Bengaluru Urban,Marathahalli,Weekend nights,Shoulder-surfing + card swap,Shoulder-surfing + card swap; target: ATM users - unmanned kiosk; weekend nights,2025-02-19,Linked to known offender record,56+,M,1,First recorded instance,Consistent MO across all recorded cases
CASE-00908,OFF-00285,Cyber Fraud (OTP/Phishing),IT Act Sec 66C/66D,First-time UPI user,Raichur,Station Road area,Evening rush (6-8 PM),SMS phishing link,SMS phishing link; target: First-time UPI user; evening rush (6-8 pm),2025-01-02,Linked to known offender record,26-35,F,5,Repeat,Escalating frequency over last 6 months
CASE-01465,OFF-00445,Shop Robbery,BNS Sec 309 (Robbery),Jewellery shop,Chitradurga,College Road area,Late night (11 PM-2 AM),Late-night forced entry,Late-night forced entry; target: Jewellery shop; late night (11 pm-2 am),2023-12-17,Linked to known offender record,46-55,F,6,Repeat,Alternates between two known methods
CASE-01418,OFF-00432,Chain Snatching,BNS Sec 304 (Snatching),Lone woman pedestrian,Bengaluru Rural,Doddaballapur town,Midday (12-3 PM),Two-wheeler drive-by snatch,Two-wheeler drive-by snatch; target: Lone woman pedestrian; midday (12-3 pm),2025-12-02,Linked to known offender record,36-45,M,5,Repeat,Long gap then resurgence with same MO
CASE-01487,OFF-00452,Shop Robbery,BNS Sec 309 (Robbery),Small retail shop,Chamarajanagar,Kollegal Road area,Weekend nights,"Armed threat, cash till","Armed threat, cash till; target: Small retail shop; weekend nights",2024-06-03,Linked to known offender record,18-25,M,4,Repeat,Escalating frequency over last 6 months
CASE-01600,UNASSIGNED,Counterfeit Currency,BNS Sec 178-180,Currency exchange,Ramanagara,Bengaluru-Mysuru Highway area,Evening rush (6-8 PM),Cash-for-goods swap,Cash-for-goods swap; target: Currency exchange; evening rush (6-8 pm),2023-05-28,Open - no offender match recorded,N/A - case unmatched,N/A - case unmatched,N/A - case unmatched,N/A - case unmatched,N/A - case unmatched
CASE-00264,OFF-00078,Chit Fund / Investment Fraud,BNS Sec 318 (Cheating),Small investor group,Ramanagara,Town Centre,Weekend nights,"Fake high-return scheme, cash collection","Fake high-return scheme, cash collection; target: Small investor group; weekend nights",2024-09-25,Linked to known offender record,18-25,M,1,First recorded instance,Consistent MO across all recorded cases
CASE-00279,OFF-00084,Cyber Fraud (OTP/Phishing),IT Act Sec 66C/66D,Elderly account holder,Raichur,Old Town,Evening rush (6-8 PM),SMS phishing link,SMS phishing link; target: Elderly account holder; evening rush (6-8 pm),2025-01-15,Linked to known offender record,36-45,F,5,Repeat,Escalating frequency over last 6 months
CASE-01481,OFF-00451,Shop Robbery,BNS Sec 309 (Robbery),Small retail shop,Raichur,Station Road area,Evening rush (6-8 PM),Late-night forced entry,Late-night forced entry; target: Small retail shop; evening rush (6-8 pm),2024-04-25,Linked to known offender record,46-55,M,5,Repeat,Alternates between two known methods
CASE-00623,OFF-00197,Vehicle Theft (Four-wheeler),BNS Sec 303 (Theft),Parked vehicle - street,Kodagu,Madikeri town,Midday (12-3 PM),Relay key attack,Relay key attack; target: Parked vehicle - street; midday (12-3 pm),2025-10-29,Linked to known offender record,56+,M,1,First recorded instance,Single recorded case - insufficient pattern history
CASE-01311,OFF-00396,House Burglary,BNS Sec 305 (Burglary),Vacant residence,Vijayapura,Athani Road area,Late night (11 PM-2 AM),"Lock-breaking, rear entry","Lock-breaking, rear entry; target: Vacant residence; late night (11 pm-2 am)",2023-03-29,Linked to known offender record,46-55,F,1,First recorded instance,Escalating frequency over last 6 months
CASE-01776,UNASSIGNED,Shop Robbery,BNS Sec 309 (Robbery),Small retail shop,Shivamogga,Vinoba Nagar,Midday (12-3 PM),"Armed threat, cash till","Armed threat, cash till; target: Small retail shop; midday (12-3 pm)",2025-09-29,Open - no offender match recorded,N/A - case unmatched,N/A - case unmatched,N/A - case unmatched,N/A - case unmatched,N/A - case unmatched
CASE-01089,OFF-00332,ATM Tampering/Skimming,BNS Sec 318 / IT Act,ATM users - unmanned kiosk,Bengaluru Rural,Nelamangala town,Evening rush (6-8 PM),Shoulder-surfing + card swap,Shoulder-surfing + card swap; target: ATM users - unmanned kiosk; evening rush (6-8 pm),2024-04-25,Linked to known offender record,46-55,M,5,Repeat,Escalating frequency over last 6 months
CASE-01197,OFF-00362,Counterfeit Currency,BNS Sec 178-180,Small retail shop,Mangaluru (Dakshina Kannada),Hampankatta,Late night (11 PM-2 AM),Bulk note circulation via shop network,Bulk note circulation via shop network; target: Small retail shop; late night (11 pm-2 am),2024-10-06,Linked to known offender record,36-45,F,3,Repeat,Consistent MO across all recorded cases
CASE-00917,OFF-00288,Two-Wheeler Theft,BNS Sec 303 (Theft),Parked vehicle - commercial area,Tumakuru,Ashoknagar,Early morning (4-7 AM),Vehicle lifted onto pickup truck,Vehicle lifted onto pickup truck; target: Parked vehicle - commercial area; early morning (4-7 am),2025-05-10,Linked to known offender record,26-35,F,3,Repeat,Long gap then resurgence with same MO
CASE-00248,OFF-00073,Chain Snatching,BNS Sec 304 (Snatching),Lone woman pedestrian,Uttara Kannada,Kumta town,Late night (11 PM-2 AM),Two-wheeler drive-by snatch,Two-wheeler drive-by snatch; target: Lone woman pedestrian; late night (11 pm-2 am),2024-09-01,Linked to known offender record,46-55,F,4,Repeat,Single recorded case - insufficient pattern history
CASE-00401,OFF-00130,Chain Snatching,BNS Sec 304 (Snatching),Lone woman pedestrian,Kolar,Ambedkar Nagar,Weekday mornings,Two-wheeler drive-by snatch,Two-wheeler drive-by snatch; target: Lone woman pedestrian; weekday mornings,2025-07-22,Linked to known offender record,56+,M,4,Repeat,Alternates between two known methods
CASE-01108,OFF-00336,Shop Robbery,BNS Sec 309 (Robbery),Jewellery shop,Chitradurga,Old Bus Stand area,Weekday mornings,"Armed threat, cash till","Armed threat, cash till; target: Jewellery shop; weekday mornings",2024-06-05,Linked to known offender record,46-55,F,3,Repeat,Single recorded case - insufficient pattern history
CASE-00987,OFF-00305,Pickpocketing,BNS Sec 303 (Theft),Bus/rail commuter,Belagavi,Tilakwadi,Early morning (4-7 AM),Bag slit and remove,Bag slit and remove; target: Bus/rail commuter; early morning (4-7 am),2025-11-30,Linked to known offender record,18-25,F,4,Repeat,Consistent MO across all recorded cases
CASE-01343,OFF-00407,Pickpocketing,BNS Sec 303 (Theft),Bus/rail commuter,Davanagere,Shamanur Road area,Weekday mornings,Bag slit and remove,Bag slit and remove; target: Bus/rail commuter; weekday mornings,2023-01-20,Linked to known offender record,26-35,F,3,Repeat,Single recorded case - insufficient pattern history
CASE-00479,OFF-00153,Vehicle Theft (Four-wheeler),BNS Sec 303 (Theft),Parked vehicle - street,Shivamogga,Durgigudi,Late night (11 PM-2 AM),Relay key attack,Relay key attack; target: Parked vehicle - street; late night (11 pm-2 am),2024-04-30,Linked to known offender record,18-25,F,4,Repeat,Alternates between two known methods
CASE-00372,OFF-00120,Chain Snatching,BNS Sec 304 (Snatching),Elderly pedestrian,Hassan,Bus Stand area,Early morning (4-7 AM),"Foot approach, distraction snatch","Foot approach, distraction snatch; target: Elderly pedestrian; early morning (4-7 am)",2024-04-18,Linked to known offender record,26-35,M,4,Repeat,Alternates between two known methods
CASE-01081,OFF-00329,Chit Fund / Investment Fraud,BNS Sec 318 (Cheating),Small investor group,Chikkamagaluru,Kalasapura,Evening rush (6-8 PM),"Fake high-return scheme, cash collection","Fake high-return scheme, cash collection; target: Small investor group; evening rush (6-8 pm)",2025-06-20,Linked to known offender record,46-55,F,4,Repeat,Alternates between two known methods
CASE-01634,UNASSIGNED,Pickpocketing,BNS Sec 303 (Theft),Market crowd,Chitradurga,Basaveshwara Nagar,Evening rush (6-8 PM),Crowd distraction lift,Crowd distraction lift; target: Market crowd; evening rush (6-8 pm),2023-01-06,Open - no offender match recorded,N/A - case unmatched,N/A - case unmatched,N/A - case unmatched,N/A - case unmatched,N/A - case unmatched
CASE-00375,OFF-00120,Chain Snatching,BNS Sec 304 (Snatching),Lone woman pedestrian,Mandya,Ashok Nagar,Early morning (4-7 AM),"Foot approach, distraction snatch","Foot approach, distraction snatch; target: Lone woman pedestrian; early morning (4-7 am)",2023-03-05,Linked to known offender record,26-35,M,4,Repeat,Alternates between two known methods
CASE-00683,OFF-00215,Vehicle Theft (Four-wheeler),BNS Sec 303 (Theft),Parked vehicle - street,Davanagere,PJ Extension,Midday (12-3 PM),Tow-away theft,Tow-away theft; target: Parked vehicle - street; midday (12-3 pm),2023-10-18,Linked to known offender record,36-45,M,6,Repeat,Alternates between two known methods
CASE-00199,OFF-00058,Counterfeit Currency,BNS Sec 178-180,Small retail shop,Raichur,Station Road area,Weekday mornings,Bulk note circulation via shop network,Bulk note circulation via shop network; target: Small retail shop; weekday mornings,2024-08-18,Linked to known offender record,18-25,M,2,Repeat,Escalating frequency over last 6 months
CASE-00006,OFF-00003,Chain Snatching,BNS Sec 304 (Snatching),Lone woman pedestrian,Bengaluru Urban,BTM Layout,Weekend nights,"Foot approach, distraction snatch","Foot approach, distraction snatch; target: Lone woman pedestrian; weekend nights",2023-04-08,Linked to known offender record,18-25,F,2,Repeat,Consistent MO across all recorded cases
CASE-01088,OFF-00331,Counterfeit Currency,BNS Sec 178-180,Currency exchange,Haveri,Bypass Road area,Late night (11 PM-2 AM),Cash-for-goods swap,Cash-for-goods swap; target: Currency exchange; late night (11 pm-2 am),2023-10-04,Linked to known offender record,18-25,F,1,First recorded instance,Consistent MO across all recorded cases
CASE-00231,OFF-00067,Cyber Fraud (OTP/Phishing),IT Act Sec 66C/66D,Elderly account holder,Tumakuru,Kunigal Road area,Midday (12-3 PM),SMS phishing link,SMS phishing link; target: Elderly account holder; midday (12-3 pm),2023-06-20,Linked to known offender record,46-55,M,1,First recorded instance,Long gap then resurgence with same MO
CASE-01116,OFF-00340,Pickpocketing,BNS Sec 303 (Theft),Bus/rail commuter,Bidar,New Bidar,Early morning (4-7 AM),Bag slit and remove,Bag slit and remove; target: Bus/rail commuter; early morning (4-7 am),2025-06-05,Linked to known offender record,56+,M,4,Repeat,Long gap then resurgence with same MO
CASE-00424,OFF-00137,Chit Fund / Investment Fraud,BNS Sec 318 (Cheating),Small investor group,Ramanagara,Bengaluru-Mysuru Highway area,Late night (11 PM-2 AM),"Fake high-return scheme, cash collection","Fake high-return scheme, cash collection; target: Small investor group; late night (11 pm-2 am)",2023-09-12,Linked to known offender record,56+,M,3,Repeat,Consistent MO across all recorded cases
CASE-01262,OFF-00381,House Burglary,BNS Sec 305 (Burglary),Ground-floor apartment,Mangaluru (Dakshina Kannada),Kadri,Late night (11 PM-2 AM),Window grille cutting,Window grille cutting; target: Ground-floor apartment; late night (11 pm-2 am),2025-08-17,Linked to known offender record,46-55,M,4,Repeat,Consistent MO across all recorded cases
CASE-01408,OFF-00430,Shop Robbery,BNS Sec 309 (Robbery),Small retail shop,Bagalkot,Navanagar,Midday (12-3 PM),Late-night forced entry,Late-night forced entry; target: Small retail shop; midday (12-3 pm),2023-01-26,Linked to known offender record,46-55,M,3,Repeat,Long gap then resurgence with same MO
CASE-00195,OFF-00056,Shop Robbery,BNS Sec 309 (Robbery),Small retail shop,Hubballi-Dharwad,Vidyanagar,Late night (11 PM-2 AM),"Armed threat, cash till","Armed threat, cash till; target: Small retail shop; late night (11 pm-2 am)",2024-10-14,Linked to known offender record,46-55,F,1,First recorded instance,Single recorded case - insufficient pattern history
CASE-00779,OFF-00243,House Burglary,BNS Sec 305 (Burglary),Vacant residence,Chikkaballapur,MG Road area,Evening rush (6-8 PM),Window grille cutting,Window grille cutting; target: Vacant residence; evening rush (6-8 pm),2025-04-20,Linked to known offender record,18-25,M,4,Repeat,Long gap then resurgence with same MO
CASE-00377,OFF-00121,Chit Fund / Investment Fraud,BNS Sec 318 (Cheating),Small investor group,Kalaburagi,Jewargi Road area,Weekday mornings,"Fake high-return scheme, cash collection","Fake high-return scheme, cash collection; target: Small investor group; weekday mornings",2023-05-08,Linked to known offender record,26-35,F,4,Repeat,Alternates between two known methods
CASE-01876,UNASSIGNED,Chit Fund / Investment Fraud,BNS Sec 318 (Cheating),Small investor group,Chamarajanagar,Kollegal Road area,Evening rush (6-8 PM),"Fake high-return scheme, cash collection","Fake high-return scheme, cash collection; target: Small investor group; evening rush (6-8 pm)",2024-02-29,Open - no offender match recorded,N/A - case unmatched,N/A - case unmatched,N/A - case unmatched,N/A - case unmatched,N/A - case unmatched
CASE-01325,OFF-00399,Two-Wheeler Theft,BNS Sec 303 (Theft),Parked vehicle - commercial area,Chikkamagaluru,IG Road area,Evening rush (6-8 PM),Duplicate key / lock-picking,Duplicate key / lock-picking; target: Parked vehicle - commercial area; evening rush (6-8 pm),2025-11-27,Linked to known offender record,36-45,F,4,Repeat,Escalating frequency over last 6 months
CASE-00868,OFF-00276,Counterfeit Currency,BNS Sec 178-180,Currency exchange,Udupi,Manipal,Evening rush (6-8 PM),Cash-for-goods swap,Cash-for-goods swap; target: Currency exchange; evening rush (6-8 pm),2025-11-29,Linked to known offender record,36-45,F,4,Repeat,Escalating frequency over last 6 months
CASE-00055,OFF-00016,ATM Tampering/Skimming,BNS Sec 318 / IT Act,ATM users - unmanned kiosk,Mysuru,Jayalakshmipuram,Weekend nights,Skimmer device installation,Skimmer device installation; target: ATM users - unmanned kiosk; weekend nights,2024-04-28,Linked to known offender record,56+,F,5,Repeat,Consistent MO across all recorded cases
CASE-00317,OFF-00100,Counterfeit Currency,BNS Sec 178-180,Small retail shop,Koppal,Old Town,Midday (12-3 PM),Bulk note circulation via shop network,Bulk note circulation via shop network; target: Small retail shop; midday (12-3 pm),2025-08-01,Linked to known offender record,46-55,F,2,Repeat,Alternates between two known methods
CASE-00934,OFF-00293,Cyber Fraud (OTP/Phishing),IT Act Sec 66C/66D,Elderly account holder,Udupi,Manipal,Weekday mornings,SMS phishing link,SMS phishing link; target: Elderly account holder; weekday mornings,2025-10-05,Linked to known offender record,56+,F,6,Repeat,Consistent MO across all recorded cases
CASE-00579,OFF-00182,ATM Tampering/Skimming,BNS Sec 318 / IT Act,ATM users - unmanned kiosk,Koppal,Old Town,Early morning (4-7 AM),Shoulder-surfing + card swap,Shoulder-surfing + card swap; target: ATM users - unmanned kiosk; early morning (4-7 am),2024-06-22,Linked to known offender record,56+,M,4,Repeat,Single recorded case - insufficient pattern history
CASE-00658,OFF-00209,Vehicle Theft (Four-wheeler),BNS Sec 303 (Theft),Parked vehicle - street,Ramanagara,Town Centre,Weekend nights,Tow-away theft,Tow-away theft; target: Parked vehicle - street; weekend nights,2024-05-11,Linked to known offender record,18-25,M,5,Repeat,Escalating frequency over last 6 months
CASE-00888,OFF-00281,Pickpocketing,BNS Sec 303 (Theft),Market crowd,Bidar,Chidri,Early morning (4-7 AM),Bag slit and remove,Bag slit and remove; target: Market crowd; early morning (4-7 am),2023-06-26,Linked to known offender record,56+,M,4,Repeat,Escalating frequency over last 6 months
CASE-01460,OFF-00444,Counterfeit Currency,BNS Sec 178-180,Small retail shop,Tumakuru,Kunigal Road area,Midday (12-3 PM),Bulk note circulation via shop network,Bulk note circulation via shop network; target: Small retail shop; midday (12-3 pm),2024-03-21,Linked to known offender record,26-35,F,5,Repeat,Single recorded case - insufficient pattern history
CASE-00896,OFF-00283,Pickpocketing,BNS Sec 303 (Theft),Bus/rail commuter,Udupi,Malpe Road area,Late night (11 PM-2 AM),Crowd distraction lift,Crowd distraction lift; target: Bus/rail commuter; late night (11 pm-2 am),2023-05-24,Linked to known offender record,26-35,F,3,Repeat,Single recorded case - insufficient pattern history
CASE-01595,UNASSIGNED,Two-Wheeler Theft,BNS Sec 303 (Theft),Parked vehicle - residential,Kolar,Ambedkar Nagar,Late night (11 PM-2 AM),Duplicate key / lock-picking,Duplicate key / lock-picking; target: Parked vehicle - residential; late night (11 pm-2 am),2024-05-23,Open - no offender match recorded,N/A - case unmatched,N/A - case unmatched,N/A - case unmatched,N/A - case unmatched,N/A - case unmatched
CASE-00708,OFF-00223,Two-Wheeler Theft,BNS Sec 303 (Theft),Parked vehicle - commercial area,Haveri,Old Town,Weekend nights,Vehicle lifted onto pickup truck,Vehicle lifted onto pickup truck; target: Parked vehicle - commercial area; weekend nights,2024-12-18,Linked to known offender record,46-55,F,2,Repeat,Escalating frequency over last 6 months
CASE-00993,OFF-00307,Vehicle Theft (Four-wheeler),BNS Sec 303 (Theft),Parked vehicle - street,Udupi,Kunjibettu,Weekend nights,Tow-away theft,Tow-away theft; target: Parked vehicle - street; weekend nights,2024-02-16,Linked to known offender record,46-55,F,1,First recorded instance,Long gap then resurgence with same MO
CASE-00481,OFF-00153,Vehicle Theft (Four-wheeler),BNS Sec 303 (Theft),Parked vehicle - street,Vijayapura,Station Area,Late night (11 PM-2 AM),Relay key attack,Relay key attack; target: Parked vehicle - street; late night (11 pm-2 am),2025-11-21,Linked to known offender record,18-25,F,4,Repeat,Alternates between two known methods
CASE-01963,UNASSIGNED,Pickpocketing,BNS Sec 303 (Theft),Bus/rail commuter,Bengaluru Urban,Rajajinagar,Early morning (4-7 AM),Crowd distraction lift,Crowd distraction lift; target: Bus/rail commuter; early morning (4-7 am),2023-10-15,Open - no offender match recorded,N/A - case unmatched,N/A - case unmatched,N/A - case unmatched,N/A - case unmatched,N/A - case unmatched
CASE-01535,UNASSIGNED,House Burglary,BNS Sec 305 (Burglary),Vacant residence,Koppal,Gangavathi Road area,Midday (12-3 PM),Impersonation as utility worker,Impersonation as utility worker; target: Vacant residence; midday (12-3 pm),2023-03-16,Open - no offender match recorded,N/A - case unmatched,N/A - case unmatched,N/A - case unmatched,N/A - case unmatched,N/A - case unmatched
CASE-00635,OFF-00201,Cyber Fraud (OTP/Phishing),IT Act Sec 66C/66D,Elderly account holder,Tumakuru,Ashoknagar,Midday (12-3 PM),Fake bank call requesting OTP,Fake bank call requesting OTP; target: Elderly account holder; midday (12-3 pm),2025-10-31,Linked to known offender record,46-55,F,6,Repeat,Consistent MO across all recorded cases
CASE-01491,OFF-00453,Shop Robbery,BNS Sec 309 (Robbery),Jewellery shop,Chamarajanagar,Town Centre,Weekday mornings,"Armed threat, cash till","Armed threat, cash till; target: Jewellery shop; weekday mornings",2023-01-29,Linked to known offender record,36-45,M,4,Repeat,Escalating frequency over last 6 months
CASE-01435,OFF-00437,Counterfeit Currency,BNS Sec 178-180,Small retail shop,Chitradurga,College Road area,Weekday mornings,Bulk note circulation via shop network,Bulk note circulation via shop network; target: Small retail shop; weekday mornings,2023-12-23,Linked to known offender record,36-45,M,3,Repeat,Consistent MO across all recorded cases
CASE-00299,OFF-00092,Chit Fund / Investment Fraud,BNS Sec 318 (Cheating),Small investor group,Yadgir,Bus Stand area,Weekend nights,"Fake high-return scheme, cash collection","Fake high-return scheme, cash collection; target: Small investor group; weekend nights",2023-10-30,Linked to known offender record,56+,M,5,Repeat,Long gap then resurgence with same MO
CASE-00596,OFF-00186,Cyber Fraud (OTP/Phishing),IT Act Sec 66C/66D,First-time UPI user,Bidar,Chidri,Evening rush (6-8 PM),SMS phishing link,SMS phishing link; target: First-time UPI user; evening rush (6-8 pm),2025-11-29,Linked to known offender record,36-45,M,5,Repeat,Long gap then resurgence with same MO
CASE-00178,OFF-00051,Counterfeit Currency,BNS Sec 178-180,Small retail shop,Udupi,Manipal,Weekend nights,Cash-for-goods swap,Cash-for-goods swap; target: Small retail shop; weekend nights,2023-07-28,Linked to known offender record,46-55,F,5,Repeat,Single recorded case - insufficient pattern history
CASE-01991,UNASSIGNED,Shop Robbery,BNS Sec 309 (Robbery),Jewellery shop,Belagavi,Vadgaon,Midday (12-3 PM),Late-night forced entry,Late-night forced entry; target: Jewellery shop; midday (12-3 pm),2023-05-15,Open - no offender match recorded,N/A - case unmatched,N/A - case unmatched,N/A - case unmatched,N/A - case unmatched,N/A - case unmatched
CASE-00995,OFF-00309,ATM Tampering/Skimming,BNS Sec 318 / IT Act,ATM users - unmanned kiosk,Kalaburagi,Sedam Road area,Late night (11 PM-2 AM),Skimmer device installation,Skimmer device installation; target: ATM users - unmanned kiosk; late night (11 pm-2 am),2025-06-27,Linked to known offender record,26-35,M,4,Repeat,Consistent MO across all recorded cases
CASE-01022,OFF-00315,ATM Tampering/Skimming,BNS Sec 318 / IT Act,ATM users - unmanned kiosk,Chitradurga,College Road area,Weekend nights,Shoulder-surfing + card swap,Shoulder-surfing + card swap; target: ATM users - unmanned kiosk; weekend nights,2024-08-13,Linked to known offender record,46-55,F,3,Repeat,Consistent MO across all recorded cases
CASE-01569,UNASSIGNED,Cyber Fraud (OTP/Phishing),IT Act Sec 66C/66D,First-time UPI user,Bagalkot,Old Bagalkot,Midday (12-3 PM),SMS phishing link,SMS phishing link; target: First-time UPI user; midday (12-3 pm),2024-01-16,Open - no offender match recorded,N/A - case unmatched,N/A - case unmatched,N/A - case unmatched,N/A - case unmatched,N/A - case unmatched
CASE-00936,OFF-00293,Cyber Fraud (OTP/Phishing),IT Act Sec 66C/66D,Elderly account holder,Hassan,Vidyanagar,Evening rush (6-8 PM),SMS phishing link,SMS phishing link; target: Elderly account holder; evening rush (6-8 pm),2023-09-25,Linked to known offender record,56+,F,6,Repeat,Consistent MO across all recorded cases
CASE-00664,OFF-00210,Vehicle Theft (Four-wheeler),BNS Sec 303 (Theft),Parked vehicle - street,Bagalkot,Navanagar,Late night (11 PM-2 AM),Relay key attack,Relay key attack; target: Parked vehicle - street; late night (11 pm-2 am),2024-12-11,Linked to known offender record,56+,M,5,Repeat,Alternates between two known methods
CASE-01099,OFF-00333,Vehicle Theft (Four-wheeler),BNS Sec 303 (Theft),Parked vehicle - street,Belagavi,Camp Area,Weekday mornings,Tow-away theft,Tow-away theft; target: Parked vehicle - street; weekday mornings,2025-05-09,Linked to known offender record,26-35,F,6,Repeat,Long gap then resurgence with same MO
CASE-00038,OFF-00012,Cyber Fraud (OTP/Phishing),IT Act Sec 66C/66D,Elderly account holder,Belagavi,Camp Area,Late night (11 PM-2 AM),Fake bank call requesting OTP,Fake bank call requesting OTP; target: Elderly account holder; late night (11 pm-2 am),2024-07-07,Linked to known offender record,18-25,F,6,Repeat,Alternates between two known methods
CASE-00237,OFF-00070,Cyber Fraud (OTP/Phishing),IT Act Sec 66C/66D,First-time UPI user,Hassan,Vidyanagar,Early morning (4-7 AM),SMS phishing link,SMS phishing link; target: First-time UPI user; early morning (4-7 am),2024-12-22,Linked to known offender record,26-35,F,2,Repeat,Alternates between two known methods
CASE-00095,OFF-00028,Chain Snatching,BNS Sec 304 (Snatching),Elderly pedestrian,Bidar,Old City area,Early morning (4-7 AM),"Foot approach, distraction snatch","Foot approach, distraction snatch; target: Elderly pedestrian; early morning (4-7 am)",2023-08-21,Linked to known offender record,46-55,F,5,Repeat,Alternates between two known methods
CASE-00003,OFF-00001,Two-Wheeler Theft,BNS Sec 303 (Theft),Parked vehicle - commercial area,Mysuru,Saraswathipuram,Midday (12-3 PM),Duplicate key / lock-picking,Duplicate key / lock-picking; target: Parked vehicle - commercial area; midday (12-3 pm),2023-01-14,Linked to known offender record,46-55,M,3,Repeat,Single recorded case - insufficient pattern history
CASE-00763,OFF-00237,Vehicle Theft (Four-wheeler),BNS Sec 303 (Theft),Parked vehicle - street,Ramanagara,Town Centre,Late night (11 PM-2 AM),Relay key attack,Relay key attack; target: Parked vehicle - street; late night (11 pm-2 am),2025-06-11,Linked to known offender record,46-55,F,6,Repeat,Consistent MO across all recorded cases
CASE-00072,OFF-00020,House Burglary,BNS Sec 305 (Burglary),Vacant residence,Kodagu,Virajpet town,Evening rush (6-8 PM),"Lock-breaking, rear entry","Lock-breaking, rear entry; target: Vacant residence; evening rush (6-8 pm)",2023-10-18,Linked to known offender record,46-55,M,5,Repeat,Long gap then resurgence with same MO
CASE-00674,OFF-00213,Cyber Fraud (OTP/Phishing),IT Act Sec 66C/66D,Elderly account holder,Chamarajanagar,Kollegal Road area,Late night (11 PM-2 AM),SMS phishing link,SMS phishing link; target: Elderly account holder; late night (11 pm-2 am),2025-08-17,Linked to known offender record,18-25,M,6,Repeat,Long gap then resurgence with same MO
CASE-01896,UNASSIGNED,House Burglary,BNS Sec 305 (Burglary),Ground-floor apartment,Kalaburagi,Station Road area,Weekend nights,"Lock-breaking, rear entry","Lock-breaking, rear entry; target: Ground-floor apartment; weekend nights",2025-01-02,Open - no offender match recorded,N/A - case unmatched,N/A - case unmatched,N/A - case unmatched,N/A - case unmatched,N/A - case unmatched
CASE-01484,OFF-00451,Shop Robbery,BNS Sec 309 (Robbery),Small retail shop,Raichur,Old Town,Evening rush (6-8 PM),Late-night forced entry,Late-night forced entry; target: Small retail shop; evening rush (6-8 pm),2024-08-03,Linked to known offender record,46-55,M,5,Repeat,Alternates between two known methods
CASE-00127,OFF-00037,Chain Snatching,BNS Sec 304 (Snatching),Elderly pedestrian,Kalaburagi,Jewargi Road area,Weekend nights,"Foot approach, distraction snatch","Foot approach, distraction snatch; target: Elderly pedestrian; weekend nights",2023-07-24,Linked to known offender record,26-35,F,5,Repeat,Single recorded case - insufficient pattern history
CASE-00846,OFF-00264,Chain Snatching,BNS Sec 304 (Snatching),Elderly pedestrian,Koppal,Old Town,Early morning (4-7 AM),"Foot approach, distraction snatch","Foot approach, distraction snatch; target: Elderly pedestrian; early morning (4-7 am)",2023-01-06,Linked to known offender record,18-25,M,2,Repeat,Single recorded case - insufficient pattern history
CASE-01965,UNASSIGNED,Cyber Fraud (OTP/Phishing),IT Act Sec 66C/66D,Elderly account holder,Ramanagara,Bengaluru-Mysuru Highway area,Evening rush (6-8 PM),SMS phishing link,SMS phishing link; target: Elderly account holder; evening rush (6-8 pm),2024-09-12,Open - no offender match recorded,N/A - case unmatched,N/A - case unmatched,N/A - case unmatched,N/A - case unmatched,N/A - case unmatched
CASE-00450,OFF-00144,House Burglary,BNS Sec 305 (Burglary),Vacant residence,Hassan,Vidyanagar,Midday (12-3 PM),Impersonation as utility worker,Impersonation as utility worker; target: Vacant residence; midday (12-3 pm),2025-10-14,Linked to known offender record,46-55,F,1,First recorded instance,Escalating frequency over last 6 months
CASE-01988,UNASSIGNED,Shop Robbery,BNS Sec 309 (Robbery),Small retail shop,Chikkaballapur,Bus Stand area,Early morning (4-7 AM),"Armed threat, cash till","Armed threat, cash till; target: Small retail shop; early morning (4-7 am)",2025-04-03,Open - no offender match recorded,N/A - case unmatched,N/A - case unmatched,N/A - case unmatched,N/A - case unmatched,N/A - case unmatched
CASE-00314,OFF-00099,Chit Fund / Investment Fraud,BNS Sec 318 (Cheating),Small investor group,Kolar,Old Bus Stand area,Weekday mornings,"Fake high-return scheme, cash collection","Fake high-return scheme, cash collection; target: Small investor group; weekday mornings",2023-05-31,Linked to known offender record,26-35,M,3,Repeat,Single recorded case - insufficient pattern history
CASE-01723,UNASSIGNED,Chit Fund / Investment Fraud,BNS Sec 318 (Cheating),Small investor group,Shivamogga,Vinoba Nagar,Early morning (4-7 AM),"Fake high-return scheme, cash collection","Fake high-return scheme, cash collection; target: Small investor group; early morning (4-7 am)",2025-10-20,Open - no offender match recorded,N/A - case unmatched,N/A - case unmatched,N/A - case unmatched,N/A - case unmatched,N/A - case unmatched
CASE-01332,OFF-00403,ATM Tampering/Skimming,BNS Sec 318 / IT Act,ATM users - unmanned kiosk,Bengaluru Urban,Banashankari,Evening rush (6-8 PM),Shoulder-surfing + card swap,Shoulder-surfing + card swap; target: ATM users - unmanned kiosk; evening rush (6-8 pm),2023-08-29,Linked to known offender record,36-45,M,5,Repeat,Escalating frequency over last 6 months
CASE-01100,OFF-00334,ATM Tampering/Skimming,BNS Sec 318 / IT Act,ATM users - unmanned kiosk,Gadag,Station Road area,Early morning (4-7 AM),Skimmer device installation,Skimmer device installation; target: ATM users - unmanned kiosk; early morning (4-7 am),2023-02-20,Linked to known offender record,56+,M,3,Repeat,Alternates between two known methods
CASE-01134,OFF-00344,Two-Wheeler Theft,BNS Sec 303 (Theft),Parked vehicle - residential,Ramanagara,Bengaluru-Mysuru Highway area,Midday (12-3 PM),Duplicate key / lock-picking,Duplicate key / lock-picking; target: Parked vehicle - residential; midday (12-3 pm),2024-07-30,Linked to known offender record,18-25,M,6,Repeat,Consistent MO across all recorded cases
CASE-00996,OFF-00309,ATM Tampering/Skimming,BNS Sec 318 / IT Act,ATM users - unmanned kiosk,Ballari,Bruce Pet,Weekend nights,Shoulder-surfing + card swap,Shoulder-surfing + card swap; target: ATM users - unmanned kiosk; weekend nights,2023-05-13,Linked to known offender record,26-35,M,4,Repeat,Consistent MO across all recorded cases
CASE-00439,OFF-00141,Cyber Fraud (OTP/Phishing),IT Act Sec 66C/66D,Elderly account holder,Ramanagara,Town Centre,Late night (11 PM-2 AM),Fake bank call requesting OTP,Fake bank call requesting OTP; target: Elderly account holder; late night (11 pm-2 am),2023-04-28,Linked to known offender record,18-25,F,5,Repeat,Escalating frequency over last 6 months
CASE-00322,OFF-00102,Vehicle Theft (Four-wheeler),BNS Sec 303 (Theft),Parked vehicle - street,Uttara Kannada,Karwar town,Late night (11 PM-2 AM),Relay key attack,Relay key attack; target: Parked vehicle - street; late night (11 pm-2 am),2024-12-28,Linked to known offender record,56+,M,6,Repeat,Single recorded case - insufficient pattern history
CASE-00167,OFF-00048,Two-Wheeler Theft,BNS Sec 303 (Theft),Parked vehicle - residential,Mysuru,Kuvempunagar,Evening rush (6-8 PM),Vehicle lifted onto pickup truck,Vehicle lifted onto pickup truck; target: Parked vehicle - residential; evening rush (6-8 pm),2023-01-02,Linked to known offender record,46-55,F,4,Repeat,Alternates between two known methods
CASE-00757,OFF-00236,Chain Snatching,BNS Sec 304 (Snatching),Lone woman pedestrian,Hubballi-Dharwad,Vidyanagar,Weekend nights,"Foot approach, distraction snatch","Foot approach, distraction snatch; target: Lone woman pedestrian; weekend nights",2024-08-19,Linked to known offender record,26-35,M,6,Repeat,Single recorded case - insufficient pattern history
CASE-00897,OFF-00283,Pickpocketing,BNS Sec 303 (Theft),Market crowd,Hassan,Vidyanagar,Evening rush (6-8 PM),Crowd distraction lift,Crowd distraction lift; target: Market crowd; evening rush (6-8 pm),2025-05-16,Linked to known offender record,26-35,F,3,Repeat,Single recorded case - insufficient pattern history
CASE-01324,OFF-00399,Two-Wheeler Theft,BNS Sec 303 (Theft),Parked vehicle - commercial area,Chikkamagaluru,IG Road area,Weekend nights,Duplicate key / lock-picking,Duplicate key / lock-picking; target: Parked vehicle - commercial area; weekend nights,2024-09-16,Linked to known offender record,36-45,F,4,Repeat,Escalating frequency over last 6 months
CASE-00175,OFF-00051,Counterfeit Currency,BNS Sec 178-180,Small retail shop,Kalaburagi,Jewargi Road area,Weekend nights,Bulk note circulation via shop network,Bulk note circulation via shop network; target: Small retail shop; weekend nights,2025-06-19,Linked to known offender record,46-55,F,5,Repeat,Single recorded case - insufficient pattern history
CASE-00172,OFF-00049,Vehicle Theft (Four-wheeler),BNS Sec 303 (Theft),Parked vehicle - street,Ballari,Gandhinagar,Evening rush (6-8 PM),Tow-away theft,Tow-away theft; target: Parked vehicle - street; evening rush (6-8 pm),2024-01-28,Linked to known offender record,18-25,M,4,Repeat,Escalating frequency over last 6 months
CASE-01574,UNASSIGNED,Vehicle Theft (Four-wheeler),BNS Sec 303 (Theft),Parked vehicle - street,Tumakuru,Ashoknagar,Midday (12-3 PM),Tow-away theft,Tow-away theft; target: Parked vehicle - street; midday (12-3 pm),2024-07-16,Open - no offender match recorded,N/A - case unmatched,N/A - case unmatched,N/A - case unmatched,N/A - case unmatched,N/A - case unmatched
CASE-00431,OFF-00138,Vehicle Theft (Four-wheeler),BNS Sec 303 (Theft),Parked vehicle - street,Bengaluru Urban,Koramangala,Weekend nights,Relay key attack,Relay key attack; target: Parked vehicle - street; weekend nights,2025-01-19,Linked to known offender record,46-55,F,6,Repeat,Single recorded case - insufficient pattern history
CASE-00819,OFF-00256,Pickpocketing,BNS Sec 303 (Theft),Market crowd,Mangaluru (Dakshina Kannada),Hampankatta,Late night (11 PM-2 AM),Bag slit and remove,Bag slit and remove; target: Market crowd; late night (11 pm-2 am),2025-10-28,Linked to known offender record,18-25,M,1,First recorded instance,Escalating frequency over last 6 months
CASE-01779,UNASSIGNED,Counterfeit Currency,BNS Sec 178-180,Small retail shop,Chikkaballapur,MG Road area,Early morning (4-7 AM),Cash-for-goods swap,Cash-for-goods swap; target: Small retail shop; early morning (4-7 am),2025-12-07,Open - no offender match recorded,N/A - case unmatched,N/A - case unmatched,N/A - case unmatched,N/A - case unmatched,N/A - case unmatched
CASE-01864,UNASSIGNED,House Burglary,BNS Sec 305 (Burglary),Ground-floor apartment,Kolar,Old Bus Stand area,Midday (12-3 PM),"Lock-breaking, rear entry","Lock-breaking, rear entry; target: Ground-floor apartment; midday (12-3 pm)",2025-12-29,Open - no offender match recorded,N/A - case unmatched,N/A - case unmatched,N/A - case unmatched,N/A - case unmatched,N/A - case unmatched
CASE-01179,OFF-00357,Chain Snatching,BNS Sec 304 (Snatching),Lone woman pedestrian,Chikkaballapur,Bus Stand area,Late night (11 PM-2 AM),"Foot approach, distraction snatch","Foot approach, distraction snatch; target: Lone woman pedestrian; late night (11 pm-2 am)",2024-04-16,Linked to known offender record,18-25,M,6,Repeat,Single recorded case - insufficient pattern history
CASE-00351,OFF-00112,Chit Fund / Investment Fraud,BNS Sec 318 (Cheating),Small investor group,Chamarajanagar,Kollegal Road area,Late night (11 PM-2 AM),"Fake high-return scheme, cash collection","Fake high-return scheme, cash collection; target: Small investor group; late night (11 pm-2 am)",2024-09-06,Linked to known offender record,18-25,M,4,Repeat,Alternates between two known methods
CASE-00187,OFF-00053,Two-Wheeler Theft,BNS Sec 303 (Theft),Parked vehicle - commercial area,Bagalkot,Old Bagalkot,Weekday mornings,Vehicle lifted onto pickup truck,Vehicle lifted onto pickup truck; target: Parked vehicle - commercial area; weekday mornings,2023-01-18,Linked to known offender record,46-55,M,5,Repeat,Escalating frequency over last 6 months
CASE-00822,OFF-00257,Cyber Fraud (OTP/Phishing),IT Act Sec 66C/66D,First-time UPI user,Tumakuru,SS Puram,Midday (12-3 PM),SMS phishing link,SMS phishing link; target: First-time UPI user; midday (12-3 pm),2024-01-20,Linked to known offender record,26-35,F,6,Repeat,Alternates between two known methods
CASE-01275,OFF-00385,House Burglary,BNS Sec 305 (Burglary),Ground-floor apartment,Udupi,Manipal,Late night (11 PM-2 AM),Window grille cutting,Window grille cutting; target: Ground-floor apartment; late night (11 pm-2 am),2024-05-07,Linked to known offender record,36-45,F,6,Repeat,Escalating frequency over last 6 months
CASE-01860,UNASSIGNED,Chain Snatching,BNS Sec 304 (Snatching),Lone woman pedestrian,Hubballi-Dharwad,Old Hubballi,Evening rush (6-8 PM),"Foot approach, distraction snatch","Foot approach, distraction snatch; target: Lone woman pedestrian; evening rush (6-8 pm)",2025-05-30,Open - no offender match recorded,N/A - case unmatched,N/A - case unmatched,N/A - case unmatched,N/A - case unmatched,N/A - case unmatched
CASE-01356,OFF-00412,Counterfeit Currency,BNS Sec 178-180,Small retail shop,Chamarajanagar,Kollegal Road area,Evening rush (6-8 PM),Bulk note circulation via shop network,Bulk note circulation via shop network; target: Small retail shop; evening rush (6-8 pm),2024-06-26,Linked to known offender record,26-35,F,2,Repeat,Consistent MO across all recorded cases
CASE-01911,UNASSIGNED,Counterfeit Currency,BNS Sec 178-180,Small retail shop,Udupi,Manipal,Early morning (4-7 AM),Cash-for-goods swap,Cash-for-goods swap; target: Small retail shop; early morning (4-7 am),2024-01-08,Open - no offender match recorded,N/A - case unmatched,N/A - case unmatched,N/A - case unmatched,N/A - case unmatched,N/A - case unmatched
CASE-01557,UNASSIGNED,Vehicle Theft (Four-wheeler),BNS Sec 303 (Theft),Parked vehicle - street,Raichur,Old Town,Weekend nights,Tow-away theft,Tow-away theft; target: Parked vehicle - street; weekend nights,2023-04-21,Open - no offender match recorded,N/A - case unmatched,N/A - case unmatched,N/A - case unmatched,N/A - case unmatched,N/A - case unmatched
CASE-01814,UNASSIGNED,Chain Snatching,BNS Sec 304 (Snatching),Lone woman pedestrian,Chikkamagaluru,MG Road area,Weekday mornings,Two-wheeler drive-by snatch,Two-wheeler drive-by snatch; target: Lone woman pedestrian; weekday mornings,2023-04-11,Open - no offender match recorded,N/A - case unmatched,N/A - case unmatched,N/A - case unmatched,N/A - case unmatched,N/A - case unmatched
CASE-00880,OFF-00279,House Burglary,BNS Sec 305 (Burglary),Ground-floor apartment,Ramanagara,Bengaluru-Mysuru Highway area,Weekend nights,Window grille cutting,Window grille cutting; target: Ground-floor apartment; weekend nights,2023-04-16,Linked to known offender record,46-55,F,3,Repeat,Consistent MO across all recorded cases
CASE-01925,UNASSIGNED,Chit Fund / Investment Fraud,BNS Sec 318 (Cheating),Small investor group,Udupi,Malpe Road area,Late night (11 PM-2 AM),"Fake high-return scheme, cash collection","Fake high-return scheme, cash collection; target: Small investor group; late night (11 pm-2 am)",2023-12-31,Open - no offender match recorded,N/A - case unmatched,N/A - case unmatched,N/A - case unmatched,N/A - case unmatched,N/A - case unmatched
CASE-00927,OFF-00291,House Burglary,BNS Sec 305 (Burglary),Ground-floor apartment,Tumakuru,Kunigal Road area,Weekday mornings,Window grille cutting,Window grille cutting; target: Ground-floor apartment; weekday mornings,2025-11-11,Linked to known offender record,18-25,F,2,Repeat,Alternates between two known methods
CASE-00276,OFF-00084,Cyber Fraud (OTP/Phishing),IT Act Sec 66C/66D,Elderly account holder,Raichur,Station Road area,Midday (12-3 PM),Fake bank call requesting OTP,Fake bank call requesting OTP; target: Elderly account holder; midday (12-3 pm),2024-06-24,Linked to known offender record,36-45,F,5,Repeat,Escalating frequency over last 6 months
CASE-01300,OFF-00392,House Burglary,BNS Sec 305 (Burglary),Vacant residence,Kalaburagi,Sedam Road area,Evening rush (6-8 PM),"Lock-breaking, rear entry","Lock-breaking, rear entry; target: Vacant residence; evening rush (6-8 pm)",2023-11-21,Linked to known offender record,36-45,F,4,Repeat,Escalating frequency over last 6 months
CASE-00606,OFF-00189,ATM Tampering/Skimming,BNS Sec 318 / IT Act,ATM users - unmanned kiosk,Ramanagara,Bengaluru-Mysuru Highway area,Early morning (4-7 AM),Skimmer device installation,Skimmer device installation; target: ATM users - unmanned kiosk; early morning (4-7 am),2024-07-22,Linked to known offender record,36-45,M,2,Repeat,Long gap then resurgence with same MO
CASE-00438,OFF-00140,Chit Fund / Investment Fraud,BNS Sec 318 (Cheating),Small investor group,Bidar,New Bidar,Late night (11 PM-2 AM),"Fake high-return scheme, cash collection","Fake high-return scheme, cash collection; target: Small investor group; late night (11 pm-2 am)",2023-06-05,Linked to known offender record,56+,F,4,Repeat,Single recorded case - insufficient pattern history
CASE-01740,UNASSIGNED,Pickpocketing,BNS Sec 303 (Theft),Market crowd,Chikkamagaluru,Kalasapura,Late night (11 PM-2 AM),Crowd distraction lift,Crowd distraction lift; target: Market crowd; late night (11 pm-2 am),2024-05-25,Open - no offender match recorded,N/A - case unmatched,N/A - case unmatched,N/A - case unmatched,N/A - case unmatched,N/A - case unmatched
CASE-00707,OFF-00223,Two-Wheeler Theft,BNS Sec 303 (Theft),Parked vehicle - residential,Haveri,Bypass Road area,Weekend nights,Vehicle lifted onto pickup truck,Vehicle lifted onto pickup truck; target: Parked vehicle - residential; weekend nights,2023-03-10,Linked to known offender record,46-55,F,2,Repeat,Escalating frequency over last 6 months
CASE-01843,UNASSIGNED,Shop Robbery,BNS Sec 309 (Robbery),Jewellery shop,Bengaluru Rural,Nelamangala town,Weekend nights,"Armed threat, cash till","Armed threat, cash till; target: Jewellery shop; weekend nights",2023-11-28,Open - no offender match recorded,N/A - case unmatched,N/A - case unmatched,N/A - case unmatched,N/A - case unmatched,N/A - case unmatched
CASE-00499,OFF-00158,House Burglary,BNS Sec 305 (Burglary),Ground-floor apartment,Chitradurga,Basaveshwara Nagar,Early morning (4-7 AM),Impersonation as utility worker,Impersonation as utility worker; target: Ground-floor apartment; early morning (4-7 am),2025-07-18,Linked to known offender record,56+,F,3,Repeat,Escalating frequency over last 6 months
CASE-01038,OFF-00320,Two-Wheeler Theft,BNS Sec 303 (Theft),Parked vehicle - commercial area,Gadag,Betageri,Early morning (4-7 AM),Vehicle lifted onto pickup truck,Vehicle lifted onto pickup truck; target: Parked vehicle - commercial area; early morning (4-7 am),2024-08-26,Linked to known offender record,26-35,M,5,Repeat,Alternates between two known methods
CASE-01591,UNASSIGNED,Pickpocketing,BNS Sec 303 (Theft),Bus/rail commuter,Gadag,Station Road area,Evening rush (6-8 PM),Crowd distraction lift,Crowd distraction lift; target: Bus/rail commuter; evening rush (6-8 pm),2024-11-16,Open - no offender match recorded,N/A - case unmatched,N/A - case unmatched,N/A - case unmatched,N/A - case unmatched,N/A - case unmatched
CASE-00670,OFF-00212,Vehicle Theft (Four-wheeler),BNS Sec 303 (Theft),Parked vehicle - street,Kalaburagi,Sedam Road area,Evening rush (6-8 PM),Tow-away theft,Tow-away theft; target: Parked vehicle - street; evening rush (6-8 pm),2023-06-22,Linked to known offender record,36-45,M,2,Repeat,Escalating frequency over last 6 months
CASE-00954,OFF-00297,Vehicle Theft (Four-wheeler),BNS Sec 303 (Theft),Parked vehicle - street,Hubballi-Dharwad,Keshwapur,Midday (12-3 PM),Relay key attack,Relay key attack; target: Parked vehicle - street; midday (12-3 pm),2025-11-16,Linked to known offender record,36-45,F,4,Repeat,Consistent MO across all recorded cases
CASE-00721,OFF-00227,Counterfeit Currency,BNS Sec 178-180,Currency exchange,Vijayapura,Station Area,Evening rush (6-8 PM),Bulk note circulation via shop network,Bulk note circulation via shop network; target: Currency exchange; evening rush (6-8 pm),2023-10-07,Linked to known offender record,56+,M,3,Repeat,Long gap then resurgence with same MO
CASE-00945,OFF-00296,Counterfeit Currency,BNS Sec 178-180,Currency exchange,Gadag,Station Road area,Late night (11 PM-2 AM),Cash-for-goods swap,Cash-for-goods swap; target: Currency exchange; late night (11 pm-2 am),2024-02-01,Linked to known offender record,26-35,M,6,Repeat,Consistent MO across all recorded cases
CASE-00639,OFF-00201,Cyber Fraud (OTP/Phishing),IT Act Sec 66C/66D,First-time UPI user,Tumakuru,SS Puram,Midday (12-3 PM),Fake bank call requesting OTP,Fake bank call requesting OTP; target: First-time UPI user; midday (12-3 pm),2025-04-18,Linked to known offender record,46-55,F,6,Repeat,Consistent MO across all recorded cases
CASE-00181,OFF-00052,Two-Wheeler Theft,BNS Sec 303 (Theft),Parked vehicle - residential,Haveri,Old Town,Early morning (4-7 AM),Duplicate key / lock-picking,Duplicate key / lock-picking; target: Parked vehicle - residential; early morning (4-7 am),2024-01-17,Linked to known offender record,18-25,M,5,Repeat,Consistent MO across all recorded cases
CASE-00409,OFF-00132,Cyber Fraud (OTP/Phishing),IT Act Sec 66C/66D,Elderly account holder,Kolar,Bangarpet Road area,Weekend nights,SMS phishing link,SMS phishing link; target: Elderly account holder; weekend nights,2024-01-12,Linked to known offender record,36-45,F,4,Repeat,Alternates between two known methods
CASE-01893,UNASSIGNED,ATM Tampering/Skimming,BNS Sec 318 / IT Act,ATM users - unmanned kiosk,Uttara Kannada,Sirsi town,Midday (12-3 PM),Skimmer device installation,Skimmer device installation; target: ATM users - unmanned kiosk; midday (12-3 pm),2024-10-13,Open - no offender match recorded,N/A - case unmatched,N/A - case unmatched,N/A - case unmatched,N/A - case unmatched,N/A - case unmatched
CASE-00858,OFF-00271,Chain Snatching,BNS Sec 304 (Snatching),Elderly pedestrian,Chikkamagaluru,IG Road area,Midday (12-3 PM),Two-wheeler drive-by snatch,Two-wheeler drive-by snatch; target: Elderly pedestrian; midday (12-3 pm),2025-02-05,Linked to known offender record,46-55,M,5,Repeat,Single recorded case - insufficient pattern history
CASE-01964,UNASSIGNED,Pickpocketing,BNS Sec 303 (Theft),Bus/rail commuter,Shivamogga,Durgigudi,Late night (11 PM-2 AM),Bag slit and remove,Bag slit and remove; target: Bus/rail commuter; late night (11 pm-2 am),2024-10-14,Open - no offender match recorded,N/A - case unmatched,N/A - case unmatched,N/A - case unmatched,N/A - case unmatched,N/A - case unmatched
CASE-00210,OFF-00062,ATM Tampering/Skimming,BNS Sec 318 / IT Act,ATM users - unmanned kiosk,Gadag,Station Road area,Early morning (4-7 AM),Skimmer device installation,Skimmer device installation; target: ATM users - unmanned kiosk; early morning (4-7 am),2023-08-29,Linked to known offender record,56+,M,5,Repeat,Consistent MO across all recorded cases
CASE-00385,OFF-00123,House Burglary,BNS Sec 305 (Burglary),Vacant residence,Mangaluru (Dakshina Kannada),Kadri,Early morning (4-7 AM),Window grille cutting,Window grille cutting; target: Vacant residence; early morning (4-7 am),2023-03-18,Linked to known offender record,26-35,M,4,Repeat,Long gap then resurgence with same MO
CASE-01026,OFF-00316,Shop Robbery,BNS Sec 309 (Robbery),Jewellery shop,Chikkaballapur,MG Road area,Weekend nights,Late-night forced entry,Late-night forced entry; target: Jewellery shop; weekend nights,2024-08-12,Linked to known offender record,26-35,F,6,Repeat,Alternates between two known methods
CASE-00206,OFF-00060,Pickpocketing,BNS Sec 303 (Theft),Bus/rail commuter,Ramanagara,Bengaluru-Mysuru Highway area,Weekend nights,Crowd distraction lift,Crowd distraction lift; target: Bus/rail commuter; weekend nights,2023-03-11,Linked to known offender record,46-55,M,5,Repeat,Single recorded case - insufficient pattern history
CASE-00538,OFF-00169,ATM Tampering/Skimming,BNS Sec 318 / IT Act,ATM users - unmanned kiosk,Shivamogga,Durgigudi,Early morning (4-7 AM),Shoulder-surfing + card swap,Shoulder-surfing + card swap; target: ATM users - unmanned kiosk; early morning (4-7 am),2023-01-05,Linked to known offender record,18-25,F,3,Repeat,Alternates between two known methods
CASE-01456,OFF-00444,Counterfeit Currency,BNS Sec 178-180,Currency exchange,Tumakuru,SS Puram,Midday (12-3 PM),Bulk note circulation via shop network,Bulk note circulation via shop network; target: Currency exchange; midday (12-3 pm),2025-08-10,Linked to known offender record,26-35,F,5,Repeat,Single recorded case - insufficient pattern history
CASE-01463,OFF-00445,Shop Robbery,BNS Sec 309 (Robbery),Small retail shop,Mysuru,Kuvempunagar,Midday (12-3 PM),"Armed threat, cash till","Armed threat, cash till; target: Small retail shop; midday (12-3 pm)",2023-05-02,Linked to known offender record,46-55,F,6,Repeat,Alternates between two known methods
CASE-01225,OFF-00371,Cyber Fraud (OTP/Phishing),IT Act Sec 66C/66D,First-time UPI user,Haveri,Old Town,Early morning (4-7 AM),SMS phishing link,SMS phishing link; target: First-time UPI user; early morning (4-7 am),2024-12-06,Linked to known offender record,36-45,M,4,Repeat,Alternates between two known methods
CASE-00741,OFF-00233,Two-Wheeler Theft,BNS Sec 303 (Theft),Parked vehicle - commercial area,Chikkaballapur,Bus Stand area,Midday (12-3 PM),Vehicle lifted onto pickup truck,Vehicle lifted onto pickup truck; target: Parked vehicle - commercial area; midday (12-3 pm),2023-08-23,Linked to known offender record,36-45,F,5,Repeat,Consistent MO across all recorded cases
CASE-01426,OFF-00435,Chain Snatching,BNS Sec 304 (Snatching),Lone woman pedestrian,Chikkamagaluru,MG Road area,Weekday mornings,Two-wheeler drive-by snatch,Two-wheeler drive-by snatch; target: Lone woman pedestrian; weekday mornings,2023-06-11,Linked to known offender record,26-35,M,6,Repeat,Alternates between two known methods
CASE-00074,OFF-00020,House Burglary,BNS Sec 305 (Burglary),Ground-floor apartment,Tumakuru,Kunigal Road area,Midday (12-3 PM),Window grille cutting,Window grille cutting; target: Ground-floor apartment; midday (12-3 pm),2023-01-06,Linked to known offender record,46-55,M,5,Repeat,Long gap then resurgence with same MO
CASE-01561,UNASSIGNED,Counterfeit Currency,BNS Sec 178-180,Currency exchange,Tumakuru,SS Puram,Midday (12-3 PM),Bulk note circulation via shop network,Bulk note circulation via shop network; target: Currency exchange; midday (12-3 pm),2024-07-07,Open - no offender match recorded,N/A - case unmatched,N/A - case unmatched,N/A - case unmatched,N/A - case unmatched,N/A - case unmatched
CASE-01098,OFF-00333,Vehicle Theft (Four-wheeler),BNS Sec 303 (Theft),Parked vehicle - street,Belagavi,Vadgaon,Early morning (4-7 AM),Relay key attack,Relay key attack; target: Parked vehicle - street; early morning (4-7 am),2023-04-14,Linked to known offender record,26-35,F,6,Repeat,Long gap then resurgence with same MO
CASE-00654,OFF-00207,House Burglary,BNS Sec 305 (Burglary),Vacant residence,Mandya,Ashok Nagar,Early morning (4-7 AM),Window grille cutting,Window grille cutting; target: Vacant residence; early morning (4-7 am),2024-03-19,Linked to known offender record,18-25,F,2,Repeat,Escalating frequency over last 6 months
CASE-01152,OFF-00350,Vehicle Theft (Four-wheeler),BNS Sec 303 (Theft),Parked vehicle - street,Mandya,Vidyanagar,Weekend nights,Relay key attack,Relay key attack; target: Parked vehicle - street; weekend nights,2025-03-01,Linked to known offender record,56+,M,6,Repeat,Alternates between two known methods
CASE-00816,OFF-00255,Vehicle Theft (Four-wheeler),BNS Sec 303 (Theft),Parked vehicle - street,Chikkaballapur,Bus Stand area,Late night (11 PM-2 AM),Relay key attack,Relay key attack; target: Parked vehicle - street; late night (11 pm-2 am),2023-06-21,Linked to known offender record,56+,F,6,Repeat,Escalating frequency over last 6 months
CASE-01513,UNASSIGNED,House Burglary,BNS Sec 305 (Burglary),Ground-floor apartment,Haveri,Old Town,Midday (12-3 PM),Impersonation as utility worker,Impersonation as utility worker; target: Ground-floor apartment; midday (12-3 pm),2025-02-20,Open - no offender match recorded,N/A - case unmatched,N/A - case unmatched,N/A - case unmatched,N/A - case unmatched,N/A - case unmatched
CASE-01034,OFF-00318,Shop Robbery,BNS Sec 309 (Robbery),Jewellery shop,Tumakuru,Ashoknagar,Evening rush (6-8 PM),"Armed threat, cash till","Armed threat, cash till; target: Jewellery shop; evening rush (6-8 pm)",2025-12-27,Linked to known offender record,56+,M,5,Repeat,Consistent MO across all recorded cases
CASE-00898,OFF-00284,Shop Robbery,BNS Sec 309 (Robbery),Small retail shop,Hassan,Vidyanagar,Early morning (4-7 AM),"Armed threat, cash till","Armed threat, cash till; target: Small retail shop; early morning (4-7 am)",2023-02-11,Linked to known offender record,26-35,F,6,Repeat,Long gap then resurgence with same MO
CASE-01672,UNASSIGNED,House Burglary,BNS Sec 305 (Burglary),Vacant residence,Kalaburagi,Jewargi Road area,Evening rush (6-8 PM),Window grille cutting,Window grille cutting; target: Vacant residence; evening rush (6-8 pm),2025-12-07,Open - no offender match recorded,N/A - case unmatched,N/A - case unmatched,N/A - case unmatched,N/A - case unmatched,N/A - case unmatched
CASE-01166,OFF-00352,Chain Snatching,BNS Sec 304 (Snatching),Lone woman pedestrian,Yadgir,Station Road area,Weekend nights,"Foot approach, distraction snatch","Foot approach, distraction snatch; target: Lone woman pedestrian; weekend nights",2023-11-25,Linked to known offender record,46-55,M,6,Repeat,Consistent MO across all recorded cases
CASE-01832,UNASSIGNED,House Burglary,BNS Sec 305 (Burglary),Vacant residence,Vijayapura,Jubilee Circle area,Weekday mornings,"Lock-breaking, rear entry","Lock-breaking, rear entry; target: Vacant residence; weekday mornings",2025-03-30,Open - no offender match recorded,N/A - case unmatched,N/A - case unmatched,N/A - case unmatched,N/A - case unmatched,N/A - case unmatched
CASE-00458,OFF-00147,Counterfeit Currency,BNS Sec 178-180,Small retail shop,Mangaluru (Dakshina Kannada),Bejai,Evening rush (6-8 PM),Bulk note circulation via shop network,Bulk note circulation via shop network; target: Small retail shop; evening rush (6-8 pm),2025-07-08,Linked to known offender record,18-25,F,2,Repeat,Long gap then resurgence with same MO
CASE-00027,OFF-00010,Pickpocketing,BNS Sec 303 (Theft),Market crowd,Hassan,Vidyanagar,Late night (11 PM-2 AM),Crowd distraction lift,Crowd distraction lift; target: Market crowd; late night (11 pm-2 am),2024-09-25,Linked to known offender record,46-55,F,4,Repeat,Single recorded case - insufficient pattern history
CASE-01626,UNASSIGNED,Chit Fund / Investment Fraud,BNS Sec 318 (Cheating),Small investor group,Belagavi,Camp Area,Midday (12-3 PM),"Fake high-return scheme, cash collection","Fake high-return scheme, cash collection; target: Small investor group; midday (12-3 pm)",2024-05-20,Open - no offender match recorded,N/A - case unmatched,N/A - case unmatched,N/A - case unmatched,N/A - case unmatched,N/A - case unmatched
CASE-01415,OFF-00431,Vehicle Theft (Four-wheeler),BNS Sec 303 (Theft),Parked vehicle - street,Bagalkot,Navanagar,Late night (11 PM-2 AM),Relay key attack,Relay key attack; target: Parked vehicle - street; late night (11 pm-2 am),2025-11-21,Linked to known offender record,56+,F,6,Repeat,Alternates between two known methods
CASE-01978,UNASSIGNED,Vehicle Theft (Four-wheeler),BNS Sec 303 (Theft),Parked vehicle - street,Belagavi,Tilakwadi,Early morning (4-7 AM),Relay key attack,Relay key attack; target: Parked vehicle - street; early morning (4-7 am),2025-11-19,Open - no offender match recorded,N/A - case unmatched,N/A - case unmatched,N/A - case unmatched,N/A - case unmatched,N/A - case unmatched
CASE-00352,OFF-00112,Chit Fund / Investment Fraud,BNS Sec 318 (Cheating),Small investor group,Chamarajanagar,Kollegal Road area,Weekend nights,"Fake high-return scheme, cash collection","Fake high-return scheme, cash collection; target: Small investor group; weekend nights",2025-12-04,Linked to known offender record,18-25,M,4,Repeat,Alternates between two known methods
CASE-00533,OFF-00167,Vehicle Theft (Four-wheeler),BNS Sec 303 (Theft),Parked vehicle - street,Yadgir,Station Road area,Late night (11 PM-2 AM),Relay key attack,Relay key attack; target: Parked vehicle - street; late night (11 pm-2 am),2023-02-01,Linked to known offender record,18-25,M,3,Repeat,Alternates between two known methods
CASE-01303,OFF-00393,Cyber Fraud (OTP/Phishing),IT Act Sec 66C/66D,Elderly account holder,Hassan,Vidyanagar,Late night (11 PM-2 AM),SMS phishing link,SMS phishing link; target: Elderly account holder; late night (11 pm-2 am),2025-09-29,Linked to known offender record,26-35,M,4,Repeat,Escalating frequency over last 6 months
CASE-00180,OFF-00052,Two-Wheeler Theft,BNS Sec 303 (Theft),Parked vehicle - residential,Chikkamagaluru,IG Road area,Early morning (4-7 AM),Vehicle lifted onto pickup truck,Vehicle lifted onto pickup truck; target: Parked vehicle - residential; early morning (4-7 am),2025-04-13,Linked to known offender record,18-25,M,5,Repeat,Consistent MO across all recorded cases
CASE-01212,OFF-00366,Chain Snatching,BNS Sec 304 (Snatching),Elderly pedestrian,Mangaluru (Dakshina Kannada),Mangaladevi,Late night (11 PM-2 AM),Two-wheeler drive-by snatch,Two-wheeler drive-by snatch; target: Elderly pedestrian; late night (11 pm-2 am),2024-12-12,Linked to known offender record,36-45,F,3,Repeat,Alternates between two known methods
CASE-01821,UNASSIGNED,Cyber Fraud (OTP/Phishing),IT Act Sec 66C/66D,First-time UPI user,Mangaluru (Dakshina Kannada),Hampankatta,Weekday mornings,Fake bank call requesting OTP,Fake bank call requesting OTP; target: First-time UPI user; weekday mornings,2023-01-03,Open - no offender match recorded,N/A - case unmatched,N/A - case unmatched,N/A - case unmatched,N/A - case unmatched,N/A - case unmatched
CASE-01105,OFF-00335,Vehicle Theft (Four-wheeler),BNS Sec 303 (Theft),Parked vehicle - street,Bagalkot,Navanagar,Evening rush (6-8 PM),Tow-away theft,Tow-away theft; target: Parked vehicle - street; evening rush (6-8 pm),2023-05-11,Linked to known offender record,36-45,M,3,Repeat,Long gap then resurgence with same MO
CASE-01416,OFF-00432,Chain Snatching,BNS Sec 304 (Snatching),Lone woman pedestrian,Chamarajanagar,Town Centre,Midday (12-3 PM),Two-wheeler drive-by snatch,Two-wheeler drive-by snatch; target: Lone woman pedestrian; midday (12-3 pm),2025-08-08,Linked to known offender record,36-45,M,5,Repeat,Long gap then resurgence with same MO
CASE-01781,UNASSIGNED,Shop Robbery,BNS Sec 309 (Robbery),Jewellery shop,Bengaluru Rural,Devanahalli town,Late night (11 PM-2 AM),Late-night forced entry,Late-night forced entry; target: Jewellery shop; late night (11 pm-2 am),2024-03-25,Open - no offender match recorded,N/A - case unmatched,N/A - case unmatched,N/A - case unmatched,N/A - case unmatched,N/A - case unmatched
CASE-00247,OFF-00072,Shop Robbery,BNS Sec 309 (Robbery),Small retail shop,Kolar,Ambedkar Nagar,Weekend nights,Late-night forced entry,Late-night forced entry; target: Small retail shop; weekend nights,2024-02-16,Linked to known offender record,18-25,F,6,Repeat,Alternates between two known methods
CASE-01497,OFF-00454,Counterfeit Currency,BNS Sec 178-180,Currency exchange,Koppal,Gangavathi Road area,Late night (11 PM-2 AM),Cash-for-goods swap,Cash-for-goods swap; target: Currency exchange; late night (11 pm-2 am),2023-04-10,Linked to known offender record,36-45,M,5,Repeat,Alternates between two known methods
CASE-01936,UNASSIGNED,Cyber Fraud (OTP/Phishing),IT Act Sec 66C/66D,Elderly account holder,Yadgir,Station Road area,Early morning (4-7 AM),Fake bank call requesting OTP,Fake bank call requesting OTP; target: Elderly account holder; early morning (4-7 am),2024-09-02,Open - no offender match recorded,N/A - case unmatched,N/A - case unmatched,N/A - case unmatched,N/A - case unmatched,N/A - case unmatched
CASE-00462,OFF-00148,Vehicle Theft (Four-wheeler),BNS Sec 303 (Theft),Parked vehicle - street,Mysuru,Kuvempunagar,Weekday mornings,Relay key attack,Relay key attack; target: Parked vehicle - street; weekday mornings,2024-12-21,Linked to known offender record,18-25,M,5,Repeat,Long gap then resurgence with same MO
CASE-00605,OFF-00189,ATM Tampering/Skimming,BNS Sec 318 / IT Act,ATM users - unmanned kiosk,Chikkamagaluru,Kalasapura,Weekend nights,Shoulder-surfing + card swap,Shoulder-surfing + card swap; target: ATM users - unmanned kiosk; weekend nights,2023-04-30,Linked to known offender record,36-45,M,2,Repeat,Long gap then resurgence with same MO
CASE-00002,OFF-00001,Two-Wheeler Theft,BNS Sec 303 (Theft),Parked vehicle - commercial area,Mysuru,Saraswathipuram,Midday (12-3 PM),Duplicate key / lock-picking,Duplicate key / lock-picking; target: Parked vehicle - commercial area; midday (12-3 pm),2024-08-22,Linked to known offender record,46-55,M,3,Repeat,Single recorded case - insufficient pattern history
CASE-01536,UNASSIGNED,Shop Robbery,BNS Sec 309 (Robbery),Jewellery shop,Bagalkot,Navanagar,Midday (12-3 PM),Late-night forced entry,Late-night forced entry; target: Jewellery shop; midday (12-3 pm),2023-06-22,Open - no offender match recorded,N/A - case unmatched,N/A - case unmatched,N/A - case unmatched,N/A - case unmatched,N/A - case unmatched
CASE-01624,UNASSIGNED,Chain Snatching,BNS Sec 304 (Snatching),Lone woman pedestrian,Mysuru,Kuvempunagar,Weekday mornings,Two-wheeler drive-by snatch,Two-wheeler drive-by snatch; target: Lone woman pedestrian; weekday mornings,2024-03-25,Open - no offender match recorded,N/A - case unmatched,N/A - case unmatched,N/A - case unmatched,N/A - case unmatched,N/A - case unmatched
CASE-00561,OFF-00177,Shop Robbery,BNS Sec 309 (Robbery),Small retail shop,Hassan,Vidyanagar,Late night (11 PM-2 AM),Late-night forced entry,Late-night forced entry; target: Small retail shop; late night (11 pm-2 am),2024-03-27,Linked to known offender record,56+,M,4,Repeat,Escalating frequency over last 6 months
CASE-01660,UNASSIGNED,Chain Snatching,BNS Sec 304 (Snatching),Lone woman pedestrian,Chitradurga,Basaveshwara Nagar,Midday (12-3 PM),"Foot approach, distraction snatch","Foot approach, distraction snatch; target: Lone woman pedestrian; midday (12-3 pm)",2024-03-26,Open - no offender match recorded,N/A - case unmatched,N/A - case unmatched,N/A - case unmatched,N/A - case unmatched,N/A - case unmatched
CASE-00034,OFF-00011,Shop Robbery,BNS Sec 309 (Robbery),Jewellery shop,Kolar,Bangarpet Road area,Weekday mornings,Late-night forced entry,Late-night forced entry; target: Jewellery shop; weekday mornings,2025-08-14,Linked to known offender record,36-45,M,4,Repeat,Escalating frequency over last 6 months
CASE-00121,OFF-00034,ATM Tampering/Skimming,BNS Sec 318 / IT Act,ATM users - unmanned kiosk,Chikkaballapur,MG Road area,Evening rush (6-8 PM),Skimmer device installation,Skimmer device installation; target: ATM users - unmanned kiosk; evening rush (6-8 pm),2025-10-09,Linked to known offender record,18-25,M,3,Repeat,Alternates between two known methods
CASE-01586,UNASSIGNED,Two-Wheeler Theft,BNS Sec 303 (Theft),Parked vehicle - commercial area,Hubballi-Dharwad,Keshwapur,Weekend nights,Vehicle lifted onto pickup truck,Vehicle lifted onto pickup truck; target: Parked vehicle - commercial area; weekend nights,2025-04-02,Open - no offender match recorded,N/A - case unmatched,N/A - case unmatched,N/A - case unmatched,N/A - case unmatched,N/A - case unmatched
CASE-01514,UNASSIGNED,ATM Tampering/Skimming,BNS Sec 318 / IT Act,ATM users - unmanned kiosk,Chikkamagaluru,IG Road area,Late night (11 PM-2 AM),Skimmer device installation,Skimmer device installation; target: ATM users - unmanned kiosk; late night (11 pm-2 am),2025-12-05,Open - no offender match recorded,N/A - case unmatched,N/A - case unmatched,N/A - case unmatched,N/A - case unmatched,N/A - case unmatched
CASE-01528,UNASSIGNED,Shop Robbery,BNS Sec 309 (Robbery),Small retail shop,Koppal,Old Town,Weekend nights,"Armed threat, cash till","Armed threat, cash till; target: Small retail shop; weekend nights",2023-03-03,Open - no offender match recorded,N/A - case unmatched,N/A - case unmatched,N/A - case unmatched,N/A - case unmatched,N/A - case unmatched
CASE-00477,OFF-00151,Cyber Fraud (OTP/Phishing),IT Act Sec 66C/66D,Elderly account holder,Chamarajanagar,Town Centre,Weekend nights,Fake bank call requesting OTP,Fake bank call requesting OTP; target: Elderly account holder; weekend nights,2025-01-07,Linked to known offender record,46-55,M,3,Repeat,Escalating frequency over last 6 months
CASE-01785,UNASSIGNED,Counterfeit Currency,BNS Sec 178-180,Currency exchange,Kalaburagi,Sedam Road area,Early morning (4-7 AM),Cash-for-goods swap,Cash-for-goods swap; target: Currency exchange; early morning (4-7 am),2023-06-11,Open - no offender match recorded,N/A - case unmatched,N/A - case unmatched,N/A - case unmatched,N/A - case unmatched,N/A - case unmatched
CASE-00017,OFF-00008,Two-Wheeler Theft,BNS Sec 303 (Theft),Parked vehicle - commercial area,Davanagere,Shamanur Road area,Early morning (4-7 AM),Vehicle lifted onto pickup truck,Vehicle lifted onto pickup truck; target: Parked vehicle - commercial area; early morning (4-7 am),2024-06-28,Linked to known offender record,18-25,M,5,Repeat,Consistent MO across all recorded cases
CASE-00964,OFF-00300,Shop Robbery,BNS Sec 309 (Robbery),Small retail shop,Bagalkot,Old Bagalkot,Early morning (4-7 AM),Late-night forced entry,Late-night forced entry; target: Small retail shop; early morning (4-7 am),2025-03-02,Linked to known offender record,18-25,F,6,Repeat,Alternates between two known methods
CASE-01492,OFF-00453,Shop Robbery,BNS Sec 309 (Robbery),Jewellery shop,Kolar,Ambedkar Nagar,Weekday mornings,"Armed threat, cash till","Armed threat, cash till; target: Jewellery shop; weekday mornings",2023-04-26,Linked to known offender record,36-45,M,4,Repeat,Escalating frequency over last 6 months
CASE-00831,OFF-00259,ATM Tampering/Skimming,BNS Sec 318 / IT Act,ATM users - unmanned kiosk,Chikkaballapur,Bus Stand area,Weekend nights,Skimmer device installation,Skimmer device installation; target: ATM users - unmanned kiosk; weekend nights,2025-03-21,Linked to known offender record,56+,M,4,Repeat,Consistent MO across all recorded cases
CASE-00668,OFF-00211,Counterfeit Currency,BNS Sec 178-180,Currency exchange,Bidar,New Bidar,Weekend nights,Cash-for-goods swap,Cash-for-goods swap; target: Currency exchange; weekend nights,2024-06-09,Linked to known offender record,26-35,M,2,Repeat,Single recorded case - insufficient pattern history
CASE-01297,OFF-00391,House Burglary,BNS Sec 305 (Burglary),Vacant residence,Davanagere,PJ Extension,Weekday mornings,Impersonation as utility worker,Impersonation as utility worker; target: Vacant residence; weekday mornings,2025-11-03,Linked to known offender record,46-55,F,4,Repeat,Long gap then resurgence with same MO
CASE-00338,OFF-00106,ATM Tampering/Skimming,BNS Sec 318 / IT Act,ATM users - unmanned kiosk,Vijayapura,Jubilee Circle area,Weekday mornings,Skimmer device installation,Skimmer device installation; target: ATM users - unmanned kiosk; weekday mornings,2025-01-23,Linked to known offender record,18-25,M,1,First recorded instance,Single recorded case - insufficient pattern history
CASE-00228,OFF-00065,Pickpocketing,BNS Sec 303 (Theft),Market crowd,Vijayapura,Athani Road area,Weekday mornings,Crowd distraction lift,Crowd distraction lift; target: Market crowd; weekday mornings,2025-04-11,Linked to known offender record,36-45,M,6,Repeat,Alternates between two known methods
CASE-00393,OFF-00126,House Burglary,BNS Sec 305 (Burglary),Ground-floor apartment,Bengaluru Urban,Indiranagar,Evening rush (6-8 PM),Window grille cutting,Window grille cutting; target: Ground-floor apartment; evening rush (6-8 pm),2025-11-16,Linked to known offender record,18-25,F,3,Repeat,Escalating frequency over last 6 months
CASE-01780,UNASSIGNED,Pickpocketing,BNS Sec 303 (Theft),Market crowd,Tumakuru,Ashoknagar,Weekend nights,Crowd distraction lift,Crowd distraction lift; target: Market crowd; weekend nights,2025-06-03,Open - no offender match recorded,N/A - case unmatched,N/A - case unmatched,N/A - case unmatched,N/A - case unmatched,N/A - case unmatched
CASE-01429,OFF-00435,Chain Snatching,BNS Sec 304 (Snatching),Lone woman pedestrian,Chikkamagaluru,MG Road area,Weekday mornings,"Foot approach, distraction snatch","Foot approach, distraction snatch; target: Lone woman pedestrian; weekday mornings",2024-06-25,Linked to known offender record,26-35,M,6,Repeat,Alternates between two known methods
CASE-00437,OFF-00140,Chit Fund / Investment Fraud,BNS Sec 318 (Cheating),Small investor group,Kalaburagi,Sedam Road area,Evening rush (6-8 PM),"Fake high-return scheme, cash collection","Fake high-return scheme, cash collection; target: Small investor group; evening rush (6-8 pm)",2024-07-18,Linked to known offender record,56+,F,4,Repeat,Single recorded case - insufficient pattern history
CASE-00789,OFF-00246,ATM Tampering/Skimming,BNS Sec 318 / IT Act,ATM users - unmanned kiosk,Ramanagara,Bengaluru-Mysuru Highway area,Midday (12-3 PM),Shoulder-surfing + card swap,Shoulder-surfing + card swap; target: ATM users - unmanned kiosk; midday (12-3 pm),2025-09-23,Linked to known offender record,26-35,M,6,Repeat,Consistent MO across all recorded cases
CASE-00622,OFF-00196,ATM Tampering/Skimming,BNS Sec 318 / IT Act,ATM users - unmanned kiosk,Bidar,Old City area,Late night (11 PM-2 AM),Shoulder-surfing + card swap,Shoulder-surfing + card swap; target: ATM users - unmanned kiosk; late night (11 pm-2 am),2023-07-12,Linked to known offender record,56+,F,1,First recorded instance,Alternates between two known methods
CASE-01257,OFF-00380,ATM Tampering/Skimming,BNS Sec 318 / IT Act,ATM users - unmanned kiosk,Mangaluru (Dakshina Kannada),Hampankatta,Weekend nights,Shoulder-surfing + card swap,Shoulder-surfing + card swap; target: ATM users - unmanned kiosk; weekend nights,2024-09-14,Linked to known offender record,56+,M,5,Repeat,Long gap then resurgence with same MO
CASE-01256,OFF-00380,ATM Tampering/Skimming,BNS Sec 318 / IT Act,ATM users - unmanned kiosk,Yadgir,Bus Stand area,Weekend nights,Shoulder-surfing + card swap,Shoulder-surfing + card swap; target: ATM users - unmanned kiosk; weekend nights,2024-04-01,Linked to known offender record,56+,M,5,Repeat,Long gap then resurgence with same MO
CASE-00705,OFF-00222,Two-Wheeler Theft,BNS Sec 303 (Theft),Parked vehicle - commercial area,Chitradurga,Basaveshwara Nagar,Weekday mornings,Duplicate key / lock-picking,Duplicate key / lock-picking; target: Parked vehicle - commercial area; weekday mornings,2024-06-20,Linked to known offender record,18-25,M,4,Repeat,Consistent MO across all recorded cases
CASE-00476,OFF-00151,Cyber Fraud (OTP/Phishing),IT Act Sec 66C/66D,First-time UPI user,Udupi,Malpe Road area,Weekend nights,SMS phishing link,SMS phishing link; target: First-time UPI user; weekend nights,2025-09-11,Linked to known offender record,46-55,M,3,Repeat,Escalating frequency over last 6 months
CASE-00454,OFF-00146,ATM Tampering/Skimming,BNS Sec 318 / IT Act,ATM users - unmanned kiosk,Bengaluru Urban,Rajajinagar,Weekday mornings,Skimmer device installation,Skimmer device installation; target: ATM users - unmanned kiosk; weekday mornings,2024-11-20,Linked to known offender record,18-25,M,6,Repeat,Escalating frequency over last 6 months
CASE-01365,OFF-00415,Two-Wheeler Theft,BNS Sec 303 (Theft),Parked vehicle - residential,Ballari,Gandhinagar,Weekday mornings,Duplicate key / lock-picking,Duplicate key / lock-picking; target: Parked vehicle - residential; weekday mornings,2024-09-17,Linked to known offender record,36-45,M,4,Repeat,Single recorded case - insufficient pattern history
CASE-01775,UNASSIGNED,Chain Snatching,BNS Sec 304 (Snatching),Lone woman pedestrian,Shivamogga,Vinoba Nagar,Early morning (4-7 AM),Two-wheeler drive-by snatch,Two-wheeler drive-by snatch; target: Lone woman pedestrian; early morning (4-7 am),2023-06-29,Open - no offender match recorded,N/A - case unmatched,N/A - case unmatched,N/A - case unmatched,N/A - case unmatched,N/A - case unmatched
CASE-01150,OFF-00350,Vehicle Theft (Four-wheeler),BNS Sec 303 (Theft),Parked vehicle - street,Hubballi-Dharwad,Old Hubballi,Weekday mornings,Relay key attack,Relay key attack; target: Parked vehicle - street; weekday mornings,2025-01-26,Linked to known offender record,56+,M,6,Repeat,Alternates between two known methods
CASE-01932,UNASSIGNED,Shop Robbery,BNS Sec 309 (Robbery),Small retail shop,Ramanagara,Town Centre,Early morning (4-7 AM),"Armed threat, cash till","Armed threat, cash till; target: Small retail shop; early morning (4-7 am)",2025-10-10,Open - no offender match recorded,N/A - case unmatched,N/A - case unmatched,N/A - case unmatched,N/A - case unmatched,N/A - case unmatched
CASE-01420,OFF-00432,Chain Snatching,BNS Sec 304 (Snatching),Lone woman pedestrian,Chamarajanagar,Town Centre,Midday (12-3 PM),Two-wheeler drive-by snatch,Two-wheeler drive-by snatch; target: Lone woman pedestrian; midday (12-3 pm),2023-05-12,Linked to known offender record,36-45,M,5,Repeat,Long gap then resurgence with same MO
CASE-00486,OFF-00155,Vehicle Theft (Four-wheeler),BNS Sec 303 (Theft),Parked vehicle - street,Tumakuru,Ashoknagar,Midday (12-3 PM),Relay key attack,Relay key attack; target: Parked vehicle - street; midday (12-3 pm),2023-10-01,Linked to known offender record,36-45,F,6,Repeat,Consistent MO across all recorded cases
CASE-01193,OFF-00361,Two-Wheeler Theft,BNS Sec 303 (Theft),Parked vehicle - residential,Bidar,Chidri,Midday (12-3 PM),Vehicle lifted onto pickup truck,Vehicle lifted onto pickup truck; target: Parked vehicle - residential; midday (12-3 pm),2025-03-24,Linked to known offender record,46-55,F,3,Repeat,Alternates between two known methods
CASE-00319,OFF-00101,Chit Fund / Investment Fraud,BNS Sec 318 (Cheating),Small investor group,Bengaluru Rural,Hoskote town,Evening rush (6-8 PM),"Fake high-return scheme, cash collection","Fake high-return scheme, cash collection; target: Small investor group; evening rush (6-8 pm)",2023-05-29,Linked to known offender record,56+,M,2,Repeat,Single recorded case - insufficient pattern history
CASE-00847,OFF-00265,Cyber Fraud (OTP/Phishing),IT Act Sec 66C/66D,Elderly account holder,Mandya,Vidyanagar,Early morning (4-7 AM),SMS phishing link,SMS phishing link; target: Elderly account holder; early morning (4-7 am),2023-09-08,Linked to known offender record,56+,M,3,Repeat,Alternates between two known methods
CASE-01172,OFF-00356,ATM Tampering/Skimming,BNS Sec 318 / IT Act,ATM users - unmanned kiosk,Uttara Kannada,Kumta town,Evening rush (6-8 PM),Shoulder-surfing + card swap,Shoulder-surfing + card swap; target: ATM users - unmanned kiosk; evening rush (6-8 pm),2025-07-31,Linked to known offender record,46-55,F,6,Repeat,Consistent MO across all recorded cases
CASE-01069,OFF-00327,ATM Tampering/Skimming,BNS Sec 318 / IT Act,ATM users - unmanned kiosk,Belagavi,Camp Area,Late night (11 PM-2 AM),Skimmer device installation,Skimmer device installation; target: ATM users - unmanned kiosk; late night (11 pm-2 am),2025-12-13,Linked to known offender record,26-35,F,6,Repeat,Single recorded case - insufficient pattern history
CASE-01680,UNASSIGNED,Pickpocketing,BNS Sec 303 (Theft),Bus/rail commuter,Bengaluru Urban,Jayanagar,Weekday mornings,Crowd distraction lift,Crowd distraction lift; target: Bus/rail commuter; weekday mornings,2023-05-31,Open - no offender match recorded,N/A - case unmatched,N/A - case unmatched,N/A - case unmatched,N/A - case unmatched,N/A - case unmatched
CASE-01377,OFF-00420,Pickpocketing,BNS Sec 303 (Theft),Bus/rail commuter,Bengaluru Urban,Marathahalli,Evening rush (6-8 PM),Bag slit and remove,Bag slit and remove; target: Bus/rail commuter; evening rush (6-8 pm),2024-12-26,Linked to known offender record,18-25,M,4,Repeat,Escalating frequency over last 6 months
CASE-01894,UNASSIGNED,Chain Snatching,BNS Sec 304 (Snatching),Lone woman pedestrian,Tumakuru,SS Puram,Early morning (4-7 AM),"Foot approach, distraction snatch","Foot approach, distraction snatch; target: Lone woman pedestrian; early morning (4-7 am)",2024-07-22,Open - no offender match recorded,N/A - case unmatched,N/A - case unmatched,N/A - case unmatched,N/A - case unmatched,N/A - case unmatched
CASE-01231,OFF-00372,Pickpocketing,BNS Sec 303 (Theft),Bus/rail commuter,Gadag,Station Road area,Late night (11 PM-2 AM),Bag slit and remove,Bag slit and remove; target: Bus/rail commuter; late night (11 pm-2 am),2023-11-05,Linked to known offender record,18-25,F,4,Repeat,Consistent MO across all recorded cases
CASE-01410,OFF-00431,Vehicle Theft (Four-wheeler),BNS Sec 303 (Theft),Parked vehicle - street,Bagalkot,Navanagar,Weekday mornings,Tow-away theft,Tow-away theft; target: Parked vehicle - street; weekday mornings,2025-03-28,Linked to known offender record,56+,F,6,Repeat,Alternates between two known methods
CASE-01851,UNASSIGNED,Vehicle Theft (Four-wheeler),BNS Sec 303 (Theft),Parked vehicle - street,Bidar,New Bidar,Midday (12-3 PM),Relay key attack,Relay key attack; target: Parked vehicle - street; midday (12-3 pm),2024-04-26,Open - no offender match recorded,N/A - case unmatched,N/A - case unmatched,N/A - case unmatched,N/A - case unmatched,N/A - case unmatched
CASE-00065,OFF-00018,Counterfeit Currency,BNS Sec 178-180,Currency exchange,Yadgir,Bus Stand area,Weekend nights,Bulk note circulation via shop network,Bulk note circulation via shop network; target: Currency exchange; weekend nights,2025-06-08,Linked to known offender record,46-55,F,6,Repeat,Alternates between two known methods
CASE-00511,OFF-00162,Shop Robbery,BNS Sec 309 (Robbery),Small retail shop,Bengaluru Urban,Hebbal,Early morning (4-7 AM),Late-night forced entry,Late-night forced entry; target: Small retail shop; early morning (4-7 am),2023-03-28,Linked to known offender record,18-25,M,6,Repeat,Escalating frequency over last 6 months
CASE-01955,UNASSIGNED,House Burglary,BNS Sec 305 (Burglary),Ground-floor apartment,Vijayapura,Jubilee Circle area,Late night (11 PM-2 AM),Impersonation as utility worker,Impersonation as utility worker; target: Ground-floor apartment; late night (11 pm-2 am),2023-04-10,Open - no offender match recorded,N/A - case unmatched,N/A - case unmatched,N/A - case unmatched,N/A - case unmatched,N/A - case unmatched
CASE-00733,OFF-00231,Pickpocketing,BNS Sec 303 (Theft),Market crowd,Koppal,Gangavathi Road area,Midday (12-3 PM),Bag slit and remove,Bag slit and remove; target: Market crowd; midday (12-3 pm),2025-12-01,Linked to known offender record,56+,M,5,Repeat,Single recorded case - insufficient pattern history
CASE-00657,OFF-00208,Two-Wheeler Theft,BNS Sec 303 (Theft),Parked vehicle - commercial area,Chikkaballapur,Bus Stand area,Midday (12-3 PM),Vehicle lifted onto pickup truck,Vehicle lifted onto pickup truck; target: Parked vehicle - commercial area; midday (12-3 pm),2024-07-18,Linked to known offender record,18-25,F,3,Repeat,Consistent MO across all recorded cases
CASE-00638,OFF-00201,Cyber Fraud (OTP/Phishing),IT Act Sec 66C/66D,Elderly account holder,Bagalkot,Navanagar,Midday (12-3 PM),SMS phishing link,SMS phishing link; target: Elderly account holder; midday (12-3 pm),2025-02-14,Linked to known offender record,46-55,F,6,Repeat,Consistent MO across all recorded cases
CASE-00129,OFF-00037,Chain Snatching,BNS Sec 304 (Snatching),Lone woman pedestrian,Kalaburagi,Sedam Road area,Weekend nights,Two-wheeler drive-by snatch,Two-wheeler drive-by snatch; target: Lone woman pedestrian; weekend nights,2025-10-24,Linked to known offender record,26-35,F,5,Repeat,Single recorded case - insufficient pattern history
CASE-00120,OFF-00034,ATM Tampering/Skimming,BNS Sec 318 / IT Act,ATM users - unmanned kiosk,Bidar,New Bidar,Early morning (4-7 AM),Skimmer device installation,Skimmer device installation; target: ATM users - unmanned kiosk; early morning (4-7 am),2023-12-24,Linked to known offender record,18-25,M,3,Repeat,Alternates between two known methods
CASE-00326,OFF-00102,Vehicle Theft (Four-wheeler),BNS Sec 303 (Theft),Parked vehicle - street,Mangaluru (Dakshina Kannada),Bejai,Late night (11 PM-2 AM),Tow-away theft,Tow-away theft; target: Parked vehicle - street; late night (11 pm-2 am),2023-04-14,Linked to known offender record,56+,M,6,Repeat,Single recorded case - insufficient pattern history
CASE-01933,UNASSIGNED,ATM Tampering/Skimming,BNS Sec 318 / IT Act,ATM users - unmanned kiosk,Udupi,Kunjibettu,Weekend nights,Shoulder-surfing + card swap,Shoulder-surfing + card swap; target: ATM users - unmanned kiosk; weekend nights,2024-06-18,Open - no offender match recorded,N/A - case unmatched,N/A - case unmatched,N/A - case unmatched,N/A - case unmatched,N/A - case unmatched
CASE-00259,OFF-00077,Pickpocketing,BNS Sec 303 (Theft),Market crowd,Yadgir,Bus Stand area,Evening rush (6-8 PM),Crowd distraction lift,Crowd distraction lift; target: Market crowd; evening rush (6-8 pm),2023-10-01,Linked to known offender record,56+,F,5,Repeat,Long gap then resurgence with same MO
CASE-00457,OFF-00146,ATM Tampering/Skimming,BNS Sec 318 / IT Act,ATM users - unmanned kiosk,Mysuru,Bannimantap,Weekday mornings,Shoulder-surfing + card swap,Shoulder-surfing + card swap; target: ATM users - unmanned kiosk; weekday mornings,2023-07-30,Linked to known offender record,18-25,M,6,Repeat,Escalating frequency over last 6 months
CASE-01754,UNASSIGNED,Cyber Fraud (OTP/Phishing),IT Act Sec 66C/66D,Elderly account holder,Chikkamagaluru,IG Road area,Weekend nights,SMS phishing link,SMS phishing link; target: Elderly account holder; weekend nights,2024-04-09,Open - no offender match recorded,N/A - case unmatched,N/A - case unmatched,N/A - case unmatched,N/A - case unmatched,N/A - case unmatched
CASE-01968,UNASSIGNED,Two-Wheeler Theft,BNS Sec 303 (Theft),Parked vehicle - residential,Tumakuru,SS Puram,Weekend nights,Duplicate key / lock-picking,Duplicate key / lock-picking; target: Parked vehicle - residential; weekend nights,2023-08-24,Open - no offender match recorded,N/A - case unmatched,N/A - case unmatched,N/A - case unmatched,N/A - case unmatched,N/A - case unmatched
CASE-01905,UNASSIGNED,Shop Robbery,BNS Sec 309 (Robbery),Small retail shop,Bengaluru Rural,Hoskote town,Midday (12-3 PM),"Armed threat, cash till","Armed threat, cash till; target: Small retail shop; midday (12-3 pm)",2025-09-21,Open - no offender match recorded,N/A - case unmatched,N/A - case unmatched,N/A - case unmatched,N/A - case unmatched,N/A - case unmatched
CASE-01833,UNASSIGNED,Cyber Fraud (OTP/Phishing),IT Act Sec 66C/66D,Elderly account holder,Mangaluru (Dakshina Kannada),Bejai,Weekday mornings,SMS phishing link,SMS phishing link; target: Elderly account holder; weekday mornings,2024-02-11,Open - no offender match recorded,N/A - case unmatched,N/A - case unmatched,N/A - case unmatched,N/A - case unmatched,N/A - case unmatched
CASE-01068,OFF-00327,ATM Tampering/Skimming,BNS Sec 318 / IT Act,ATM users - unmanned kiosk,Ballari,Gandhinagar,Late night (11 PM-2 AM),Skimmer device installation,Skimmer device installation; target: ATM users - unmanned kiosk; late night (11 pm-2 am),2023-05-05,Linked to known offender record,26-35,F,6,Repeat,Single recorded case - insufficient pattern history
