Sl No.,Date,Ministry (Kannada),Ministry (English Translation),Subject (Kannada),Subject (English Translation),MLA name (Kannada),MLA name (English Translation)
1,04/07/2016,ವದ್ಯಕಿಯ ಶಿಕ್ಷಣ,Academic Education,ಸರ್ಕಾರಿ ಹಾಗೂ ಖಾಸಗಿ ವೈದ್ಯಕಿಯ ಶಿಕ್ಷಣ ಕೋರ್ಸಗಳ ಪ್ರವೇಶ ಶುಲ್ಕ,Entrance fee for government and private doctor education courses,ಸಂಕನೂರ .ಎಸ್.ವ್ಹಿ,Sankanura S V
2,04/07/2016,ಆರೋಗ್ಯ ಮತ್ತು ಕುಟುಂಬ ಕಲ್ಯಾಣ,Health and family welfare,ರಾಜ್ಯದಲ್ಲಿ ಉಂಟಾಗಿರುವ ಡೆಂಗ್ಯೂ ಜ್ವರ/ಚಿಕನ್ ಗುನ್ಯಾ ಕುರಿತು,Regarding dengue fever / chicken gungaloo in the state,ಸಮಣ್ಣ ಮ ಬೇವಿನಮರದ,Samanna Ma Bevinamara
3,04/07/2016,ಸಮಾಜ ಕಲ್ಯಾಣ,Social Welfare,ಹಾವೇರಿ ಜಿಲ್ಲೆಯಲ್ಲಿನ ಹಾಸ್ಟೆಲ್‌ಳ ಕುರಿತು,About the hostel in Haveri district,ಸಮಣ್ಣ ಮ ಬೇವಿನಮರದ,Samanna Ma Bevinamara
4,04/07/2016,ಆರೋಗ್ಯ ಮತ್ತು ಕುಟುಂಬ ಕಲ್ಯಾಣ,Health and family welfare,ರಾಜ್ಯದಲ್ಲಿ ಹೆಚ್ಚುತ್ತಿರುವ ಸಾಕ್ರಮಿಕ ರೋಗಗಳ ಬಗ್ಗೆ,Regarding increasingly serious diseases in the state,ಸೋಮಣ್ಣ .ವಿ,Somanna V
5,04/07/2016,ಮಾಹಿತಿ ತಂತ್ರಜ್ಞಾನ,Information technology,"ಪ್ರವಾಸಿ ತಾಣಗಳಾದ ಮುತ್ತತ್ತಿ, ಶಿವನಸಮುದ್ರ, ಶ್ರೀರಂಗಪಟ್ಟಣ ನದಿಗಳ ಬಗ್ಗೆ","About the tourist destinations like Muthathi, Shivanasamudra and Srirangapatna rivers",ನಾಗರಾಜು .ಎಸ್,Nagaraja S
6,04/07/2016,ಸಮಾಜ ಕಲ್ಯಾಣ,Social Welfare,"ದಿ:ದೇವರಾಜ ಅರಸರ ಜನ್ಮ ಸ್ಥಳ ಬೆಟ್ಟದತುಂಗ, ಕಲ್ಲಹಳ್ಳಿಯನ್ನು ಅಭೀವೃದ್ಧಿಪಡಿಸುವ ಬಗ್ಗೆ","The: Birthplace of Devaraja kings, hilltadanga, about the development of Kallahalli",ನಾಗರಾಜು .ಎಸ್,Nagaraja S
7,04/07/2016,ಆರೋಗ್ಯ ಮತ್ತು ಕುಟುಂಬ ಕಲ್ಯಾಣ,Health and family welfare,ಮೈಸೂರು ಮತ್ತು ಚಾಮರಾಜನಗರ ಜಿಲ್ಲೆಯಲ್ಲಿ ಡೆಂಗ್ಯೂ ಜ್ವರದ ಬಗ್ಗೆ,About Dengue fever in Mysore and Chamarajanagar district,ನಾಗರಾಜು .ಎಸ್,Nagaraja S
8,04/07/2016,ಆರೋಗ್ಯ ಮತ್ತು ಕುಟುಂಬ ಕಲ್ಯಾಣ,Health and family welfare,ದಕ್ಷಿಣ ಕನ್ನಡ ಮತ್ತು ಉಡುಪಿ ಜಿಲ್ಲೆಯಲ್ಲಿ ಡಯಾಲಿಸಿಸ್ ಸೌಲಭ್ಯ ಹೊಂದಿರುವ ಸರ್ಕಾರಿ ಆಸ್ಪತ್ರೆಗಳ ಕುರಿತು,About Government hospitals with dialysis facility in Dakshina Kannada and Udupi district,ಪತಾಪಚಂದ್ರ ಶೆಟ್ಟಿ .ಕೆ,Pratapachandra Shetty K
9,04/07/2016,ಮಹಿಳಾ ಮತ್ತು ಮಕ್ಕಳ ಅಭಿವೃಧ್ಧಿ,Women and Child Development,ಮಹಿಳಾ ಮತ್ತು ಮಕ್ಕಳ ಕಲ್ಯಾಣ ಇಲಾಖೆ ಹುದ್ದೆಗಳ ಕುರಿತು,About Women and Child Welfare Department posts,ಪ್ರಾಣೇಶ್ .ಎಂ.ಕೆ,Pranesha M K
10,04/07/2016,ಆರೋಗ್ಯ ಮತ್ತು ಕುಟುಂಬ ಕಲ್ಯಾಣ,Health and family welfare,ರಾಷ್ಟ್ರೀಯ ಸ್ವಾಸ್ಥ್ಯ ಭೀಮಾ ಯೋಜನೆ ಕುರಿತು,About the National Wellness Bhima Scheme,ಪ್ರಾಣೇಶ್ .ಎಂ.ಕೆ,Pranesha M K
11,04/07/2016,ಆಹಾರ ಮತ್ತು ನಾಗರಿಕ ಸರಬರಾಜು,Food and Civil Supplies,ಅಡುಗೆ ಅನಿಲ ಸಂಪರ್ಕವಿಲ್ಲದ ಕುಟುಂಬಗಳ ಕುರಿತು,About families without cooking gas,ಪ್ರಾಣೇಶ್ .ಎಂ.ಕೆ,Pranesha M K
12,04/07/2016,ಸಮಾಜ ಕಲ್ಯಾಣ,Social Welfare,"ಮೊರಾರ್ಜಿ ದೇಸಾಯಿ, ಕಿತ್ತೂರು ರಾಣಿ ಚೆನ್ನಮ್ಮ ಮತ್ತು ಏಕಲವ್ಯ ವಸತಿ ಶಾಲೆಗಳ ಕುರಿತು","Morarji Desai, Kittur Rani Chennamma and Ekalavya Housing Schools",ಪ್ರಾಣೇಶ್ .ಎಂ.ಕೆ,Pranesha M K
13,04/07/2016,ಸಮಾಜ ಕಲ್ಯಾಣ,Social Welfare,ರಾಜ್ಯದಲ್ಲಿ ನೂತನವಾಗಿ ಮಂಜೂರಾಗಿರುವ ಸರ್ಕಾರಿ ವಸತಿ ನಿಲಯಗಳ ಕುರಿತು,Newly sanctioned government housing in the state,ಪ್ರತಾಪಚಂದ್ರ ಶೆಟ್ಟಿ .ಕೆ,Pratapachandra Shetty K
14,04/07/2016,ಸಮಾಜ ಕಲ್ಯಾಣ,Social Welfare,ಮೊರಾರ್ಜಿ ದೇಸಾಯಿ ವಸತಿ ಶಾಲೆಗಳ ಕುರಿತು,About Morarji Desai Residential Schools,ಪ್ರತಾಪಚಂದ್ರ ಶೆಟ್ಟಿ .ಕೆ,Pratapachandra Shetty K
15,04/07/2016,ಹಿಂದುಳಿದ ವರ್ಗಗಳ ಕಲ್ಯಾಣ,Welfare of Backward Classes,ಸಮಾಜ ಕಲ್ಯಾಣ ಇಲಾಖೆಯಲ್ಲಿ ಹಿಂದುಳಿದ ವರ್ಗಗಳ ಯೋಜನೆಯ ಬಗ್ಗೆ,About Backward Classes Scheme in Social Welfare Department,ಪುಟ್ಟಸ್ವಾಮಿ .ಬಿ.ಜೆ,Puttaswamy B J
16,04/07/2016,ಸಮಾಜ ಕಲ್ಯಾಣ,Social Welfare,ಹಿಂದುಳಿದ ವರ್ಗಗಳ ಕಲ್ಯಾಣ ಇಲಾಖೆ ಸಮುದಾಯ ಭವನದ ಬಗ್ಗೆ,Backward Classes Welfare Department Community Hall,ಪುಟ್ಟಸ್ವಾಮಿ .ಬಿ.ಜೆ,Puttaswamy B J
17,04/07/2016,ಮಹಿಳಾ ಮತ್ತು ಮಕ್ಕಳ ಅಭೀವೃದ್ಧಿ,Women and Child Development,ಭಾಗ್ಯಲಕ್ಷ್ಮಿ ಬಾಂಡ್ ವಿತರಣೆ ಬಗ್ಗೆ,About Bhagyalaxmi Bond Distribution,ಪುಟ್ಟಸ್ವಾಮಿ .ಬಿ.ಜೆ,Puttaswamy B J
18,04/07/2016,ಸಮಾಜ ಕಲ್ಯಾಣ,Social Welfare,ಹಿಂದುಳಿದ ವUಗಳ ಕಲ್ಯಾಣ ಇಲಾಖೆಗೆ ಹಣ ಮಂಜೂರು ಬಗ್ಗೆ,About granting money to the Welfare Department of Backward Classes,ಪುಟ್ಟಸ್ವಾಮಿ .ಬಿ.ಜೆ,Puttaswamy B J
19,04/07/2016,ಹಿಂದುಳಿದ ವರ್ಗಗಳ ಕಲ್ಯಾಣ,Welfare of Backward Classes,ಆರ‍್ಯ ವೈಶ್ಯ ಸಮಾಜವನ್ನು ಹಿಂದುಳಿದ ವರ್ಗಕ್ಕೆ ಸೇರಿಸುವ ಬಗ್ಗೆ,Arya Vaishya society is about to add to the backward class,ಶರವಣ .ಟಿ.ಎ,Sharavana T A
20,04/07/2016,ಆರೋಗ್ಯ ಮತ್ತು ಕುಟುಂಬ ಕಲ್ಯಾಣ,Health and family welfare,ಮಾರಣಾಂತಿಕ ಖಾಯಿಲೆಯ ರೋಗಿಗಳಿಗೆ ಚಿಕಿತ್ಸೆಯಲ್ಲಿ ರಿಯಾಯಿತಿ ನೀಡುವ ಬಗ್ಗೆ,About treating patients with fatal illness,ಶರವಣ .ಟಿ.ಎ,Sharavana T A
21,04/07/2016,ಮಹಿಳಾ ಮತ್ತು ಮಕ್ಕಳ ಅಭಿವೃದ್ಧಿ,Women and Child Development,ಕನಡ ಮತ್ತು ಸಂಸ್ಕೃತಿ ಇಲಾಖೆಯ ಯೋಜನೆಗಳ ಬಗ್ಗೆ,About the projects of the Kanada and Culture Department,ವಿಮಲಾಗೌಡ,Vimalaa Gowda
22,04/07/2016,ವೈದ್ಯಕಿಯ,The doctor,ವೈದಕೀಯ ಶಿಕ್ಷಣ ಇಲಾಖೆಯಲ್ಲಿ ಖಾಲಿ ಇರುವ ಹುದ್ದೆಗಳ ಬಗ್ಗೆ,Regarding vacancies in the Department of Youth Education,ವಿಮಲಾಗೌಡ,Vimalaa Gowda
23,04/07/2016,ಮಹಿಳಾ ಮತ್ತು ಮಕ್ಕಳ ಅಭಿವೃದ್ಧಿ,Women and Child Development,ಮಹಿಳಾ ಮತ್ತು ಮಕ್ಕಳ ಕಲ್ಯಾಣ ಕಾರ್ಯಕ್ರಮಗಳ ಬಗ್ಗೆ,About Women and Child Welfare Programs,ವಿಮಲಾಗೌಡ,Vimalaa Gowda
24,04/07/2016,ಆಹಾರ ಮತ್ತು ನಾಗರಿಕ ಸರಬರಾಜು,Food and Civil Supplies,ಬಿ.ಪಿ.ಎಲ್. ಕಾರ್ಡ ವಿತರಣೆ ಬಗ್ಗೆ,BPL About card distribution,ವಿಮಲಾಗೌಡ,Vimalaa Gowda
25,04/07/2016,ಸಮಾಜ ಕಲ್ಯಾಣ,Social Welfare,ಬೀದರ್ ಜಿಲ್ಲೆಯ ವಿದ್ಯಾರ್ಥಿನಿಲಂiiಗಳ ಬಗೆ,Type of Student II in Bidar district,ವಿಜಯ್ ಸಿಂಗ್,Vijay Singh
26,04/07/2016,ಆರೋಗ್ಯ ಮತ್ತು ಕುಟುಂಬ ಕಲ್ಯಾಣ,Health and family welfare,ಬಿದರ್ ಜಿಲ್ಲೆಯ ಪ್ರಾಥಮಿಕ ಆರೋಗ್ಯ ಕೇಂದ್ರದಲ್ಲಿ ವೈದ್ಯರು ಮತ್ತು ಸಿಬ್ಬಂದಿ ಕೊರತೆ ಬಗ್ಗೆ,About the lack of doctors and staff at the Primary Health Center in Bidar district,ವಿಜಯ್ ಸಿಂಗ್,Vijay Singh
27,04/07/2016,ಯೋಜನೆ ಮತ ಸಾಂಖ್ಯಿಕ,The project vote is numerical,ಹೈದರಾಬಾದ್-ಕರ್ನಾಟಕ ಪ್ರದೇಶಾಭಿವೃದ್ಧಿ ಯೋಜನೆಯ ಅನುದಾನದ ಬಗ್ಗೆ,About the Hyderabad-Karnataka Area Development Plan,ವಿಜಯ್ ಸಿಂಗ್,Vijay Singh
28,04/07/2016,ಮಹಿಳಾ ಮತ್ತು ಮಕ್ಕಳ ಅಭಿವೃದ್ಧಿ,Women and Child Development,ಬೀದರೆ ಜಿಲ್ಲೆ ಅಂಗನವಾಡಿ ಕೇಂದ್ರಗಳ ಬಗ್ಗೆ,About District Anganwadi Centers,ವಿಜಯ್ ಸಿಂಗ್,Vijay Singh
29,04/07/2016,ಮಹಿಳಾ ಮತ್ತು ಮಕ್ಕಳ ಅಭಿವೃದ್ಧಿ,Women and Child Development,ಭಾಗ್ಯಲಕ್ಷ್ಮಿ ಯೋಜನೆಯ ಬಗ್ಗೆ,About Bhagyalaxmi Project,ಬಸನಗೌಡ ಆರ್ ಪಾಟೀಲ್,Basanagowda R Patil
30,04/07/2016,ಆರೋಗ್ಯ ಮತ್ತು ಕುಟುಂಬ ಕಲ್ಯಾಣ,Health and family welfare,ಜನರಿಕ್ ಜೌಷಧಿ ಮಳಿಗೆಗಳನ್ನು ಪ್ರಾರಂಭಿಸುವ ಬಗ್ಗೆ,About launching generic drug stores,ಬಸನಗೌಡ ಆರ್ ಪಾಟೀಲ್,Basanagowda R Patil
31,04/07/2016,ಯೋಜನೆ ಮತ್ತು ಸಾಂಖ್ಯಿಕ,Plan and Numerical,ಅನುದಾನ ಬಿಡುಗಡೆ ಕುರಿತು,About grant release,ಬಸನಗೌಡ ಆರ್ ಪಾಟೀಲ್,Basanagowda R Patil
32,04/07/2016,ಯೋಜನೆ ಮತ್ತು ಸಾಂಖ್ಯಿಕ,Plan and Numerical,ಬಯಲು ಸೀಮೆ ಅಭಿವೃದ್ಧಿ ಮಂಡಳಿಯ ಬಗ್ಗೆ,About the Plain Limit Development Board,ಬಸನಗೌಡ ಆರ್ ಪಾಟೀಲ್,Basanagowda R Patil
33,04/07/2016,ಸಮಾಜ ಕಲ್ಯಾಣ,Social Welfare,ಸಮಾಜ ಕಲ್ಯಾಣ ಇಲಾಖೆಗೆ ಬಿಡುಗಡೆಯಾದ ಹಣ,Money released to the Social Welfare Department,ಬಸನಗೌಡ ಆರ್ ಪಾಟೀಲ್,Basanagowda R Patil
34,04/07/2016,ಆರೋಗ್ಯ ಮತ್ತು ಕುಟುಂಬ ಕಲ್ಯಾಣ,Health and family welfare,ತುರುವೇಕೆರೆ ತಾಲ್ಲೂಕು ಆರೋಗ್ಯ ಕೇಂದ್ರಗಳ ಬಗ್ಗೆ,About Health Centers in Tuvaerekere taluk,ಲಕ್ಷ್ಮೀನಾರಾಯಣ .ಎಂ.ಡಿ,Lakshmi Narayana MD
35,04/07/2016,ಮಾಹಿತಿ ತಂತ್ರಜ್ಞಾನ,Information technology,ಸಾರ್ವಜನಿಕರಿಗೆ ಉಚಿತ ವೈ ಫೈ ಯೋಜನೆ ನೀಡುವ ಕುರಿತು,About Free Wii Fi Plans for the Public,ಲಕ್ಷ್ಮೀನಾರಾಯಣ .ಎಂ.ಡಿ,Lakshmi Narayana MD
36,04/07/2016,ಸಮಾಜ ಕಲ್ಯಾಣ,Social Welfare,ತುರುವೇಕೆರೆ ತಾಲ್ಲೂಕಿನ ಆಶ್ರಮ ಶಾಲೆಗಳ ಬಗ್ಗೆ,About Ashram Schools in Trivikere Taluk,ಲಕ್ಷ್ಮೀನಾರಾಯಣ .ಎಂ.ಡಿ,Lakshmi Narayana MD
37,04/07/2016,ಮಹಿಳಾ ಮತ್ತು ಮಕ್ಕಳ ಅಭೀವೃದ್ಧಿ,Women and Child Development,ದೇವರ ದಾಸಿಮಯ್ಯನವರ ಜಯಂತಿ ಆಚರಣೆ ಬಗ್ಗೆ,About the celebration of the victory of God Dasiamayya,ಲಕ್ಷ್ಮೀನಾರಾಯಣ .ಎಂ.ಡಿ,Lakshmi Narayana MD
38,04/07/2016,ವೈದ್ಯಕೀಯ ಶಿಕ್ಷಣ,Medical education,ಕಿದ್ವಾಯಿ ಸಂಸ್ಥೆಯ ನೌಕರರ ಬಗ್ಗೆ,About Kidwai's employees,ವಟಮ್ಮ,Motamma
39,04/07/2016,ಸಮಾಜ ಕಲ್ಯಾಣ,Social Welfare,ಸಮಾಜ ಕಲ್ಯಾಣ ಇಲಾಕೆಯಿಂದ ಹಮ್ಮಿಕೊಳ್ಳಲಾದ ಕಾರ್ಯಕ್ರಮಗಳು,Programs conducted by the Social Welfare Department,ಮೋಟಮ್ಮ,Motamma
40,04/07/2016,ಆರೋಗ್ಯ ಮತ್ತು ಕುಟುಂಬ ಕಲ್ಯಾಣ,Health and family welfare,ಜೌಷದಿಗಳ ದರ ಇಳಿಕೆ ಬಗ್ಗೆ,About the decline in the rate of herbivores,ಅಪ್ಪಾಜಿಗೌಡ .ಎನ್,Appajigowda N
41,04/07/2016,ಮಾಹಿತಿ ತಂತ್ರಜ್ಞಾನ,Information technology,ಮಾಹಿತಿ ತಂತ್ತಜ್ಞಾನ ಕಂಪನಿಗಳ ಬಗ್ಗೆ,About Information Technologies Companies,ಅಪ್ಪಾಜಿಗೌಡ .ಎನ್,Appajigowda N
42,04/07/2016,ಆಹಾರ ಮತ್ತು ನಾಗರಿಕ ಸರಬರಾಜು,Food and Civil Supplies,"ಮಂಡ ಜಿಲ್ಲೆಯಲ್ಲಿನ ಎ.ಪಿ.ಎಲ್, ಬಿ.ಪಿ.ಎಲ್ ಮತ್ತು ಅಂತ್ಯೋದಯ ಕಾರ್ಡ್‌ಗಳು","APL, BPL and Anthodyday Cards in Mandu District",ಅಪ್ಪಾಜಿಗೌಡ .ಎನ್,Appajigowda N
43,04/07/2016,ಆರೋಗ್ಯ ಮತ್ತು ಕುಟುಂಬ ಕಲ್ಯಾಣ,Health and family welfare,ಮಂಡ್ಯ ಜಿಲ್ಲೆಯಲ್ಲಿನ ಹೆಚ್.ಐ.ವಿ (ಏಡ್ಸ್) ಪ್ರಕರಣಗಳ ಬಗ್ಗೆ,About HIV (AIDS) cases in Mandya district,ಅಪ್ಪಾಜಿಗೌಡ .ಎನ್,Appajigowda N
44,04/07/2016,ಸಮಾಜ ಕಲ್ಯಾಣ,Social Welfare,ಯೋಜನೆಗಳ ಅನುಷ್ಠಾನದ ಬಗ್ಗೆ,About the implementation of projects,ಅಪ್ಪಾಜಿಗೌಡ .ಎನ್,Appajigowda N
45,04/07/2016,ವದ್ಯಕಿಯ ಶಿಕ್ಷಣ,Academic Education,ಬಳ್ಳಾರಿಯ ವಿಜಯನಗರ ವೈದ್ಯಕಿಯ ವಿಜ್ಞಾನ ಸಂಸ್ಥೆಯಲ್ಲಿನ ಹಗರಣಗಳ ಬಗ್ಗೆ,The scandals in the science firms of Bellary's Vijayanagar doctor,ಅಮರನಾಥ ಪಾಟೀಲ್,Amaranatha Patil
46,04/07/2016,ಯೋಜನೆ ಮತ್ತು ಸಾಂಖ್ಯಿಕ,Plan and Numerical,ಹೈದ್ರಾಬಾದ್-ಕರ್ನಾಟಕ ಭಾಗದಲ್ಲಿರುವ ವಿಜ್ಞಾನ ಕೇಂದ್ರಗಳು ಹಾಗೂ ಕಟ್ಟಡಗಳು ಮತ್ತು ಅನುದಾನದ ಬಗ್ಗೆ.,About Science Centers and Buildings and Grants in Hyderabad-Karnataka.,ಅಮರನಾಥ ಪಾಟೀಲ್,Amaranatha Patil
47,04/07/2016,ಸಮಾಜ ಕಲ್ಯಾಣ,Social Welfare,ಸ್ವಯಂ ಉದ್ಯೋಗ ಯೋಜನೆಯ ಬಗ್ಗೆ,About self employment plan,ಅಮರನಾಥ ಪಾಟೀಲ್,Amaranatha Patil
48,04/07/2016,ಮಾಹಿತಿ ತಂತ್ರಜ್ಞಾನ,Information technology,ರಾಜ್ಯಕ್ಕೆ ಹಾಗೂ ಹೈದ್ರಾಬಾದ್-ಕರ್ನಾಟಕ ಭಾಗಕ್ಕೆ ಬಿಡುಗಡೆಯಾಗಿರುವ ಅನುದಾನ ಹಾಗೂ ಯೋಜನೆಗಳ ಬಗ್ಗೆ,About the grant and plans released to the state and the Hyderabad-Karnataka region,ಅಮರನಾಥ ಪಾಟೀಲ್,Amaranatha Patil
49,04/07/2016,ಕನ್ನಡ ಮತ್ತು ಸಂಸ್ಕೃತಿ,Kannada and culture,ಹೈದ್ರಾಬಾದ್- ಕರ್ನಾಟಕ ಭಾಗದ ಜಿಲ್ಲೆಗಳಲ್ಲಿ ಕಲಾವಿದರಿಗೆ ಮಾಶಾಸನ ನೀಡುವ ಬಗ್ಗೆ,About giving masseason to artists in Hyderabad-Karnataka districts,ಅಮರನಾಥ ಪಾಟೀಲ್,Amaranatha Patil
50,04/07/2016,ಸಮಾಜ ಕಲ್ಯಾಣ,Social Welfare,ಮೊರಾರ್ಜಿ ಹಾಗೂ ಕಿತ್ತೂರು ರಾಣಿ ಚೆನ್ನಮ್ಮ ಶಲೆಗಳ ಮೂಲಭೂತ ಸೌಕರ್ಯಗಳ ಕುರಿತು,About the infrastructure of Morarji and Rani Chennamma mansions in Kittur,ಅರುಣ ಶಹಾಪುರ,Aruna Shahaapura
51,04/07/2016,ಸಮಾಜ ಕಲ್ಯಾಣ,Social Welfare,ಚಿತ್ರಕಲಾ ಶಿಕ್ಷಕರ ನೇಮಕಾತಿ ಕುರಿತು,About Painting Appointment Teachers,ಅರುಣ ಶಹಾಪುರ,Aruna Shahaapura
52,04/07/2016,ಸಮಾಜ ಕಲ್ಯಾಣ,Social Welfare,ಕ್ರೈಸ್ ಅನ್ನು ಪ್ರತ್ಯೇಕ ನಿರ್ದೇಶನಾಲಯ ಮಾಡುವ ಕುರಿತು,Creating a separate Directorate of Crisis,ಅರುಣ ಶಹಾಪುರ,Aruna Shahaapura
53,04/07/2016,ಸಮಾಜ ಕಲ್ಯಾಣ,Social Welfare,ಮೊರಾರ್ಜಿ ಹಾಗೂ ಕಿತ್ತೂರು ರಾಣಿ ಚೆನ್ನಮ್ಮ ಶಲೆಗಳಲ್ಲಿನ ಸಿಬ್ಬಂದಿಗಳ ಕುರಿತು,About staff in Morarji and Rani Chennamma Shale in Kittur,ಅರುಣ ಶಹಾಪುರ,Aruna Shahaapura
54,04/07/2016,ಹಿಂದುಳಿದ ವರ್ಗಗಳ ಕಲ್ಯಾಣ,Welfare of Backward Classes,ಅಲೆಮಾರಿ /ಅರೆ ಅಲೆಮಾರಿ ಜನಾಂಗದ ಅಭೀವೃದ್ಧಿಗೆ ನಿUಮ ಸ್ಥಾಪಿಸುವ ಕುರಿತು,About establishing NUU for the development of nomadic / semi-nomadic people,ಜಯಮ್ಮ,Jayamma
55,04/07/2016,ಆರೋಗ್ಯ ಮತ್ತು ಕುಟುಂಬ ಕಲ್ಯಾಣ,Health and family welfare,ಮಹಿಳೆಯರ ಗರ್ಭಾಶಯ ದಂಧೆ,Women's Matrix Stomach,ಜಯಮಾಲಾ ರಾಮಚಂದ್ರ,Jayamala Ramachandra
56,04/07/2016,ಆರೋಗ್ಯ ಮತ್ತು ಕುಟುಂಬ ಕಲ್ಯಾಣ,Health and family welfare,ಸರ್ಕಾರಿ ಆಸ್ಪತ್ರೆಯಲ್ಲಿ ಶುಚಿತ್ವ ಅಭಾವ,Clean hospitality in government hospital,ಜಯಮಾಲಾ ರಾಮಚಂದ್ರ,Jayamala Ramachandra
57,04/07/2016,ಆರೋಗ್ಯ ಮತ್ತು ಕುಟುಂಬ ಕಲ್ಯಾಣ,Health and family welfare,ಕೆ.ಎಸ್.ಎ.ಪಿ.ಎಸ್ ಸಂಸ್ಥೆಯ ಏಡ್ಸ ನಿಯಂತ್ರಣ ಕಾರ್ಯಕ್ರಮಗಳು,KSAPPS AIDS Control Programs,ಜಯಮಾಲಾ ರಾಮಚಂದ್ರ,Jayamala Ramachandra
58,04/07/2016,ಆರೋಗ್ಯ ಮತ್ತು ಕುಟುಂಬ ಕಲ್ಯಾಣ,Health and family welfare,ಏಡ್ಸ್ ಪೀಡಿತರು,AIDS suffers,ಜಯಮಾಲಾ ರಾಮಚಂದ್ರ,Jayamala Ramachandra
59,04/07/2016,ಆರೋಗ್ಯ ಮತ್ತು ಕುಟುಂಬ ಕಲ್ಯಾಣ,Health and family welfare,ನಕಲಿ ವೈದ್ಯರ ಹಾವಳಿ,Fake doctor,ಜಯಮಾಲಾ ರಾಮಚಂದ್ರ,Jayamala Ramachandra
60,04/07/2016,ಮಹಿಳಾ ಮತ್ತು ಮಕ್ಕಳ ಅಭೀವೃದ್ಧಿ,Women and Child Development,ಪಚ್ಯವಸ್ತ ಇಲಾಖೆಗೆ ಬಿಡುಗಡೆಯಾದ ಹಣದ ಬಗ್ಗೆ,About the money released to the Ministry of Health,ರಾಮಚಂದ್ರಗೌಡ,Ramachandra Gowda
61,04/07/2016,ಸಮಾಜ ಕಲ್ಯಾಣ,Social Welfare,ಹಿಂದುಳಿದ ವರ್ಗಗಳ ಆಯೋಗದ ಕುರಿತು,About Backward Classes Commission,ರಾಮಚಂದ್ರಗೌಡ,Ramachandra Gowda
62,04/07/2016,ಆಹಾರ ಮತ್ತು ನಾಗರಿಕ ಸರಬರಾಜು,Food and Civil Supplies,ಪಡಿತರ ಚೀಟಿಗಾಗಿ ಬಂದಿರುವ ಅರ್ಜಿಗಳ ಬಗ್ಗೆ,Regarding applications for ration cards,ರಾಮಚಂದ್ರಗೌಡ,Ramachandra Gowda
63,04/07/2016,ಆಹಾರ ಮತ್ತು ನಾಗರಿಕ ಸರಬರಾಜು,Food and Civil Supplies,ಪಡಿತರ ದಾಸ್ತಾನು ಮಾಡಲು ಇರುವ ಗೋದಾಮುಗಳ ಬಗ್ಗೆ,About warehouses for rationing,ರಾಮಚಂದ್ರಗೌಡ,Ramachandra Gowda
64,04/07/2016,ಆಹಾರ ಮತ್ತು ನಾಗರಿಕ ಸರಬರಾಜು,Food and Civil Supplies,ಕನಿಷ್ಠ ಬೆಲೆ ಯೋಜನೆಯಡಿ ಪಡಿತರಗಳ ಖರೀದಿ,Buying Rationes under the Minimum Price Plan,ರಾಮಚಂದ್ರಗೌಡ,Ramachandra Gowda
65,04/07/2016,ವೈದ್ಯಕಿಯ,The doctor,ರಾಜ್ಯದಲ್ಲಿ ಗ್ರಾಮೀಣ ಕಡ್ಡಾಯ ವೈದ್ಯಕೀಯ ಸೇವಾ ತರಬೇತಿ ಕಾಯ್ದೆ ಅಸ್ತಿತ್ವದ ಬಗ್ಗೆ,About the existence of the Rural Compulsory Medical Service Training Act in the State,ರಘುನಾಥ ರಾವ್ ಮಲ್ಕಾಪೂರೆ,Raghunath Rao Malkapore
66,04/07/2016,ಆರೋಗ್ಯ ಮತ್ತು ಕುಟುಂಬ ಕಲ್ಯಾಣ,Health and family welfare,ರಾಜ್ಯದಲ್ಲಿ ಕೋಳಿ ಜ್ವರ ತಡೆಗಟ್ಟಲು ಮುಂಜಾಗ್ರತಾ ಕ್ರiಗಳು,Precautionary measures to prevent chicken fever in the state,ರಘುನಾಥ ರಾವ್ ಮಲ್ಕಾಪೂರೆ,Raghunath Rao Malkapore
67,04/07/2016,ಸಮಾಜ ಕಲ್ಯಾಣ,Social Welfare,ವಿಶೇಷ ಘಟಕ ಮತ್ತು ಗಿರಿಜನ ಯೋಜನೆ,Special Unit and Gear Plan,ರಘುನಾಥ ರಾವ್ ಮಲ್ಕಾಪೂರೆ,Raghunath Rao Malkapore
68,04/07/2016,ಆರೋಗ್ಯ ಮತ್ತು ಕುಟುಂಬ ಕಲ್ಯಾಣ,Health and family welfare,ತಂಬಾಕು ಉತ್ಪನ್ನಗಳ ನಿಷೇಧ ಮಾಡುವ ಬಗ್ಗೆ,About ban on tobacco products,ರಘುನಾಥ ರಾವ್ ಮಲ್ಕಾಪೂರೆ,Raghunath Rao Malkapore
69,04/07/2016,ಮೀನುಗಾರಿಕೆ,Fishing,ಮೀನುಗಾರಿಕೆಗೆ ಡೀಸೆಲ್ ಮತ್ತು ಸೀಮೆಎಣೆ ಸಬ್ಸಿಡಿಗಾಗಿ ಸರ್ಕಾರ ನೀಡುವ ಸಹಾಯಧನದ ಬಗ್ಗೆ,About government subsidy for diesel and kerosene subsidy for fishing,ಐವಾನ್ ಡಿ ಸೋಜಾ,Ivan Disoza
70,04/07/2016,ಮಹಿಳಾ ಮತ್ತು ಮಕ್ಕಳ ಅಭಿವೃದ್ಧಿ,Women and Child Development,"ದಕ್ಷಿಣ ಕನ್ನಡ ಜಿಲ್ಲೆಯಲ್ಲಿರುವ ಕೊಂಕಣಿ, ಬ್ಯಾರಿ ಅಕಾಡೆಮಿಗಳಿಗೆ ಭವನ ನಿರ್ಮಾಣ ಮಾಡುವ ಬಗ್ಗೆ",The construction of a building for Konkani and Barry academies in Dakshina Kannada district,ಐವಾನ್ ಡಿ ಸೋಜಾ,Ivan Disoza
71,04/07/2016,ಸಮಾಜ ಕಲ್ಯಾಣ,Social Welfare,ದಕ್ಷಿಣ ಕನಡ ಜಿಲ್ಲೆಯಲ್ಲಿ ಅಂಬೇಡ್ಕರ್ ಭವನ ನಿರ್ಮಾಣ,Ambedkar Bhavan was built in South Kanada district,ಐವಾನ್ ಡಿ ಸೋಜಾ,Ivan Disoza
72,04/07/2016,ಮಹಿಳಾ ಮತ್ತು ಮಕ್ಕಳ ಅಭಿವೃದ್ಧಿ,Women and Child Development,ಕಂಕಣಿ ಸಾಹಿತ್ಯ ಅಕಾಡೆಮಿಗೆ ನೂತನ ಕೊಂಕಣಿ ಭವನ ನಿರ್ಮಾಣದ ಬಗ್ಗೆ,The Konkani Sahitya Akademi is about building a new Konkani Bhavan,ಐವಾನ್ ಡಿ ಸೋಜಾ,Ivan Disoza
73,04/07/2016,ಪ್ರವಾಸೋದ್ಯಮ,Tourism,೨೦೦೪ ರಿಂದ ೨೦೧೬ರವರೆಗೂ ಪ್ರವಾಸೋದ್ಯಮ ಇಲಾಖೆಯಿಂದ ಕೈಗೋಂಡ ಯೋಜನೆಗಳ ಬಗ್ಗೆ,About Handmade Projects from the Department of Tourism from 2004 to 2016,ಐವಾನ್ ಡಿ ಸೋಜಾ,Ivan Disoza
74,04/07/2016,ಸಮಾಜ ಕಲ್ಯಾಣ,Social Welfare,ರಾಜ್ಯದಲ್ಲಿ ಸಮಾಜ ಕಲ್ಯಾಣ ಇಲಾಖೆಯ ಆಶ್ರಯದಲ್ಲಿ ನಡೆಸುತ್ತಿರುವ ಪದವಿ ಪೂರ್ವ ಕಾಲೇಜಿನ ಗ್ಗೆ,Gage of the Degree College under the auspices of the Social Welfare Department in the state,ಕ್ಯಾಪ್ಟನ್ ಗಣೇಶ್ ಕಾರ್ಣಿಕ್,Capt. Ganesh Karnik
75,04/07/2016,ಮಹಿಳಾ ಮತ್ತು ಮಕ್ಕಳ ಅಭಿವದ್ಧಿ,Women and Child Development,ಸಬಲ ಯೋಜನೆಯನ್ನು ಅನುಷ್ಠಾನಗೊಳಿಸುವ ಬಗ್ಗೆ,About implementing a potential plan,ಕ್ಯಾಪ್ಟನ್ ಗಣೇಶ್ ಕಾರ್ಣಿಕ್,Capt. Ganesh Karnik
76,04/07/2016,ಮಹಿಳಾ ಮತ್ತು ಮಕ್ಕಳ ಅಭೀವೃದ್ಧಿ,Women and Child Development,ರಾಷ್ಟ್ರೀಯ ಮಕ್ಕಳ ಕ್ರೀಯಾಯೋಜನೆ ಕುರಿತು,About National Childcare Program,ಕ್ಯಾಪ್ಟನ್ ಗಣೇಶ್ ಕಾರ್ಣಿಕ್,Capt. Ganesh Karnik
77,04/07/2016,ಮಹಿಳಾ ಮತ್ತು ಮಕ್ಕಳ ಅಭೀವದ್ಧಿ,Women and Child Development,ವಿಶೇಷ ಸಾಮರ್ಧ್ಯವುಳ್ಳರಿಗೆ ನೀಡುವ ಸೌಲಭ್ಯಗಳ ಬಗ್ಗೆ,About the facilities offered to specialists,ಕ್ಯಾಪ್ಟನ್ ಗಣೇಶ್ ಕಾರ್ಣಿಕ್,Capt. Ganesh Karnik
78,04/07/2016,ಆರೋಗ್ಯ ಮತ್ತು ಕುಟುಂಬ ಕಲ್ಯಾಣ,Health and family welfare,ಬೆಳಗಾವಿ ಜಿಲ್ಲಾ ಆಸತ್ರೆ ಆವರಣದಲ್ಲಿ ಕಾಮಗಾರಿಗಳ ಮಂದಗತಿಯಲ್ಲಿ ಸಾಗುತ್ತಿರುವ ಬಗ್ಗೆ,About the slowdown of work on the Belgaum district undertak premises,ಕವಟಗಿಮಠ ಮಹಂತೇಶ ಮಲ್ಲಿಕಾರ್ಜುನ,Kavatimata Mahantesha Mallikarjuna
79,04/07/2016,ಸಮಾಜ ಕಲ್ಯಾಣ,Social Welfare,ಯೋಜನೆಗಳ ಅನುಷ್ಠಾನದಲ್ಲಿ ವಿಳಂಬವಾಗುತ್ತಿರುವ ಬಗ್ಗೆ,About delay in implementation of projects,ಕವಟಗಿಮಠ ಮಹಂತೇಶ ಮಲ್ಲಿಕಾರ್ಜುನ,Kavatimata Mahantesha Mallikarjuna
80,04/07/2016,ಆರೋಗ ಮತ್ತು ಕುಟುಂಬ ಕಲ್ಯಾಣ,Aaron and family welfare,ಬೆಳಗಾವಿ ಜಿಲ್ಲಾ ಆಸ್ಪತ್ರೆಯಲ್ಲಿ ಬಡ ರೋಗಿಗಳಿಗೆ ಚಿಕಿತ್ಸೆ ನೀಡುವ ಬಗ್ಗೆ,About treating poor patients at Belgaum District Hospital,ಕವಟಗಿಮಠ ಮಹಂತೇಶ ಮಲ್ಲಿಕಾರ್ಜುನ,Kavatimata Mahantesha Mallikarjuna
81,04/07/2016,ಆಹಾರ ಮತ ನಾಗರಿಕ ಸರಬರಾಜು,Food Vote Civil Supplies,ಬಿ.ಪಿ.ಎಲ್ ಪಡಿತರ ಚೀಟಿದಾರರಿಗೆ ಆಧಾರ್ ಕಾಡ ಸಂಖ್ಯೆ ಕಡ್ಡಾಯ ಮಾಡಿರುವ ಬಗ್ಗೆ,About the Aadhaar card number mandatory for BPL ration card holders,ಕವಟಗಿಮಠ ಮಹಂತೇಶ ಮಲ್ಲಿಕಾರ್ಜುನ,Kavatimata Mahantesha Mallikarjuna
82,04/07/2016,ಮಹಿಳಾ ಮತ್ತು ಮಕ್ಕಳ ಅಭೀವೃದ್ಧಿ,Women and Child Development,ಅಪ್ರಪ್ತ ಬಾಲಕಿಯರ ಅಕ್ರಮ ಸಾಗಾಟ,Illegal trafficking of girls,ಕವಟಗಿಮಠ ಮಹಂತೇಶ ಮಲ್ಲಿಕಾರ್ಜುನ,Kavatimata Mahantesha Mallikarjuna
83,04/07/2016,ಆರೋಗ್ಯ ಮತ್ತು ಕುಟುಂಬ,Health and family,ಪ್ರಾಥಮಿಕ ಆರೋಗ್ಯ ಕೇಂದ್ರಗಳಲ್ಲಿ ಪ್ರಾಣ ರಕ್ಷಿತ ಔಷಧಿ ಲಭ್ಯತೆ ಬಗ್ಗೆ,About the availability of antioxidant drugs at primary health centers,ಕಟ ಶ್ರೀನಿವಾಸ ಪೂಜಾರಿ,Kota Srinivasa Pujari
84,04/07/2016,ವೈದ್ಯಕಿಯ ಶಿಕ್ಷಣ,Doctor's Education,ವೈದ್ಯಕೀಯ ಸೀಟುಗಳ ಸಂಖ್ಯೆ ಮತ್ತು ಶುಲ್ಕದ ಬಗ್ಗೆ,Number of Medical Seats and Fees,ಕೋಟ ಶ್ರೀನಿವಾಸ ಪೂಜಾರಿ,Kota Srinivasa Pujari
85,04/07/2016,ಆರೋಗ್ಯ ಮತ್ತು ಕುಟುಂಬ ಕಲ್ಯಾಣ,Health and family welfare,ಪ್ರಾಥಮಿಕ ಆರೋಗ್ಯ ಕೇಂದ್ರಗಳ ಮಾಹಿತಿ,Information on Primary Health Centers,ಕೋಟ ಶ್ರೀನಿವಾಸ ಪೂಜಾರಿ,Kota Srinivasa Pujari
86,04/07/2016,ಆಹಾರ ಮತ್ತು ನಾಗರಿಕ ಸರಬರಾಜು,Food and Civil Supplies,ಪಡಿತರ ಚೀಟಿ ಅರ್ಜಿ ಶುಲ್ಕ ಗ್ರಾಮ ಪಂಚಾಯತ್‌ಗೆ ನೀಡುವ ಬಗ್ಗೆ,Regarding granting Ration Card Application Fee to Gram Panchayat,ಕೋಟ ಶ್ರೀನಿವಾಸ ಪೂಜಾರಿ,Kota Srinivasa Pujari
87,04/07/2016,ಆರೋಗ್ಯ ಮತ್ತು ಕುಟುಂಬ ಕಲ್ಯಾಣ,Health and family welfare,ಬಳ್ಳಾರಿ ಜಿಲ್ಲೆಯಲ್ಲಿನ ಪ್ರಾಥಮಿಕ ಆರೋಗ್ಯ ಕುರಿತು,About Primary Health in Bellary District,ಕೊಂಡಯ್ಯ .ಕೆ.ಸಿ,Kondaiah KC
88,04/07/2016,ಮಹಿಳಾ ಮತ್ತು ಮಕ್ಕಳ ಅಭಿವೃದ್ಧಿ,Women and Child Development,ಬಳ್ಳಾರಿ ಜಿಲ್ಲೆಯಲ್ಲಿರುವ ಅಂಗನವಾಡಿ ಕೇಂದ್ರಗಳ ಬಗ್ಗೆ,About Anganwadi Centers in Bellary District,ಕೊಂಡಯ್ಯ .ಕೆ.ಸಿ,Kondaiah KC
89,04/07/2016,ಸಮಾಜ ಕಲ್ಯಾಣ,Social Welfare,ವಸತಿ ಶಾಲೆಗಳಲ್ಲಿ ಮೂಲಭೂ ಸೌಕರ್ಯಗಳ ಕೊರತೆ,Lack of infrastructure in residential schools,ತಾರಾಅನೂರಾಧ,Tara Anuradha
90,04/07/2016,ವೈದ್ಯಕೀಯ,Medical,ಎನ್.ಪಿಎಸ್. ಪಿಂಚಣಿ ಯೋPಜನೆ,NPS. Pension Yo P,ಚೌಡರೆಡ್ಡಿ ತೂಪಲ್ಲಿ .ಆರ್,Chowdareddy Tupalli R
91,04/07/2016,ಆರೋಗ್ಯ ಮತ್ತು ಕುಟುಂಬ ಕಲ್ಯಾಣ,Health and family welfare,ಔಷಧಿಗಳ ಸರಬರಾಜು ಬಗ್ಗೆ,About Supply of Medicines,ಚೌಡರೆಡ್ಡಿ ತೂಪಲ್ಲಿ .ಆರ್,Chowdareddy Tupalli R
92,04/07/2016,ಮಾಹಿತಿ ತಂತ್ರಜ್ಞಾನ,Information technology,ಪೋಸ್ಟ್ ಪೇಯ್ಡ್ ಟ್ಯಾಕ್ಸಿ ಸೇವೆ ಬಗ್ಗೆ,About Post-paid Taxi Service,ಚೌಡರೆಡ್ಡಿ ತೂಪಲ್ಲಿ .ಆರ್,Chowdareddy Tupalli R
93,04/07/2016,ಆರೋಗ್ಯ ಮತ್ತು ಕುಟುಂಬ ಕಲ್ಯಾಣ,Health and family welfare,ಸರ್ಕಾರಿ ಆಸ್ಪತ್ರೆಗಳಲ್ಲಿನ ಸೌಲಭ್ಯಗಳು,Facilities in Government Hospitals,ಧರ್ಮಸೇನ .ಆರ್,Dharmasena R
94,04/07/2016,ಕನಡ ಮತ್ತು ಸಂಸ್ಕೃತಿ,Dream and culture,ಕನ್ನಡ ಭಾಷೆಯ ಅಭೀವೃದ್ಧಿಗಾಗಿ ಕಾರ್ಯಕ್ರಮಗಳು,Programs for Kannada language development,ಧರ್ಮಸೇನ .ಆರ್,Dharmasena R
95,05/07/2016,ಇಂಧನ,Fuel,ರಾಯಚೂರು ತಾಲ್ಲೂಕಿನ ರೈತರ ಪಂಪ್‌ಸೆಟ್‌ಗಳಿಗೆ ನಿರಂತರ ವಿದ್ಯುತ್ ಸಂಪರ್ಕ ಕಲ್ಲಿಸುವ ಬಗ್ಗೆ,Regarding continuous power connections to farmers' pumpsets in Raichur taluk,ಬೋಸ್‌ರಾಜು .ಎನ್.ಎಸ್,Bosaraju N S
96,05/07/2016,ಪೌರಾಡಳಿತ,Municipality,"ಮಾನ್ವಿ, ಸಿರಿವಾರ, ಕವಿತಾಳ ಪಟ್ಟಣ ಪಂಚಾಯತಿಗಳನ್ನು ಅಭೀವೃದ್ಧಿ ಪಡಿಸುವ ಬಗ್ಗೆ","Manvi, Sirivara, about the promotion of poetry town panchayats",ಬೋಸ್‌ರಾಜು .ಎನ್.ಎಸ್,Bosaraju N S
97,05/07/2016,ಲೋಕೋಪಯೋಗಿ,Public service,ಎಸ್.ಹೆಚ್.-೨೦ ಮತ್ತು ಎಸ್.ಹೆಚ್-೨೩ ರಾಜ್ಯ ಹೆದ್ದಾರಿಗಳನ್ನು ರಾಷ್ಟ್ರೀಯ ಹೆದ್ದಾರಿಗಳಾಗಿ ಪರಿವರ್ತಿಸುವ ಬಗ್ಗೆ,Converting SH-20 and SH-23 State Highways into National Highways,ಬೋಸ್‌ರಾಜು .ಎನ್.ಎಸ್,Bosaraju N S
98,05/07/2016,ಕೃಷಿ,Agriculture,ರಾಯಚೂgರಿನ ಕೃಷಿ ವಿಶ್ವವಿದ್ಯಾಲಯಕ್ಕೆ ಹೆಚ್ಚಿನ ಅನುದಾನ ನೀಡಿ ಅಭೀವೃದ್ಧಿ ಪಡಿಸುವ ಬಗ್ಗೆ,About promoting granting more funds to Raichu gi Rina Agricultural University,ಬೋಸ್‌ರಾಜು .ಎನ್.ಎಸ್,Bosaraju N S
99,05/07/2016,ಕೃಷಿ,Agriculture,ರೈತgರಿಗೆ ರಿಯಾಯಿತಿ ದರದಲ್ಲಿ ನೀಡುವ ಟಾರ್ಪಲ್ನಲ್ಲಿ ನಡೆದಿರುವ ಅವ್ಯವಹಾರದ ಬಗ್ಗೆ,About the alleged irregularities in the Tarpal subsidy for farmer g,ಸುನೀಲ್ ಸುಬ್ರಮಣಿ .ಎಂ.ಪಿ,Sunil Subramani M P
100,05/07/2016,ಕೃಷಿ,Agriculture,ರೈತ ಸಂಪರ್ಕ ಕೇಂದ್ರಗಳ ಮೂಲಕ ಕೃಸಿಕರಿಗೆ ತಾಡಪಲ್ಗಳನ್ನು ಸಬ್ಸಿಡಿ ಬೆಲೆಯಲ್ಲಿ ವಿತರಿಸುವ ಕುರಿತು,About distributing radicals at subsidized prices to farmers by farmer communications centers,ಸಂಕನೂರ .ಎಸ್.ವ್ಹಿ,Sankanura S V
101,05/07/2016,ಸಕ್ಕರೆ,Sugar,ಕಬ್ಬು ಬೆಳೆಗಾರರಿಗೆ ಸರ್ಕಾರದಿಂದ ನೀಡುತ್ತಿರು ಸೌಲಭ್ಯಗಳ ಬಗ್ಗೆ,About the facilities offered by the Government to sugarcane growers,ಸೋಮಣ್ಣ .ವಿ,Somanna V
102,05/07/2016,ಕಷಿ,Cookie,ಇಲಾಖೆಯ ಯೋಜನೆಗಳ ಬಗ್ಗೆ ಮತ್ತು ರೈತರ ಅಭಿವೃದ್ಧಿ,Department of Agriculture and Development of Farmers,ನಾರಾಯಣಸ್ವಾಮಿ .ಎಂ,Narayanaswamy M
103,05/07/2016,ಕೃಷಿ,Agriculture,ಇಲಾಖೆಯ ವತಿಯಿಂದ ವಿತರಿಸುವ ಕೃಷಿ ಸಾಲ ಸೌಲಭ್ಯಗಳ ಬಗ್ಗೆ,Regarding agricultural loan facilities distributed by department,ನಾರಾಯಣಸ್ವಾಮಿ .ಎಂ,Narayanaswamy M
104,05/07/2016,ರೇಷ್ಮೆ,Silk,ತಲಘಟ್ಟಪುರದ ರಾಜ್ಯ ರೇಷ್ಮೆ ಸಂಶೋಧನ ಮತ್ತು ಅಭೀವೃದ್ಧಿ ಸಂಸ್ಥೆಯ ಬಗ್ಗೆ,About State Silk Research & Appraisal Organization of Thalaghatpur,ನಾರಾಯಣಸ್ವಾಮಿ .ಎಂ,Narayanaswamy M
105,05/07/2016,ಇಂಧನ,Fuel,ಚಾಮರಾಜನಗರ ಜಿಲ್ಲೆ ತೆರಕಣಾಂಬಿಯಲ್ಲಿ ವಿದ್ಯುತ್ ವ್ಯತ್ಯಯವಾಗಿರುವ ಬಗ್ಗೆ,About Electricity at Therankanambi in Chamarajanagar District,ನಾಗರಾಜು .ಎಸ್,Nagaraja S
106,05/07/2016,ಲೋಕೋಪಯೋಗಿ,Public service,ಚಾಮರಾಜನಗರ ಜಿಲ್ಲೆಯ ಕಬ್ಬಳ್ಳಿ-ಪರಮಾಪುರ-ಸಂಪಿಗೆಪುರ ರಸ್ತೆ ಅಭೀವೃದ್ಧಿ ಬಗ್ಗೆ,About Caballi-Paramapura-Sappegupura Road Improvement in Chamarajanagar District,ನಾಗರಾಜು .ಎಸ್,Nagaraja S
107,05/07/2016,ತೋಟಗಾರಿಕೆ,Gardening,ತೆಂಗು ಟೆಕ್ನಾಲಜಿ ಪಾಕ ಸ್ಥಾಪಿಸುವ ಬಗ್ಗೆ,About setting up a coconut technology recipe,ನಾಗರಾಜು .ಎಸ್,Nagaraja S
108,05/07/2016,ಇಂಧನ,Fuel,ರಾಜ್ಯದಲ್ಲಿ ಕಾರ್ಯನಿರ್ವಹಿಸುತ್ತಿರುವ ಜಲ ವಿದ್ಯುತ್ ಸ್ಧಾವರಗಳ ಕುರಿತು,About Water Stations in the State,ಪತಾಪಚಂದ್ರ ಶೆಟ್ಟಿ .ಕೆ,Pratapachandra Shetty K
109,05/07/2016,ರೇಷ್ಮೆ,Silk,ರೇಷ್ಮೆ ಬೆಳೆ ಕುರಿತು,About silk crop,ಪ್ರಾಣೇಶ್ .ಎಂ.ಕೆ,Pranesha M K
110,05/07/2016,ಇಂಧನ,Fuel,ಚಿಕ್ಕಮಗಳೂರು ಜಿಲ್ಲೆಯಲ್ಲಿ ವಿದ್ಯುತ್ ಸಮಸ್ಯೆ ಕುರಿತು,Electricity issue in Chikmagalur district,ಪ್ರಾಣೇಶ್ .ಎಂ.ಕೆ,Pranesha M K
111,05/07/2016,ಪೌರಾಡಳಿತ,Municipality,"ರಾಜ್ಯದಲ್ಲಿನ ನಗರಸಭೆ, ಪುರಭೆ ಹಾಗೂ ಪಟ್ಟಣ ಪಂಚಾಯತಿಗಳಲ್ಲಿನ","Municipalities in the state, town hall and town panchayats",ಪ್ರತಾಪಚಂದ್ರ ಶೆಟ್ಟಿ .ಕೆ,Pratapachandra Shetty K
112,05/07/2016,ಸಹಕಾರ,Cooperation,ರಾಜ್ಯದಲ್ಲಿನ ಯಶಸ್ವಿನಿ ರೈತ ಆರೋಗ್ಯ ರಕ್ಷಾಣಾ ಯೋಜನೆಯ ಕುರಿತು,About Successive Agricultural Health Protection Scheme in State,ಪ್ರತಾಪಚಂದ್ರ ಶೆಟ್ಟಿ .ಕೆ,Pratapachandra Shetty K
113,05/07/2016,ಪೌರಾಡಳಿತ,Municipality,ರಾಜ್ಯದಲ್ಲಿ ವಿದೈತ್ ಚಾಲಿತ ಚಿತಾಗಾರವನ್ನು ಹೊಂದಿರುವ ಪೌರಾಡಳಿತ ಸಂಸ್ಥೆಗಳ ಕುರಿತು,Regarding municipal corporations that have a Vidyetic Institute in the State,ಪ್ರತಾಪಚಂದ್ರ ಶೆಟ್ಟಿ .ಕೆ,Pratapachandra Shetty K
114,05/07/2016,ಆರ್ಥಿಕ,Economy,ರಾಜ್ಯದಲ್ಲಿ ಅಲ್ಪಾವಧಿ ಕೃಷಿ ಸಾಲ ಪಡೆದ ರೈತರುಗಳ ಕುರಿತು,About farmers receiving short-term agricultural loans in the state,ಪ್ರತಾಪಚಂದ್ರ ಶೆಟ್ಟಿ .ಕೆ,Pratapachandra Shetty K
115,05/07/2016,ಇಂಧನ,Fuel,ಬೆಂಗಳೂರಿನಲ್ಲಿ ಅನಿಲಾಧಾರಿತ ವಿದ್ಯುತ್ ಸ್ಥಾವರ ಸ್ಥಾಪನೆ ಬಗ್ಗೆ,About installing a gas based power plant in Bangalore,ವಿಮಲಾಗೌಡ,Vimalaa Gowda
116,05/07/2016,ಕೃಷಿ ಮಾರುಕಟ್ಟೆ,Agricultural Market,ಕೃಷಿ ಮಾರುಕಟ್ಟೆಯಲ್ಲಿನ ಮೂಲ ಸೌಕರ್ಯಗಳ ಬಗ್ಗೆ,About basic infrastructure in the farm market,ವಿಮಲಾಗೌಡ,Vimalaa Gowda
117,05/07/2016,ಪಶುಸಂಗೋಪನೆ,Animal husbandry,ಹಾಲು ಉತ್ಪಾದಕರಿಗೆ ನೀಡುತ್ತಿರುವ ಸಹಾಯಧನ ಬಗ್ಗೆ,About subsidies for milk producers,ವಿಮಲಾಗೌಡ,Vimalaa Gowda
118,05/07/2016,ಕೃಷಿ,Agriculture,ರೈತgರಿಗೆ ನೀಡುತ್ತಿರುವ ಸೌಲಭ್ಯಗಳ ಬಗ್ಗೆ,About the facilities offered to farmer g,ವಿಮಲಾಗೌಡ,Vimalaa Gowda
119,05/07/2016,ಕೃಷಿ,Agriculture,ರಾಜ್ಯದಲ್ಲಿ ಭೀಕರ ಬರವಿರುವುದರಿಂದ ರೈತರು ಸಂಕಷ್ಟದಲ್ಲಿರುವ ಬಗ್ಗೆ,Farmers are in trouble because of dire consequences in the state,ವಿಜಯ್ ಸಿಂಗ್,Vijay Singh
120,05/07/2016,ಇಂಧನ,Fuel,ಸೌರಶಕ್ತಿಯ ಬಳಕೆಯ ಬಗ್ಗೆ,About the use of solar energy,ವಿಜಯ್ ಸಿಂಗ್,Vijay Singh
121,05/07/2016,ಪಶುಸಂಗೋಪನೆ,Animal husbandry,ಬೀದರ್ ಜಿಲ್ಲೆಯ ಪಶುಬಾಗ್ಯ ಯೋಜನೆಯ ಬಗ್ಗೆ,About the animal husbandry project in Bidar district,ವಿಜಯ್ ಸಿಂಗ್,Vijay Singh
122,05/07/2016,ಲೋಕೋಪಯೋಗಿ,Public service,ಬೀದರ್ ಜಿಲ್ಲೆಯ ರಸ್ತೆಗಳ ಅಭಿವೃದ್ಧಿ ಬಗ್ಗೆ,About road development in Bidar district,ವಿಜಯ್ ಸಿಂಗ್,Vijay Singh
123,05/07/2016,ಕೃಷಿ ಮಾರುಕಟ್ಟೆ,Agricultural Market,ತೋಟಗಾರಿಕೆ ಉತ್ಪನ್ನಗಳ ಶೇಖೆರಣೆ ಬಗ್ಗೆ,About the Storage of Horticulture Products,ಬಸನಗೌಡ ಆರ್ ಪಾಟೀಲ್,Basanagowda R Patil
124,05/07/2016,ಪೌರಾಡಳಿತ,Municipality,ಮತದಾನದ ಹಕ್ಕು ಕುರಿತು,About Suffrage,ಬಸನಗೌಡ ಆರ್ ಪಾಟೀಲ್,Basanagowda R Patil
125,05/07/2016,ಇಂಧನ,Fuel,ಆರ್.ಟಿ.ಪಿ.ಎಸ್ ನ ಸಿ.ಹೆಚ್.ಪಿ-೨ ಗುತ್ತಿಗೆ ಕಾರ್ಮಿಕರ ನೇಮಕಾತಿ ಕುರಿತು,Regarding the appointment of RPPS CHP-2 contract workers,ಬಸನಗೌಡ ಆರ್ ಪಾಟೀಲ್,Basanagowda R Patil
126,05/07/2016,ಇಂಧನ,Fuel,ಗಂಗಾ ಕಲ್ಯಾಣ ಬೋರ್‌ವೆಲ್‌ಗಳ ವಿದ್ಯುತ್ ಸಂಪರ್ಕದ ಬಗ್ಗೆ,About the power connection of Ganga welfare borewells,ಬಸನಗೌಡ ಆರ್ ಪಾಟೀಲ್,Basanagowda R Patil
127,05/07/2016,ಇಂಧನ,Fuel,ವೈ.ಟಿ.ಪಿ.ಎಸ್ ನಿಂದ ಪರಿಸರ ಮಾಲಿನ್ಯ ಮಾರ್ಗ ಸೂಚಿಗಳ ಉಲ್ಲಂಘನೆ ಕುರಿತು,About Violation of Environmental Pollution Routes by YTPS,ಬಸನಗೌಡ ಆರ್ ಪಾಟೀಲ್,Basanagowda R Patil
128,05/07/2016,ಲೋಕೋಪಯೋಗಿ,Public service,ಗ್ರಾಮೀಣ ಪ್ರದೇಶದ ರಸ್ತೆ ದುರಸ್ಥಿ,Rural Road Route,ಬಸನಗೌಡ ಆರ್ ಪಾಟೀಲ್,Basanagowda R Patil
129,05/07/2016,ಲೋಕೋಪಯೋಗಿ,Public service,ನಾಲ್ಕು ಪಥ ರಸ್ತೆಯನ್ನಾಗಿ ಪರಿವರ್ತಿಸುವ ಬಗ್ಗೆ,Converting the four-lane road,ಬಸನಗೌಡ ಆರ್ ಪಾಟೀಲ್,Basanagowda R Patil
130,05/07/2016,ಇಂಧನ,Fuel,ವಿದ್ಯುತ್ ಉತ್ಪಾದನೆ ಕುರಿತು,About Power Production,ಬಸವರಾಜ ಶಿವಲಿಂಗಪ್ಪ ಹೊರಟಿ,Basavaraja Shivalingappa Horatti
131,05/07/2016,ಆಹಾರ ಮತ್ತು ನಾಗರಕ ಸರಬರಾಜು,Food and Civil Supplies,ಬಿ.ಪಿ.ಎಲ್ ಸದಸ್ಯರಿಗೆ ಸದಸ್ಯತ್ವ ನೀಡುವ ಬಗ್ಗೆ,Membership to members of BPL,ಲಕ್ಷ್ಮೀನಾರಾಯಣ .ಎಂ.ಡಿ,Lakshmi Narayana MD
132,05/07/2016,ಕೃಷಿ,Agriculture,ರೈತರ ಸಾಲದ ಬಗೆ,Farmers Loan Type,ಲಕ್ಷ್ಮೀನಾರಾಯಣ .ಎಂ.ಡಿ,Lakshmi Narayana MD
133,05/07/2016,ಕೃಷಿ,Agriculture,ಕೃಷಿ ಭಾಗ್ಯ ಯೋಜನೆ ಬಗ್ಗೆ,About the farming plan,ಲಕ್ಷ್ಮೀನಾರಾಯಣ .ಎಂ.ಡಿ,Lakshmi Narayana MD
134,05/07/2016,ಲೋಕೋಪಯೋಗಿ,Public service,ರಾಜ್ಯ ಹೆದ್ದಾರಿ ಅಭಿವೃದ್ಧಿ ಯೋಜನೆ ಬಗ್ಗೆ,About State Highway Development Project,ಲಕ್ಷ್ಮೀನಾರಾಯಣ .ಎಂ.ಡಿ,Lakshmi Narayana MD
135,05/07/2016,ಇಂಧನ,Fuel,ತುರುವೇಕೆರೆ ತಾಲ್ಲೂಕಿನ ಶಾಖಾ ಕಛೇರಿ ಬಗ್ಗೆ,Regarding the branch office in Thurukere Taluk,ಲಕ್ಷ್ಮೀನಾರಾಯಣ .ಎಂ.ಡಿ,Lakshmi Narayana MD
136,05/07/2016,ಸಹಕಾರ,Cooperation,ಪ್ರಿಯದರ್ಶಿನಿ ಯೋಜನೆಯ ಬಗ್ಗೆ,Priyadarshini is about the project,ವಟಮ್ಮ,Motamma
137,05/07/2016,ಸಕ್ಕರೆ,Sugar,ಎಫ್.ಆರ್.ಪಿ.ದರ ನಿಗದಿ ಕುರಿತು,About the FRP's schedule,ಮಾನೆ ಶ್ರೀನಿವಾಸ್,Mane Srinivas
138,05/07/2016,ಸಕ್ಕರೆ,Sugar,ರೈತರ ಕಬ್ಬಿನ ಬೆಳೆಗೆ ನಿಡಿದ ಚೆಕ್ ಬೌನ್ಸ ಪ್ರಕರಣ ಕುರಿತು,About the check bounce case for farmers' cane cultivation,ಮಾನೆ ಶ್ರೀನಿವಾಸ್,Mane Srinivas
139,05/07/2016,ಸಕ್ಕರೆ,Sugar,ಕಬಬ್ಬು ಬೆಳೆಗಾರರಿಗೆ ಕಾರ್ಖಾನೆಗಳು ನೀಡಬೇಕಿರುವ ಬಾಕಿ ಮೊತ್ತ,Outstanding amount of factories to be given to the crop growers,ಮಾನೆ ಶ್ರೀನಿವಾಸ್,Mane Srinivas
140,05/07/2016,ಸಹಕಾರ,Cooperation,ಸಹಕಾರ ಸಂಘಗಳಿಂದ ರೈತರಿಗೆ ಸಾಲ,Loans to farmers from cooperative societies,ಅಪ್ಪಾಜಿಗೌಡ .ಎನ್,Appajigowda N
141,05/07/2016,ಲೋಕೋಪಯೋಗಿ,Public service,ಲೋಕೋಪಯೋಗಿ ಕಾಮಗಾರಿಗಳಿಗೆ ಅನುದಾನದ ಬಗ್ಗೆ,Provision for Public Works,ಅಪ್ಪಾಜಿಗೌಡ .ಎನ್,Appajigowda N
142,05/07/2016,ಸಕ್ಕರೆ,Sugar,ಮಂಡ್ಯ ಜಿಲ್ಲೆಯ ಕಬ್ಬು ಬೆಳೆಗಾರರ ಬಗ್ಗೆ,About sugarcane growers in Mandya district,ಅಪ್ಪಾಜಿಗೌಡ .ಎನ್,Appajigowda N
143,05/07/2016,ಪಶುಸಂಗೋಪನೆ,Animal husbandry,ಹೈನುಗಾರಿಕೆ,Dairy farming,ಅಪ್ಪಾಜಿಗೌಡ .ಎನ್,Appajigowda N
144,05/07/2016,ಕೃಷಿ,Agriculture,ಭತ್ತದ ಬೆಳೆ ಬಗ್ಗೆ,About the rice crop,ಅಪ್ಪಾಜಿಗೌಡ .ಎನ್,Appajigowda N
145,05/07/2016,ಪಶುಸಂಗೋಪನೆ,Animal husbandry,ಪಶುಸಂಗೋಪನೆ ಇಲಾಖೆಯಲ್ಲಿ ಧನ್ವಂತರಿ ಯೋಜನೆ ಬಗ್ಗೆ,About Dhanvantari Scheme in Animal Husbandry Department,ಅಮರನಾಥ ಪಾಟೀಲ್,Amaranatha Patil
146,05/07/2016,ಪಶುಸಂಗೋಪನೆ,Animal husbandry,ಪಶುಸಂಗೋಪನೆ ಇಲಾಖೆಯನ್ನು ಮರು ಸಂಘಟನೆ ಮಾಡುವ ಯೋಜನೆ ಬಗ್ಗೆ,About the plan to reorganize the Animal Husbandry Department,ಅಮರನಾಥ ಪಾಟೀಲ್,Amaranatha Patil
147,05/07/2016,ಪರಾಡಳಿತ,Militancy,ಶಹಬಾದ್ ಪಟ್ಟಣದ ಮಧ್ಯ ಭಾಗದಲ್ಲಿರುವ ನಾಲೆಗಳು ಕಲುಷಿತಗೊಂಡಿರುವ ಬಗ್ಗೆ,Located in the middle of the city of Shahbad about the contamination of the lanes,ಅಮರನಾಥ ಪಾಟೀಲ್,Amaranatha Patil
148,05/07/2016,ಇಂಧನ,Fuel,ಜೆಸ್ಕಾಂ ಸಂಸ್ಥೆಯು ಖರೀದಿ ಮಾಡಿರುವ ವಿದ್ಯುತ್ ಪ್ರಮಾಣದ ಬUಗ್ಗೆ,The power purchase by Jesscom is BU GG,ಅಮರನಾಥ ಪಾಟೀಲ್,Amaranatha Patil
149,05/07/2016,ಕಷಿ,Cookie,ಹೈದ್ರಾಬಾದ್-ಕರ್ನಾಟಕದ ಆರು ಜಿಲ್ಲೆಗಳಲ್ಲಿ ಬಿ.ಟಿ ಹತ್ತಿಗೆ ಗುಲಾಬಿ ಕಾರಿ ಕೊರತೆ ರೋಗದ ಬಗ್ಗೆ,About Bt cotton deficiency disease in six districts of Hyderabad-Karnataka,ಅಮರನಾಥ ಪಾಟೀಲ್,Amaranatha Patil
150,05/07/2016,ಪೌರಾಡಳಿತ,Municipality,"ವಿಜಯಪುರ, ಬಾಗಲಕೋಟೆ ಮತ್ತು ಬೆಳಗಾವಿ ಜಿಲ್ಲೆಗಳಲ್ಲಿರುವ ಸಿ.ಎ ಸೈಟ್ ಕುರಿತು","About the CA site in Vijayapur, Bagalkot and Belgaum districts",ಅರುಣ ಶಹಾಪುರ,Aruna Shahaapura
151,05/07/2016,ಇಂಧನ,Fuel,ಕೂಡಗಿಯಲ್ಲಿರುವ ಎನ್.ಟಿ.ಪಿ.ಎಸ್ ಯೋಜನೆ ಕುರಿತು,Regarding the NTPS project,ಅರುಣ ಶಹಾಪುರ,Aruna Shahaapura
152,05/07/2016,ಇಂಧನ,Fuel,ನಿರಂತರ ಜ್ಯೋತಿ ಯೋಜನೆಯ ಕಾಮಗಾರಿಯ ಕುರಿತು,About the construction of a sustained Jyothi project,ಅರುಣ ಶಹಾಪುರ,Aruna Shahaapura
153,05/07/2016,ತೋಟಗಾರಿಕೆ,Gardening,ಬಾಗಲಕೋಟೆ ತೋಟಗಾರಿಕಾ ವಿಜ್ಞಾನ ವಿಶ್ವ ವಿದ್ಯಾಲಯಕ್ಕೆ ನೀಡಿರುವ ಅನುದಾನ ಕುರಿತು,About the grant given to Bagalkot Horticultural Science University,ಅರುಣ ಶಹಾಪುರ,Aruna Shahaapura
154,05/07/2016,ಸಕ್ಕರೆ,Sugar,"ಅಪೆಕ್ಸ್, ಬ್ಯಾಂಕ್ ಸಕ್ಕರೆ ಕಾರ್ಖಾನೆಗಳಿಗೆ ನೀಡಿದ ಸಾಲದ ವಿವರ","Loan details for Apex, Bank sugar factories",ರಾಮಪ್ಪ ತಿಮ್ಮಾಪೂರ,Ramappa Timmapura
155,05/07/2016,ಸಕ್ಕರೆ,Sugar,ಡಿ.ಸಿ.ಸಿ ಬ್ಯಾಂಕುಗಳು ಸಕ್ಕರೆ ಕಾರ್ಖಾನೆಗಳಿಗೆ ನೀಡಿದ ಸಾಲದ ವಿವರ,DCC Banks loan details to sugar factories,ರಾಮಪ್ಪ ತಿಮ್ಮಾಪೂರ,Ramappa Timmapura
156,05/07/2016,ಸಕ್ಕರೆ,Sugar,"ಎನ್,ಇ,ಡ್ಲೋ ಎಸ್‌ಒಎಫ್‌ಐ ಲೋನ್-೨೦೧೫ರ ಸಾಲದ ವಿವರ","Details of loan of N, E, DLO SOFI Loan-2013",ರಾಮಪ್ಪ ತಿಮ್ಮಾಪೂರ,Ramappa Timmapura
157,05/07/2016,ಸಕ್ಕರೆ,Sugar,ಐ.ಇ.ಎಂ ಯೋಜನೆ ಕುರಿತು,About the IEM project,ರಾಮಪ್ಪ ತಿಮ್ಮಾಪೂರ,Ramappa Timmapura
158,05/07/2016,ಸಕ್ಕರೆ,Sugar,ಸಕ್ಕರೆ ಕಾರ್ಖಾನೆ ಪ್ರಾರಂಭೀಸಲು ಇರುವ ನಿಯಮ ಕುರಿತು,About the rule of sugar factory,ರಾಮಪ್ಪ ತಿಮ್ಮಾಪೂರ,Ramappa Timmapura
159,05/07/2016,ಕಷಿ,Cookie,ರಾಗಿ ಮತ್ತು ಭತ್ತದ ಬಗ್ಗೆ,About millet and rice,ರಾಮಚಂದ್ರಗೌಡ,Ramachandra Gowda
160,05/07/2016,ಕೃಷಿ,Agriculture,ಕೃಷಿ ಬೆಲೆ ಆಯೋಗದ ಶಿಫಾರಸ್ಸುಗಳ ಅನುಷ್ಠಾನದ ಬಗ್ಗೆ,Implementation of the recommendations of the Agricultural Price Commission,ರಾಮಚಂದ್ರಗೌಡ,Ramachandra Gowda
161,05/07/2016,ಕೃಷಿ,Agriculture,ಬಿತ್ತನೆ ಬೀಜಗಳ ಬೆಲೆ ಬಗ್ಗೆ,About the price of sowing seeds,ರಾಮಚಂದ್ರಗೌಡ,Ramachandra Gowda
162,05/07/2016,ಕೃಷಿ ಮಾರುಕಟ್ಟೆ,Agricultural Market,ಅಸಮರ್ಪಕ ತ್ಯಾಜ್ಯ ವಿಲೇವಾರಿ,Disposal of inadequate waste,ರಾಮಚಂದ್ರಗೌಡ,Ramachandra Gowda
163,05/07/2016,ಇಂಧನ,Fuel,Uಮಗಳಲ್ಲಿ ಅನಿಯಮಿತ ವಿದ್ಯುತ್ ಕಡಿತದ ಬಗ್ಗೆ,U's about irregular power outages,ರಾಮಚಂದ್ರಗೌಡ,Ramachandra Gowda
164,05/07/2016,ಲೋಕೋಪಯೋಗಿ,Public service,ಎಸ್.ಸಿ.ಪಿ/ಟಿ.ಎಸ್.ಪಿ ಯೋಜನೆಗಳ ಬಗ್ಗೆ,About SCP / TSP Projects,ರಘುನಾಥ ರಾವ್ ಮಲ್ಕಾಪೂರೆ,Raghunath Rao Malkapore
165,05/07/2016,ಕೃಷಿ,Agriculture,ರಾಜ್ಯದಲ್ಲಿ ನಕಲಿ ಬೀಜಗಳ ಹಾವಳಿ ತಡೆಗಟ್ಟುವ ಬಗ್ಗೆ,Preventing fake seeds from the state,ರಘುನಾಥ ರಾವ್ ಮಲ್ಕಾಪೂರೆ,Raghunath Rao Malkapore
166,05/07/2016,ಕೃಷಿ,Agriculture,ರಾಜ್ಯದಲ್ಲಿ ಆತ್ಮಹತ್ಯೆ ಮಾಡಿಕೊಂಡ ರೈತರಿಗೆ ಪರಿಹಾರಧನ ವಿತರಣೆ ಬಗ್ಗೆ,About distribution of compensation to farmers who committed suicide in the state,ರಘುನಾಥ ರಾವ್ ಮಲ್ಕಾಪೂರೆ,Raghunath Rao Malkapore
167,05/07/2016,ಸಹಕಾರ,Cooperation,ಕೆ.ಎಂ.ಎಫ್. ನಲ್ಲಿ ನಡೆದಿರುವ ಭ್ರಷ್ಟಾಚಾರದ ಬಗ್ಗೆ,KMF About the corruption in the country,ರಘುನಾಥ ರಾವ್ ಮಲ್ಕಾಪೂರೆ,Raghunath Rao Malkapore
168,05/07/2016,ಲೋಕೋಪಯೋಗಿ,Public service,೨೦೧೪ ರಿಂದ ೨೦೧೬ರಲ್ಲಿ ರಾಜ್ಯದಲ್ಲಿ ಸಾಲಬಾಧೆಯಿಂದ ಆತ್ಮಹತ್ಯೆ ಮಾಡಿಕೊಂಡಿರುವವರ ಬಗ್ಗೆ,Regarding those who committed suicide in the state from 2014 to 2016,ಐವಾನ್ ಡಿ ಸೋಜಾ,Ivan Disoza
169,05/07/2016,ಪೌರಾಡಳಿತ,Municipality,ಗಮ ಪಂಚಾಯತಿಯನ್ನು ಮೇಲ್ದರ್ಜೆಗೇರಿಸುವ ಬಗ್ಗೆ,Upgrading the Gamma Panchayat,ಐವಾನ್ ಡಿ ಸೋಜಾ,Ivan Disoza
170,05/07/2016,ಕೃಷಿ,Agriculture,ಅಡಿಕೆ ಬೆಳೆಗಾರರ ಮಂಡಳಿ ರಚಿಸುವ ಬಗ್ಗೆ,About creating a board of nut growers,ಐವಾನ್ ಡಿ ಸೋಜಾ,Ivan Disoza
171,05/07/2016,ಲೋಕೋಪಯೋಗಿ,Public service,ಶಿರಾಡಿ ಘಾಟ್ ದುರಸ್ಥಿ ೨ನೇ ಹಂತದ ಕಾಮಗಾರಿ ಬಗ್ಗೆ,Shiradi Ghat Tragedy About 2nd stage work,ಐವಾನ್ ಡಿ ಸೋಜಾ,Ivan Disoza
172,05/07/2016,ಇಂಧನ,Fuel,ರಜ್ಯದಲ್ಲಿ ಸೋಲಾರ್ ಸೌರಶಕ್ತಿ ಮೇಲ್ಛಾವಣಿ ಘಟಕಗಳ ಬಗ್ಗೆ,Solar solar power roof components in the state,ಐವಾನ್ ಡಿ ಸೋಜಾ,Ivan Disoza
173,05/07/2016,ಲೋಕೋಪಯೋಗಿ,Public service,ರಾಷ್ಟ್ರೀಯ ಹೆದ್ದಾರಿ ಸಂಖ್ಯೆ-೧೩ ದ.ಕ. ಜಿಲ್ಲೆಯ ಸೀಮೆ ಹಾಗು ಕೆರೆಕಟ್ಟೆ ನಮ್ಮೂರ ನಡುವೆ ರಸ್ತೆ ಕಿರಿದಾಗಿದ್ದು ರಸ್ತೆ ಅಗಲಿಕರಣ ಕುರಿತು,National Highway No.1313 The road is narrow between Kerekatte and Kerekatte in Mysore district and the road is separated,ಕ್ಯಾಪ್ಟನ್ ಗಣೇಶ್ ಕಾರ್ಣಿಕ್,Capt. Ganesh Karnik
174,05/07/2016,ಕೃಷಿ,Agriculture,ರಾಜ್ಯದಲ್ಲಿ ರೈತರಿಗೆ ಕೃಷಿ ಯಂತ್ರೋಪಕರಣಗಳನ್ನು ಬಾಡಿಗೆ ನೀಡುವ ಕುರಿತು,About renting agricultural machinery for farmers in the state,ಕ್ಯಾಪ್ಟನ್ ಗಣೇಶ್ ಕಾರ್ಣಿಕ್,Capt. Ganesh Karnik
175,05/07/2016,ಕೃಷಿ,Agriculture,ರಾಜಜ್ಯದಲ್ಲಿ ಕೃಷಿ ಉತ್ಪಾದನೆಗಳನ್ನು ಶೇಕರಿಸಲು ಗೋದಾಮುಗಳ ಅವಶ್ಯಕತೆ ಬಗ್ಗೆ,About the need for warehouses to quantify agricultural production in the state,ಕ್ಯಾಪ್ಟನ್ ಗಣೇಶ್ ಕಾರ್ಣಿಕ್,Capt. Ganesh Karnik
176,05/07/2016,ಪೌರಾಡಳಿತ,Municipality,"ರಾಜ್ಯದಲ್ಲಿರುವ ಪಟ್ಟಣ ಪಂಚಾಯತಿ, ಪುರಸಭೆ, ನಗರಸಭೆಗಳಲ್ಲಿ ಒಳಚರಂಡಿ ಸೌಲಭ್ಯ ಕುರಿತು","Town Panchayat, Municipal Council, and Municipalities in the State",ಕ್ಯಾಪ್ಟನ್ ಗಣೇಶ್ ಕಾರ್ಣಿಕ್,Capt. Ganesh Karnik
177,05/07/2016,ಪೌರಾಡಳಿತ,Municipality,ನಗರಸಭೆಗಳಲ್ಲಿ ಸೃಷ್ಟಿಯಾಗಿರುವ ಹಾಗೂ ಖಾಲಿ ಇರುವ ಹುದ್ದೆಗಳ ಬಗ್ಗೆ,About the vacancies created and municipalities in municipalities,ಕ್ಯಾಪ್ಟನ್ ಗಣೇಶ್ ಕಾರ್ಣಿಕ್,Capt. Ganesh Karnik
178,05/07/2016,ಪೌರಾಡಳಿತ,Municipality,ಸಫಾಯಿ ಪೌರಕಾರ್ಮಿಕರಿಗೆ ಕನಿಷ್ಠ ವೇತನ ನಿಡುತ್ತಿರುವ ಬಗ್ಗೆ,Minimum wages for Safai civic workers,ಕವಟಗಿಮಠ ಮಹಂತೇಶ ಮಲ್ಲಿಕಾರ್ಜುನ,Kavatimata Mahantesha Mallikarjuna
179,05/07/2016,ಸಕ್ಕರೆ,Sugar,ಕಬ್ಬು ಬೆಳೆಗಾರರ ಬಾಕಿ ಬಿಲ್ಲು ಪಾವತಿ ಬಗ್ಗೆ,About Bills Payment of Sugarcane Growers,ಕವಟಗಿಮಠ ಮಹಂತೇಶ ಮಲ್ಲಿಕಾರ್ಜುನ,Kavatimata Mahantesha Mallikarjuna
180,05/07/2016,ಪಶುಸಂಗೋಪನೆ,Animal husbandry,ಪಶು ಭಾಗ್ಯ ಯೋಜನೆ ಬಗ್ಗೆ,About the veterinary project,ಕವಟಗಿಮಠ ಮಹಂತೇಶ ಮಲ್ಲಿಕಾರ್ಜುನ,Kavatimata Mahantesha Mallikarjuna
181,05/07/2016,ಕೃಷಿ,Agriculture,ಬೆಳಗಾವಿ ಜಿಲ್ಲೆಯ ರೈತರಿಗೆ ಕೃಷಿ ಇಲಾಖೆಯ ಸಿಬ್ಬಂದಿ ಕೊರತೆಯಿಂದ ತೊಂದರೆ ಆಗುತ್ತಿರುವ ಬಗ್ಗೆ,The farmers in Belgaum district are suffering from a lack of staff in the agriculture department,ಕವಟಗಿಮಠ ಮಹಂತೇಶ ಮಲ್ಲಿಕಾರ್ಜುನ,Kavatimata Mahantesha Mallikarjuna
182,05/07/2016,ಪೌರಾಡಳಿತ,Municipality,ಮೇಲ್ದರ್ಜೆಗೇರಿಸಲ್ಪಟ್ಟ ಸ್ಥಳೀಯ ಸಂಸ್ಥೆಗಳಿಗೆ ಅನುದಾನ ನೀಡುವ ಬಗ್ಗೆ,Providing subsidy for upgraded local bodies,ಕವಟಗಿಮಠ ಮಹಂತೇಶ ಮಲ್ಲಿಕಾರ್ಜುನ,Kavatimata Mahantesha Mallikarjuna
183,05/07/2016,ಲೋಕೋಪಯೋಗಿ,Public service,ಹಾಸನ ಬಿ.ಸಿ ರೋಡ್ ರಾಷ್ಟ್ರಿಯ ಹೆದ್ದಾರಿ ಕುರಿತು,About Hassan BC Road National Highway,ಕೋಟ ಶ್ರೀನಿವಾಸ ಪೂಜಾರಿ,Kota Srinivasa Pujari
184,05/07/2016,ಕೃಷಿ,Agriculture,ತೋಟಗಾರಿಕೆ ಇಲಾಖೆಯ ಖಾಲಿ ಹುದ್ದೆ ಬಗ್ಗೆ,About the vacancies of the Department of Horticulture,ಕೋಟ ಶ್ರೀನಿವಾಸ ಪೂಜಾರಿ,Kota Srinivasa Pujari
185,05/07/2016,ಕೃಷಿ,Agriculture,ಮಣ್ಣಿನ ಆರೋಗ್ಯ ಕಾರ್ಡ್‌ಬಗ್ಗೆ,About the soil health card,ಕೋಟ ಶ್ರೀನಿವಾಸ ಪೂಜಾರಿ,Kota Srinivasa Pujari
186,05/07/2016,ಕೃಷಿ,Agriculture,ತೋಟಗಾರಿಕೆ ಇಲಾಖೆಯ ಕಾರ್ಯಕ್ರಮಗಳ ಬಗ್ಗೆ,About Horticulture Department Programs,ಕೋಟ ಶ್ರೀನಿವಾಸ ಪೂಜಾರಿ,Kota Srinivasa Pujari
187,05/07/2016,ಇಂಧನ,Fuel,ಬೆಸ್ಕಾಂ ಸಂಸ್ಥೆಯಲಿ ಆದಾಯ ಸೋರಿಕೆ,BESCOM is also a revenue leak,ತಾರಾಅನೂರಾಧ,Tara Anuradha
188,05/07/2016,ಪರಾಡಳಿತ,Militancy,ರಾಜ್ಯದಲ್ಲಿ ಹೋಮ್ ಸ್ಟೇಗಳ ಮಾಹಿತಿ ಬಗ್ಗೆ,About home stations information in the state,ತಾರಾಅನೂರಾಧ,Tara Anuradha
189,05/07/2016,ಲೋಕೋಪಯೋಗಿ,Public service,ರಾಜ್ಯದಲ್ಲಿ ಟೋಲ್‌ಗಳ ಸಂಖ್ಯೆ,Number of tolls in the state,ಚೌಡರೆಡ್ಡಿ ತೂಪಲ್ಲಿ .ಆರ್,Chowdareddy Tupalli R
190,05/07/2016,ಇಂಧನ,Fuel,ರೂಫ್ ಟಾಪ್ ಸೋಲಾರ್ ಯೋಜನೆ ಬಗ್ಗೆ,About the Roof Top Solar Project,ಚೌಡರೆಡ್ಡಿ ತೂಪಲ್ಲಿ .ಆರ್,Chowdareddy Tupalli R
191,05/07/2016,ಪೌರಾಡಳಿತ,Municipality,ಅನುಕಂಪದ ಆಧಾರದ ನೇಮಕಾತಿ,Reconciliation based recruitment,ಚೌಡರೆಡ್ಡಿ ತೂಪಲ್ಲಿ .ಆರ್,Chowdareddy Tupalli R
192,05/07/2016,ಕೃಷಿ,Farming,ಕಳಪೆ ಬೀಜಗೊಬ್ಬರ,Poor seed,ಧರ್ಮಸೇನ .ಆರ್,Dharmasena R
193,05/07/2016,ಇಂಧನ,Fuel,ಪರಿಶಿಷ್ಟ ಜಾತಿ/ವರ್ಗಗಳ ರೈತರಿಗೆ ಸೌರಶಕ್ತಿ ಚಾಲಿತ ಪಂಪುಗಳನ್ನು ಅಳವಡಿಸುವ ಬಗ್ಗೆ,About setting up solar powered pumps for Scheduled Caste farmers,ಧರ್ಮಸೇನ .ಆರ್,Dharmasena R
194,05/07/2016,ತೋಟಗಾರಿಕೆ,Gardening,ಕೈತೋಟ ಮಾಡಲು ಪ್ರೋತ್ಸಾಹ,Encourage to have a garden,ಧರ್ಮಸೇನ .ಆರ್,Dharmasena R
195,11/07/2016,ಆರ್ಥಿಕ,Economy,ರಾಯಚೂರು ಜಿಲ್ಲೆಗೆ ವಿವಿಧ ಇಲಾಖೆಯಿಂದ ನೀಡಿರುವ ಅನುದಾನ,Grants from different departments to Raichur district,ಬೋಸ್‌ರಾಜು .ಎನ್.ಎಸ್,Bosaraju N S
196,11/07/2016,ವೈದ್ಯಕೀಯ ಶಿಕ್ಷಣ,Medical education,ರಾಯಚೂರು ನಗರದಲ್ಲಿರುವ ಆರ್ ಐ ಎಂ ಎಸ್ ಮತ್ತು ಒ ಪಿ ಇ ಸಿ ಆಸ್ಪತ್ರೆಯನ್ನು ಅಭೀವೃದ್ಧಿ ಪಡಿಸುವ ಬಗ್ಗೆ,About RIMS and OPC Hospital in Raichur city,ಬೋಸ್‌ರಾಜು .ಎನ್.ಎಸ್,Bosaraju N S
197,11/07/2016,ಸಮಾಜ ಕಲ್ಯಾಣ,Social Welfare,ರಾಯಚೂರು ಜಿಲ್ಲೆಯಲ್ಲಿನ ಸಮಾಜ ಕಲ್ಯಾಣ ಇಲಾಖೆಯಿಂದ ಹಾಸ್ಟೆಲ್ ನಿಮಾರ್ಣ ಕಾಮಗಾರಿಗಳನ್ನು ಕೈಗೊಳ್ಳುವ ಬಗ್ಗೆ,About the Hostel Nirman works from the Social Welfare Department in Raichur district,ಬೋಸ್‌ರಾಜು .ಎನ್.ಎಸ್,Bosaraju N S
198,11/07/2016,ಆರೋಗ್ಯ ಮತ್ತು ಕುಟುಂಬ ಕಲ್ಯಾಣ,Health and family welfare,ರಾಯಚೂರು ಜಿಲ್ಲೆಯಲ್ಲಿ ಖಾಲಿಯಿರುವ ವೈದ್ಯರ ಹುದ್ದೆಗಳನ್ನು ಭರ್ತಿಗೊಳಿಸುವ ಬಗ್ಗೆ,About filling vacant doctor posts in Raichur district,ಬೋಸ್‌ರಾಜು .ಎನ್.ಎಸ್,Bosaraju N S
199,11/07/2016,ಮಹಿಳಾ ಮತ್ತು ಮಕ್ಕಳ ಅಭಿವೃದ್ಧಿ,Women and Child Development,ರಾಜ್ಯದಲ್ಲಿ ಮಹಿಳಾ ಸಂಘ ಸ್ತ್ರೀಶಕ್ತಿ ಸಂಘಗಳ ವಿಚಾರ,Women's Association Women's Association in the State,ಭಾನುಪ್ರಕಾಶ್,Bhanu Prakasha
200,11/07/2016,ಸಮಾಜ ಕಲ್ಯಾಣ,Social Welfare,ಕೊಡಗು ಜಿಲ್ಲೆಯ ಕುಡಿಯ ಬುಡಕಟ್ಟು ಜನಾಂಗದವರಿಗೆ ವಿಶೇಷ ಅನುದಾನ ನೀಡುವ ಬಗ್ಗೆ,Special grant to the drinking tribes of Kodagu district,ಸುನೀಲ್ ಸುಬ್ರಮಣಿ .ಎಂ.ಪಿ,Sunil Subramani M P
201,11/07/2016,ಆಹಾರ ಮತ್ತು ನಾಗರಿಕ ಸರಬರಾಜು,Food and Civil Supplies,ಆಹಾರ ಸುರಕ್ಷಿತಾಕಾಯಿದೆ ಅನುಷ್ಠಾನ ಕುರಿತು,About the implementation of food security,ಸುನೀಲ್ ಸುಬ್ರಮಣಿ .ಎಂ.ಪಿ,Sunil Subramani M P
202,11/07/2016,ಸಮಾಜ ಕಲ್ಯಾಣ,Social Welfare,ವಸತಿ ಪ್ರೌಢಶಾಲಾ ಶಿಕ್ಷಕರಿಗೆ ನೇಮಕಾತಿ ಆದೇಶ ನೀಡುವ ಕುರಿತು,About ordering recruitment for residential high school teachers,ಸಂಕನೂರ .ಎಸ್.ವ್ಹಿ,Sankanura S V
203,11/07/2016,ವೈದ್ಯಕಿಯ ಶಿಕ್ಷಣ,Doctor's Education,ರಾಜ್ಯದಲ್ಲಿ ೨೦೧೬-೧೭ ಶೈಕ್ಷಣಿಕ ವರ್ಷದಿಂದ ಆರಂಭವಾಗುವ ವೈದ್ಯಕೀಯ ಕಾಲೇಜುಗಳ ಬಗ್ಗೆ,About medical colleges starting from the academic year 2016-17 in the state,ಸಂಕನೂರ .ಎಸ್.ವ್ಹಿ,Sankanura S V
204,11/07/2016,ಮಹಿಳಾ ಮತ್ತು ಮಕ್ಕಳ ಅಭಿವೃದ್ಧಿ,Women and Child Development,ರಾಜ್ಯದಲ್ಲಿ ಅಪೌಷ್ಟಿಕ ಆಹಾರದಿಂದ ಬಳಲುತ್ತಿರುವ ಮಕ್ಕಳ ಬಗ್ಗೆ,About children suffering from malnutrition in the state,ಸಮಣ್ಣ .ವಿ,Somanna V
205,11/07/2016,ಸಮಾಜ ಕಲ್ಯಾಣ,Social Welfare,ರಾಜ್ಯದಲ್ಲಿನ ವಿವಿಧ ಯೋಜನೆಗಳಡಿಯಲ್ಲಿ ಕೊರೆದ ಕೊಳವೆ ಬಾವಿಗಳ ಬಗ್ಗೆ,About drilling wells covered under various schemes in the state,ಸಮಣ್ಣ ಮ ಬೇವಿನಮರದ,Samanna Ma Bevinamara
206,11/07/2016,ಆರೋಗ್ಯ ಮತ್ತು ಕುಟುಂಬ ಕಲ್ಯಾಣ,Health and family welfare,ರಾಜ್ಯದಲ್ಲಿ ಡೆಂಗ ಜ್ವರ ಮತ್ತು ಚಿಕನ್ಗುನ್ಯ ರೋಗಗಳ ಬಗ್ಗೆ,About Dengue fever and chikungunya diseases in the state,ಸಮಣ್ಣ ಮ ಬೇವಿನಮರದ,Samanna Ma Bevinamara
207,11/07/2016,ಆರೋಗ್ಯ ಮತ್ತು ಕುಟುಂಬ ಕಲ್ಯಾಣ,Health and family welfare,ಹಾವೇರಿ ಜಿಲ್ಲೆಯಲ್ಲಿ ಸರ್ಕಾರಿ ಆಸ್ಪತ್ರೆಗಳಿಗೆ ವೈದ್ಯರ ಕೊರತೆ ಬಗ್ಗೆ,The lack of doctors for government hospitals in Haveri district,ಸಮಣ್ಣ ಮ ಬೇವಿನಮರದ,Samanna Ma Bevinamara
208,11/07/2016,ಸಮಾಜ ಕಲ್ಯಾಣ,Social Welfare,ರಾಜ್ಯದಲ್ಲಿರುವ ವಸತಿ ನಿಲಯಗಳ ಬಗ್ಗೆ,About the hostels in the state,ಸಮಣ್ಣ ಮ ಬೇವಿನಮರದ,Samanna Ma Bevinamara
209,11/07/2016,ವೈದ್ಯಕೀಯ ಶಿಕ್ಷಣ,Medical education,ಬೆಂಗಳೂರು ನಗರ ಜಿಲ್ಲೆಯಲ್ಲಿರುವ ವೈದ್ಯಕೀಯ ಶಿಕ್ಷಣ ಸಂಸ್ಥೆಗಳ ಕುರಿತು,About Medical Education Institutes in Bangalore Urban District,ನಾರಾಯಣಸ್ವಾಮಿ .ಎಂ,Narayanaswamy M
210,11/07/2016,ಸಮಾಜ ಕಲ್ಯಾಣ,Social Welfare,ಬೆಂಗಳೂರು ನಗರ ಜಿಲ್ಲೆ ವ್ಯಾಪ್ತಿಯಲ್ಲಿರುವ ಹಾಸ್ಟೇಲ್‌ಗಳ ಕುರಿತು,About Hostels in Bangalore Urban District,ನಾರಾಯಣಸ್ವಾಮಿ .ಎಂ,Narayanaswamy M
211,11/07/2016,ಮಹಿಳಾ ಮತ್ತು ಮಕ್ಕಳ ಅಭಿವೃದ್ಧಿ,Women and Child Development,ವಿಕಲಚೇತನರ ಮತ್ತು ಹಿರಿಯ ನಾಗರಿಕರ ಸಂಸ್ಥೇಗಳ ಕುರಿತು ಹಾಗೂ ಅಂಗನವಾಡಿ ಕೇಂದ್ರಗಳ ಕುರಿತು,About Organizations of Disability and Senior Citizens and Anganwadi Centers,ನಾರಾಯಣಸ್ವಾಮಿ .ಎಂ,Narayanaswamy M
212,11/07/2016,ಆಹಾರ ಮತ್ತು ನಾಗರಿಕ ಸರಬರಾಜು,Food and Civil Supplies,ಪಡಿತರ ಚೀಟಿ ಮತ್ತು ಪಡಿತರ ವಿತರಣೆ ಕುರಿತು,About Ration Card and Ration Distribution,ನಾರಾಯಣಸ್ವಾಮಿ .ಎಂ,Narayanaswamy M
213,11/07/2016,ಆರೋಗ್ಯ ಮತ್ತು ಕುಟುಂಬ ಕಲ್ಯಾಣ,Health and family welfare,ಬೆಂಗಳೂರು ನಗರದ ಸರ್ಕಾರಿ ಆಸ್ಪತ್ರೆ ಮತ್ತು ನೀಡಿದ ಅನುದಾನ ಕುರಿತು,About the government hospital and grant of Bangalore City,ನಾರಾಯಣಸ್ವಾಮಿ .ಎಂ,Narayanaswamy M
214,11/07/2016,ವೈದ್ಯಕೀಯ,Medical,ಚಮರಾಜನಗರ ವೈದ್ಯಕೀಯ ಮಹಾವಿದ್ಯಾಲಯಕ್ಕೆ ಮೂಲಭೂತ ಸೌಲಭ್ಯ,Basic Facilities for Chamarajanagar Medical College,ನಾಗರಾಜು .ಎಸ್,Nagaraja S
215,11/07/2016,ಮಹಿಳಾ ಮತ್ತು ಮಕ್ಕಳ ಅಭಿವೃದ್ಧಿ,Women and Child Development,ವಿದೇಶದಲ್ಲಿರಿವ ಕನ್ನಡ ಸಂಘಗಳಿಗೆ ಸಹಾಯ ಧನ ಬಗ್ಗೆ,About Assistance Fund for Kannada Societies abroad,ನಾಗರಾಜು .ಎಸ್,Nagaraja S
216,11/07/2016,ಮಹಿಳಾ ಮತ್ತು ಮಕ್ಕಳ ಅಭಿವೃದ್ಧಿ,Women and Child Development,ಮೈಸೂರು ಅರಮನೆಯಲ್ಲಿ ಫೋಟೋ ಶೂಟ್ ಪ್ರಕರಣ,Photo shoot case at Mysore Palace,ನಾಗರಾಜು .ಎಸ್,Nagaraja S
217,11/07/2016,ಆಹಾರ ಮತ್ತು ನಾಗರಿಕ ಸರಬರಾಜು,Food and Civil Supplies,ಶಿವಮೊಗ್ಗ ಜಿಲ್ಲೆಯಲ್ಲಿ ನ್ಯಾಯಬೆಲೆ ಅಂಗಡಿಗಳ ಮತ್ತು ಪಡಿತರ ಚೀಟಿ,Fair price shops and ration cards in Shimoga district,ಪ್ರಸನ ಕುಮಾರ್ .ಆರ್,Prasanna Kumar R
218,11/07/2016,ಆರೋಗ್ಯ ಮತ್ತು ಕುಟುಂಬ ಕಲ್ಯಾಣ,Health and family welfare,ವೈದ್ಯರು ಮತ್ತು ಸಿಬ್ಬಂಧಿಗಳ ಕೊರತೆ,Lack of doctors and staff,ಪ್ರಾಣೇಶ್ .ಎಂ.ಕೆ,Pranesha M K
219,11/07/2016,ಮಾಹಿತಿ ತಂತ್ರಜ್ಞಾನ,Information technology,ರೆಸಾಟ ಮತ್ತು ಹೋಂ ಸ್ಟೇಗಳು,Reset and home stays,ಪ್ರಾಣೇಶ್ .ಎಂ.ಕೆ,Pranesha M K
220,11/07/2016,ಮಹಿಳಾ ಮತ್ತು ಮಕ್ಕಳ ಅಭಿವೃದ್ಧಿ,Women and Child Development,ಕಲಬುರುರಗಿಯಲ್ಲಿರುವ ಎಸ್.ಎಂ.ಪಂಡಿತ ರಂಗಮಂದಿರದ ದುಬಾರಿ ಬಾಡಿಗೆ,Expensive rental of SMPandra theater in Kalaburugi,ಪಾಟೀಲ್ .ಬಿ.ಜಿ,Patil B G
221,11/07/2016,ಆರೋಗ್ಯ ಮತ್ತು ಕುಟುಂಬ ಕಲ್ಯಾಣ,Health and family welfare,ಹೈದರಾಬಾದ್-ಕರ್ನಾಟಕ ಪ್ರದೇಶದ ವ್ಯಾಪ್ತಿಯಲ್ಲಿ ಆಸ್ಪತ್ರೆಗಳಲ್ಲಿ ವೈದ್ಯರ ಕೊರತೆ ಬಗ್ಗೆ,About the lack of doctors in hospitals in the Hyderabad-Karnataka region,ಪಾಟೀಲ್ .ಬಿ.ಜಿ,Patil B G
222,11/07/2016,ವೈದ್ಯಕೀಯ ಶಿಕ್ಷಣ,Medical education,ಕಲಬುರಗಿಯ ಕ್ಯಾನ್ಸರ್ ಆಸ್ಪತ್ರೆ ದಾನಿಗಳ ಸಹಾಯದಿಂದ ಪ್ರಾರಂಭಿಸಿರುವ ಬಗ್ಗೆ,About Artificial Cancer Hospital Begins With Donors,ಪಾಟೀಲ್ .ಬಿ.ಜಿ,Patil B G
223,11/07/2016,ಆಹಾರ ಮತ್ತು ನಾಗರಿಕ ಸರಬರಾಜು,Food and Civil Supplies,ಕಲಬುರಗಿ ಮತ್ತು ಯಾದಗಿರಿ ಜಿಲ್ಲೆಗಳ ನ್ಯಾಯಬೆಲೆ ಅಂಗಡಿಗಳ ಬಗ್ಗೆ,About the fair price shops of Artillery and Yadgir districts,ಪಾಟೀಲ್ .ಬಿ.ಜಿ,Patil B G
224,11/07/2016,ವೈದ್ಯಕೀಯ ಶಿಕ್ಷಣ,Medical education,ವೈದಕೀಯ ಕಾಲೇಜುಗಳ ಬಗ್ಗೆ,About Vedic Colleges,ವಿಮಲಾಗೌಡ,Vimalaa Gowda
225,11/07/2016,ಮಾಹಿತಿ ತಂತ್ರಜ್ಞಾನ,Information technology,ಪ್ರವಾಸೋದಮ ಇಲಾಖೆಯ ಯಾತ್ರಿನಿಲಯಗಳ ಬಗ್ಗೆ,About Pilgrimage Departments,ವಿಮಲಾಗೌಡ,Vimalaa Gowda
226,11/07/2016,ಆರೋಗ್ಯ ಮತ್ತು ಕುಟುಂಬ ಕಲ್ಯಾಣ,Health and family welfare,ಅವಧಿ ಮೀರಿದ ಔಷಧಿಗಳನ್ನು ನಾಶ ಮಾಡುವುದು,Destruction of overdose drugs,ವಿಮಲಾಗೌಡ,Vimalaa Gowda
227,11/07/2016,ಮಹಿಳಾ ಮತ್ತು ಮಕ್ಕಳ ಅಭಿವೃದ್ಧಿ,Women and Child Development,ವಿಶೇಷಚೇತನರಿಗೆ ನೀಡುತ್ತಿರುವ ಪರಿಹಾರದ ಬಗ್ಗೆ,About the solution offered to specialists,ವಿಮಲಾಗೌಡ,Vimalaa Gowda
228,11/07/2016,ಸಮಾಜ ಕಲ್ಯಾಣ,Social Welfare,ಸಮಾಜ ಕಲ್ಯಾಣ ಇಲಾಖೆಯ ಯೋಜನೆಗಳು,Social Welfare Department's Plans,ವಿಮಲಾಗೌಡ,Vimalaa Gowda
229,11/07/2016,ಸಮಾಜ ಕಲ್ಯಾಣ,Social Welfare,ಕೇಂದ್ರ ಯೋಜನಾ ಆಯೋಗದ ನಿರ್ದೇಶನದಂತೆ ಎಸ್.ಸಿ.ಪಿ ಹಣ ಬಳಕೆ ಬಗ್ಗೆ,About the use of SCP funds as directed by the Central Planning Commission,ವೀರಯ್ಯ .ಡಿ.ಎಸ್,Veerayya D S
230,11/07/2016,ಸಮಾಜ ಕಲ್ಯಾಣ,Social Welfare,೨೦೧೬-೧೭ನೇ ಸಾಲಿನ ಆಯವ್ಯಯದಲ್ಲಿ ಎಸ್ಸಿಪಿ/ಟಿಎಸ್ಪಿ ಅನುದಾನ ಕುರಿತು,SCP / TSP grants for the 2016-17 budget,ವೀರಯ್ಯ .ಡಿ.ಎಸ್,Veerayya D S
231,11/07/2016,ಸಮಾಜ ಕಲ್ಯಾಣ,Social Welfare,ಸವಿತಾ ಸಮಾಜದ ಕ್ಷಾರಿಕರನ್ನು ಹಜಾಮಾ ಎಂದು ಕರೆಯುವ ಶಬ್ದವನ್ನು ತೆಗೆದುಹಾಕುವ ಕುರಿತು,The elimination of the word Savanna's alarms called hajama,ವೀರಯ್ಯ .ಡಿ.ಎಸ್,Veerayya D S
232,11/07/2016,ಆರೋಗ್ಯ ಮತ್ತು ಕುಟುಂಬ ಕಲ್ಯಾಣ,Health and family welfare,ಸಾಕ್ರಾಮಿಕ ರೋಗವನ್ನು ತಡೆಗಟ್ಟುವ ಕುರಿತು,About preventing illness,ವೀರಯ್ಯ .ಡಿ.ಎಸ್,Veerayya D S
233,11/07/2016,ಸಮಾಜ ಕಲ್ಯಾಣ,Social Welfare,ಎಸಿ/ಎಸ್‌ಟಿ ಗುತ್ತಿಗೆದಾರರಿಗೆ ೫೦.೦೦ ಲಕ್ಷಗಳವರೆಗೆ ಟೆಂಡರ್ ವಿನಾಯಿತಿ ನೀಡುವ ಬಗ್ಗೆ,About Tender Exemption for AC / ST Contractors Up to 50.00 Lakh,ವೀರಯ್ಯ .ಡಿ.ಎಸ್,Veerayya D S
234,11/07/2016,ಆರೋಗ್ಯ ಮತ್ತು ಕುಟುಂಬ ಕಲ್ಯಾಣ,Health and family welfare,ಸರ್ಕಾರಿ ಆಸ್ಪತ್ರೆಗಳಲ್ಲಿ ದಂತ ಪ್ರಯೋಗಾಲಗಳನ್ನು ಸ್ಥಾಪಿಸುವುದು,Establishment of dental laboratories at government hospitals,ಬಸನಗೌಡ ಆರ್ ಪಾಟೀಲ್,Basanagowda R Patil
235,11/07/2016,ಯೋಜನೆ ಮತ್ತು ಸಾಂಖ್ಯಿಕ,Plan and Numerical,ಮಲೆನಾಡು ಪ್ರದೇಶಾಭೀವೃದ್ಧಿಗೆ ಅನುದಾನ,Grants to Malnad Region,ಬಸನಗೌಡ ಆರ್ ಪಾಟೀಲ್,Basanagowda R Patil
236,11/07/2016,ಮಾಹಿತಿ ತಂತ್ರಜ್ಞಾನ,Information technology,ಬಡ ವಿದ್ಯಾರ್ಥಿಗಳಿಗೆ ಕಿಯೋನಿಕ್ಸ್ ಕಂಪ್ಯೂಟರ್ ತರಬೇತಿ,Keonics computer training for poor students,ಬಸನಗೌಡ ಆರ್ ಪಾಟೀಲ್,Basanagowda R Patil
237,11/07/2016,ಆರಗ್ಯ ಮತ್ತು ಕುಟುಂಬ ಕಲ್ಯಾಣ,Health and family welfare,ಸರ್ಕಾರಿ ಆಸ್ಪತ್ರೆಲ್ಲಿ ಐ.ಸಿ.ಯು ಘಟಕ ಸ್ಥಾಪಿಸುವ ಬಗ್ಗೆ,About establishing the IUCU unit at Government Hospital,ಬಸನಗೌಡ ಆರ್ ಪಾಟೀಲ್,Basanagowda R Patil
238,11/07/2016,ಸಮಾಜ ಕಲ್ಯಾಣ,Social Welfare,ಭೀಕ್ಷಾಟನೆ ನಿರ್ಮೂಲನೆ ಮಾಡಲು ಸರ್ಕಾರ ಕೈಗೊಂಡಿರುವ ಕ್ರಮಗಳು,Actions taken by the Government to eradicate begging,ಬಸನಗೌಡ ಆರ್ ಪಾಟೀಲ್,Basanagowda R Patil
239,11/07/2016,ವದ್ಯಕೀಯ,Academic,ರಾಯಚೂರಿನ ಒಪಿಇಸಿ ಆಸ್ಪತ್ರೆಯ ಬಗ್ಗೆ,About OPEC Hospital in Raichur,ಬಸನಗೌಡ ಆರ್ ಪಾಟೀಲ್,Basanagowda R Patil
240,11/07/2016,ಆರೋಗ್ಯ ಮತ್ತು ಕುಟುಂಬ ಕಲ್ಯಾಣ,Health and family welfare,ಸರ್ಕಾರಿ ಆಸ್ಪತ್ರೆಗಳನ್ನು ಕೃತಕ ಉಸಿರಾಟ ಉಪಕರಣಗಳ ಲಭ್ಯತೆ ಬಗ್ಗೆ,Government hospitals get access to artificial respiratory equipment,ಲಹರ್ ಸಿಂಗ್ ಸಿರೋಯಾ,Lahar Singh Siroya
241,11/07/2016,ಸಮಾಜ ಕಲ್ಯಾಣ,Social Welfare,ಗಂಗಾಕಲ್ಯಾಣ,Wasteland,ಲಕ್ಷ್ಮೀನಾರಾಯಣ .ಎಂ.ಡಿ,Lakshmi Narayana MD
242,11/07/2016,ಸಮಾಜ ಕಲ್ಯಾಣ,Social Welfare,ನಿವೇಶನ ರಹಿತರಿಗೆ ನಿವೇಶನ,The site for those who do not have land,ಲಕ್ಷ್ಮೀನಾರಾಯಣ .ಎಂ.ಡಿ,Lakshmi Narayana MD
243,11/07/2016,ಆಹಾರ ಮತ್ತು ನಾಗರಿಕ ಸರಬರಾಜು,Food and Civil Supplies,ಅರ್ಜಿದಾರರಿಗೆ ಬಿಪಿಎಲ್ ಕಾಡ ನೀಡುವುದು,BPL is to give a petition to the applicant,ಲಕ್ಷ್ಮೀನಾರಾಯಣ .ಎಂ.ಡಿ,Lakshmi Narayana MD
244,11/07/2016,ಸಮಾಜ ಕಲ್ಯಾಣ,Social Welfare,ವಿಶೇಷ ಅಭಿವೃದ್ಥಿ ಯೋಜನೆ,Special Development Plan,ಲಕ್ಷ್ಮೀನಾರಾಯಣ .ಎಂ.ಡಿ,Lakshmi Narayana MD
245,11/07/2016,ಸಮಾಜ ಕಲ್ಯಾಣ,Social Welfare,ವಿದೇಶಿ ವ್ಯಾಸಂಗದಲ್ಲಿ ಸಹಾಯ ಧನ,Assistance in Foreign Studies,ಲಕ್ಷ್ಮೀನಾರಾಯಣ .ಎಂ.ಡಿ,Lakshmi Narayana MD
246,11/07/2016,ಆರೋಗ್ಯ ಮತ್ತು ಕುಟುಂಬ ಕಲ್ಯಾಣ,Health and family welfare,ಪಥಮಿಕ ಆರೋಗ್ಯ ಕೇಂದ್ರಗಳಿಗೆ ಬಿಡುಗಡೆಯಾದ ಅನುದಾನದ ಬಗ್ಗೆ,About the grant released to Primary Health Centers,ಮನೋಹರ್ .ಸಿ.ಆರ್,Manohara CR
247,11/07/2016,ಆಹಾರ ಮತ್ತು ನಾಗರಿಕ ಸರಬರಾಜು,Food and Civil Supplies,ನಯ ಬೆಲೆ ಅಂಗಡಿ ತೆರೆಯುವ ಬಗ್ಗೆ,About opening a smooth price shop,ಮನೋಹರ್ .ಸಿ.ಆರ್,Manohara CR
248,11/07/2016,ಸಮಾಜ ಕಲ್ಯಾಣ,Social Welfare,ಗಂಗಾ ಕಲ್ಯಾಣ ಯೋಜನೆ ಬಗ್ಗೆ,About Ganga Welfare Scheme,ಮನೋಹರ್ .ಸಿ.ಆರ್,Manohara CR
249,11/07/2016,ಸಮಾಜ ಕಲ್ಯಾಣ,Social Welfare,ಹಿಂದುಳಿದ ವರ್ಗಗಳ ಹಾಸ್ಟೆಲ್ ಕಟ್ಟಡಗಳ ಬಗ್ಗೆ,About Backward Classes Hostel Buildings,ಮನೋಹರ್ .ಸಿ.ಆರ್,Manohara CR
250,11/07/2016,ಆಹಾರ ಮತ್ತು ನಾಗರಿಕ ಸರಬರಾಜು,Food and Civil Supplies,ಚಿಕ್ಕಬಳ್ಳಾಪುರ ಜಿಲ್ಲೆಯಲ್ಲಿ ಅಕ್ರಮ ಬಿ.ಪಿ.ಎಲ್ ಕಾಡ ಹೊಂದಿರುವ ಬಗ್ಗೆ,Illegal BPL jungle in Chikkaballapur district,ಮನೋಹರ್ .ಸಿ.ಆರ್,Manohara CR
251,11/07/2016,ಮಹಿಳಾ ಮತ್ತು ಮಕ್ಕಳ ಅಭಿವೃದ್ಧಿ,Women and Child Development,ಮಹಿಳೆಯವರ ಸಬಲೀಕರಣಕ್ಕಾಗಿ ಹಮ್ಮಿಕೊಳ್ಳಲಾದ ಕಾರ್ಯಕ್ರಮ,Program for Women Empowerment,ವಟಮ್ಮ,Motamma
252,11/07/2016,ಮಾಹಿತಿ ತಂತ್ರಜ್ಞಾನ,Information technology,ಮಾಹಿತಿ ತಂತ್ರಜ್ಞಾನ ಇಲಾಖೆಯ ಯೋಜನೆಗಳ ಬಗ್ಗೆ,About Information Technology Projects,ಅಪ್ಪಾಜಿಗೌಡ .ಎನ್,Appajigowda N
253,11/07/2016,ಆರೂಗ್ಯ ಮತ್ತು ಕುಟುಂಬ ಕಲ್ಯಾಣ,Health and family welfare,ಮಂಡಜಿಲ್ಲೆಯ ಪ್ರಾಥಮಿಕ ಆರೋಗ್ಯ ಕೇಂದ್ರಗಳ ಬಗ್ಗೆ,About Primary Health Centers at the Mandalayil,ಅಪ್ಪಾಜಿಗೌಡ .ಎನ್,Appajigowda N
254,11/07/2016,ಸಮಾಜ ಕಲ್ಯಾಣ,Social Welfare,ವಿದ್ಯಾರ್ಥೀನಿಲಯಗಳ ಬಗ್ಗೆ,About Studies,ಅಪ್ಪಾಜಿಗೌಡ .ಎನ್,Appajigowda N
255,11/07/2016,ಸಮಾಜ ಕಲ್ಯಾಣ,Social Welfare,ಸಮುದಾಯ ಭವನ ಮತ್ತು ವಿದ್ಯಾರ್ಥೀನಿಲಯಗಳ ಅನುದಾನದ ಬಗ್ಗೆ,About the grant of community houses and students,ಅಪ್ಪಾಜಿಗೌಡ .ಎನ್,Appajigowda N
256,11/07/2016,ಪ್ರವಾಸೋದ್ಯಮ,Tourism,ಮಂಡ್ಯ ಜಿಲ್ಲೆಯಲ್ಲಿರುವ ಪ್ರವಾಸಿತಾಣದ ಬಗ್ಗೆ,About a Tourist in Mandya district,ಅಪ್ಪಾಜಿಗೌಡ .ಎನ್,Appajigowda N
257,11/07/2016,ಆರೂಗ್ಯ ಮತ್ತು ಕುಟುಂಬ ಕಲ್ಯಾಣ,Health and family welfare,ಕಲಬುರಗಿ ನಗರದಲ್ಲಿ ೫೦೦ ಹಾಸಿಗೆ ಆಸ್ಪತ್ರೆ ನಿರ್ಮಾಣ ಮತ್ತು ಅನುದಾನದ ಬಗ್ಗೆ,About 500 bed hospital construction and grants in Kalaburagi city,ಅಮರನಾಥ ಪಾಟೀಲ್,Amaranatha Patil
258,11/07/2016,ಮಾಹಿತಿ ತಂತ್ರಜ್ಞಾನ,Information technology,ಕಲಬುರಗಿಯಲ್ಲಿ ಐ.ಟಿ ಪಾರ್ಕ ಮಂಜೂರಾತಿ ಕಾರ್ಯನಿರ್ವಹಣೆ ಹಾಗೂ ಸೌಲಬ್ಯಗಳು,IT Parks Approval and Handlooms in Artificial Beauty,ಅಮರನಾಥ ಪಾಟೀಲ್,Amaranatha Patil
259,11/07/2016,ಮಾಹಿತಿ ತಂತ್ರಜ್ಞಾನ,Information technology,ಹೈದ್ರಾಬಾದ್- ಕರ್ನಾಟಕ ಭಾಗದಲ್ಲಿ ಪ್ರವಾಸೋದ್ಯಮಕ್ಕೆ ಉತ್ತೇಜಿತ ಪ್ರವಾಸಿ ತಾಣಗಳು,Tourism-promoted tourist destinations in the Hyderabad-Karnataka region,ಅಮರನಾಥ ಪಾಟೀಲ್,Amaranatha Patil
260,11/07/2016,ಮಾಹಿತಿ ತಂತ್ರಜ್ಞಾನ,Information technology,ಹೈದ್ರಾಬಾದ್- ಕರ್ನಾಟಕ ಭಾಗದಲ್ಲಿ ಕಳೆದ ೫ವರ್ಷಗಳಲ್ಲಿ ಮಂಜೂರಾದ ಯಾತ್ರಿ ನಿವಾಸಗಳು,Pilgrimage Residences sanctioned in the last 5 years in Hyderabad-Karnataka,ಅಮರನಾಥ ಪಾಟೀಲ್,Amaranatha Patil
261,11/07/2016,ವೈದ್ಯಕೀಯ ಶಿಕ್ಷಣ,Medical education,ಬಳ್ಳಾರಿ ಮೆಡಿಕಲ್ ಕಾಲೇಜು ಆಸ್ಪತ್ರೆಯಲ್ಲಿ ೫೦೦ ಹಾಸಿಗೆ ಮೇಲ್ದರ್ಜೇಗೇರಿಸುವುದು,Up to 500 bedrooms at Bellary Medical College Hospital,ಅಮರನಾಥ ಪಾಟೀಲ್,Amaranatha Patil
262,11/07/2016,ಸಮಾಜ ಕಲ್ಯಾಣ,Social Welfare,ಬಿಸಿಎಮ್ ಹಾಗೂ ಪರಿಶಿಷ ಜಾತಿ ಮತ್ತು ಪರಿಶಿಷ್ಟ ಪಂಗಡದವರ ಶಾಲೆಗಳಿಗೆ ಆಹಾರ/ ವಸ್ತುಗಳ ಪೂರೈಕೆ ಕುರಿತು,About the supply of food / goods to schools of BCM and Scheduled Castes and Scheduled Tribes,ಅರುಣ ಶಹಾಪುರ,Aruna Shahaapura
263,11/07/2016,ಸಮಾಜ ಕಲ್ಯಾಣ,Social Welfare,ಕಸ್ ಅಡಿಯಲ್ಲಿ ನಡೆಯುತ್ತಿರುವ ಮೊರಾರ್ಜಿ ಹಾಗೂ ಕಿತ್ತೂರು ರಾಣಿ ಚೆನ್ನಮ್ಮ ಶಾಲೆಗಳಲ್ಲಿನ ಆಹಾರ ಪೂರೈಕೆ ಕುರಿತು,About food supply at Morarji and Kittur Rani Chennamma Schools under Case,ಅರುಣ ಶಹಾಪುರ,Aruna Shahaapura
264,11/07/2016,ಆಹಾರ ಮತ್ತು ನಾಗರಿಕ ಸರಬರಾಜು,Food and Civil Supplies,ಅನ್ನಭಾಗ್ಯ ಯೋಜನೆಯ ಕುರಿತು,About Annapagya Project,ಅರುಣ ಶಹಾಪುರ,Aruna Shahaapura
265,11/07/2016,ಸಮಾಜ ಕಲ್ಯಾಣ,Social Welfare,ಹಾಸ್ಟೆಲ್‌ಗಳಲ್ಲಿನ ಪ್ರತಿ ವಿದ್ಯಾರ್ಥಿಯ ಊಟದ ವ್ಯವಸ್ಥೆಯ ಕುರಿತು,About every student's lunch system in hostels,ಅರುಣ ಶಹಾಪುರ,Aruna Shahaapura
266,11/07/2016,ಸಮಾಜ ಕಲ್ಯಾಣ,Social Welfare,ಕರ್ನಾಟಕ ವಸತಿ ಶಿಕ್ಷಣ ಸಂಸ್ಥೆಯಿಂದ ಸೋಲಾರ್ ವಾಟರ್ ಹೀಟರ್ ಅಳವಡಿಕೆ ಬಗ್ಗೆ,About Installing Solar Water Heater by Karnataka Housing Institution,ಅರುಣ ಶಹಾಪುರ,Aruna Shahaapura
267,11/07/2016,ಮಹಿಳಾ ಮತ್ತು ಮಕ್ಕಳ ಅಭಿವೃದ್ಧಿ,Women and Child Development,"ಸಾಂಸ್ಕೃತಿಕ ಭವನ, ರಂಗಮಂದಿರಗಳಿಗೆ ಅನುದಾನದ ಬಗ್ಗೆ","About the grant of cultural houses, theater theaters",ಜಯಮ್ಮ,Jayamma
268,11/07/2016,ಮಹಿಳಾ ಮತ್ತು ಮಕ್ಕಳ ಅಭಿವೃದ್ಧಿ,Women and Child Development,ಅಂಗನವಾಡಿಗಳಿಗೆ ಮೂಲಭೂತ ಸೌಲಭ್ಯ ಕಲ್ಪಿಸುವ ಬಗ್ಗೆ,Basic Facilitation of Anganwadi Centers,ಜಯಮ್ಮ,Jayamma
269,11/07/2016,ವೈದ್ಯಕೀಯ ಶಿಕ್ಷಣ,Medical education,ವೈದ್ಯ ಮತ್ತು ನರ್ಸಿಂಗ್ ಕಾಲೇಜುಗಳಲ್ಲಿ ವಿದ್ಯಾರ್ಥೀನಿಯರಿಗೆ ರ‍್ಯಾಗಿಂಗ್,Rogging for students in physician and nursing colleges,ಜಯಮಾಲಾ ರಾಮಚಂದ್ರ,Jayamala Ramachandra
270,11/07/2016,ಆರೋಗ್ಯ ಮತ್ತು ಕುಟುಂಬ ಕಲ್ಯಾಣ,Health and family welfare,ಕೆ ಎಹ್ ಪಿ ಟಿ ಮತ್ತು ಕೆ ಎಸ್ ಎ ಪಿ ಎಸ್ ಸಂಸ್ಥೆಗಳಿಂದ ವಿವರ ನೀಡುವುದು,Detailing from KHPT and KSAPS Institutions,ಜಯಮಾಲಾ ರಾಮಚಂದ್ರ,Jayamala Ramachandra
271,11/07/2016,ಆರೋಗ್ಯ ಮತ್ತು ಕುಟುಂಬ ಕಲ್ಯಾಣ,Health and family welfare,ಸ್ಕಾನಿಂಗ್ ಕೇಂದ್ರಗಳ ವಿವರ ನೀಡುವುದು,Details of Scanning Centers,ಜಯಮಾಲಾ ರಾಮಚಂದ್ರ,Jayamala Ramachandra
272,11/07/2016,ಮಹಿಳಾ ಮತ್ತು ಮಕ್ಕಳ ಅಭಿವೃದ್ಧಿ,Women and Child Development,"ಉದೋಗಿನಿ, ಪ್ರಾಯೋಜಕತ್ವ ಮತ್ತು ಪೋಷಕತ್ವ ವಿಶೇಷ ಪಾಲನಾ ಯೋಜನೆ","Ugoldi, sponsorship and parenting special care plan",ಜಯಮಾಲಾ ರಾಮಚಂದ್ರ,Jayamala Ramachandra
273,11/07/2016,ಮಹಿಳಾ ಮತ್ತು ಮಕ್ಕಳ ಅಭಿವೃದ್ಧಿ,Women and Child Development,ಲೈಂಗಿಕ ಕಾರ್ಯಕರ್ತೆಯರ ಪುನರ್ವಸತಿಗಾಗಿ ರೂಪಿಸಿರುವ ಚೇತನಾ ಯೋಜನೆ,Chetana Scheme for Rehabilitation of Sexual Workers,ಜಯಮಾಲಾ ರಾಮಚಂದ್ರ,Jayamala Ramachandra
274,11/07/2016,ಆಹಾರ ಮತ್ತು ನಾಗರಿಕ ಸರಬರಾಜು,Food and Civil Supplies,ಅನಭಾಗ್ಯ ಯೋಜನೆಯಡಿ ಪರಿಶಿಷ್ಟಜಾತಿ ಮತ್ತು ಪರಿಶಿಷ್ಟ ಪಂಗಡದವರಿಗೆ ಅಂಗಡಿಗಳ ಲೈಸನ್ಸ್ ನೀಡುವ ಬಗ್ಗೆ,Providing a store license for Scheduled Castes and Scheduled Tribes under the scheme,ರಾಮಚಂದ್ರಗೌಡ,Ramachandra Gowda
275,11/07/2016,ಆರೋಗ್ಯ ಮತ್ತು ಕುಟುಂಬ ಕಲ್ಯಾಣ,Health and family welfare,ರಾಸಾಯನಿಕ ಬಳಕೆ ನಿಷೇಧ ಕುರಿತು,About chemical use ban,ರಾಮಚಂದ್ರಗೌಡ,Ramachandra Gowda
276,11/07/2016,ಮಹಿಳಾ ಮತ್ತು ಮಕ್ಕಳ ಅಭಿವೃದ್ಧಿ,Women and Child Development,ವೇತನ ಹೆಚ್ಚಳ ಕುರಿತು,About wage increases,ರಾಮಚಂದ್ರಗೌಡ,Ramachandra Gowda
277,11/07/2016,ಆರೋಗ್ಯ ಮತ್ತು ಕುಟುಂಬ ಕಲ್ಯಾಣ,Health and family welfare,ಲೇಸರ್ ತಂತ್ರಜ್ಞಾನ ಬಳಸಿ ಸೌಂದರ್ಯ ವೃದ್ಧೀಸುವ ಬಗ್ಗೆ,About beauty enhancement using laser technology,ರಾಮಚಂದ್ರಗೌಡ,Ramachandra Gowda
278,11/07/2016,ಸಮಾಜ ಕಲ್ಯಾಣ,Social Welfare,ಹೈದ್ರಾಬಾದ್-ಕರ್ನಾಟಕ ಜಿಲ್ಲೆಗಳಲ್ಲಿ ಸಿಂಧುತ್ವ ಪ್ರಮಾಣ ಪತ್ರ ನೀಡದೇ ಇರುವ ಬಗ್ಗೆ,About not issuing validity certificate in Hyderabad-Karnataka districts,ರಘುನಾಥ ರಾವ್ ಮಲ್ಕಾಪೂರೆ,Raghunath Rao Malkapore
279,11/07/2016,ಸಮಾಜ ಕಲ್ಯಾಣ,Social Welfare,ಹಿಂದುಳಿದ ವರ್ಗಗಳ ಕಲ್ಯಾಣ ಇಲಾಖೆಯ ಸಮೂದಾಯ ಭವನಗಳು,Community Houses of the Backward Classes Welfare Department,ರಘುನಾಥ ರಾವ್ ಮಲ್ಕಾಪೂರೆ,Raghunath Rao Malkapore
280,11/07/2016,ಆರೋಗ್ಯ ಮತ್ತು ಕುಟುಂಬ ಕಲ್ಯಾಣ,Health and family welfare,ಔಷಧಿ ಖರೀದಿಯಲ್ಲಿ ಅವ್ಯವಹಾರ ನಡೆದಿರುವ ಬಗ್ಗೆ,Discussion on drug purchase,ರಘುನಾಥ ರಾವ್ ಮಲ್ಕಾಪೂರೆ,Raghunath Rao Malkapore
281,11/07/2016,ಆಹಾರ ಮತ್ತು ನಾಗರಿಕ ಸರಬರಾಜು,Food and Civil Supplies,ರಾಜ್ಯದಲ್ಲಿ ಆಹಾರ ಉತ್ಪಾದನೆ ಕುಂಠಿತಗೊಳ್ಳುತ್ತಿರುವ ಬಗ್ಗೆ,About the decline in food production in the state,ರಘುನಾಥ ರಾವ್ ಮಲ್ಕಾಪೂರೆ,Raghunath Rao Malkapore
282,11/07/2016,ಮಹಿಳಾ ಮತ್ತು ಮಕ್ಕಳ ಅಭಿವೃದ್ಧಿ,Women and Child Development,ರಾಜ್ಯದಲ್ಲಿ ಮಹಿಳೆಯರು ಮತ್ತು ಮಕ್ಕಳ ಕಳ್ಳ ಸಾಗಾಟ ತಡೆಗಟ್ಟುವ ಬಗ್ಗೆ,About preventing trafficking of women and children in the state,ರಘುನಾಥ ರಾವ್ ಮಲ್ಕಾಪೂರೆ,Raghunath Rao Malkapore
283,11/07/2016,ಆರೋಗ್ಯ ಮತ್ತು ಕುಟುಂಬ ಕಲ್ಯಾಣ,Health and family welfare,ರಾಜ್ಯದಲ್ಲಿ ಡೆಂಗ್ಯೂ ಹಾಗೂ ಸಾಂಕ್ರಾಮಿಕ ರೋಗಗಳಿಂದ ಮೃತಪಟ್ಟವರ ಬಗ್ಗೆ,About people who died from dengue and epidemics in the state,ಐವಾನ್ ಡಿ ಸೋಜಾ,Ivan Disoza
284,11/07/2016,ಸಮಾಜ ಕಲ್ಯಾಣ,Social Welfare,ಕರ್ನಾಟಕ ರಾಜ್ಯದಲ್ಲಿರುವ ಕೊರಗರ ಪರಿಶಿಷ್ಟ ವರ್ಗಕ್ಕೆ ಸೇರಿದ ಕುಟುಂಬಗಳ ಸಂಖ್ಯೆ,Number of families belonging to Korarga Scheduled Castes in the state of Karnataka,ಐವಾನ್ ಡಿ ಸೋಜಾ,Ivan Disoza
285,11/07/2016,ಆಹಾರ ಮತ್ತು ನಾಗರಿಕ ಸರಬರಾಜು,Food and Civil Supplies,ಗ್ರಾಹಕ ವೇದಿಕೆಗಳಲ್ಲಿ ದಾಖಲಾದ ಪ್ರಕರಣಗಳನ್ನು ಇತ್ಯರ್ಥಗೊಳಿಸುವ ಬಗ್ಗೆ,Setting up cases registered on customer platforms,ಐವಾನ್ ಡಿ ಸೋಜಾ,Ivan Disoza
286,11/07/2016,ವೈದ್ಯಕೀಯ ಶಿಕ್ಷಣ,Medical education,ದಕ್ಷಿಣ ಕನ್ನಡ ಜಿಲ್ಲೆಯಲ್ಲಿ ಸರ್ಕಾರಿ ಮೆಡಿಕಲ್ ಕಾಲೇಜು ಸ್ಥಾಪನೆಯ ಬಗ್ಗೆ,About the establishment of Government Medical College in Dakshina Kannada district,ಐವಾನ್ ಡಿ ಸೋಜಾ,Ivan Disoza
287,11/07/2016,ಯೋಜನೆ ಮತ್ತು ಸಾಂಖ್ಯಿಕ,Plan and Numerical,ಕರಾವಳಿ ಅಭೀವೃದ್ಧಿ ಪ್ರಾಧಿಕಾರದಿಂದ ಕೈಗೊಂಡ ಯೋಜನೆಗಳು,Projects taken by Coastal Development Authority,ಐವಾನ್ ಡಿ ಸೋಜಾ,Ivan Disoza
288,11/07/2016,ಆಹಾರ ಮತ್ತು ನಾಗರಿಕ ಸರಬರಾಜು,Food and Civil Supplies,ಎ.ಪಿ.ಎಲ್ ಮತ್ತು ಬಿ.ಪಿ.ಎಲ್ ಕಾರ್ಡುದಾರರ ಮಾಹಿತಿ ಬಗ್ಗೆ,About the information of APL and BPL card holders,ಕ್ಯಾಪ್ಟನ್ ಗಣೇಶ್ ಕಾರ್ಣಿಕ್,Capt. Ganesh Karnik
289,11/07/2016,ಮಹಿಳಾ ಮತ್ತು ಮಕ್ಕಳ ಅಭಿವೃದ್ಧಿ,Women and Child Development,ರಾಜ್ಯದಲ್ಲಿರುವ ಅಂಗನವಾಡಿ ಕೇಂದ್ರಗಳ ಕುರಿತು,About Anganwadi Centers in the State,ಕ್ಯಾಪ್ಟನ್ ಗಣೇಶ್ ಕಾರ್ಣಿಕ್,Capt. Ganesh Karnik
290,11/07/2016,ಆರೋಗ್ಯ ಮತ್ತು ಕುಟುಂಬ ಕಲ್ಯಾಣ,Health and family welfare,ರಾಜ್ಯದಲ್ಲಿ ಸಾಂಕ್ರಾಮಿಕ ರೋಗಗಳಾದ ಡೆಂಗ್ಯೂ ಚಿಕನ್ ಗುನ್ಯಾ ಮಲೇರಿಯಾ ರೋಗಗಳು ಉಲ್ಬಣಗೊಂಡಿರುವ ಬಗ್ಗೆ,Dengue Chicken Gungalaya malaria diseases are inflammatory in the state,ಕ್ಯಾಪ್ಟನ್ ಗಣೇಶ್ ಕಾರ್ಣಿಕ್,Capt. Ganesh Karnik
291,11/07/2016,ವೈದ್ಯಕಿಯ,The doctor,ನೀಟ್ ಪರೀಕ್ಷೆಯಿಂದಾಗಿ ರಾಜ್ಯದಲ್ಲಿ ವೈದ್ಯಕೀಯ ಶಿಕ್ಷಣ ಸಂಸ್ಥೆಗಳಲ್ಲಿ ವಿದ್ಯಾರ್ಥಿಗಳಿಗೆ ಸೀಟುಗಳ ಕೊರತೆ ಬಗ್ಗೆ,The lack of seats for students in medical education institutions in the state due to the NET exam,ಕ್ಯಾಪ್ಟನ್ ಗಣೇಶ್ ಕಾರ್ಣಿಕ್,Capt. Ganesh Karnik
292,11/07/2016,ಮಹಿಳಾ ಮತ್ತು ಮಕ್ಕಳ ಅಭಿವೃದ್ಧಿ,Women and Child Development,ರಾಜ್ಯದಲ್ಲಿ ಸರ್ಕಾರೇತರ ಸಂಸ್ಥೆಗಳಿಂದ ನಡೆಸುತ್ತಿರುವ ವೃದ್ದಾಶ್ರಮಗಳ ಬಗ್ಗೆ,Concerns about the age group run by non-governmental organizations in the state,ಕ್ಯಾಪ್ಟನ್ ಗಣೇಶ್ ಕಾರ್ಣಿಕ್,Capt. Ganesh Karnik
293,11/07/2016,ಮಹಿಳಾ ಮತ್ತು ಮಕ್ಕಳ ಅಭಿವೃದ್ಧಿ,Women and Child Development,ಭಾಗ್ಯಲಕ್ಷ್ಮಿ ಬಾಂಡವಿತರಿಸುಲು ವಿಳಂಬವಾಗುತ್ತಿರುವ ಬಗ್ಗೆ,Bhagyalakshmi is about to delay the delay,ಕವಟಗಿಮಠ ಮಹಂತೇಶ ಮಲ್ಲಿಕಾರ್ಜುನ,Kavatimata Mahantesha Mallikarjuna
294,11/07/2016,ಮಾಹಿತಿ ತಂತ್ರಜ್ಞಾನ,Information technology,ಬೆಳಗಾವಿ ಜಿಲ್ಲೆಯಲ್ಲಿ ಐ.ಟಿ.ಬಿ.ಟಿ ಕ್ಷೇತ್ರಕ್ಕೆ ಮೂಲಭೂತ ಸೌಕರ್ಯಕಲ್ಪಿಸದೇ ಇರುವ ವಿಚಾರ,"In the Belgaum district, the ITBT has not infused the infrastructure",ಕವಟಗಿಮಠ ಮಹಂತೇಶ ಮಲ್ಲಿಕಾರ್ಜುನ,Kavatimata Mahantesha Mallikarjuna
295,11/07/2016,ಆರೋಗ್ಯ ಮತ್ತು ಕುಟುಂಬ ಕಲ್ಯಾಣ,Health and family welfare,ರಾಜ್ಯದಲ್ಲಿ ಹರಡುತ್ತಿರುವ ಸಾಂಕ್ರಾಮಿಕ ರೋಗ ತಡೆ ಬಗ್ಗೆ,Regarding the spread of epidemics in the state,ಕವಟಗಿಮಠ ಮಹಂತೇಶ ಮಲ್ಲಿಕಾರ್ಜುನ,Kavatimata Mahantesha Mallikarjuna
296,11/07/2016,ಆರೋಗ್ಯ ಮತ್ತು ಕುಟುಂಬ ಕಲ್ಯಾಣ,Health and family welfare,ಸರ್ಕಾರಿ ಆಸತ್ರೆಗಳಲ್ಲಿ ನಡೆದಿರುವ ಜೌಷಧಿ ಅಕ್ರಮ ವ್ಯವಹಾರಗಳ ಬಗ್ಗೆ,About illicit transactions in government hospitals,ಕವಟಗಿಮಠ ಮಹಂತೇಶ ಮಲ್ಲಿಕಾರ್ಜುನ,Kavatimata Mahantesha Mallikarjuna
297,11/07/2016,ಆರೋಗ್ಯ ಮತ್ತು ಕುಟುಂಬ ಕಲ್ಯಾಣ,Health and family welfare,ತುಮಕೂರು ಜಿಲ್ಲೆಯಲ್ಲಿ ಖಾಲಿ ಇರುವ ವೈದ್ಯರ ಹುದ್ದೆಗಳು,Employed vacant vacancies in Tumkur district,ಕಾಂತರಾಜು,Kantaraju
298,11/07/2016,ಸಮಾಜ ಕಲ್ಯಾಣ,Social Welfare,ಸಮಾಜ ಕಲ್ಯಾಣ ಮತ್ತು ಹಿಂದುಳಿದ ವರ್ಗಗಳ ಕಲ್ಯಾಣ ಇಲಾಖೆಯಿಂದ ಕೊಳವೆ ಬಾವಿಗಳು,Borewells from the Social Welfare and Backward Classes Welfare Department,ಕಾಂತರಾಜು,Kantaraju
299,11/07/2016,ಆಹಾರ ಮತ್ತು ನಾಗರಿಕ ಸರಬರಾಜು,Food and Civil Supplies,ಪಡಿತರ ಚೀಟಿ ಅರ್ಜಿ ಶುಲ್ಕದ ವಿವರದ ಕುರಿತು,Regarding details of Ration Card Application Fee,ಕಟ ಶ್ರೀನಿವಾಸ ಪೂಜಾರಿ,Kota Srinivasa Pujari
300,11/07/2016,ಆರೋಗ್ಯ ಮತ್ತು ಕುಟುಂಬ ಕಲ್ಯಾಣ,Health and family welfare,ಆಹಾರ ಸುರಕ್ಷಿತಾಕಾಯಿದೆ ಅನುಷ್ಠಾನ ಕುರಿತು,About the implementation of food security,ಕೋಟ ಶ್ರೀನಿವಾಸ ಪೂಜಾರಿ,Kota Srinivasa Pujari
301,11/07/2016,ವೈದ್ಯಕಿಯ ಶಿಕ್ಷಣ,Doctor's Education,ಉನ್ನತ ವ್ಯಾಸಂಗ ವೈದ್ಯಕೀಯ ವಿದ್ಯಾರ್ಥಿಗಳಿಗೆ ನಿಗದಿತ ವೇಳೆಗೆ ಸ್ಟೈಫಂಡ್ ಪಾವತಿ ಬಗ್ಗೆ,Stipend payments are made at a fixed time for higher education medical students,ಕೋಟ ಶ್ರೀನಿವಾಸ ಪೂಜಾರಿ,Kota Srinivasa Pujari
302,11/07/2016,ಸಮಾಜ ಕಲ್ಯಾಣ,Social Welfare,ವೇತನಾ ತಾರತಮ್ಯದ ಕುರಿತು,About Prenatal Discrimination,ಕೋಟ ಶ್ರೀನಿವಾಸ ಪೂಜಾರಿ,Kota Srinivasa Pujari
303,11/07/2016,ಸಮಾಜ ಕಲ್ಯಾಣ,Social Welfare,ಹಿಂದುಳಿದ ವರ್ಗಗಳ ಕಲ್ಯಾಣ ಇಲಾಖೆಯ ಕಾರ್ಯಕ್ರಮ ಅನುಷ್ಠಾನದ ಬಗ್ಗೆ,About implementation of Backward Classes Welfare Department Program,ಕೋಟ ಶ್ರೀನಿವಾಸ ಪೂಜಾರಿ,Kota Srinivasa Pujari
304,11/07/2016,ಸಮಾಜ ಕಲ್ಯಾಣ,Social Welfare,ಡಾ. ಬಿ.ಆರ್ ಅಂಬೇಡ್ಕರ್ ನಿಗಮದಲ್ಲಿ ಕಾರ್ಯನಿರ್ವಹಿಸುತ್ತಿರುವ ಗುತ್ತಿಗೆ ನೌಕರರ ಬಗ್ಗೆ,Dr. About contract employees working at the BR Ambedkar Corporation,ಕೊಂಡಯ್ಯ .ಕೆ.ಸಿ,Kondaiah KC
305,11/07/2016,ಮಾಹಿತಿ ತಂತ್ರಜ್ಞಾನ,Information technology,ಅಕ್ರಮ ಸ್ಟೇ ಹೋಂ ಮತ್ತು ರೆಸಾರ್ಟಗಳ ಬಗ್ಗೆ,About Illegal Stay Home and Resorts,ಕೊಂಡಯ್ಯ .ಕೆ.ಸಿ,Kondaiah KC
306,11/07/2016,ಸಮಾಜ ಕಲ್ಯಾಣ,Social Welfare,ವಿದ್ಯಾರ್ಥಿನಿಲಗಳಲಿ ವಿದ್ಯಾರ್ಥಿನಿಯರ ಭದ್ರತೆ ಕುರಿತು,About student security,ತಾರಾಅನೂರಾಧ,Tara Anuradha
307,11/07/2016,ವೈದ್ಯಕಿಯ ಶಿಕ್ಷಣ,Doctor's Education,ದಂತ ವೈದೈಕೀಯ ಶಿಕ್ಷಣ ಪ್ರವೇಶ ಶುಲ್ಕ,Dental Vedic Education Entrance Fee,ತಾರಾಅನೂರಾಧ,Tara Anuradha
308,11/07/2016,ಸಮಾಜ ಕಲ್ಯಾಣ,Social Welfare,ವಸತಿ ಶಿಕ್ಷಣ ಸಂಘದಿಂದ ನಡೆಯುವ ಶಾಲೆಗಳು,Schools run by the Housing Education Association,ಚೌಡರೆಡ್ಡಿ ತೂಪಲ್ಲಿ .ಆರ್,Chowdareddy Tupalli R
309,11/07/2016,ಯೋಜನೆ ಮತ್ತು ಸಾಂಖ್ಯಿಕ,Plan and Numerical,ಮೌಲ್ಯಮಾಪನ ಪ್ರಧಿಕಾರ,Evaluation Authority,ಚೌಡರೆಡ್ಡಿ ತೂಪಲ್ಲಿ .ಆರ್,Chowdareddy Tupalli R
310,11/07/2016,ಮಾಹಿತಿ ತಂತ್ರಜ್ಞಾನ,Information technology,ಪ್ರವಾಸೋದ್ಯಮ ಅಭೀವೃದ್ಧಿ ನಿಗಮ,Tourism Development Corporation,ಚೌಡರೆಡ್ಡಿ ತೂಪಲ್ಲಿ .ಆರ್,Chowdareddy Tupalli R
311,11/07/2016,ಯೋಜನೆ ಮತ್ತು ಸಾಂಖ್ಯಿಕ,Plan and Numerical,ಮಾಹಿತಿ ತಂತ್ರಜ್ಞಾನ ಉದ್ಯಮಗಳಿಗೆ ರಿಯಾಯಿತಿ,Discount for Information Technology Industries,ಚೌಡರೆಡ್ಡಿ ತೂಪಲ್ಲಿ .ಆರ್,Chowdareddy Tupalli R
312,11/07/2016,ಸಮಾಜ ಕಲ್ಯಾಣ,Social Welfare,"ಅಂಬೇಡ್ಕರ್ ಭವನ, ಜಗಜೀವನರಾಂ ಭವನ ಮತ್ತು ವಾಲ್ಮಿಕಿ ಭವನಗಳ ನಿರ್ಮಾಣದ ಬಗ್ಗೆ","About the construction of Ambedkar Bhavan, Jagjivanaram Bhavan and Valmiki Bhavan",ಧರ್ಮಸೇನ .ಆರ್,Dharmasena R
313,11/07/2016,ಸಮಾಜ ಕಲ್ಯಾಣ,Social Welfare,ಪರಿಶಿಷ್ಟ ಜಾತಿ/ವರ್ಗಗಳ ಜನರಿಗೆ ಸೌಲಭ್ಯಗಳು,Facilities for Scheduled Caste / Scheduled Tribes,ಧರ್ಮಸೇನ .ಆರ್,Dharmasena R
314,11/07/2016,ಸಮಾಜ ಕಲ್ಯಾಣ,Social Welfare,ಸಮiಜ ಕಲ್ಯಾಣ ಇಲಾಖೆಯಿಂದ ಕೊಳವೆ ಬಾವಿಗಗಳು,Tuber wells from the Department of Welfare,ಧರ್ಮಸೇನ .ಆರ್,Dharmasena R
315,11/07/2016,ಆರೋಗ್ಯ ಮತ್ತು ಕುಟುಂಬ ಕಲ್ಯಾಣ,Health and family welfare,ರಾಜೀವ್ ಆರೋಗ್ಯ ಭಾಗ್ಯ ಯೋಜನೆ,Rajiv Health Budget Scheme,ಧರ್ಮಸೇನ .ಆರ್,Dharmasena R
316,12/07/2016,ಲೋಕೋಪಯೋಗಿ,Public service,ರಾಯಚೂರು ಜಿಲ್ಲೆಗಳಲ್ಲಿ ರಸ್ತೆಗಳನ್ನು ಅಭೀವೃದ್ಧಿ ಪಡಿಸುವ ಬಗ್ಗೆ,About promoting roads in Raichur district,ಬೋಸ್‌ರಾಜು .ಎನ್.ಎಸ್,Bosaraju N S
317,12/07/2016,ಇಂಧನ,Fuel,ರಾಯಚೂರಿನ ಮಾನ್ವಿ ಮತ್ತು ದೇವದುರ್ಗ ತಾಲ್ಲೂಕುಗಳ ೧೦೦/೧೧ಕೆ.ವಿ ಸಬ್ ಸ್ಟೇಷನ್ಗಳ ಬಗ್ಗೆ,About 100/11 KV substations of Manvi and Devdurg taluk of Raichur,ಬೋಸ್‌ರಾಜು .ಎನ್.ಎಸ್,Bosaraju N S
318,12/07/2016,ಸಹಕಾರ,Cooperation,ರೈತರ ಅನುಕೂಲಕ್ಕಾಗಿ ಡಿ.ಸಿ.ಸಿ ಬ್ಯಾಂಕಿನಿಂದ ತೆಗೆದುಕೊಂಡ ಕ್ರಮಗಳ ಬಗ್ಗೆ,Regarding measures taken by DCC Bank for the benefit of farmers,ಬೋಸ್‌ರಾಜು .ಎನ್.ಎಸ್,Bosaraju N S
319,12/07/2016,ತೋಟಗಾರಿಕೆ,Gardening,"ರೈತರಿಗೆ ಅವಶ್ಯವಿರುವ ಬೀಜ, ರಸಗೊಬ್ಬರ ಸರಬರಾಜು ಮಾಡಲು ಸರ್ಕಾರ ತೆಗೆದುಕೊಂಡಿರುವ ಕ್ರಮದ ಬಗ್ಗೆ",About the action taken by the government to supply the fertilizer to the seed that is needed for farmers,ಬೋಸ್‌ರಾಜು .ಎನ್.ಎಸ್,Bosaraju N S
320,12/07/2016,ಪರಾಡಳಿತ,Militancy,ನೂತನವಾಗಿ ಮೇಲ್ದರ್ಜೆಗೆರಿಸಿರುವ ಪಟ್ಟಣ ಪಂಚಾಯತ್ಗಳ ಅಭೀವೃದ್ಧಿಪಡಿಸುವ ಬಗ್ಗೆ,About the promotion of newly upgraded town panchayats,ಬೋಸ್‌ರಾಜು .ಎನ್.ಎಸ್,Bosaraju N S
321,12/07/2016,ಲೋಕೋಪಯೋಗಿ,Public service,ಕೊಡಗು ಜಿಲ್ಲೆಯಲ್ಲಿನ ಶಿಥಿಲಾವಸ್ಥೆಯಲ್ಲಿರುವ ಸರ್ಕಾರಿ ಕಟ್ಟಡಗಳ ದುರಸ್ಥಿ,The destruction of government buildings in the dilapidated condition of the Kodagu district,ಸುನೀಲ್ ಸುಬ್ರಮಣಿ .ಎಂ.ಪಿ,Sunil Subramani M P
322,12/07/2016,ಲೋಕೋಪಯೋಗಿ,Public service,ಕೊಡಗು ಜಿಲ್ಲೆಯಲ್ಲಿ ಶಿಥಿಲಾವಸ್ಥೆಯಲ್ಲಿರುವ ಸೇತುವೆಗಳ ದುರಸ್ಥಿ ಬಗ್ಗೆ,About the ruin of bridges in Kodagu district,ಸುನೀಲ್ ಸುಬ್ರಮಣಿ .ಎಂ.ಪಿ,Sunil Subramani M P
323,12/07/2016,ಲೋಕೋಪಯೋಗಿ,Public service,ರಾಜ್ಯದ ಹೆದ್ದಾರಿಗಳನ್ನು ಮೇಲ್ದರ್ಜೆಗೇರಿಸುವ ಮತ್ತು ಸುರಕ್ಷತೆ ಕುರಿತು,Upgrading and safety of state highways,ಸಮಣ್ಣ .ವಿ,Somanna V
324,12/07/2016,ಕೃಷಿ,Agriculture,ರಾಜ್ಯದಲ್ಲಿ ಕೃಷಿ ಹೊಂಡ ಯೋಜನೆಗಳು,Agricultural pond schemes in the state,ಸಮಣ್ಣ ಮ ಬೇವಿನಮರದ,Samanna Ma Bevinamara
325,12/07/2016,ಲೋಕೋಪಯೋಗಿ,Public service,ಹವೇರಿ ಜಿಲ್ಲೆಯ ಶಿಗ್ಗಾಂವ್ ತಾಲ್ಲೂಕಿನ ಬಂಕಾಪೂರ ಪಟ್ಟಣದಲ್ಲಿ ಹೆದ್ದಾರಿ ನಂ.೬ ಬಗ್ಗೆ,About Highway No. 6 in Bunkapura town of Shiggaon Taluk in Hauri district,ಸಮಣ್ಣ ಮ ಬೇವಿನಮರದ,Samanna Ma Bevinamara
326,12/07/2016,ಕೃಷಿ,Agriculture,ರಾಜ್ತದಲ್ಲಿ ಕಳಪೆ ಬೀಜ ಮತ್ತು ಗೊಬ್ಬರಗಳು,Poor seed and fertilizers in Rajtha,ಸಮಣ್ಣ ಮ ಬೇವಿನಮರದ,Samanna Ma Bevinamara
327,12/07/2016,ಸಕ್ಕರೆ,Sugar,ರೈತರ ಸಾಲ ಮನ್ನಾ ಬಡ್ಡಿ ವಿಸ್ತರಣೆ,Expansion of farmers' debt waiver interest,ಸಮಣ್ಣ ಮ ಬೇವಿನಮರದ,Samanna Ma Bevinamara
328,12/07/2016,ತೋಟಗಾರಿಕೆ,Gardening,ತೋಟಗಾರಿಕೆ ಇಲಾಖೆಯ ೨೦೧೬-೧೭ನೇ ಸಾಲಿನ ಕಾರ್ಯಕ್ರಮಗಳು,2016-17 programs of the Department of Horticulture,ಸಮಣ್ಣ ಮ ಬೇವಿನಮರದ,Samanna Ma Bevinamara
329,12/07/2016,ಲೋಕೋಪಯೋಗಿ,Public service,ರಾಜ್ಯದ ಹೆದ್ದಾರಿಗಳು,State Highways,ನಾರಾಯಣಸ್ವಾಮಿ .ಎಂ,Narayanaswamy M
330,12/07/2016,ಪೌರಾಡಳಿತ,Municipality,ನರಸೀಪುರ ಪಟ್ಟಣದ ಅಭೀವೃದ್ಧಿ,The town of Narasipura,ನಾಗರಾಜು .ಎಸ್,Nagaraja S
331,12/07/2016,ಕೃಷಿ,Agriculture,ಮೈಸೂರು ಚಾಮರಾಜನಗರ ಜಿಲ್ಲೆಯಲ್ಲಿ ರೈತರ ಆತ್ಮಹತ್ಯೆಗಳ ಬಗ್ಗೆ,About farmers' suicides in Chamarajanagar district of Mysore,ನಾಗರಾಜು .ಎಸ್,Nagaraja S
332,12/07/2016,ಇಂಧನ,Fuel,ನಿರಂತರ ಜ್ಯೋತಿ ವಿದ್ಯುತ್ ಮಾರ್ಗ ಸ್ಥಾಪನೆಯಲ್ಲಿ ನಿರ್ಲಕ್ಷ್ಯ,Neglected on the continuous Jyothi electric line installation,ನಾಗರಾಜು .ಎಸ್,Nagaraja S
333,12/07/2016,ಕೃಷಿ,Agriculture,ರಾಕ್ಯದಲ್ಲಿ ಬೆಳೆ ವಿಮೆಯಡಿಯಲ್ಲಿ ಬರುವ ಕೃಷಿ ಬೆಳೆಗಳ ಕುರಿತು,About farm crops under crop insurance in rock,ಪತಾಪಚಂದ್ರ ಶೆಟ್ಟಿ .ಕೆ,Pratapachandra Shetty K
334,12/07/2016,ಲೋಕೋಪಯೋಗಿ,Public service,ಲೋಕೋಪಯೋಗಿ ಇಲಾಖೆಂಯಿಂದ ಜಲಸಾರಿಗೆ ಕೈಗೋಡಿರುವ ಕಾಮಗಾರಿಗಳು,Works of the Public Works Department,ಪ್ರದೀಪ್ ಶೆಟ್ಟರ್,Pradeep Shettar
335,12/07/2016,ಕೃಷಿ,Agriculture,ಕೃಷಿ ಯಂತ್ರೋಪಕರಣಗಳ ಕುರಿತು,About agricultural machinery,ಪ್ರದೀಪ್ ಶೆಟ್ಟರ್,Pradeep Shettar
336,12/07/2016,ಕೃಷಿ,Agriculture,ಕೃಷಿ ಇಲಾಖೆಂಯಿಂದ ವಿತರಿಸಿರುವ ಟಾರ್ಪಾಲುಗಳ ಬಗ್ಗೆ,About Tarpal Distributed by the Department of Agriculture,ಪ್ರದೀಪ್ ಶೆಟ್ಟರ್,Pradeep Shettar
337,12/07/2016,ಆರೋಗ್ಯ ಮತ್ತು ಕುಟುಂಬ ಕಲ್ಯಾಣ,Health and family welfare,ಗದಗ ಜಿಲ್ಲೆಯ ಪಶು ವೈದ್ಯಕೀಯ ಮಹಾವಿದ್ಯಾಲಯದ ಕುರಿತು,About Veterinary Medical College in Gadag District,ಪ್ರದೀಪ್ ಶೆಟ್ಟರ್,Pradeep Shettar
338,12/07/2016,ಕೃಷಿ ಮಾರುಕಟ್ಟೆ,Agricultural Market,ಕೃಷಿ ಮಾರುಕಟ್ಟೆ ಇಲಾಖೆಯಿಂದ ಅನುಷ್ಠಾನವಾಗುತ್ತಿರುವ ಕಾಮಗಾರಿಗಳ ಬಗ್ಗೆ,About the implementation of works from the Department of Agriculture Market,ಪ್ರದೀಪ್ ಶೆಟ್ಟರ್,Pradeep Shettar
339,12/07/2016,ಪೌರಾಡಳಿತ,Municipality,"ನಗರಸಭೆ, ಪುರಸಭೆ, ಪಟ್ಟಣ ಪಂಚಾಯಿತಿಗಳಿಗೆ ಮಂಜೂರಾಗಿರುವ ಹುದ್ದೆಗಳು","Responsible posts for municipalities, municipalities and town panchayats",ಪ್ರಾಣೇಶ್ .ಎಂ.ಕೆ,Pranesha M K
340,12/07/2016,ತೋಟಗಾರಿಕೆ,Gardening,ತಟಗಾರಿಕೆ ಇಲಾಖೆಯ ಅನುದಾನ ಸದ್ಬಳಕೆ,Provision of the Department of Drinking Water,ಪ್ರಾಣೇಶ್ .ಎಂ.ಕೆ,Pranesha M K
341,12/07/2016,ಕೃಷಿ,Agriculture,ಕೃಷಿ ಇಲಾಖೆಯ ಅನುದಾನ ಸದ್ಬಳಕೆ,Granting the Grants from the Department of Agriculture,ಪ್ರಾಣೇಶ್ .ಎಂ.ಕೆ,Pranesha M K
342,12/07/2016,ಲೋಕೋಪಯೋಗಿ,Public service,ರಾಜ್ಯದಲ್ಲಿ ಲೋಕೋಪಯೋಗಿ ಇಲಾಖೆ ರೋಡ್ ಮಾರ್ಜಿನ್ ಗೆ ಭೂಸ್ವಾಧೀನದ ಕುರಿತು,About the land acquisition of the Public Works Department of Road Margin in the state,ಪ್ರತಾಪಚಂದ್ರ ಶೆಟ್ಟಿ .ಕೆ,Pratapachandra Shetty K
343,12/07/2016,ಕೃಷಿ,Agriculture,ರಾಜ್ತದಲ್ಲಿ ಜಲಾನಯನ ಪ್ರದೇಶಗಳ ಅಭೀವೃದ್ಧಿ ಕುರಿತು,About the development of watershed areas in Rajta,ಪ್ರತಾಪಚಂದ್ರ ಶೆಟ್ಟಿ .ಕೆ,Pratapachandra Shetty K
344,12/07/2016,ಕೃಷಿ,Agriculture,ದಕ್ಷಿಣ ಕನ್ನಡ ಮತ್ತು ಉಡುಪಿ ಜಿಲ್ಲೆಯಲ್ಲಿ ಬೆಂಬಲ ಬೆಲೆ ಮೂಲಕ ಖರೀದಿಸಲಾದ ಭತ್ತದ ಕುರಿತು,About paddy purchased through support price in Dakshina Kannada and Udupi district,ಪ್ರತಾಪಚಂದ್ರ ಶೆಟ್ಟಿ .ಕೆ,Pratapachandra Shetty K
345,12/07/2016,ಪಶುಸಂಗೋಪನೆ,Animal husbandry,ಹಾಲು ಉತ್ಪಾದಕರಿಗೆ ಹೈಬ್ರೀಡ್ ತಳಿಯ ಜಾನುವಾರು ಒದಗಿಸುವ ಕುರಿತು,About providing livestock to hybrid breeders for milk producers,ಪ್ರತಾಪಚಂದ್ರ ಶೆಟ್ಟಿ .ಕೆ,Pratapachandra Shetty K
346,12/07/2016,ಲೋಕೋಪಯೋಗಿ,Public service,ಲೊಕೋಪಯೋಗಿ ಇಲಾಖೆಯಿಂದ ಬಿಡುಗಡೆಯಾದ ಅನುದಾನ,Grants released from the Department of Public Works,ಪಾಟೀಲ್ .ಬಿ.ಜಿ,Patil B G
347,12/07/2016,ಲೋಕೋಪಯೋಗಿ,Public service,ಹೈದರಬಾದ್ -ಕರ್ನಾಟಕದಲ್ಲಿರುವ ರಾಷ್ಟ್ರೀಯ ಹೆದ್ದಾರಿಗಳ ಕಾಮಗಾರಿಗಳು,Hyderabad - The National Highways in Karnataka,ಪಾಟೀಲ್ .ಬಿ.ಜಿ,Patil B G
348,12/07/2016,ಕೃಷಿ,Agriculture,ಕಲಬುರಗಿಯ ಕೃಷಿ ಕಾಲೇಜಿನ ಬಗ್ಗೆ,About Artificial Agriculture College,ಪಾಟೀಲ್ .ಬಿ.ಜಿ,Patil B G
349,12/07/2016,ಲೋಕೋಪಯೋಗಿ,Public service,ಲೋಕೋಪಯೋಗಿ ಇಲಾಖೆಗೆ ವಹಿಸಲಾಗಿರುವ ಕಾಮಗಾರಿಗಳು,Works for Public Works Department,ಶರವಣ .ಟಿ.ಎ,Sharavana T A
350,12/07/2016,ಲೋಕೋಪಯೋಗಿ,Public service,ಕಳಪೆ ಮಟ್ಟದ ರಸ್ತೆ ದುರಸ್ತಿ ಕಾಮಗಾರಿಯಿಂದ ಸಂಭವಿಸುತ್ತಿರುವ ಅಪಘಾತಗಳ ಬಗ್ಗೆ,About accidents happening due to poor road repair work,ವಿಮಲಾಗೌಡ,Vimalaa Gowda
351,12/07/2016,ಕೃಷಿ,Agriculture,ರಾಜ್ಯದಲ್ಲಿ ಹೆಚ್ಚುತ್ತಿರುವ ನಕಲಿ ರಸಗೊಬ್ಬರ ಮಾರಾಟದ ಬಗ್ಗೆ,About selling fake fertilizer sales in the state,ವಿಮಲಾಗೌಡ,Vimalaa Gowda
352,12/07/2016,ಕೃಷಿ,Agriculture,ಬಿತ್ತನೆ ಬೀಜಗಳ ವಿತರಣೆ ಬಗ್ಗೆ,About sowing seeds,ವಿಮಲಾಗೌಡ,Vimalaa Gowda
353,12/07/2016,ಕೃಷಿ,Agriculture,ತೋಟಗಾರಿಕೆ ಉತ್ಪನ್ನಗಳ ಬಗ್ಗೆ,About Gardening Products,ವಿಮಲಾಗೌಡ,Vimalaa Gowda
354,12/07/2016,ಆರೋಗ್ಯ ಮತ್ತು ಕುಟುಂಬ ಕಲ್ಯಾಣ,Health and family welfare,ಯಶಸ್ವಿನಿ ಆರೋಗ್ಯ ವಿಮೆ ಯೋಜನೆ,Succession Health Insurance Scheme,ವಿಮಲಾಗೌಡ,Vimalaa Gowda
355,12/07/2016,ಇಂಧನ,Fuel,ರೈತರ ವಿದ್ಯುತ್ ಬಿಲ್ಲಿನ ಮೊತ್ತ ಮನ್ನಾ ಮಾಡುವ ಬಗ್ಗೆ,About waiver of farmers' electricity bill,ವಿವಕ್‌ರಾವ್ ವಸಂತರಾವ್ ಪಾಟೀಲ್,Vivek Rao Vasanth Rao Patil
356,12/07/2016,ಪೌರಾಡಳಿತ,Municipality,ರಾಜಜ್ಯದಲ್ಲಿರುವ ಒಟ್ಟು ಪೌರ ಕಾರ್ಮಿಕರ ಕುರಿತು,About Total Civilian Workers in the State,ವೀರಯ್ಯ .ಡಿ.ಎಸ್,Veerayya D S
357,12/07/2016,ಇಂಧನ,Fuel,ವಿದತ್ ಸರಬರಾಜು ಮಾಡುವ ಬಗ್ಗೆ,About Vidyat Supply,ವಿಜಯ್ ಸಿಂಗ್,Vijay Singh
358,12/07/2016,ಲೋಕೋಪಯೋಗಿ,Public service,ಲೋಕೋಪಯೋಗಿ ಇಲಾಖೆಯ ಪ್ರಗತಿ ಯೋಜನೆಗಳು,Public Works Department Progress Projects,ವಿಜಯ್ ಸಿಂಗ್,Vijay Singh
359,12/07/2016,ಪರಾಡಳಿತ,Militancy,Uಮಪಂಚಾಂಯಿತಿಯಿಂದ ಪಟ್ಟಣ ಪಂಚಾಯಿತಿಗೆ ಮೇಲ್ದರ್ಜೆಗೇರಿಸುವ ಬಗ್ಗೆ,U upgrading to the town panchayat by the mantra,ವಿಜಯ್ ಸಿಂಗ್,Vijay Singh
360,12/07/2016,ಕೃಷಿ,Agriculture,ಕೃಷಿ ಇಲಾಖೆಯಲ್ಲಿ ಖಾಲಿ ಇರುವ ಹುದ್ದೆಗಳು,Vacancies in the Department of Agriculture,ಬಸನಗೌಡ ಆರ್ ಪಾಟೀಲ್,Basanagowda R Patil
361,12/07/2016,ಸಕ್ಕರೆ,Sugar,ರಾಜ್ಯದ ಸಕ್ಕರೆ ಕಾರ್ಖಾನೆಗಳು,State sugar factories,ಬಸನಗೌಡ ಆರ್ ಪಾಟೀಲ್,Basanagowda R Patil
362,12/07/2016,ತೋಟಗಾರಿಕೆ,Gardening,ನೂತನ ಕೃಷಿ ತಂತ್ರಜ್ಞಾನ,New Agricultural Technology,ಬಸನಗೌಡ ಆರ್ ಪಾಟೀಲ್,Basanagowda R Patil
363,12/07/2016,ತೋಟಗಾರಿಕೆ,Gardening,ಅಭೀಯಂತರರ ಹುದ್ದೆಗಳನ್ನು ಭರ್ತಿ ಮಾಡುವ ಬಗ್ಗೆ,About filling up vacancies,ಬಸನಗೌಡ ಆರ್ ಪಾಟೀಲ್,Basanagowda R Patil
364,12/07/2016,ಪಶುಸಂಗೋಪನೆ,Animal husbandry,ಔPಇಖಂಖಿIಔಓ ಔಈ PಖIಗಿಂಖಿಇ ಆಂIಖIಇS Iಓ ಔUಖ Sಖಿಂಖಿಇ,Au P Ikhankhi I Ao Au Pa Kh I I Ginghi I Am I I I S I O Au U Kh S Khinghi,ಲಹರ್ ಸಿಂಗ್ ಸಿರೋಯಾ,Lahar Singh Siroya
365,12/07/2016,ಲೋಕೋಪಯೋಗಿ,Public service,ಡ್ರೈನ್ಭೆಜ್ ಹಾಗೂ ಸೇತುವೆ ರಸ್ತೆ ಕಾಮಗಾರಿ ಬಗ್ಗೆ,About drainage and bridge road work,ಲಕ್ಷ್ಮೀನಾರಾಯಣ .ಎಂ.ಡಿ,Lakshmi Narayana MD
366,12/07/2016,ಕಷಿ,Cookie,ರಾಜ್ಯದ ರೈತರಿಗೆ ಕೃಷಿ ಸವಲತ್ತುಗಳ ಬಗ್ಗೆ,About farmers' farming benefits,ಲಕ್ಷ್ಮೀನಾರಾಯಣ .ಎಂ.ಡಿ,Lakshmi Narayana MD
367,12/07/2016,ಇಂಧನ,Fuel,ನಿರಂತರ ಭಾಗ್ಯ ಜ್ಯೋತಿ ಯೋಜನೆ,Continuous Bhagya Jyothi Project,ಲಕ್ಷ್ಮೀನಾರಾಯಣ .ಎಂ.ಡಿ,Lakshmi Narayana MD
368,12/07/2016,ಕೃಷಿ ಮಾರುಕಟ್ಟೆ,Agricultural Market,ಕೃಷಿ ಉತ್ಪನ್ನ ಮಾರುಕಟ್ಟೆ ಅಭೀವೃದ್ಧಿ,Agricultural Product Market Improvement,ಲಕ್ಷ್ಮೀನಾರಾಯಣ .ಎಂ.ಡಿ,Lakshmi Narayana MD
369,12/07/2016,ಪಶುಸಂಗೋಪನೆ,Animal husbandry,ಪಶುಭಾಗ್ಯ ಯೋಜನೆಯ ಕುರಿತು,About the animal husbandry plan,ಲಕ್ಷ್ಮೀನಾರಾಯಣ .ಎಂ.ಡಿ,Lakshmi Narayana MD
370,12/07/2016,ಪೌರಾಡಳಿತ,Municipality,ಮೂಡಿಗೆರೆ ಪಟ್ಟಣ ಪಂಚಾಯಿತಿಯ ಅಂಗಡಿಗಳ ಮಳಿಗೆಗಳ ಬಗ್ಗೆ,About Moodigare Town Panchayat Shops,ಮೋಟಮ್ಮ,Motamma
371,12/07/2016,ಇಂಧನ,Fuel,ವಿದ್ಯುತ್ ವಿತರಣಾ ಸಮಸ್ಯೆಗಳು,Power Distribution Problems,ಅಪ್ಪಾಜಿಗೌಡ .ಎನ್,Appajigowda N
372,12/07/2016,ಲೋಕೋಪಯೋಗಿ,Public service,ಮದ್ದೂರು ಮಳವಳ್ಳಿ ಹಾಗೂ ಮೈಸೂರು ರಸ್ತೆಯನ್ನು ಜೋಡಿ ರಸ್ತೆಯನ್ನಾಗಿ ಪರಿಗಣಿಸುವ ಬಗ್ಗೆ,Maddoor Malavalli and Mysore Road are considered to be a double road,ಅಪ್ಪಾಜಿಗೌಡ .ಎನ್,Appajigowda N
373,12/07/2016,ತೋಟಗಾರಿಕೆ,Gardening,ತೋಟಗಾರಿಕಾ ಬೆಳೆಗಳು,Horticultural crops,ಅಪ್ಪಾಜಿಗೌಡ .ಎನ್,Appajigowda N
374,12/07/2016,ಕೃಷಿ,Agriculture,ರೈತರ ಕೃಷಿ ಭಾಗ್ಯ ಯೋಜನೆ,Farmers' Agriculture Plan,ಅಪ್ಪಾಜಿಗೌಡ .ಎನ್,Appajigowda N
375,12/07/2016,ಪಶುಸಂಗೋಪನೆ,Animal husbandry,ಮಹಾಗಾಂವದ ಹೈನುಗಾರಿಕೆ ವಿಶ್ವವಿದ್ಯಾಲಯದ ಬಗ್ಗೆ,About the University of Mahmoud Dairy,ಅಮರನಾಥ ಪಾಟೀಲ್,Amaranatha Patil
376,12/07/2016,ತೋಟಗಾರಿಕೆ,Gardening,"ಹೈದರಬಾದ್ -ಕರ್ನಾಟಕ ಭಾಗದಲ್ಲಿ ""ರಾಷ್ಟ್ರೀಯ ತೋಟಗಾರಿಕೆ ಮಿಷನ್ ಯೋಜನೆಯ ಬಗ್ಗೆ","Hyderabad - About the National Horticulture Mission Project """,ಅಮರನಾಥ ಪಾಟೀಲ್,Amaranatha Patil
377,12/07/2016,ಇಂಧನ,Fuel,ಜೈವಿಕ ಅನಿಲ ವಿದ್ಯುತ್ ಘಟಕ ಸ್ಥಾಪಿಸುವ ಬಗ್ಗೆ,About establishing a biogas power plant,ಅಮರನಾಥ ಪಾಟೀಲ್,Amaranatha Patil
378,12/07/2016,ಇಂಧನ,Fuel,ಶಾಖೋತ್ಪನ್ನ ವಿದ್ಯುತ್ ಸ್ಥಾವರ ಯೋಜನೆ ಬಗ್ಗೆ,About the power plant project,ಅಮರನಾಥ ಪಾಟೀಲ್,Amaranatha Patil
379,12/07/2016,ಕೃಷಿ,Agriculture,ಸಮಗ್ರ ತೊಗರಿ ಕೃಷಿ ವ್ಯವಹಾರ ಕೇಂದ್ರವನ್ನು ಸ್ಥಾಪಿಸುವ ಬಗ್ಗೆ,About establishing a comprehensive coconut farming business center,ಅಮರನಾಥ ಪಾಟೀಲ್,Amaranatha Patil
380,12/07/2016,ಪರಾಡಳಿತ,Militancy,ಪಟ್ಟಣ ಪಂಚಾಯಿತಿಗಳಿಗೆ ಒದಗಿಸಿರುವ ಅನುದಾನ ಹಾಗೂ ಮೂಲಭೂತ ಸೌಕರ್ಯ,Grants and infrastructure provided to Town Panchayats,ಅರುಣ ಶಹಾಪುರ,Aruna Shahaapura
381,12/07/2016,ತೋಟಗಾರಿಕೆ,Gardening,ಬಾಗಲಕೋಟ್ ತೋಟಗಾರಿಕೆ ವಿಜ್ಞಾನಗಳ ವಿಶ್ವವಿದ್ಯಾಲಯದಲ್ಲಿನ ಸಿಬ್ಬಂದಿಗಳು,Staff at the University of Bagalkot Horticulture Sciences,ಅರುಣ ಶಹಾಪುರ,Aruna Shahaapura
382,12/07/2016,ಕೃಷಿ ಮಾರುಕಟ್ಟೆ,Agricultural Market,ಸಿಂಧಗಿ ತಾಲ್ಲೂಕಿನ ಎಪಿಎಂಸಿ ಅಭೀವೃದ್ಧಿ,APMC Improvement in Sindhagi Taluk,ಅರುಣ ಶಹಾಪುರ,Aruna Shahaapura
383,12/07/2016,ಪಶುಸಂಗೋಪನೆ,Animal husbandry,ರಾಜ್ಯದಲ್ಲಿನ ಪಶು ವೈದ್ತಾಧಿಕಾರಿಗಳು,Veterinary Officers in the State,ಅರುಣ ಶಹಾಪುರ,Aruna Shahaapura
384,12/07/2016,ಲೋಕೋಪಯೋಗಿ,Public service,ಲೋಕೋಪಯೋಗಿ ಇಲಾಖೆಯ sಛಿಠಿ/ಣsಠಿ ಕಾಮಗಾರಿ ಬಗ್ಗೆ,About Public Works Department's workshop,ಜಯಮ್ಮ,Jayamma
385,12/07/2016,ಲೋಕೋಪಯೋಗಿ,Public service,ಬೆಂಗಳೂರು-ಮೈಸೂರು ನಡುವೆ ವಾರಾಂತ್ಯಗಳಲ್ಲಿ ವಾಹನಗಳ ದಟ್ಟಣಿ ಕುರಿತು,Vehicle traffic on weekends between Bangalore and Mysore,ಜಯಮಾಲಾ ರಾಮಚಂದ್ರ,Jayamala Ramachandra
386,12/07/2016,ಕೃಷಿ,Agriculture,ಬೆಳೆ ನಷ್ಟದಿಂದಾಗಿ ರೈತರು ಆತ್ಮಹತ್ಯೆಗೆ ಶರಣಾಗುತ್ತಿರುವ ಬಗ್ಗೆ,About farmers surrendering suicide due to crop loss,ಜಯಮಾಲಾ ರಾಮಚಂದ್ರ,Jayamala Ramachandra
387,12/07/2016,ಪಶುಸಂಗೋಪನೆ,Animal husbandry,ಮಲೆನಾಡು ಗಿಡ್ಡ ಹಸುಗಳ ಉತ್ಕೃಷ್ಟತೆಗೆ ಪ್ರತ್ಯೇಕ ತಳಿಯ ಮಾನ್ಯತೆ,Exotic breeding recognition for elephant cows excellence,ಜಯಮಾಲಾ ರಾಮಚಂದ್ರ,Jayamala Ramachandra
388,12/07/2016,ಕೃಷಿ ಮಾರುಕಟ್ಟೆ,Agricultural Market,ತೆಂUಗಿನ ಕಾಯಿಗೆ ಬೆಂಬಲ ಬೆಲೆ ನೀಡುವ ಕುರಿತು,About offering support for the T-U Gingerbread,ಜಯಮಾಲಾ ರಾಮಚಂದ್ರ,Jayamala Ramachandra
389,12/07/2016,ಕೃಷಿ ಮಾರುಕಟ್ಟೆ,Agricultural Market,ಅಡಿಕೆ ಮಂಡಳಿ ಸ್ಥಾಪಿಸುವ ಕುರಿತು,About establishing the Nut Board,ಜಯಮಾಲಾ ರಾಮಚಂದ್ರ,Jayamala Ramachandra
390,12/07/2016,ಸಕ್ಕರೆ,Sugar,ಎಸ್ ಇ ಎಪ್ ಎ ಎಸ್ ಯು- ೨೦೧೪ರ ಸಾಲದ ವಿವರ,SEE APPS U-2014 Loan Details,ರಾಮಪ್ಪ ತಿಮ್ಮಾಪೂರ,Ramappa Timmapura
391,12/07/2016,ಕಷಿ,Cookie,ಕಷಿ ವಿಶ್ವವಿದ್ಯಾಲಯದ ಬಗ್ಗೆ,About Kashi University,ರಾಮಚಂದ್ರಗೌಡ,Ramachandra Gowda
392,12/07/2016,ಕೃಷಿ,Agriculture,ನಕಲಿ ಬಿತ್ತನೆ ಬೀಜಗಳ ದಂಧೆ ಬಗ್ಗೆ,About fake seeds of fungi,ರಾಮಚಂದ್ರಗೌಡ,Ramachandra Gowda
393,12/07/2016,ಕೃಷಿ,Agriculture,ಕೃಷಿ ಬೆಲೆ ಆಯೋಗ,Agricultural Price Commission,ರಾಮಚಂದ್ರಗೌಡ,Ramachandra Gowda
394,12/07/2016,ಲೋಕೋಪಯೋಗಿ,Public service,೨೦೧೫ರಿಂದ ೨೦೧೭ನೇ ಸಾಲಿಗೆ ಎಸ್.ಸಿ.ಪಿ./ಟಿ.ಎಸ್.ಪಿ ಯೋಜನೆಗೆ ಬಿಡುಗಡೆಯಾದ ಅನುದಾನ,Grants released to SCP / TSP project from 2015 to 2017,ರಘುನಾಥ ರಾವ್ ಮಲ್ಕಾಪೂರೆ,Raghunath Rao Malkapore
395,12/07/2016,ತೋಟಗಾರಿಕೆ,Gardening,ಎಸ್.ಸಿ.ಪಿ/ಟಿ.ಎಸ್.ಪಿ ಅಡಿಯಲ್ಲಿ ಬಿಡುಗಡೆ ಮಾಡಲಾದ ಅನುದಾನ,Grants released under SCP / TSP,ರಘುನಾಥ ರಾವ್ ಮಲ್ಕಾಪೂರೆ,Raghunath Rao Malkapore
396,12/07/2016,ಕೃಷಿ,Agriculture,ಬೀದರ್ ಜಿಲ್ಲೆಗೆ ಕೃಷಿ ಇಲಾಖೆಯಿಂದ ಬಿಡುಗಡೆಯಾದ ಅನುದಾನ,Bidar released from agriculture department to Bidar district,ರಘುನಾಥ ರಾವ್ ಮಲ್ಕಾಪೂರೆ,Raghunath Rao Malkapore
397,12/07/2016,ಕೃಷಿ,Agriculture,ಬೀದರ್ ಜಿಲ್ಲೆಗೆ ಹನಿ ನೀರಾವರಿಗಾಗಿ ಬಿಡುಗಡೆ ಮಾಡಲಾದ ಅನುದಾನ,Grants released to Bidar district for drip irrigation,ರಘುನಾಥ ರಾವ್ ಮಲ್ಕಾಪೂರೆ,Raghunath Rao Malkapore
398,12/07/2016,ಪೌರಾಡಳಿತ,Municipality,ಕಸ ವಿಲೇವಾರಿಯಲ್ಲಿ ಅವ್ಯವಹಾರದ ಬಗ್ಗೆ,About garbage disposal,ರಘುನಾಥ ರಾವ್ ಮಲ್ಕಾಪೂರೆ,Raghunath Rao Malkapore
399,12/07/2016,ಕೃಷಿ,Agriculture,ಹತ್ತಿ ಕೃಷಿಯ ವಿಸ್ತೀರ್ಣ ಕುರಿತು,About the area of ​​cotton farming,ರಘುನಾಥ ರಾವ್ ಮಲ್ಕಾಪೂರೆ,Raghunath Rao Malkapore
400,12/07/2016,ತೋಟಗಾರಿಕೆ,Gardening,ಕಬಬ್ಬನ್ ಪಾರ್ಕಿನಲ್ಲಿನ ತಾವರೆ ಕೊಳದ ನೀರು ಕಲುಷಿತಗೊಂಡಿರುವ ಬಗ್ಗೆ,About the contamination of water in the pond pond in the Kaban Park,ರಘುನಾಥ ರಾವ್ ಮಲ್ಕಾಪೂರೆ,Raghunath Rao Malkapore
401,12/07/2016,ಲೋಕೋಪಯೋಗಿ,Public service,"ರಾಷ್ಟ್ರೀಯ, ರಾಜ್ಯ ಮತ್ತು ಜಿಲ್ಲಾ ಮುಖ್ಯ ರಸ್ತೆಗಳು","National, State and District Main Roads",ಉಗ್ರಪ್ಪ .ವಿ.ಎಸ್,Ugrappa VS
402,12/07/2016,ಕೃಷಿ,Agriculture,ಖುಷಿ ಮತ್ತು ತರಿ ಕೃಷಿ ಪ್ರದೇಶ,Excited and tasty farming area,ಉಗ್ರಪ್ಪ .ವಿ.ಎಸ್,Ugrappa VS
403,12/07/2016,ಪಶುಸಂಗೋಪನೆ,Animal husbandry,ದಕ್ಷಿಣ ಕನ್ನಡ ಜಿಲ್ಲೆಯಲ್ಲಿ ಪಶು ವೈದ್ಯಕಿಯ ಕಾಲೇಜು ಪ್ರಾರಂಭಿಸುವುದು ಬಗ್ಗೆ,About starting a veterinary college in Dakshina Kannada district,ಐವಾನ್ ಡಿ ಸೋಜಾ,Ivan Disoza
404,12/07/2016,ಇಂಧನ,Fuel,ವಿದ್ಯುಚ್ಛಕ್ತಿ ಇಲಾಖೆಯಲ್ಲಿ ಗುತ್ತಿಗೆ ಆಧಾರದಲ್ಲಿ ಕಾರ್ಯನಿರ್ವಹಿಸುತ್ತಿರುವ ಬಗ್ಗೆ,About operating on a contract basis in the electricity department,ಐವಾನ್ ಡಿ ಸೋಜಾ,Ivan Disoza
405,12/07/2016,ಇಂಧನ,Fuel,ರಾಜ್ಯಕ್ಕೆ ಬೇಕಾಗಿರುವ ವಿದ್ಯುತ್ ಬೇಡಿಕೆಯ ಬಗ್ಗೆ,About the state's demand for electricity,ಐವಾನ್ ಡಿ ಸೋಜಾ,Ivan Disoza
406,12/07/2016,ಲೋಕೋಪಯೋಗಿ,Public service,"ರಾಜ್ಯದಲ್ಲಿರುವ ಸರ್ಕಾರಿ ಅತಿಥಿ ಗೃಹಗಳು, ಸರ್ಕಿಟ್‌ಹೌಸ್ ದುಸ್ಥಿತಿಯಲ್ಲಿರುವ ಬಗ್ಗೆ","Government hospitals in the state, circuithouses are in dire need",ಐವಾನ್ ಡಿ ಸೋಜಾ,Ivan Disoza
407,12/07/2016,ಕೃಷಿ ಮಾರುಕಟ್ಟೆ,Agricultural Market,ರಬ್ಬರ್ ಬೆಲೆ ಕುಸಿತಗೊಂಡು ಆತ್ಮಹತ್ಯೆ ಮಾಡಿಕೊಂಡ ರೈತರು,Rubber prices fell by farmers who committed suicide,ಐವಾನ್ ಡಿ ಸೋಜಾ,Ivan Disoza
408,12/07/2016,ಇಂಧನ,Fuel,ರಾಜ್ಯದಲ್ಲಿ ವಸತಿ ಗೃಹಗಳ ಛಾವಣಿ ಮೇಲೆ ಸೌರ ವಿದ್ಯುತ್ ಉತ್ಪಾದನೆ ಘಟಕ ಅಳವಡಿಸುವುದು,Establishment of solar power plant on the roof of residential properties in the state,ಕ್ಯಾಪ್ಟನ್ ಗಣೇಶ್ ಕಾರ್ಣಿಕ್,Capt. Ganesh Karnik
409,12/07/2016,ಸಕ್ಕರೆ,Sugar,ಸಕ್ಕರೆ ಕಾರ್ಖಾನೆಗಳಿಂದ ಕಬ್ಬು ಸರಬರಾಜು ಮಾಡುವ ರೈತರಿಗೆ ಹಣಪಾವತಿ,Payment for sugarcane suppliers from sugar factories,ಕ್ಯಾಪ್ಟನ್ ಗಣೇಶ್ ಕಾರ್ಣಿಕ್,Capt. Ganesh Karnik
410,12/07/2016,ಸಕ್ಕರೆ,Sugar,ಕಬ್ಬನ ಸಹಾಯಧನ ಬಿಡುಗಡೆ ಮಾಡುವ ಬಗ್ಗೆ,About releasing Cuban subsidy,ಕ್ಯಾಪ್ಟನ್ ಗಣೇಶ್ ಕಾರ್ಣಿಕ್,Capt. Ganesh Karnik
411,12/07/2016,ಲೋಕೋಪಯೋಗಿ,Public service,ರಾಷ್ಟ್ರೀಯ ಹೆದ್ದಾರಿ ಹಾಗೂ ರಾಜ್ಯ ಹೆದ್ದಾರಿಗೆ ಹಾಕಿರುವ ರಸ್ತೆ ಉಬ್ಬರಗಳನ್ನು ತೆಗೆದು ಹಾಕುವ ಬಗ್ಗೆ,About removal of roadblocks to the National Highways and State Highways,ಕ್ಯಾಪ್ಟನ್ ಗಣೇಶ್ ಕಾರ್ಣಿಕ್,Capt. Ganesh Karnik
412,12/07/2016,ಕೃಷಿ ಮಾರುಕಟ್ಟೆ,Agricultural Market,ರಜ್ಯದಲ್ಲಿ ಅಡಿಕೆ ಬೆಲೆ ಕುಸಿತದಿಂದ ರೈತರು ಸಂಕಷ್ಟಕ್ಕೆ ಒಳಗಾಗಿರುವ ಬಗ್ಗೆ,The farmers are suffering from a fall in the price of nut in the state,ಕ್ಯಾಪ್ಟನ್ ಗಣೇಶ್ ಕಾರ್ಣಿಕ್,Capt. Ganesh Karnik
413,12/07/2016,ಪೌರಾಡಳಿತ,Municipality,ಮೇಲ್ದರ್ಜೆಗೇರಿಸಲ್ಪಟ್ಟ ಸ್ಥಳೀಯ ಸಂಸ್ಥೆಗಲ್ಲಿ ಸಿಬ್ಬಂದಿ ಮತ್ತು ಮೂಲಭೂತ ಸೌಕರ್ಯಗಳ ಕೊರತೆ ಬಗ್ಗೆ,About the lack of staff and infrastructure in upgraded local bodies,ಕವಟಗಿಮಠ ಮಹಂತೇಶ ಮಲ್ಲಿಕಾರ್ಜುನ,Kavatimata Mahantesha Mallikarjuna
414,12/07/2016,ತೋಟಗಾರಿಕೆ,Gardening,ತೋಟಗಾರಿಕಾ ಇಲಾಖೆಯ ಸಹಕಾರ ಸವಲತ್ತುಗಳ ಕುರಿತುರೈತರಿಗೆ ಮಾಹಿತಿ ಸಿಗದೇ ಇರುವ ಬಗ್ಗೆ,About not getting information about the Horticulture Department's cooperative privileges,ಕವಟಗಿಮಠ ಮಹಂತೇಶ ಮಲ್ಲಿಕಾರ್ಜುನ,Kavatimata Mahantesha Mallikarjuna
415,12/07/2016,ಇಂಧನ,Fuel,ಅಕ್ರಮ-ಸಕ್ರಮ ಯೋಜನೆಯಡಿ ಸಕ್ರಮಗೊಳಿಸಲಾದ ರೈತರ ಪಂಪ್ ಸೆಟ್ಗಳಿಗೆ ವಿದ್ಯುತ್ ಪರಿವರ್ತಕಗಳನ್ನು ಅಳವಡಿಸದೇ ಇರುವ ಬಗ್ಗೆ,Regardless of the implementation of power converters for farmers' pump sets that are being set up under the illegal-schema scheme,ಕವಟಗಿಮಠ ಮಹಂತೇಶ ಮಲ್ಲಿಕಾರ್ಜುನ,Kavatimata Mahantesha Mallikarjuna
416,12/07/2016,ಇಂಧನ,Fuel,ಇಂಧನ ಇಲಾಖೆಯ Uಮವಿದ್ಯುತ್ ಪ್ರತಿ ನಿಧಿಗಳ ವೇತನ ಹೆಚ್ಚಳದ ಬಗ್ಗೆ,About the wage increase of funds per U Mavidyut of the Department of Energy,ಕವಟಗಿಮಠ ಮಹಂತೇಶ ಮಲ್ಲಿಕಾರ್ಜುನ,Kavatimata Mahantesha Mallikarjuna
417,12/07/2016,ಪೌರಾಡಳಿತ,Municipality,ಮೇಲ್ದರ್ಜೆಗೇರಿಸಲ್ಪಟ್ಟ ಸ್ಥಳೀಯ ಸಂಸ್ಥೆಗಳ ಚುನಾವಣೆ ನಡೆಸುವ ಬಗ್ಗೆ,About conducting elections for upgraded local bodies,ಕವಟಗಿಮಠ ಮಹಂತೇಶ ಮಲ್ಲಿಕಾರ್ಜುನ,Kavatimata Mahantesha Mallikarjuna
418,12/07/2016,ಲೋಕೋಪಯೋಗಿ,Public service,ತುಮಕೂರು ಮೂಲಕ ಹಾದುಹೋಗುವ ರಾಷ್ಟ್ರೀಯ ಹೆದ್ದಾರಿಗಳ ಬಗ್ಗೆ,About National Highways passing through Tumkur,ಕಾಂತರಾಜು,Kantaraju
419,12/07/2016,ಪೌರಾಡಳಿತ,Municipality,"೨೦೧೬-೧೭ನೇ ಸಾಲಿನಲ್ಲಿ ಪುರಸಭೆ, ಪಟ್ಟಣ ಪಂಚಾಯತಿ ನಗರ ಸಭೇಗಳಿಗೆ ಅನುದಾನ ಬಿಡುಗಡೆ ಬಗ್ಗೆ",Issue of Grants to Municipalities and Town Panchayat Urban Councils in 2016-17,ಕಾಂತರಾಜು,Kantaraju
420,12/07/2016,ತೋಟಗಾರಿಕೆ,Gardening,ತೆಂಗು ಮತ್ತು ಅಡಿಕೆ ಬೆಲೆ ಕುಸಿದಿರುವ ಬಗ್ಗೆ,About decline in coconut and nut prices,ಕಾಂತರಾಜು,Kantaraju
421,12/07/2016,ಇಂಧನ,Fuel,Uಮಪಂಚಾಯತ್‌ಗಳ ಕುಡಿಯುವ ನೀರಿ ಮತ್ತು ಬೀದಿ ದೀಪದ ವಿದ್ಯುತ್ ಬಿಲ್ ಬಾಕಿ ಬಗ್ಗೆ,About U Mpanchyat's Drinking Water and Street Light Electricity Bill,ಕೋಟ ಶ್ರೀನಿವಾಸ ಪೂಜಾರಿ,Kota Srinivasa Pujari
422,12/07/2016,ಪಶುಸಂಗೋಪನೆ,Animal husbandry,ಪಶುಭಾಗ್ಯ ಯೋಜನೆಯ ಕುರಿತು,About the animal husbandry plan,ಕೋಟ ಶ್ರೀನಿವಾಸ ಪೂಜಾರಿ,Kota Srinivasa Pujari
423,12/07/2016,ಪೌರಾಡಳಿತ,Municipality,ತಾತ್ಕಾಲಿಕ ಗುತ್ತಿಗೆ ಪೌರ ಕಾರ್ಮಿಕರನ್ನು ಖಾಯಂಗೊಳಿಸುವ ಬಗ್ಗೆ,Concerns about temporary leasing civic workers,ಕೋಟ ಶ್ರೀನಿವಾಸ ಪೂಜಾರಿ,Kota Srinivasa Pujari
424,12/07/2016,ಇಂಧನ,Fuel,ಸೋಲಾರ್ ರೂಫ್ ಟಾಪ್ ಯೋಜನೆ ವಿಸ್ತರಿಸುವ ಬಗ್ಗೆ ‘,About Expanding the Solar Roof Top Plan ',ಕೋಟ ಶ್ರೀನಿವಾಸ ಪೂಜಾರಿ,Kota Srinivasa Pujari
425,12/07/2016,ಪಶುಸಂಗೋಪನೆ,Animal husbandry,ಗೋದಾಮು ನಿರ್ಮಾಣ ಬಗ್ಗೆ,About the construction of warehouses,ಕೋಟ ಶ್ರೀನಿವಾಸ ಪೂಜಾರಿ,Kota Srinivasa Pujari
426,12/07/2016,ಕೃಷಿ ಮಾರುಕಟ್ಟೆ,Agricultural Market,ಕೃಷಿ ಉತ್ಪನ್ನ ಮಾರುಕಟ್ಟೆ ಅಭೀವೃದ್ಧಿ,Agricultural Product Market Improvement,ಚೌಡರೆಡ್ಡಿ ತೂಪಲ್ಲಿ .ಆರ್,Chowdareddy Tupalli R
427,12/07/2016,ಪೌರಾಡಳಿತ,Municipality,ಸಳಿಯ ಸಂಸ್ಥೆಗಳ ಸಮಗ್ರ ಅಭೀವೃದ್ಧಿ,Integrated development of slum organizations,ಚೌಡರೆಡ್ಡಿ ತೂಪಲ್ಲಿ .ಆರ್,Chowdareddy Tupalli R
428,12/07/2016,ರೇಷ್ಮೆ,Silk,ನೂಲು ಬಿಚ್ಚುವ ಕೇಂದ್ರಗಳು,Yarn Clearing Centers,ಚೌಡರೆಡ್ಡಿ ತೂಪಲ್ಲಿ .ಆರ್,Chowdareddy Tupalli R
429,12/07/2016,ಪೌರಾಡಳಿತ,Municipality,ನಗರೋತ್ಥಾನ ಯೋಜನೆ,Nagarothana Project,ಧರ್ಮಸೇನ .ಆರ್,Dharmasena R
430,12/07/2016,ಕೃಷಿ,Farming,ವಿಶೇಷ ಘಟಕ ಯೋಜನೆಯಡಿ ಕೃಷಿ ಇಲಾಖೆಗೆ ಬಿಡುಗಡೆಯಾದ ಅನುದಾನ,Grants released to the Agriculture Department under special unit scheme,ಧರ್ಮಸೇನ .ಆರ್,Dharmasena R
431,12/07/2016,ಇಂಧನ,Fuel,ಸೋಲಾರ್ ವಿದ್ಯುತ್ತಿಗೆ ಪ್ರೋತ್ಸಾಹ,Encouraging solar power,ಧರ್ಮಸೇನ .ಆರ್,Dharmasena R
432,13/07/2016,ಭಾರಿ ಮತ್ತು ಮಧ್ಯಮ ನೀರಾವರಿ,Heavy and medium irrigation,ಎನ್.ಆರ್ ಬಿ.ಸಿ ಕಾಲುವೆ ಮುಖಾಂತರ ವಿವಿಧ ಕೆರೆಗಳಿಗೆ ನೀರು ತುಂಬಿಸುವ ಕುರಿತು,Watering on various lakes through the NR BC Canal,ಬೋಸ್‌ರಾಜು .ಎನ್.ಎಸ್,Bosaraju N S
433,13/07/2016,ಸಣ್ಣ ನೀರಾವರಿ,Small irrigation,ಕೆರೆಗಳ ಅಭಿವೃದ್ಧಿ,Development of lakes,ಬೋಸ್‌ರಾಜು .ಎನ್.ಎಸ್,Bosaraju N S
434,13/07/2016,ಕಂದಾಯ,Revenue,ರಾಯಚೂರಿನಲ್ಲಿ ಜಿಲ್ಲಾ ಕಛೇರಿ ಮತ್ತು ಮಾನ್ವಿ ಪಟ್ಟಣದಲ್ಲಿ ಮಿನಿ ವಿಧಾನಸೌಧ ಕಟ್ಟಡ ನಿರ್ಮಿಸುವ ಬಗ್ಗೆ,About building mini-mansion building in district headquarters and Manvi town in Raichur,ಬೋಸ್‌ರಾಜು .ಎನ್.ಎಸ್,Bosaraju N S
435,13/07/2016,ಅರಣ್ಯ,Forest,ರಾಯಚೂರಿನಲ್ಲಿ ಜಿಲ್ಲೆಯ ಸರ್ಕಾರಿ ಕಛೇರಿಗಳು ಹಾಗೂ ಶಾಲಾ ಕಾಲೇಜುಗಳಲ್ಲಿ ಸಸಿಗಳನ್ನು ನೆಡುವ ಬಗ್ಗೆ,About planting in government offices and school colleges in Raichur,ಬೋಸ್‌ರಾಜು .ಎನ್.ಎಸ್,Bosaraju N S
436,13/07/2016,ಕಂದಾಯ,Revenue,ಕೊಡಗು ಜಿಲ್ಲೆಯಲ್ಲಿರುವ ಸರ್ಕಾರಿ ಭೂಮಿಯ ಬಗ್ಗೆ,About Government Earth in Kodagu District,ಸುನೀಲ್ ಸುಬ್ರಮಣಿ .ಎಂ.ಪಿ,Sunil Subramani M P
437,13/07/2016,ಕಂದಾಯ,Revenue,ಪಸಾರಿ ಕಾಲೋನಿ ಜನರಿಗೆ ಹಕ್ಕು ಪತ್ರ ನೀಡುವ ಬಗ್ಗೆ,About giving rights to the Pasari Colony people,ಸುನೀಲ್ ಸುಬ್ರಮಣಿ .ಎಂ.ಪಿ,Sunil Subramani M P
438,13/07/2016,ಭಾರಿ ಮತ್ತು ಮಧ್ಯಮ ನೀರಾವರಿ,Heavy and medium irrigation,ಜಲ ಸಂಪನ್ಮೂಲ ಇಲಾಖೆಯಿಂದ ಉದ್ದೇಶಿಸಲಾದ ಯೋಜನೆಗಳ ಬಗ್ಗೆ,About projects proposed by the Water Resources Department,ಸುನೀಲ್ ಸುಬ್ರಮಣಿ .ಎಂ.ಪಿ,Sunil Subramani M P
439,13/07/2016,ಕಂದಾಯ,Revenue,ಗದಗ ನಗರದ ಆಸ್ತಿ ಉತಾರಗಳನ್ನು ತಹಶೀಲ್ದಾರ್ ಕಛೇರಿಂದ ಕೈ ಬರಹದಲ್ಲಿ ಕೊಡುವುದನ್ನು ನಿಲ್ಲಿಸಿರುವುದು,Stopping the property of Gadag city property in Tahsildar office handwriting,ಸಂಕನೂರ .ಎಸ್.ವ್ಹಿ,Sankanura S V
440,13/07/2016,ಅರಣ್ಯ ಸಚಿವರು,Forest Minister,ಗದಗ ಜಿಲ್ಲೆಯ ಕಪ್ಪತಗುಡ್ಡವನ್ನು ಸಂರಕ್ಷಿತ ಮೀಸಲು ಅರಣ್ಯ ಮೀಸಲು ಪ್ರದೇಶ ಎಂದು ಘೋಷಣೆ ಮಾಡುವ ಬಗ್ಗೆ,The announcement of the Kappataguda in Gadag district as a protected reserved forest reserves,ಸಂಕನೂರ .ಎಸ್.ವ್ಹಿ,Sankanura S V
441,13/07/2016,ಯುವ ಸಬಲೀಕರಣ ಮತ್ತು ಕ್ರೀಡಾ,Youth empowerment and sport,ಜಿಲ್ಲಾ ಹಾಗೂ ತಾಲ್ಲೂಕು ಕ್ರೀಡಾಂಗಣಗಳಲ್ಲಿ ಕಾರ್ಯನಿರ್ವಹಿಸುತ್ತಿರುವ ಸಿಬ್ಬಂದಿ,Staff working in District and Taluk stadiums,ಸಂಕನೂರ .ಎಸ್.ವ್ಹಿ,Sankanura S V
442,13/07/2016,ಕಂದಾಯ,Revenue,ರಾಜ್ಯದಲ್ಲಿ ಉಂಟಾಗಿದ್ದ ಬರ ನಿರ್ವಹಣೆ ಕುರಿತು,About drought management in the state,ಸಮಣ್ಣ .ವಿ,Somanna V
443,13/07/2016,ಕಂದಾಯ,Revenue,ಅಕ್ರಮ ಒತ್ತುವರಿ ಜಾಗವನ್ನು ತೆರವುಗೊಳಿಸುವ ಬಗ್ಗೆ,About clearing the illegal enclosure space,ಸಮಣ್ಣ .ವಿ,Somanna V
444,13/07/2016,ಕಂದಾಯ,Revenue,ಬೆಂಗಳೂರು ನಗರ ಜಿಲ್ಲಾ ವ್ಯಾಪ್ತಿಯಲ್ಲಿ ಒತ್ತುವರಿ ತೆರವು ಕುರಿತು,About Bangalore City Urban Districts,ಸಮಣ್ಣ .ವಿ,Somanna V
445,13/07/2016,ಕಂದಾಯ,Revenue,ಕೇಂದ್ರ ಸರ್ಕಾರದಿಂದ ಹಾಗೂ ರಾಜ್ಯ ಸರ್ಕಾರದಿಂದ ಬರ ಪರಿಹಾರ ಬಿಡುಗಡೆ ಬಗ್ಗೆ,About Drought Relief Release from the Central Government and the State Government,ಸೋಮಣ್ಣ ಮ ಬೇವಿನಮರದ,Samanna Ma Bevinamara
446,13/07/2016,ಅರಣ್ಯ,Forest,ಹಾವೇರಿಯಲ್ಲಿ ಜಿಂಕೆ ಹಾವಳಿ ಬಗ್ಗೆ,About the deer snakes in Hawaii,ಸೋಮಣ್ಣ ಮ ಬೇವಿನಮರದ,Samanna Ma Bevinamara
447,13/07/2016,ಸಣ್ಣ ನೀರಾವರಿ,Small irrigation,ಹಾವೇರಿ ಜಿಲ್ಲೆಯ ದೊಡ್ಡ ಹಾಗೂ ಸಣ್ಣ ಕೆರೆಗಳ ಬಗ್ಗೆ,About the large and small lakes of Haveri district,ಸೋಮಣ್ಣ ಮ ಬೇವಿನಮರದ,Samanna Ma Bevinamara
448,13/07/2016,ಕಂದಾಯ,Revenue,ರಾಜ್ಯದಲ್ಲಿರುವ ಅಲೆಮಾರಿ ಜನಾಂಗ ಹಾಗೂ ಬೇಡಜಂಗಮಗಳ ಕುಟುಂಬಗಳ ಬಗ್ಗೆ,About the families of the nomadic people and bishops in the state,ಸೋಮಣ್ಣ ಮ ಬೇವಿನಮರದ,Samanna Ma Bevinamara
449,13/07/2016,ಮುಜರಾಯಿ,Muzarai,ದೇವಸ್ಥಾನದ ಕಾರ್ಯನಿರ್ವಹಣಾಧಿಕಾರಿಯವರ ಅಕ್ರಮ ಅವ್ಯವಹಾರಗಳು,Illegal disadvantages of the Temple Executive Officer,ಸೋಮಣ್ಣ ಮ ಬೇವಿನಮರದ,Samanna Ma Bevinamara
450,13/07/2016,ಕಾನೂನು,The law,ಬೆಂಗಳೂರಿನ ಚೆಲ್ಲಘಟ್ಟ ಮತ್ತು ವರ್ತೂರು ಕೆರೆಗಳ ಕುರಿತು,About Chellaghat and Varthur lakes in Bangalore,ನಾರಾಯಣಸ್ವಾಮಿ .ಎಂ,Narayanaswamy M
451,13/07/2016,ಕಂದಾಯ,Revenue,ಕರ್ನಾಟಕ ಭೂಸುಧಾರಣಾ ಕಾಯ್ದೆ ೧೯೬೪ರ ೧೩೬/೩ ಮತ್ತು ಇ-ಖಾತೆಗಳ ಕುರಿತು,About 136/3 of the Karnataka Land Reforms Act 1964 and e-Accounts,ನಾರಾಯಣಸ್ವಾಮಿ .ಎಂ,Narayanaswamy M
452,13/07/2016,ಮುಜರಾಯಿ ಸಚಿವರು,Muzirai Ministers,ಚಾಮರಾಜನಗರದ ಚಾಮರಾಜೇಶ್ವರ ದೇವಾಲಯದ ಅಭಿವೃದ್ಧಿ,Development of Chamarajeshwara Temple at Chamarajanagar,ನಾಗರಾಜು .ಎಸ್,Nagaraja S
453,13/07/2016,ಅರಣ್ಯ,Forest,ಉಮ್ಮತ್ತೂರು ಅರಣ್ಯ ಪ್ರದೇಶವನ್ನು ಕೃಷ್ಣಮೃಗಗಳ ವನ್ಯಜೀವಿಧಾಮವನ್ನಾಗಿ ಘೋಷಣೆ,The Wildlife Sanctuary of Ummertoor is declared as a wildlife sanctuary,ನಾಗರಾಜು .ಎಸ್,Nagaraja S
454,13/07/2016,ಕಂದಾಯ,Revenue,ಯಳಂದೂರು ತಾಲ್ಲೂಕು ಅಮೆಕೆರೆಯಲ್ಲಿ ಭೂರಹಿತರಿಗೆ ಮಂಜೂರಾಗಿರುವ ಭೂಮಿಯಲ್ಲಿ ಸಾಗುವಳಿ ಅವಕಾಶ,"The cultivation of land on land allotted to landless people in Yellandur Taluk,",ನಾಗರಾಜು .ಎಸ್,Nagaraja S
455,13/07/2016,ಭಾರಿ ಮತ್ತು ಮಧ್ಯಮ ನೀರಾವರಿ,Heavy and medium irrigation,ಕೃಷ್ಣಾರಾಜಸಾಗರ ಜಲಾಶಯದ ಅಭಿವೃದ್ಧಿ,Development of the Krishna Rajasagar Dam,ನಾಗರಾಜು .ಎಸ್,Nagaraja S
456,13/07/2016,ಸಣ್ಣ ನೀರಾವರಿ,Small irrigation,ಕಾಮಗಾರಿಗಳ ಅನುಷ್ಠಾನದ ಕುರಿತು,About the implementation of works,ಪ್ರದೀಪ್ ಶೆಟ್ಟರ್,Pradeep Shettar
457,13/07/2016,ಭಾರಿ ಮತ್ತು ಮಧ್ಯಮ ನೀರಾವರಿ,Heavy and medium irrigation,ಂiಜನೆಗಳ ಅನುಷ್ಠಾನದ ಕುರಿತು,I am concerned about the implementation of the people,ಪ್ರದೀಪ್ ಶೆಟ್ಟರ್,Pradeep Shettar
458,13/07/2016,ಯುವ ಸಬಲೀಕರಣ ಮತ್ತು ಕ್ರೀಡಾ,Youth empowerment and sport,ಕ್ರೀಡಾಂಗಣಗಳ ಕುರಿತು,About stadiums,ಪ್ರದೀಪ್ ಶೆಟ್ಟರ್,Pradeep Shettar
459,13/07/2016,ಸಣ್ಣ ನೀರಾವರಿ,Small irrigation,ಚೆಕ್ ಡ್ಯಾಂ ಮತ್ತು ಬೋರ್‌ವೆಲ್‌ಗಳ ಕುರಿತು,About check dam and borewells,ಪ್ರದೀಪ್ ಶೆಟ್ಟರ್,Pradeep Shettar
460,13/07/2016,ಅರಣ್ಯ,Forest,ಅರಣ್ಯ ಇಲಾಖೆಯ ಕಛೇರಿಗಳು ಹಾಗೂ ಸಿಬ್ಬಂದಿಗಳ ಕುರಿತು,About Forest Department Offices and Staff,ಪ್ರದೀಪ್ ಶೆಟ್ಟರ್,Pradeep Shettar
461,13/07/2016,ಕಂದಾಯ,Revenue,ಚಿಕ್ಕಮಂಗಳೂರು ಜಿಲ್ಲೆಯಲ್ಲಿ ಪಿಂಚಣಿ ಅದಾಲತ್‌ಗಳನ್ನು ನಡೆಸುವ ಬಗ್ಗೆ,About Pensions Adalats in Chikmagalur District,ಪ್ರಾಣೇಶ್ .ಎಂ.ಕೆ,Pranesha M K
462,13/07/2016,ಕಂದಾಯ,Revenue,ಕಾಟ್ರೇಡ್ಜ್ ಮತ್ತು ಪೇಪರ್ ಸರಬರಾಜು ಆಗದೆ ಇರುವ ಬಗ್ಗೆ,About being unsatisfied with the cartridge and paper supplies,ಪ್ರಾಣೇಶ್ .ಎಂ.ಕೆ,Pranesha M K
463,13/07/2016,ಮುಜರಾಯಿ,Muzarai,ಮುಜರಾಯಿ ಇಲಾಖೆಯಿಂದ ಬಿಡುಗಡೆಯಾದ ಅನುದಾನ ಕುರಿತು,About the grant from the Muzrai Department,ಪ್ರಾಣೇಶ್ .ಎಂ.ಕೆ,Pranesha M K
464,13/07/2016,ಕಂದಾಯ,Revenue,ಪಹಣಿಗಳಲ್ಲಿ ಓಔ ಅಖಔP ಎಂದು ಬರುತ್ತಿರುವ ಬಗ್ಗೆ,Outsourcing of Oahu ahou P in cats,ಪ್ರಾಣೇಶ್ .ಎಂ.ಕೆ,Pranesha M K
465,13/07/2016,ಕಂದಾಯ,Revenue,ಜ್ಯೇಷ್ಠತಾ ಪಟ್ಟಿಯನ್ನು ಅಂತರ್ಜಾಲದಲ್ಲಿ ಪ್ರಕಟಿಸುವ ಬಗ್ಗೆ,About publishing a list of web pages,ಪ್ರಾಣೇಶ್ .ಎಂ.ಕೆ,Pranesha M K
466,13/07/2016,ಭಾರಿ ಮತ್ತು ಮಧ್ಯಮ ನೀರಾವರಿ,Heavy and medium irrigation,ವರಾಹಿ ನೀರಾವರಿ ಯೋಜನೆಯಲ್ಲಿ ಮೂರನೇ ಪಕ್ಷಗಾರರ ತನಿಖೆಗೋಳಪಟ್ಟ ೮ ಪ್ರಕರಣಗಳ ಕುರಿತು,About 8 cases of third party investigations in the Varahi irrigation project,ಪ್ರತಾಪಚಂದ್ರ ಶೆಟ್ಟಿ .ಕೆ,Pratapachandra Shetty K
467,13/07/2016,ಭಾರಿ ಮತ್ತು ಮಧ್ಯಮ ನೀರಾವರಿ,Heavy and medium irrigation,ರಾಜ್ಯದ ವಿವಿಧ ನೀರಾವರಿ ಯೋಜನೆಯಲ್ಲಿನ ಖಾಸಗಿ ವಿದ್ಯುತ್ ಉತ್ಪಾದನಾ ಘಟಕಗಳು,Private power plants in the state's various irrigation projects,ಪ್ರತಾಪಚಂದ್ರ ಶೆಟ್ಟಿ .ಕೆ,Pratapachandra Shetty K
468,13/07/2016,ಕಾರ್ಮಿಕ,Labor,ರಾಜ್ಯ ಹಾಗೂ ಕೇಂದ್ರ ಸರ್ಕಾರದ ಕಾರ್ಮಿಕ ಇಲಾಖಾ ಕನಿಷ್ಠ ವೇತನ,Minimum Wage of the State and Central Government Labor Department,ಪ್ರತಾಪಚಂದ್ರ ಶೆಟ್ಟಿ .ಕೆ,Pratapachandra Shetty K
469,13/07/2016,ಯುವ ಸಬಲೀಕರಣ ಮತ್ತು ಕ್ರೀಡಾ,Youth empowerment and sport,ದಕ್ಷಿಣ ಕನಡ ಮತ್ತು ಉಡುಪಿ ಜಿಲ್ಲೆಯಲ್ಲಿ ನೋದಾಯಿತ ಯುವಕ ಯುವತಿ ಮಂಡಳಿಗಳು,The youth youth councils are in South Kanada and Udupi district,ಪ್ರತಾಪಚಂದ್ರ ಶೆಟ್ಟಿ .ಕೆ,Pratapachandra Shetty K
470,13/07/2016,ಕಂದಾಯ,Revenue,"ಕುಂದಾಪುರ, ಉಡುಪಿ ಮತ್ತು ಕಾರ್ಕಳ ತಾಲ್ಲೂಕಿನ ಭೂ ನ್ಯಾಯ ಮಂಡಳಿ ಸದಸ್ಯರಿಗೆ ಗೌರವ ಧನ","Honorable Members of the Land Judiciary Board of Kundapur, Udupi and Karkala Taluk",ಪ್ರತಾಪಚಂದ್ರ ಶೆಟ್ಟಿ .ಕೆ,Pratapachandra Shetty K
471,13/07/2016,ಸಣ್ಣ ನೀರಾವರಿ,Small irrigation,ಸಣ್ಣ ಕೆರೆಗಳ ಅಭಿವೃದ್ಧಿ ಬಗ್ಗೆ,About the development of small lakes,ಪಾಟೀಲ್ .ಬಿ.ಜಿ,Patil B G
472,13/07/2016,ಕಂದಾಯ,Revenue,ಬರ ಪರಿಹಾರ ಮತ್ತು ಕುಡಿಯುವ ನೀರಿನ ಬಗ್ಗೆ,About drought relief and drinking water,ಪಾಟೀಲ್ .ಬಿ.ಜಿ,Patil B G
473,13/07/2016,ಕಂದಾಯ,Revenue,ಮೈತ್ರಿ ಯೋಜನೆ,Alliance plan,ಪಾಟೀಲ್ .ಬಿ.ಜಿ,Patil B G
474,13/07/2016,ಅರಣ್ಯ,Forest,ಮಾಲಿನ್ಯ ಮಾಡುತ್ತಿರುವ ಕಾರ್ಖಾನೆಗಳು,Pollutant factories,ಶರವಣ .ಟಿ.ಎ,Sharavana T A
475,13/07/2016,ಮುಜರಾಯಿ,Muzarai,ಸಮುದಾಯ ಭವನದ ಶಂಕು ಸ್ಥಾಪನೆ,Community hall foundation,ಶರವಣ .ಟಿ.ಎ,Sharavana T A
476,13/07/2016,ನೀರಾವರಿ,Irrigation,ನೀರಾವರಿ ಯೋಜನೆಗಳು,Irrigation projects,ಶರವಣ .ಟಿ.ಎ,Sharavana T A
477,13/07/2016,ಮುಜರಾಯಿ,Muzarai,ಮುಜರಾಯಿ ಇಲಾಖೆಯ ಪ್ರವಾಸಿ ವಸತಿ ಗೃಹಗಳ ಮೂಲ ಸೌಕರ್ಯಗಳು,The infrastructure of the tourist housing houses of the Muzirai Department,ವಿಮಲಾಗೌಡ,Vimalaa Gowda
478,13/07/2016,ಭಾರಿ ಮತ್ತು ಮಧ್ಯಮ ನೀರಾವರಿ,Heavy and medium irrigation,ಮಂಡ ಜಿಲ್ಲೆಯ ಭಾರಿ ಮತ್ತು ಮಧ್ಯಮ ನೀರಾವರಿಯ ಯೋಜನೆಗಳು,Heavy and medium irrigation projects in Mandh district,ವಿಮಲಾಗೌಡ,Vimalaa Gowda
479,13/07/2016,ಯುವ ಸಬಲೀಕರಣ ಮತ್ತು ಕ್ರೀಡಾ,Youth empowerment and sport,ಕ್ರೀಡಾಂಗಣಗಳನ್ನು ಸ್ಥಾಪಿಸುವ ಬಗ್ಗೆ,About establishing stadiums,ವಿಮಲಾಗೌಡ,Vimalaa Gowda
480,13/07/2016,ಕಂದಾಯ,Revenue,ಸಂಧ್ಯಾ ಸುರಕ್ಷಾ ಯೋಜನೆ,Sandhya Suraksha Scheme,ವಿಮಲಾಗೌಡ,Vimalaa Gowda
481,13/07/2016,ಮುಜರಾಯಿ,Muzarai,ಬೆಳಗಾವಿ ಜಿಲ್ಲೆ ಶ್ರೀ ಸವದತ್ತಿ ಯಲ್ಲಮ್ಮ ದೇವಸ್ಥಾನದಲ್ಲಿ ಮೂಲಭೂತ ಸೌಕರ್ಯ ಕೊರತೆ,The lack of infrastructure in Sri Savadatti Yellamma Temple in Belgaum district,ವಿವಕ್‌ರಾವ್ ವಸಂತರಾವ್ ಪಾಟೀಲ್,Vivek Rao Vasanth Rao Patil
482,13/07/2016,ಭಾರಿ ಮತ್ತು ಮಧ್ಯಮ ನೀರಾವರಿ,Heavy and medium irrigation,ಕೋಲಾರ ಹಾಗೂ ಚಿಕ್ಕಬಳ್ಳಾಪುರ ಜಿಲ್ಲೆಗಳಿಗೆ ಶಾಶ್ವತ ಕುಡಿಯುವ ನೀರನ್ನು ಒದಗಿಸುವ ಬಗ್ಗೆ,Providing permanent drinking water to Kolar and Chikkaballapur districts,ವೀರಯ್ಯ .ಡಿ.ಎಸ್,Veerayya D S
483,13/07/2016,ಕಂದಾಯ,Revenue,ರಿಯಲ್ ಎಸ್ಟೇಟ್ ನಿಯಂತ್ರಣ ಪ್ರಾಧಿಕಾರ ರಚಿಸುವುದು,Creating Real Estate Regulatory Authority,ವೀರಯ್ಯ .ಡಿ.ಎಸ್,Veerayya D S
484,13/07/2016,ಕಂದಾಯ,Revenue,ಪರಿಶಿಷ್ಠ ಜಾತಿ ಪರಿಶಿಷ್ಠ ಪಂಗಡಗಳಿಗೆ ಪ್ರತ್ಯೇಕ ಸ್ಮಶಾನಗಳನ್ನು ನಿರ್ಮಿಸುವ ಕುರಿತು,About building separate cemeteries for Scheduled Caste Scheduled Tribes,ವೀರಯ್ಯ .ಡಿ.ಎಸ್,Veerayya D S
485,13/07/2016,ಅರಣ್ಯ,Forest,ನೆಡುತೋಪುಗಳ ನಿರ್ವಹಣೆ,Planting Management,ವೀರಯ್ಯ .ಡಿ.ಎಸ್,Veerayya D S
486,13/07/2016,ಭಾರಿ ಮತ್ತು ಮಧ್ಯಮ ನೀರಾವರಿ,Heavy and medium irrigation,ಬೀದರ್ ಜಿಲ್ಲೆಯ ಕಾರಂಜಿ ನೀರಾವರಿ ಯೋಜನೆಯ ಬಗ್ಗೆ,About Fountain Irrigation Project in Bidar District,ವಿಜಯ್ ಸಿಂಗ್,Vijay Singh
487,13/07/2016,ಅರಣ್ಯ,Forest,ಅರಣ್ಯ ಪದೇಶದ ಒತ್ತುವರಿ ಬಗ್ಗೆ,About the occupation of forest territory,ವಿಜಯ್ ಸಿಂಗ್,Vijay Singh
488,13/07/2016,ಸಣ್ಣ ನೀರಾವರಿ,Small irrigation,ಕೆರೆ ಅಭಿವೃದ್ಧಿ ನಾಡಿನ ಶ್ರೇಯೋಭಿವೃದ್ಧಿ ಕಾರ್ಯಕ್ರಮದ ಅಡಿಯಲ್ಲಿ ಕೆರೆಗಳ ಅಭಿವೃದ್ಧಿ ಬಗ್ಗೆ,About the development of lakes under the Rural Development Program of Lake Development,ವಿಜಯ್ ಸಿಂಗ್,Vijay Singh
489,13/07/2016,ಭಾರಿ ಮತ್ತು ಮಧ್ಯಮ ನೀರಾವರಿ,Heavy and medium irrigation,ಗೋದಾವರಿ ನದಿ ನೀರಿನ ಬಗ್ಗೆ,About the river Godavari river,ವಿಜಯ್ ಸಿಂಗ್,Vijay Singh
490,13/07/2016,ಕಾರ್ಮಿಕ,Labor,ಉದ್ಯೋಗ ಮತ್ತು ತರಬೇತಿ ಇಲಾಖೆಯಲ್ಲಿ ಹೆಸರು ನೋಂದಣಿ ಮಾಡುವ ಬಗ್ಗೆ,Name Registration in the Department of Employment and Training,ಬಸನಗೌಡ ಆರ್ ಪಾಟೀಲ್,Basanagowda R Patil
491,13/07/2016,ಕಾರ್ಮಿಕ,Labor,ಕೂಲಿ ಕಾರ್ಮಿಕರ ಖಾಯಂಯಾತಿ ಮತ್ತು ಭದ್ರತೆ ಬಗ್ಗೆ,Concerns about the security and security of mercenaries,ಬಸನಗೌಡ ಆರ್ ಪಾಟೀಲ್,Basanagowda R Patil
492,13/07/2016,ಕಾರ್ಮಿಕ,Labor,ರಾಜ್ಯದ ಕೂಲಿ ಕಾರ್ಮಿಕರ ಬಗ್ಗೆ,About state laborers,ಬಸನಗೌಡ ಆರ್ ಪಾಟೀಲ್,Basanagowda R Patil
493,13/07/2016,ಕರ್ಮಿಕ,The work,ಉದ್ಯೋಗ ಮತ್ತು ತರಬೇತಿ ಇಲಾಖೆಯಲ್ಲಿ ನಿರುದ್ಯೋಗಿಗಳಿಗೆ ತರಬೇತಿ,Training for unemployed in the Department of Employment and Training,ಬಸನಗೌಡ ಆರ್ ಪಾಟೀಲ್,Basanagowda R Patil
494,13/07/2016,ಕಂದಾಯ,Revenue,ಗ್ರಾಮೀಣ ಪ್ರದೇಶದ ಗುಂಟಾಪ್ಲಾಟ್ ಗಳ ಬಗ್ಗೆ,About Guntaplots in rural areas,ಬಸನಗೌಡ ಆರ್ ಪಾಟೀಲ್,Basanagowda R Patil
495,13/07/2016,ಕಾರ್ಮಿಕ,Labor,೭ವರ್ಷ ಅವಧಿ ಪೂರೈಸಿದ ಖಾಸಗಿ ಐಟಿಐ ಕಾಲೇಜುಗಳನ್ನು ಅನುದಾನಕ್ಕೊಳಪಡಿಸುವ ಕುರಿತು,About granting private ITI colleges completed 7 years,ಬಸವರಾಜ ಶಿವಲಿಂಗಪ್ಪ ಹೊರಟಿ,Basavaraja Shivalingappa Horatti
496,13/07/2016,ಕಾನೂನು,The law,ಕನೂನು ವಿಶ್ವವಿದ್ಯಾಲಯ ಹುಬ್ಬಳ್ಳಿ ಇದರ ಪ್ರಾದೇಶೀಕ ಕಛೇರಿಯನ್ನು ಬೆಂಗಳೂರಿನಲ್ಲಿ ಪ್ರಾರಂಭಿಸುತ್ತಿರುವ ಕುರಿತು,Kanu University About Hubli Launching its Regional Office in Bangalore,ಬಸವರಾಜ ಶಿವಲಿಂಗಪ್ಪ ಹೊರಟಿ,Basavaraja Shivalingappa Horatti
497,13/07/2016,ಕರ್ಮಿಕ,The work,ಗುತ್ತಿಗೆ ಕಾರ್ಮಿಕರನ್ನು ಖಾಯಂಗೊಳಿಸುವ ಕುರಿತು,About leasing contract workers,ಬಸವರಾಜ್ ಪಾಟೀಲ್ ಇಟಗಿ,Basavaraja Patil Itagi
498,13/07/2016,ಸಣ್ಣ ನೀರಾವರಿ,Small irrigation,ಸಣ್ಣ ನೀರಾವರಿಯ ಅಭಿವೃದ್ಧಿ ಕಾಮಗಾರಿ ವಿವರ ಒದಗಿಸುವುದು,Providing small irrigation development work details,ಬಸವರಾಜ್ ಪಾಟೀಲ್ ಇಟಗಿ,Basavaraja Patil Itagi
499,13/07/2016,ಭಾರಿ ಮತ್ತು ಮಧ್ಯಮ ನೀರಾವರಿ,Heavy and medium irrigation,"ಓ.ಖ.ಃ.ಅ.ಆisಣಥಿ ಓo. ೧೫,೧೬,೧೭,೧೮. ನೀರು ಬಾರದ ಬಗ್ಗೆ","OHH is it oh oh. 15,16,17,18. About Water",ಬಸವರಾಜ್ ಪಾಟೀಲ್ ಇಟಗಿ,Basavaraja Patil Itagi
500,13/07/2016,ಕಂದಾಯ,Revenue,೩೭೧-ಎ ಅಇಖಖಿIಈIಅಂಖಿಇ ಬಗ್ಗೆ,371-A Information Officer I am talking about this,ಬಸವರಾಜ್ ಪಾಟೀಲ್ ಇಟಗಿ,Basavaraja Patil Itagi
501,13/07/2016,ಕಂದಾಯ,Revenue,ಬೆಳೆ ಪರಿಹಾರ ನೀಡುವ ಕುರಿತು,About crop relief,ಬಸವರಾಜ್ ಪಾಟೀಲ್ ಇಟಗಿ,Basavaraja Patil Itagi
502,13/07/2016,ಅರಣ್ಯ,Forest,ಈUಓಅಖಿIಔಓIಓಉ ಔಈ ಐಂಖಉಇ Sಅಂಐಇ ಂಂಆIಗಿಂSI ಒUಐಖಿIPUಖPಔSಇ SಔಅIಇಖಿIಇS,This U Oqhi I AO I OU Au Ie Ieqi SIII I AM GI SI O U Aichi IPU Kh P A S S S AA I Ihi I I S,ಲಹರ್ ಸಿಂಗ್ ಸಿರೋಯಾ,Lahar Singh Siroya
503,13/07/2016,ಸಣ್ಣ ನೀರಾವರಿ,Small irrigation,ರಾಜ್ಯದಲ್ಲಿರುವ ಕೆರೆಗಳ ಮಾಹಿತಿ,Information on lakes in the state,ಲಹರ್ ಸಿಂಗ್ ಸಿರೋಯಾ,Lahar Singh Siroya
504,13/07/2016,ಮುಜರಾಯಿ,Muzarai,ಶ್ರೀ ಗವಿರಂಗನಾಥಸ್ವಾಮಿ ದೇವಸ್ಥಾನ ಅಭಿವೃದ್ಧಿ ಬಗ್ಗೆ,About Sri Gaviranganathaswamy Temple Development,ಲಕ್ಷ್ಮೀನಾರಾಯಣ .ಎಂ.ಡಿ,Lakshmi Narayana MD
505,13/07/2016,ಕಾನೂನು,The law,ಕಾನೂನು ಪದವೀಧರರಿಗೆ ಶಿಷ್ಯ ವೇತನ ಜಾಸ್ತಿ ಮಾಡುವ ಬಗ್ಗೆ,About pupil wages for law graduates,ಲಕ್ಷ್ಮೀನಾರಾಯಣ .ಎಂ.ಡಿ,Lakshmi Narayana MD
506,13/07/2016,ಮುಜರಾಯಿ,Muzarai,ತುರುವೇಕೆರೆ ತಾಲ್ಲೂಕಿನ ದೇವಸ್ಥಾನಗಳ ಬಗ್ಗೆ,About Temples in Tuvaerekere Taluk,ಲಕ್ಷ್ಮೀನಾರಾಯಣ .ಎಂ.ಡಿ,Lakshmi Narayana MD
507,13/07/2016,ಕಂದಾಯ,Revenue,ಸವಿತಾ ಸಮಾಜಕ್ಕೆ ಸಮುದಾಯ ಭವನ ನಿರ್ಮಿಸಲು ಜಮೀನು ಮಂಜೂರು ಬಗ್ಗೆ,About Land Allowance for building community building for Savita community,ಲಕ್ಷ್ಮೀನಾರಾಯಣ .ಎಂ.ಡಿ,Lakshmi Narayana MD
508,13/07/2016,ಜವಳಿ,Textile,ನೇಕಾರರು ವಿದ್ಯುಚ್ಛಕ್ತಿ ಮಗ್ಗಗಳನ್ನು ನಿಲ್ಲಿಸುವಂತೆ ಆದೇಶ ಮಾಡಿರುವ ಬಗ್ಗೆ,The weavers are ordered to stop power looms,ಲಕ್ಷ್ಮೀನಾರಾಯಣ .ಎಂ.ಡಿ,Lakshmi Narayana MD
509,13/07/2016,ಭಾರಿ ಮತ್ತು ಮಧ್ಯಮ ನೀರಾವರಿ,Heavy and medium irrigation,ಎತ್ತಿನ ಹೊಳೆ ಯೋಜನೆಯನ್ನು ತ್ವರಿತಗತಿಯಲ್ಲಿ ಪ್ರಾರಂಭಿಸುವುದು,Quick launch of the bull glitter project,ಮನೋಹರ್ .ಸಿ.ಆರ್,Manohara CR
510,13/07/2016,ಅರಣ್ಯ,Forest,ಅರಣ್ಯ ಪ್ರದೇಶ ಬೆಳೆಸುವುದು,Developing forest area,ಮನೋಹರ್ .ಸಿ.ಆರ್,Manohara CR
511,13/07/2016,ಸಣ್ಣ ನೀರಾವರಿ,Small irrigation,ಕೆರೆಗಳ ಒತ್ತುವರಿ,Enclosure of lakes,ಮನೋಹರ್ .ಸಿ.ಆರ್,Manohara CR
512,13/07/2016,ಅರಣ್ಯ,Forest,ಆನೆಗಳ ಹಾವಳಿಯ ಬಗ್ಗೆ,About the elephant's travels,ಮೋಟಮ್ಮ,Motamma
513,13/07/2016,ಕಂದಾಯ,Revenue,ಗಣಕೀಕೃತ ಪಹಣಿ ಪ್ರತಿ ಬಗ್ಗೆ,About computerized computing,ಅಪ್ಪಾಜಿಗೌಡ .ಎನ್,Appajigowda N
514,13/07/2016,ಕಾರ್ಮಿಕ,Labor,ಕಾರ್ಮಿಕರ ಸಮಸ್ಯೆ ಬಗ್ಗೆ,About the problem of workers,ಅಪ್ಪಾಜಿಗೌಡ .ಎನ್,Appajigowda N
515,13/07/2016,ಅರಣ್ಯ,Forest,ಸಾಮಾಜಿಕ ಅರಣ್ಯ ಅಭಿವೃದ್ಧಿ ಬಗ್ಗೆ,About Social Forest Development,ಅಪ್ಪಾಜಿಗೌಡ .ಎನ್,Appajigowda N
516,13/07/2016,ಮೀನುಗಾರಿಕೆ,Fishing,ಮಂಡ್ಯ ಜಿಲ್ಲೆಯ ಕೆರೆಗಳಲ್ಲಿ ಮೀನುಗಾರಿಕೆ ಬಗ್ಗೆ,About fishing in the lakes of Mandya district,ಅಪ್ಪಾಜಿಗೌಡ .ಎನ್,Appajigowda N
517,13/07/2016,ಸಣ್ಣ ನೀರಾವರಿ,Small irrigation,ಸಣ್ಣ ಕೆರೆಗಳ ದುಸ್ಥಿತಿ ಬಗ್ಗೆ,About the lakes of small lakes,ಅಪ್ಪಾಜಿಗೌಡ .ಎನ್,Appajigowda N
518,13/07/2016,ಭಾರಿ ಮತ್ತು ಮಧ್ಯಮ ನೀರಾವರಿ,Heavy and medium irrigation,ತುಂಗ ಭದ್ರ ಜಲಾಶಯದಲ್ಲಿ ೩೨ ಟಿಎಂಸಿ ಯಷ್ಟು ಹೂಳು ತುಂಬಿರುವ ಬಗ್ಗೆ,About 32 TMC silt in the Tungabhadra reservoir,ಅಮರನಾಥ ಪಾಟೀಲ್,Amaranatha Patil
519,13/07/2016,ಜವಳಿ,Textile,"ಹೈದ್ರಾಬಾದ್ ಕರ್ನಾಟಕ ಭಾಗದ ಆರು ಜಿಲ್ಲೆಗಳಲ್ಲಿ ""ಟೆಕ್ಸ್ ಟೈಲ್ ಪಾರ್ಕ""ಗಳ ಯೋಜನೆ","The ""Tex Tile Parks"" project is in six districts of Hyderabad Karnataka",ಅಮರನಾಥ ಪಾಟೀಲ್,Amaranatha Patil
520,13/07/2016,ಮುಜರಾಯಿ,Muzarai,ಚಿತ್ತಾಪೂರ ತಾಲ್ಲೂಕಿನ ರಟಕಲ್ ಶ್ರೀ ರೇವಣ ಸಿದ್ದೇಶ್ವರ ದೇವಸ್ಥಾನದ ಅಭಿವೃದ್ಧಿ,Development of Raktal Shri Revanna Siddheswara Temple in Chittapura Taluk,ಅಮರನಾಥ ಪಾಟೀಲ್,Amaranatha Patil
521,13/07/2016,ಯುವ ಸಬಲೀಕರಣ ಮತ್ತು ಕ್ರೀಡಾ,Youth empowerment and sport,ಕಲಬುರಗಿ ತಾಲ್ಲೂಕು ಮಹಾಗಾಂವ್ ಕ್ರಾಸ್ ಹತ್ತಿರದ ಸರ್ಕಾರಿ ಜಮೀನಿನಲ್ಲಿ ಕ್ರೀಡಾಂಗಣ ನಿರ್ಮಾಣದ ಬಗ್ಗೆ,Kalaburagi Taluk About the construction of the stadium at Government Ground near Mahaganov Cross,ಅಮರನಾಥ ಪಾಟೀಲ್,Amaranatha Patil
522,13/07/2016,ಅರಣ್ಯ,Forest,ಹೈದ್ರಾಬಾದ್ ಕರ್ನಾಟಕ ಮತ್ತು ಉತ್ತರ ಕರ್ನಾಟಕದಲ್ಲಿ ಮರ ಮತ್ತು ಸಸಿಗಳನ್ನು ಬೆಳೆಸಲು ಹಮ್ಮಿಕೊಂಡಿರುವ ಯೋಜನೆ ಬಗ್ಗೆ,About the plan to raise tree and seedlings in Hyderabad Karnataka and North Karnataka,ಅಮರನಾಥ ಪಾಟೀಲ್,Amaranatha Patil
523,13/07/2016,ಕರ್ಮಿಕ,The work,ಬೋಧನಾ ಶುಲ್ಕದ ಪರಿಷ್ಕರಣೆ ಕುರಿತು,About revision of teaching fees,ಅರುಣ ಶಹಾಪುರ,Aruna Shahaapura
524,13/07/2016,ಭಾರಿ ಮತ್ತು ಮಧ್ಯಮ ನೀರಾವರಿ,Heavy and medium irrigation,ಭದ್ರಾ ಮೇಲ್ದಂಡೆ ಯೋಜನೆ ಕಾಮಗಾರಿ ಬಗ್ಗೆ,About the construction of the Bhadra project,ಜಯಮ್ಮ,Jayamma
525,13/07/2016,ಸಣ್ಣ ನೀರಾವರಿ,Small irrigation,ಅಂತರ್ ಜಲ ಅಭಿವೃದ್ಧಿ ಯೋಜನೆ,Inter-Water Development Project,ಜಯಮ್ಮ,Jayamma
526,13/07/2016,ಕಂದಾಯ,Revenue,ಗೊಲ್ಲರ ಹಟ್ಟಿ ಮತ್ತು ಲಂಬಾಣಿ ತಾಂಡಾಗಳನ್ನು ಕಂದಾಯ ಗ್ರಾಮಗಳನ್ನಾಗಿ ಮಂಜೂರು ಮಾಡುವುದು,Gullah Hatti and Lambani Tandas allotted as revenue villages,ಜಯಮ್ಮ,Jayamma
527,13/07/2016,ಕಾರ್ಮಿಕ,Labor,"ಮಹಿಳಾ ಕಾರ್ಮಿಕರ ಅಭಿವೃದ್ಧಿ, ಪುನರ್ವಸತಿ, ವಿದ್ಯಾಭ್ಯಾಸ, ರಕ್ಷಣೆ ಕುರಿತು","About Women's Work, Rehabilitation, Study, and Care",ಜಯಮಾಲಾ ರಾಮಚಂದ್ರ,Jayamala Ramachandra
528,13/07/2016,ಕರ್ಮಿಕ,The work,ಗಾರ್ಮೆಂಟ್ಸಗಳಲ್ಲಿ ಮಹಿಳೆಯರ ಸುರಕ್ಷತೆ ಕುರಿತು,About Women's Safety in Garments,ಜಯಮಾಲಾ ರಾಮಚಂದ್ರ,Jayamala Ramachandra
529,13/07/2016,ಕಾರ್ಮಿಕ,Labor,ಮಹಿಳಾ ಕಾರ್ಮಿಕರ-ಬಾಲಕಾರ್ಮಿಕರ ಪುನರ್ವಸತಿ ಕುರಿತು,About Women's Labor-Child Rehabilitation,ಜಯಮಾಲಾ ರಾಮಚಂದ್ರ,Jayamala Ramachandra
530,13/07/2016,ಅರಣ್ಯ,Forest,ಅರಣ್ಯ ಸಂರಕ್ಷಿತ ಪ್ರದೇಶದಲ್ಲಿ ವಾಣಿಜ್ಯ ಚಟುವಟಿಕೆ,Commercial activity in forest conservation area,ರಾಮಚಂದ್ರಗೌಡ,Ramachandra Gowda
531,13/07/2016,ಯುವ ಸಬಲೀಕರಣ ಮತ್ತು ಕ್ರೀಡಾ,Youth empowerment and sport,ಕ್ರೀಡಾ ಪ್ರಾಧಿಕಾರದಲ್ಲಿ ತರಬೇತುದಾರರು,Coaches in Sports Authority,ರಾಮಚಂದ್ರಗೌಡ,Ramachandra Gowda
532,13/07/2016,ಅರಣ್ಯ,Forest,ಬನ್ನೇರುಘಟ್ಟ ಉದ್ಯಾನದಲ್ಲಿ ಪ್ರಾಣಿಗಳು,Animals in Bannerghatta Park,ರಾಮಚಂದ್ರಗೌಡ,Ramachandra Gowda
533,13/07/2016,ಕಂದಾಯ,Revenue,ಬರ ಪರಿಹಾರ ಕಾಮಗಾರಿ,Drought relief works,ರಾಮಚಂದ್ರಗೌಡ,Ramachandra Gowda
534,13/07/2016,ಕಂದಾಯ,Revenue,ಲಾಲಧರಿ ಆಶ್ರಮದ ಬಗ್ಗೆ,About Laladhari Ashram,ರಾಮಚಂದ್ರಗೌಡ,Ramachandra Gowda
535,13/07/2016,ಸಣ್ಣ ನೀರಾವರಿ,Small irrigation,ಕೊಪ್ಪಳ ಜಿಲ್ಲೆಯಲ್ಲಿ ಕೆರೆಗಳ ದುರಸ್ತಿ ಹೆಸರಿನಲ್ಲಿ ಭ್ರಷ್ಠಾಚಾರ ನಡೆದಿರುವ ಬಗ್ಗೆ,Corruption in the name of repair of lakes in Koppal district,ರಘುನಾಥ ರಾವ್ ಮಲ್ಕಾಪೂರೆ,Raghunath Rao Malkapore
536,13/07/2016,ಕಾರ್ಮಿಕ,Labor,ಮೃತಪಟ್ಟಿರುವ ಕಾರ್ಮಿಕರಿಗೆ ಪರಿಹಾರಧನ ಹೆಚ್ಚಿಸುವ ಬಗ್ಗೆ,About raising compensation for dead workers,ರಘುನಾಥ ರಾವ್ ಮಲ್ಕಾಪೂರೆ,Raghunath Rao Malkapore
537,13/07/2016,ಕಂದಾಯ,Revenue,ರೈತರಿಂದ ನೇರವಾಗಿ ಭೂಮಿ ಖರೀದಿಸುವ ಬಗ್ಗೆ,About land purchase directly from farmers,ರಘುನಾಥ ರಾವ್ ಮಲ್ಕಾಪೂರೆ,Raghunath Rao Malkapore
538,13/07/2016,ಭಾರಿ ಮತ್ತು ಮಧ್ಯಮ ನೀರಾವರಿ,Heavy and medium irrigation,ಮುಳವಾಡ ಏತ ನೀರಾವರಿ ಯೋಜನೆ ಕಾಮಗಾರಿಗಳ ಬಗ್ಗೆ,About Mullawada irrigation project works,ರಘುನಾಥ ರಾವ್ ಮಲ್ಕಾಪೂರೆ,Raghunath Rao Malkapore
539,13/07/2016,ಅರಣ್ಯ,Forest,ಪ್ಲಾಸ್ಟಿಕ್ ನಿಷೇಧದ ನಂತರ ಸರ್ಕಾರವು ಕೈಗೊಂಡ ಕ್ರಮಗಳ,Actions taken by the government after a plastic ban,ರಘುನಾಥ ರಾವ್ ಮಲ್ಕಾಪೂರೆ,Raghunath Rao Malkapore
540,13/07/2016,ಕಂದಾಯ,Revenue,ಪ್ರತಿಷ್ಠಿತ ಕ್ಲಬ್ಲ್‌ಗಳು ಮತ್ತು ಅವುಗಳ ಮೇಲಿನ ನಿಯಂತ್ರಣ,Prestigious clubs and control over them,ಉಗ್ರಪ್ಪ .ವಿ.ಎಸ್,Ugrappa VS
541,13/07/2016,ಅರಣ್ಯ ಸಚಿವರು,Forest Minister,ಸರಾಸರಿ ಅರಣ್ಯ ಪ್ರದೇಶ,Average forest area,ಉಗ್ರಪ್ಪ .ವಿ.ಎಸ್,Ugrappa VS
542,13/07/2016,ಕಂದಾಯ ಸಚಿವರು,Revenue Minister,ಅಕಮ-ಸಕ್ರಮ ಸಮಿತಿ ರಚನೆ,Formation of the Akama-Sarakrama Committee,ಉಗ್ರಪ್ಪ .ವಿ.ಎಸ್,Ugrappa VS
543,13/07/2016,ಕಾರ್ಮಿಕ,Labor,ಕಾರ್ಮಿಕ ಭವನ ನಿರ್ಮಾಣ,Construction of the labor hall,ಐವಾನ್ ಡಿ ಸೋಜಾ,Ivan Disoza
544,13/07/2016,ಅರಣ್ಯ,Forest,ಆನೆಗಳ ಹಾವಳಿಯಿಂದ ರಾಜ್ಯದಲ್ಲಿ ಉಂಟಾದ ಕೃಷಿ ನಷ್ಟಗಳ ಬಗ್ಗೆ,About agricultural losses caused by the elephant's trash,ಐವಾನ್ ಡಿ ಸೋಜಾ,Ivan Disoza
545,13/07/2016,ಕಂದಾಯ,Revenue,ಕಂದಾಯ ಇಲಾಖೆಯಲ್ಲಿ ವಿಚಾರಣೆಗೆ ಬಾಕಿ ಇರುವ ಅರ್ಜಿಗಳ ಬಗ್ಗೆ,Regarding applications for pending inquiry into the Revenue Department,ಐವಾನ್ ಡಿ ಸೋಜಾ,Ivan Disoza
546,13/07/2016,ಕಂದಾಯ,Revenue,೯೪ಸಿ ಅನ್ವಯ ರಾಜ್ಯದಲ್ಲಿ ಸ್ವೀಕರಿಸಿದ ಅರ್ಜಿಗಳ ಬಗ್ಗೆ,Regarding the applications received in the State under 94C,ಐವಾನ್ ಡಿ ಸೋಜಾ,Ivan Disoza
547,13/07/2016,ಯುವ ಸಬಲೀಕರಣ ಮತ್ತು ಕ್ರೀಡಾ,Youth empowerment and sport,ದಕ್ಷಿಣ ಕನ್ನಡ ಜಿಲ್ಲೆಯಲ್ಲಿ ಕ್ರೀಡಾ ಇಲಾಖೆಯಿಂದ ೨೦೧೪ ರಿಂದ ೨೦೧೬ ರಲ್ಲಿ ಕೈಗೊಂಡ ಯೋಜನೆಗಳ ಬಗ್ಗೆ,About the projects undertaken by the Department of Sports in South Kannada District from 2014 to 2016,ಐವಾನ್ ಡಿ ಸೋಜಾ,Ivan Disoza
548,13/07/2016,ಕಾರ್ಮಿಕ,Labor,ಬಾಲ ಕಾರ್ಮಿಕ ಪದ್ಧತಿಯ ನಿರ್ಮೂಲನೆ,Elimination of child labor,ಕ್ಯಾಪ್ಟನ್ ಗಶೇಶ್ ಕಾರ್ಣಿಕ್,Capt. Ganesh Karnik
549,13/07/2016,ಕಂದಾಯ,Revenue,ಬರ ಪರಿಹಾರ ಕಾಮಗಾರಿಗಳು,Drought relief works,ಕ್ಯಾಪ್ಟನ್ ಗಣೇಶ್ ಕಾರ್ಣಿಕ್,Capt. Ganesh Karnik
550,13/07/2016,ಯುವ ಸಬಲೀಕರಣ ಮತ್ತು ಕ್ರೀಡಾ,Youth empowerment and sport,ಕ್ರೀಡಾಂಗಣzಲ್ಲಿ ಕ್ರೀಡಾ ಚಟುವಟಿಕೆಗಳನ್ನು ಮಾತ್ರ ನಡೆಸುವ ಬಗ್ಗೆ,The stadium is only about playing sports activities,ಕ್ಯಾಪ್ಟನ್ ಗಣೇಶ್ ಕಾರ್ಣಿಕ್,Capt. Ganesh Karnik
551,13/07/2016,ಜವಳಿ,Textile,ಮೇಕ್ ಇನ್ ಇಂಡಿಯಾ ಯೋಜನೆಯ ಅಡಿಯಲ್ಲಿ ಕೈಮಗ್ಗ ಘಟಕಗಳ ಅಭಿವೃದ್ಧಿ,Development of handloom components under the Make-in India Scheme,ಕ್ಯಾಪ್ಟನ್ ಗಣೇಶ್ ಕಾರ್ಣಿಕ್,Capt. Ganesh Karnik
552,13/07/2016,ಶಿಕಣ,Sincerity,ಸರ್ಕಾರಿ ಐ.ಟಿ.ಐ. ಸಂಸ್ಥೆಗಳ ಬಗ್ಗೆ,Government ITI About Organizations,ಕ್ಯಾಪ್ಟನ್ ಗಣೇಶ್ ಕಾರ್ಣಿಕ್,Capt. Ganesh Karnik
553,13/07/2016,ಕಂದಾಯ,Revenue,ಬೆಳಗಾವಿ ಜಿಲ್ಲೆಯ ಗ್ರಾಮಗಳನ್ನು ಪೋಡಿ ಮುಕ್ತ ಗ್ರಾಮಗಳನ್ನಾಗಿ ಮಾಡುವುದು,The villages in Belgaum district are to be Podi-free villages,ಕವಟಗಿಮಠ ಮಹಂತೇಶ ಮಲ್ಲಿಕಾರ್ಜುನ,Kavatimata Mahantesha Mallikarjuna
554,13/07/2016,ಸಣ್ಣ ನೀರಾವರಿ,Small irrigation,"ಬೆಳಗಾವಿ ಜಿಲ್ಲೆಯಲ್ಲಿ ""ಕೆರೆ ಅಭಿವೃದ್ಧಿ ನಾಡಿನ ಶ್ರೇಯೋಭಿವೃದ್ಧಿ"" ಯೋಜನೆ",Improvement of Lakes Development Project in Belgaum district,ಕವಟಗಿಮಠ ಮಹಂತೇಶ ಮಲ್ಲಿಕಾರ್ಜುನ,Kavatimata Mahantesha Mallikarjuna
555,13/07/2016,ಕಾರ್ಮಿಕ,Labor,ರಾಜ್ಯದಲ್ಲಿ ಬಾಲ ಕಾರ್ಮಿಕ ಪದ್ಧತಿ ನಿರ್ಮೂಲನೆ,Elimination of child labor in the state,ಕವಟಗಿಮಠ ಮಹಂತೇಶ ಮಲ್ಲಿಕಾರ್ಜುನ,Kavatimata Mahantesha Mallikarjuna
556,13/07/2016,ಕಂದಾಯ,Revenue,ಅಂತ್ಯ ಸಂಸ್ಕಾರ ಯೋಜನೆಗೆ ಅನುದಾನದ ಕೊರತೆ,Lack of grants for the funeral project,ಕವಟಗಿಮಠ ಮಹಂತೇಶ ಮಲ್ಲಿಕಾರ್ಜುನ,Kavatimata Mahantesha Mallikarjuna
557,13/07/2016,ಅರಣ್ಯ,Forest,ರಾಜ್ಯದಲ್ಲಿ ಪ್ಲಾಸ್ಟಿಕ್ ನಿಷೇಧ,Plastic prohibition in the state,ಕವಟಗಿಮಠ ಮಹಂತೇಶ ಮಲ್ಲಿಕಾರ್ಜುನ,Kavatimata Mahantesha Mallikarjuna
558,13/07/2016,ಸಣ್ಣ ನೀರಾವರಿ,Small irrigation,ಸಣ್ಣ ನೀರಾವರಿ ಕೆರೆಗಳ ಅಭಿವೃದ್ಧಿ,Development of small irrigation lakes,ಕಾಂತರಾಜು,Kantaraju
559,13/07/2016,ಭಾರಿ ಮತ್ತು ಮಧ್ಯಮ ನೀರಾವರಿ,Heavy and medium irrigation,ಹೇಮಾವತಿ ನಾಲಾ ವ್ಯಾಪ್ತಿಯಲ್ಲಿ ಬರುವ ಕಾಮಗಾರಿಗಳು,Works in the Hemavathi Naval range,ಕಾಂತರಾಜು,Kantaraju
560,13/07/2016,ಕಂದಾಯ,Revenue,ಕಂದಾಯ ಇಲಾಖೆಯಲ್ಲಿ ಪೋಡಿ ಮಾಡುವ ಪ್ರಕರಣಗಳು,Case cases in the Revenue Department,ಕಾಂತರಾಜು,Kantaraju
561,13/07/2016,ಕಂದಾಯ,Revenue,೯೪-ಸಿ ಮತ್ತು ೯೪-ಸಿಸಿ ಯೋಜನೆಯ ಬಗ್ಗೆ,About 94-C and 94-CC Project,ಕೋಟ ಶ್ರೀನಿವಾಸ ಪೂಜಾರಿ,Kota Srinivasa Pujari
562,13/07/2016,ಕಂದಾಯ,Revenue,ಗ್ರಾಮ ಪಂಚಾಯತಗಳ ಘನ ತ್ಯಾಜ್ಯ ಘಟಕಕ್ಕೆ ಭೂಮಿ,Land for Gram Panchayats Solid waste plant,ಕೋಟ ಶ್ರೀನಿವಾಸ ಪೂಜಾರಿ,Kota Srinivasa Pujari
563,13/07/2016,ಕಂದಾಯ,Revenue,ಕಂದಾಯ ಇಲಾಖೆಯಲ್ಲಿ ಖಾಲಿ ಇರುವ ವಿವಿಧ ಹುದ್ದೆಗಳು,Various vacancies in the Revenue Department,ಕೋಟ ಶ್ರೀನಿವಾಸ ಪೂಜಾರಿ,Kota Srinivasa Pujari
564,13/07/2016,ಮುಜರಾಯಿ,Muzarai,ದೇವಸ್ಥಾನಗಳ ಅಭಿವೃದ್ಧಿ ಅನುದಾನ ಹಿಂಪಡೆಯುವುದರಿಂದ ತೊಂದರೆ ಆಗುತ್ತಿರುವ ಬಗ್ಗೆ,The development of temples is about trouble getting grants,ಕೋಟ ಶ್ರೀನಿವಾಸ ಪೂಜಾರಿ,Kota Srinivasa Pujari
565,13/07/2016,ಭಾರಿ ಮತ್ತು ಮಧ್ಯಮ ನೀರಾವರಿ,Heavy and medium irrigation,ವರಾಯಿ ನೀರಾವರಿ ಯೋಜನೆ ವಿಸ್ತರಿಸುವ ಕುರಿತು,About expansion of Varay Irrigation Scheme,ಕೋಟ ಶ್ರೀನಿವಾಸ ಪೂಜಾರಿ,Kota Srinivasa Pujari
566,13/07/2016,ಕಂದಾಯ,Revenue,ಬರ ಪರಿಹಾರ ಕಾಮಗಾರಿ ಬಗ್ಗೆ,About Drought Relief Work,ಕೊಂಡಯ್ಯ .ಕೆ.ಸಿ,Kondaiah KC
567,13/07/2016,ಕಾರ್ಮಿಕ,Labor,ಕನ್ನಡ ಚಲನಚಿತ್ರರಂಗದ ಕಾರ್ಮಿಕ ಕಲ್ಯಾಣದ ಬಗ್ಗೆ,About the Kannada film industry labor welfare,ತಾರಾಅನೂರಾಧ,Tara Anuradha
568,13/07/2016,ಕಂದಾಯ,Revenue,ಸರ್ಕಾರಿ ದಾಖಲೆಯಲ್ಲಿ ಗೋಮಾಳ ಭೂಮಿ,Pasture land on government record,ತಾರಾಅನೂರಾಧ,Tara Anuradha
569,13/07/2016,ಅರಣ್ಯ,Forest,"""ಶಾಲಾವನ"" ಯೋಜನೆ ಅನುಷ್ಠಾನ ಕುರಿತು","About the implementation of the ""school"" scheme",ಘೋಟ್ನೆಕರ ಶ್ರೀಕಾಂತ ಲಕ್ಷ್ಮಣ,Ghotnekara Srikantha Lakshmana
570,13/07/2016,ಕಂದಾಯ,Revenue,ಪರಿಶಷ್ಠ ಜಾತಿ/ಪರಿಶಿಷ್ಠ ಪಂಗಡಕ್ಕೆ ಸೇರಿದ ಜಮೀನನ್ನು ಅತಿಕ್ರಮಣ ಮಾಡಿರುವ ಬಗ್ಗೆ,About encroaching land belonging to Scheduled Castes / Scheduled Tribes,ಘೋಟ್ನೆಕರ ಶ್ರೀಕಾಂತ ಲಕ್ಷ್ಮಣ,Ghotnekara Srikanta Lakshmana
571,13/07/2016,ಕಂದಾಯ,Revenue,ಬರ ಪೀಡಿತ ತಾಲ್ಲೂಕುಗಳ ಬಗ್ಗೆ,About drought affected taluks,ಚೌಡರೆಡ್ಡಿ ತೂಪಲ್ಲಿ .ಆರ್,Chowdareddy Tupalli R
572,13/07/2016,ಅರಣ್ಯ ಸಚಿವರು,Forest Minister,ಅರಣ್ಯ ಇಲಾಖೆಯಿಂದ ಮರಗಳನ್ನು ಎಮ್.ಪಿ.ಎಮ್. ಗೆ ಸರಬರಾಜು ಮಾಡುವ ಬಗ್ಗೆ,Trees from the forest department MPM. About supplying,ಚೌಡರೆಡ್ಡಿ ತೂಪಲ್ಲಿ .ಆರ್,Chowdareddy Tupalli R
573,13/07/2016,ಭಾರಿ ಮತ್ತು ಮಧ್ಯಮ ನೀರಾವರಿ,Heavy and medium irrigation,ಗುಬ್ಬಿ ತಾಲ್ಲೂಕು ಕೆರೆಗಳಿಗೆ ಹೇಮಾವತಿ ನೀರು ಹರಿಸುವ ಬಗ್ಗೆ,About Hemavathi watering to the Gubbi taluk lakes,ಚೌಡರೆಡ್ಡಿ ತೂಪಲ್ಲಿ .ಆರ್,Chowdareddy Tupalli R
574,13/07/2016,ಕಂದಾಯ,Revenue,ಬಗರ್ ಹುಕಂ ಸಮಿತಿಗಳ ಬಗ್ಗೆ,About the Bugar Hook Committees,ಚೌಡರೆಡ್ಡಿ ತೂಪಲ್ಲಿ .ಆರ್,Chowdareddy Tupalli R
575,13/07/2016,ಕಂದಾಯ,Revenue,ದಲಿತರಿಗೆ ನೀಡಿರುವ ದರಖಾಸ್ತು ಜಮೀನು,The land of land given to Dalits,ಧರ್ಮಸೇನ .ಆರ್,Dharmasena R
576,13/07/2016,ಸಣ್ಣ ನೀರಾವರಿ,Small irrigation,ಅಂತರ್ಜಲದ ಮಟ್ಟ ಕುಸಿಯುತ್ತಿರುವ ಬಗ್ಗೆ,About declining groundwater level,ಧರ್ಮಸೇನ .ಆರ್,Dharmasena R
577,13/07/2016,ಕಾರ್ಮಿಕ,Labor,ಅಸಂಘಟಿತ ಕಾರ್ಮಿಕರ ಬಗ್ಗೆ,About unorganized workers,ಧರ್ಮಸೇನ .ಆರ್,Dharmasena R
578,14/07/2016,ಗೃಹ,Home,ರಾಯಚೂರು ಜಿಲ್ಲೆಯ ಪೋಲೀಸ್ ಸಿಬ್ಬಂದಿಗೆ ವಸತಿಗೃಹ ನಿರ್ಮಿಸುವ ಬಗ್ಗೆ,Building a lodge for police staff in Raichur district,ಬೋಸ್‌ರಾಜು .ಎನ್.ಎಸ್,Bosaraju N S
579,14/07/2016,ವಸತಿ,Housing,ಪುನರ್‌ವಸತಿ ಗ್ರಾಮಗಳ ಫಲಾನುಭವಿಗಳಿಗೆ ಹಕ್ಕುಪತ್ರ ವಿತರಣೆ ಮಾಡುವ ಬಗ್ಗೆ,Issuing of rights to beneficiaries of rehabilitation villages,ಬೋಸ್‌ರಾಜು .ಎನ್.ಎಸ್,Bosaraju N S
580,14/07/2016,ನಗರಾಭಿವೃದ್ಧಿ,Urban development,ವಿವಿಧ ಯೋಜನಾ ಪ್ರಾಧಿಕಾರಗಳು ಹಮ್ಮಿಕೊಂಡಿರುವ ಯೋಜನೆಗಳು,Plans for various planning authorities,ಬೋಸ್‌ರಾಜು .ಎನ್.ಎಸ್,Bosaraju N S
581,14/07/2016,ಅಬಕಾರಿ,Excuse,ನೀರಾ ಇಳಿಸುವುದು ಸ್ಥಗಿತಗೊಂಡ ಮೇಲೆ ಸದರಿ ಕಾರ್ಮಿಕರಿಗೆ ಉದ್ಯೋಗ ಕಲ್ಪಿಸುವ ಬಗ್ಗೆ,About employing employers after the stopping of the water,ಬೋಸ್‌ರಾಜು .ಎನ್.ಎಸ್,Bosaraju N S
582,14/07/2016,ಗೃಹ,Home,ವಿಶೇಷ ವರ್ಗದ ನಾಗರೀಕರಿಗೆ ಮನೆ ನಿರ್ಮಾಣದ ಬಗ್ಗೆ,Building a home for special class citizens,ಭಾನುಪ್ರಕಾಶ್,Bhanu Prakasha
583,14/07/2016,ಗೃಹ,Home,ರಾಜ್ಯಕ್ಕೆ ಅಕ್ರಮವಾಗಿ ನುಸುಳಿ ಬಂದವರ ಬಗ್ಗೆ,About those who have sneaked into the state,ಭಾನುಪ್ರಕಾಶ್,Bhanu Prakasha
584,14/07/2016,ನಗರಾಭಿವೃದ್ಧಿ,Urban development,ಖಾಸಗಿ ಬಡಾವಣೆಗಳನ್ನು ರಚಿಸಿರುವ ಬಗ್ಗೆ,About creating private ones,ಭಾನುಪ್ರಕಾಶ್,Bhanu Prakasha
585,14/07/2016,ಗೃಹ,Home,ರಾಜ್ಯದಲ್ಲಿ ಸೈನಿಕ ಶಾಲೆಯ ಮಾದರಿಯಲ್ಲಿ ಪೊಲೀಸ್ ಶಾಲೆಗಳನ್ನು ಸ್ಥಾಪಿಸುವ ಬಗ್ಗೆ,About establishing police schools in the state as a military school,ಸುನೀಲ್ ಸುಬ್ರಮಣಿ .ಎಂ.ಪಿ,Sunil Subramani M P
586,14/07/2016,ಗೃಹ,Home,ಪೊಲೀಸ ಇಲಾಖೆಯ ಸಿಬ್ಬಂದಿಗಳಿಗೆ ನೀಡಲಾಗುವ ಸೌಲಭ್ಯಗಳ ಬಗ್ಗೆ,About the facilities offered to the staff of the police department,ಸುನೀಲ್ ಸುಬ್ರಮಣಿ .ಎಂ.ಪಿ,Sunil Subramani M P
587,14/07/2016,ಗೃಹ,Home,ಧಾರವಾಡದ ಹಿರಿಯ ಸಾಹಿತಿ ಎಂ.ಎಂ. ಕಲಬುರ್ಗಿ ಅವರ ಹತ್ಯಯ ಕುರಿತು,Dharwad senior author M.M. About Kalaburgi's assassination,ಸಂಕನೂರ .ಎಸ್.ವ್ಹಿ,Sankanura S V
588,14/07/2016,ಸಿಬ್ಬಂದಿ ಮತ್ತು ಆಡಳಿತ ಸುಧಾರಣೆ,Staff and administrative reform,ಎ.ಸಿ.ಬಿ. ರಚನೆ ಮತ್ತು ಬಂದ ದೂರುಗಳ ಕುರಿತು,ACB Structure and Complaints Complained,ಸಮಣ್ಣ .ವಿ,Somanna V
589,14/07/2016,ಸಿಬ್ಬಂದಿ ಮತ್ತು ಆಡಳಿತ ಸುಧಾರಣೆ,Staff and administrative reform,ರಾಜ್ಯದ ಆಡಳಿತ ಯಂತ್ರ ಸುಧಾರಣೆ ಕುರಿತು,About the improvement of state administration machinery,ಸಮಣ್ಣ .ವಿ,Somanna V
590,14/07/2016,ನಗರ ಯೋಜನಾ,City planning,ಬೆಂಗಳೂರು ನಗರದ ತ್ಯಾಜ್ಯ ವಿಲೇವಾರಿ ಮತ್ತು ವೆಚ್ಚ ವಿವರ ಕುರಿತು,About Bangalore City Waste Disposal and Expenditure Details,ಸಮಣ್ಣ .ವಿ,Somanna V
591,14/07/2016,ನಗರ ಯೋಜನಾ,City planning,ಬೆಂಗಳೂರು ನೀರು ಸರಬರಾಜು ಮತ್ತು ಒಳಚರಂಡಿ ಮಂಡಳಿಯ ಯೋಜನೆಗಳು ಮತ್ತು ಟೆಂಡರ್ ಕುರಿತು,About Bangalore Water Supply and Drainage Board Plans and Tender,ಸಮಣ್ಣ .ವಿ,Somanna V
592,14/07/2016,ವಾರ್ತಾ ಮತ ಪ್ರಚಾರ,News promotion campaign,ರಜ್ಯದಲ್ಲಿ ವಾರ್ತಾ ಮತ್ತು ಇತರೆ ಟಿ.ವಿ ಚಾನಲ್ ಪ್ರಾರಂಭಿಸುವುದು,Launching news and other TV channels in the state,ಸೋಮಣ್ಣ ಮ ಬೇವಿನಮರದ,Samanna Ma Bevinamara
593,14/07/2016,ಗೃಹ,Home,ಶಾಲಾ ವಾಹನಗಳಲ್ಲಿ ನಿಯಮ ಉಲ್ಲಂಘನೆ,Violation in school vehicles,ಸೋಮಣ್ಣ ಮ ಬೇವಿನಮರದ,Samanna Ma Bevinamara
594,14/07/2016,ಗೃಹ,Home,ಕರ್ತವ್ಯ ನಿರತ ಪೊಲೀಸ್ ಸಿಬ್ಬಂದಿಗಳು ನಿಧನ ಹೊಂದಿದಾಗ ನೀಡುವ ಪರಿಹಾರದ ಬಗ್ಗೆ,About compensation when duty-duty police personnel are dead,ಸೋಮಣ್ಣ ಮ ಬೇವಿನಮರದ,Samanna Ma Bevinamara
595,14/07/2016,ಆರ್ಥಿಕ,Economy,ಅನುದಾನದ ಕೊರತೆಯಿಂದಾಗಿ ಮನೆ ನಿರ್ಮಾಣ ಕಾರ್ಯವು ಅಪೂರ್ಣಗೊಂಡಿರುವ ಬಗ್ಗೆ,About home construction is incomplete due to lack of grants,ಸೋಮಣ್ಣ ಮ ಬೇವಿನಮರದ,Samanna Ma Bevinamara
596,14/07/2016,ಗೃಹ,Home,ರಾಜ್ಯದ ಪೊಲೀಸರು ಇತ್ತೀಚೆಗೆ ವಿವಿಧ ಬೇಡಿಕೆಗಳ ಬಗ್ಗೆ,The state police recently discussed various demands,ಸೋಮಣ್ಣ ಮ ಬೇವಿನಮರದ,Samanna Ma Bevinamara
597,14/07/2016,ಗೃ,Home,ಪೊಲೀಸ್ ಸಿಬ್ಬಂದಿಯ ಬೇಡಿಕೆಗಳು,Demands of police personnel,ನಾಗರಾಜು .ಎಸ್,Nagaraja S
598,14/07/2016,ಅಬಕಾರಿ,Excuse,ಹಾಡಿಗಳಲ್ಲಿ ಅಕ್ರಮ ಮದ್ಯ ಮಾರಾಟ ಮತ್ತು ಸಾವು,Illegal alcohol sales and deaths in songs,ನಾಗರಾಜು .ಎಸ್,Nagaraja S
599,14/07/2016,ನಗರಾಭಿವೃದ್ಧಿ,Urban development,ಚಮರಾಜನಗg ಬಿ. ರಾಚಯ್ಯ ಜೋಡಿ ರಸ್ತೆ ಅಭಿವೃದ್ಧಿ,Chimarajan g b. Racahaya Double Road Development,ನಾಗರಾಜು .ಎಸ್,Nagaraja S
600,14/07/2016,ವಸತಿ,Housing,ಕರ್ನಾಟಕ ಗೃಹ ಮಂಡಳಿಯಿಂದ ಹಂಚಿಕೆ ಮಾಡಿರುವ ಮನೆಗಳ ಕುರಿತು,About houses allocated by Karnataka Home Board,ಪ್ರದೀಪ್ ಶೆಟ್ಟರ್,Pradeep Shettar
601,14/07/2016,ನಗರಾಭಿವೃದ್ಧಿ,Urban development,ಗದಗ-ಬೆಟಗೇರಿ ಅವಳಿ ನಗರಗಳ ಕುಡಿಯುವ ನೀರಿನ ಪೈಪಲೈನ ಕಾಮಗಾರಿ ಕುರಿತು,About the construction of drinking water pipeline in Gadag-Batoriari twin cities,ಪ್ರದೀಪ್ ಶೆಟ್ಟರ್,Pradeep Shettar
602,14/07/2016,ವಸತಿ,Housing,ವಸತಿ ಇಲಾಖೆಯ ಯೋಜನೆಗಳು,Housing Department Plans,ಪ್ರದೀಪ್ ಶೆಟ್ಟರ್,Pradeep Shettar
603,14/07/2016,ನಗರಾಭಿವೃದ್ಧಿ,Urban development,ನಗರಭಿವೃದ್ಧಿ ಇಲಾಖೆಯ ಕಾರ್ಯಕಮಗಳು,Operations of the Urban Development Department,ಪ್ರದೀಪ್ ಶೆಟ್ಟರ್,Pradeep Shettar
604,14/07/2016,ಗೃಹ,Home,ವಾಹನ ಸಂಚಾರ ದಟ್ಟಣೆ,Vehicle traffic,ಪ್ರದೀಪ್ ಶೆಟ್ಟರ್,Pradeep Shettar
605,14/07/2016,ಗೃಹ,Home,ಕರ್ನಾಟಕದಲ್ಲಿ ನಕ್ಸಲ್ ಚಟುವಟಿಕೆ ಬಗ್ಗೆ,About Naxal Activity In Karnataka,ಪ್ರಾಣೇಶ್ .ಎಂ.ಕೆ,Pranesha M K
606,14/07/2016,ವಸತಿ,Housing,ವಸತಿ ಬಡಾವಣೆಗಳಿಗೆ ಅನುಮೋದನೆ ನೀಡಲು ಇರುವ ಮಾನದಂಡಗಳ ಬಗ್ಗೆ,The criteria for granting approval for residential apartments,ಪ್ರಾಣೇಶ್ .ಎಂ.ಕೆ,Pranesha M K
607,14/07/2016,ಸಾರಿಗೆ,Transport,ದಕ್ಷಿಣ ಕರ್ನಾಟಕ ಉಡುಪಿ ಜಿಲ್ಲೆಯಲ್ಲಿನ ಶಾಲಾ ವಾಹನಗಳ ಮೇಲಿನ ನಿಯಂತ್ರಣಗ ಕುರಿತು,About the control of school vehicles in Udupi district in South Karnataka,ಪ್ರತಾಪಚಂದ್ರ ಶೆಟ್ಟಿ .ಕೆ,Pratapachandra Shetty K
608,14/07/2016,ವಸತಿ,Housing,ದಕ್ಷಿಣ ಕನ್ನಡ ಮತ್ತು ಉಡುಪಿ ಜಿಲ್ಲೆಯಲ್ಲಿ ನಿವೇಶನಗಳ ಕೊರತೆ ಕುರಿತು,About the lack of sites in Dakshina Kannada and Udupi district,ಪ್ರತಾಪಚಂದ್ರ ಶೆಟ್ಟಿ .ಕೆ,Pratapachandra Shetty K
609,14/07/2016,ಸಿಬ್ಬಂದಿ ಮತ್ತು ಆಡಳಿತ ಸುಧಾರಣೆ,Staff and administrative reform,ರಾಜ್ಯದಲ್ಲಿನ ಗೆಜೆಟೆಡ್ ಶ್ರೇಣಿಯ ಅಧಿಕಾರಿಗಳ ಮೆಲಾದ ಪೈರ್ ಕುರಿತು,About the Pair of the Gazetted Rank Officers in the State,ಪ್ರತಾಪಚಂದ್ರ ಶೆಟ್ಟಿ .ಕೆ,Pratapachandra Shetty K
610,14/07/2016,ಗೃಹ,Home,ದಕ್ಷಿಣ ಕನಡ ಮತ್ತು ಉಡುಪಿ ಜಿಲ್ಲೆಗಳಲ್ಲಿ ಮಾಧಕ ವಸ್ತುಗಳ ವ್ಯಾಪಕ ಮಾರಾಟದ ಕುರಿತು,About the sale of magnesium in South Kanada and Udupi districts,ಪ್ರತಾಪಚಂದ್ರ ಶೆಟ್ಟಿ .ಕೆ,Pratapachandra Shetty K
611,14/07/2016,ನಗರ ಯೋಜನಾ,City planning,ಬಿ.ಬಿ.ಎಂ.ಪಿ. ಹಾಗೂ ಒಳಚರಂಡಿ ಮಂಡಳಿಗಳ ನಡುವಿನ ಹೊಂದಾಣಿಕೆ ಇಲ್ಲದ ಆಡಳಿತದ ಕುರಿತು,BBMP And about administration that does not match the drainage boards,ಪ್ರತಾಪಚಂದ್ರ ಶೆಟ್ಟಿ .ಕೆ,Pratapachandra Shetty K
612,14/07/2016,ಸಿಬ್ಬಂದಿ ಮತ್ತು ವ್ಯವಹಾರಗಳ,Staff and Affairs,ಕಲಬುರಗಿ ಕಂದಾಯ ವಿಭಾಗದಲ್ಲಿರುವ ವಸತಿ ರಹಿತ ಕುಟುಂಬಗಳ ಸಮೀಕ್ಷೆ ಬಗ್ಗೆ,About the survey of non-residential households in the Art of Revenue Department,ಪಾಟೀಲ್ .ಬಿ.ಜಿ,Patil B G
613,14/07/2016,ಸಿಬ್ಬಂದಿ ಮತ್ತು ಆಡಳಿತ ಸುಧಾರಣೆ,Staff and administrative reform,ಹೈದ್ರಾಬಾದ್-ಕರ್ನಾಟಕ ಪ್ರದೇಶಕ್ಕೆ ವಿಶೇಷ ಸ್ಥಾನ ೩೭೧(ಜೆ)ರ ಅಡಿ ಖಾಲಿ ಹುದ್ದೆಗಳ ಬಗ್ಗೆ,About 371 (j) special vacancies for the Hyderabad-Karnataka area,ಪಾಟೀಲ್ .ಬಿ.ಜಿ,Patil B G
614,14/07/2016,ಆರ್ಥಿಕ,Economy,ಚಿನ್ನ-ಬೆಳ್ಳಿ ವರ್ತಕರಿಗೆ ತೆರಿಗೆ ವಂಚನೆ,Tax fraud for gold and silver traders,ಶರವಣ .ಟಿ.ಎ,Sharavana T A
615,14/07/2016,ನಗರ ಯೋಜನಾ,City planning,ಜಾಹೀರಾತು ಮಾಫಿಯಾ ಬಗ್ಗೆ,About Advertising Mafia,ಶರವಣ .ಟಿ.ಎ,Sharavana T A
616,14/07/2016,ಆರ್ಥಿಕ,Economy,ತೆರಿಗೆ ವಹಿವಾಟುದಾರರ ಬಗ್ಗೆ,About Tax Traders,ಶರವಣ .ಟಿ.ಎ,Sharavana T A
617,14/07/2016,ನಗರ ಯೋಜನಾ,City planning,ಬೃಹತ್ ಬೆಂಗಳೂರು ಮಹಾನಗರ ಪಾಲಿಕೆ ೬೯ನೇ ವಾರ್ಡಿನ ಬಗ್ಗೆ,About the 69th Ward of the Great Bangalore City Corporation,ಶರವಣ .ಟಿ.ಎ,Sharavana T A
618,14/07/2016,ಸಿಬ್ಬಂದಿ ಮತ್ತು ಆಡಳಿತ ಸುಧಾರಣೆ,Staff and administrative reform,ಖಾಲಿ ಇರುವ ಸರ್ಕಾರಿ ಹುದ್ದೆಗಳನ್ನು ಭರ್ತಿಮಾಡುವ ಬಗ್ಗೆ,About filling out vacant government posts,ಶರವಣ .ಟಿ.ಎ,Sharavana T A
619,14/07/2016,ನಗರ ಯೋಜನಾ,City planning,ಕಳಪೆ ಕಾಮಗಾರಿ ನಡೆಸಿರುವ ಬಗ್ಗೆ,About the poor work,ವಿಮಲಾಗೌಡ,Vimalaa Gowda
620,14/07/2016,ಅಬಕಾರಿ,Excuse,ರಾಜ್ಯದ ಬೊಕ್ಕಸಕ್ಕೆ ಮದ್ಯಪಾನದಿಂದ ಬರುತ್ತಿರುವ ಆದಾಯದ ಬಗ್ಗೆ,About the income from alcohol consumption for state coffers,ವಿಮಲಾಗೌಡ,Vimalaa Gowda
621,14/07/2016,ಸಿಬ್ಬಂದಿ ಮತ್ತು ಆಡಳಿತ ಸುಧಾರಣೆ,Staff and administrative reform,ಸೇವೆಯಲ್ಲಿ ಮೃತಪಟ್ಟ ಸರ್ಕಾರಿ ನೌಕರರ ಕುಟುಂಬದವರಿಗೆ ನೌಕರಿ ನೀಡುವ ಬಗ್ಗೆ,About employing family employees who died in the service,ವಿಮಲಾಗೌಡ,Vimalaa Gowda
622,14/07/2016,ನಗರಾಭಿವೃದ್ಧಿ,Urban development,ಒಳಚರಂಡಿ ವ್ಯವಸ್ಥೆ ಬಗ್ಗೆ,About drainage system,ವಿಮಲಾಗೌಡ,Vimalaa Gowda
623,14/07/2016,ಸಿಬ್ಬಂದಿ ಮತ್ತು ಆಡಳಿತ ಸುಧಾರಣೆ,Staff and administrative reform,ಸರ್ಕಾರಿ ವಾಹನಗಳ ಖರೀದಿ ಬಗ್ಗೆ,About buying of government vehicles,ವಿಮಲಾಗೌಡ,Vimalaa Gowda
624,14/07/2016,ನಗರ ಯೋಜನಾ,City planning,ಬೆಂಗಳೂರು ಮಹಾನಗರ ಪಾಲಿಕೆಯಲ್ಲಿ ಕರ್ತವ್ಯ ನಿರ್ವಹಿಸುತ್ತಿರುವ ಪೌರ ಕಾರ್ಮಿಕರಿಗೆ ವಸತಿ ಸೌಭ್ಯ,Accommodation for civic workers working in Bangalore Metropolitan Corporation,ವೀರಯ್ಯ .ಡಿ.ಎಸ್,Veerayya D S
625,14/07/2016,ನಗರ ಯೋಜನಾ,City planning,"೨೦೧೩-೧೪, ೨೦೧೪-೧೫, ೨೦೧೫-೧೬, ಹಾಗೂ ೨೦೧೬-೧೭ನೇ ಸಾಲಿನ ಎಸ್.ಸಿ.ಪಿ./ಟಿ.ಎಸ್.ಪಿ.","SCP / TSP of 2013-14, 2014-15, 2015-16, and 2016-17",ವೀರಯ್ಯ .ಡಿ.ಎಸ್,Veerayya D S
626,14/07/2016,ನಗರ ಯೋಜನಾ,City planning,ಬೃಹತ್ ಬೆಂಗಳೂರು ಮಹಾನಗರ ಪಾಲಿಕೆಯಲ್ಲಿ ಪರಿಶಿಷ್ಠ ಜಾತಿ/ಪರಿಶಷ್ಠ ಪಂಗಡದ ನೌಕರರಿಗಾಗಿ ಕಲ್ಯಾಣ ವಿಭಾಗ,Welfare Division for Scheduled Castes / Scheduled Tribes in the Big Bangalore Metropolitan Corporation,ವೀರಯ್ಯ .ಡಿ.ಎಸ್,Veerayya D S
627,14/07/2016,ನಗರ ಯೋಜನಾ,City planning,ಕೆರೆ ಒತ್ತುವರಿ ಮಾಡಿರುವ ಬಗ್ಗೆ,About Lake Launcher,ವೀರಯ್ಯ .ಡಿ.ಎಸ್,Veerayya D S
628,14/07/2016,ಗಹ,Home,ಪೊಲೀಸ್ ವಸತಿ ಗೃಹಗಳು,Police Real Estate,ವಿಜಯ್ ಸಿಂಗ್,Vijay Singh
629,14/07/2016,ನಗರಾಭಿವೃದ್ಧಿ,Urban development,ಬೀದರ್ ಜಿಲ್ಲೆ ಔರಾದ್ ತಾಲ್ಲೂಕು ಶಾಶ್ವತ ಕುಡಿಯುವ ನೀರು,Bidar district Aurad Taluk is a permanent drinking water,ವಿಜಯ್ ಸಿಂಗ್,Vijay Singh
630,14/07/2016,ಗೃಹ,Home,ವಸತಿ ಯೋಜನೆಗಳು,Real Estate Plans,ವಿಜಯ್ ಸಿಂಗ್,Vijay Singh
631,14/07/2016,ವಸತಿ,Housing,ರಾಜೀವ್ ಗಾಂಧಿ ವಸತಿ ಯೋಜನೆಯಡಿ ಮಂಜೂರಾದ ಮನೆಗಳು,Sanctioned houses under the Rajiv Gandhi Housing Scheme,ಬಸನಗೌಡ ಆರ್ ಪಾಟೀಲ್,Basanagowda R Patil
632,14/07/2016,ಸಿಬ್ಬಂದಿ ಮತ್ತು ಆಡಳಿತ ಸುಧಾರಣೆ,Staff and administrative reform,ಸರ್ಕಾರಿ ವಿವಿಧ ಇಲಾಖೆಗಳಲ್ಲಿನ ಉಪಯೋಗಕ್ಕೆ ಬಾರದ ವಾಹನಗಳು,Vehicles that do not use the government in various departments,ಬಸನಗೌಡ ಆರ್ ಪಾಟೀಲ್,Basanagowda R Patil
633,14/07/2016,ವಸತಿ,Housing,ಹುಬ್ಬಳ್ಳಿ ಜಗದೀಶನಗರದ ಆಶ್ರಯ ಮನೆಗಳ ಕುರಿತು,About Housing Houses in Jagdishanagar Hubli,ಬಸವರಾಜ ಶಿವಲಿಂಗಪ್ಪ ಹೊರಟಿ,Basavaraja Shivalingappa Horatti
634,14/07/2016,ನಗರಾಭಿವೃದ್ಧಿ,Urban development,ಹುಬ್ಬಳ್ಳಿ ಜಗದೀಶನಗರದ ಆಶ್ರಯ ಬಡಾವಣೆಗೆ ಮೂಲಭೂತ ಸೌಕರ್ಯಗಳನ್ನು ಒದಗಿಸುವ ಕುರಿತು,About Providing Basic Facilities for Jagadishanagar Refuge Layout in Hubli,ಬಸವರಾಜ ಶಿವಲಿಂಗಪ್ಪ ಹೊರಟಿ,Basavaraja Shivalingappa Horatti
635,14/07/2016,ಆರ್ಥಿಕ,Economy,ಸರ್ಕಾರಿ ನೌಕರರ ವೇತನ ಪರಿಸ್ಕರಣೆ ಕುರಿತು ರಚಿಸಲಾದ ವೇತನ ಆಯೋಗಗಳು,Salary commissions created on wage evaluation of government employees,ಬಸವರಾಜ ಶಿವಲಿಂಗಪ್ಪ ಹೊರಟಿ,Basavaraja Shivalingappa Horatti
636,14/07/2016,ವಸತಿ,Housing,ರಾಯಚೂರು ಜಿಲ್ಲೆ ದೇವದುರ್ಗ ತಾಲ್ಲೂಕಿನ ಮಂಜೂರಾದ ಮನೆಗಳು,Allotted houses in Devadurga taluk of Raichur district,ಬಸವರಾಜ್ ಪಾಟೀಲ್ ಇಟಗಿ,Basavaraja Patil Itagi
637,14/07/2016,ಗೃಹ,Home,ವರದಕ್ಷಿಣೆ ಪಿಡುಗಿಗೆ ಬಲಿಯಾದವರು,Dowry was victim of stroke,ಲಹರ್ ಸಿಂಗ್ ಸಿರೋಯಾ,Lahar Singh Siroya
638,14/07/2016,ಗೃಹ,Home,ವಿಧಾನಸೌಧದಲ್ಲಿ ಸಿ.ಸಿ.ಟಿ.ವಿ. ಕ್ಯಾಮರಾಗಳನ್ನು ಅಳವಡಿಸುವುದು,CCTV footage in CCTV Installing cameras,ಲಹರ್ ಸಿಂಗ್ ಸಿರೋಯಾ,Lahar Singh Siroya
639,14/07/2016,ನಗರ ಯೋಜನಾ ಸಚಿವರು,Urban Planning Minister,ಬೆಂಗಳೂರು ನಗರ ವಪ್ತಿಯಲ್ಲಿರುವ ರಾಜ ಕಾಲುವೆಗಳು,King Canals in Bangalore Urban Wap,ಲಹರ್ ಸಿಂಗ್ ಸಿರೋಯಾ,Lahar Singh Siroya
640,14/07/2016,ನಗರ ಯೋಜನಾ,City planning,ಬೆಂಗಳೂರು ನಗರದ ಕಸ ವಿಲೇವಾರಿ ಬಗ್ಗೆ,About Bangalore City Garbage Disposal,ಲಕ್ಷ್ಮೀನಾರಾಯಣ .ಎಂ.ಡಿ,Lakshmi Narayana MD
641,14/07/2016,ವಸತಿ,Housing,ವಿಶೇಷ ಗುಂಪು ವಸತಿ ಯೋಜನೆ ಬಗ್ಗೆ,About a special group housing project,ಲಕ್ಷ್ಮೀನಾರಾಯಣ .ಎಂ.ಡಿ,Lakshmi Narayana MD
642,14/07/2016,ಗೃಹ,Home,ಬೆಂಗಳೂರು ನಗರ ಸಂಚಾರದ ವ್ಯವಸ್ಥೆ ಬಗ್ಗೆ,About Bangalore City Traffic System,ಲಕ್ಷ್ಮೀನಾರಾಯಣ .ಎಂ.ಡಿ,Lakshmi Narayana MD
643,14/07/2016,ನಗರ ಯೋಜನಾ,City planning,ಜಲ ಮಂಡಳಿಯಿಂದ ನೀರು ಸರಬರಾಜು ಬಗ್ಗೆ,Water Supply from Water Board,ಲಕ್ಷ್ಮೀನಾರಾಯಣ .ಎಂ.ಡಿ,Lakshmi Narayana MD
644,14/07/2016,ನಗರ ಯೋಜನಾ,City planning,ಬೆಂಗಳೂರು ಮೆಟ್ರೋ ರೈಲು ಬಗ್ಗೆ,About Bangalore Metro Rail,ಲಕ್ಷ್ಮೀನಾರಾಯಣ .ಎಂ.ಡಿ,Lakshmi Narayana MD
645,14/07/2016,ಗೃಹ,Home,ಗೃಹ ಇಲಾಖೆಯ ಪರಿಶಿಷ್ಟ ಜಾತಿ ಪರಿಶಿಷ್ಟ ಪಂಗಡದ ನೌಕರರ ಬಗ್ಗೆ,About the Scheduled Caste Scheduled Tribes of the Home Department,ಮೋಟಮ್ಮ,Motamma
646,14/07/2016,ಸಿಬ್ಬಂದಿ ಮತ್ತು ಆಡಳಿತ ಸುಧಾರಣೆ,Staff and administrative reform,ಸಕಾಲ ಯೋಜನೆ ಅಡಿಯಲ್ಲಿ ಕಡತ ವಿಲೇವಾರಿ ಬಗ್ಗೆ,About file disposal under a timely plan,ಮೋಟಮ್ಮ,Motamma
647,14/07/2016,ನಗರ ಯೋಜನಾ,City planning,ಬೃಹತ್ ಬೆಂಗಳೂರು ನಗರ ಪಾಲಿಕೆ ಬಗ್ಗೆ,About Bangalore City Corporation,ಅಪ್ಪಾಜಿಗೌಡ .ಎನ್,Appajigowda N
648,14/07/2016,ವಸತಿ,Housing,ವಿವಿಧ ವಸತಿ ಯೋಜನೆ,Different Housing Plans,ಅಪ್ಪಾಜಿಗೌಡ .ಎನ್,Appajigowda N
649,14/07/2016,ನಗರ ಯೋಜನಾ,City planning,ಬೃಹತ್ ಬೆಂಗಳೂರು ಮಹಾನಗರ ಪಾಲಿಕೆಯ ರಸ್ತೆಗಳ ಬಗ್ಗೆ,About the roads of the huge Bangalore Metropolitan Corporation,ಅಪ್ಪಾಜಿಗೌಡ .ಎನ್,Appajigowda N
650,14/07/2016,ನಗರ ಯೋಜನಾ,City planning,ಬೃಹತ್ ಬೆಂಗಳೂರು ಮಹಾನಗರ ಪಾಲಿಕೆಯ ಅವ್ಯವಹಾರ ಹಾಗೂ ಕಡತ ನಾಪತ್ತೆ ಬಗ್ಗೆ,About the disproportionate assets of the Bangalore Metropolitan Corporation and the file disappeared,ಅಪ್ಪಾಜಿಗೌಡ .ಎನ್,Appajigowda N
651,14/07/2016,ಸಿಬ್ಬಂದಿ ಮತ್ತು ಆಡಳಿತ ಸುಧಾರಣೆ,Staff and administrative reform,ಲೋಕಾಯುಕ್ತ ದಾಳಿ ಪ್ರಕರಣಗಳ ಬಗ್ಗೆ,About Lokayukta attacks,ಅಪ್ಪಾಜಿಗೌಡ .ಎನ್,Appajigowda N
652,14/07/2016,ಸಿಬ್ಬಂದಿ ಮತ್ತು ಆಡಳಿತ ಸುಧಾರಣೆ,Staff and administrative reform,"೨೭೧ ಜೆ ಅಡಿಯಲ್ಲಿ ರಾಜ್ಯದ ಇತರೆ ವಿಭಾಗಗಳಲ್ಲಿ ನೇಮಕಾತಿ ಹಾಗೂ ಮುಂಬಡ್ತಿಗಳ ಶೇ,೮%ರಷ್ಷು ಮೀಸಲಾತಿ ಬಗ್ಗೆ","About 27% of the Reservation and Responsibility of Other Sections of the State, 8% of Russia's Reservation",ಅಮರನಾಥ ಪಾಟೀಲ್,Amaranatha Patil
653,14/07/2016,ಆರ್ಥಿಕ,Economy,ರಾಜ್ಯ ಸರ್ಕಾರಿ ನೌಕರರಿಗೆ ಕೇಂದ್ರ ಸರ್ಕಾರಿ ನೌಕರರಿಗೆ ನೀಡುವ ಸರಿಸಮಾನ ವೇತನ ನೀಡುವ ಬಗ್ಗೆ,Providing State Government Employees equal pay for central government employees,ಅಮರನಾಥ ಪಾಟೀಲ್,Amaranatha Patil
654,14/07/2016,ಸಿಬ್ಬಂದಿ ಮತ್ತು ಆಡಳಿತ ಸುಧಾರಣೆ,Staff and administrative reform,ಕಲಬುರಗಿಯಲ್ಲಿ ಕೆ.ಎ.ಟಿ. ಪೀಠ ಅಧಿಕೃತವಾಗಿ ಕಾರ್ಯಾರಂಭ ಮಾಡುವ ಬಗ್ಗೆ,KTT in the artillery About the official commissioning of the seat,ಅಮರನಾಥ ಪಾಟೀಲ್,Amaranatha Patil
655,14/07/2016,ಗೃಹ,Home,ಕಲಬುರಗಿಯಲ್ಲಿ ಪೊಲೀಸ್ ಆಯುಕ್ತರ ಕಛೇರಿ ಪ್ರಾರಂಭಿಸುವ ಬಗ್ಗೆ,About starting a police commissioner's office in Kalaburagi,ಅಮರನಾಥ ಪಾಟೀಲ್,Amaranatha Patil
656,14/07/2016,ಆರ್ಥಿಕ,Economy,ಹೊಸ ಪಿಂಚಣಿ ವ್ಯವಸ್ಥೆ ರದ್ದುಗೊಳಿಸಿ ಹಳೇ ಲಿಂಚಣಿ ವ್ಯವಸ್ಥೆ ಜಾರಿ ಮಾಡುವ ಬಗ್ಗೆ,Regarding the new pension system and issuing an old lien system,ಅರುಣ ಶಹಾಪುರ,Aruna Shahaapura
657,14/07/2016,ಆರ್ಥಿಕ,Economy,ಶಾಸಕರುಗಳು ಗುತ್ತಿಗೆ ಆಧಾರದ ಮೇಲೆ ನೇಮಕ ಮಾಡಿಕೊಳ್ಳುವ ಆಪ್ತ ಸಹಾಯಕರುಗಳ ವೇತನ ಕುರಿತು,Legislators are paying the salaries of close aides who are appointed on contract basis,ಅರುಣ ಶಹಾಪುರ,Aruna Shahaapura
658,14/07/2016,ಗೃಹ,Home,ಸ್ಪಂದನ ಮಹಿಳಾ ಸಹಾಯವಾಣಿ ಮತ್ತು ವೇಶ್ಯಾವಾಟಿಕೆ ಅಡ್ಡಗಳ ಮಾಲೀಕರ ವಿರುದ್ಧದ ಕ್ರಮ,Action Against Sponsor Women Helpline and Prostitution Cross Owners,ಜಯಮಾಲಾ ರಾಮಚಂದ್ರ,Jayamala Ramachandra
659,14/07/2016,ಗೃಹ,Home,ಆಸಿಡ್ ದಾಳಿ ಕಾಣೆಯಾದ ಅಪ್ರಾಪ್ತ ಮತ್ತು ಪ್ರಾಪ್ತ ಹೆಣ್ಣು ಮಕ್ಕಳ ಬಗ್ಗೆ,About minor and missing girls who are missing acid attack,ಜಯಮಾಲಾ ರಾಮಚಂದ್ರ,Jayamala Ramachandra
660,14/07/2016,ಗೃಹ,Home,ಮಹಿಳಾ ಜಾಗೃತಿ ದಳ ದಲ್ಲಿ ಮುಖ್ಯ ಸಮಸ್ಯೆಗಳ ವಿವರ,Details of the main issues in the Women's Awareness Corps,ಜಯಮಾಲಾ ರಾಮಚಂದ್ರ,Jayamala Ramachandra
661,14/07/2016,ವಾರ್ತಾ ಮತ್ತು ಪಚಾರ,News and ethics,ಮಲ್ಟಿಪ್ಲೆಕ್ಸ್ ಗಳಲ್ಲಿನ ಚಿತ್ರಮಂದಿರಗಳ ಬಗ್ಗೆ,About theaters in multiplexes,ರಾಮಚಂದ್ರಗೌಡ,Ramachandra Gowda
662,14/07/2016,ಗೃಹ ಸಚಿವರು,Home Minister,ಏಕಮುಖ ಸಂಚಾರ ಮಾರ್ಗದ ಬಗ್ಗೆ,About the one-way traffic route,ರಾಮಚಂದ್ರಗೌಡ,Ramachandra Gowda
663,14/07/2016,ನಗರ ಯೋಜನಾ,City planning,ರಸ್ತೆ ಅಗಲೀಕರಣ,Road widening,ರಾಮಚಂದ್ರಗೌಡ,Ramachandra Gowda
664,14/07/2016,ಆರ್ಥಿಕ,Economy,ಸರ್ಕಾರಿ ನೌಕರರ ವೇತನದ ಬಗ್ಗೆ,About Government Employees Pay,ರಾಮಚಂದ್ರಗೌಡ,Ramachandra Gowda
665,14/07/2016,ನಗರ ಯೋಜನಾ,City planning,ಕಸ ಸಂಸ್ಕರಣ ಘಟಕದ ಕಲುಷಿತ ನೀರನ್ನು ಸೋಂಪೂರ ಕೆರೆಗೆ ಬಿಡುತ್ತಿರುವ ಬಗ್ಗೆ,About leaving the contaminated water of the garbage treatment plant to the Sampoo Lake,ರಾಮಚಂದ್ರಗೌಡ,Ramachandra Gowda
666,14/07/2016,ಗೃಹ,Home,ಬೀದರ್ ನಗರದಲ್ಲಿ ಪದೇ ಪದೇ ಕಳ್ಳತನ ಆಗುತ್ತಿರುವ ಬಗ್ಗೆ,Being repeatedly stealing in the city of Bidar,ರಘುನಾಥ ರಾವ್ ಮಲ್ಕಾಪೂರೆ,Raghunath Rao Malkapore
667,14/07/2016,ನಗರಾಭಿವೃದ್ಧಿ,Urban development,ಎಸ್.ಸಿ.ಪಿ./ಟಿ.ಎಸ್.ಪಿ. ಕಾರ್ಯಕ್ರಮದ ಬಗ್ಗೆ,SCP / TSP About the show,ರಘುನಾಥ ರಾವ್ ಮಲ್ಕಾಪೂರೆ,Raghunath Rao Malkapore
668,14/07/2016,ಗೃಹ,Home,ರಾಜ್ಯದಲ್ಲಿನ ಡ್ರಗ್ಸ್ ಮಾಫಿಯಾ ಬಗ್ಗೆ,About drugs mafia in the state,ರಘುನಾಥ ರಾವ್ ಮಲ್ಕಾಪೂರೆ,Raghunath Rao Malkapore
669,14/07/2016,ಗೃಹ,Home,ರಾಜ್ಯದಲ್ಲಿ ಪೊಲೀಸ್ ಸಿಬ್ಬಂದಿಗಳಿಗೆ ಯಾವ ಯಾವ ಸೌಲಭ್ಯಗಳನ್ನು ಕಲ್ಪಿಸಲಾಗುತ್ತಿದೆ,What facilities are being provided to police personnel in the state,ರಘುನಾಥ ರಾವ್ ಮಲ್ಕಾಪೂರೆ,Raghunath Rao Malkapore
670,14/07/2016,ಗೃಹ,Home,ಮಹಿಳೆಯರ ಮೇಲಿನ ಅತ್ಯಾಚಾರ ಆಸಿಡ್ ದಾಳಿ ಪ್ರಕರಣಗಳು,Rape cases of acid attack on women,ಉಗ್ರಪ್ಪ .ವಿ.ಎಸ್,Ugrappa VS
671,14/07/2016,ಸಿಬ್ಬಂದಿ ಮತ್ತು ಆಡಳಿತ ಸುಧಾರಣೆ,Staff and administrative reform,ಇಲಾಖಾ ಕಛೇರಿಗಳಲ್ಲಿ ನೌಕರರ ರಕ್ಷಣೆ,Employee protection in departmental offices,ಉಗ್ರಪ್ಪ .ವಿ.ಎಸ್,Ugrappa VS
672,14/07/2016,ವಾರ್ತಾ ಮತ್ತು ಪ್ರಚಾರ,News and promotion,ರಾಜ್ಯ ಸರ್ಕಾರದ ಜನಪರ ಕಾರ್ಯಕ್ರಮಗಳನ್ನು ಜನರಿಗೆ ತುಲಿಸುವಲ್ಲಿ ವಾರ್ತಾ ಇಲಾಖೆ,The Department of Information is comparing people's programs to the people of the state,ಐವಾನ್ ಡಿ ಸೋಜಾ,Ivan Disoza
673,14/07/2016,ನಗರಾಭಿವೃದ್ಧಿ,Urban development,ಮಂಗಳೂರು ಮಹಾನಗರ ಪಾಲಿಕೆ ಎ.ಡಿ.ಬಿ. ಯೋಜನೆ,Mangalore City Corporation ADB Plan,ಐವಾನ್ ಡಿ ಸೋಜಾ,Ivan Disoza
674,14/07/2016,ನಗರಾಭಿವೃದ್ಧಿ,Urban development,ವಳ್ಯಾರುವಿನಲ್ಲಿ ವಸತಿ ಬಡಾವಣೆಗಾಗಿ ಭೂಮಿ ಖರೀದಿ,Buy land for residential space in Vellore,ಐವಾನ್ ಡಿ ಸೋಜಾ,Ivan Disoza
675,14/07/2016,ಗೃಹ,Home,ದಕ್ಷಿಣ ಕನ್ನಡ ಜಿಲ್ಲೆಯಲ್ಲಿ ೨೦೧೪ ರಿಂದ ೨೦೧೬ ರಲ್ಲಿ ಕೋಮುದ್ವೇಷದ ಉದ್ದೇಶದಿಂದ ದಾಖಲಾದ ಪ್ರಕರಣಗಳು,Cases registered against communal violence from 2014 to 2016 in Dakshina Kannada district,ಐವಾನ್ ಡಿ ಸೋಜಾ,Ivan Disoza
676,14/07/2016,ಗೃಹ,Home,ಪೊಲೀಸ್ ಇಲಾಖೆಯಲ್ಲಿ ಪದವೀಧರರಿಗಾಗಿ ಇರುವ ಸವಲತ್ತುಗಳು,Benefits for Graduate in Police Department,ಐವಾನ್ ಡಿ ಸೋಜಾ,Ivan Disoza
677,14/07/2016,ಗೃಹ,Home,ಪೊಲೀಸ್ ಇಲಾಖೆಯಲ್ಲಿ ಸಿಬ್ಬಂದಿಗಳ ಸಾಂದರ್ಭಿಕ ರಜೆ ಬಗ್ಗೆ ಕೈಗೊಂಡಿರುವ ಕ್ರಮಗಳು,Measures taken on the incidental leave of the staff in the police department,ಕ್ಯಾಪ್ಟನ್ ಗಣೇಶ್ ಕಾರ್ಣಿಕ್,Capt. Ganesh Karnik
678,14/07/2016,ಗೃಹ,Home,ಹುತಾತ್ಮ ಸೈನಿಕರ ಕುಟುಂಬದವರಿಗೆ ನೀಡುತ್ತಿರುವ ಸೌಲಭ್ಯಗಳು,Facilities offered to martyrs' families,ಕ್ಯಾಪ್ಟನ್ ಗಣೇಶ್ ಕಾರ್ಣಿಕ್,Capt. Ganesh Karnik
679,14/07/2016,ಗೃಹ ಸಚಿವರು,Home Minister,ರಾಜ್ಯದ ಪೊಲೀಸ್ ಇಲಾಖೆಯ ಸಿಬ್ಬಂದಿಯವರ ಸಮಸ್ಯೆಗಳು ಮತ್ತು ಪರಿಹಾರ,Issues and relief of the staff of the State Police Department,ಕ್ಯಾಪ್ಟನ್ ಗಣೇಶ್ ಕಾರ್ಣಿಕ್,Capt. Ganesh Karnik
680,14/07/2016,ನಗರ ಯೋಜನಾ,City planning,ಬೃಹತ್ ಬೆಂಗಳೂರು ಮಹಾನಗರ ಪಾಲಿಕೆ ವ್ಯಾಪ್ತಿಯಲ್ಲಿ ಬೀಳುತ್ತಿರುವ ಮಳೆಯ ನೀರಿನ ಸದ್ಬಳಕೆ,Rainwater harvesting is falling under the huge Bangalore Metropolitan Area,ಕ್ಯಾಪ್ಟನ್ ಗಣೇಶ್ ಕಾರ್ಣಿಕ್,Capt. Ganesh Karnik
681,14/07/2016,ಸಿಬ್ಬಂದಿ ಮತ್ತು ಆಡಳಿತ ಸುಧಾರಣೆ,Staff and administrative reform,ರಾಜ್ಯ ಸರ್ಕಾರದ ವಿವಿಧ ಇಲಾಖೆಗಳಲ್ಲಿ ಖಾಲಿ ಇರುವ ಹುದ್ದೆಗಳ ವಿವರ,Details of vacant posts in different departments of the State Government,ಕ್ಯಾಪ್ಟನ್ ಗಣೇಶ್ ಕಾರ್ಣಿಕ್,Capt. Ganesh Karnik
682,14/07/2016,ಸಿಬ್ಬಂದಿ ಮತ್ತು ಆಡಳಿತ ಸುಧಾರಣೆ,Staff and administrative reform,ಬೆಳಗಾವಿ ಸುವರ್ಣ ವಿಧಾನಸೌಧಕ್ಕೆ ಕಛೇರಿಗಳು ಸ್ಥಳಾಂತರಿಸದೇ ಇರುವ ಬಗ್ಗೆ,Offices for the Belgaum Suvarna Municipality have not been moved,ಕವಟಗಿಮಠ ಮಹಂತೇಶ ಮಲ್ಲಿಕಾರ್ಜುನ,Kavatimata Mahantesha Mallikarjuna
683,14/07/2016,ಸಿಬ್ಬಂದಿ ಮತ್ತು ಆಡಳಿತ ಸುಧಾರಣೆ,Staff and administrative reform,ಇಲಾಖೆಗಳಲ್ಲಿ ಕಡತಗಳು ಮಾಯವಾಗುತ್ತಿರುವ ಕುರಿತು,About files disappear in departments,ಕವಟಗಿಮಠ ಮಹಂತೇಶ ಮಲ್ಲಿಕಾರ್ಜುನ,Kavatimata Mahantesha Mallikarjuna
684,14/07/2016,ಗಹ,Home,ಬೆಳಗಾವಿ ನಗರ ಮಾದಕ ವಸ್ತುಗಳ ಮತ್ತು ವ್ಯಸನಿಗಳಿಗೆ ತಾಣವಾಗುತ್ತಿರುವ ಬಗ್ಗೆ,About the location of Belgaum city drugs and addicts,ಕವಟಗಿಮಠ ಮಹಂತೇಶ ಮಲ್ಲಿಕಾರ್ಜುನ,Kavatimata Mahantesha Mallikarjuna
685,14/07/2016,ಸಿಬ್ಬಂದಿ ಮತ್ತು ಆಡಳಿತ ಸುಧಾರಣೆ,Staff and administrative reform,ಕರ್ನಾಟಕ ಲೋಕಸೇವಾ ಆಯೋಗದಲ್ಲಿ ಪ್ರಥಮ ದರ್ಜೆ ಸಹಾಯಕ ಮತ್ತು ದ್ವಿತೀಯ ದರ್ಜೆ ಸಹಾಯಕರ ನೇಮಕಾತಿಯ ಅಕ್ರಮದ ಬಗ್ಗೆ,About First Class Assistant and Second Grade Assistant Recruitment In Karnataka Karnataka Lokayawa Commission,ಕವಟಗಿಮಠ ಮಹಂತೇಶ ಮಲ್ಲಿಕಾರ್ಜುನ,Kavatimata Mahantesha Mallikarjuna
686,14/07/2016,ವಸತಿ,Housing,ವಿವಿಧ ವಸತಿ ಯೋಜನೆಗಳ ಬಗ್ಗೆ,About various housing schemes,ಕಾಂತರಾಜು,Kantaraju
687,14/07/2016,ನಗರಾಭಿವೃದ್ಧಿ,Urban development,ತುಮಕೂರು ನಗರದಲ್ಲಿ ಸ್ಕೈವಾಕ್ ನಿರ್ಮಾಣ,Skywalk construction in Tumkur,ಕಾಂತರಾಜು,Kantaraju
688,14/07/2016,ನಗರಾಭಿವೃದ್ಧಿ,Urban development,ತುಮಕೂರಿನಲ್ಲಿ ಹೊರ ವರ್ತುಲ ರಸ್ತೆ ನಿರ್ಮಾಣ,Construction of outer ring road in Tumkur,ಕಾಂತರಾಜು,Kantaraju
689,14/07/2016,ನಗರಾಭಿವೃದ್ಧಿ,Urban development,ಮಹಾನಗರ ಪಾಲಿಕೆ ವ್ಯಾಪ್ತಿಯಲ್ಲಿರುವ ಅಮಾನಿಕೆರೆ ಅಭಿವೃದ್ಧಿ,AmanKare development within the metropolitan area,ಕಾಂತರಾಜು,Kantaraju
690,14/07/2016,ವಸತಿ,Housing,ವಸತಿ ಯೋಜನೆಯಡಿ ಬಡಾವಣೆ ನಿರ್ಮಾಣ,Building a Layout Under the Housing Scheme,ಕಾಂತರಾಜು,Kantaraju
691,14/07/2016,ನಗರ ಯೋಜನಾ,City planning,ಬೃಹತ್ ಬೆಂಗಳೂರು ಮಹಾನಗರ ಪಾಲಿಕೆ ವ್ಯಾಪ್ತಿಯಲ್ಲಿನ ಸುರಕ್ಷತೆ ಮತ್ತು ಶೌಚಾಲಯದ ಬಗ್ಗೆ,About safety and toilet facilities in the huge Bangalore Metropolitan Area,ಕಟ ಶ್ರೀನಿವಾಸ ಪೂಜಾರಿ,Kota Srinivasa Pujari
692,14/07/2016,ಗೃಹ,Home,ಪೊಲೀಸ್ ಬೇಡಿಕೆ ಈಡೇರಿಸುವ ಕುರಿತು,About the police demand fulfillment,ಕಟ ಶ್ರೀನಿವಾಸ ಪೂಜಾರಿ,Kota Srinivasa Pujari
693,14/07/2016,ಗೃಹ,Home,ಪೊಲೀಸರ ಪ್ರತಿಭಟನೆ ಸಂಬಂಧ ಪ್ರಕರಣಗಳನ್ನು ಕೈಬಿಡುವ ಬಗ್ಗೆ,About dropping cases related to police protests,ಕಟ ಶ್ರೀನಿವಾಸ ಪೂಜಾರಿ,Kota Srinivasa Pujari
694,14/07/2016,ಗೃಹ,Home,ಮಹಿಳಾ ಪೊಲೀಸ ಠಾಣೆಗಳ ಬಗ್ಗೆ,About Women's Police Stations,ಕಟ ಶ್ರೀನಿವಾಸ ಪೂಜಾರಿ,Kota Srinivasa Pujari
695,14/07/2016,ಮಾಹಿತಿ ಮತ್ತು ಸಾರ್ವಜನಿಕ ಸಂಬಂಧ,Information and public relations,ವಸತಿ ಯೋಜನೆಯಡಿ ಬ್ಲಾಕ್ ಆದ ಮನೆಗಳ ವಿವರ,Details of blocked houses under the housing scheme,ಕೋಟ ಶ್ರೀನಿವಾಸ ಪೂಜಾರಿ,Kota Srinivasa Pujari
696,14/07/2016,ಗೃಹ,Home,ಸಿಯಾಚಿನ್‌ನಲ್ಲಿ ವೀರ ಮರಣ ಹೊಂದಿದ ಲ್ಯಾನ್ಸ್ ನಾಯಕ ಹನುಮಂತಪ್ಪ ಕೊಪ್ಪದ ಅವರ ಕುಟುಂಬಕ್ಕೆ ಪರಿಹಾರ,Lance leader Hanumanthappa Koppa's relief for his family died in Siachen,ತಾರಾಅನೂರಾಧ,Tara Anuradha
697,14/07/2016,ಗೃಹ,Home,ಡ್ರಗ್ಸ್ ಮಾಫಿಯಾ ನಿಯಂತ್ರಣದ ಬಗ್ಗೆ,About Drugs Mafia Control,ತಾರಾಅನೂರಾಧ,Tara Anuradha
698,14/07/2016,ನಗರ ಯೋಜನಾ,City planning,ಪ್ರತಿಷ್ಠಿತ ಕಂಪನಿ/ಬೃಹತ್ ಕಟ್ಟಡಗಳು/ಮಾಲ್ ಗಳಿಂದ ಆಸ್ತಿ ತೆರಿಗೆ ವಂಚನೆ,Property tax fraud by prestigious companies / big buildings / malls,ತಾರಾಅನೂರಾಧ,Tara Anuradha
699,14/07/2016,ಕನ್ನಡ ಮತ್ತು ಸಂಸ್ಕೃತಿ,Kannada and culture,ಅರಮನೆಯಲ್ಲಿ ಸ್ವರ್ಣ ಸಿಂಹಾಸನ ಭದ್ರತಾ ಬಗ್ಗೆ,About the golden throne security in the palace,ತಾರಾಅನೂರಾಧ,Tara Anuradha
700,14/07/2016,ಗೃಹ,Home,ಪೊಲೀಸ್ ಇಲಾಖೆಯ ನಿರ್ಲಕ್ಷ ಕುರಿತು,About the police department's negligence,ಘೋಟ್ನೆಕರ ಶ್ರೀಕಾಂತ ಲಕ್ಷ್ಮಣ,Ghotnekara Srikanta Lakshmana
701,14/07/2016,ನಗರ ಯೋಜನಾ,City planning,ಬೆಂಗಳೂರು ಅಭಿವೃದ್ಧಿ ಪ್ರಾಧಿಕಾರದಿಂದ ರೆವಿನ್ಯೂ ನಿವೇಶನಕ್ಕೆ ಬದಲಿ ನಿವೇಶನ ನೀಡುವ ಕುರಿತು,Regarding the replacement site for the Revenue site from the Bangalore Development Authority,ಚೌಡರೆಡ್ಡಿ ತೂಪಲ್ಲಿ .ಆರ್,Chowdareddy Tupalli R
702,14/07/2016,ಸಿಬ್ಬಂದಿ ಮತ್ತು ಆಡಳಿತ ಸುಧಾರಣೆ,Staff and administrative reform,ಸರ್ಕಾರದಲ್ಲಿರುವ ಇಲಾಖೆಗಳ ಬಗ್ಗೆ,About Departments in Government,ಚೌಡರೆಡ್ಡಿ ತೂಪಲ್ಲಿ .ಆರ್,Chowdareddy Tupalli R
703,14/07/2016,ನಗರ ಯೋಜನಾ,City planning,ಬಿ.ಎಂ.ಆರ್.ಸಿ.ಎಲ್. ನೌಕರರ ವೇತನ ಶ್ರೇಣಿಯ ಬಗ್ಗೆ,BMRCL About Employee Pay Range,ಚೌಡರೆಡ್ಡಿ ತೂಪಲ್ಲಿ .ಆರ್,Chowdareddy Tupalli R
704,14/07/2016,ನಗರಾಭಿವೃದ್ಧಿ,Urban development,ನಗರ ಪಾಲಿಕೆಗಳಲ್ಲಿ ತ್ಯಾಜ್ಯ-ವಿಲೇವಾರಿ,Waste-disposal in city corridors,ಚೌಡರೆಡ್ಡಿ ತೂಪಲ್ಲಿ .ಆರ್,Chowdareddy Tupalli R
705,14/07/2016,ನಗರ ಯೋಜನಾ,City planning,ಜಲಮಂಡಳಿ ನೌಕರರ ವೇತನ ಶ್ರೇಣಿಗಳ ಬಗ್ಗೆ,About salary ranges of watercolor employees,ಚೌಡರೆಡ್ಡಿ ತೂಪಲ್ಲಿ .ಆರ್,Chowdareddy Tupalli R
706,14/07/2016,ಸಿಬ್ಬಂದಿ ಮತ್ತು ಆಡಳಿತ ಸುಧಾರಣೆ,Staff and administrative reform,ಸಚಿವಾಲಯದಲ್ಲಿ ಕಡತ ವಿಲೇವಾರಿಯಲ್ಲಿ ವಿಳಂಬ,Delay in File Delivery in the Ministry,ಧರ್ಮಸೇನ .ಆರ್,Dharmasena R
707,14/07/2016,ಗೃಹ,Home,ಪಲೀಸರ ವರ್ತನೆ ಸುಧಾರಣೆ ಮಾಡುವ ಬಗ್ಗೆ,Improve the behavior of politicized behavior,ಧರ್ಮಸೇನ .ಆರ್,Dharmasena R
708,14/07/2016,ವಸತಿ,Housing,ಮೈಸೂರು ಮತ್ತು ಚಾಮರಾಜನಗರ ಜಿಲ್ಲೆಯಲ್ಲಿರುವ ವಸತಿ ಹೀನರು,Housing in Mysore and Chamarajanagar district,ಧರ್ಮಸೇನ .ಆರ್,Dharmasena R
709,15/07/2016,ಪ್ರಾಥಮಿಕ ಮತ್ತು ಪ್ರೌಢ ಶಿಕ್ಷಣ,Primary and Secondary Education,ಸರ್ಕಾರಿ ಪ್ರಾಥಮಿಕ ಶಾಲೆಗಳನ್ನು ಮುಚ್ಚುವ ಬಗ್ಗೆ,About closing government primary schools,ಬೋಸ್‌ರಾಜು .ಎನ್.ಎಸ್,Bosaraju N S
710,15/07/2016,ಗ್ರಾಮೀಣಾಭಿವೃದ್ಧಿ ಮತ್ತು ಪಂಚಾಯತ್ ರಾಜ್,Rural Development and Panchayat Raj,ಗ್ರಾಮ ಪಂಚಾಯತ್ ಕಟ್ಟಡಗಳಿಗೆ ಮೂಲಭೂತ ಸೌಲಭ್ಯ ಒದಗಿಸುವ ಬಗ್ಗೆ,Providing basic facilities to Gram Panchayat buildings,ಬೋಸ್‌ರಾಜು .ಎನ್.ಎಸ್,Bosaraju N S
711,15/07/2016,ಉನ್ನತ ಶಿಕ್ಷಣ,Higher education,ಮಾನ್ವಿ ತಾಲ್ಲೂಕಿನ ಸಿರವಾರ ಪಟ್ಟಣದಲ್ಲಿ ಪದವಿ ಕಾಲೇಜು ಪ್ರಾರಂಭಿಸುವ ಬಗ್ಗೆ,About starting a graduate college in Sirvara town of Manvi Taluk,ಬೋಸ್‌ರಾಜು .ಎನ್.ಎಸ್,Bosaraju N S
712,15/07/2016,ಸರಿಗೆ,The cargo,ರಾಯಚೂರು ಜಿಲ್ಲೆಯ ಗ್ರಾಮಗಳಿಗೆ ಬಸ್ ಸೌಕರ್ಯ ಕಲ್ಪಿಸುವ ಕುರಿತು,About bus facilities for villages in Raichur district,ಬೋಸ್‌ರಾಜು .ಎನ್.ಎಸ್,Bosaraju N S
713,15/07/2016,ಸಣ್ಣ ಕೈಗಾರಿಕೆ,Small industry,ರಾಯಚೂರು ಜಿಲ್ಲೆಯಲ್ಲಿ ಸಣ್ಣ ಕೈಗಾರಿಕೆ ಅಭಿವೃದ್ಧಿ ಕುರಿತು,About small industrial development in Raichur district,ಬೋಸ್‌ರಾಜು .ಎನ್.ಎಸ್,Bosaraju N S
714,15/07/2016,ಗ್ರಾಮೀಣಾಭಿವೃದ್ಧಿ ಮತ್ತು ಪಂಚಾಯತ್ ರಾಜ್,Rural Development and Panchayat Raj,ಶಿವಮೊಗ್ಗಾ ತಾಲ್ಲೂಕು ಉಂಬಳೆಬೈಲು ಪಂಚಾಯತಿ ವ್ಯಾಪ್ತಿಯಲ್ಲಿ ಕುಡಿಯುವ ನೀರಿನ ಬಗ್ಗೆ,About drinking water at the Umbilbailu panchayat range of Shimoga district,ಭಾನುಪ್ರಕಾಶ್,Bhanu Prakasha
715,15/07/2016,ಕೈಗಾರಿಕೆ,Industry,"ಶಿವಮೊಗ್ಗ ತಾಲ್ಲೂಕು, ಕಲ್ಲಳ್ಳ ಮಂಡ್ಲಿ ಕೈಗಾರಿಕಾ ಪ್ರದೇಶದ ಬಗ್ಗೆ","About Shimoga Taluk, Kalla Mandli Industrial Area",ಭಾನುಪ್ರಕಾಶ್,Bhanu Prakasha
716,15/07/2016,ಗಣಿ ಮತ್ತು ಭೂ ವಿಜ್ಞಾನ,Mine and geology,ಕಲ್ಲು ಕ್ವಾರಿ ನಡೆಸಲು ಅನುಮತಿ ವಿಚಾರ,Permission to conduct a stone quarry,ಭಾನುಪ್ರಕಾಶ್,Bhanu Prakasha
717,15/07/2016,ಉನ್ನತ ಶಿಕ್ಷಣ,Higher education,ಸಂಸ್ಕೃತ ವಿಶ್ವ ವಿದ್ಯಾಲಯದ ವಿಚಾರ,The concept of Sanskrit University,ಭಾನುಪ್ರಕಾಶ್,Bhanu Prakasha
718,15/07/2016,ಗ್ರಾಮೀಣಾಭಿವೃದ್ಧಿ ಮತ್ತು ಪಂಚಾಯತ್ ರಾಜ್,Rural Development and Panchayat Raj,ಗ್ರಾಮ ಪಂಚಾಯಿತಿ ವ್ಯಾಪ್ತಿಯ ಆಸ್ತಿಗಳಿಗೆ ಹಕ್ಕು ಪತ್ರ ನೀಡುವುದು,Issue of Rights to the Gram Panchayat Rules,ಸುನೀಲ್ ಸುಬ್ರಮಣಿ .ಎಂ.ಪಿ,Sunil Subramani M P
719,15/07/2016,ಪ್ರಾಥಮಿಕ ಮತ್ತು ಪ್ರೌಢ ಶಿಕ್ಷಣ,Primary and Secondary Education,ಶಾಲಾ ಮಕಳಿಗೆ ಪುಸ್ತಕ ಮತ್ತು ಸಮವಸ್ತ್ರ ಸರಿಯಾದ ಸಮಯಕ್ಕೆ ತಲುಪದಿರುವ ಬಗ್ಗೆ,The book and uniform do not reach the school macula at the right time,ಸುನೀಲ್ ಸುಬ್ರಮಣಿ .ಎಂ.ಪಿ,Sunil Subramani M P
720,15/07/2016,ಕನಡ ಮತ್ತು ಸಂಸ್ಕೃತಿ,Dream and culture,ಚಿತ್ರಕಲಾ ಶಿಕ್ಷಕರಿಗೆ ನೀಡುವ ಬಡ್ತಿಯ ಬಗ್ಗೆ,About promotion of drawing teachers,ಸುನೀಲ್ ಸುಬ್ರಮಣಿ .ಎಂ.ಪಿ,Sunil Subramani M P
721,15/07/2016,ಪ್ರಾಥಮಿಕ ಮತ್ತು ಪ್ರೌಢ ಶಿಕ್ಷಣ,Primary and Secondary Education,ರಾಜ್ಯದ ಖಾಸಗಿ ಅನುದಾನಿತ ಪದವಿ ಪೂರ್ವ ಹಾಗೂ ಪ್ರೌಢ ಶಾಲೆಗಳಲ್ಲಿ ನಿಧನ/ನಿವೃತ್ತಿಯಿಂದ ಖಾಲಿಯಾಗಿರುವ ಹುದ್ದೆಗಳನ್ನು ತುಂಬಿಕೊಳ್ಳುವ ಬಗ್ಗೆ,About filling up vacant posts from retirement / retirement in private aided undergraduate and high schools in the state,ಸಂಕನೂರ .ಎಸ್.ವ್ಹಿ,Sankanura S V
722,15/07/2016,ಪ್ರಾಥಮಿಕ ಮತ್ತು ಪ್ರೌಢ ಶಿಕ್ಷಣ,Primary and Secondary Education,೧೯೯೪-೯೫ರ ಶೈಕ್ಷಣಿಕ ವರ್ಷದ ಆರಂಭದಲ್ಲಿ ಅನುದಾನಿತ ಪದವಿಪೂರ್ವ ಕಾಲೇಜುಗಳಲ್ಲಿ ನೇಮಕ ಆಗಿರುವ ದೈಹಿಕ ಶಿಕ್ಷಕರನ್ನು ಅನುದಾನ ಒಳಪಡಿಸುವ ಕುರಿತು,About granting physical teachers appointed to undergraduate colleges during the academic year 1994-95,ಸಂಕನೂರ .ಎಸ್.ವ್ಹಿ,Sankanura S V
723,15/07/2016,ಪ್ರಾಥಮಿಕ ಮತ್ತು ಪ್ರೌಢ ಶಿಕ್ಷಣ,Primary and Secondary Education,ಶಿಕಕರ ನೇಮಕಾತಿ ಬಗ್ಗೆ,About the recruitment of Shikara,ಸಮಣ್ಣ .ವಿ,Somanna V
724,15/07/2016,ಅಲ್ಪಸಂಖ್ಯಾತರ ಕಲ್ಯಾಣ,Minorities Welfare,ಶಾದಿ ಭಾಗ್ಯ ಯೋಜನೆಯ ಬಗ್ಗೆ,About the Shadhi Bhagya Scheme,ಸೋಮಣ್ಣ ಮ ಬೇವಿನಮರದ,Samanna Ma Bevinamara
725,15/07/2016,ಗ್ರಾಮೀಣಾಭಿವೃದ್ಧಿ ಮತ್ತು ಪಂಚಾಯತ್ ರಾಜ್,Rural Development and Panchayat Raj,ಹಾವೇರಿ ಜಿಲ್ಲೆಯ ಏಳು ತಾಲ್ಲೂಕುಗಳಲ್ಲಿ ನೀರಿನ ಕೊರತೆ,Water shortage in seven taluks in Haveri district,ಸೋಮಣ್ಣ ಮ ಬೇವಿನಮರದ,Samanna Ma Bevinamara
726,15/07/2016,ಗ್ರಾಮೀಣಾಭಿವೃದ್ಧಿ ಮತ್ತು ಪಂಚಾಯತ್ ರಾಜ್,Rural Development and Panchayat Raj,ರಾಜ್ಯದಲ್ಲಿನ ನೂತನ ಗ್ರಾಮ ಪಂಚಾಯತಿಗಳ ಬಗ್ಗೆ,Regarding new village panchayats in the state,ಸೋಮಣ್ಣ ಮ ಬೇವಿನಮರದ,Samanna Ma Bevinamara
727,15/07/2016,ಸಣ್ಣ ಕೈಗಾರಿಕೆ,Small industry,ಸಣ್ಣ ಕೈಗಾರಿಕೆ ಇಲಾಖೆಯಡಿ ಚಾಲ್ತಿ ಇರುವ ಬಗ್ಗೆ,About the Department of Small Industries,ಸೋಮಣ್ಣ ಮ ಬೇವಿನಮರದ,Samanna Ma Bevinamara
728,15/07/2016,ಗ್ರಾಮೀಣಾಭಿವೃದ್ಧಿ ಮತ್ತು ಪಂಚಾಯತ್ ರಾಜ್,Rural Development and Panchayat Raj,ಗ್ರಾಮ ಪಂಚಾಯತ್ ರಾಜ್ ಇಲಾಖೆಯಲ್ಲಿ ಅಕ್ರಮದ ಬಗ್ಗೆ,Illegality in the Gram Panchayat Raj Department,ಸೋಮಣ್ಣ ಮ ಬೇವಿನಮರದ,Samanna Ma Bevinamara
729,15/07/2016,ಗ್ರಾಮೀಣಾಭಿವೃದ್ಧಿ ಮತ್ತು ಪಂಚಾಯತ್ ರಾಜ್,Rural Development and Panchayat Raj,ಚಾಮರಾಜನಗರ ಜಿಲ್ಲೆಯಲ್ಲಿ ಸ್ವಚ್ಛ ಭಾರತ ಯೋಜನೆ,Clean India Project in Chamarajanagar District,ನಾಗರಾಜು .ಎಸ್,Nagaraja S
730,15/07/2016,ಸಾರಿಗೆ,Transport,ಮೈಸೂರು ನಗರ ಸಾರಿಗೆ ಸೌಲಭ್ಯದ ಬಗ್ಗೆ,About Mysore city transport facility,ನಾಗರಾಜು .ಎಸ್,Nagaraja S
731,15/07/2016,ಗಮೀಣಾಭಿವೃದ್ದಿ ಮತ್ತು ಪಂಚಾಯತ್ ರಾಜ್,Rural Development and Panchayat Raj,ಗ್ರಾಮ ಪಂಚಾಯತಿಗಳಲ್ಲಿರುವ ದಿನಗೂಲಿ ನೌಕರರ ಖಾಯಂಯಾತಿ,Daily Guarantee of Daily Workers in Gram Panchayats,ನಾಗರಾಜು .ಎಸ್,Nagaraja S
732,15/07/2016,ಪ್ರಾಥಮಿಕ ಮತ್ತು ಪ್ರೌಢ ಶಿಕ್ಷಣ,Primary and Secondary Education,ಹೆಚ್.ಡಿ.ಕೋಟೆಯ ಆದರ್ಶ ಶಾಲೆಯಲ್ಲಿ ಶಿಕ್ಷಕರು ಮತ್ತು ಮೂಲಭೂತ ಸೌಲಭ್ಯಗಳ ಕೊರತೆ,The lack of teachers and basic facilities at the HD School's ideal school,ನಾಗರಾಜು .ಎಸ್,Nagaraja S
733,15/07/2016,ಗ್ರಾಮೀಣಾಭಿವೃದ್ಧಿ ಮತ್ತು ಪಂಚಾಯತ್ ರಾಜ್,Rural Development and Panchayat Raj,ಜಿಲ್ಲಾ ಪಂಚಾಯತಿ ಅಧ್ಯಕ್ಷರ ಮತ್ತು ಉಪಾಧ್ಯಕ್ಷರಿಗೆ ನೀಡುವ ಸ್ಥಾನಮಾನ ಹಾಗೂ ಸೌಲಭ್ಯಗಳು ಮತ್ತು ಗ್ರಾಮ ಪಂಚಾಯತಿ ತಾಲ್ಲೂಕು ಪಂಚಾಯತಿ ಸದಸ್ಯರ ಗೌರವಧನದಲ್ಲಿ ಹೆಚ್ಚಳ,Increase in status and facilities and grant of Grama Panchayat Taluk Panchayat members to Zilla Panchayat President and Vice President,ನಾಗರಾಜು .ಎಸ್,Nagaraja S
734,15/07/2016,ಸಾರಿಗೆ,Transport,ಏರಿಯಾ ಸ್ಕೀಮ್ ಜಾರಿಗೊಳಿಸುವ ಬಗ್ಗೆ,About the implementation of Area Scheme,ಪ್ರಸನ ಕುಮಾರ್ .ಆರ್,Prasanna Kumar R
735,15/07/2016,ಗ್ರಾಮೀಣಾಭಿವೃದ್ಧಿ ಮತ್ತು ಪಂಚಾಯತ್ ರಾಜ್,Rural Development and Panchayat Raj,ಶುದ್ಧ ಕುಡಿಯುವ ನೀರು ಘಟಕಗಳ ಸ್ಥಾಪನೆ ಬಗ್ಗೆ,About the establishment of pure drinking water plants,ಪ್ರಸನ ಕುಮಾರ್ .ಆರ್,Prasanna Kumar R
736,15/07/2016,ಗಣಿ ಮತ್ತು ಭೂ ವಿಜ್ಞಾನ,Mine and geology,ಶಿವಮೊಗ ಜಿಲ್ಲೆಯಲ್ಲಿ ಮರಳಿನ ಅಭಾವ,Sand Deprivation in Shimoga district,ಪ್ರಸನ ಕುಮಾರ್ .ಆರ್,Prasanna Kumar R
737,15/07/2016,ಗ್ರಾಮೀಣಾಭಿವೃದ್ಧಿ ಮತ್ತು ಪಂಚಾಯತ್ ರಾಜ್,Rural Development and Panchayat Raj,ಗ್ರಾಮ ಪಂಚಾಯತಿ ಗ್ರಂಥಾಲಯಗಳು,Gram Panchayat Libraries,ಪ್ರದೀಪ್ ಶೆಟ್ಟರ್,Pradeep Shettar
738,15/07/2016,ಸಣ್ಣ ಕೈಗಾರಿಕೆ,Small industry,ಇಲಾಖೆಯ ವತಿಯಿಂದ ಅನುಷ್ಠಾನಗೊಳಿಸುವ ಕಾರ್ಯಕ್ರಮಗಳು,Programs implemented by department,ಪ್ರದೀಪ್ ಶೆಟ್ಟರ್,Pradeep Shettar
739,15/07/2016,ಗ್ರಾಮೀಣಾಭಿವೃದ್ಧಿ ಮತ್ತು ಪಂಚಾಯತ್ ರಾಜ್,Rural Development and Panchayat Raj,ಬಿ.ಪಿ.ಎಲ್. ಹಾಗೂ ಬಿ.ಪಿ.ಎಲ್. ರಹಿತ ಸಾರ್ವಜನಿಕರಿಗೆ ಶೌಚಾಲಯ ನಿರ್ಮಿಸಲು ಕುರಿತು,BPL And BPL. About building a toilet for the public,ಪ್ರದೀಪ್ ಶೆಟ್ಟರ್,Pradeep Shettar
740,15/07/2016,ಗ್ರಾಮೀಣಾಭಿವೃದ್ಧಿ ಮತ್ತು ಪಂಚಾಯತ್ ರಾಜ್,Rural Development and Panchayat Raj,ಗ್ರಾಮ ಪಂಚಾಯಿತಿ ಹಾಗೂ ಅವುಗಳ ಕಟ್ಟಡದ ಕುರಿತು,About the Gram Panchayat and their Building,ಪ್ರದೀಪ್ ಶೆಟ್ಟರ್,Pradeep Shettar
741,15/07/2016,ಗ್ರಾಮೀಣಾಭಿವೃದ್ಧಿ ಮತ್ತು ಪಂಚಾಯತ್ ರಾಜ್,Rural Development and Panchayat Raj,ಕುಡಿಯುವ ನೀರು ಮತ್ತು ಶೌಚಾಲಯ ಸೌಲಭ್ಯಗಳ ಕುರಿತು,About drinking water and toilet facilities,ಪ್ರದೀಪ್ ಶೆಟ್ಟರ್,Pradeep Shettar
742,15/07/2016,ಉನ್ನತ ಶಿಕ್ಷಣ,Higher education,ಪದವಿ ಪೂರ್ವ ಕಾಲೇಜುಗಳಲ್ಲಿ ಮೂಲ ಸೌಕರ್ಯಗಳ ಕೊರತೆ,Lack of infrastructure in undergraduate colleges,ಪ್ರಾಣೇಶ್ .ಎಂ.ಕೆ,Pranesha M K
743,15/07/2016,ಪ್ರಾಥಮಿಕ ಮತ್ತು ಪ್ರೌಢ ಶಿಕ್ಷಣ,Primary and Secondary Education,ಡೊನೇಷನ್ ಹಾವಳಿ,Donation swell,ಪ್ರಾಣೇಶ್ .ಎಂ.ಕೆ,Pranesha M K
744,15/07/2016,ಗ್ರಾಮೀಣಾಭಿವೃದ್ಧಿ ಮತ್ತು ಪಂಚಾಯತ್ ರಾಜ್,Rural Development and Panchayat Raj,"ಜಿಲ್ಲಾಪಂಚಾಯತ್, ತಾಲ್ಲೂಕ್ ಪಂಚಾಯತ್ ಹಾಗೂ ಗ್ರಾಮಪಂಚಾಯತ್‌ಗಳಿಗೆ ಮಂಜೂರು ಆಗಿರುವ ಹುದ್ದೆಗಳು","Responsible posts for District Panchayat, Taluk Panchayat and Gram Panchayat",ಪ್ರಾಣೇಶ್ .ಎಂ.ಕೆ,Pranesha M K
745,15/07/2016,ಗ್ರಾಮೀಣಾಭಿವೃದ್ಧಿ ಮತ್ತು ಪಂಚಾಯತ್ ರಾಜ್,Rural Development and Panchayat Raj,ಗ್ರಾಮ ಸರಾಜ್ ೨ನೇ ಹಂತದ ಯೋಜನೆ,Village Saraj 2nd phase plan,ಪ್ರಾಣೇಶ್ .ಎಂ.ಕೆ,Pranesha M K
746,15/07/2016,ಗಣಿ ಮತ್ತು ಭೂ ವಿಜ್ಞಾನ,Mine and geology,ಚಿಕ್ಕಮಂಗಳೂರು ಜಿಲ್ಲೆಗೆ ಬೇಡಿಕೆ ಇರುವ ಮರಳಿನ ಪ್ರಮಾಣ ಕುರಿತು,About the amount of sand required for Chikmagalur district,ಪ್ರಾಣೇಶ್ .ಎಂ.ಕೆ,Pranesha M K
747,15/07/2016,ಗ್ರಾಮೀಣಾಭಿವೃದ್ಧಿ ಮತ್ತು ಪಂಚಾಯತ್ ರಾಜ್,Rural Development and Panchayat Raj,ದಕ್ಷಿಣ ಕನ್ನಡ ಮತ್ತು ಉಡುಪಿ ಜಿಲ್ಲೆಗಳಲ್ಲಿ ಗ್ರಾಮ ಪಂಚಾಯತಿ ಸಿಬ್ಬಂದಿಗಳ ಅನುಮೋದನೆ ಕುರಿತು,About Gram Panchayat staff approval in Dakshina Kannada and Udupi districts,ಪ್ರತಾಪಚಂದ್ರ ಶೆಟ್ಟಿ .ಕೆ,Pratapachandra Shetty K
748,15/07/2016,ಉನ್ನತ ಶಿಕ್ಷಣ,Higher education,ರಾಜ್ಯದಲ್ಲಿ ನೂತನ ಸರ್ಕಾರಿ ಪ್ರಥಮ ದರ್ಜೆ ಕಾಲೇಜು ಪ್ರಾರಂಭಿಸಲು ಇರುವ ಮಾನದಂಡಗಳು,Standards for starting a new government first-class college in the state,ಪ್ರತಾಪಚಂದ್ರ ಶೆಟ್ಟಿ .ಕೆ,Pratapachandra Shetty K
749,15/07/2016,ಸಾರಿಗೆ,Transport,ರಾಜ್ಯದಲ್ಲಿನ ಕೋಟ್ಯಾಂತರ ರೂಪಾಯಿ ವೆಚ್ಚದಲ್ಲಿ ನಿರ್ಮಾಣವಾದ ರಸ್ತೆಗಳಲ್ಲಿ ಬಸ್ ಸಂಚಾರ ಇಲ್ಲದಿರುವುದು,Roads lacking traffic on roads built at exorbitant rupee cost in the state,ಪ್ರತಾಪಚಂದ್ರ ಶೆಟ್ಟಿ .ಕೆ,Pratapachandra Shetty K
750,15/07/2016,ಗ್ರಾಮೀಣಾಭಿವೃದ್ಧಿ ಮತ್ತು ಪಂಚಾಯತ್ ರಾಜ್,Rural Development and Panchayat Raj,ದಕ್ಷಿಣ ಕನ್ನಡ ಮತ್ತು ಉಡುಪಿ ಜಿಲ್ಲೆ ಟ್ಯಾಂಕರ್ ಮೂಲಕ ನೀರು ಸರಬರಾಜು ಮಾಡಿದ ಗ್ರಾಮಪಂಚಾಯಿತಿಗಳ,Water supply through tanker in Dakshina Kannada and Udupi district,ಪ್ರತಾಪಚಂದ್ರ ಶೆಟ್ಟಿ .ಕೆ,Pratapachandra Shetty K
751,15/07/2016,ಸರಿಗೆ,The cargo,ಆರ್.ಟಿ.ಒ. ಕಛೇರಿಯನ್ನು ತೆರೆಯುವ ಬಗ್ಗೆ,RTO About opening office,ಪ್ರತಾಪಚಂದ್ರ ಶೆಟ್ಟಿ .ಕೆ,Pratapachandra Shetty K
752,15/07/2016,ಗ್ರಾಮೀಣಾಭಿವೃದ್ಧಿ ಮತ್ತು ಪಂಚಾಯತ್ ರಾಜ್,Rural Development and Panchayat Raj,ಕಲಬುರಗಿ ಮತ ಯಾದಗಿರಿ ಜಿಲ್ಲೆಗಳಿಗೆ ಮಂಜೂರಾದ ಶುದ್ಧ ನೀರಿನ ಘಟಕಗಳು,Pure water units sanctioned to Yadgir districts to vote for artisans,ಪಾಟೀಲ್ .ಬಿ.ಜಿ,Patil B G
753,15/07/2016,ಗ್ರಾಮೀಣಾಭಿವೃದ್ಧಿ ಮತ್ತು ಪಂಚಾಯತ್ ರಾಜ್ಯ,Rural Development and Panchayat State,ಕಲಬುರಗಿ ಮತ್ತು ಯಾದಗಿರಿ ಜಿಲ್ಲೆಗಳಲ್ಲಿ ಹೊಸದಾಗಿ ರಚನೆಯಾದ ಗ್ರಾಮ ಪಂಚಾಯತ್ ಬಗ್ಗೆ,About the newly formed Gram Panchayat in Kalaburagi and Yadgir districts,ಪಾಟೀಲ್ .ಬಿ.ಜಿ,Patil B G
754,15/07/2016,ಸಾರಿಗೆ,Transport,ಕರ್ನಾಟಕ ರಾಜ್ಯ ಸಾರಿಗೆ ಸಂಸ್ಥೆ ನೇಮಕಾತಿ ಮತ್ತು ಸೇವೆಯ ಬಗ್ಗೆ,About the recruitment and service of the Karnataka State Transport Agency,ಶಾಣಪ್ಪ .ಕೆ.ಬಿ,Shaanappa K B
755,15/07/2016,ಉನ್ನತ ಶಿಕ್ಷಣ,Higher education,ರಾಜ್ಯ ಕಾಲೇಜು ಮತ್ತು ವಸತಿ ನಿಲಯಗಳಲ್ಲಿ ರ‍್ಯಾಗಿಂಗ್ ಹೆಚ್ಚುತ್ತಿರುವ ಬಗ್ಗೆ,About increasing ragging in state college and housing,ವಿಮಲಾಗೌಡ,Vimalaa Gowda
756,15/07/2016,ಪ್ರಾಥಮಿಕ ಮತ್ತು ಪ್ರೌಢ ಶಿಕ್ಷಣ,Primary and Secondary Education,ಸರ್ಕಾರಿ ಶಾಲಾ ಮಕ್ಕಳಿಗೆ ಸೈಕಲ್ ವಿತರಣೆ ಬಗ್ಗೆ,Bicycle delivery to government school children,ವಿಮಲಾಗೌಡ,Vimalaa Gowda
757,15/07/2016,ಬೃಹತ್ ಕೈಗಾರಿಕೆ,Huge industry,ಕೈಗಾರಿಕೆಗಳ ಪುನಶ್ಚೇತನದ ಬಗ್ಗೆ,About the revival of industries,ವಿಮಲಾಗೌಡ,Vimalaa Gowda
758,15/07/2016,ಸಾರಿಗೆ,Transport,ನೂತನ ಬಸ್‌ಗಳ ಖರೀದಿ ಬಗ್ಗೆ,About the purchase of new buses,ವಿಮಲಾಗೌಡ,Vimalaa Gowda
759,15/07/2016,ಸಾರಿಗೆ,Transport,ಬೆಂಗಳೂರು ನಗರದಲ್ಲಿ ಖಾಸಗಿ ಬಸ್‌ಗಳ ಹಾವಳಿ ಬಗ್ಗೆ,Private bus buses in Bangalore,ವಿಮಲಾಗೌಡ,Vimalaa Gowda
760,15/07/2016,ಗ್ರಾಮೀಣಾಭಿವೃದ್ಧಿ ಮತ್ತು ಪಂಚಾಯತ್ ರಾಜ್,Rural Development and Panchayat Raj,"ಬೆಳಗಾವಿ ಜಿಲ್ಲೆ, ಹೂಲಿ ಗ್ರಾಮಕ್ಕೆ ಕುಡಿಯುವ ನೀರು ಪೂರೈಸುವುದು","Belgaum district, providing drinking water to Huli village",ವಿವಕ್‌ರಾವ್ ವಸಂತರಾವ್ ಪಾಟೀಲ್,Vivek Rao Vasanth Rao Patil
761,15/07/2016,ಗ್ರಾಮೀಣಾಭಿವೃದ್ಧಿ ಮತ್ತು ಪಂಚಾಯತ್ ರಾಜ್,Rural Development and Panchayat Raj,ಸಿಬ್ಬಂದಿ ಕೊರತೆ,Staff lack,ವಿವಕ್‌ರಾವ್ ವಸಂತರಾವ್ ಪಾಟೀಲ್,Vivek Rao Vasanth Rao Patil
762,15/07/2016,ಉನ್ನತ ಶಿಕ್ಷಣ,Higher education,ವಿಶ್ವವಿದ್ಯಾಲಯಗಳಲ್ಲಿ ಖಾಲಿ ಇರುವ ಹುದ್ದೆಗಳನ್ನು ಭರ್ತಿ ಮಾಡುವುದು,Filling vacancies in universities,ವೀರಯ್ಯ .ಡಿ.ಎಸ್,Veerayya D S
763,15/07/2016,ಸಾರಿಗೆ,Transport,ಕರ್ನಾಟಕ ರಾಜ್ಯ ರಸ್ತೆ ಸಾರಿಗೆ ಸಂಸ್ಥೆಯಲ್ಲಿರುವ ಪರಿಶಿಷ್ಟ ಜಾತಿ ಪರಿಶಿಷ್ಟ ಪಂಗಡಗಳ ಅಧಿಕಾರಿ ಹಾಗೂ ನೌಕರರ ಸಂಘದ ಬಗ್ಗೆ,About Scheduled Caste Scheduled Tribes Officer and Employees Association in Karnataka State Road Transport Corporation,ವೀರಯ್ಯ .ಡಿ.ಎಸ್,Veerayya D S
764,15/07/2016,ಸಾರಿಗೆ,Transport,ಬೀದರ್ ಜಿಲ್ಲೆಯ ಸಾರಿಗೆ ಸೌಲಭ್ಯದ ಬಗ್ಗೆ,About transport facility in Bidar district,ವಿಜಯ್ ಸಿಂಗ್,Vijay Singh
765,15/07/2016,ಗ್ರಾಮೀಣಾಭಿವೃದ್ಧಿ ಮತ್ತು ಪಂಚಾಯತ್ ರಾಜ್,Rural Development and Panchayat Raj,ಬೀದರ್ ಜಿಲ್ಲೆಯಲ್ಲಿ ನಿರ್ಮಾಣ ಮಾಡಿರುವ ಶೌಚಾಲಯಗಳ ಬಗ್ಗೆ,About toilets built in Bidar district,ವಿಜಯ್ ಸಿಂಗ್,Vijay Singh
766,15/07/2016,ಬೃಹತ್ ಮತ್ತು ಮಧ್ಯಮ ಕೈಗಾರಿಕೆ,Large and medium enterprise,ಬೀದರ್ ಜಿಲ್ಲೆ ವಿಮಾನ ನಿಲ್ದಾಣ ಕಾಮಗಾರಿಯ ಬಗ್ಗೆ,Bidar District About Airport Parking,ವಿಜಯ್ ಸಿಂಗ್,Vijay Singh
767,15/07/2016,ಪ್ರಾಥಮಿಕ ಮತ್ತು ಪ್ರೌಢ ಶಿಕ್ಷಣ,Primary and Secondary Education,ಶಾಲೆ ಜಾಗ ಅತಿಕ್ರಮಣ,School space overlap,ಬಸನಗೌಡ ಆರ್ ಪಾಟೀಲ್,Basanagowda R Patil
768,15/07/2016,ಉನ್ನತ ಶಿಕ್ಷಣ,Higher education,ಬೋಧಕ ಸಿಬ್ಬಂದಿ ನೇಮಕ,Instructor staff appointed,ಬಸನಗೌಡ ಆರ್ ಪಾಟೀಲ್,Basanagowda R Patil
769,15/07/2016,ಗ್ರಾಮೀಣಾಭಿವೃದ್ಧಿ ಮತ್ತು ಪಂಚಾಯತ್ ರಾಜ್,Rural Development and Panchayat Raj,ಗ್ರಾಮ ಪಂಚಾಯತ್ ಅಭಿವೃದ್ಧಿ ಅನುದಾನದ ಬಗ್ಗೆ,Grant Panchayat Development Fund,ಬಸನಗೌಡ ಆರ್ ಪಾಟೀಲ್,Basanagowda R Patil
770,15/07/2016,ಗ್ರಾಮೀಣಾಭಿವೃದ್ಧಿ ಮತ್ತು ಪಂಚಾಯತ್ ರಾಜ್,Rural Development and Panchayat Raj,ರಾಜ್ಯದ ಗ್ರಾಮ ಪಂಚಾಯತ್ ಗಳಲ್ಲಿನ ತೆರಿಗೆ ದರದ ವಿವರದ ಬಗ್ಗೆ,About tax rate details in state gram panchayats,ಬಸನಗೌಡ ಆರ್ ಪಾಟೀಲ್,Basanagowda R Patil
771,15/07/2016,ಗಮೀಣಾಭಿವೃದ್ದಿ ಮತ್ತು ಪಂಚಾಯತ್ ರಾಜ್,Rural Development and Panchayat Raj,ಮರುಳು ನೀತಿ ಯಿಂದಾಗಿ ಗ್ರಾಮಪಂಚಾಯತಿಗಳ ಕಾಮಗಾರಿಗಳು ವಿಳಂಬವಾಗುತ್ತಿರುವ ಬಗ್ಗೆ,The delay in implementing rural panchayats due to fool policy,ಬಸನಗೌಡ ಆರ್ ಪಾಟೀಲ್,Basanagowda R Patil
772,15/07/2016,ಪ್ರಾಥಮಿಕ ಮತ್ತು ಪ್ರೌಢ ಶಿಕ್ಷಣ,Primary and Secondary Education,ಅನುದಾನಿತ ಪ್ರೌಢ ಶಾಲೆಗಳಲ್ಲಿ ಕಾರ್ಯನಿರ್ವಹಿಸುತ್ತಿಎಉವ ದೈಹಿಕ ಶಿಕ್ಷಣ ಶಿಕ್ಷಕರು ಹಾಗೂ ವೃತ್ತಿ ಶಿಕ್ಷಕರುಗಳಿಗೆ ದಿನಾಂಕ ೧-೮-೨೦೦೮ ರಿಂದ ೬೮೦೦-೧೩೬೦೦ ವೇತನ ಶ್ರೇಣಿಯನ್ನು ಮಂಜೂರು ಮಾಡುವ ಕುರಿತು,Working with Aided High Schools For Entrepreneurship and Career Teachers Date from 1-8-2008 to 6800-13600 Payment Grants,ಬಸವರಾಜ ಶಿವಲಿಂಗಪ್ಪ ಹೊರಟಿ,Basavaraja Shivalingappa Horatti
773,15/07/2016,ಪ್ರಾಥಮಿಕ ಮತ್ತು ಪ್ರೌಢ ಶಿಕ್ಷಣ,Primary and Secondary Education,ಸರ್ಕಾರಿ ಹಿರಿಯ ಪ್ರಾಥಮಿಕ ಶಾಲೆಗಳಲ್ಲಿ ದೈಹಿಕ ಶಿಕ್ಷಕರ ಹುದ್ದೆಯನ್ನು ಮುಂದುವರೆಸುವ ಕುರಿತು,About continuing the post of Physical Teacher at Government Senior Primary Schools,ಬಸವರಾಜ ಶಿವಲಿಂಗಪ್ಪ ಹೊರಟಿ,Basavaraja Shivalingappa Horatti
774,15/07/2016,ಪ್ರಾಥಮಿಕ ಮತ್ತು ಪ್ರೌಢ ಶಿಕ್ಷಣ,Primary and Secondary Education,ಅನುದಾನಿತ ಶಿಕ್ಷಣ ಸಂಸ್ಥೆಗಳ ಸಿಬ್ಬಂದಿಯವರಿಗೆ ಕರ್ನಾಟಕ ನಾಗರಿಕ ಸೇವಾ ನಿಯಮ ೨೪೭ ’ಎ’ ಪ್ರಕಾರ ಹೆಚ್ಚುವರಿ ಅರ್ಹತಾದಾಯದ ಸೇವೆ,Additional qualified service according to the Karnataka Civil Service Rule 247 'A' for staff of Aided Educational Institutions,ಬಸವರಾಜ ಶಿವಲಿಂಗಪ್ಪ ಹೊರಟಿ,Basavaraja Shivalingappa Horatti
775,15/07/2016,ಪ್ರಾಥಮಿಕ ಮತ್ತು ಪ್ರೌಢ ಶಿಕ್ಷಣ,Primary and Secondary Education,ಸರ್ಕಾರಿ ಪ್ರೌಢ ಶಾಲೆಗಳಲ್ಲಿ ಅರೆಕಾಲಿಕ ಶಿಕ್ಷಕರಾಗಿ ಸೇವೆ ಸಲ್ಲಿಸುತ್ತಿರುವ ಸಿಬ್ಬಂದಿಗಳನ್ನು ಖಾಯಂಗೊಳಿಸುವುದು,Guaranteed staff serving as part-time teachers at Government High Schools,ಬಸವರಾಜ ಶಿವಲಿಂಗಪ್ಪ ಹೊರಟಿ,Basavaraja Shivalingappa Horatti
776,15/07/2016,ಉನ್ನತ ಶಿಕ್ಷಣ,Higher education,ದಿನಾಂಕ ೦೧-೦೬-೧೯೮೭ರ ನಂತರ ಪ್ರಾರಂಭವಾದ ಖಾಸಗಿ ಪಾಲಿಟೆಕ್ನಿಕ್‌ಗಳನ್ನು ವೇತನಾನುದಾನಕ್ಕೆ ಒಳಪಡಿಸುವುದು,To be hosted by private polytechnics that began on 01-06-1987,ಬಸವರಾಜ ಶಿವಲಿಂಗಪ್ಪ ಹೊರಟಿ,Basavaraja Shivalingappa Horatti
777,15/07/2016,ಪ್ರಾಥಮಿಕ ಮತ್ತು ಪ್ರೌಢ ಶಿಕ್ಷಣ,Primary and Secondary Education,ತುರುವೇಕೆರೆ ತಾಲ್ಲೂಕಿನ ಶಾಲೆಗಳ ದುರಸ್ಥಿ ಬಗ್ಗೆ,About the Tragedy of Schools in Trivikere Taluk,ಲಕ್ಷ್ಮೀನಾರಾಯಣ .ಎಂ.ಡಿ,Lakshmi Narayana MD
778,15/07/2016,ಗ್ರಾಮೀಣಾಭಿವೃದ್ಧಿ ಮತ್ತು ಪಂಚಾಯತ್ ರಾಜ್,Rural Development and Panchayat Raj,ತುರುವೇಕೆರೆ ತಾಲ್ಲೂಕಿನ ಕುಡಿಯುವ ನೀರಿನ ಸಮಸ್ಯೆ ಬಗ್ಗೆ,About the problem of drinking water in the Tuvukere taluk,ಲಕ್ಷ್ಮೀನಾರಾಯಣ .ಎಂ.ಡಿ,Lakshmi Narayana MD
779,15/07/2016,ಬೃಹತ್ ಕೈಗಾರಿಕೆ,Huge industry,ಕೆ.ಐ.ಎ.ಡಿ.ಬಿ. ಯು ಕೈಗಾರಿಕೆ ಭೂಮಿಯನ್ನು ಮಂಜೂರು ಮಾಡುವ ಬಗ್ಗೆ,KIADB About the sanctioning of industrial land,ಲಕ್ಷ್ಮೀನಾರಾಯಣ .ಎಂ.ಡಿ,Lakshmi Narayana MD
780,15/07/2016,ಉನ್ನತ ಶಿಕ್ಷಣ,Higher education,ಸರ್ಕಾರಿ ಪದವಿ ಪೂರ್ವ ಕಾಲೇಜುಗಳಲ್ಲಿನ ’ಡಿ’ ಗ್ರೂಪ್ ನೌಕರರ ಖಾಯಂಗೊಳಿಸುವ ಬಗ್ಗೆ,About D 'Group Employees' Payments at Government Degree Colleges,ಲಕ್ಷ್ಮೀನಾರಾಯಣ .ಎಂ.ಡಿ,Lakshmi Narayana MD
781,15/07/2016,ಗ್ರಾಮೀಣಾಭಿವೃದ್ಧಿ ಮತ್ತು ಪಂಚಾಯತ್ ರಾಜ್,Rural Development and Panchayat Raj,ತಾಲ್ಲೂಕು ಪಂಚಾಯತಿಗೆ ನೀಡುವ ಅನುದಾನದ ಬಗ್ಗೆ,About grant of taluk panchayat,ಲಕ್ಷ್ಮೀನಾರಾಯಣ .ಎಂ.ಡಿ,Lakshmi Narayana MD
782,15/07/2016,ಗಮೀಣಾಭಿವೃದ್ದಿ ಮತ್ತು ಪಂಚಾಯತ್ ರಾಜ್,Rural Development and Panchayat Raj,ಗ್ರಾಮ ಪಂಚಾಯತ್ ಸದಸ್ಯರಿಗೆ ಗೌರವಧನ ನೀಡುವ ಬಗ್ಗೆ,About granting grants to Grama Panchayat members,ಮಾನೆ ಶ್ರೀನಿವಾಸ್,Mane Srinivas
783,15/07/2016,ಗ್ರಾಮೀಣಾಭಿವೃದ್ಧಿ ಮತ್ತು ಪಂಚಾಯತ್ ರಾಜ್,Rural Development and Panchayat Raj,ಗ್ರಾಮಗಳ ಅಭಿವೃದ್ಧಿ ಬಗ್ಗೆ,About the development of villages,ಮಾನೆ ಶ್ರೀನಿವಾಸ್,Mane Srinivas
784,15/07/2016,ಬೃಹತ್ ಮತ್ತು ಮಧ್ಯಮ ಕೈಗಾರಿಕೆ,Large and medium enterprise,ಪರಿಶಿಷ್ಟ ಜಾತಿ/ಪರಿಶಿಷ್ಡ ಪಂಗಡ ವರ್ಗದವರಿಗೆ ಕೈಗಾರಿಕಾ ಶೆಡ್ ಮತ್ತು ನಿವೇಶನಗಳ ಮಂಜೂರಾತಿಯಲ್ಲಿನ ತಾರತಮ್ಯ ಬಗ್ಗೆ,About Discrimination in Approval of Industrial Sheds and Sites for Scheduled Caste / Scheduled Tribes,ಮೋಟಮ್ಮ,Motamma
785,15/07/2016,ಪ್ರಾಥಮಿಕ ಮತ್ತು ಪ್ರೌಢ ಶಿಕ್ಷಣ,Primary and Secondary Education,ಚಿಕ್ಕಮಂಗಳೂರು ಶಿಥಿಲಾವಸ್ಥೆಯಲ್ಲಿರುವ ಶಾಲೆಗಳು,Schools in Chikmagalur Shimla,ಮೋಟಮ್ಮ,Motamma
786,15/07/2016,ಸಾರಿಗೆ,Transport,ಮಂಡ್ಯ ಜಿಲ್ಲೆಯ ಕೊಪ್ಪದ ಸರ್ಕಾರಿ ಬಸ್ ನಿಲ್ದಾಣದ ಬಗ್ಗೆ,About the Government Bus Station of Koppah in Mandya district,ಅಪ್ಪಾಜಿಗೌಡ .ಎನ್,Appajigowda N
787,15/07/2016,ಬೃಹತ್ ಕೈಗಾರಿಕೆ,Huge industry,ಮಂಡ್ಯ ಜಿಲ್ಲೆಯ ಕೈಗಾರಿಕೆಗಳ ಬಗ್ಗೆ,About the industries of Mandya district,ಅಪ್ಪಾಜಿಗೌಡ .ಎನ್,Appajigowda N
788,15/07/2016,ಉನ್ನತ ಶಿಕ್ಷಣ,Higher education,ಅತಿಥಿ ಉಪನ್ಯಾಸಕರುಗಳ ಬಗ್ಗೆ,About Guest Lectures,ಅಪ್ಪಾಜಿಗೌಡ .ಎನ್,Appajigowda N
789,15/07/2016,ಗ್ರಾಮೀಣಾಭಿವೃದ್ಧಿ ಮತ್ತು ಪಂಚಾಯತ್ ರಾಜ್,Rural Development and Panchayat Raj,ಶೌಚಾಲಯದ ನಿರ್ಮಾಣಕ್ಕೆ ಅನುದಾನದ ಬಗ್ಗೆ,About the grant of construction of toilets,ಅಪ್ಪಾಜಿಗೌಡ .ಎನ್,Appajigowda N
790,15/07/2016,ಗಣಿ ಮತ್ತು ಭೂ ವಿಜ್ಞಾನ,Mine and geology,ಮಂಡ್ಯ ಜಿಲ್ಲೆಯ ಗಣಿಗಾರಿಕೆ ಬಗ್ಗೆ,About mining in Mandya district,ಅಪ್ಪಾಜಿಗೌಡ .ಎನ್,Appajigowda N
791,15/07/2016,ಉನ್ನತ ಶಿಕ್ಷಣ,Higher education,ಕೇಂದ್ರ ಸರ್ಕಾರದ ರುಸಾ ಯೋಜನೆ ಬಗ್ಗೆ,About the central government's RUSA project,ಅಮರನಾಥ ಪಾಟೀಲ್,Amaranatha Patil
792,15/07/2016,ಉನ್ನತ ಶಿಕ್ಷಣ,Higher education,ಬೆಳಗಾವಿ ವಿಶ್ವೇಶ್ವರಯ್ಯ ತಾಂತಿಕ ವಿಶ್ವವಿದ್ಯಾಲಯದಲ್ಲಿ ಪೂರ್ಣಾವಧಿ ಸಂಶೋಧನಾ ವಿದ್ಯಾರ್ಥಿಗಳ ಶಿಷ್ಯ ವೇತನದ ಬಗ್ಗೆ,Below is a full-time research scholarship salary at Belgaum Visvesvaraya Tantika University,ಅಮರನಾಥ ಪಾಟೀಲ್,Amaranatha Patil
793,15/07/2016,ಪ್ರಾಥಮಿಕ ಮತ್ತು ಪ್ರೌಢ ಶಿಕ್ಷಣ,Primary and Secondary Education,ಪ್ರೌಢ ಶಾಲಾ ಶಿಕ್ಷಕರನ್ನು ಪದವಿ ಪೂರ್ವ ಕಾಲೇಜು ಉಪನ್ಯಾಸಕರ ಹುದ್ದೆಗೆ ಬಡ್ತಿ ನೀಡುವ ಬಗ್ಗೆ,Promoting high school teachers to post graduate pre-college lecturers,ಅಮರನಾಥ ಪಾಟೀಲ್,Amaranatha Patil
794,15/07/2016,ಪ್ರಾಥಮಿಕ ಮತ್ತು ಪ್ರೌಢ ಶಿಕ್ಷಣ,Primary and Secondary Education,"ರಾಜ್ಯದಲ್ಲಿ ""ಕಾಲ್ಪನಿಕ ವೇತನ ಜಾರಿ"" ಮಾಡುವ ಬಗ್ಗೆ","Regarding ""fictitious pay enforcement"" in the state",ಅಮರನಾಥ ಪಾಟೀಲ್,Amaranatha Patil
795,15/07/2016,ಉನ್ನತ ಶಿಕ್ಷಣ,Higher education,ಹೈದರಾಬಾದ್-ಕರ್ನಾಟಕ ಪ್ರದೇಶದಲ್ಲಿ ಕಾರ್ಯನಿರ್ವಹಿಸಿರುವ ವಿಶ್ವವಿದ್ಯಾಲಯಗಳು ಮತ್ತು ನ್ಯಾಕದಲ್ಲಿರುವ ಮಾನದಂಡಗಳ ಬಗ್ಗೆ,About universities in the Hyderabad-Karnataka region and the standards in the jaw,ಅಮರನಾಥ ಪಾಟೀಲ್,Amaranatha Patil
796,15/07/2016,ಪ್ರಾಥಮಿಕ ಮತ್ತು ಪ್ರೌಢ ಶಿಕ್ಷಣ,Primary and Secondary Education,ಮೌಲ್ಯಮಾಪನದಲ್ಲಿನ ಅವ್ಯವಸ್ಥೆ ಬಗ್ಗೆ,About the disorder in evaluation,ಅರುಣ ಶಹಾಪುರ,Aruna Shahaapura
797,15/07/2016,ಪ್ರಾಥಮಿಕ ಮತ್ತು ಪ್ರೌಢ ಶಿಕ್ಷಣ,Primary and Secondary Education,ಕಂಪ್ಯೂಟರ್ ಶಿಕ್ಷಣ ಕುರಿತು,About Computer Education,ಅರುಣ ಶಹಾಪುರ,Aruna Shahaapura
798,15/07/2016,ಪ್ರಾಥಮಿಕ ಮತ್ತು ಪ್ರೌಢ ಶಿಕ್ಷಣ,Primary and Secondary Education,ಶಾಲಾ/ಕಾಲೇಜುಗಳನ್ನು ಅನುದಾನಕ್ಕೆ ಒಳಪಡಿಸಲು ಇರುವ ನೀತಿ ಕುರಿತು,About the policy of granting school / colleges,ಅರುಣ ಶಹಾಪುರ,Aruna Shahaapura
799,15/07/2016,ಪ್ರಾಥಮಿಕ ಮತ್ತು ಪ್ರೌಢ ಶಿಕ್ಷಣ,Primary and Secondary Education,ಕುಮಾರ ನಾಯಕ್ ವರದಿಯ ಅನುಷ್ಠಾನದ ಕುರಿತು,About the implementation of the Kumar Nayak report,ಅರುಣ ಶಹಾಪುರ,Aruna Shahaapura
800,15/07/2016,ಪ್ರಾಥಮಿಕ ಮತ್ತು ಪ್ರೌಢ ಶಿಕ್ಷಣ,Primary and Secondary Education,ಜ್ಯೋತಿ ಸಂಜೀವಿನಿ ಯೋಜನೆಯು ಅನುದಾನಿತ ಹಾಗೂ ಅನುದಾನ ರಹಿತ ಶಿಕ್ಷಕರಿಗೂ ವಿಸ್ತರಿಸುವ ಬಗ್ಗೆ,The Jyoti Sanjeevini project is about expanding to aided and unaided teachers,ಅರುಣ ಶಹಾಪುರ,Aruna Shahaapura
801,15/07/2016,ಗ್ರಾಮೀಣಾಭಿವೃದ್ಧಿ ಮತ್ತು ಪಂಚಾಯತ್ ರಾಜ್,Rural Development and Panchayat Raj,ವಿಧಾನ ಪರಿಷತ್ ಸದಸ್ಯರಿಗೆ ಲೆಕ್ಕಶೀರ್ಷಿಕೆ ೩೦೫೪ ರಲ್ಲಿ ಅನುದಾನ ನೀಡುವ ಬಗ್ಗೆ,Providing accounting for member council members in 3054,ಜಯಮ್ಮ,Jayamma
802,15/07/2016,ಪ್ರಾಥಮಿಕ ಮತ್ತು ಪ್ರೌಢ ಶಿಕ್ಷಣ,Primary and Secondary Education,೨೦೧೬-೧೭ನೇ ಸಾಲಿನಲ್ಲಿ ಪ್ರೌಢ ಶಾಲೆಗಳ ಮಂಜೂರಾತಿ ಬಗ್ಗೆ,Approval of High Schools in 2016-17,ಜಯಮ್ಮ,Jayamma
803,15/07/2016,ಸಾರಿಗೆ ಸಚಿವರು,Transport Minister,ಮಹಿಳೆ ಮತ್ತು ಮಕ್ಕಳ ಕಳ್ಳಸಾಗಾಣಿಕೆ ಪ್ರPರಣಗಳ ಕುರಿತು,About Women and Child trafficking,ಜಯಮಾಲಾ ರಾಮಚಂದ್ರ,Jayamala Ramachandra
804,15/07/2016,ಗ್ರಾಮೀಣಾಭಿವೃದ್ಧಿ ಮತ್ತು ಪಂಚಾಯತ್ ರಾಜ್,Rural Development and Panchayat Raj,ಗ್ರಾಮ ಪಂಚಾಯತಗಳಲ್ಲಿ ’ಮಹಿಳಾ ಕಾವಲು ಪಡೆ’ ರಚನೆ ಕುರಿತು,About the creation of 'Women Watch' in Village Panchayats,ಜಯಮಾಲಾ ರಾಮಚಂದ್ರ,Jayamala Ramachandra
805,15/07/2016,ಗ್ರಾಮೀಣಾಭಿವೃದ್ಧಿ ಮತ್ತು ಪಂಚಾಯತ್ ರಾಜ್,Rural Development and Panchayat Raj,ಗ್ರಾಮೀಣ ಮಹಿಳೆ ಮತ್ತು ರಕ್ಷಣೆ ಅಭಿವೃದ್ಧಿ ಪುನರ್ವಸತಿ ಕುರಿತು,About rural women and care development rehabilitation,ಜಯಮಾಲಾ ರಾಮಚಂದ್ರ,Jayamala Ramachandra
806,15/07/2016,ಗ್ರಾಮೀಣಾಭಿವೃದ್ಧಿ ಮತ್ತು ಪಂಚಾಯತ್ ರಾಜ್,Rural Development and Panchayat Raj,ಗ್ರಾಮ ಪಂಚಾಯತಿಗಳನ್ನು ಮೇಲ್ದರ್ಜೆಗೇರಿಸುವ ಕುರಿತು,Upgrading Gram Panchayats,ಇಕ್ಬಾಲ್ ಅಹ್ಮದ್ ಸರಡಗಿ,Ikbal Ahmad Sadaragi
807,15/07/2016,ಗ್ರಾಮೀಣಾಭಿವೃದ್ಧಿ ಮತ್ತು ಪಂಚಾಯತ್ ರಾಜ್,Rural Development and Panchayat Raj,ಕುಡಿಯುವ ನೀರಿನ ಘಟಕ,Drinking water unit,ರಾಮಚಂದ್ರಗೌಡ,Ramachandra Gowda
808,15/07/2016,ಪ್ರಾಥಮಿಕ ಮತ್ತು ಪ್ರೌಢ ಶಿಕ್ಷಣ,Primary and Secondary Education,ಶಲಾ ಕಟ್ಟಡ ಕಾಮಗಾರಿಗೆ ಹಣ ಬಿಡುಗಡೆ,Release money for Shala building work,ರಾಮಚಂದ್ರಗೌಡ,Ramachandra Gowda
809,15/07/2016,ಗ್ರಾಮೀಣಾಭಿವೃದ್ಧಿ ಮತ್ತು ಪಂಚಾಯತ್ ರಾಜ್,Rural Development and Panchayat Raj,ಪಂಚಾಯತಿ ಕಛೇರಿಗೆ ಮೂಲಭೂತ ಸೌಕರ್ಯ,Infrastructure for the Panchayat Office,ರಾಮಚಂದ್ರಗೌಡ,Ramachandra Gowda
810,15/07/2016,ಪ್ರಾಥಮಿಕ ಮತ್ತು ಪ್ರೌಢ ಶಿಕ್ಷಣ,Primary and Secondary Education,ಶಿಕ್ಷಕರುಗಳಿಗೆ ವೇತನ ತಾರತಮ್ಯ,Wage Discrimination for Teachers,ರಾಮಚಂದ್ರಗೌಡ,Ramachandra Gowda
811,15/07/2016,ಬೃಹತ್ ಮತ್ತು ಮಧ್ಯಮ ಕೈಗಾರಿಕೆ,Large and medium enterprise,ಐ.ಐ.ಟಿ.ಗೆ ಭೂಮಿ ಮಂಜೂರು ಮಾಡುವ ಬಗ್ಗೆ,About sanctioning land to IIT,ರಾಮಚಂದ್ರಗೌಡ,Ramachandra Gowda
812,15/07/2016,ಉನ್ನತ ಶಿಕ್ಷಣ,Higher education,ವಿಶ್ವವಿದ್ಯಾಲಯಗಳಲ್ಲಿ ಭ್ರಷ್ಟಾಚಾರ,Corruption in universities,ರಘುನಾಥ ರಾವ್ ಮಲ್ಕಾಪೂರೆ,Raghunath Rao Malkapore
813,15/07/2016,ಗ್ರಾಮೀಣಾಭಿವೃದ್ಧಿ ಮತ್ತು ಪಂಚಾಯತ್ ರಾಜ್ಯ,Rural Development and Panchayat State,ಪಿ.ಡಿ.ಓ ಗಳು ಕೈಗೊಂಡ ಅಭಿವೃದ್ಧಿ ಕಾರ್ಯಗಳ ಬಗ್ಗೆ,About development activities carried out by PDOs,ರಘುನಾಥ ರಾವ್ ಮಲ್ಕಾಪೂರೆ,Raghunath Rao Malkapore
814,15/07/2016,ಗ್ರಾಮೀಣಾಭಿವೃದ್ಧಿ ಮತ್ತು ಪಂಚಾಯತ್ ರಾಜ್ಯ,Rural Development and Panchayat State,ಗ್ರಾಮ ಪಂಚಾಯತಿ ಮಟ್ಟದಲ್ಲೇ ಸಕಾಲದ ಸೇವೆ ಪ್ರಾರಂಭಿಸುವ ಬಗ್ಗೆ,Regarding the launch of time service at Gram Panchayat level,ರಘುನಾಥ ರಾವ್ ಮಲ್ಕಾಪೂರೆ,Raghunath Rao Malkapore
815,15/07/2016,ಪ್ರಾಥಮಿಕ ಮತ್ತು ಪ್ರೌಢ ಶಿಕ್ಷಣ,Primary and Secondary Education,ರಾಜ್ಯದಲ್ಲಿ ಖಾಲಿ ಇರುವ ಶಿಕ್ಷಕರ ಹುದ್ದೆ ಭರ್ತಿ ಮಾಡುವ ಬಗ್ಗೆ,About filling up vacant teacher posts in the state,ರಘುನಾಥ ರಾವ್ ಮಲ್ಕಾಪೂರೆ,Raghunath Rao Malkapore
816,15/07/2016,ಉನ್ನತ ಶಿಕ್ಷಣ,Higher education,ಜೇಷ್ಠತಾ ಪಟ್ಟಿಯಲ್ಲಿ ಹಿರಿಯರಾದವರನ್ನು ಕೈಬಿಟ್ಟಿರುವ ಬಗ್ಗೆ,About leaving the elderly on the list of jeans,ರಘುನಾಥ ರಾವ್ ಮಲ್ಕಾಪೂರೆ,Raghunath Rao Malkapore
817,15/07/2016,ಮೂಲಸೌಲಭ್ಯ ಅಭಿವೃದ್ಧಿ,Infrastructure Development,ಮಂಗಳೂರು ರೈಲ್ವೆ ನಿಲ್ದಾಣವನ್ನು ಅಂತರರಾಷ್ಟ್ರೀಯ ದರ್ಜೆಗೆ ಏರಿಸುವ ಬಗ್ಗೆ,About raising Mangalore railway station to international class,ಐವಾನ್ ಡಿ ಸೋಜಾ,Ivan Disoza
818,15/07/2016,ಪ್ರಾಥಮಿಕ ಮತ್ತು ಪ್ರೌಢ ಶಿಕ್ಷಣ,Primary and Secondary Education,ವಿದ್ಯಾರ್ಥಿನಿಯರಿಗೆ ಶುಲ್ಕ ರಹಿತ ಶಿಕ್ಷಣ ನೀಡುವ ಬಗ್ಗೆ,Providing free education to students,ಐವಾನ್ ಡಿ ಸೋಜಾ,Ivan Disoza
819,15/07/2016,ಸಾರಿಗೆ ಸಚಿವರು,Transport Minister,ಶಾಲಾ ಮಕ್ಕಳಿಗೆ ಕೊಂಡೋಯ್ಯುವ ವಾಹನ ಬಗ್ಗೆ,About Vehicle for School Children,ಐವಾನ್ ಡಿ ಸೋಜಾ,Ivan Disoza
820,15/07/2016,ಬೃಹತ್ ಮತ್ತು ಮಧ್ಯಮ ಕೈಗಾರಿಕೆ,Large and medium enterprise,ಮಂಗಳೂರು ವಿಮಾನ ನಿಲ್ದಾಣದ ರನ್‌ವೇ ವಿಸ್ತರಣೆ ಬಗ್ಗೆ,About Mangalore Airport's runway expansion,ಐವಾನ್ ಡಿ ಸೋಜಾ,Ivan Disoza
821,15/07/2016,ಗಣಿ ಮತ್ತು ಭೂ ವಿಜ್ಞಾನ,Mine and geology,ರಾಜ್ಯದಲ್ಲಿ ಮರಳು ನೀತಿಗಳನ್ನು ರೂಪಿಸುವ ಬಗ್ಗೆ,About forming sand policies in the state,ಐವಾನ್ ಡಿ ಸೋಜಾ,Ivan Disoza
822,15/07/2016,ಸಾರಿಗೆ,Transport,ಖಾಸಗಿ ಬಸ್‌ಗಳು ಸೀಟ್ ಆಧರಿಸಿ ಶುಲ್ಕ ಏರಿಸುವ ಬಗ್ಗೆ,Private buses are based on seat-based fees,ಕ್ಯಾಪ್ಟನ್ ಗಣೇಶ್ ಕಾರ್ಣಿಕ್,Capt. Ganesh Karnik
823,15/07/2016,ಗಣಿ ಮತ್ತು ಭೂ ವಿಜ್ಞಾನ,Mine and geology,ರಾಜ್ಯದಲ್ಲಿ Uನೈಟ್ ಕ್ವಾರಿಗಳಿಗೆ ಲೈಸೆನ್ಸ್,License for U Night Quarries in the State,ಕ್ಯಾಪ್ಟನ್ ಗಣೇಶ್ ಕಾರ್ಣಿಕ್,Capt. Ganesh Karnik
824,15/07/2016,ಉನ್ನತ ಶಿಕ್ಷಣ,Higher education,ವಿಶವಿದ್ಯಾಲಯಗಳಲ್ಲಿ ಲಭ್ಯವಿರುವ ಹಣವನ್ನು ಬೇರೆ ಬೇರೆ ಬ್ಯಾಂಕಗಳಲ್ಲಿ ಠೇವಣಿ ಇಟ್ಟಿರುವ ಬಗ್ಗೆ,The amount of money available at the universities is deposited in different banks,ಕ್ಯಾಪ್ಟನ್ ಗಣೇಶ್ ಕಾರ್ಣಿಕ್,Capt. Ganesh Karnik
825,15/07/2016,ಉನ್ನತ ಶಿಕ್ಷಣ,Higher education,ವಿಶ್ವವಿದ್ಯಾಲಯಗಳಲ್ಲಿ ಸ್ನಾತಕೋತ್ತರ ವಿಭಾಗಗಳ ಅವಶ್ಯಕತೆ ಬಗ್ಗೆ,Regarding the need for postgraduate departments at universities,ಕ್ಯಾಪ್ಟನ್ ಗಣೇಶ್ ಕಾರ್ಣಿಕ್,Capt. Ganesh Karnik
826,15/07/2016,ಉನ್ನತ ಶಿಕ್ಷಣ,Higher education,ರಾಜ್ಯದಲ್ಲಿರುವ ವಿಶ್ವವಿದ್ಯಾಲಯಗಳ ಕಾನೂನು ಕುರಿತು,About the law of universities in the state,ಕ್ಯಾಪ್ಟನ್ ಗಣೇಶ್ ಕಾರ್ಣಿಕ್,Capt. Ganesh Karnik
827,15/07/2016,ಗ್ರಾಮೀಣಾಭಿವೃದ್ಧಿ ಮತ್ತು ಪಂಚಾಯತ್ ರಾಜ್,Rural Development and Panchayat Raj,ಸ್ಥಳೀಯ ಸಂಸ್ಥೆಗಳ ಸದಸ್ಯರಿಗೆ ಯಶಸ್ವಿನಿ ಆರೋಗ್ಯ ವಿಮೆ ಮಾಡಿಸುವ ಕುರಿತು,About successful health insurance for members of local bodies,ಕವಟಗಿಮಠ ಮಹಂತೇಶ ಮಲ್ಲಿಕಾರ್ಜುನ,Kavatimata Mahantesha Mallikarjuna
828,15/07/2016,ಸಾರಿಗೆ,Transport,ನಿಯಮ ಉಲ್ಲಂಘಿಸಿ ಮಕ್ಕಳನ್ನು ತುಂಬುತ್ತಿರುವ ಶಾಲಾ ವಾಹನಗಳ ಬಗ್ಗೆ,About school vehicles filling children with violation of the rule,ಕವಟಗಿಮಠ ಮಹಂತೇಶ ಮಲ್ಲಿಕಾರ್ಜುನ,Kavatimata Mahantesha Mallikarjuna
829,15/07/2016,ಪ್ರಾಥಮಿಕ ಮತ್ತು ಪ್ರೌಢ ಶಿಕ್ಷಣ,Primary and Secondary Education,ಕಡ್ಡಾಯ ಶಿಕ್ಷಣ ಹಕ್ಕು ಕಾಯಿದೆಯಡಿ ಶಿಕ್ಷಣ ಪಡೆದ ವಿದ್ಯಾರ್ಥಿಗಳ ಶುಲ್ಕ ಭರಿಸುವ ಕುರಿತು,About fees charged by students under the Compulsory Education Right Act,ಕವಟಗಿಮಠ ಮಹಂತೇಶ ಮಲ್ಲಿಕಾರ್ಜುನ,Kavatimata Mahantesha Mallikarjuna
830,15/07/2016,ಗ್ರಾಮೀಣಾಭಿವೃದ್ಧಿ ಮತ್ತು ಪಂಚಾಯತ್ ರಾಜ್,Rural Development and Panchayat Raj,ಗಮೀಣಾಭಿವೃದ್ಧಿ ಇಲಾಖೆಯ ಪ್ರಮುಖ ಕಡತಗಳು ಕಾಣೆಯಾಗುತ್ತಿರುವ ಬಗ್ಗೆ,About missing key files of the Department of Telecommunications,ಕವಟಗಿಮಠ ಮಹಂತೇಶ ಮಲ್ಲಿಕಾರ್ಜುನ,Kavatimata Mahantesha Mallikarjuna
831,15/07/2016,ಗ್ರಾಮೀಣಾಭಿವೃದ್ಧಿ ಮತ್ತು ಪಂಚಾಯತ್ ರಾಜ್,Rural Development and Panchayat Raj,ರಾಜ್ಯದಲ್ಲಿ ಶುದ್ಧ ಕುಡಿಯುವ ನೀರಿನ ಘಟಕ ಸ್ಥಾಪಿಸುವ ಬಗ್ಗೆ,About establishing a clean drinking water unit in the state,ಕವಟಗಿಮಠ ಮಹಂತೇಶ ಮಲ್ಲಿಕಾರ್ಜುನ,Kavatimata Mahantesha Mallikarjuna
832,15/07/2016,ಉನ್ನತ ಶಿಕ್ಷಣ,Higher education,ತುಮಕೂರು ವಿಶ್ವವಿದ್ಯಾನಿಲಯವನ್ನು ಸ್ಥಳಾಂತರಿಸುವ ಬಗ್ಗೆ,About moving to Tumkur University,ಕಾಂತರಾಜು,Kantaraju
833,15/07/2016,ಸಾರಿಗೆ,Transport,ತುಮಕೂರು ನಗರಕ್ಕೆ ಪ್ರತ್ಯೇಕ ಸಾರಿಗೆ ನಿಗಮ,Tumkur city is a separate transport corporation,ಕಾಂತರಾಜು,Kantaraju
834,15/07/2016,ಗ್ರಾಮೀಣಾಭಿವೃದ್ಧಿ ಮತ್ತು ಪಂಚಾಯತ್ ರಾಜ್,Rural Development and Panchayat Raj,ಬಹುಗ್ರಾಮ ಯೋಜನೆಯಡಿ ಕುಡಿಯುವ ನೀರಿನ ಕಾಮಗಾರಿಗಳು,Drinking water works under the Bahujan Samiti,ಕಾಂತರಾಜು,Kantaraju
835,15/07/2016,ಕೈಗಾರಿಕೆ,Industry,ಕೈಗಾರಿಕೆಗಳಿಗೆ ಜಮೀನು ನೀಡಿರುವುದು ಮತ್ತು ಉದ್ಯೋಗ ಸೃಷ್ಠಿ,Land for industries and employment generation,ಕಾಂತರಾಜು,Kantaraju
836,15/07/2016,ಸಾರಿಗೆ,Transport,ಕರ್ನಾಟಕ ರಾಜ್ಯ ಸಾರಿಗೆ ಸಂಸ್ಥೆಯಲ್ಲಿ ಖಾಲಿ ಇರುವ ಹುದ್ದೆಗಳ ಬಗ್ಗೆ,About vacant posts in the Karnataka State Transport Institute,ಕಾಂತರಾಜು,Kantaraju
837,15/07/2016,ಗ್ರಾಮೀಣಾಭಿವೃದ್ಧಿ ಮತ್ತು ಪಂಚಾಯತ್ ರಾಜ್,Rural Development and Panchayat Raj,ಗ್ರಾಮ ಸ್ವರಾಜ್ ಯೋಜನೆಯಡಿ ಖರೀದಿಯಲ್ಲಿ ಆಗಿರುವ ಅವ್ಯವಹಾರದ ಬಗ್ಗೆ,Regarding the alleged irregularities under the Gram Swaraj scheme,ಕಟ ಶ್ರೀನಿವಾಸ ಪೂಜಾರಿ,Kota Srinivasa Pujari
838,15/07/2016,ಗ್ರಾಮೀಣಾಭಿವೃದ್ಧಿ ಮತ್ತು ಪಂಚಾಯತ್ ರಾಜ್,Rural Development and Panchayat Raj,"ನಮೂನೆ ೯,೧೧,೧೧ಬಿ ವಿತರಿಸುವ ಸಂಬಂಧದ ನಿಯಾಮಾವಳಿ ಸರಳೀಕರಣ","Modification of the Code of Conduct relating to Issue 9,11,11 B",ಕಟ ಶ್ರೀನಿವಾಸ ಪೂಜಾರಿ,Kota Srinivasa Pujari
839,15/07/2016,ಸಣ್ಣ ಕೈಗಾರಿಕೆ,Small industry,ಸಬ್ಸಿಡಿ ಬಿಡುಗಡೆಯಲ್ಲಿ ವಿಳಂಬ,Delay in subsidy release,ಕಟ ಶ್ರೀನಿವಾಸ ಪೂಜಾರಿ,Kota Srinivasa Pujari
840,15/07/2016,ಅಲ್ಪಸಂಖ್ಯಾತರ ಕಲ್ಯಾಣ,Minorities Welfare,ಶಾಧಿ ಭಾಗ್ಯ ಯೋಜನೆಯ ಅನುದಾನ,Assistance of Sadhya Bhagya Scheme,ಕಟ ಶ್ರೀನಿವಾಸ ಪೂಜಾರಿ,Kota Srinivasa Pujari
841,15/07/2016,ಸಾರಿಗೆ,Transport,ರಾಜ್ಯ ಸರ್ಕಾರಿ ಸಾರಿಗೆ ಬಸ್ಸುಗಳಲ್ಲಿ ಪ್ರಯಾಣಿಕರ ಸುರಕ್ಷತೆ,Passenger safety in state government transport buses,ಕಟ ಶ್ರೀನಿವಾಸ ಪೂಜಾರಿ,Kota Srinivasa Pujari
842,15/07/2016,ಬೃಹತ್ ಮತ್ತು ಮಧ್ಯಮ ಕೈಗಾರಿಕೆ,Large and medium enterprise,ಎಂ.ಎಸ್.ಐ.ಎಲ್. ನಲ್ಲಿನ ಅಧಿಕಾರಿಗಳ ಭ್ರಷ್ಠಾಚಾರ ಕುರಿತು,MSIL About Corruption of Officers at,ತಾರಾಅನೂರಾಧ,Tara Anuradha
843,15/07/2016,ಗಣಿ ಮತ್ತು ಭೂ ವಿಜ್ಞಾನ,Mine and geology,ಅವ್ಯಾಹತವಾಗಿ ನಡೆಯುತ್ತಿರುವ ಅನಧಿಕೃತ ಮರುಳುಗಾರಿಕೆಯನ್ನು ನಿಯಂತ್ರಿಸುವ ಬಗ್ಗೆ,About controlling the unauthorized frenzied walking,ತಾರಾಅನೂರಾಧ,Tara Anuradha
844,15/07/2016,ಪ್ರಾಥಮಿಕ ಮತ್ತು ಪ್ರೌಢ ಶಿಕ್ಷಣ,Primary and Secondary Education,ಪ್ರೌಢ ಶಾಲೆ ಹಾಗೂ ಪದವಿ ಪೂರ್ವ ಶಿಕ್ಷಣವನ್ನು ಒಂದೇ ಆಡಳಿತ ವ್ಯವಸ್ಥೆಯಡಿ ತರುವ ಕುರಿತು,Concerning bringing high school and undergraduate education into a single administrative system,ತಾರಾಅನೂರಾಧ,Tara Anuradha
845,15/07/2016,ಗ್ರಾಮೀಣಾಭಿವೃದ್ಧಿ ಮತ್ತು ಪಂಚಾಯತ್ ರಾಜ್,Rural Development and Panchayat Raj,ಕುಡಿಯುವ ನೀರಿಗೆ ಬಂದಿರುವ ಅನುದಾನ ಸರಿಯಾಗಿ ಬಳಕೆಯಾಗದೆ ಇರುವ ಬಗ್ಗೆ,About grant of drinking water is not properly used,ಘೋಟ್ನೆಕರ ಶ್ರೀಕಾಂತ ಲಕ್ಷ್ಮಣ,Ghotnekara Srikanta Lakshmana
846,15/07/2016,ಸಾರಿಗೆ,Transport,ದಾಂಡೇಲಿ ಬಸ್ ನಿಲ್ದಾಣದ ಅವ್ಯವಸ್ಥೆ,Dandeli bus station mess,ಘೋಟ್ನೆಕರ ಶ್ರೀಕಾಂತ ಲಕ್ಷ್ಮಣ,Ghotnekara Srikanta Lakshmana
847,15/07/2016,ಪ್ರಾಥಮಿಕ ಮತ್ತು ಪ್ರೌಢ ಶಿಕ್ಷಣ,Primary and Secondary Education,ಅಕ್ಷರ ದಾಸೋಹ ಯೋಜನೆಯಲ್ಲಿ ಖರೀದಿಸಿದ ಅಗ್ನಿನಂದಕ ಖರೀದಿಯಲ್ಲಿ ಅವ್ಯವಹಾರ ಕುರಿತು,About fraud in firefighter purchases purchased in Chara Dasoha scheme,ಘೋಟ್ನೆಕರ ಶ್ರೀಕಾಂತ ಲಕ್ಷ್ಮಣ,Ghotnekara Srikanta Lakshmana
848,15/07/2016,ಅಲ್ಪಸಂಖ್ಯಾತರ ಕಲ್ಯಾಣ,Minorities Welfare,ಅಭಿವೃದ್ಧಿ ಕಾರ್ಯಗಳಿಗೆ ಬಂದಿರುವ ಅನುದಾನ ಬಳಕೆ ಮಾಡದೆ ಇರುವ ಬಗ್ಗೆ,About grant of funds to development activities,ಘೋಟ್ನೆಕರ ಶ್ರೀಕಾಂತ ಲಕ್ಷ್ಮಣ,Ghotnekara Srikanta Lakshmana
849,15/07/2016,ಪ್ರಾಥಮಿಕ ಮತ್ತು ಪ್ರೌಢ ಶಿಕ್ಷಣ,Primary and Secondary Education,ಅತಿಥಿ ಶಿಕ್ಷಕರ ನೇಮಕಾತಿ ಮಾಡಿಕೊಳ್ಳುವಲ್ಲಿ ಬರುವ ಅನುದಾನದ ಕುರಿತು,About the granting of recruitment of guest teachers,ಘೋಟ್ನೆಕರ ಶ್ರೀಕಾಂತ ಲಕ್ಷ್ಮಣ,Ghotnekara Srikanta Lakshmana
850,15/07/2016,ಪ್ರಾಥಮಿಕ ಮತ್ತು ಪ್ರೌಢ ಶಿಕ್ಷಣ,Primary and Secondary Education,ಶಿಕ್ಷಣ ಇಲಾಖೆಯಲ್ಲಿನ ವೈದ್ಯಕೀಯ ಬಿಲ್ಲಿನ ಮರುಪಾವತಿ ಬಗ್ಗೆ,About the refund of a medical bill in the Department of Education,ಚೌಡರೆಡ್ಡಿ ತೂಪಲ್ಲಿ .ಆರ್,Chowdareddy Tupalli R
851,15/07/2016,ಉನ್ನತ ಶಿಕ್ಷಣ,Higher education,ಕಾಲ್ಪನಿಕ ವೇತನ ಜಾರಿಗೊಳಿಸುವ ಬಗ್ಗೆ,About implementing fictitious pay,ಚೌಡರೆಡ್ಡಿ ತೂಪಲ್ಲಿ .ಆರ್,Chowdareddy Tupalli R
852,15/07/2016,ಗ್ರಾಮೀಣಾಭಿವೃದ್ಧಿ ಮತ್ತು ಪಂಚಾಯತ್,Rural Development and Panchayat,ಬ್ಯಾಂಕ್‌ಗಳಲ್ಲಿ ಅಕ್ರಮ ಠೇವಣಿ ಇಟ್ಟಿರುವ ಬಗ್ಗೆ,About illegal deposits in banks,ಚೌಡರೆಡ್ಡಿ ತೂಪಲ್ಲಿ .ಆರ್,Chowdareddy Tupalli R
853,15/07/2016,ಗಣಿ ಮತ್ತು ಭೂ ವಿಜ್ಞಾನ,Mine and geology,ಕಲ್ಲು ಕ್ವಾರಿಗಳ ಬಗ್ಗೆ,About stone quarries,ಚೌಡರೆಡ್ಡಿ ತೂಪಲ್ಲಿ .ಆರ್,Chowdareddy Tupalli R
854,15/07/2016,ಬೃಹತ್ ಮತ್ತು ಮಧ್ಯಮ ಕೈಗಾರಿಕೆ,Large and medium enterprise,ಗುಜರಾತ್ ರೋಡ್ ಶೋನಲ್ಲಿ ಆದ ಎಂ.ಒ.ಯು. ಬಗ್ಗೆ,MOU in Gujarat Road Show About,ಚೌಡರೆಡ್ಡಿ ತೂಪಲ್ಲಿ .ಆರ್,Chowdareddy Tupalli R
855,15/07/2016,ಗ್ರಾಮೀಣಾಭಿವೃದ್ಧಿ ಮತ್ತು ಪಂಚಾಯತ್ ರಾಜ್,Rural Development and Panchayat Raj,ಜಿಲ್ಲಾ ಪಂಚಾಯಿತಿ ವ್ಯಾಪ್ತಿಯಲ್ಲಿ ರಸ್ತೆ ಕಾಮಗಾರಿಗಳು,Road Works at Zilla Panchayat,ಧರ್ಮಸೇನ .ಆರ್,Dharmasena R
856,15/07/2016,ಪ್ರಾಥಮಿಕ ಮತ್ತು ಪ್ರೌಢ ಶಿಕ್ಷಣ,Primary and Secondary Education,ಖಾಸಗಿ ಅನುದಾನಿತ ಶಾಲೆಗಳಿಗೂ ಸೌಲಭ್ಯಗಳನ್ನು ನೀಡುವ ಬಗ್ಗೆ,Providing privileges to private subsidized schools,ಧರ್ಮಸೇನ .ಆರ್,Dharmasena R
857,18/07/2016,ಆರೋಗ್ಯ ಮತ್ತು ಕುಟುಂಬ ಕಲ್ಯಣ,Health and Family Wellness,ಮಾನ್ವಿ ತಾಲ್ಲೂಕಿನ ಪೋತ್ನಾಳ ಗ್ರಾಮದ ಪ್ರಾಥಮಿಕ ಆರೋಗ್ಯ ಕೇದ್ರದ ಬಗ್ಗೆ,About the Primary Health Cathedral of Potnana Village in Manvi Taluk,ಬೋಸ್‌ರಾಜು .ಎನ್.ಎಸ್,Bosaraju N S
858,18/07/2016,ಕನ್ನಡ ಮತ್ತು ಸಂಸ್ಕೃತಿ,Kannada and culture,ಮಾನ್ವಿ ಪಟ್ಟಣದಲ್ಲಿರುವ ಸುವರ್ಣ ಕನ್ನಡ ಭವನದ ಬಗ್ಗೆ,About the Suvarna Kannada Bhavan in Manvi town,ಬೋಸ್‌ರಾಜು .ಎನ್.ಎಸ್,Bosaraju N S
859,18/07/2016,ಹಿಂದೂಳಿದ ವರ್ಗಗಳ ಕಲ್ಯಾಣ,Welfare of Hindus Classes,ರಾಯಚೂರು ಜಿಲ್ಲೆಯ ಪರಿಶಿಷ್ಟ ಜಾತಿ/ಪರಿಶಿಷ್ಟ ಪಂಗಡ ವಸತಿ ಶಾಲೆಗಳ ಬಗ್ಗೆ,About Scheduled Caste / Scheduled Tribe Residential Schools in Raichur District,ಬೋಸ್‌ರಾಜು .ಎನ್.ಎಸ್,Bosaraju N S
860,18/07/2016,ಆರ್ಥಿಕ,Economy,ಹೈದ್ರಾಬಾದ್-ಕರ್ನಾಟಕ ಪ್ರದೇಶಾಭಿವೃದ್ಧಿ ಮಂಡಳಿಗೆ ಸರ್ಕಾರದಿಂದ ಸಿಕ್ಕಿರುವ ಅನುದಾನದ ಕುರಿತು,About the grant from the Government to the Hyderabad-Karnataka Area Development Board,ಬೋಸ್‌ರಾಜು .ಎನ್.ಎಸ್,Bosaraju N S
861,18/07/2016,ಪ್ರವಾಸೋದ್ಯಮ,Tourism,ಪವಾಸಿ ಮಾರ್ಗದರ್ಶಿಗಳ ವಿಚಾರ,About Pavas Guides,ಭಾನುಪ್ರಕಾಶ್,Bhanu Prakasha
862,18/07/2016,ಆರೋಗ್ಯ ಮತ್ತು ಕುಟುಂಬ ಕಲ್ಯಾಣ,Health and family welfare,ಆರೋಗ್ಯ ಮತ್ತು ಕುಟುಂಬ ಕಲ್ಯಾಣ ಇಲಾಖೆಯಲ್ಲಿ ಖಾಲಿಯಿರುವ ಕಿರಿಯ ಫಾರ್ಮಸಿಸ್ಟ್ ಹುದ್ದೆಗಳ ಬಗ್ಗೆ,Regarding junior pharmacist posts vacant in the Department of Health and Family Welfare,ಭಾನುಪ್ರಕಾಶ್,Bhanu Prakasha
863,18/07/2016,ಪ್ರವಾಸೋದ್ಯಮ,Tourism,ಪ್ರವಾಸೋದ್ಯಮ ಇಲಾಖೆಯಿಂದ ಪರಿಶಿಷ್ಟ ಜಾತಿ ಮತ್ತು ಪರಿಶಿಷ್ಟ ಪಂಗಡಕ್ಕೆ ಟ್ಯಾಕ್ಸಿ ನೀಡುತ್ತಿರುವ ವಿಚಾರ,The Taxi is offering the Scheduled Castes and Scheduled Tribes from the Tourism Department,ಭಾನುಪ್ರಕಾಶ್,Bhanu Prakasha
864,18/07/2016,ಮಹಿಳಾ ಮತ್ತು ಮಕ್ಕಳ ಅಭಿವೃದ್ಧಿ,Women and Child Development,ಕೊಡಗು ಜಿಲ್ಲೆಯಲ್ಲಿ ಕೊರತೆಯಿರುವ ಅಂಗನವಾಡಿ ಕೇಂದ್ರಗಳ ಬಗ್ಗೆ,About Anganwadi centers lacking in Kodagu district,ಸುನೀಲ್ ಸುಬ್ರಮಣಿ .ಎಂ.ಪಿ,Sunil Subramani M P
865,18/07/2016,ಸಮಾಜ ಕಲ್ಯಾಣ,Social Welfare,ರಾಜ್ಯದಲ್ಲಿನ ಆಶ್ರಮ ಶಾಲೆಗಳ ಶಿಕ್ಷಣದ ಗುಣಮಟ್ಟದ ಬಗ್ಗೆ,About the quality of education of ashram schools in the state,ಸುನೀಲ್ ಸುಬ್ರಮಣಿ .ಎಂ.ಪಿ,Sunil Subramani M P
866,18/07/2016,ಆರೋಗ್ಯ ಮತ್ತು ಕುಟುಂಬ ಕಲ್ಯಾಣ,Health and family welfare,ಹೆಚ್.ಐ.ವಿ. ನಿಯಂತ್ರಿಸುವ ಕುರಿತು,HIV About controlling,ಸಂಕನೂರ .ಎಸ್.ವ್ಹಿ,Sankanura S V
867,18/07/2016,ಆಹಾರ ಮತ್ತು ನಾಗರಿಕರ ಸರಬರಾಜು,Food and Civil Supplies,ಪಡಿತರ ಚೀಟಿಗೆ ಆಧಾರ್ ಕಾರ್ಡ ಕಡ್ಡಾಯ ಕುರಿತು,About Aadhaar Card Mandatory for Ration Card,ಸಮಣ್ಣ .ವಿ,Somanna V
868,18/07/2016,ಹಿಂದೂಳಿದ ವರ್ಗಗಳ ಕಲ್ಯಾಣ,Welfare of Hindus Classes,೨೦೧೪-೧೫ ಮತ್ತು ೨೦೧೫-೧೬ನೇ ಸಾಲಿನಲ್ಲಿ ಪರಿಶಿಷ್ಠ ಜಾತಿ/ಪರಿಶಿಷ್ಠ ಪಂಗಡದ ಅನುದಾನ ಬಗ್ಗೆ,About Scheduled Caste / Scheduled Tribe Grants in 2014-15 and 2015-16,ಸೋಮಣ್ಣ ಮ ಬೇವಿನಮರದ,Samanna Ma Bevinamara
869,18/07/2016,ಮಹಿಳಾ ಮತ್ತು ಮಕ್ಕಳ ಅಭಿವೃದ್ಧಿ,Women and Child Development,ರಾಜ್ಯದಲ್ಲಿರುವ ಒಟ್ಟು ಅಂಗನವಾಡಿಗಳ ಬಗ್ಗೆ,About the total auxiliaries in the state,ಸೋಮಣ್ಣ ಮ ಬೇವಿನಮರದ,Samanna Ma Bevinamara
870,18/07/2016,ಹಿಂದೂಳಿದ ವರ್ಗಗಳ ಕಲ್ಯಾಣ,Welfare of Hindus Classes,ಪರಿಶಿಷ್ಠ ಜಾತಿ/ಪರಿಶಿಷ್ಠ ಪಂಗಡದ ಯೋಜನೆಯಡಿ ೨೦೦೮ ರಿಂದ ಇಲ್ಲಿಯವರೆಗೆ ಕೊರೆದ ಕೊಳವೆ ಬಾವಿಗಳ ಬಗ್ಗೆ,Concerned tube wells from 2008 to date under Scheduled Castes / Scheduled Tribes,ಸೋಮಣ್ಣ ಮ ಬೇವಿನಮರದ,Samanna Ma Bevinamara
871,18/07/2016,ವಿಕಲಚೇತನರ ಸಬಲೀಕರಣ,Empowerment of the disabled,ವಿಕಲಚೇತನರ ಮತ್ತು ನಾಗರಿಕರ ಸಬಲೀಕರಣ ಬಗ್ಗೆ,About Empowerment of Persons with Disabilities and Citizens,ಸೋಮಣ್ಣ ಮ ಬೇವಿನಮರದ,Samanna Ma Bevinamara
872,18/07/2016,ಆರೋಗ್ಯ ಮತ್ತು ಕುಟುಂಬ ಕಲ್ಯಾಣ,Health and family welfare,ರಾಷ್ಟ್ರೀಯ ಆರೋಗ್ಯ ಮಿಷನ್ ಯೋಜನೆಯ ಬಗ್ಗೆ,About the National Health Mission Mission,ಸೋಮಣ್ಣ ಮ ಬೇವಿನಮರದ,Samanna Ma Bevinamara
873,18/07/2016,ಸಮಾಜ ಕಲ್ಯಾಣ,Social Welfare,ವಸತಿ ನಿಲಯಗಳಲ್ಲಿ ಸೋಲಾರ್ ವಾಟರ್ ಹೀಟರ್‌ಗಳ ಕುರಿತು,About Solar Water Heaters at Hostels,ನಾರಾಯಣಸ್ವಾಮಿ .ಎಂ,Narayanaswamy M
874,18/07/2016,ಸಮಾಜ ಕಲ್ಯಾಣ,Social Welfare,ವಸತಿ ನಿಲಯಗಳಿಗೆ ಅಗತ್ಯ ವಸ್ತುಗಳ ಪೂರೈಸುವ ಟೆಂಡರ್ ಬಗ್ಗೆ,About the tender that supplies the necessary goods for hostels,ನಾರಾಯಣಸ್ವಾಮಿ .ಎಂ,Narayanaswamy M
875,18/07/2016,ಸಮಾಜ ಕಲ್ಯಾಣ,Social Welfare,ಹಾಸ್ಟೆಲ್‌ಗಳಲ್ಲಿನ ಎಲ್ಲಾ ವಿಧದ ವ್ಯವಸ್ಥೆಯ ಕುರಿತು,About all type of system in hostels,ನಾರಾಯಣಸ್ವಾಮಿ .ಎಂ,Narayanaswamy M
876,18/07/2016,ಸಮಾಜ ಕಲ್ಯಾಣ,Social Welfare,ಕೇಂದ್ರ ಸರ್ಕಾರದ ಅನುದಾನದ ಕುರಿತು,About Central Government Grants,ನಾರಾಯಣಸ್ವಾಮಿ .ಎಂ,Narayanaswamy M
877,18/07/2016,ಆರೋಗ್ಯ ಮತ್ತು ಕುಟುಂಬ ಕಲ್ಯಾಣ,Health and family welfare,ಮೈಸೂರಿನಲ್ಲಿ ಜಿಲ್ಲಾ ಆಸ್ಪತ್ರೆಯ ಸ್ಥಾಪನೆ ಬಗ್ಗೆ,About the establishment of District Hospital in Mysore,ನಾಗರಾಜು .ಎಸ್,Nagaraja S
878,18/07/2016,ಆರೋಗ್ಯ ಮತ್ತು ಕುಟುಂಬ ಕಲ್ಯಾಣ,Health and family welfare,ಮೈಸೂರು ಮತ್ತು ಚಾಮರಾಜನಗರ ಜಿಲ್ಲೆಗಳಲ್ಲಿ ವೈದ್ಯರ ಕೊರತೆ,Lack of doctors in Mysore and Chamarajanagar districts,ನಾಗರಾಜು .ಎಸ್,Nagaraja S
879,18/07/2016,ಸಿಬ್ಬಂದಿ ಮತ್ತು ಆಡಳಿತ ಸುಧಾರಣೆ,Staff and administrative reform,ಹೊರಗುತ್ತಿಗೆ ನೌಕರರನ್ನು ಒಳಗುತ್ತಿಗೆ ನೌಕರರಾಗಿ ಪರಿವರ್ತಿಸುವ ಬಗ್ಗೆ,Convert outsourcing employees to employee employees,ಪಸನ್ನ ಕುಮಾರ್ .ಆರ್,Prasanna Kumar R
880,18/07/2016,ಆಹಾರ ಮತ್ತು ನಾಗರಿಕ ಸರಬರಾಜು,Food and Civil Supplies,ನ್ಯಾಯಬೆಲೆ ಅಂಗಡಿಗಳು,Fair price shops,ಪ್ರದೀಪ್ ಶೆಟ್ಟರ್,Pradeep Shettar
881,18/07/2016,ಆರೋಗ್ಯ ಮತ್ತು ಕುಟುಂಬ ಕಲ್ಯಾಣ,Health and family welfare,"ಡೆಂಗ್ಯೂ, ಚಿಕನ್‌ಗುನ್ಯ ರೋಗಗಳ ಕುರಿತು",About Dengue and Chikungunya Diseases,ಪ್ರದೀಪ್ ಶೆಟ್ಟರ್,Pradeep Shettar
882,18/07/2016,ಸಮಾಜ ಕಲ್ಯಾಣ,Social Welfare,ಸಮಾಜ ಕಲ್ಯಾಣ ಇಲಾಖೆಯ ಸಮುದಾಯ ಭವನಗಳ ಕುರಿತು,About Social Welfare Department Community Buildings,ಪ್ರದೀಪ್ ಶೆಟ್ಟರ್,Pradeep Shettar
883,18/07/2016,ಸಮಾಜ ಕಲ್ಯಾಣ,Social Welfare,ಸಮಾಜ ಕಲ್ಯಾಣ ಇಲಾಖಾ ಅಧೀನದ ಶಾಲೆಗಳು,Social Welfare Department Affiliated Schools,ಪ್ರದೀಪ್ ಶೆಟ್ಟರ್,Pradeep Shettar
884,18/07/2016,ಪ್ರವಾಸೋದ್ಯಮ,Tourism,ಪ್ರವಾಸದ್ಯಮ ಸ್ಥಳಗಳು ಹಾಗೂ ಯಾತ್ರಿ ನಿವಾಸಗಳು,Tourist places and pilgrimages,ಪ್ರದೀಪ್ ಶೆಟ್ಟರ್,Pradeep Shettar
885,18/07/2016,ಆರೋಗ್ಯ ಮತ್ತು ಕುಟುಂಬ ಕಲ್ಯಾಣ,Health and family welfare,ಶ್ರೀ ಕ್ಷೇತ್ರ ಹೊರನಾಡುವಿನಲ್ಲಿ ಆಸ್ಪತ್ರೆ ಇಲ್ಲದೇ ಇರುವ ಬಗ್ಗೆ,Shri field is about not having hospital in Horana,ಪ್ರಾಣೇಶ್ .ಎಂ.ಕೆ,Pranesha M K
886,18/07/2016,ಪ್ರವಾಸೋದ್ಯಮ,Tourism,ಪ್ರವಾಸ ತಾಣಗಳ ಕುರಿತು,About Travel Destinations,ಪ್ರಾಣೇಶ್ .ಎಂ.ಕೆ,Pranesha M K
887,18/07/2016,ಸಮಾಜ ಕಲ್ಯಾಣ,Social Welfare,ದಕ್ಷಿಣ ಕನಡ ಮತ್ತು ಉಡುಪಿ ಜಿಲ್ಲೆಯಲ್ಲಿ ಮುಚ್ಚಲ್ಪಟಿರುವ ಹಾಸ್ಟೆಲ್‌ಗಳ ಕುರಿತು,About Dakshina Kannada and hostels closed in Udupi district,ಪ್ರತಾಪಚಂದ್ರ ಶೆಟ್ಟಿ .ಕೆ,Pratapachandra Shetty K
888,18/07/2016,ಆರೋಗ್ಯ ಮತ್ತು ಕುಟುಂಬ ಕಲ್ಯಾಣ,Health and family welfare,ದಕ್ಷಿಣ ಕನ್ನಡ ಜಿಲ್ಲೆಯಲ್ಲಿ ಕಡಬದಲ್ಲೆನ ಸಮುದಾಯ ಆರೋಗ್ಯ ಕೇಂದ್ರ ಕಟ್ಟಡ ಕಾಮಗಾರಿ ಕುರಿತು,Community Health Center Building in Kadawadale in Dakshina Kannada District,ಪ್ರತಾಪಚಂದ್ರ ಶೆಟ್ಟಿ .ಕೆ,Pratapachandra Shetty K
889,18/07/2016,ಪ್ರವಾಸೋದ್ಯಮ,Tourism,ರಾಜ್ಯದಲ್ಲಿನ ಪ್ರವಾಸೋದ್ಯಮವನ್ನು ಅಭಿವೃದ್ಧಿ ಪಡಿಸುವ ಕುರಿತು,Developing tourism in the state,ಪ್ರತಾಪಚಂದ್ರ ಶೆಟ್ಟಿ .ಕೆ,Pratapachandra Shetty K
890,18/07/2016,ಆಹಾರ ಮತ್ತು ನಾಗರಿಕ ಸರಬರಾಜು,Food and Civil Supplies,ರಾಜ್ಯದ ಮಾಲ್‌ಗಳಲ್ಲಿ ಅವಧಿ ಮೀರಿದ ವಸ್ತುಗಳ ಮಾರಾಟದ ಕುರಿತು,Regarding the sale of outdated goods in state malls,ಪ್ರತಾಪಚಂದ್ರ ಶೆಟ್ಟಿ .ಕೆ,Pratapachandra Shetty K
891,18/07/2016,ಆಹಾರ ಮತ್ತು ನಾಗರಿಕ ಸರಬರಾಜು,Food and Civil Supplies,ದಕ್ಷಿಣ ಕನ್ನಡ ಮತ್ತು ಉಡುಪಿ ಜಿಲ್ಲೆಯಲ್ಲಿ ಮಂಜೂರಾದ ಪಡಿತರ ಚೀಟಿಗಳ ಕುರಿತು,Regarding ration cards issued in Dakshina Kannada and Udupi district,ಪ್ರತಾಪಚಂದ್ರ ಶೆಟ್ಟಿ .ಕೆ,Pratapachandra Shetty K
892,18/07/2016,ಆರೋಗ್ಯ ಮತ್ತು ಕುಟುಂಬ ಕಲ್ಯಾಣ,Health and family welfare,ರಾಷ್ಟ್ರೀಯ ಗ್ರಾಮೀಣ ಆರೋಗ್ಯ ಅಭಿಯಾನ ಯೋಜನೆ ಬಗ್ಗೆ,About the National Rural Health Mission Program,ಶರವಣ .ಟಿ.ಎ,Sharavana T A
893,18/07/2016,ಮಹಿಳಾ ಮತ್ತು ಮಕ್ಕಳ ಅಭಿವೃದ್ಧಿ,Women and Child Development,ರಾಜ್ಯದಲ್ಲಿ ಅಪ್ರಾಪ್ತ ವಯಸ್ಸಿನ ಹೆಣ್ಣು ಮಕ್ಕಳಿಗೆ ರಕ್ಷಣೆ ಇಲ್ಲದಿರುವ ಬಗ್ಗೆ,About the protection of minor girls in the state,ವಿಮಲಾಗೌಡ,Vimalaa Gowda
894,18/07/2016,ಆರೋಗ್ಯ ಮತ್ತು ಕುಟುಂಬ ಕಲ್ಯಾಣ,Health and family welfare,ಸರ್ಕಾರಿ ಆಸ್ಪತ್ರೆಗಳಲ್ಲಿ ಮೂಲಸೌಕರ್ಯಗಳ ಕೊರತೆ ಬಗ್ಗೆ,The lack of infrastructure in government hospitals,ವಿಮಲಾಗೌಡ,Vimalaa Gowda
895,18/07/2016,ಮಹಿಳಾ ಮತ್ತು ಮಕ್ಕಳ ಅಭಿವೃದ್ಧಿ,Women and Child Development,ಆಸಿಡ್ ದಾಳಿ ಸಂತ್ರಸ್ತೆಯರಿಗೆ ಪಿಂಚಣಿ ಬಗ್ಗೆ,About pension for victims of acid attack,ವಿಮಲಾಗೌಡ,Vimalaa Gowda
896,18/07/2016,ಪ್ರವಾಸೋದ್ಯಮ,Tourism,ಎಸ್.ಸಿ.ಪಿ./ಟಿ.ಎಸ್.ಪಿ. ಅಡಿಯಲ್ಲಿ ಪ್ರವಾಸಿ ಟ್ಯಾಕ್ಸಿಗಳನ್ನು ವಿತರಿಸುವ ಕುರಿತು,SCP / TSP About distributing tourist taxis under,ವೀರಯ್ಯ .ಡಿ.ಎಸ್,Veerayya D S
897,18/07/2016,ಆರೋಗ್ಯ ಮತ್ತು ಕುಟುಂಬ ಕಲ್ಯಾಣ,Health and family welfare,ರಾಜ್ಯದ ಸರ್ಕಾರಿ ಆಸ್ಪತೆಗಳಲ್ಲಿ ಖಾಲಿ ಇರುವ ಹುದ್ದೆಗಳ ಬಗ್ಗೆ,About vacant posts in state government hospitals,ವೀರಯ್ಯ .ಡಿ.ಎಸ್,Veerayya D S
898,18/07/2016,ಕನ್ನಡ ಮತ್ತು ಸಂಸ್ಕೃತಿ,Kannada and culture,ಕಲಾವಿದರಿಗೆ ಪ್ರೋತ್ಸಾಹಧನ ಮಂಜೂರು ಮಾಡುವ ಬಗ್ಗೆ,About granting incentives to artists,ವೀರಯ್ಯ .ಡಿ.ಎಸ್,Veerayya D S
899,18/07/2016,ಆರೋಗ್ಯ ಮತ್ತು ಕುಟುಂಬ ಕಲ್ಯಾಣ,Health and family welfare,ಅಗ್ನಿ ನಿರೋಧಕ ಸಾಮಗ್ರಿಗಳನ್ನು ಅಳವಡಿಸುವ ಕುರಿತು,About installing fire resistant materials,ವೀರಯ್ಯ .ಡಿ.ಎಸ್,Veerayya D S
900,18/07/2016,ಆರೋಗ್ಯ ಮತ್ತು ಕುಟುಂಬ ಕಲ್ಯಣ,Health and Family Wellness,ಬೀದರ್ ಜಿಲ್ಲಾ ಆಸ್ಪತ್ರೆ ಮತ್ತು ತಾಲ್ಲೂಕು ಆಸ್ಪತ್ರೆಗಳ ಮೂಲಭೂತ ಸೌಲಭ್ಯ ಕೊರತೆ ಬಗ್ಗೆ,Bidar district hospital and taluk hospitals lack basic infrastructure,ವಿಜಯ್ ಸಿಂಗ್,Vijay Singh
901,18/07/2016,ಕನ್ನಡ ಮತ್ತು ಸಂಸ್ಕೃತಿ,Kannada and culture,ಬೀದರ್ ಜಿಲ್ಲೆ ಕನ್ನಡ ಭವನ ಕಾಮಗಾರಿಗಳ ಬಗ್ಗೆ,About Bidar District Kannada Bhavan Works,ವಿಜಯ್ ಸಿಂಗ್,Vijay Singh
902,18/07/2016,ಆಹಾರ ಮತ್ತು ನಾಗರಿಕ ಸರಬರಾಜು,Food and Civil Supplies,ಬಿ.ಪಿ.ಎಲ್. ಕಾರ್ಡಗಳು ಮತ್ತು ಆಹಾರ ಪದಾರ್ಥಗಳನ್ನು ವಿತರಿಉವ ಬಗ್ಗೆ,BPL About delivering cards and food items,ವಿಜಯ್ ಸಿಂಗ್,Vijay Singh
903,18/07/2016,ಯುವಜನ ಸಬಲೀಕರಣ ಮತ್ತು ಕ್ರೀಡೆ,Youth Empowerment and Sports,ಜಲ ಕ್ರೀಡೆ ಯೋಜನೆ ಬಗ್ಗೆ,About the Water Sports Project,ವಿಜಯ್ ಸಿಂಗ್,Vijay Singh
904,18/07/2016,ಹಿಂದೂಳಿದ ವರ್ಗಗಳ ಕಲ್ಯಾಣ,Welfare of Hindus Classes,ಬೀದರ್ ಜಿಲ್ಲೆಗೆ ಡಾ|| ಬಿ.ಆರ್. ಅಂಬೇಡ್ಕರ್ ಅಭಿವೃದ್ಧಿ ನಿಗಮದಿಂದ ನೇರ ಸಾಲದ ಬಗ್ಗೆ,Bidar District Br. Direct debt from Ambedkar Development Corporation,ವಿಜಯ್ ಸಿಂಗ್,Vijay Singh
905,18/07/2016,ಮಹಿಳಾ ಮತ್ತು ಮಕ್ಕಳ ಅಭಿವೃದ್ಧಿ,Women and Child Development,ಸಂಸ್ಕೃತಿ ಉತ್ಸವಕ್ಕೆ ಸಹಾಯಧನ,Subsidy for Culture Festival,ಬಸನಗೌಡ ಆರ್ ಪಾಟೀಲ್,Basanagowda R Patil
906,18/07/2016,ಮಹಿಳಾ ಮತ್ತು ಮಕ್ಕಳ ಅಭಿವೃದ್ಧಿ,Women and Child Development,ಮಕ್ಕಳಿಗೆ ಪೌಷ್ಠಿಕ ಆಹಾರದ ಕೊರತೆ,Lack of nutrition for children,ಬಸನಗೌಡ ಆರ್ ಪಾಟೀಲ್,Basanagowda R Patil
907,18/07/2016,ಆರೋಗ್ಯ ಮತ್ತು ಕುಟುಂಬ ಕಲ್ಯಾಣ,Health and family welfare,ವೈದ್ಯರು ಹಾಗೂ ಅರೆ ವೈದ್ಯಕೀಯ ಸಿಬ್ಬಂದಿಯ ಕೊರತೆ,Lack of doctors and semi-medical staff,ಬಸನಗೌಡ ಆರ್ ಪಾಟೀಲ್,Basanagowda R Patil
908,18/07/2016,ವದ್ಯಕೀಯ ಶಿಕ್ಷಣ,Academic Education,ವದ್ಯಕೀಯ ಮಹಾವಿದ್ಯಾಲಯ ಸ್ಥಾಪನೆ ಬಗ್ಗೆ,About the establishment of the College of Nursing,ಬಸನಗೌಡ ಆರ್ ಪಾಟೀಲ್,Basanagowda R Patil
909,18/07/2016,ಮಹಿಳಾ ಮತ್ತು ಮಕ್ಕಳ ಅಭಿವೃದ್ಧಿ,Women and Child Development,ಹುಬ್ಬಳ್ಳಿಯ ಸವಾಯಿ ಗಂಧರ್ವ ಹಾಲ್‌ನ ದುರಸ್ಥಿ ಕಾರ್ಯವನ್ನು ಪೂರ್ಣಗೊಳಿಸುವ ಕುರಿತು,Concerning completing the repair work of Hubli's Sawai Gandharva Hall,ಬಸವರಾಜ ಶಿವಲಿಂಗಪ್ಪ ಹೊರಟಿ,Basavaraja Shivalingappa Horatti
910,18/07/2016,ಹಿಂದೂಳಿದ ವರ್ಗಗಳ ಕಲ್ಯಾಣ,Welfare of Hindus Classes,ಹಿಂದುಳಿದ ವರ್ಗಗಳ ಮಾನದಂಡದ ಬಗ್ಗೆ,About the criteria of backward classes,ಲಕ್ಷ್ಮೀನಾರಾಯಣ .ಎಂ.ಡಿ,Lakshmi Narayana MD
911,18/07/2016,ಸಮಾಜ ಕಲ್ಯಾಣ,Social Welfare,ನೇಕಾರ ಜನಾಂಗವನ್ನು ಗುರುತು ಮಾಡಿರುವ ಬಗ್ಗೆ,About marking the weaver race,ಲಕ್ಷ್ಮೀನಾರಾಯಣ .ಎಂ.ಡಿ,Lakshmi Narayana MD
912,18/07/2016,ಯೋಜನೆ ಮತ್ತು ಸಾಂಖ್ಯಿಕ,Plan and Numerical,ರಾಜ್ಯಕ್ಕೆ ಕೇಂದ್ರದಿಂದ ಬಿಡುಗಡೆಯಾದ ಅನುದಾನದ ಬಗ್ಗೆ,About the Center's release of funds to the state,ಲಕ್ಷ್ಮೀನಾರಾಯಣ .ಎಂ.ಡಿ,Lakshmi Narayana MD
913,18/07/2016,ಆಹಾರ ಮತ್ತು ನಾಗರಿಕ ಸರಬರಾಜು,Food and Civil Supplies,ತುರುವೇಕೆರೆ ಕ್ಷೇತ್ರದಲ್ಲಿ ಪಡಿತರ ಚೀಟಿ ನೀಡುವ ಬಗ್ಗೆ,Registration of Ration Card in Trivukere,ಲಕ್ಷ್ಮೀನಾರಾಯಣ .ಎಂ.ಡಿ,Lakshmi Narayana MD
914,18/07/2016,ಪ್ರವಾಸೋದ್ಯಮ,Tourism,ತುಮಕುರು ಜಿಲ್ಲೆಗೆ ಪ್ರವಾಸೋದ್ಯಮ ಇಲಾಖಾ ಸೌಲಭ್ಯಗಳ ಬಗ್ಗೆ,About Tourism Department Facilities for Tumkur District,ಲಕ್ಷ್ಮೀನಾರಾಯಣ .ಎಂ.ಡಿ,Lakshmi Narayana MD
915,18/07/2016,ಹಿಂದುಳಿದ ವರ್ಗಗಳ ಕಲ್ಯಾಣ,Welfare of Backward Classes,ಚಿಕ್ಕಮಂಗಳೂರು ಜಿಲ್ಲೆಯಲ್ಲಿ ಪರಿಶಿಷ್ಟ ವರ್ಗಗಳ ಸದಸ್ಸಯರಿಗೆ ಸ್ವಯಂ ಉದ್ಯೋಗಕ್ಕಾಗಿ ಒದಗಿಸಲಾದ ಅನುದಾನದ ಬಗ್ಗೆ,Subsidy provided for self employment for the Scheduled Castes in Chikkamangal district,ಮೋಟಮ್ಮ,Motamma
916,18/07/2016,ಹಿಂದೂಳಿದ ವರ್ಗಗಳ ಕಲ್ಯಾಣ,Welfare of Hindus Classes,ಪರಿಶಿಷ ಜಾತಿ ಮತ್ತು ಪರಿಶಿಷ್ಟ ಪಂಗಡದ ನೌಕರರು ನಕಲಿ ಪ್ರಮಾಣ ಪತ್ರಗಳನ್ನು ಸೃಜಿಸಿ ದುರುಪಯೋಗ ಪಡಿಸಿಕೊಂಡಿರುವ ಬಗ್ಗೆ,About the Abuse Citizens and Scheduled Tribes Employees Abuse Creating Fake Certificates,ಮೋಟಮ್ಮ,Motamma
917,18/07/2016,ಆರೋಗ್ಯ ಮತ್ತು ಕುಟುಂಬ ಕಲ್ಯಾಣ,Health and family welfare,ಸಾಂಕ್ರಾಮಿಕ ರೋಗದ ಬಗ್ಗೆ,About epidemics,ಅಪ್ಪಾಜಿಗೌಡ .ಎನ್,Appajigowda N
918,18/07/2016,ಸಮಾಜ ಕಲ್ಯಾಣ,Social Welfare,ಹಾಸ್ಟೆಲ್‌ಗಳ ಬಗ್ಗೆ,About Hostels,ಅಪ್ಪಾಜಿಗೌಡ .ಎನ್,Appajigowda N
919,18/07/2016,ಯೋಜನೆ ಮತ್ತು ಸಾಂಖ್ಯಿP,Plan and Sankhaki P,೩೭೧(ಜೆ) ಅಡಿಯಲ್ಲಿ ಸ್ಥಾಪನೆಗೊಂಡ ಹೆಚ್.ಕೆ.ಆರ್.ಡಿ.ಬಿ. ಅನುಷ್ಠಾನದ ಬಗ್ಗೆ,Establishment of HKRDB under 371 (j) About implementation,ಅಮರನಾಥ ಪಾಟೀಲ್,Amaranatha Patil
920,18/07/2016,ಆರೋಗ್ಯ ಮತ್ತು ಕುಟುಂಬ ಕಲ್ಯಾಣ,Health and family welfare,ಹರೀಶ್ ಸ್ವಾಂತನ (ಮುಖ್ಯಮಂತ್ರಿಗಳ ಸ್ವಾಂತನ) ಯೋಜನೆಯ ಬಗ್ಗೆ,About Harish Swatanyan (Independence of Chief Ministers),ಅಮರನಾಥ ಪಾಟೀಲ್,Amaranatha Patil
921,18/07/2016,ಆರೋಗ್ಯ ಮತ್ತು ಕುಟುಂಬ ಕಲ್ಯಾಣ,Health and family welfare,ರಾಷ್ಟ್ರೀಯ ಆರೋಗ್ಯ ಮಿಷನ್ (ಎನ್.ಎಚ್.ಎಂ.) ಯೋಜನೆಯ ಬಗ್ಗೆ,About the National Health Mission (NHM) Scheme,ಅಮರನಾಥ ಪಾಟೀಲ್,Amaranatha Patil
922,18/07/2016,ಆರ್ಥಿಕ,Economy,ಹೆಚ್.ಕೆ.ಆರ್.ಡಿ.ಬಿ. ವತಿಯಿಂದ ಶಾಲಾ ಕಾಲೇಜುಗಳ ಮೂಲ ಸೌಕರ್ಯ ಅಭಿವೃದ್ಧಿಗೆ ಅನುದಾನನದ ಬಗ್ಗೆ,HKRDB Grants for the development of infrastructure for school colleges,ಅಮರನಾಥ ಪಾಟೀಲ್,Amaranatha Patil
923,18/07/2016,ಆರೋಗ್ಯ ಮತ್ತು ಕುಟುಂಬ ಕಲ್ಯಾಣ,Health and family welfare,ರಾಜ್ಯದಲ್ಲಿ ಮಹಾಮಾರಿ ಡೆಂಘೀ ಹಕ್ಕಿಜ್ವರ ಮತ್ತು ಚಿಕ್ಕನ್‌ಗುನ್ಯ ಜ್ವರಗಳ ಪ್ರಕರಣಗಳ ಕುರಿತು,About the cases of Mahmari Dengi Hakizhwar and Chingungunya fever in the state,ಅಮರನಾಥ ಪಾಟೀಲ್,Amaranatha Patil
924,18/07/2016,ಸಮಾಜ ಕಲ್ಯಾಣ,Social Welfare,ರಾಣಿ ಚನ್ನಮ್ಮ ಶಾಲೆಗಳ ಶಿಕ್ಷಕರ ಸಕ್ರಮಾತಿಯ ಕುರಿತು,About the surname of the teacher of Rani Chennamma Schools,ಅರುಣ ಶಹಾಪುರ,Aruna Shahaapura
925,18/07/2016,ಆರ್ಥಿಕ,Economy,ಗಡಿ ಅಭಿವೃದ್ಧಿ ಪ್ರಾಧಿಕಾರದಿಂದ ಅನುದಾನ,Grants by the Border Development Authority,ಜಯಮ್ಮ,Jayamma
926,18/07/2016,ಪ್ರವಾಸೋದ್ಯಮ,Tourism,ಪ್ರವಾಸೋದಮ ತಾಣಗಳನ್ನು ಗುರುತಿಸುವ ಬಗ್ಗೆ,Identifying Tropical Places,ಜಯಮ್ಮ,Jayamma
927,18/07/2016,ಮಹಿಳಾ ಮತ್ತು ಮಕ್ಕಳ ಅಭಿವೃದ್ಧಿ,Women and Child Development,ಬಾಲಮಂದಿರ ಮತ್ತು ಉಜ್ವಲ ಕೇಂದ್ರಗಳಲ್ಲಿ ದಾಖಲಾಗಿರುವ ಹೆಣ್ಣು ಮಕ್ಕಳ ಕುರಿತು,About girls who are registered at home and bright centers,ಜಯಮಾಲಾ ರಾಮಚಂದ್ರ,Jayamala Ramachandra
928,18/07/2016,ಮಹಿಳಾ ಮತ್ತು ಮಕ್ಕಳ ಅಭಿವೃದ್ಧಿ,Women and Child Development,ಬಾಲ್ಯ ವಿವಾಹ ಅತ್ಯಾಚಾರ ಹಾಗೂ ಮಾರಾಟ ಜಾಲಕ್ಕೆ ಸಿಲುಕಿದ ಮಹಿಳೆಯರ ಕುರಿತು,About women who have been raped and sold in child marriage,ಜಯಮಾಲಾ ರಾಮಚಂದ್ರ,Jayamala Ramachandra
929,18/07/2016,ಮಹಿಳಾ ಮತ್ತು ಮಕ್ಕಳ ಅಭಿವೃದ್ಧಿ,Women and Child Development,ನಾಪತ್ತೆಯಾದ ಮಹಿಳೆ ಮತ್ತು ಮಕ್ಕಳ ಕುರಿತು,About missing woman and children,ಜಯಮಾಲಾ ರಾಮಚಂದ್ರ,Jayamala Ramachandra
930,18/07/2016,ಮಹಿಳಾ ಮತ್ತು ಮಕ್ಕಳ ಅಭಿವೃದ್ಧಿ,Women and Child Development,ರಾಜ್ಯದಲ್ಲಿರುವ ದತ್ತು ಕೇಂದ್ರಗಳು,Adoption centers in the state,ಜಯಮಾಲಾ ರಾಮಚಂದ್ರ,Jayamala Ramachandra
931,18/07/2016,ಮಹಿಳಾ ಮತ್ತು ಮಕ್ಕಳ ಅಭಿವೃದ್ಧಿ,Women and Child Development,ಸಾಂತ್ವನ ಕೇಂದ್ರಗಳಲ್ಲಿ ನೆರವು ಕೋರಿ ಬಂದ ಅರ್ಜಿಗಳು ಹಾಗೂ ಆಸಿಡ್ ದಾಳಿಗೊಳಗಾದ ಮಹಿಳೆಯರ ಕುರಿತು,Regarding requests for assistance in solace centers and about acid attacked women,ಜಯಮಾಲಾ ರಾಮಚಂದ್ರ,Jayamala Ramachandra
932,18/07/2016,ಆರೋಗ್ಯ ಮತ್ತು ಕುಟುಂಬ ಕಲ್ಯಾಣ,Health and family welfare,ಕಲಬುರಗಿ ಜಿಲ್ಲೆಯ ಪ್ರಾಥಮಿಕ ಆರೋಗ್ಯ ಕೇಂದ್ರಗಳು,Primary Health Centers in Kalaburagi District,ಇಕ್ಬಾಲ್ ಅಹ್ಮದ್ ಸರಡಗಿ,Ikbal Ahmad Sadaragi
933,18/07/2016,ಆಹಾರ ಮತ್ತು ನಾಗರಿಕ ಸರಬರಾಜು,Food and Civil Supplies,ಕಲಬುರಗಿ ಜಿಲ್ಲೆಯ ಬಿ.ಪಿ.ಎಲ್. ಕಾರ್ಡಗಳ ಸಂಬಂಧಿಸಿದಂತೆ,B.L.L. With regard to cards,ಇಕ್ಬಾಲ್ ಅಹ್ಮದ್ ಸರಡಗಿ,Ikbal Ahmad Sadaragi
934,18/07/2016,ಆರೋಗ್ಯ ಮತ್ತು ಕುಟುಂಬ ಕಲ್ಯಾಣ,Health and family welfare,"ಎನ್,ಎ,ಬಿ,ಹೆಚ್ ಪ್ರಮಾಣ ಪತ್ರದ ಬಗ್ಗೆ","About N, A, B, H.",ರಾಮಚಂದ್ರಗೌಡ,Ramachandra Gowda
935,18/07/2016,ಆರೋಗ್ಯ ಮತ್ತು ಕುಟುಂಬ ಕಲ್ಯಾಣ,Health and family welfare,ರೋಗ ಪತ್ತೆಯಚ್ಚುವ ಕಿಟ್ ಬಗ್ಗೆ,About the disinfection kit,ರಾಮಚಂದ್ರಗೌಡ,Ramachandra Gowda
936,18/07/2016,ಆರೋಗ್ಯ ಮತ್ತು ಕುಟುಂಬ ಕಲ್ಯಾಣ,Health and family welfare,ಇ-ಸಿಗರೇಟ್ ಮಾರಾಟ ನಿಷೇದ ಕುರಿತು,About e-cigarette sales ban,ರಾಮಚಂದ್ರಗೌಡ,Ramachandra Gowda
937,18/07/2016,ಆರೋಗ್ಯ ಮತ್ತು ಕುಟುಂಬ ಕಲ್ಯಾಣ,Health and family welfare,ಔಷಧ ಇಲಾಖೆಯಲ್ಲಿ ಖಾಲಿ ಇರುವ ಹುದ್ದೆಗಳು,Vacancies in the Department of Pharmaceuticals,ರಾಮಚಂದ್ರಗೌಡ,Ramachandra Gowda
938,18/07/2016,ಆರೋಗ್ಯ ಮತ್ತು ಕುಟುಂಬ ಕಲ್ಯಾಣ,Health and family welfare,ರಾಷ್ಟ್ರೀಯ ಗ್ರಾಮೀಣ ಆರೋಗ್ಯ ಅಭಿಯಾನ ಯೋಜನೆ,National Rural Health Mission Program,ರಾಮಚಂದ್ರಗೌಡ,Ramachandra Gowda
939,18/07/2016,ಹಿಂದೂಳಿದ ವರ್ಗಗಳ ಕಲ್ಯಾಣ,Welfare of Hindus Classes,ಪರಿಶಿಷ್ಟ ಜಾತಿ ಮತ್ತು ಪಂಗಡದ ಅಧಿಕಾರಿಗಳಿಗೆ ಬಡ್ತಿಯಲ್ಲಿ ಕೈ ತಪ್ಪುತ್ತಿರುವುದರ ಬಗ್ಗೆ,About misleading the Scheduled Castes and Scheduled Tribes,ರಘುನಾಥ ರಾವ್ ಮಲ್ಕಾಪೂರೆ,Raghunath Rao Malkapore
940,18/07/2016,ಮಹಿಳಾ ಮತ್ತು ಮಕ್ಕಳ ಅಭಿವೃದ್ಧಿ,Women and Child Development,ಮಹಿಳೆ ಮತ್ತು ಮಕ್ಕಳ ಮೇಲಿನ ದೌರ್ಜನ್ಯಗಳ ಬಗ್ಗೆ,About the Violence Against Women and Child,ರಘುನಾಥ ರಾವ್ ಮಲ್ಕಾಪೂರೆ,Raghunath Rao Malkapore
941,18/07/2016,ಯೋಜನೆ ಮತ್ತು ಸಾಂಖ್ಯಿP,Plan and Sankhaki P,ಹೈದ್ರಾಬಾದ್-ಕರ್ನಾಟಕ ಪ್ರದೇಶಾಭಿವೃದ್ಧಿ ಮಂಡಳಿಯ ಅನುದಾನ,Grants from the Hyderabad-Karnataka Area Development Board,ರಘುನಾಥ ರಾವ್ ಮಲ್ಕಾಪೂರೆ,Raghunath Rao Malkapore
942,18/07/2016,ಆಹಾರ ಮತ್ತು ನಾಗರಿಕ ಸರಬರಾಜು,Food and Civil Supplies,ಅನ್ನಭಾಗ್ಯ ಹಾಗೂ ಅಂತ್ಯೋದಯ ಯೋಜನೆಗಳ ಸೌಲಭ್ಯದ ಬಗ್ಗೆ,About Annaprabha and Anthodaya Schemes,ರಘುನಾಥ ರಾವ್ ಮಲ್ಕಾಪೂರೆ,Raghunath Rao Malkapore
943,18/07/2016,ಸಮಾಜ ಕಲ್ಯಾಣ,Social Welfare,ಸಮಾಜ ಕಲ್ಯಾಣ ಇಲಾಖೆಯ ಅನುಷ್ಠಾನಗೊಳಿಸುವ ಕಾರ್ಯಕ್ರಮಗಳ ಬಗ್ಗೆ,About the implementation programs of the Social Welfare Department,ರಘುನಾಥ ರಾವ್ ಮಲ್ಕಾಪೂರೆ,Raghunath Rao Malkapore
944,18/07/2016,ಮಹಿಳಾ ಮತ್ತು ಮಕ್ಕಳ ಅಭಿವೃದ್ಧಿ,Women and Child Development,ಲಿಂಗಾನುಪಾತದ ಸಮತೋಲನ ಕಾಪಾಡುವಿಕೆ,Protection of gender equilibrium,ಉಗ್ರಪ್ಪ .ವಿ.ಎಸ್,Ugrappa VS
945,18/07/2016,ಮಹಿಳಾ ಮತ್ತು ಮಕ್ಕಳ ಅಭಿವೃದ್ಧಿ,Women and Child Development,ಲೈಂಗಿಕ ಅಲ್ಪಸಂಖ್ಯಾತರಿಗೆ ಸಾಲ ಸೌಲಭ್ಯಗಳು,Loan Facilities for Sexual Minorities,ಉಗ್ರಪ್ಪ .ವಿ.ಎಸ್,Ugrappa VS
946,18/07/2016,ಆಹಾರ ಮತ್ತು ನಾಗರಿಕ ಸರಬರಾಜು,Food and Civil Supplies,ವಿವಿಧ ಪಡಿತರ ಚೀಟಿದಾರರು ಮತ್ತು ಸೌಲಭ್ಯಗಳು,Various ration cards and facilities,ಉಗ್ರಪ್ಪ .ವಿ.ಎಸ್,Ugrappa VS
947,18/07/2016,ಆರೋಗ್ಯ ಮತ್ತು ಕುಟುಂಬ ಕಲ್ಯಾಣ,Health and family welfare,ಅಲ್ಟ್ರಾ ಸ್ಕ್ಯಾನಿಂಣ್ ಸೆಂಟರ್‌ಗಳು ಮತ್ತು ಅವುಗಳ ನಿಯಂತ್ರಣ,Ultra scanning centers and their control,ಉಗ್ರಪ್ಪ .ವಿ.ಎಸ್,Ugrappa VS
948,18/07/2016,ಆರ್ಥಕ,Economist,"ವೃದ್ಯಾಪ್ಯ ವೇತನ, ಅಂಗವಿಕಲಚೇತನ, ವಿಧವೆ ಮನಸ್ವಿ ಇನ್ನಿತರ ಯೋಜನೆಗೆ ಪಿಂಚಣಿ ಬಗ್ಗೆ","Pension for old age, disability, widow mind and other plans",ಐವಾನ್ ಡಿ ಸೋಜಾ,Ivan Disoza
949,18/07/2016,ಪ್ರವಾಸೋದ್ಯಮ,Tourism,ವಿದೇಶದಲ್ಲಿರುವ ಉದ್ದಿಮೆದಾರರಿಗೆ (ಎನ್.ಆರ್.ಐ) ಬಂಡವಾಳ ಹಣ ಹೂಡುವ ಬಗ್ಗೆ,About investing capital for foreigners (NRIs),ಐವಾನ್ ಡಿ ಸೋಜಾ,Ivan Disoza
950,18/07/2016,ಆರೋಗ್ಯ ಮತ್ತು ಕುಟುಂಬ ಕಲ್ಯಾಣ,Health and family welfare,ಪಥಮಿಕ ಆರೋಗ್ಯ ಕೇಂದ್ರ ಮತ್ತು ಆಸ್ಪತ್ರೆಗಳಲ್ಲಿ ಖಾಲಿ ಇರುವ ವೈದ್ಯರ ಸಂಖ್ಯೆ,Number of vacant doctors in primary health centers and hospitals,ಐವಾನ್ ಡಿ ಸೋಜಾ,Ivan Disoza
951,18/07/2016,ಆಹಾರ ಮತ್ತು ನಾಗರಿಕ ಸರಬರಾಜು,Food and Civil Supplies,ರಾಜ್ಯದಲ್ಲಿರುವ ಒಟ್ಟು ಬಿ.ಪಿ.ಎಲ್. ಮತ್ತು ಎ.ಪಿ.ಎಲ್. ಅಂತೋದಂii ಕಾರ್ಡದಾರರ ಬಗ್ಗೆ,Total BPL in the State And APL. About Anand ii Cardholder,ಐವಾನ್ ಡಿ ಸೋಜಾ,Ivan Disoza
952,18/07/2016,ಯೋಜನೆ ಮತ್ತು ಸಾಂಖ್ಯಿಕ,Plan and Numerical,೨೦೧೫-೧೬ ಮತ್ತು ೨೦೧೬-೧೭ರಲ್ಲಿ ಮಲೆನಾಡು ಅಭಿವೃದ್ಧಿ ಮಂಡಳಿಗೆ ಬಿಡುಗಡೆ ಮಾಡಿದ ಅನುದಾನ ಬಗ್ಗೆ,About the grant released to the Malnad Development Board in 2015-16 and 2016-17,ಐವಾನ್ ಡಿ ಸೋಜಾ,Ivan Disoza
953,18/07/2016,ಆರೋಗ್ಯ ಮತ್ತು ಕುಟುಂಬ ಕಲ್ಯಾಣ,Health and family welfare,"ರಾಜ್ಯದಲ್ಲಿ ಕೇಂದ್ರ ಸರ್ಕಾರದ ""ಜನೌಷಧಿ"" ಯೋಜನೆ ಅನುಷ್ಠಾನ","Implementation of Central Government's ""Janardhana"" Scheme in State",ಕ್ಯಾಪ್ಟನ್ ಗಣೇಶ್ ಕಾರ್ಣಿಕ್,Capt. Ganesh Karnik
954,18/07/2016,ಕನ್ನಡ ಮತ್ತು ಸಂಸ್ಕೃತಿ,Kannada and culture,ಸಬಲ ಕಾರ್ಯಕ್ರಮದ ಅನುಷ್ಠಾನ,Implementation of the effective program,ಕ್ಯಾಪ್ಟನ್ ಗಣೇಶ್ ಕಾರ್ಣಿಕ್,Capt. Ganesh Karnik
955,18/07/2016,ವೈದ್ಯಕೀಯ ಶಿಕ್ಷಣ,Medical education,ರಾಜ್ಯದ ಮೆಡಿಕಲ್ ಕಾಲೇಜುಗಳಲ್ಲಿ ಲಭ್ಯವಿರುವ ಪ್ರವೇಶಾತಿ ಕುರಿತು,About Access to State Medical Colleges,ಕ್ಯಾಪ್ಟನ್ ಗಣೇಶ್ ಕಾರ್ಣಿಕ್,Capt. Ganesh Karnik
956,18/07/2016,ಸಮಾಜ ಕಲ್ಯಾಣ,Social Welfare,ಸಮಾಜ ಕಲ್ಯಾಣ ಇಲಾಖೆಯ ವಸತಿ ಶಾಲೆಗಳ ಸೌಲಭ್ಯದ ಕುರಿತು,About Social Welfare Department's Housing Schools,ಕ್ಯಾಪ್ಟನ್ ಗಣೇಶ್ ಕಾರ್ಣಿಕ್,Capt. Ganesh Karnik
957,18/07/2016,ಸಮಾಜ ಕಲ್ಯಾಣ,Social Welfare,ವಸತಿ ಶಾಲೆಗಳ ಶೈಕ್ಷಣಿಕ ಆಡಳಿತ ವ್ಯವಸ್ಥೆ ಬಗ್ಗೆ,About Educational Schools of Housing Schools,ಕ್ಯಾಪ್ಟನ್ ಗಣೇಶ್ ಕಾರ್ಣಿಕ್,Capt. Ganesh Karnik
958,18/07/2016,ಮಹಿಳಾ ಮತ್ತು ಮಕ್ಕಳ ಅಭಿವೃದ್ಧಿ,Women and Child Development,ಕೌಟುಂಬಿಕ ಕಲಹಗಳಿಂದ ನೊಂದ ಮಹಿಳೆಯರ ಸಾಂತ್ವನದ ಬಗ್ಗೆ,About the comfort of women who are suffering from family strife,ಕವಟಗಿಮಠ ಮಹಂತೇಶ ಮಲ್ಲಿಕಾರ್ಜುನ,Kavatimata Mahantesha Mallikarjuna
959,18/07/2016,ಆರೋಗ್ಯ ಮತ್ತು ಕುಟುಂಬ ಕಲ್ಯಾಣ,Health and family welfare,ಸರ್ಕಾರಿ ಆಸತ್ರೆಗಳ ಶೌಚಾಲಯ ಮತ್ತು ಆವರಣಗಳ ಸ್ವಚ್ಚತೆಯ ಬಗ್ಗೆ,About the sanitary facilities of the toilets and campuses,ಕವಟಗಿಮಠ ಮಹಂತೇಶ ಮಲ್ಲಿಕಾರ್ಜುನ,Kavatimata Mahantesha Mallikarjuna
960,18/07/2016,ಪ್ರವಾಸೋದ್ಯಮ,Tourism,ಉತ್ತರ ಕರ್ನಾಟಕ ಪ್ರವಾಸಿ ತಾಣಗಳಿಗೆ ಮೂಲ ಸೌಕರ್ಯ ಒದಗಿಸುವ ಕುರಿತು,About providing basic infrastructure for North Karnataka tourist destinations,ಕವಟಗಿಮಠ ಮಹಂತೇಶ ಮಲ್ಲಿಕಾರ್ಜುನ,Kavatimata Mahantesha Mallikarjuna
961,18/07/2016,ವೈದ್ಯಕೀಯ ಶಿಕ್ಷಣ,Medical education,ರಾಜ್ಯದಲ್ಲಿ ವದ್ಯಕೀಯ ಕಾಲೇಜುಗಳ ಸ್ಥಾಪನೆ ಬಗ್ಗೆ,About the establishment of professional colleges in the state,ಕವಟಗಿಮಠ ಮಹಂತೇಶ ಮಲ್ಲಿಕಾರ್ಜುನ,Kavatimata Mahantesha Mallikarjuna
962,18/07/2016,ಆರೋಗ್ಯ ಮತ್ತು ಕುಟುಂಬ ಕಲ್ಯಾಣ,Health and family welfare,ತುರ್ತು ಆರೋಗ್ಯ ಸೇವೆಯ ಆಂಬ್ಯುಲೆನ್ಸ್‌ಗಳ ನಿರ್ವಹಣೆ ಬಗ್ಗೆ,About the management of emergency health service ambulances,ಕವಟಗಿಮಠ ಮಹಂತೇಶ ಮಲ್ಲಿಕಾರ್ಜುನ,Kavatimata Mahantesha Mallikarjuna
963,18/07/2016,ಪ್ರವಾಸೋದ್ಯಮ,Tourism,ತುಮಕೂರು ಜಿಲ್ಲೆಗೆ ಪ್ರವಾಸೋದ್ಯಮ ಇಲಾಖೆಯಿಂದ ಮಂಜೂರಾಗಿರುವ ಅನುದಾನ,Grants granted by the Tourism Department to Tumkur District,ಕಾಂತರಾಜು,Kantaraju
964,18/07/2016,ಆಹಾರ ಮತ್ತು ನಾಗರಿಕ ಸರಬರಾಜು,Food and Civil Supplies,ಬಿ.ಪಿ.ಎಲ್. ಕಾರ್ಡ್‌ಗಳ ವಿತರಣೆ ಬಗ್ಗೆ,BPL About the distribution of cards,ಕಾಂತರಾಜು,Kantaraju
965,18/07/2016,ಆರೋಗ್ಯ ಮತ್ತು ಕುಟುಂಬ ಕಲ್ಯಾಣ,Health and family welfare,ಸಾಂಕ್ರಾಮಿಕ ರೋಗಗಳು ಹರಡುತ್ತಿರುವ ಬಗ್ಗೆ,About spreading epidemics,ಕಾಂತರಾಜು,Kantaraju
966,18/07/2016,ಆರೋಗ್ಯ ಮತ್ತು ಕುಟುಂಬ ಕಲ್ಯಣ,Health and Family Wellness,ಔಷಧಿ ಖರೀದಿ ಅಕ್ರಮದ ಆರೋಪದ ಕುರಿತು,About drug abuse illegality,ಕಟ ಶ್ರೀನಿವಾಸ ಪೂಜಾರಿ,Kota Srinivasa Pujari
967,18/07/2016,ಆರೋಗ್ಯ ಮತ್ತು ಕುಟುಂಬ ಕಲ್ಯಾಣ,Health and family welfare,ಆರೋಗ್ಯ ಇಲಾಖೆಯಲ್ಲಿ ಆಹಾರ ಸುರಕ್ಷಿತಾ ಕಾಯ್ದೆ ಅನುಷ್ಠಾನ,Implementation of the Food Safety Act in the Health Department,ಕೋಟ ಶ್ರೀನಿವಾಸ ಪೂಜಾರಿ,Kota Srinivasa Pujari
968,18/07/2016,ಆರೋಗ್ಯ ಮತ್ತು ಕುಟುಂಬ ಕಲ್ಯಾಣ,Health and family welfare,ಆರೋಗ ಇಲಾಖೆಯಲ್ಲಿನ ಆಹಾರ ಸುರಕ್ಷತಾ ವಿಭಾಗದಲ್ಲಿ ಅಂಕಿತಾಧಿಕಾರಿಗಳ ನೇಮಕದ ಬಗ್ಗೆ,Appointment of Appointments in the Food Safety Division of the Department of Arrangements,ಕೋಟ ಶ್ರೀನಿವಾಸ ಪೂಜಾರಿ,Kota Srinivasa Pujari
969,18/07/2016,ಪ್ರವಾಸೋದ್ಯಮ,Tourism,ಕುಂದಾಪುರ ತಾಲ್ಲೂಕು ಬಬ್ಬುಕುದ್ರು ಪ್ರವಾಸಿತಾಣದ ತೂಗು ಸೇತುವೆ ನಿರ್ಮಾಣದ ಬಗ್ಗೆ,About the construction of the Hanging Bridge in Kundapur taluk Babbukudu,ಕೋಟ ಶ್ರೀನಿವಾಸ ಪೂಜಾರಿ,Kota Srinivasa Pujari
970,18/07/2016,ಆರೋಗ್ಯ ಮತ್ತು ಕುಟುಂಬ ಕಲ್ಯಾಣ,Health and family welfare,"ಎಚ್೧ಎನ್೧, ಡೆಂಗ್ಯೂ, ಚಿಕನ್‌ಗುನ್ಯ, ಸಾಂಕ್ರಾಮಿಕ ರೋಗ ಹೆಚ್ಚಳವಾಗಿರುವ ಬಗ್ಗೆ","H1N1, dengue, chikungunya, an increased risk of infectious disease",ಕೋಟ ಶ್ರೀನಿವಾಸ ಪೂಜಾರಿ,Kota Srinivasa Pujari
971,18/07/2016,ಆರೋಗ್ಯ ಮತ್ತು ಕುಟುಂಬ ಕಲ್ಯಣ,Health and Family Wellness,ಡಾ: ಎ. ರಾಮಚಂದ್ರ ಭೈರಿ ಹಾಗೂ ಶ್ರೀಮತಿ ಕೆ.ನೀಲಾ ಇವರ ನೇತೃತ್ವದಲ್ಲಿ ಸಲ್ಲಿಸಲಾಗಿರುವ ವರದಿಯಲ್ಲಿನ ಶಿಫಾರಸ್ಸುಗಳನ್ನು ಅನುಷ್ಠಾನಗೊಳಿಸುವ ಬಗ್ಗೆ,Dr.A. Implementation of recommendations in the Report submitted by Ramachandra Bhairi and Mrs. K. Nila,ತಾರಾಅನೂರಾಧ,Tara Anuradha
972,18/07/2016,ಮಹಿಳಾ ಮತ್ತು ಮಕ್ಕಳ ಅಭಿವೃದ್ಧಿ,Women and Child Development,ಅಂಗನವಾಡಿ ಕೇಂದ್ರಕ್ಕೆ ಮೂಲಭೂತ ಸೌಕರ್ಯ,Infrastructure for Anganwadi Center,ತಾರಾಅನೂರಾಧ,Tara Anuradha
973,18/07/2016,ಆರೋಗ್ಯ ಮತ್ತು ಕುಟುಂಬ ಕಲ್ಯಾಣ,Health and family welfare,"ಉತ್ತರ ಕ್ಕನ್ನಡ ಜಿಲ್ಲೆಯಲ್ಲಿ ಸರ್ಕಾರಿ ಆಸ್ಪತ್ರೆಯಲ್ಲಿ ""ವೆಂಟಿಲೇಟರ್"" ಕೊರತೆ ಬಗೆ","The ""ventilator"" deficit in a government hospital in North Kinnada district",ಘೋಟ್ನೆಕರ ಶ್ರೀಕಾಂತ ಲಕ್ಷ್ಮಣ,Ghotnekara Srikanta Lakshmana
974,18/07/2016,ಮಹಿಳಾ ಮತ್ತು ಮಕ್ಕಳ ಅಭಿವೃದ್ಧಿ,Women and Child Development,ಶಿಶು ಅಭಿವೃದ್ಧಿ ಇಲಾಖೆ ಅಡಿ ಬರುವ ಎಮ್.ಎಸ್.ಪಿ.ಟಿ.ಸಿ. ಸಂಸ್ಥೆಯಲ್ಲಿ ಪೂರೈಕೆಯಲ್ಲಿ ಆಗಿರುವ ಅವ್ಯವಹಾರಗಳ ಬಗ್ಗೆ,MSPTC coming under the Department of Infant Development About the disadvantages of supply in the organization,ಘೋಟ್ನೆಕರ ಶ್ರೀಕಾಂತ ಲಕ್ಷ್ಮಣ,Ghotnekara Srikanta Lakshmana
975,18/07/2016,ಸಮಾಜ ಕಲ್ಯಾಣ,Social Welfare,ಕುಣಬಿ ಜನಾಂಗದವರನ್ನು ಪರಿಶಿಷ್ಟ ಪಂಗಡಕ್ಕೆ ಸೇರಿಸುವ ಬಗ್ಗೆ,About adding to the Scheduled Tribes,ಘೋಟ್ನೆಕರ ಶ್ರೀಕಾಂತ ಲಕ್ಷ್ಮಣ,Ghotnekara Srikanta Lakshmana
976,18/07/2016,ಸಮಾಜ ಕಲ್ಯಾಣ,Social Welfare,ಕ್ರೈಸ್ ಶಿಕ್ಷಕರಿಗೆ ನೇಮಕಾತಿ ಆದೇಶ ಹೊರಡಿಸುವ ಬಗ್ಗೆ,Ordering Appointment for Cries Teachers,ಚೌಡರೆಡ್ಡಿ ತೂಪಲ್ಲಿ .ಆರ್,Chowdareddy Tupalli R
977,18/07/2016,ಮಾಹಿತಿ ತಂತ್ರಜ್ಞಾ,Information technology,ಕೆ.ಎಸ್.ಟಿ.ಡಿ.ಸಿ. ಕಾಲ್ ಸೆಂಟರ್‌ನಿಂದ ಆದ ನಷ್ಟದ ಬಗ್ಗೆ,KSDDC The loss of the call center,ಚೌಡರೆಡ್ಡಿ ತೂಪಲ್ಲಿ .ಆರ್,Chowdareddy Tupalli R
978,18/07/2016,ಮಾಹಿತಿ ತಂತ್ರಜ್ಞಾ,Information technology,ಕಿಯೋನಿಕ್ಸ ನಿಗಮದ ಕೇಂದ್ರ ಕಛೇರಿ ಸ್ಥಳಾಂತರಿಸುವ ಬಗ್ಗೆ,About the transfer of the headquarters of the Keoniks Corporation,ಚೌಡರೆಡ್ಡಿ ತೂಪಲ್ಲಿ .ಆರ್,Chowdareddy Tupalli R
979,18/07/2016,ಮಹಿಳಾ ಮತ್ತು ಮಕ್ಕಳ ಅಭಿವೃದ್ಧಿ,Women and Child Development,ಸ್ತ್ರಿ ಸ್ವ ಸಹಾಯ ಸಂಘದ ಬಗ್ಗೆ,About the Self Help Society,ಚೌಡರೆಡ್ಡಿ ತೂಪಲ್ಲಿ .ಆರ್,Chowdareddy Tupalli R
980,18/07/2016,ವಿಕಲಚೇತನರು,Disabilities,ಅಂಗವಿಕಲರಿಗೆ ಸೌಲಭ್ಯಗಳು,Facilities for disabled people,ಧರ್ಮಸೇನ .ಆರ್,Dharmasena R
981,18/07/2016,ಹಿಂದೂಳಿದ ವರ್ಗಗಳ ಕಲ್ಯಾಣ,Welfare of Hindus Classes,ಪರಿಶಿಷ್ಟ ಜಾತಿ ಮತ್ತು ಪಂಗಡಗಳ ಅಭಿವೃದ್ಧಿ,Development of scheduled castes and tribes,ಧರ್ಮಸೇನ .ಆರ್,Dharmasena R
982,18/07/2016,ಆರೋಗ್ಯ ಮತ್ತು ಕುಟುಂಬ ಕಲ್ಯಾಣ,Health and family welfare,ಸರ್ಕಾರಿ ಆಸ್ಪತ್ರೆಗಳಲ್ಲಿ ಸೌಲಭ್ಯಗಳು,Facilities in Government Hospitals,ಧರ್ಮಸೇನ .ಆರ್,Dharmasena R
983,18/07/2016,ಪ್ರವಾಸೋದ್ಯಮ,Tourism,ಕಬ್ಬನ್ ಪಾರ್ಕಿನಲ್ಲಿ ಪ್ರವಾಸೋದ್ಯಮ ಇಲಾಖೆಯಿಂದ ರೆಸ್ಟೋರೆಂಟ್ ಮಾಡುವ ಬಗ್ಗೆ,About restauranting from the Tourism Department at Cubbon Park,ಧರ್ಮಸೇನ .ಆರ್,Dharmasena R
984,21/11/2016,ವೈದ್ಯಕೀಯ ಶಿಕ್ಷಣ,Medical education,ರಾಜೀವ್‌ಗಾಂಧಿ ಆರೋಗ್ಯ ವಿಶ್ವವಿದ್ಯಾಲಯದ ಜಮೀನಿನ ಬಗೆ,Land of Rajiv Gandhi Health University,ಸಯದ್ ಮುಧೀರ್ ಅಗಾ,Syed Madir Aga
985,21/11/2016,ಆಹಾರ ಮತ್ತು ನಾಗರಿಕ ಸರಬರಾಜು,Food and Civil Supplies,ಬಿ.ಪಿ.ಎಲ್ ಹಾಗೂ ಎ.ಪಿ.ಎಲ್ ಪಡಿತರ ಚೀಟಿ ಬಗ್ಗೆ,About BPL and APL Ration Card,ಸಯದ್ ಮುಧೀರ್ ಅಗಾ,Syed Madir Aga
986,21/11/2016,ಸಮಾಜ ಕಲ್ಯಾಣ,Social Welfare,ರಾಜ್ಯದಲ್ಲಿರುವ ಮೊರಾರ್ಜಿ ದೇಸಾಯಿ ಮತ್ತು ಕಿತ್ತೂರು ರಾಣಿ ಚೆನ್ನಮ್ಮ ವಸತಿ ಶಾಲೆಗಳ ಬಗ್ಗೆ,About Morarji Desai and Kittur Rani Chennamma Housing Schools in the State,ಸಯದ್ ಮುಧೀರ್ ಅಗಾ,Syed Madir Aga
987,21/11/2016,ಜೈವಿಕ ತಂತ್ರಜ್ಞಾನ,Biotechnology,ಪ್ರಾದೇಶಿಕ ಹಾಗೂ ಜಿಲ್ಲಾ ಉಪ ಪ್ರಾದೇಶಿಕ ವಿಜ್ಞಾನ ಕೇಂದ್ರಗಳ ಹಾಗೂ ಪ್ಲಾನಿಟೋರಿಯಮ್‌ಗಳ ಕುರಿತು,Regional and District Sub-Regional Science Centers and Planitariums,ಸಂಕನೂರ .ಎಸ್.ವ್ಹಿ,Sankanura S V
988,21/11/2016,ಆರೋಗ್ಯ ಮತ್ತು ಕುಟುಂಬ ಕಲ್ಯಾಣ,Health and family welfare,"ರಾಜ್ಯದಲ್ಲಿ ಚಿಕೂನ್‌ಗುನ್ಯಾ, ಡೆಂಗ್ಯೂ ಮತ್ತು ಹಕ್ಕಿಜ್ವರ ಹಾವಳಿ","Chikungunya, Dengue and Hakiraj are the tragedy in the state",ಸಮಣ್ಣ ಮ ಬೇವಿನಮರದ,Samanna Ma Bevinamara
989,21/11/2016,ಮಹಿಳಾ ಮತ್ತು ಮಕ್ಕಳ ಅಭಿವೃದ್ಧಿ,Women and Child Development,ಅಪೌಷ್ಠಿಕ ಮಕ್ಕಳ ವೈದ್ಯಕೀಯ ವೆಚ್ಚ ಭರಿಸುವ ಬಾಲಸಂಜೀವಿನಿ ಯೋಜನೆ ಬಗ್ಗೆ,"About the Balasanjivini Project, which covers the medical cost of malnourished children",ಸಮಣ್ಣ ಮ ಬೇವಿನಮರದ,Samanna Ma Bevinamara
990,21/11/2016,ಹಿಂದುಳಿದ ವರ್ಗಗಳ ಕಲ್ಯಾಣ,Welfare of Backward Classes,೨೦೧೩-೧೪ ರಿಂದ ಹಾವೇರಿ ಜಿಲ್ಲೆಯಲ್ಲಿ ವಿವಿಧ ಯೋಜನೆಗಳಡಿಯಲ್ಲಿ ಕೊರೆದ ಕೊಳವೆ ಬಾವಿಗಳ ಬಗ್ಗೆ,From the 2013-14 season on the sewage wells under various schemes in Haveri district,ಸಮಣ್ಣ ಮ ಬೇವಿನಮರದ,Samanna Ma Bevinamara
991,21/11/2016,ಆಹಾರ ಮತ್ತು ನಾಗರಿಕ ಸರಬರಾಜು,Food and Civil Supplies,ಪಡಿತರ ವಸ್ತು ವಿತರಣೆ ಕೂಪನ್ ವ್ಯವಸ್ಥೆಯಲ್ಲಿ ದೋ?ವಿರುವ ಬಗ್ಗೆ,About Doing in the Ration Supply Coupon System,ಸಮಣ್ಣ ಮ ಬೇವಿನಮರದ,Samanna Ma Bevinamara
992,21/11/2016,ಮಹಿಳಾ ಮತ್ತು ಮಕ್ಕಳ ಅಭಿವೃದ್ಧಿ,Women and Child Development,ರಾಜ್ಯದ ಅಂಗನವಾಡಿ ಕೇಂದ್ರಗಳಿಗೆ ಪೂರಕ ಪೌಷ್ಠಿಕ ಆಹಾರ ಒದಗಿಸುವ ಬಗ್ಗೆ,Providing supplementary nutritional supplements to state anganwadi centers,ಸಮಣ್ಣ ಮ ಬೇವಿನಮರದ,Samanna Ma Bevinamara
993,21/11/2016,ಆರೋಗ್ಯ ಮತ್ತು ಕುಟುಂಬ ಕಲ್ಯಾಣ,Health and family welfare,ರಾಜ್ಯದಲ್ಲಿರುವ ಡಯಾಲಿಸಿಸ್ ಕೇಂದ್ರಗಳ ಕುರಿತು,About dialysis centers in the state,ಸೋಮಣ್ಣ .ವಿ,Somanna V
994,21/11/2016,ಮಹಿಳಾ ಮತ್ತು ಮಕ್ಕಳ ಅಭಿವೃದ್ಧಿ,Women and Child Development,ಬಾಲ್ಯ ವಿವಾಹ ಪದ್ಧತಿಯನ್ನು ತಡೆಯುವ ಬಗ್ಗೆ,About preventing child marriage,ಸೋಮಣ್ಣ .ವಿ,Somanna V
995,21/11/2016,ಹಿಂದುಳಿದ ವರ್ಗಗಳ ಕಲ್ಯಾಣ,Welfare of Backward Classes,ಅಂರ್ತಜಾತಿ ವಿವಾಹಕ್ಕೆ ನೀಡಲಾಗುವ ಪ್ರೋತ್ಸಾಹ ಧನದ ಕುರಿತು,Concerned about the incentives for the marriage of an alien marriage,ನಾರಾಯಣಸ್ವಾಮಿ .ಎಂ,Narayanaswamy M
996,21/11/2016,ಮಹಿಳಾ ಮತ್ತು ಮಕ್ಕಳ ಅಭಿವೃದ್ಧಿ,Women and Child Development,ಬೆಂಗಳೂರು ಜಿಲ್ಲೆಯ ವ್ಯಾಪ್ತಿಯ ಅಂಗನವಾಡಿ ಕೇಂದ್ರಗಳ ಕುರಿತು,About Anganwadi Centers in Bangalore District,ನಾರಾಯಣಸ್ವಾಮಿ .ಎಂ,Narayanaswamy M
997,21/11/2016,ಆರೋಗ್ಯ ಮತ್ತು ಕುಟುಂಬ ಕಲ್ಯಾಣ,Health and family welfare,ಬೆಂಗಳೂರು ಜಿಲ್ಲಾ ವ್ಯಾಪ್ತಿಯ ಸರ್ಕಾರಿ ಆಸ್ಪತ್ರೆಗಳ ಕುರಿತು,About Government hospitals in Bangalore District,ನಾರಾಯಣಸ್ವಾಮಿ .ಎಂ,Narayanaswamy M
998,21/11/2016,ಆರೋಗ್ಯ ಮತ್ತು ಕುಟುಂಬ ಕಲ್ಯಾಣ,Health and family welfare,ಸರ್ಕಾರಿ ಆಸ್ಪತ್ರೆಗಳಲ್ಲಿ ವೈದ್ಯರ ಕೊರತೆಯ ಬಗ್ಗೆ,About Doctor Shortage in Government Hospitals,ನಾರಾಯಣಸ್ವಾಮಿ .ಕೆ.ವಿ,Narayanaswamy K V
999,21/11/2016,ಸಮಾಜ ಕಲ್ಯಾಣ,Social Welfare,ಸಮಾಜ ಕಲ್ಯಾಣ ಇಲಾಖೆಯ ವಸತಿ ನಿಲಯಗಳ ಅವ್ಯವಸ್ಥೆಯ ಬಗ್ಗೆ,The disaster of the Social Welfare Department's hostels,ನಾರಾಯಣಸ್ವಾಮಿ .ಕೆ.ವಿ,Narayanaswamy K V
1000,21/11/2016,ಮಹಿಳಾ ಮತ್ತು ಮಕ್ಕಳ ಅಭಿವೃದ್ಧಿ,Women and Child Development,ಅಂಗನವಾಡಿ ಮಕ್ಕಳ ಆಹಾರ ಪೂರೈಕೆಯಲ್ಲಿ ಅವ್ಯವಹಾರ,Disorder in Anganwadi Children's Food Supplies,ನಾರಾಯಣಸ್ವಾಮಿ .ಕೆ.ವಿ,Narayanaswamy K V
1001,21/11/2016,ವಸತಿ,Housing,ಮೈಸೂರು-ಚಾಮರಾಜನಗರ ಜಿಲ್ಲೆಗಳ ವಸತಿ ಗೃಹಗಳ ಬಗ್ಗೆ,About Housing Houses of Mysore-Chamarajanagar Districts,ನಾಗರಾಜು .ಎಸ್,Nagaraja S
1002,21/11/2016,ಮಹಿಳಾ ಮತ್ತು ಮಕ್ಕಳ ಅಭಿವೃದ್ಧಿ,Women and Child Development,ಮೈಸೂರು-ಚಾಮರಾಜನಗರ ಜಿಲ್ಲೆಗಳಲ್ಲಿ ಅಂಗನವಾಡಿ ಕೇಂದ್ರಗಳಿಗೆ ಕಟ್ಟಡ ಒದಗಿಸುವ ಬಗ್ಗೆ,Building of Anganwadi Centers in Mysore-Chamarajanagar Districts,ನಾಗರಾಜು .ಎಸ್,Nagaraja S
1003,21/11/2016,ಆರೋಗ್ಯ ಮತ್ತು ಕುಟುಂಬ ಕಲ್ಯಾಣ,Health and family welfare,ಮೈಸೂರು-ಚಾಮರಾಜನಗರ ಜಿಲ್ಲೆಗಳ ಆರೋಗ್ಯ ಕೇಂದ್ರಗಳಲ್ಲಿ ವೈದ್ಯರ ಕೊರತೆ ಬಗ್ಗೆ,The lack of doctors in Mysore-Chamarajanagar district health centers,ಪ್ರದೀಪ್ ಶೆಟ್ಟರ್,Pradeep Shettar
1004,21/11/2016,ಕನ್ನಡ ಮತ್ತು ಸಂಸ್ಕೃತಿ,Kannada and culture,ಕಲಾವಿದರಿಗೆ ನೀಡುತ್ತಿರುವ ಮಾಶಾಸನ ಕುರಿತು,About the masseas that give artists,ಪ್ರದೀಪ್ ಶೆಟ್ಟರ್,Pradeep Shettar
1005,21/11/2016,ಸಾಂಖ್ಯಿಕ ಹಾಗೂ ವಿಜ್ಞಾನ,Numerical and science,ವಿಜ್ಞಾನ ಕೇಂದ್ರಗಳ ಕುರಿತು,About Science Centers,ಪ್ರದೀಪ್ ಶೆಟ್ಟರ್,Pradeep Shettar
1006,21/11/2016,ಮಹಿಳಾ ಮತ್ತು ಮಕ್ಕಳ ಅಭಿವೃದ್ಧಿ,Women and Child Development,ಸ್ತ್ರೀ ಸ್ವ-ಸಹಾಯ ಸಂಘಗಳ ಕುರಿತು,About Female Self-Help Societies,ಪ್ರದೀಪ್ ಶೆಟ್ಟರ್,Pradeep Shettar
1007,21/11/2016,ಆಹಾರ ಮತ್ತು ನಾಗರಿಕ ಸರಬರಾಜು,Food and Civil Supplies,"ಎ.ಪಿ.ಎಲ್, ಬಿ.ಪಿ.ಎಲ್ ಹಾಗೂ ಅಂತ್ಯೋದಯ ಕಾರ್ಡ್‌ಗಳ ಕುರಿತು","About APL, BPL and Anthony Card",ಪ್ರದೀಪ್ ಶೆಟ್ಟರ್,Pradeep Shettar
1008,21/11/2016,ಹಿಂದುಳಿದ ವರ್ಗಗಳ ಕಲ್ಯಾಣ,Welfare of Backward Classes,ಪರಿಶಿ? ಜಾತಿ ಮತು ಪರಿಶಿ ? ಪಂಗಡದವರಿಗೆ ನೀಡುತ್ತಿರುವ ಸೌಲಭ್ಯಗಳ ಕುರಿತು,The survey? Caste and Survey? About the facilities offered to the tribes,ಪ್ರದೀಪ್ ಶೆಟ್ಟರ್,Pradeep Shettar
1009,21/11/2016,ಸಮಾಜ ಕಲ್ಯಾಣ,Social Welfare,ವಸತಿ ಶಾಲೆ ಹಾಸ್ಟೆಲ್ ಆಹಾರ ಖರೀದಿಯಲ್ಲಿ ಭಾರಿ ಆಕ್ರಮ ಕುರಿತು,Housing School Hostel is a massive attack on food purchases,ಪ್ರಾಣೇಶ್ .ಎಂ.ಕೆ,Pranesha M K
1010,21/11/2016,ಆಹಾರ ಮತ್ತು ನಾಗರಿಕ ಸರಬರಾಜು,Food and Civil Supplies,ಪಡಿತರ ವಿತರಣೆ ಬಗ್ಗೆ,About Ration Distribution,ಪ್ರತಾಪಚಂದ್ರ ಶೆಟ್ಟಿ .ಕೆ,Pratapachandra Shetty K
1011,21/11/2016,ಮಹಿಳಾ ಮತ್ತು ಮಕ್ಕಳ ಅಭಿವೃದ್ಧಿ,Women and Child Development,ಅಂಗನವಾಡಿಯ ಮೂಲಭೂತ ಅವಶ್ಯಕತೆ ಮತ್ತು ಕಾರ್ಯಕರ್ತೆಯರ ಸೌಲಭ್ಯದ ಬಗ್ಗೆ,Basic requirement of Anganwadi and the activist's facility,ಪ್ರತಾಪಚಂದ್ರ ಶೆಟ್ಟಿ .ಕೆ,Pratapachandra Shetty K
1012,21/11/2016,ಆರೋಗ್ಯ ಮತ್ತು ಕುಟುಂಬ ಕಲ್ಯಾಣ,Health and family welfare,೧೦೮ ವಾಹನ ಸೇವೆ ಸೌಲಭ್ಯಗಳ ಬಗ್ಗೆ,About 108 Vehicle Service Provisions,ಪ್ರತಾಪಚಂದ್ರ ಶೆಟ್ಟಿ .ಕೆ,Pratapachandra Shetty K
1013,21/11/2016,ಆರೋಗ್ಯ ಮತ್ತು ಕುಟುಂಬ ಕಲ್ಯಾಣ,Health and family welfare,ಉಡುಪಿ ಜಿಲ್ಲೆ ಪ್ರಾಥಮಿಕ ಆರೋಗ್ಯ ಕೇಂದ್ರಕ್ಕೆ ಮಂಜೂರಾದ ಹುದ್ದೆ,Udupi District sanctioned to the Primary Health Center,ಪ್ರತಾಪಚಂದ್ರ ಶೆಟ್ಟಿ .ಕೆ,Pratapachandra Shetty K
1014,21/11/2016,ಮಹಿಳಾ ಮತ್ತು ಮಕ್ಕಳ ಅಭಿವೃದ್ಧಿ,Women and Child Development,ಎಂಡೋಸಲ್ಪಾನ್ ಪೀಡಿತ ವಿಕಲಚೇತನರ ಬಗ್ಗೆ,About Endosulfan Afflicted Persons,ಪ್ರತಾಪಚಂದ್ರ ಶೆಟ್ಟಿ .ಕೆ,Pratapachandra Shetty K
1015,21/11/2016,ಹಿಂದುಳಿದ ವರ್ಗಗಳ ಕಲ್ಯಾಣ,Welfare of Backward Classes,ಗಂಗಾ ಕಲ್ಯಾಣ ಯೋಜನೆಯಡಿಯ ಕಾಮಗಾರಿಗಳ ಕುರಿತು,About the works of the Ganga Kalyana Project,ಶರವಣ .ಟಿ.ಎ,Sharavana T A
1016,21/11/2016,ಆರೋಗ್ಯ ಮತ್ತು ಕುಟುಂಬ ಕಲ್ಯಾಣ,Health and family welfare,ಬೀದರ್ ಜಿಲ್ಲೆಯ ಆಸ್ಪತ್ರೆಯಲ್ಲಿ ವೈದ್ಯರು ಮತ್ತು ಸಿಬ್ಬಂದಿ ಕೊರತೆ ಬಗ್ಗೆ,About doctors and staff in the Bidar district hospital,ವಿಜಯ್ ಸಿಂಗ್,Vijay Singh
1017,21/11/2016,ಸಮಾಜ ಕಲ್ಯಾಣ,Social Welfare,ಬೀದರ್ ಜಿಲ್ಲೆಯ ಮಹಿಳಾ ವಿದ್ಯಾರ್ಥಿ ನಿಲಯಗಳಿಗೆ ಭದ್ರತೆ ಒದಗಿಸುವ ಬಗ್ಗೆ,About providing security to women's hostels in Bidar district,ವಿಜಯ್ ಸಿಂಗ್,Vijay Singh
1018,21/11/2016,ಸಮಾಜ ಕಲ್ಯಾಣ,Social Welfare,ಬೀದರ್ ಜಿಲ್ಲೆಯಲ್ಲಿ ಸಮುದಾಯ ಭವನಗಳ ಬಗ್ಗೆ,About community halls in Bidar district,ವಿಜಯ್ ಸಿಂಗ್,Vijay Singh
1019,21/11/2016,ಮಹಿಳಾ ಮತ್ತು ಮಕ್ಕಳ ಅಭಿವೃದ್ಧಿ,Women and Child Development,ಬೀದರ್ ಜಿಲ್ಲೆಯ ಅಂಗನವಾಡಿ ಕೇಂದ್ರಗಳ ಬಗ್ಗೆ,About Anganwadi Centers in Bidar District,ವಿಜಯ್ ಸಿಂಗ್,Vijay Singh
1020,21/11/2016,ಸಮಾಜ ಕಲ್ಯಾಣ,Social Welfare,ಭಿಕ್ಷಾಟನೆ ನಿರ್ಮೂಲನೆ ಬಗೆ,Begging eradication,ಬಸನಗೌಡ ಆರ್ ಪಾಟೀಲ್,Basanagowda R Patil
1021,21/11/2016,ಸಮಾಜ ಕಲ್ಯಾಣ,Social Welfare,ಸಮಾಜ ಕಲ್ಯಾಣ ಇಲಾಖೆಯ ಯೋಜನೆಗಳು,Social Welfare Department's Plans,ಬಸನಗೌಡ ಆರ್ ಪಾಟೀಲ್,Basanagowda R Patil
1022,21/11/2016,ಆರೋಗ್ಯ ಮತ್ತು ಕುಟುಂಬ ಕಲ್ಯಾಣ,Health and family welfare,ಆರೋಗ್ಯ ಇಲಾಖೆಯ ಸಿಬ್ಬಂದಿಗಳು,Health Department staff,ಬಸನಗೌಡ ಆರ್ ಪಾಟೀಲ್,Basanagowda R Patil
1023,21/11/2016,ಮಹಿಳಾ ಮತ್ತು ಮಕ್ಕಳ ಅಭಿವೃದ್ಧಿ,Women and Child Development,ಭಾಗ್ಯಲಕ್ಷ್ಮಿ ಯೋಜನೆ,Bhagyalaxmi Project,ಬಸನಗೌಡ ಆರ್ ಪಾಟೀಲ್,Basanagowda R Patil
1024,21/11/2016,ಮಾಹಿತಿ ತಂತ್ರಜ್ಞಾನ,Information technology,ಸರ್ಕಾರದ ಎಲ್ಲಾ ಸಚಿವಾಲಯಗಳಲ್ಲಿ (Seಛಿಡಿeಣಚಿಡಿiಚಿಣe) ವೈಬ್ ಸೈಟ್ ಸೌಲಭ್ಯ ಒದಗಿಸುವ ಬಗ್ಗೆ,About all of the Ministries of the Government (Se Chidi e Tonchidi i china e) providing vibe site facility,ಬಸವರಾಜ ಶಿವಲಿಂಗಪ್ಪ ಹೊರಟಿ,Basavaraja Shivalingappa Horatti
1025,21/11/2016,ವೈದ್ಯಕೀಯ ಶಿಕ್ಷಣ,Medical education,ಕಿಮ್ಸ್ ಹುಬ್ಬಳ್ಳಿ ಇಲ್ಲಿ ಗುತ್ತಿಗೆ ಆಧಾರದಲ್ಲಿ ಕಾರ್ಯ ನಿರ್ವಹಿಸುತ್ತಿರುವ ಶುಶ್ರೂ?ಕರನ್ನು ಖಾಯಂಗೊಳಿಸುವ ಕುರಿತು,Kim Hubli Here is a contract on which a contract is based on contracting a contract,ಬಸವರಾಜ ಶಿವಲಿಂಗಪ್ಪ ಹೊರಟಿ,Basavaraja Shivalingappa Horatti
1026,21/11/2016,ಆಹಾರ ಮತ್ತು ನಾಗರಿಕ ಸರಬರಾಜು,Food and Civil Supplies,ಉಪ್ಪಿನ ಪೊಟ್ಟಣದಲ್ಲಿ ರಾಸಾಯನಿಕ ಸೇರಿದ ಬಗ್ಗೆ,About joining chemicals in the pack of salt,ಬಸವರಾಜ ಶಿವಲಿಂಗಪ್ಪ ಹೊರಟಿ,Basavaraja Shivalingappa Horatti
1027,21/11/2016,ಆರೋಗ್ಯ ಮತ್ತು ಕುಟುಂಬ ಕಲ್ಯಾಣ,Health and family welfare,ಹಾವು ಕಡಿತಕ್ಕೆ ಒಳಗಾದ ಜನರಿಗೆ ಔ ?ಧಿ ಕೊರತೆ,People suffering from snake bites are less likely to suffer,ಬಸವರಾಜ ಶಿವಲಿಂಗಪ್ಪ ಹೊರಟಿ,Basavaraja Shivalingappa Horatti
1028,21/11/2016,ಆರೋಗ್ಯ ಮತ್ತು ಕುಟುಂಬ ಕಲ್ಯಾಣ,Health and family welfare,ತುರುವೇಕೆರೆ ಆರೋಗ್ಯ ಕೇಂದ್ರಕ್ಕೆ ಡಯಾಲಿಸೀಸ್ ಕೇಂದ್ರ ನೀಡುವ ಬಗ್ಗೆ,About giving dialysis center to Tuvuerere Health Center,ಲಕ್ಷ್ಮೀನಾರಾಯಣ .ಎಂ.ಡಿ,Lakshmi Narayana MD
1029,21/11/2016,ಆಹಾರ ಮತ್ತು ನಾಗರಿಕ ಸರಬರಾಜು,Food and Civil Supplies,ಬೆಳಗಾವಿ ವಿಭಾಗದಲ್ಲಿರುವ ನ್ಯಾಯಬೆಲೆ ಅಂಗಡಿಗಳ ಬಗ್ಗೆ,About Justice Shops in Belgaum Division,ಲಕ್ಷ್ಮೀನಾರಾಯಣ .ಎಂ.ಡಿ,Lakshmi Narayana MD
1030,21/11/2016,ಯೋಜನೆ ಮತ್ತು ಸಾಂಖ್ಯಿಕ,Plan and Numerical,ಬೆಳಗಾವಿ ವಿಭಾಗದ ಬಡ ನೇಕಾರರಿಗೆ ಮೂಲಭೂತ ಸೌಲಭ್ಯದ ಬಗ್ಗೆ,The basic facilities for the poor weavers of Belgaum division,ಲಕ್ಷ್ಮೀನಾರಾಯಣ .ಎಂ.ಡಿ,Lakshmi Narayana MD
1031,21/11/2016,ಪ್ರವಾಸೋದ್ಯಮ,Tourism,ಗೊಟ್ಟೀಕೆರೆ ಗ್ರಾಮವನ್ನು ಪ್ರವಾಸೋದ್ಯಮಕ್ಕೆ ಸೇರಿಸುವ ಬಗ್ಗೆ,Goethekere Village is about to be added to tourism,ಲಕ್ಷ್ಮೀನಾರಾಯಣ .ಎಂ.ಡಿ,Lakshmi Narayana MD
1032,21/11/2016,ಆರೋಗ್ಯ ಮತ್ತು ಕುಟುಂಬ ಕಲ್ಯಾಣ,Health and family welfare,ತುಮಕೂರು ಜಿಲ್ಲಾ ಆಸ್ಪತ್ರೆಯಲ್ಲಿ ಸೌಲಭ್ಯ ಕೊರತೆ ಬಗ್ಗೆ,About lack of facilities at Tumkur district hospital,ಲಕ್ಷ್ಮೀನಾರಾಯಣ .ಎಂ.ಡಿ,Lakshmi Narayana MD
1033,21/11/2016,ವೈದ್ಯಕೀಯ ಶಿಕ್ಷಣ,Medical education,ವೈದ್ಯ ಮತ್ತು ಖಾಸಗಿ ದಂತ ವೈದ್ಯಕೀಯ ಕಾಲೇಜುಗಳ ಶುಲ್ಕದಲ್ಲಿ ಹೆಚ್ಚಳ,Increase in fees for physician and private dental medical colleges,ಶ್ರೀಕಂಠೇಗೌಡ .ಕೆ.ಟಿ,Srikantegowda KT
1034,21/11/2016,ಮಾಹಿತಿ ತಂತ್ರಜ್ಞಾನ,Information technology,ಪ್ರವಾಸೋದ್ಯಮ ಇಲಾಖೆಯಿಂದ ಎಸ್‌ಸಿಪಿ ಮತ್ತು ಎಸ್ಟಿಪಿ ಗೆ ಬಿಡುಗಡೆಯಾದ ಅನುದಾನದ ಬಗ್ಗೆ,About the release of SCP and STP from the Tourism Department,ಮನೋಹರ್ .ಸಿ.ಆರ್,Manohara CR
1035,21/11/2016,ಆಹಾರ ಮತ್ತು ನಾಗರಿಕ ಸರಬರಾಜು,Food and Civil Supplies,ಅಡುಗೆ ಅನಿಲ ಸಬ್ಸಿಡಿಯನ್ನು ಪಡೆಯುತ್ತಿರುವ ಫಲಾನುಭವಿಗಳ ಬಗ್ಗೆ,About beneficiaries receiving cooking gas subsidy,ಮನೋಹರ್ .ಸಿ.ಆರ್,Manohara CR
1036,21/11/2016,ಆರೋಗ್ಯ ಮತ್ತು ಕುಟುಂಬ ಕಲ್ಯಾಣ,Health and family welfare,ಸರ್ಕಾರಿ ಆಸ್ಪತ್ರೆಗಳಲ್ಲಿ ಡಯಾಲಿಸಿಸ್ ಕೇಂದ್ರ ತೆರೆಯುವ ಬಗ್ಗೆ,About opening a dialysis center at government hospitals,ಮನೋಹರ್ .ಸಿ.ಆರ್,Manohara CR
1037,21/11/2016,ಪ್ರವಾಸೋದ್ಯಮ,Tourism,ಪ್ರವಾಸಿ ಟ್ಯಾಕ್ಸಿ ವಿತರಿಸಲು ಸಹಾಯಧನ ಮಂಜೂರು ಮಾಡಿಸುವ ಬಗ್ಗೆ,About granting assistance to distribute tourist taxis,ಮನೋಹರ್ .ಸಿ.ಆರ್,Manohara CR
1038,21/11/2016,ಸಮಾಜ ಕಲ್ಯಾಣ,Social Welfare,ಸಮಾಜ ಕಲ್ಯಾಣ ಇಲಾಖೆಯ ಅನುದಾನ,Grants from the Social Welfare Department,ಮನೋಹರ್ .ಸಿ.ಆರ್,Manohara CR
1039,21/11/2016,ಆಹಾರ ಮತ್ತು ನಾಗರೀಕ ಸರಬರಾಜು,Food and Civil Supplies,ಚಿಕ್ಕಮಂಗಳೂರು ಜಲ್ಲೆಯಲ್ಲಿ ಹೊಸ ಪಡಿತರ ಚೀಟಿಯ ಬಗ್ಗೆ,About the new ration card in Chikmagalur district,ವಟಮ್ಮ,Motamma
1040,21/11/2016,ಮಹಿಳಾ ಮತ್ತು ಮಕ್ಕಳ ಅಭಿವೃದ್ಧಿ,Women and Child Development,ಚಿಕ್ಕಮಗಳೂರು ಜಿಲ್ಲೆಯ ಅಂಗನವಾಡಿ ಕಟ್ಟಡ ನಿರ್ಮಾಣ ಬಗ್ಗೆ,About Anganwadi Building in Chikmagalur District,ವಟಮ್ಮ,Motamma
1041,21/11/2016,ಸಮಾಜ ಕಲ್ಯಾಣ,Social Welfare,ವಿದ್ಯಾರ್ಥಿ ವಸತಿ ನಿಲಯಗಳ ಬಗ್ಗೆ,About Student Hostels,ಅಪ್ಪಾಜಿಗೌಡ .ಎನ್,Appajigowda N
1042,21/11/2016,ಮಹಿಳಾ ಮತ್ತು ಮಕ್ಕಳ ಅಭಿವೃದ್ಧಿ,Women and Child Development,ಅಂಗನವಾಡಿ ಕೇಂದ್ರಗಳಲ್ಲಿ ಮಕ್ಕಳ ದಾಖಲಾತಿ ಬಗ್ಗೆ,Registration of Children at Anganwadi Centers,ಅಪ್ಪಾಜಿಗೌಡ .ಎನ್,Appajigowda N
1043,21/11/2016,ಆರೋಗ್ಯ ಮತ್ತು ಕುಟುಂಬ ಕಲ್ಯಾಣ,Health and family welfare,ಔ?ಧಗಳ ದರ ಇಳಿಕೆ ಬಗ್ಗೆ,What about a downturn rate?,ಅಪ್ಪಾಜಿಗೌಡ .ಎನ್,Appajigowda N
1044,21/11/2016,ಆರೋಗ್ಯ ಮತ್ತು ಕುಟುಂಬ ಕಲ್ಯಾಣ,Health and family welfare,ರಾಜ್ಯದ ಜಿಲ್ಲಾ ಆಸ್ಪತ್ರೆಗಳಲ್ಲಿ ಜನರಿಕ್ ಔ ?ಧ ಮಳಿಗೆಗಳ ಬಗ್ಗೆ,About Generic Ou Stores in District District Hospitals,ಅಪ್ಪಾಜಿಗೌಡ .ಎನ್,Appajigowda N
1045,21/11/2016,ಹಿಂದುಳಿದ ವರ್ಗಗಳ ಕಲ್ಯಾಣ,Welfare of Backward Classes,ಮಂಡ್ಯ ನಗರದಲ್ಲಿನ ಡಾ: ಅಂಬೇಡ್ಕರ್ ಭವನದ ಬಗ್ಗೆ,Dr. Ambedkar Bhavan in Mandya City,ಅಪ್ಪಾಜಿಗೌಡ .ಎನ್,Appajigowda N
1046,21/11/2016,ಯೋಜನೆ ಮತ್ತು ಸಾಂಖ್ಯಿಕ,Plan and Numerical,೩೭೧ (ಜೆ) ಅಡಿಯಲ್ಲಿ ಸ್ಥಾಪನೆಗೊಂಡ ಹೈದ್ರಾಬಾದ್-ಕರ್ನಾಟಕ ಪ್ರದೇಶಾಭಿವೃದ್ಧಿ ಮಂಡಳಿಯ ಅನು ?ನದ ಬಗ್ಗೆ,"About the Hyderabad-Karnataka Area Development Board, established under 371 (j)",ಅಮರನಾಥ ಪಾಟೀಲ್,Amaranatha Patil
1047,21/11/2016,ಪ್ರವಾಸೋದ್ಯಮ,Tourism,ಕಲಬುರಗಿಯಲ್ಲಿ ವಿಭಾಗೀಯ ಪ್ರವಾಸೋದ್ಯಮ ಕಛೇರಿ ಯ ಬಗ್ಗೆ,About Divisional Tourism Office in Artificial Beauty,ಅಮರನಾಥ ಪಾಟೀಲ್,Amaranatha Patil
1048,21/11/2016,ಆರೋಗ್ಯ ಮತ್ತು ಕುಟುಂಬ ಕಲ್ಯಾಣ,Health and family welfare,ಕಲಬುರಗಿ ನಗರದಲ್ಲಿ ೫೦೦ ಹಾಸಿಗೆ ಆಸ್ಪತ್ರೆ ನಿರ್ಮಾಣ ಹಾಗೂ ಅನುದಾನದ ಬಗ್ಗೆ,About 500 bed hospital construction and grants in Kalaburagi city,ಅಮರನಾಥ ಪಾಟೀಲ್,Amaranatha Patil
1049,21/11/2016,ಮಹಿಳಾ ಮತ್ತು ಮಕ್ಕಳ ಅಭಿವೃದ್ಧಿ,Women and Child Development,ಕಲಬುರಗಿಯಲ್ಲಿ ಶಾಲಾ ಮಕ್ಕಳು ಶಾಲೆಯಿಂದ ಹೊರಗುಳಿದಿರುವ ಬಗ್ಗೆ,Concerns about school children being out of school in artisans,ಅಮರನಾಥ ಪಾಟೀಲ್,Amaranatha Patil
1050,21/11/2016,ಕನ್ನಡ ಮತ್ತು ಸಂಸ್ಕೃತಿ,Kannada and culture,ಹೈದ್ರಾಬಾದ್-ಕರ್ನಾಟಕ ಭಾಗದಲ್ಲಿ ಸಾಂಸ್ಕೃತಿಕ ಕಾರ್ಯಕ್ರಮಗಳು ಹಾಗೂ ಯೋಜನೆಗಳ ಬಗ್ಗೆ,About Cultural Programs and Projects in Hyderabad-Karnataka,ಅಮರನಾಥ ಪಾಟೀಲ್,Amaranatha Patil
1051,21/11/2016,ಸಮಾಜ ಕಲ್ಯಾಣ,Social Welfare,ಹಿಂದುಳಿದ ವರ್ಗಗಳ ಹಾಗೂ ಪರಿಶಿಷ್ಟ ಜಾತಿ/ಪರಿಶಿಷ್ಟ ಪಂಗಡಗಳ ಹಾಸ್ಟೇಲ್‌ಗಳಲ್ಲಿ ಆಹಾರ ಮತ್ತು ಅಗತ್ಯ ವಸ್ತುಗಳ ಕುರಿತು,About food and essential goods in backward classes and Scheduled Caste / Scheduled Tribes hostels,ಅರುಣ ಶಹಾಪುರ,Aruna Shahaapura
1052,21/11/2016,ಸಮಾಜ ಕಲ್ಯಾಣ,Social Welfare,ಸಮಾಜ ಕಲ್ಯಾಣ ಹಾಗೂ ಹಿಂದುಳಿದ ವರ್ಗಗಳ ಕಲ್ಯಾಣ,Welfare of Social Welfare and Backward Classes,ಅರುಣ ಶಹಾಪುರ,Aruna Shahaapura
1053,21/11/2016,ಸಮಾಜ ಕಲ್ಯಾಣ,Social Welfare,ರಾಜ್ಯದ ಮೊರಾರ್ಜಿ ದೇಸಾಯಿ ಹಾಗೂ ಕಿತ್ತೂರು ರಾಣಿ ಚೆನ್ನಮ್ಮ ಶಾಲೆಗಳಲ್ಲಿ ಚಿತ್ರಕಲಾ ಶಿಕ್ಷಕರ ನೇಮಕ ಕುರಿತು,About the appointment of painter teachers in the state Morarji Desai and Kittur Rani Chennamma Schools,ಅರುಣ ಶಹಾಪುರ,Aruna Shahaapura
1054,21/11/2016,ಮಹಿಳಾ ಮತ್ತು ಮಕ್ಕಳ ಅಭಿವೃದ್ಧಿ,Women and Child Development,ಅಂಗನವಾಡಿ ಕಾರ್ಯಕರ್ತೆಯರಿಗೆ ಕಳಪೆ ಮಟ್ಟದ ಸೀರೆ ನೀಡಿರುವ ಬಗೆ,The type of saris offered to anganwadi workers,ರಾಮಚಂದ್ರಗೌಡ,Ramachandra Gowda
1055,21/11/2016,ಮಹಿಳಾ ಮತ್ತು ಮಕ್ಕಳ ಅಭಿವೃದ್ಧಿ,Women and Child Development,ಅಂಗನವಾಡಿ ಮಕ್ಕಳಿಗೆ ಪ್ರತಿನಿತ್ಯ ಆಹಾರ ಸರಬರಾಜು ಮಾಡುವಲ್ಲಿ ಆಗಿರುವ ತೊಂದರೆ ಬಗ್ಗೆ,Regarding the problem of daily supply of food to Anganwadi children,ರಾಮಚಂದ್ರಗೌಡ,Ramachandra Gowda
1056,21/11/2016,ಕನ್ನಡ ಮತ್ತು ಸಂಸ್ಕೃತಿ,Kannada and culture,ಕನ್ನಡ ಮತ್ತು ಸಂಸ್ಕೃತಿ ಇಲಾಖೆಯಡಿಯಲ್ಲಿನ ಅಕಾಡೆಮಿಗಳಿಗೆ ನೀಡಲಾದ ಅನುದಾನ ಸಮರ್ಪಕವಾಗಿ ಬಳಕೆಯಾಗದಿರುವ ಕುರಿತು,About the utilization of funds provided to academies under the Department of Kannada and Culture,ರಾಮಚಂದ್ರಗೌಡ,Ramachandra Gowda
1057,21/11/2016,ಮಹಿಳಾ ಮತ್ತು ಮಕ್ಕಳ ಅಭಿವೃದ್ಧಿ,Women and Child Development,ಮಹಿಳಾ ಆಯೋಗಕ್ಕೆ ಬಂದಿರುವ ದೂರುಗಳ ಇತ್ಯರ್ಥವನ್ನು ತ್ವರಿತಗೊಳಿಸುವ ಬಗ್ಗೆ,About speeding up settlement complaints to the Women's Commission,ರಾಮಚಂದ್ರಗೌಡ,Ramachandra Gowda
1058,21/11/2016,ಸಮಾಜ ಕಲ್ಯಾಣ,Social Welfare,ವಸತಿ ನಿಲಯಗಳಿಗೆ ಬಿಡುಗಡೆಯಾದ ಅನುದಾನದ ಬಗ್ಗೆ,About the grant released to hostels,ರಘುನಾಥ ರಾವ್ ಮಲ್ಕಾಪೂರೆ,Raghunath Rao Malkapore
1059,21/11/2016,ಯೋಜನೆ ಮತ್ತು ಸಾಂಖ್ಯಿಕ,Plan and Numerical,ಹೈದ್ರಾಬಾದ್-ಕರ್ನಾಟಕ ಪ್ರದೇಶಾಭಿವೃದ್ಧಿ ಯೋಜನೆಯ ಅನುದಾನದ ಬಗ್ಗೆ,About the Hyderabad-Karnataka Area Development Plan,ರಘುನಾಥ ರಾವ್ ಮಲ್ಕಾಪೂರೆ,Raghunath Rao Malkapore
1060,21/11/2016,ಆರೋಗ್ಯ ಮತ್ತು ಕುಟುಂಬ ಕಲ್ಯಾಣ,Health and family welfare,ಆಸ್ಪತ್ರೆಗಳಲ್ಲಿ ವೆಂಟಿಲೇಟರ್ ಸೌಲಭ್ಯದ ಬಗ್ಗೆ,About ventilator facility in hospitals,ರಘುನಾಥ ರಾವ್ ಮಲ್ಕಾಪೂರೆ,Raghunath Rao Malkapore
1061,21/11/2016,ಕನ್ನಡ ಮತ್ತು ಸಂಸ್ಕೃತಿ,Kannada and culture,ಸಾಂಸ್ಕೃತಿಕ ಭವನಗಳ ನಿರ್ಮಾಣದ ಬಗ್ಗೆ,About the construction of cultural buildings,ರಘುನಾಥ ರಾವ್ ಮಲ್ಕಾಪೂರೆ,Raghunath Rao Malkapore
1062,21/11/2016,ವೈದ್ಯಕೀಯ ಶಿಕ್ಷಣ,Medical education,ವೈದ್ಯಕೀಯ ಮಹಾವಿದ್ಯಾಲಯಗಳಿಗೆ ಬಿಡುಗಡೆಯಾದ ಅನುದಾನ ಎ ?,Grants released to Medical Colleges?,ರಘುನಾಥ ರಾವ್ ಮಲ್ಕಾಪೂರೆ,Raghunath Rao Malkapore
1063,21/11/2016,ಮಹಿಳಾ ಮತ್ತು ಮಕ್ಕಳ ಅಭಿವೃದ್ಧಿ,Women and Child Development,ರಾಜ್ಯದಲ್ಲಿ ಪೌಷ್ಟಿಕಾಂಶಗಳ ಕೊರತೆಯಿಂದ ಬಳಲುತ್ತಿರುವ ಮಕ್ಕಳ ಬಗ್ಗೆ,About children suffering from nutrition deficiencies in the state,ಕ್ಯಾಪ್ಟನ್ ಗಣೇಶ್ ಕಾರ್ಣಿಕ್,Capt. Ganesh Karnik
1064,21/11/2016,ಮಹಿಳಾ ಮತ್ತು ಮಕ್ಕಳ ಅಭಿವೃದ್ಧಿ,Women and Child Development,ಮಕ್ಕಳ ಕ್ರಿಯಾ ಯೋಜನೆಯ ಗುರಿಗಳ ಬಗ್ಗೆ,About the goals of the Child Action Plan,ಕ್ಯಾಪ್ಟನ್ ಗಣೇಶ್ ಕಾರ್ಣಿಕ್,Capt. Ganesh Karnik
1065,21/11/2016,ಯೋಜನೆ ಮತ್ತು ಸಾಂಖ್ಯಿಕ,Plan and Numerical,ರಾಜ್ಯದಲ್ಲಿ ಪ್ರಾಧಿಕಾರಗಳು ಹಾಗೂ ಅಭಿವೃದ್ಧಿ ಮಂಡಳಿಗಳ ರಚನೆಯಿಂದ ರಾಜ್ಯದ ವಿವಿಧ ಆರ್ಥಿಕ ಯೋಜನೆಗಳ ಅನು ?ನದ ಬಗ್ಗೆ,About the provisions of the state's various financial schemes from the creation of Authorities and Development Boards in the State,ಕ್ಯಾಪ್ಟನ್ ಗಣೇಶ್ ಕಾರ್ಣಿಕ್,Capt. Ganesh Karnik
1066,21/11/2016,ಯೋಜನೆ ಮತ್ತು ಸಾಂಖ್ಯಿಕ,Plan and Numerical,"ರಾಜ್ಯದಲ್ಲಿರುವ ಎಲ್ಲಾ ಜಿಲ್ಲೆಗಳಲ್ಲಿ, ಎಲ್ಲಾ ವಿಭಾಗಗಳಲ್ಲೂ ಅಭಿವೃದ್ಧಿಯ ವೇಗ ಹಾಗೂ ಗುಣಮಟ್ಟ ಕಾಪಾಡಲು ತೆಗೆದುಕೊಂಡಿರುವ ಕ್ರಮ",Action taken to maintain the speed and quality of development in all segments of all districts in the state,ಕ್ಯಾಪ್ಟನ್ ಗಣೇಶ್ ಕಾರ್ಣಿಕ್,Capt. Ganesh Karnik
1067,21/11/2016,ಪ್ರವಾಸೋದ್ಯಮ,Tourism,ಬೆಳಗಾವಿ ಜಿಲ್ಲೆಯಲ್ಲಿ ಐಟಿ-ಬಿಟಿ ಪಾರ್ಕ್ ಸ್ಥಾಪಿಸುವ ಕುರಿತು,About establishing IT-BT Park in Belgaum district,ಕವಟಗಿಮಠ ಮಹಂತೇಶ ಮಲ್ಲಿಕಾರ್ಜುನ,Kavatimata Mahantesha Mallikarjuna
1068,21/11/2016,ಮಹಿಳಾ ಮತ್ತು ಮಕ್ಕಳ ಅಭೀವೃದ್ಧಿ,Women and Child Development,ರಾ?ಮಟ್ಟದಲ್ಲಿ ಸ್ಮರಣೀಯ ಸೇವೆ ಸಲ್ಲಿಸಿದ ಮಹಿಳೆಯರಿಗೆ ಕಿತ್ತೂರ ರಾಣಿ ಚೆನ್ನಮ್ಮ ಪ್ರಶಸ್ತಿ ನೀಡುವ ಬಗ್ಗೆ,About giving the Queen a Queen Chemma Award to women who have been memorable at the Raw level,ಕವಟಗಿಮಠ ಮಹಂತೇಶ ಮಲ್ಲಿಕಾರ್ಜುನ,Kavatimata Mahantesha Mallikarjuna
1069,21/11/2016,ಪ್ರವಾಸೋದ್ಯಮ,Tourism,ಉತ್ತರ ಕರ್ನಾಟಕ ಭಾಗದ ಪ್ರವಾಸಿ ತಾಣಗಳನ್ನು ಅಭಿವೃದ್ಧಿಪಡಿಸುವ ಕುರಿತು,About developing tourism destinations in North Karnataka,ಕವಟಗಿಮಠ ಮಹಂತೇಶ ಮಲ್ಲಿಕಾರ್ಜುನ,Kavatimata Mahantesha Mallikarjuna
1070,21/11/2016,ಆಹಾರ ಮತ್ತು ನಾಗರಿಕ ಸರಬರಾಜು,Food and Civil Supplies,ಹೆಬ್ಬೆಟ್ಟಿನ ಗೆರೆಗಳು ಅಳಿಸಿಹೋಗಿರುವ ಫಲಾನುಭವಿಗಳಿಗೆ ಪಡಿತರ ನಿರಾಕರಣೆ ಬಗ್ಗೆ,The denial of ration to the beneficiaries who have been eliminated by thumb lines,ಕವಟಗಿಮಠ ಮಹಂತೇಶ ಮಲ್ಲಿಕಾರ್ಜುನ,Kavatimata Mahantesha Mallikarjuna
1071,21/11/2016,ಆರೋಗ್ಯ ಮತ್ತು ಕುಟುಂಬ ಕಲ್ಯಾಣ,Health and family welfare,ರಾಜ್ಯz ಲ್ಲಿ ಹೆಣ್ಣು ಭ್ರೂಣ ಹತ್ಯೆ ಹೆಚ್ಚಾಗುತ್ತಿರುವ ಬಗ್ಗೆ,Regarding increasing female feticide in the State,ಕವಟಗಿಮಠ ಮಹಂತೇಶ ಮಲ್ಲಿಕಾರ್ಜುನ,Kavatimata Mahantesha Mallikarjuna
1072,21/11/2016,ಆರೋಗ್ಯ ಮತ್ತು ಕುಟುಂಬ ಕಲ್ಯಾಣ,Health and family welfare,ಆರೋಗ್ಯ ಇಲಾಖೆಯಲ್ಲಿನ ಆಹಾರ ಸುರಕ್ಷತಾ ಕಾಯ್ದೆಯ ಅನುಷ್ಠಾನದ ಬU,The implementation of the Food Safety Act in the Health Department,ಕೋಟ ಶ್ರೀನಿವಾಸ ಪೂಜಾರಿ,Kota Srinivasa Pujari
1073,21/11/2016,ಆರೋಗ್ಯ ಮತ್ತು ಕುಟುಂಬ ಕಲ್ಯಾಣ,Health and family welfare,ಮಿಂಟೋ ಆಸ್ಪತ್ರೆಯಲ್ಲಿ “ಎಂಡೋ ಲೇಸರ್ ಯಂತ್ರ ಹಾಳಾಗಿ ರೋಗಿಗಳಿಗೆ ತೊಂದರೆಯಾಗುತ್ತಿರುವ ಬಗ್ಗೆ,"At the Minto Hospital, ""Endo laser machine is damaging to patients with disorders",ಕೋಟ ಶ್ರೀನಿವಾಸ ಪೂಜಾರಿ,Kota Srinivasa Pujari
1074,21/11/2016,ಸಮಾಜ ಕಲ್ಯಾಣ ಹಾಗೂ ಹಿಂದುಳಿದ ವರ್ಗಗಳ ಕಲ್ಯಾಣ,Welfare of Social Welfare and Backward Classes,"ಕೊರಗ ಕಾಲೋನಿ ಅಭಿವೃದ್ಧಿ ಮತ್ತು ಹಕ್ಕುಪತ್ರ, ವಸತಿ, ಮೂಲ ಸೌಕರ್ಯ ಒದಗಿಸುವ ಬಗ್ಗೆ","Developing the Korga Colony and providing access to patents, housing and infrastructure",ಕೋಟ ಶ್ರೀನಿವಾಸ ಪೂಜಾರಿ,Kota Srinivasa Pujari
1075,21/11/2016,ಕನ್ನಡ ಮತ್ತು ಸಂಸ್ಕೃತಿ,Kannada and culture,ಕನ್ನಡ ಮತ್ತು ಸಂಸ್ಕೃತಿ ಇಲಾಖೆಯ ಕಾರ್ಯಕ್ರಮ ಹಾಗೂ ಇಲಾಖೆಯ ವಿಳಂಬ ನೀತಿ ಕುರಿತು,About the Department of Kannada and Culture Department of Education and Department of Delay,ಕೋಟ ಶ್ರೀನಿವಾಸ ಪೂಜಾರಿ,Kota Srinivasa Pujari
1076,21/11/2016,ಆರೋಗ್ಯ ಮತ್ತು ಕುಟುಂಬ ಕಲ್ಯಾಣ,Health and family welfare,ಸರ್ಕಾರಿ ಆಸ್ಪತ್ರೆಯಲ್ಲಿನ ವೈದ್ಯರು ಮತ್ತು ಸಿಬ್ಬಂದಿ ಕೊರತೆ ಹಾಗೂ ಮೂಲ ಸೌಕರ್ಯ ಕೊರತೆ ಕುರಿತು,Lack of doctors and staff in government hospital and lack of basic facilities,ಕೋಟ ಶ್ರೀನಿವಾಸ ಪೂಜಾರಿ,Kota Srinivasa Pujari
1077,21/11/2016,ಮಾಹಿತಿ ತಂತ್ರಜ್ಞಾನ,Information technology,ಹೈದರಾಬಾದ್ - ಕರ್ನಾಟಕ ವ್ಯಾಪ್ತಿಯ ಪ್ರವಾಸೋದ್ಯಮ ತಾಣಗಳ ಬಗೆ,The type of tourism sites in Hyderabad - Karnataka,ತಾರಾಅನೂರಾಧ,Tara Anuradha
1078,21/11/2016,ಪ್ರವಾಸೋದ್ಯಮ,Tourism,ವಾಸೋದ್ಯಮ ಇಲಾಖೆಯಲ್ಲಿನ ಮೂಲಭೂತ ಸೌಕರ್ಯಗಳಿಗೆ ಒದಗಿಸಿದ ಹಣದ ಬಗ್ಗೆ,About money provided to the infrastructure in the Department of Residence,ಚೌಡರೆಡ್ಡಿ ತೂಪಲ್ಲಿ .ಆರ್,Chowdareddy Tupalli R
1079,21/11/2016,ಪ್ರವಾಸೋದ್ಯಮ,Tourism,ರಾಜ್ಯ ಪ್ರವಾಸೋದ್ಯಮ ನಿಗಮದಿಂದ ಅಂತರಾಷ್ಟ್ರೀಯ ವಿಮಾನ ನಿಲ್ದಾಣಕ್ಕೆ ಟ್ಯಾಕ್ಸಿ ಸೇವೆ,Taxi service from state tourism corporation to international airport,ಚೌಡರೆಡ್ಡಿ ತೂಪಲ್ಲಿ .ಆರ್,Chowdareddy Tupalli R
1080,21/11/2016,ಆಹಾರ ಮತ್ತು ನಾಗರಿಕ ಸರಬರಾಜು,Food and Civil Supplies,ಆಹಾರ ಧಾನ್ಯ ಒದಗಿಸಲು ಹಣ,Money to provide food grain,ಚೌಡರೆಡ್ಡಿ ತೂಪಲ್ಲಿ .ಆರ್,Chowdareddy Tupalli R
1081,21/11/2016,ಆಹಾರ ಮತ್ತು ನಾಗರಿಕ ಸರಬರಾಜು,Food and Civil Supplies,ಹೊಸ ನ್ಯಾಯಬೆಲೆ ಅಂಗಡಿಗಳು,New Fair Price Shops,ಧರ್ಮಸೇನ .ಆರ್,Dharmasena R
1082,21/11/2016,ಸಮಾಜ ಕಲ್ಯಾಣ,Social Welfare,ಹಿಂದುಳಿದ ವರ್ಗಗಳ ಇಲಾಖೆಯಲ್ಲಿರುವ ಖಾಲಿ ಹುದ್ದೆಗಳು,Vacancies in the Backward Classes Department,ಧರ್ಮಸೇನ .ಆರ್,Dharmasena R
1083,21/11/2016,ಸಮಾಜ ಕಲ್ಯಾಣ,Social Welfare,ಪರಿಶಿ ? ಜಾತಿ ಮತ್ತು ವರ್ಗಗಳಿಗೆ ಸೇರಿಸಿದ ಜಾತಿಗಳು,The survey? Species added to species and species,ಧರ್ಮಸೇನ .ಆರ್,Dharmasena R
1084,21/11/2016,ಸಮಾಜ ಕಲ್ಯಾಣ,Social Welfare,ಮೆಟ್ರಿಕ್ ನಂತರದ ವಸತಿ ನಿಲಯಗಳಲ್ಲಿ ಪ್ರವೇಶ ಪ್ರಕ್ರಿಯೆಯ ಕುರಿತು,About the admission process at metric-post housing,ಧರ್ಮಸೇನ .ಆರ್,Dharmasena R
1085,22/11/2016,ಲೋಕೋಪಯೋಗಿ,Public service,ರಾಯಚೂರು ಜಿಲ್ಲೆಯ ರಾಜ್ಯ ಹೆದ್ದಾರಿಗಳನ್ನು - ರಾಷ್ಟ್ರೀಯ,State Highways in Raichur District - National,ಬೋಸ್‌ರಾಜು .ಎನ್.ಎಸ್,Bosaraju N S
1086,22/11/2016,ಸಹಕಾರ,Cooperation,ಹಾವೇರಿ ಜಿಲ್ಲೆಯಲ್ಲಿ ಪ್ರತ್ಯೇಕ ಡಿ.ಸಿ.ಸಿ. ಬ್ಯಾಂಕ್ ಸ್ಥಾಪಿಸುವ ಬಗ್ಗೆ,Separate DCC in Haveri district About establishing a bank,ಬೋಸ್‌ರಾಜು .ಎನ್.ಎಸ್,Bosaraju N S
1087,22/11/2016,ಇಂಧನ,Fuel,ರಾಯಚೂರು ಜಿಲ್ಲೆಯಲ್ಲಿ ಸೋಲಾರ್ ವಿದ್ಯುತ್ ಉತ್ಪಾದನೆ ಬಗ್ಗೆ,About solar power generation in Raichur district,ಬೋಸ್‌ರಾಜು .ಎನ್.ಎಸ್,Bosaraju N S
1088,22/11/2016,ಕೃಷಿ ಮಾರುಕಟ್ಟೆ,Agricultural Market,ರಾಯಚೂರು ಹಾಗೂ ಮಾನ್ವಿ ತಾಲ್ಲೂಕಿನ ಉಪಮಾರುಕಟ್ಟೆಗಳ ಬಗ್ಗೆ,About the suburbs of Raichur and Manvi taluk,ಬೋಸ್‌ರಾಜು .ಎನ್.ಎಸ್,Bosaraju N S
1089,22/11/2016,ಪೌರಾಡಳಿತ,Municipality,ನೂತನವಾಗಿ ಘೋಷಣೆಯಾಗಿರುವ ಪಟ್ಟಣ ಪಂಚಾಯಿತಿಗಳ ಬಗ್ಗೆ,About the newly proclaimed town panchayats,ಬೋಸ್‌ರಾಜು .ಎನ್.ಎಸ್,Bosaraju N S
1090,22/11/2016,ಪಶುಸಂಗೋಪನೆ,Animal husbandry,ಪಶುಭಾಗ್ಯ ಯೋಜನೆ ಕುರಿತು,About Veterinary Plan,ಬೋಸ್‌ರಾಜು .ಎನ್.ಎಸ್,Bosaraju N S
1091,22/11/2016,ಲೋಕೋಪಯೋಗಿ,Public service,ಶಿಥಿಲಾವಸ್ಥೆಯಲ್ಲಿರುವ ಸರ್ಕಾರಿ ಕಟ್ಟಡಗಳ ದುರಸ್ಥಿ ಕಾರ್ಯದ ಕುರಿತು,Regarding the deterioration of government buildings in dilapidated condition,ಸುನೀಲ್ ಸುಬ್ರಮಣಿ .ಎಂ.ಪಿ,Sunil Subramani M P
1092,22/11/2016,ಪಶುಸಂಗೋಪನೆ,Animal husbandry,ಗದಗದಲ್ಲಿರುವ ಪಶುವೈದ್ಯಕೀಯ ಮಹಾವಿದ್ಯಾಲಯದ ಕಟ್ಟಡ ಕಾಮಗಾರಿ ಬಗೆ,Veterinary College Building in Gadag,ಸಂಕನೂರ .ಎಸ್.ವ್ಹಿ,Sankanura S V
1093,22/11/2016,ಕೃಷಿ,Agriculture,ಹಾವೇರಿ ಜಿಲ್ಲೆಯಲ್ಲಿ ಕೃಷಿ ಇಲಾಖೆಯ SಅP/ಖಿSP ಘಟಕಗಳ ಬಗ್ಗೆ,About S & P / SP units of Agriculture Department in Haveri district,ಸಮಣ್ಣ ಮ ಬೇವಿನಮರದ,Samanna Ma Bevinamara
1094,22/11/2016,ಪಶುಸಂಗೋಪನೆ,Animal husbandry,ಹಾವೇರಿ ಜಿಲ್ಲೆಯಲ್ಲಿ ಕೆ.ಎಂ.ಎಫ್ ಸ್ಥಾಪಿಸುವ ಬಗ್ಗೆ,About setting up KMF in Haveri district,ಸಮಣ್ಣ ಮ ಬೇವಿನಮರದ,Samanna Ma Bevinamara
1095,22/11/2016,ತೋಟಗಾರಿಕೆ,Gardening,ಹಾವೇರಿ ಜಿಲ್ಲೆಯ ತೋಟಗಾರಿಕೆ ಇಲಾಖೆಗೆ ಸೇರಿದ ಜಮೀನು ಬಗ್ಗೆ,About Land of Horticulture Department in Haveri District,ಸಮಣ್ಣ ಮ ಬೇವಿನಮರದ,Samanna Ma Bevinamara
1096,22/11/2016,ಸಕ್ಕರೆ,Sugar,ರಾಜ್ಯದಲ್ಲಿ ನಾಲ್ಕು ವರ್ಗಗಳ ರೈತರ ಸಾಲದ ಬಗ್ಗೆ,About four loan farmers' debt in the state,ಸಮಣ್ಣ ಮ ಬೇವಿನಮರದ,Samanna Ma Bevinamara
1097,22/11/2016,ಲೋಕೋಪಯೋಗಿ,Public service,ರಾಜ್ಯ ಹೆದ್ದಾರಿಗಳ ದುರಸ್ಥಿ ಮತ್ತು ಟೋಲ್ ಸಂಗ್ರಹ ಕುರಿತು,Concerns about state highways and storage of toll,ಸೋಮಣ್ಣ .ವಿ,Somanna V
1098,22/11/2016,ಕೃಷಿ,Agriculture,ಕೃಷಿಹೊಂಡ ಕಾಮಗಾರಿಯ ಅನುಕೂಲ ಮತ್ತು ಅನಾನುಕೂಲ ಕುರಿತು,About the convenience and disadvantage of agricultural work,ಸೋಮಣ್ಣ .ವಿ,Somanna V
1099,22/11/2016,ಪಶುಸಂಗೋಪನೆ,Animal husbandry,ಕುರಿಗಳಿಗೆ ಸಿಡುಬು ರೋಗ,Sheep disease for sheep,ನಾಗರಾಜು .ಎಸ್,Nagaraja S
1100,22/11/2016,ರೇಷ್ಮೆ,Silk,ಹನೂರು ಬಳಿ ಇರುವ ಕಣ್ಣೂರಿನ ರೇಷ್ಮೆ ನೂಲು ಬಿಚ್ಚಣಿಕೆ ಘಟಕಗಳು,Silk yarn cutters for eyeglasses near Hanur,ನಾಗರಾಜು .ಎಸ್,Nagaraja S
1101,22/11/2016,ಲೋಕೋಪಯೋಗಿ,Public service,ಎಸ್‌ಸಿಪಿ/ಟಿಎಸ್‌ಪಿ ಯೋಜನೆಯ ಕುರಿತು,About SCP / TSP Scheme,ಪ್ರದೀಪ್ ಶೆಟ್ಟರ್,Pradeep Shettar
1102,22/11/2016,ಪೌರಾಡಳಿತ,Municipality,ಸಿ.ಎ. ಸೈಟ್‌ಗಳ ಕುರಿv,CA Sites of sheep v,ಪ್ರದೀಪ್ ಶೆಟ್ಟರ್,Pradeep Shettar
1103,22/11/2016,ಪಶುಸಂಗೋಪನೆ,Animal husbandry,ಹೈನುಗಾರಿಕೆ ಕುರಿತು,About dairy farming,ಪ್ರದೀಪ್ ಶೆಟ್ಟರ್,Pradeep Shettar
1104,22/11/2016,ಇಂಧ,Fuel,ಹೆಸ್ಕಾಂ ಸಂಸ್ಥೆಯು ಖರೀದಿ ಮಾಡಿರುವ ವಿದ್ಯುತ್ ಪ್ರಮಾಣದ ಕುರಿತು,About the amount of electricity purchased by Hescom,ಪ್ರದೀಪ್ ಶೆಟ್ಟರ್,Pradeep Shettar
1105,22/11/2016,ಇಂಧ,Fuel,ನಿರಂತರ ಜ್ಯೋತಿ ಯೋಜನೆಯ ಕಾಮಗಾರಿಗಳ ಕುರಿತು,About the work of the continuous Jyothi project,ಪ್ರದೀಪ್ ಶೆಟ್ಟರ್,Pradeep Shettar
1106,22/11/2016,ಇಂಧನ,Fuel,ನೀರಾವರಿ ಪಂಪ್‌ಸೆಟ್‌ಗಳಿಗೆ ವಿದ್ಯುತ್ ಸಂಪರ್ಕ ಕಲ್ಪಿಸುವ ಕುರಿತು,About power connectivity to irrigation pumpsets,ಪ್ರಾಣೇಶ್ .ಎಂ.ಕೆ,Pranesha M K
1107,22/11/2016,ಲೋಕೋಪಯೋಗಿ,Public service,"ಮೂಡಿಗೆರೆ, ಭೈರಾಪುರ, ಶಿಶಿಲಾ ರಸ್ತೆ ಅಭಿವೃದ್ಧಿ ಕುರಿತು","Development of Moodigere, Bhairapura, Shishila Road",ಪ್ರಾಣೇಶ್ .ಎಂ.ಕೆ,Pranesha M K
1108,22/11/2016,ಪಶುಸಂಗೋಪನೆ,Animal husbandry,ರಾಜ್ಯದಲ್ಲಿ ಪಶುಭಾಗ್ಯ ಯೋಜನೆ ಕುರಿತು,About the animal husbandry plan in the state,ಪ್ರಾಣೇಶ್ .ಎಂ.ಕೆ,Pranesha M K
1109,22/11/2016,ಕೃಷಿ,Agriculture,ರೈತರಿಗೆ ಕೃಷಿ ಇಲಾಖೆಯಿಂದ ದೊರಕುವ ಸವಲತ್ತುಗಳ ಬU,Farmers can avail of benefits from the Department of Agriculture,ಪ್ರತಾಪಚಂದ್ರ ಶೆಟ್ಟಿ .ಕೆ,Pratapachandra Shetty K
1110,22/11/2016,ತೋಟಗಾರಿಕೆ,Gardening,ರೈತರಿಗೆ ತೋಟಗಾರಿಕಾ ಇಲಾಖೆಯಿಂದ ದೊರೆಯುವ ಸವಲತ್ತುಗಳ ಬಗ್ಗೆ,About the benefits of the Horticultural Department for farmers,ಪ್ರತಾಪಚಂದ್ರ ಶೆಟ್ಟಿ .ಕೆ,Pratapachandra Shetty K
1111,22/11/2016,ಇಂಧ,Fuel,ಉಡುಪಿ ಮತ್ತು ದಕ್ಷಿಣ ಕನ್ನಡ ಜಿಲ್ಲೆಯಲ್ಲಿ ವಿದ್ಯುತ್ ಸಂಪರ್ಕ ಕಲ್ಪಿಸದ ಮನೆಗಳು,Houses that do not have electricity connection in Udupi and Dakshina Kannada district,ಪ್ರತಾಪಚಂದ್ರ ಶೆಟ್ಟಿ .ಕೆ,Pratapachandra Shetty K
1112,22/11/2016,ಸಹಕಾರ,Cooperation,ನೂತನವಾಗಿ ಹಾಲು ಉತ್ಪಾದಕರ ಸಹಕಾರ ಸಂಘ ಪ್ರಾರಂಭಿಸುವ ಬಗ್ಗೆ,About launching a new milk producer cooperative society,ಪ್ರತಾಪಚಂದ್ರ ಶೆಟ್ಟಿ .ಕೆ,Pratapachandra Shetty K
1113,22/11/2016,ಲೋಕೋಪಯೋಗಿ,Public service,ಟೋಲ್ ಸಂಗ್ರಾಹಕ ಕೇಂದ್ರದಲ್ಲಿ ಸಿಬ್ಬಂದಿಗಳ ನಿಯಂತ್ರಣ ಮತ್ತು ಅಂತರ್‌ಜಿಲ್ಲಾ ರಸ್ತೆಗಳನ್ನು ಮೇಲ್ದರ್ಜೆಗೆ ಏರಿಸುವ ಕುರಿತು,About the control of personnel in the toll collector's center and the upgrading of Intersella Roads,ಪ್ರತಾಪಚಂದ್ರ ಶೆಟ್ಟಿ .ಕೆ,Pratapachandra Shetty K
1114,22/11/2016,ಲೋಕೋಪಯೋಗಿ,Public service,ಕಲಬುರಗಿ ಕಂದಾಯ ವಿಭಾಗದ ಆರು ಜಿಲ್ಲೆಗಳಲ್ಲಿ ಖರ್ಚಾಗಿರುವ ಅನುದಾನದ ಬಗ್ಗೆ,Concerned over the funding of the six districts of the Kaluburiga Revenue Division,ಪಾಟೀಲ್ .ಬಿ.ಜಿ,Patil B G
1115,22/11/2016,ಕೃಷಿ,Agriculture,ಕಲಬುರಗಿ ಮತ್ತು ಯಾದಗಿರಿ ಜಿಲ್ಲೆಗಳ ಬೆಳೆ ವಿಮೆ ಪರಿಹಾರದ ಬಗ್ಗೆ,About Crop Insurance and Yadgir Districts,ಪಾಟೀಲ್ .ಬಿ.ಜಿ,Patil B G
1116,22/11/2016,ಲೋಕೋಪಯೋಗಿ,Public service,ರಸ್ತೆಗಳ ದುರಸ್ಥಿ ಬಗೆ,Road Type,ವಿಮಲಾಗೌಡ,Vimalaa Gowda
1117,22/11/2016,ಸ್ಥಳೀಯ ಸಂಸ್ಥೆ,Local organization,ಬೆಳಗಾವಿ ಜಿಲ್ಲೆಯ ಸ್ಥಳೀಯ ಸಂಸ್ಥೆಗಳಿಗೆ ಬಿಡುಗಡೆಯಾದ ಅನುದಾನದ ಬಗ್ಗೆ,About the grant released to local bodies in Belgaum district,ವಿಮಲಾಗೌಡ,Vimalaa Gowda
1118,22/11/2016,ಕೃಷಿ,Agriculture,ಕೃಷಿ ಆಯೋಗದ ಬಗ್ಗೆ,About the Agriculture Commission,ವಿಮಲಾಗೌಡ,Vimalaa Gowda
1119,22/11/2016,ಕೃಷಿ ಮಾರುಕಟ್ಟೆ,Agricultural Market,ಎ.ಪಿ.ಎಂ.ಸಿ ಮಾರುಕಟ್ಟೆಗಳ ಬಗ್ಗೆ,About APMC Markets,ವಿಮಲಾಗೌಡ,Vimalaa Gowda
1120,22/11/2016,ಕೃಷಿ,Agriculture,ರೈತರ ಬೆಳೆ ಹಾನಿ ಬಗ್ಗೆ,About farmers' crop damage,ವಿಮಲಾಗೌಡ,Vimalaa Gowda
1121,22/11/2016,ಆರ್ಥಿಕ,Economy,ರೈತರ ಸಾಲಮನ್ನಾ ಮಾಡುವ ಬಗ್ಗೆ,About making farmers loan,ವೀರಯ್ಯ .ಡಿ.ಎಸ್,Veerayya D S
1122,22/11/2016,ಇಂಧನ,Fuel,ಹೆಚ್ಚು ವಿದ್ಯುತ್ ಬಳಕೆಗೆ ದಂಡ ವಿಧಿಸುವ ಕುರಿತು,Penalties for more power use,ವೀರಯ್ಯ .ಡಿ.ಎಸ್,Veerayya D S
1123,22/11/2016,ಇಂಧನ,Fuel,ಬೀದರ್ ಜಿಲ್ಲೆಯಲ್ಲಿ ವಿದ್ಯುತ್ ಸರಬರಾಜು ಮಾಡುವ ಬಗ್ಗೆ,About power supply in Bidar district,ವಿಜಯ್ ಸಿಂಗ್,Vijay Singh
1124,22/11/2016,ಸಹಕಾರ,Cooperation,ಸಹಕಾರ ಸಂಘಗಳಿಂದ ರೈತರಿಗೆ ಸಾಲ,Loans to farmers from cooperative societies,ವಿಜಯ್ ಸಿಂಗ್,Vijay Singh
1125,22/11/2016,ಕೃಷಿ,Agriculture,ತೊಗರಿ ಅಭಿವೃದ್ಧಿ ಪುನಶ್ಚೇತನದ ಬಗ್ಗೆ,About Raising Development,ವಿಜಯ್ ಸಿಂಗ್,Vijay Singh
1126,22/11/2016,ಕೃಷಿ ಮಾರುಕಟ್ಟೆ,Agricultural Market,ಬೀದರ್ ನಗರದ ಕೃಷಿ ಉತ್ಪನ್ನ ಮಾರುಕಟ್ಟೆ ಸಮಿತಿಯ ಬಗ್ಗೆ,About Bidar's Agricultural Product Market Committee,ವಿಜಯ್ ಸಿಂಗ್,Vijay Singh
1127,22/11/2016,ಲೋಕೋಪಯೋಗಿ,Public service,ಹೈದ್ರಾಬಾದ್-ಕರ್ನಾಟಕ ಪ್ರದೇಶದಲ್ಲಿ ಕೇಂದ್ರದ ಅಮೃತ ಯೋಜನೆಯಲ್ಲಿ ಆಯ್ಕೆಯಾದ ನಗರಗಳ ಬಗ್ಗೆ,About the cities selected in the Central Amrita Project in the Hyderabad-Karnataka region,ಬಸನಗೌಡ ಆರ್ ಪಾಟೀಲ್,Basanagowda R Patil
1128,22/11/2016,ಪಶುಸಂಗೋಪನೆ,Animal husbandry,ಪಶುಸಂಗೋಪನೆ ಇಲಾಖೆಯಲ್ಲಿರುವ ಯೋಜನೆಗಳ ಬಗ್ಗೆ,About the projects in the Animal Husbandry Department,ಬಸನಗೌಡ ಆರ್ ಪಾಟೀಲ್,Basanagowda R Patil
1129,22/11/2016,ಲೋಕೋಪಯೋಗಿ,Public service,ರಾಜ್ಯದಲ್ಲಿನ ಮಿನಿ ವಿಧಾನಸೌಧಗಳು,Mini systems in the state,ಬಸನಗೌಡ ಆರ್ ಪಾಟೀಲ್,Basanagowda R Patil
1130,22/11/2016,ಸ್ಥಳೀಯ ಸಂಸ್ಥೆ,Local organization,ಗ್ರಾಮೀಣ ಪ್ರದೇಶಗಳಲ್ಲಿ ವಿದ್ಯುತ್ ಅಭಾವ,Electricity deficiency in rural areas,ಬಸನಗೌಡ ಆರ್ ಪಾಟೀಲ್,Basanagowda R Patil
1131,22/11/2016,ಸಕ್ಕರೆ,Sugar,ಸಕ್ಕರೆ ಇಲಾಖೆ ಯೋಜನೆಗಳ ಬಗ್ಗೆ,About sugar department plans,ಬಸನಗೌಡ ಆರ್ ಪಾಟೀಲ್,Basanagowda R Patil
1132,22/11/2016,ಕೃಷಿ,Agriculture,ಉತ್ತರ ಕನ್ನಡ ಜಿಲ್ಲೆಯ ಕೃಷಿ ಉದ್ದೇಶಕ್ಕೆ ತೆಗೆದುಕೊಂಡ ವಿವಿಧ ಸಾಲಗಳನ್ನು ಕೃಷಿ ಸಾಲ ಎಂದು ಪರಿಗಣಿಸುವ ಬಗ್ಗೆ,About considering the various loans taken by the agricultural purpose of Uttara Kannada district as agricultural loans,ಬಸವರಾಜ ಶಿವಲಿಂಗಪ್ಪ ಹೊರಟಿ,Basavaraja Shivalingappa Horatti
1133,22/11/2016,ಲೋಕೋಪಯೋಗಿ,Public service,ಹುಬ್ಬಳ್ಳಿ-ಧಾರವಾಡ ನಡುವಿನ ಬೈಪಾಸ್ ರಾಷ್ಟ್ರೀಯ ಹೆದ್ದಾರಿ-೪ನ್ನು ಚತುಷ್ಟ್ಪಥ ರಸ್ತೆಯನ್ನಾಗಿ ಪರಿವರ್ತಿಸುವ ಬಗ್ಗೆ,About converting Bypass National Highway-4 between Hubli-Dharwad into Chaturtha Road,ಬಸವರಾಜ ಶಿವಲಿಂಗಪ್ಪ ಹೊರಟಿ,Basavaraja Shivalingappa Horatti
1134,22/11/2016,ಸಹಕಾರ,Cooperation,ಸಹಕಾರ ಮತ್ತು ಸಕ್ಕರೆ,Co-op and sugar,ಬಸವರಾಜ ಶಿವಲಿಂಗಪ್ಪ ಹೊರಟಿ,Basavaraja Shivalingappa Horatti
1135,22/11/2016,ಲೋಕೋಪಯೋಗಿ,Public service,ರಾಷ್ಟ್ರೀಯ ಹೆದ್ದಾರಿ ೪ ರಲ್ಲಿಯ ಕರ ಸಂಗ್ರಹದ ಬಗ್ಗೆ,About Car Storage on National Highway 4,ಬಸವರಾಜ ಶಿವಲಿಂಗಪ್ಪ ಹೊರಟಿ,Basavaraja Shivalingappa Horatti
1136,22/11/2016,ಲೋಕೋಪಯೋಗಿ,Public service,ಲೋಕೋಪಯೋಗಿ ಇಲಾಖೆಯಲ್ಲಿ ವೃಂದ ಮತ್ತು ನೇಮಕಾತಿ ನಿಯಮಗಳ ತಿದ್ದುಪಡಿ ಪ್ರಸ್ತಾವನೆ ಪ್ರಗತಿಯ ಬಗ್ಗೆ,About the progress of the Appointment of Amendment to the House and Appointment of Public Works Department,ಬಸವರಾಜ ಶಿವಲಿಂಗಪ್ಪ ಹೊರಟಿ,Basavaraja Shivalingappa Horatti
1137,22/11/2016,ಸಹಕಾರ,Cooperation,ಕರ್ನಾಟಕ ಸಂಘಗಳ ನೋಂದಣಿ ಕಾಯ್ದೆ ೧೯೬೦ರಡಿ ನೋಂದಣಿಯಾದ ಬಿಡಿಎ ಎಂಪ್ಲಾಯಿಸ್ ವೆಲ್‌ಫೇರ್ ಅಸೋಸಿಯೇಷನ್ ಅಕ್ರಮಗಳ ಬಗ್ಗೆ,Regarding the BDA Employees Welfare Association irregularities registered under the Karnataka Societies Registration Act 1960,ಬಸವರಾಜ ಶಿವಲಿಂಗಪ್ಪ ಹೊರಟಿ,Basavaraja Shivalingappa Horatti
1138,22/11/2016,ಒಳನಾಡು ಜಲಸಾರಿಗೆ,Inland water supply,ದೇವದುರ್ಗ-ಗೂಗಲ್ ರಸ್ತೆ ಪ್ರಾರಂಭಿಸದ ಬಗ್ಗೆ (ರಾಯಚೂರು ಜಿಲ್ಲೆ,Devdarga-About Google Road Launches (Raichur District,ಬಸವರಾಜ್ ಪಾಟೀಲ್ ಇಟಗಿ,Basavaraja Patil Itagi
1139,22/11/2016,ಸಹಕಾರ,Cooperation,ರಾಜ್ಯದ ಬಡ ನೇಕಾರರ ಸಾಲ ಮನ್ನಾ ಮಾಡುವ ಬಗ್ಗೆ,About wasting of poor poor weavers debt in the state,ಲಕ್ಷ್ಮೀನಾರಾಯಣ .ಎಂ.ಡಿ,Lakshmi Narayana MD
1140,22/11/2016,ಕೃಷಿ,Agriculture,ಬರಗಾಲದಿಂದ ಬೆಳೆ ನಾಶ ರೈತರಿಗೆ ಪರಿಹಾರ ನೀಡುವ ಬಗ್ಗೆ,Due to compensation for crop losses from famine,ಲಕ್ಷ್ಮೀನಾರಾಯಣ .ಎಂ.ಡಿ,Lakshmi Narayana MD
1141,22/11/2016,ಲೋಕೋಪಯೋಗಿ,Public service,ತುರುವೇಕೆರೆ ಕ್ಷೇತ್ರದ ಲೋಕೋಪಯೋಗಿ ರಸ್ತೆಗಳ ದುರಸ್ಥಿ ಬಗ್ಗೆ,About the ruin of public works roads in the Tuvuereker constituency,ಲಕ್ಷ್ಮೀನಾರಾಯಣ .ಎಂ.ಡಿ,Lakshmi Narayana MD
1142,22/11/2016,ಇಂಧನ,Fuel,ನೇಕಾರರಿಗೆ ವಿದ್ಯುಚ್ಛಕ್ತಿಯಿಲ್ಲದೆ ತೊಂದರೆಯಾಗಿರುವ ಬಗ್ಗೆ,About the weavers without electricity,ಲಕ್ಷ್ಮೀನಾರಾಯಣ .ಎಂ.ಡಿ,Lakshmi Narayana MD
1143,22/11/2016,ಪೌರಾಡಳಿv,Mesmerizing v,ತುರುವೇಕೆರೆ ನಗರದಲ್ಲಿ ಕಾಂಪ್ಲೆಕ್ಸ್ ಕಟ್ಟಡ ಕಾಮಗಾರಿ ನಿಂತಿರುವ ಬಗ್ಗೆ,Complex building work in the city of Trivikere,ಲಕ್ಷ್ಮೀನಾರಾಯಣ .ಎಂ.ಡಿ,Lakshmi Narayana MD
1144,22/11/2016,ಕೃಷಿ,Agriculture,ಕೃಷಿ ಇಲಾಖೆಯಿಂದ ನೀಡಿರುವ ಯಂತ್ರೋಪಕರಣಗಳ ಬಗ್ಗೆ,About the machinery provided by the Department of Agriculture,ಮನೋಹರ್ .ಸಿ.ಆರ್,Manohara CR
1145,22/11/2016,ಸಹಕಾರ,Cooperation,ಪ್ರಿಯದರ್ಶಿನಿ ಯೋಜನೆಯಡಿ ಮಹಿಳಾ ಸದಸ್ಯರು,Priyadarshini is a female member of the scheme,ವಟಮ್ಮ,Motamma
1146,22/11/2016,ಸಹಕಾರ,Cooperation,ಪ್ರಾಥಮಿಕ ಕೃಷಿ ಪತ್ತಿನ ಸಹಕಾರ ಸಂಘದಲ್ಲಿನ ರೈತರ ಸಾಲದ ಬಗ್ಗೆ,About Farmers Loan on Primary Agricultural Pet Cooperative Society,ಅಪ್ಪಾಜಿಗೌಡ .ಎನ್,Appajigowda N
1147,22/11/2016,ಕೃಷಿ,Agriculture,ಮಂಡ್ಯ ಜಿಲ್ಲೆಯ ರೈತರ ಅಭಿವೃದ್ಧಿ ಯೋಜನೆ ಬಗ್ಗೆ,About Farmers Development Scheme in Mandya district,ಅಪ್ಪಾಜಿಗೌಡ .ಎನ್,Appajigowda N
1148,22/11/2016,ಸ್ಥಳೀಯ ಸಂಸ್ಥೆಗಳ ಕ್ಷೇತ್ರ,Field of Local Organizations,ಸೋಲಾರ್ ಯೋಜನೆ ಬಗ್ಗೆ,About solar planning,ಅಪ್ಪಾಜಿಗೌಡ .ಎನ್,Appajigowda N
1149,22/11/2016,ಪಶುಸಂಗೋಪನೆ,Animal husbandry,ರಾಜ್ಯದಲ್ಲಿ ಪಶುಭಾಗ್ಯ ಯೋಜನೆ ಬಗ್ಗೆ,About the Animal Husbandry Plan in the State,ಅಪ್ಪಾಜಿಗೌಡ .ಎನ್,Appajigowda N
1150,22/11/2016,ಲೋಕೋಪಯೋಗಿ,Public service,ಮಂಡ್ಯ ಜಿಲ್ಲೆಯ ಗ್ರಾಮೀಣ ಕ್ಷೇತ್ರದ ರಸ್ತೆಗಳು,Rural roads in Mandya district,ಅಪ್ಪಾಜಿಗೌಡ .ಎನ್,Appajigowda N
1151,22/11/2016,ಲೋಕೋಪಯೋಗಿ,Public service,ಕಲಬುರಗಿಯಲ್ಲಿ ಸ್ಥಾಪಿಸಲು ಉದ್ದೇಶಿಸಿರುವ ವಿಮಾನ ನಿಲ್ದಾಣದ ಕಾಮಗಾರಿ ಬಗ್ಗೆ,About airport work intended to be set up in artillery,ಅಮರನಾಥ ಪಾಟೀಲ್,Amaranatha Patil
1152,22/11/2016,ಕೃಷಿ,Agriculture,ಹೈದ್ರಾಬಾದ್-ಕರ್ನಾಟಕ ಪ್ರದೇಶದಲ್ಲಿ ಅನಾವೃಷ್ಠಿ ಹಾಗೂ ಅತಿವೃಷ್ಠಿಯಿಂದ ರೈತರಿಗೆ ಬೆಳೆ ವಿಮೆ ಪಾವತಿಸುವ ಬಗ್ಗೆ,Concerned about paying crop insurance to farmers from the hyper and hybridization of the Hyderabad-Karnataka region,ಅಮರನಾಥ ಪಾಟೀಲ್,Amaranatha Patil
1153,22/11/2016,ಪೌರಾಡಳಿತ,Municipality,ಹೈದ್ರಾಬಾದ್-ಕರ್ನಾಟಕ ಪ್ರದೇಶದಲ್ಲಿ ಕೇಂದ್ರದ ಅಮೃತ ಯೋಜನೆಯಲ್ಲಿ ಆಯ್ಕೆಯಾದ ನಗರಗಳ ಬಗ್ಗೆ,About the cities selected in the Central Amrita Project in the Hyderabad-Karnataka region,ಅಮರನಾಥ ಪಾಟೀಲ್,Amaranatha Patil
1154,22/11/2016,ಇಂಧನ,Fuel,ಕಲಬುರಗಿ ತಾಲ್ಲೂಕಿನ ಫರತಾಬಾದಲದಲ್ಲಿ ಉದ್ದೇಶಿತ ಶಾಖೋತ್ಪನ್ನ ವಿದ್ಯುತ್ ಸ್ಥಾವರ ಕ್ಕೆ ಮಂಜೂರಾತಿಯ ಬಗ್ಗೆ,About sanction for targeted heating plant at Fatehabad in Kalaburagi taluk,ಅಮರನಾಥ ಪಾಟೀಲ್,Amaranatha Patil
1155,22/11/2016,ಪಶುಸಂಗೋಪನೆ,Animal husbandry,"ಬೀದರ್, ಕಲಬುರಗಿ ಮತ್ತು ಯಾದಗಿರಿ (ಏಒಈ) ಹಾಲು ಒಕ್ಕೂಟದಲ್ಲಿ ರೈತರಿಗೆ ಪ್ರೋತ್ಸಾಹ ಧನ","Bidar, Kaluburagi and Yadgiri (AOE) milk federation encouraged farmers",ಅಮರನಾಥ ಪಾಟೀಲ್,Amaranatha Patil
1156,22/11/2016,ಪಶುಸಂಗೋಪನೆ,Animal husbandry,ಬ್ರೂಸೆಲ್ಲೋಸಿಸ್ ಖಾಯಿಲೆಯಿಂದ ಪಶು ಸಿಬ್ಬಂದಿಗಳಿಗೆ ಉಂಟಾಗಿರುವ ತೊಂದರೆ ಕುರಿತು,Concerns about the disorders of bruelllososis caused by veterinary staff,ಅರುಣ ಶಹಾಪುರ,Aruna Shahaapura
1157,22/11/2016,ಪೌರಾಡಳಿv,Mesmerizing v,"ವಿಜಯಪುರ, ಬಾಗಲಕೋಟೆ ಮತ್ತು ಬೆಳಗಾವಿ ಜಿಲ್ಲೆಗಳಲ್ಲಿನ ಪಟ್ಟಣ ಪಂಚಾಯ್ತಿ ಮತ್ತು ನಗರ ಸಭೆ, ಪುರಸಭೆ ಕುರಿತು","Town Panchayat and Urban Meeting in Vijayapur, Bagalkot and Belgaum Districts, About Municipalities",ಅರುಣ ಶಹಾಪುರ,Aruna Shahaapura
1158,22/11/2016,ಕೃಷಿ,Agriculture,ಕಲಬುರಗಿ ಜಿಲ್ಲೆಯ ಲಘು ನೀರಾವರಿ ಯೋಜನೆ ಬಗ್ಗೆ,About Light Irrigation Project in Kaluburagi District,ಇಕ್ಬಾಲ್ ಅಹ್ಮದ್ ಸರಡಗಿ,Ikbal Ahmad Sadaragi
1159,22/11/2016,ಲೋಕೋಪಯೋಗಿ,Public service,ಹೊಸಪೇಟೆ-ಕೂಡ್ಲಿಗಿ-ಚಿತ್ರದುರ್ಗ ರಸ್ತೆಯು ಶಿಥಿಲವಾಗಿದ್ದು ದುರಸ್ತಿ ಮಾಡಿಸುವ ಕುರಿತು,The Hospet-Kudligi-Chitradurga Road is about to be damaged and repairing,ರಾಮಚಂದ್ರಗೌಡ,Ramachandra Gowda
1160,22/11/2016,ಲೋಕೋಪಯೋಗಿ,Public service,ಚನ್ನರಾಯಪಟ್ಟಣ-ಅರಸೀಕೆರೆ ರಸ್ತೆ ಹದೆಗೆಟ್ಟಿರುವ ಕುರಿತು,About Chanarayapatna-Arasikere Road,ರಾಮಚಂದ್ರಗೌಡ,Ramachandra Gowda
1161,22/11/2016,ಲೋಕೋಪಯೋಗಿ,Public service,"ಉತ್ತರ ಕರ್ನಾಟಕ ಜಿಲ್ಲೆಗಳ ಮೂಲಕ ಹಾದು ಹೋಗುವ ರಾಜ್ಯ ಹೆದ್ದಾರಿಗಳು ಹದೆಗೆಟ್ಟಿದ್ದು, ದುರಸ್ಥಿ ಮಾಡಿಸುವ ಕುರಿತು",State Highways passing through the North Karnataka districts are about to make and repair,ರಾಮಚಂದ್ರಗೌಡ,Ramachandra Gowda
1162,22/11/2016,ಪಶುಸಂಗೋಪನೆ,Animal husbandry,ಪಶುಪಾಲನಾ ಇಲಾಖೆಯ ಅಧಿಕಾರಿಗಳು/ಸಿಬ್ಬಂದಿ ವರ್ಗದವರಿಗೆ ಸಮರ್ಪಕ ಮಾಸಿಕ ವೇತನ ನೀಡದಿರುವ ಕುರಿತು,Regarding not providing proper monthly wages for the officers / staff of the Department of Animal Husbandry,ರಾಮಚಂದ್ರಗೌಡ,Ramachandra Gowda
1163,22/11/2016,ಪೌರಾಡಳಿತ,Municipality,ಸ್ಥಳೀಯ ಸಂಸ್ಥೆಗಳಿಗೆ ಕಸ ವಿಲೇವಾರಿಗಾಗಿ ಹಣ,Funding for garbage disposal to local organizations,ರಘುನಾಥ ರಾವ್ ಮಲ್ಕಾಪೂರೆ,Raghunath Rao Malkapore
1164,22/11/2016,ಕೃಷಿ,Agriculture,ರೈತರಿಗೆ ಪ್ರೋತ್ಸಾಹಧನ ನೀಡುವ ಬಗ್ಗೆ,About promoting farmers,ರಘುನಾಥ ರಾವ್ ಮಲ್ಕಾಪೂರೆ,Raghunath Rao Malkapore
1165,22/11/2016,ಪಶುಸಂಗೋಪನೆ,Animal husbandry,ಬೀದರ್ ಪಶುವೈದ್ಯಕೀಯ ವಿಶ್ವವಿದ್ಯಾಲಯಕ್ಕೆ ಬಿಡುಗಡೆಯಾದ ಅನುದಾನದ ಬಗ್ಗೆ,About the release of Bidar Veterinary University,ರಘುನಾಥ ರಾವ್ ಮಲ್ಕಾಪೂರೆ,Raghunath Rao Malkapore
1166,22/11/2016,ಕೃಷಿ ಮಾರುಕಟ್ಟೆ,Agricultural Market,ಬೀದರ್ ಜಿಲ್ಲೆಯ ಎ.ಪಿ.ಎಂ.ಸಿ. ಗಳ ಅಭಿವೃದ್ಧಿ ಕುರಿತು,APMC in Bidar district About Development,ರಘುನಾಥ ರಾವ್ ಮಲ್ಕಾಪೂರೆ,Raghunath Rao Malkapore
1167,22/11/2016,ಸ್ಥಳೀಯ ಸಂಸ್ಥೆಗಳು,Local Organizations,ಬೀದರ್ ಜಿಲ್ಲೆಯ ಸ್ಥಳಿಯ ಸಂಸ್ಥೆಗಳಿಗೆ ಮಂಜೂರಾದ ಅನುದಾನದ ಬಗ್ಗೆ,Approved sanction for local bodies in Bidar district,ರಘುನಾಥ ರಾವ್ ಮಲ್ಕಾಪೂರೆ,Raghunath Rao Malkapore
1168,22/11/2016,ನಗರ ಯೋಜನಾ,City planning,ವಿಧಾನಸೌಧದ ಸುತ್ತಮುತ್ತ ಇರುವ ಕ್ಲಬ್‌ಗಳ ಬಗ್ಗೆ,About clubs around the Methodist,ಉಗ್ರಪ್ಪ .ವಿ.ಎಸ್,Ugrappa VS
1169,22/11/2016,ಇಂಧನ,Fuel,ಸೌರ ಮತ್ತು ಪವನ ವಿದ್ಯುತ್ ಉತ್ಪಾದನಾ ಯಂತ್ರಗಳಿಂದ ವಿದ್ಯುತ್ ಉತ್ಪಾದನೆ,Power generation by solar and wind power generation machines,ಉಗ್ರಪ್ಪ .ವಿ.ಎಸ್,Ugrappa VS
1170,22/11/2016,ಲೋಕೋಪಯೋಗಿ,Public service,ವಿಧಾನಸೌಧ ಮತ್ತು ವಿಕಾಸಸೌಧ ಕಟ್ಟಡಗಳ ನಿರ್ಮಾಣ ಕಾರ್ಯ ಮತ್ತು ತಗುಲಿದ ವೆಚ್ಚ,Cost and construction of construction of masonry and evolutionary buildings,ಉಗ್ರಪ್ಪ .ವಿ.ಎಸ್,Ugrappa VS
1171,22/11/2016,ಕೃಷಿ,Agriculture,ರಾಜ್ಯದಲ್ಲಿ ಕೃಷಿ ಭಾಗ್ಯ ಯೋಜನೆಯ ಅನುಷ್ಠಾನದ ಬಗ್ಗೆ,About the implementation of Agriculture Bhagya Scheme in the State,ಕ್ಯಾಪ್ಟನ್ ಗಣೇಶ್ ಕಾರ್ಣಿಕ್,Capt. Ganesh Karnik
1172,22/11/2016,ಕೃಷಿ,Agriculture,ಭೂಚೇತನ-೨ ಕಾರ್ಯಕ್ರಮದ ಅನುಷ್ಠಾನದ ಬಗ್ಗೆ,About the implementation of the Bhutan-2 program,ಕ್ಯಾಪ್ಟನ್ ಗಣೇಶ್ ಕಾರ್ಣಿಕ್,Capt. Ganesh Karnik
1173,22/11/2016,ಕೃಷಿ,Agriculture,ರಾಜ್ಯದಲ್ಲಿ ಸಾವಯವ ಕೃಷಿ ಭಾಗ್ಯ ಯೋಜನೆಯಲ್ಲಿ ಕೈಗೊಂಡಿರುವ ಕಾಮಗಾರಿಗಳ ಬಗ್ಗೆ,About the works carried out in the Organic Farm Bhagya Scheme in the State,ಕ್ಯಾಪ್ಟನ್ ಗಣೇಶ್ ಕಾರ್ಣಿಕ್,Capt. Ganesh Karnik
1174,22/11/2016,ಸಹಕಾರ,Cooperation,ರಾಜ್ಯದಲ್ಲಿರುವ ಸಹಕಾರಿ ಸಂಘಗಳ ಬಗ್ಗೆ,About Cooperative Societies in the State,ಕ್ಯಾಪ್ಟನ್ ಗಣೇಶ್ ಕಾರ್ಣಿಕ್,Capt. Ganesh Karnik
1175,22/11/2016,ಇಂಧನ,Fuel,ರಾಜ್ಯದಲ್ಲಿರುವ ವಿದ್ಯುತ್ ಉತ್ಪಾದನಾ ಘಟಕಗಳ ಸ್ಥಾಪಿತ ಸಾಮರ್ಥ್ಯದ ಬಗ್ಗೆ,About the installed capacity of power plants in the state,ಕ್ಯಾಪ್ಟನ್ ಗಣೇಶ್ ಕಾರ್ಣಿಕ್,Capt. Ganesh Karnik
1176,22/11/2016,ಪಶುಸಂಗೋಪನೆ ಮತ್ತು ರೇಷ್ಮೆ,Animal husbandry and silk,ಬೆಳಗಾವಿ ಜಿಲ್ಲೆಯ ಪಶು ವೈದ್ಯ ಆಸ್ಪತ್ರೆಗಳಿಗೆ ಮೂಲಭೂತ ಸೌಲಭ್ಯ ಒದಗಿಸದೇ ಇರುವ ಬಗ್ಗೆ,About not providing basic facilities to veterinary medicine hospitals in Belgaum district,ಕವಟಗಿಮಠ ಮಹಂತೇಶ ಮಲ್ಲಿಕಾರ್ಜುನ,Kavatimata Mahantesha Mallikarjuna
1177,22/11/2016,ಸ್ಥಳೀಯ ಸಂಸ್ಥೆಗಳು,Local Organizations,ನೂತನವಾಗಿ ಮೇಲ್ದರ್ಜೆಗೇರಿಸಲ್ಪಟ್ಟ ಸ್ಥಳೀಯ ಸಂಸ್ಥೆಗಳಿಗೆ ಅನುದಾನ ಒದಗಿಸದೇ ಇರುವ ಬಗ್ಗೆ,About granting funds to newly upgraded local bodies,ಕವಟಗಿಮಠ ಮಹಂತೇಶ ಮಲ್ಲಿಕಾರ್ಜುನ,Kavatimata Mahantesha Mallikarjuna
1178,22/11/2016,ಸ್ಥಳೀಯ ಸಂಸ್ಥೆಗಳು,Local Organizations,ಸ್ಥಳೀಯ ಸಂಸ್ಥೆಗಳಲ್ಲಿ ಖಾಲಿ ಹುದ್ದೆಗಳನ್ನು ಭರ್ತಿ ಮಾಡದೇ ಇರುವ ಬಗ್ಗೆ,About filling out vacant posts in local bodies,ಕವಟಗಿಮಠ ಮಹಂತೇಶ ಮಲ್ಲಿಕಾರ್ಜುನ,Kavatimata Mahantesha Mallikarjuna
1179,22/11/2016,ಪಶುಸಂಗೋಪನೆ ಮತ್ತು ರೇಷ್ಮೆ,Animal husbandry and silk,"ರಾಜ್ಯದಲ್ಲಿ, ಹಾಲು ಉತ್ಪಾದಕರಿಗೆ ಪ್ರೋತ್ಸಾಹಧನ ಬಿಡುಗಡೆ ಮಾಡುವ ಕುರಿತು","In the state, about issuing incentives to milk producers",ಕವಟಗಿಮಠ ಮಹಂತೇಶ ಮಲ್ಲಿಕಾರ್ಜುನ,Kavatimata Mahantesha Mallikarjuna
1180,22/11/2016,ಕೃಷಿ,Agriculture,ಬೆಳಗಾವಿ ಜಿಲ್ಲೆಯಲ್ಲಿ ಸಾವಿರಾರು ಹೆಕ್ಟೇರ್ ಭೂಮಿ ಸವಳು- ಜವುಳಾಗಿರುವ ಬಗ್ಗೆ,Thousands of hectares of land in Belgaum district are about to be tarnished,ಕವಟಗಿಮಠ ಮಹಂತೇಶ ಮಲ್ಲಿಕಾರ್ಜುನ,Kavatimata Mahantesha Mallikarjuna
1181,22/11/2016,ಇಂಧನ,Fuel,ಗ್ರಾಮಪಂಚಾಯತ್ ವಿದ್ಯುತ್ ಬಿಲ್ಲಿನ ಬಾಕಿ ಮತ್ತು ಪವರ್ ಸಬ್ಸಿಡಿ ಕುರಿತು,About Gram Panchayat Electricity Bill Balance and Power Subsidy,ಕೋಟ ಶ್ರೀನಿವಾಸ ಪೂಜಾರಿ,Kota Srinivasa Pujari
1182,22/11/2016,ಲೋಕೋಪಯೋಗಿ,Public service,ಬಿ.ಸಿ. ರೋಡ್ ಅಡ್ಡ ಹೊಳೆ ಚತುಷ್ಪಥ ರಸ್ತೆ ಮತ್ತು ಶಿರಾಡಿ ಘಾಟ್ ರಸ್ತೆ ಅಭಿವೃದ್ಧಿ ಕುರಿತು,BC Road Cross Road Quadrangle Road and Shiradi Ghat Road Development,ಕೋಟ ಶ್ರೀನಿವಾಸ ಪೂಜಾರಿ,Kota Srinivasa Pujari
1183,22/11/2016,ಲೋಕೋಪಯೋಗಿ,Public service,ಸರ್ಕಾರಿ ಅತಿಥಿಗೃಹಗಳು ಲಭ್ಯತೆ ಇಲ್ಲದಿರುವ ಕುರಿತು,Government guest houses are not available,ಕೋಟ ಶ್ರೀನಿವಾಸ ಪೂಜಾರಿ,Kota Srinivasa Pujari
1184,22/11/2016,ಆರ್ಥಿಕ,Economy,ಪಶುಪಾಲನಾ ಇಲಾಖೆಯ ಸಿಬ್ಬಂದಿಗಳಿಗೆ ವೇತನ ನೀಡದಿರುವ ಬಗ್ಗೆ,About paying staff to the Department of Animal Husbandry,ಕೋಟ ಶ್ರೀನಿವಾಸ ಪೂಜಾರಿ,Kota Srinivasa Pujari
1185,22/11/2016,ಸಹಕಾರ,Cooperation,ರಾಜ್ಯದ ಸಕ್ಕರೆ ಕಾರ್ಖಾನೆಗಳ ಬಗೆ,State sugar factories,ತಾರಾಅನೂರಾಧ,Tara Anuradha
1186,22/11/2016,ಲೋಕೋಪಯೋಗಿ,Public service,ಹೆದ್ದಾರಿ ಟೋಲ್‌ನಲ್ಲಿ ಆಂಬುಲೆನ್ಸ್‌ಗೆ ಪ್ರತ್ಯೇಕ ದ್ವಾರ,Separate door to ambulance on highway toll,ಚೌಡರೆಡ್ಡಿ ತೂಪಲ್ಲಿ .ಆರ್,Chowdareddy Tupalli R
1187,22/11/2016,ಸಾರ್ವಜನಿಕ ಉದ್ದಿಮೆ,Public enterprise,ಸಾರ್ವಜನಿಕ ಉದ್ದಿಮೆಗಳ ಲಾಭ-ನಷ್ಟದ ಬಗ್ಗೆ,About the profit-loss of public enterprises,ಚೌಡರೆಡ್ಡಿ ತೂಪಲ್ಲಿ .ಆರ್,Chowdareddy Tupalli R
1188,22/11/2016,ಕೃಷಿ,Farming,ಕೃಷಿ ಯಂತ್ರ ಕೇಂದ್ರಗಳ ಬಗ್ಗೆ,About Agricultural Machine Centers,ಚೌಡರೆಡ್ಡಿ ತೂಪಲ್ಲಿ .ಆರ್,Chowdareddy Tupalli R
1189,22/11/2016,ಇಂಧನ,Fuel,ಎನ್.ಜೆ.ವೈ. ವಿದ್ಯುತ್ ಯೋಜನೆ ಬಗ್ಗೆ,NJY About the power project,ಚೌಡರೆಡ್ಡಿ ತೂಪಲ್ಲಿ .ಆರ್,Chowdareddy Tupalli R
1190,22/11/2016,ಇಂಧ,Fuel,ಮೇಲ್ಚಾವಣಿಯಿಂದ ಸೋಲಾರ್ ವಿದ್ಯುತ್ ಉತ್ಪಾದಿಸುವ ಬಗ್ಗೆ,About solar power generation from the roof,ಚೌಡರೆಡ್ಡಿ ತೂಪಲ್ಲಿ .ಆರ್,Chowdareddy Tupalli R
1191,22/11/2016,ಕೃಷಿ ಮಾರುಕಟ್ಟೆ,Agricultural Market,ಹಾಪ್‌ಕಾಮ್ಸ್ ಮಳಿಗೆಗಳಲ್ಲಿ ಬೆಲೆ ನಿಗದಿ ಫಲಕ ಹಾಕದಿರುವ ಬಗ್ಗೆ,About not putting pricing tables in hopcams stores,ಧರ್ಮಸೇನ .ಆರ್,Dharmasena R
1192,22/11/2016,ಕೃಷಿ,Farming,ಕೃಷಿ ಚಟುವಟಿಕೆಗಳಿಗೆ ಸಹಾಯಧನ,Subsidy for agricultural activities,ಧರ್ಮಸೇನ .ಆರ್,Dharmasena R
1193,22/11/2016,ತೋಟಗಾರಿಕೆ,Gardening,ತೋಟಗಾರಿಕೆ ಇಲಾಖೆಯ ಹನಿ ನೀರಾವರಿ ಯೋಜನೆ,Horticulture Department's Honey Irrigation Project,ಧರ್ಮಸೇನ .ಆರ್,Dharmasena R
1194,23/11/2016,ಅರಣ್ಯ,Forest,ರಾಯಚೂರು ಜಿಲ್ಲೆಯಲ್ಲಿ ಟ್ರೀ ಪಾರ್ಕ್‌ಗಳ ಅಭಿವೃದ್ಧಿ ಬಗ್ಗೆ,About the development of Tree Parks in Raichur district,ಬೋಸ್‌ರಾಜು .ಎನ್.ಎಸ್,Bosaraju N S
1195,23/11/2016,ಕಂದಾಯ,Revenue,ಮಾನ್ವಿ ಪಟ್ಟಣದಲ್ಲಿ ಮಿನಿ ವಿಧಾನಸೌಧ ನಿರ್ಮಾಣ ಮಾಡುವ ಬಗ್ಗೆ,About building mini-mines in Manwi town,ಬೋಸ್‌ರಾಜು .ಎನ್.ಎಸ್,Bosaraju N S
1196,23/11/2016,ಭಾರಿ ಮತ್ತು ಮಧ್ಯಮ ನೀರಾವರಿ,Heavy and medium irrigation,ತುಂಗಭದ್ರಾ ರಿಸರ್ವಾಯರ್‌ನಲ್ಲಿ ತುಂಬಿರುವ ಹೂಳಿನ ಬಗ್ಗೆ,About the burial of the Tungabhadra Reservoir,ಬೋಸ್‌ರಾಜು .ಎನ್.ಎಸ್,Bosaraju N S
1197,23/11/2016,ಕಾನೂನು,The law,ರಾಯಚೂರು ಜಿಲ್ಲಾ ನ್ಯಾಯಾಲಯ ಹಾಗೂ ಮಾನ್ವಿ ತಾಲ್ಲೂಕು ನ್ಯಾಯಾಲಯಗಳಲ್ಲಿ ಕೋರ್ಟ್ ಕಾಂಪ್ಲೆಕ್ಸ್ ನಿರ್ಮಾಣದ ಬಗ್ಗೆ,About the Court Complex in Raichur District Court and Manvi Taluk Courts,ಬೋಸ್‌ರಾಜು .ಎನ್.ಎಸ್,Bosaraju N S
1198,23/11/2016,ಶಿಕ್ಷಣ,Education,ಮಾನ್ವಿ ಪಟ್ಟಣದಲ್ಲಿ ಸರ್ಕಾರಿ ಐ.ಟಿ.ಐ. ಕಾಲೇಜು ನಿರ್ಮಾಣ ಮಾಡುವ ಕುರಿತು,Government ITI in Manvi Town About building college,ಬೋಸ್‌ರಾಜು .ಎನ್.ಎಸ್,Bosaraju N S
1199,23/11/2016,ಅರಣ್ಯ,Forest,"ಅರಣ್ಯ ಇಲಾಖೆವತಿಯಿಂದ ನಿರ್ಮಿಸಲಾದ ಚೆಕ್‌ಡ್ಯಾಂ, ಹಿಂಗು ಗುಂಡಿಗಳ ಕುರಿತು",Checkdom and hinged buttons made by the forest department,ಸುನೀಲ್ ಸುಬ್ರಮಣಿ .ಎಂ.ಪಿ,Sunil Subramani M P
1200,23/11/2016,ಮುಜರಾಯಿ,Muzarai,ಮುಜರಾಯಿ ಇಲಾಖೆಯ ದೇವಾಲಯಗಳಲ್ಲಿ ಸೇವೆ ಸಲ್ಲಿಸುತ್ತಿರುವ ನೌಕರರ ವೇತನ ಸೌಲಭ್ಯಗಳ ಬಗ್ಗೆ,About Employee Payment Services serving in the Muzrai Department of Temples,ಸುನೀಲ್ ಸುಬ್ರಮಣಿ .ಎಂ.ಪಿ,Sunil Subramani M P
1201,23/11/2016,ಕಾರ್ಮಿಕ,Labor,ಬಾಲ ಕಾರ್ಮಿಕ ಪದ್ಧತಿಯನ್ನು ತಡೆಗಟ್ಟಲು ಕ್ರಮ ಕೈಗೊಳ್ಳುವ ಬಗ್ಗೆ,About taking action to prevent child labor,ಸುನೀಲ್ ಸುಬ್ರಮಣಿ .ಎಂ.ಪಿ,Sunil Subramani M P
1202,23/11/2016,ಕಂದಾಯ,Revenue,ರಾಜ್ಯದಲ್ಲಿರುವ ಬಗರ್ ಹುಕುಂ ಸಮಿತಿಗಳ ಕಾರ್ಯ ವಿ?ಯಗಳ ಬಗ್ಗೆ,About the function of the Bugar Hookum Committees in the State,ಸುನೀಲ್ ಸುಬ್ರಮಣಿ .ಎಂ.ಪಿ,Sunil Subramani M P
1203,23/11/2016,ಅರಣ್ಯ,Forest,ರಾಮನಗರ ಜಿಲ್ಲೆಯಲ್ಲಿ ಅರಣ್ಯ ಮತ್ತು ಪರಿಸರ ಇಲಾಖೆಯಿಂದ ನೀಡಿರುವ ನಿರಕ್ಷೇಪಣದ ಬಗ್ಗೆ,Regarding the sanctions issued by the Forest and Environment Department in Ramanagara district,ಸಯದ್ ಮುಧೀರ್ ಅಗಾ,Syed Madir Aga
1204,23/11/2016,ಅರಣ್ಯ,Forest,ರಾಜ್ಯದಲ್ಲಿ ನೀಲಗಿರಿ ಗಿಡಗಳನ್ನು ಬೆಳೆಸಿರುವ ಬಗ್ಗೆ,About Eucalyptus Plantations in the State,ಸಯದ್ ಮುಧೀರ್ ಅಗಾ,Syed Madir Aga
1205,23/11/2016,ಅರಣ್ಯ,Forest,ರಾಮನಗರ ಜಿಲ್ಲೆಯಲ್ಲಿ ಅಂತರ್ಜಲ ಕುಸಿದಿರುವ ಬಗ್ಗೆ,About groundwater decline in Ramanagara district,ಸಯದ್ ಮುಧೀರ್ ಅಗಾ,Syed Madir Aga
1206,23/11/2016,ಅರಣ್ಯ,Forest,ರಾಮನಗರ ಮತ್ತು ಚಾಮರಾಜನಗರ ಅರಣ್ಯ ಇಲಾಖೆಗೆ ಬಿಡುಗಡೆಯಾದ ಹಣದ ಬಗ್ಗೆ,About the money released to the forest department of Ramanagar and Chamarajanagar,ಸಯದ್ ಮುಧೀರ್ ಅಗಾ,Syed Madir Aga
1207,23/11/2016,ಯುವ ಸಬಲೀಕರಣ ಮತ್ತು ಕ್ರೀಡಾ,Youth empowerment and sport,ಜಿಲ್ಲಾ ಮತ್ತು ತಾಲ್ಲೂಕು ಕ್ರೀಡಾಂಗಣ ಮತ್ತು ತರಬೇತುದಾರರ ಕುರಿತು,About the District and Taluk Stadium and Coaches,ಸಂಕನೂರ .ಎಸ್.ವ್ಹಿ,Sankanura S V
1208,23/11/2016,ಕಂದಾಯ,Revenue,ರಾಜ್ಯದಲ್ಲಿ ಬರ ಘೋಷಣೆಯ ಬಗ್ಗೆ,Declaration of drought in the state,ಸಮಣ್ಣ ಮ ಬೇವಿನಮರದ,Samanna Ma Bevinamara
1209,23/11/2016,ಸಣ್ಣ ನೀರಾವರಿ,Small irrigation,ಹಾವೇರಿ ಜಿಲ್ಲೆಯಲ್ಲಿರುವ ದೊಡ್ಡ ಕೆರೆಗಳು ಮತ್ತು ಸಣ್ಣ ಕೆರೆಗಳ ಬಗ್ಗೆ,About the large lakes and small lakes in Haveri district,ಸಮಣ್ಣ ಮ ಬೇವಿನಮರದ,Samanna Ma Bevinamara
1210,23/11/2016,ಕಂದಾಯ,Revenue,ಹಾವೇರಿ ಜಿಲ್ಲೆಯಲ್ಲಿ ಬೆಳೆ ಹಾನಿಗೊಂಡ ರೈತ ಕುಟುಂಬಗಳ ಬಗ್ಗೆ,About farmers who have crop damage in Haveri district,ಸಮಣ್ಣ ಮ ಬೇವಿನಮರದ,Samanna Ma Bevinamara
1211,23/11/2016,ಕಂದಾಯ,Revenue,ಹಾವೇರಿ ಜಿಲ್ಲೆಯಲ್ಲಿ ಬೆಳೆ ಹಾನಿಗೊಂಡ ರೈತ ಕುಟುಂಬಗಳ ಬಗ್ಗೆ,About farmers who have crop damage in Haveri district,ಸಮಣ್ಣ ಮ ಬೇವಿನಮರದ,Samanna Ma Bevinamara
1212,23/11/2016,ಕಂದಾಯ,Revenue,ಹಾವೇರಿ ಜಿಲ್ಲಾ ನಿರ್ಮಿತಿ ಕೇಂದ್ರದಲ್ಲಿ ಕಾಮಗಾರಿಗಳ ಬಗ್ಗೆ,Works at Haveri District Construction Center,ಸಮಣ್ಣ ಮ ಬೇವಿನಮರದ,Samanna Ma Bevinamara
1213,23/11/2016,ಅರಣ್ಯ,Forest,ಅರಣ್ಯ ಪ್ರದೇಶಗಳಲ್ಲಿ ಔ?ಧಿಯ ಗಿಡಗಳಿಗೆ ಹಾನಿ ಮತ್ತು ಕಳ್ಳ ಸಾಗಣೆ ಕುರಿತು,Concerns about the damage and theft of the plants in forest areas,ಸೋಮಣ್ಣ .ವಿ,Somanna V
1214,23/11/2016,ಮುಜರಾಯಿ,Muzarai,"ರಾಮಚಂದ್ರ ಸ್ವಾಮಿ ದೇವಸ್ಥಾನ, ಶ್ರೀರಾಂಪುರ ಬೆಂಗಳೂರು ಹಣದ ದುರ‍್ವಿನಿಯೋಗ ಮತ್ತು ದುರುಪಯೋಗದ ಬಗ್ಗೆ","Ramachandra Swamy Temple, Srirampura Bangalore About Money Injury and Abuse",ನಾರಾಯಣಸ್ವಾಮಿ .ಎಂ,Narayanaswamy M
1215,23/11/2016,ಕಂದಾಯ,Revenue,ಬಗರ್‌ಹುಕುಂ ಯೋಜನೆಯಲ್ಲಿ ಕಾನೂನು ಬಾಹಿರ ಭೂ ಮಂಜೂರಾತಿ,Illegal Land Acquisition in the Baggarukum Project,ನಾರಾಯಣಸ್ವಾಮಿ .ಕೆ.ವಿ,Narayanaswamy K V
1216,23/11/2016,ಕಂದಾಯ,Revenue,ಬಗರ್‌ಹುಕುಂ ಯೋಜನೆಯಲ್ಲಿ ಬೆಂಗಳೂರು ಉತ್ತರ ತಾಲ್ಲೂಕಿನಲ್ಲಿ ಸಲ್ಲಿಕೆಯಾದ ಅರ್ಜಿಗಳ ಬಗ್ಗೆ,Regarding applications filed in the Bangalore Taluk in the Baggarukum Project,ನಾರಾಯಣಸ್ವಾಮಿ .ಕೆ.ವಿ,Narayanaswamy K V
1217,23/11/2016,ಅರಣ್ಯ,Forest,ರಾಜ್ಯದಲ್ಲಿ ಹುಲಿ ಮತ್ತು ಆನೆಗಳ ಸಂರಕ್ಷಣೆ,Conservation of tiger and elephants in the state,ನಾರಾಯಣಸ್ವಾಮಿ .ಕೆ.ವಿ,Narayanaswamy K V
1218,23/11/2016,ಅರಣ್ಯ,Forest,ವನ್ಯ ಜೀವಿ ಸಂರಕ್ಷಣಾ ಸಿಬ್ಬಂದಿಗಳ ವಾಹನ ವ್ಯವಸೆ,Wildlife Conservation Staff Vehicle Extraction,ನಾರಾಯಣಸ್ವಾಮಿ .ಕೆ.ವಿ,Narayanaswamy K V
1219,23/11/2016,ಅರಣ್ಯ,Forest,ರಾಜ್ಯದಲ್ಲಿರುವ ಮೀಸಲು ಅರಣ್ಯ ಘೋ?ಣೆ ಬಗ್ಗೆ,About the reserve forest in the state?,ನಾರಾಯಣಸ್ವಾಮಿ .ಕೆ.ವಿ,Narayanaswamy K V
1220,23/11/2016,ಅರಣ್ಯ,Forest,"ನಾಗರಹೊಳೆ, ಬಂಡೀಪುರ ಸಂರಕ್ಷಿತ ರಾಷ್ಟ್ರೀಯ ಅಭಯಾರಣ್ಯದ ಅಂಚಿನ ಗ್ರಾಮಗಳ ವನ್ಯ ಪ್ರಾಣಿ ಮಾನವ ಸಂಘರ್ಷಗಳು ಹೆಚ್ಚುತ್ತಿರುವ ಬಗೆ","Wildlife human conflicts of border villages in Nagarhole, Bandipur National Park Sanctuary",ನಾಗರಾಜು .ಎಸ್,Nagaraja S
1221,23/11/2016,ಭಾರಿ ಮತ್ತು ಮಧ್ಯಮ ನೀರಾವರಿ,Heavy and medium irrigation,ಲಕ್ಷ್ಮಣ ತೀರ್ಥ ನದಿಯಿಂದ ಹುಣಸೂರು ತಾಲ್ಲೂಕಿನ ಕೆರೆಗೆ ನೀರು ತುಂಬಿಸುವ ಬಗ್ಗೆ,About water from Lake Lakshmana Tirtha to the lake of Hunasur taluk,ನಾಗರಾಜು .ಎಸ್,Nagaraja S
1222,23/11/2016,ಕಂದಾಯ,Revenue,ಮೈಸೂರು ಮತ್ತು ಚಾಮರಾಜನಗರ ಜಿಲ್ಲೆಗಳನ್ನು ಬರಗಾಲ ಪೀಡಿತ ಪ್ರದೇಶವೆಂದು ಘೋಷಿಸಿರುವ ಬಗ್ಗೆ,Mysore and Chamarajanagar districts have been declared as a famine affected area,ನಾಗರಾಜು .ಎಸ್,Nagaraja S
1223,23/11/2016,ಕಂದಾಯ,Revenue,ರಾಜ್ಯದಲ್ಲಿ ಕಾರ್ಯನಿರ್ವಹಿಸುತ್ತಿರುವ ಸರ್ವೇಯರ್‌ಗಳು,Surveyors working in the state,ನಾಗರಾಜು .ಎಸ್,Nagaraja S
1224,23/11/2016,ಭಾರಿ ಮತ್ತು ಮಧ್ಯಮ ನೀರಾವರಿ,Heavy and medium irrigation,ಚಾಮರಾಜನಗರ ಮೈಸೂರು ಕೆರೆಗಳಿಗೆ ನೀರು ತುಂಬಿಸುವ ಬಗ್ಗೆ,About Watering Mysore Lake Chamarajanagar,ನಾಗರಾಜು .ಎಸ್,Nagaraja S
1225,23/11/2016,ಭಾರಿ ಮತ್ತು ಮಧ್ಯಮ ನೀರಾವರಿ,Heavy and medium irrigation,ಕೃಷ್ಣ ಮೇಲ್ದಂಡೆ ಯೋಜನೆಗೆ ಭೂಸ್ವಾಧೀನಪಡಿಸಿಕೊಳ್ಳುವ ಬU,BU to acquire Krishna's overhead project,ನಿರಾಣಿ ಹಣಮಂತ್ ರುದ್ರಪ್ಪ,Nirani Hanumanth Rudrappa
1226,23/11/2016,ಸಣ್ಣ ನೀರಾವರಿ,Small irrigation,ಸಣ್ಣ ಕೆರೆಗಳ ರಕ್ಷಣೆ ಹಾಗೂ ಅಭಿವೃದ್ಧಿ ಕಾಮಗಾರಿಗಳ ಕುರಿತು,About Small Lakes Protection and Development Work,ಪ್ರದೀಪ್ ಶೆಟ್ಟರ್,Pradeep Shettar
1227,23/11/2016,ಅರಣ್ಯ,Forest,ಸಾಮಾಜಿಕ ಅರಣ್ಯ ಕಾರ್ಯಕ್ರಮದ ಕುರಿತು,About the Social Forest Program,ಪ್ರದೀಪ್ ಶೆಟ್ಟರ್,Pradeep Shettar
1228,23/11/2016,ಅರಣ್ಯ,Forest,ಅರಣ್ಯ ಇಲಾಖೆಯಿಂದ ಕೈಗೊಂಡಿರುವ ಕಾರ್ಯಕ್ರಮಗಳ ಕುರಿತು,About programs taken by the Forest Department,ಪ್ರದೀಪ್ ಶೆಟ್ಟರ್,Pradeep Shettar
1229,23/11/2016,ಕಂದಾಯ,Revenue,ಸಾಮಾಜಿಕ ಭದ್ರತೆ ಯೋಜನೆಯ ಕುರಿತು,About Social Security Scheme,ಪ್ರದೀಪ್ ಶೆಟ್ಟರ್,Pradeep Shettar
1230,23/11/2016,ಸಣ್ಣ ನೀರಾವರಿ,Small irrigation,ಹನಿ ನೀರಾವರಿ ಪದ್ಧತಿಯ ಕುರಿತು,About the Honey Irrigation System,ಪ್ರದೀಪ್ ಶೆಟ್ಟರ್,Pradeep Shettar
1231,23/11/2016,ಸಣ್ಣ ನೀರಾವರಿ,Small irrigation,ಕೆರೆಗಳ ಅಭಿವೃದ್ಧಿ ಕುರಿತು,About the development of lakes,ಪ್ರಾಣೇಶ್ .ಎಂ.ಕೆ,Pranesha M K
1232,23/11/2016,ಕಂದಾಯ,Revenue,ಚಿಕ್ಕಮಗಳೂರು ಜಿಲ್ಲೆಯ ಬರಪೀಡಿತ ಪ್ರದೇಶಗಳ ಕುರಿತು,About the drought-hit areas of Chikmagalur district,ಪ್ರಾಣೇಶ್ .ಎಂ.ಕೆ,Pranesha M K
1233,23/11/2016,ಭಾರಿ ಮತ್ತು ಮಧ್ಯಮ ನೀರಾವರಿ,Heavy and medium irrigation,ಭದ್ರಾ ಮೇಲ್ದಂಡೆ ಯೋಜನೆ ಕುರಿತು,About Bhadra Upstairs Project,ಪ್ರಾಣೇಶ್ .ಎಂ.ಕೆ,Pranesha M K
1234,23/11/2016,ಅರಣ್ಯ,Forest,ಅರಣ್ಯ ಇಲಾಖೆಯ ಅನುದಾನ ಕುರಿತು,About Forest Department Grants,ಪ್ರಾಣೇಶ್ .ಎಂ.ಕೆ,Pranesha M K
1235,23/11/2016,ಭಾರಿ ಮತ್ತು ಮಧ್ಯಮ ನೀರಾವರಿ,Heavy and medium irrigation,ವರಾಹಿ ನೀರಾವರಿ ಯೋಜನೆಯ ತನಿಖಾ ವರದಿಯ ಮೇಲೆ ತೆಗೆದುಕೊಂಡ ಕ್ರಮದ ಕುರಿತು,About the action taken on the inquiry report of the Varahi Irrigation Project,ಪ್ರತಾಪಚಂದ್ರ ಶೆಟ್ಟಿ .ಕೆ,Pratapachandra Shetty K
1236,23/11/2016,ಸಣ್ಣ ನೀರಾವರಿ,Small irrigation,ಕಿಂಡಿ ಅಣೆಕಟ್ಟುಗಳ ನಿರ್ವಹಣೆಯನ್ನು ಗ್ರಾಮ ಪಂಚಾಯತಿಗೆ ವರ್ಗಾಯಿಸುವ ಕುರಿತು,About the transfer of maintenance of Kindle Dam to Gram Panchayat,ಪ್ರತಾಪಚಂದ್ರ ಶೆಟ್ಟಿ .ಕೆ,Pratapachandra Shetty K
1237,23/11/2016,ಭಾರಿ ಮತ್ತು ಮಧ್ಯಮ ನೀರಾವರಿ,Heavy and medium irrigation,ಎತ್ತಿನ ಹೊಳೆ ಯೋಜನೆಯ ಬಗ್ಗೆ,About the ox oxide project,ಪ್ರತಾಪಚಂದ್ರ ಶೆಟ್ಟಿ .ಕೆ,Pratapachandra Shetty K
1238,23/11/2016,ಕಂದಾಯ,Revenue,ತಾಲ್ಲೂಕು ಕಛೇರಿಯಲ್ಲಿ ಕಾಣೆಯಾಗಿರುವ ಕಡತಗಳ ಬಗ್ಗೆ,About missing files in the Taluk office,ಪ್ರತಾಪಚಂದ್ರ ಶೆಟ್ಟಿ .ಕೆ,Pratapachandra Shetty K
1239,23/11/2016,ಭಾರಿ ಮತ್ತು ಮಧ್ಯಮ ನೀರಾವರಿ,Heavy and medium irrigation,ಕರ್ನಾಟಕ ನೀರಾವರಿ ನಿಗಮದಿಂದ ರೈತರಿಗೆ ಉಪಯೋಗಬಾರದ ಕಾಮಗಾರಿಯ ಕುರಿತು,About the construction of non-availability of farmers from Karnataka Irrigation Corporation,ಪ್ರತಾಪಚಂದ್ರ ಶೆಟ್ಟಿ .ಕೆ,Pratapachandra Shetty K
1240,23/11/2016,ಕಾರ್ಮಿಕ,Labor,ಅನುದಾನಿತ ಐಟಿಐ ಕಾಲೇಜುಗಳ ಸಿಬ್ಬಂದಿಗಳಿಗೆ ಥಾಮಸ್ ವರದಿ ಅನುಷ್ಠಾನಗೊಳಿಸುವ ಬಗ್ಗೆ,Thomas implementation of staff for Aided ITI Colleges,ಪುಟ್ಟಣ್ಣ,Puttanna
1241,23/11/2016,ಕ್ರೀಡಾ ಮತ್ತು ಯುವ ಸಬಲೀಕರಣ,Sports and Youth Empowerment,ಹೊಸ ಕ್ರಿಕೆಟ್ ಕ್ರೀಡಾಂಗಣ ನಿರ್ಮಿಸುವ ಬಗ್ಗೆ,Building a new cricket stadium,ಪಾಟೀಲ್ .ಬಿ.ಜಿ,Patil B G
1242,23/11/2016,ಅರಣ್ಯ,Forest,ಕಲಬುರಗಿ ಕಂದಾಯ ವಿಭಾಗದ ಆರು ಜಿಲ್ಲೆಗಳಲ್ಲಿ ಗಿಡ ಬೆಳೆಸುವ ಬಗ್ಗೆ,About planting in six districts of the artificial revenue department,ಪಾಟೀಲ್ .ಬಿ.ಜಿ,Patil B G
1243,23/11/2016,ಅರಣ್ಯ,Forest,ರಸ್ತೆ ಬದಿಯಲ್ಲಿ ನೆಡುವ ಗಿಡಗಳ ಸಂರಕ್ಷಣೆ ಬಗ್ಗೆ,About the conservation of planting plants,ವಿಮಲಾಗೌಡ,Vimalaa Gowda
1244,23/11/2016,ಯುವ ಸಬಲೀಕರಣ ಮತ್ತು ಕ್ರೀಡೆ,Youth empowerment and sports,ಯುವ ಸಬಲೀಕರಣದ ಬಗ್ಗೆ,About the youth empowerment,ವಿಮಲಾಗೌಡ,Vimalaa Gowda
1245,23/11/2016,ಕಾರ್ಮಿಕ,Labor,ಕಟ್ಟಡ ಕಾರ್ಮಿಕರಿಗೆ ಸರ್ಕಾರ ನೀಡುತ್ತಿರುವ ಸೌಲಭ್ಯಗಳ ಬಗ್ಗೆ,About the facilities offered by the Government to the building workers,ವಿಮಲಾಗೌಡ,Vimalaa Gowda
1246,23/11/2016,ಸಣ್ಣ ನೀರಾವರಿ,Small irrigation,ಸಣ್ಣ ನೀರಾವರಿ ಕೆರೆಗಳ ಬಗ್ಗೆ,About Small Irrigation Lakes,ವಿಮಲಾಗೌಡ,Vimalaa Gowda
1247,23/11/2016,ಮುಜರಾಯಿ,Muzarai,ತಿರುಮಲ ಭವನ ಸಿಬ್ಬಂದಿ ವಿವರದ ಬಗ್ಗೆ,About Tirumala Bhavan staff description,ವಿಮಲಾಗೌಡ,Vimalaa Gowda
1248,23/11/2016,ಸಣ್ಣ ನೀರಾವರಿ,Small irrigation,ಬೆಳಗಾವಿ ಜಿಲ್ಲೆಯಲ್ಲಿಯ ಕೆರೆಗಳಿಗೆ ನೀರು ತುಂಬಿಸುವ ಕುರಿತು,About filling up the lakes in Belgaum district,ವಿವಕ್‌ರಾವ್ ವಸಂತರಾವ್ ಪಾಟೀಲ್,Vivek Rao Vasanth Rao Patil
1249,23/11/2016,ಭಾರಿ ಮತ್ತು ಮಧ್ಯಮ ನೀರಾವರಿ,Heavy and medium irrigation,ಎತ್ತಿನ ಹೊಳೆ ಯೋಜನೆ ಅನು?ನ ಕುರಿತು,About the project,ವೀರಯ್ಯ .ಡಿ.ಎಸ್,Veerayya D S
1250,23/11/2016,ಭಾರಿ ಮತ್ತು ಮಧ್ಯಮ ನೀರಾವರಿ,Heavy and medium irrigation,ಎತ್ತಿನ ಹೊಳೆ ನೀರನ್ನು ಬೆಂಗಳೂರು ನಗರಕ್ಕೆ ಸರಬರಾಜು ಬಗ್ಗೆ,About the supply of coconut water to Bangalore city,ವೀರಯ್ಯ .ಡಿ.ಎಸ್,Veerayya D S
1251,23/11/2016,ಕಂದಾಯ,Revenue,ಪರಿಶಿ? ಜಾತಿ ಮತ್ತು ಪರಿಶಿ? ಪಂಗಡಗಳಿಗೆ ಸ್ಮಶಾನ ಮಂಜೂರಾತಿ ಕುರಿತು.,The survey? Caste and Survey? Commemoration of the Cemetery for Communities.,ವೀರಯ್ಯ .ಡಿ.ಎಸ್,Veerayya D S
1252,23/11/2016,ಕಂದಾಯ,Revenue,ಜಮೀನು ಮಂಜೂರಾತಿಯ ನಿರ್ಬಂಧವನ್ನು ತೆರವುಗೊಳಿಸುವ ಬಗ್ಗೆ,About clearing land sanctions,ವೀರಯ್ಯ .ಡಿ.ಎಸ್,Veerayya D S
1253,23/11/2016,ಭಾರಿ ಮತ್ತು ಮಧ್ಯಮ ನೀರಾವರಿ,Heavy and medium irrigation,ಗೋದಾವರಿ ನದಿ ನೀರಿನ ಬಗ್ಗೆ,About the river Godavari river,ವಿಜಯ್ ಸಿಂಗ್,Vijay Singh
1254,23/11/2016,ಕಂದಾಯ,Revenue,ಬೀದರ್ ಜಿಲ್ಲೆಯಲ್ಲಿ ಅತಿವೃಷ್ಠಿ ಪ್ರವಾಹದಿಂದ ಹಾನಿಯಾಗಿರುವ ಬಗ್ಗೆ,Bidar floods in Bidar district,ವಿಜಯ್ ಸಿಂಗ್,Vijay Singh
1255,23/11/2016,ಸಣ್ಣ ನೀರಾವರಿ,Small irrigation,೨೦೧೫-೧೬ನೇ ಸಾಲಿನಲ್ಲಿ ಸಣ್ಣ ಅಭಿವೃದ್ಧಿಗಾಗಿ ಅನುದಾನ ಬಿಡುಗಡೆ ಮಾಡುವ ಬಗ್ಗೆ,Issue of grant for minor development in 2015-16,ವಿಜಯ್ ಸಿಂಗ್,Vijay Singh
1256,23/11/2016,ಕಾರ್ಮಿಕ,Labor,ಹೈದ್ರಾಬಾದ್-ಕರ್ನಾಟಕದಲ್ಲಿ ನಿರುದ್ಯೋಗದ ಸಮಸ್ಯೆ ಬಗ್ಗೆ,About the problem of unemployment in Hyderabad-Karnataka,ವಿಜಯ್ ಸಿಂಗ್,Vijay Singh
1257,23/11/2016,ಮುಜರಾಯಿ,Muzarai,ಬೀದರ್ ಜಿಲ್ಲೆಯ ಮುಜರಾಯಿ ದೇವಸ್ಥಾನದ ಬಗ್ಗೆ,About the Muzrai Temple in Bidar district,ವಿಜಯ್ ಸಿಂಗ್,Vijay Singh
1258,23/11/2016,ಸಣ್ಣ ನೀರಾವರಿ,Small irrigation,ಸಣ್ಣ ನೀರಾವರಿ ಕೆರೆಗಳ ಬಗೆ,Small irrigation lakes type,ಬಸನಗೌಡ ಆರ್ ಪಾಟೀಲ್,Basanagowda R Patil
1259,23/11/2016,ಅರಣ್ಯ,Forest,ಅರಣ್ಯಕ್ಕಾಗಿ ಮೀಸಲಿಟ್ಟ ಭೂಮಿ ಬಗ್ಗೆ,About the reserved land for the forest,ಬಸನಗೌಡ ಆರ್ ಪಾಟೀಲ್,Basanagowda R Patil
1260,23/11/2016,ಸಣ್ಣ ನೀರಾವರಿ,Small irrigation,ಸಣ್ಣ ನೀರಾವರಿ ಯೋಜನೆಗಳ ಬಗ್ಗೆ,About Small Irrigation Projects,ಬಸನಗೌಡ ಆರ್ ಪಾಟೀಲ್,Basanagowda R Patil
1261,23/11/2016,ಮುಜರಾಯಿ,Muzarai,ದೇವಾಲಯಗಳ ಅಭಿವೃದ್ಧಿ,Development of temples,ಬಸನಗೌಡ ಆರ್ ಪಾಟೀಲ್,Basanagowda R Patil
1262,23/11/2016,ಕಂದಾಯ,Revenue,ಆರ್.ಟಿ.ಸಿ. ಒದಗಿಸಲು ವಿಳಂಬವಾಗುತ್ತಿರುವ ಬಗ್ಗೆ,RTC About delaying providing,ಬಸನಗೌಡ ಆರ್ ಪಾಟೀಲ್,Basanagowda R Patil
1263,23/11/2016,ಅರಣ್ಯ,Forest,ಗದಗ ಜಿಲ್ಲೆಯ ಕಪ್ಪತ್ತಗುಡ್ಡವನ್ನು ಸಂರಕ್ಷಿತ ಪ್ರದೇಶವೆಂದು ಘೋಷಿಸಿರುವ ಬಗ್ಗೆ,About the announcement of Kapadaguda in Gadag district as a protected area,ಬಸವರಾಜ ಶಿವಲಿಂಗಪ್ಪ ಹೊರಟಿ,Basavaraja Shivalingappa Horatti
1264,23/11/2016,ಕಂದಾಯ,Revenue,ರಾಜ್ಯದಲ್ಲಿ ಬರ ಪರಿಹಾರ ಕಾಮಗಾರಿಗಳನ್ನು ಅನು?ನಗೊಳಿಸುವ ಬಗ್ಗೆ,About drought relief works in the state,ಬಸವರಾಜ ಶಿವಲಿಂಗಪ್ಪ ಹೊರಟಿ,Basavaraja Shivalingappa Horatti
1265,23/11/2016,ಕಂದಾಯ,Revenue,ಹುಬ್ಬಳ್ಳಿ ತಾಲ್ಲೂಕಿನ ಗ್ರೂಪ್ ಡಿ ನೌಕರರಿಗೆ ನಿವೇಶನ ಹಂಚಿಕೆಯಲ್ಲಿ ವಿಳಂಬವಾದ ಬಗ್ಗೆ,About delay in sharing of land to Group D employees in Hubli taluk,ಬಸವರಾಜ ಶಿವಲಿಂಗಪ್ಪ ಹೊರಟಿ,Basavaraja Shivalingappa Horatti
1266,23/11/2016,ಕಾನೂನು,The law,ಹೈಕೋರ್ಟ್ ಸಿಬ್ಬಂದಿ ವೇತನ ಪರಿ?ರಣೆ ಕುರಿತು,About High Court staff payroll,ಬಸವರಾಜ ಶಿವಲಿಂಗಪ್ಪ ಹೊರಟಿ,Basavaraja Shivalingappa Horatti
1267,23/11/2016,ಕಂದಾಯ,Revenue,ರಾಜ್ಯದಲ್ಲಿ ಕುಸಿಯುತ್ತಿರುವ ಕೃಷಿ ಭೂಮಿ ಬಗ್ಗೆ,About the declining agricultural land in the state,ಬಸವರಾಜ್ ಪಾಟೀಲ್ ಇಟಗಿ,Basavaraja Patil Itagi
1268,23/11/2016,ಭಾರಿ ಮತ್ತು ಮಧ್ಯಮ ನೀರಾವರಿ,Heavy and medium irrigation,"ಎನ್.ಆರ್.ಬಿ.ಸಿ. ಕಾಲುವೆ ೧೫, ೧೬, ೧೭ ಮತ್ತು ೧೮ ನೀರು ಬಾರದ ಬಗ್ಗೆ","NRBC Water canal 15, 16, 17 and 18",ಬಸವರಾಜ್ ಪಾಟೀಲ್ ಇಟಗಿ,Basavaraja Patil Itagi
1269,23/11/2016,ಜವಳಿ,Textile,ಕಳೆದ ಮೂರು ವ?ಗಳಲ್ಲಿ ನೇಕಾರರಿಗೆ ನೀಡಿರುವ ಸೌಲಭ್ಯದ ಬಗ್ಗೆ,About the facilities provided to weavers in the past three years,ಲಕ್ಷ್ಮೀನಾರಾಯಣ .ಎಂ.ಡಿ,Lakshmi Narayana MD
1270,23/11/2016,ಜವಳಿ,Textile,ಕೈಮಗ್ಗ ಅಭಿವೃದ್ಧಿ ನಿಗಮದ ನೇಕಾರರಿಗೆ ಅನುಕೂಲ ಮಾಡುವ ಬಗ್ಗೆ,Facilitating the weavers of handloom development corporation,ಲಕ್ಷ್ಮೀನಾರಾಯಣ .ಎಂ.ಡಿ,Lakshmi Narayana MD
1271,23/11/2016,ಜವಳಿ,Textile,ವಿದ್ಯುತ್ ಮಗ್ಗಗಳ (ಸಬ್ಸಿಡಿ) ವಿತರಣೆ ಬಗ್ಗೆ,About Electricity Distribution (Subsidy) Distribution,ಲಕ್ಷ್ಮೀನಾರಾಯಣ .ಎಂ.ಡಿ,Lakshmi Narayana MD
1272,23/11/2016,ಜವಳಿ,Textile,ಕೈಮಗ್ಗ ನೇಕಾರರಿಗೆ ೪೦% ಸಬ್ಸಿಡಿ ನೀಡುವ ಬಗ್ಗೆ,About 40% subsidy for handloom weavers,ಲಕ್ಷ್ಮೀನಾರಾಯಣ .ಎಂ.ಡಿ,Lakshmi Narayana MD
1273,23/11/2016,ಕಂದಾಯ,Revenue,ಹಿಂದುಳಿದ ಸಂಘ ಸಂಸ್ಥೆಗಳಿಗೆ ಜಮೀನು ನೀಡುವ ಬಗ್ಗೆ,About granting land to backward organizations,ಲಕ್ಷ್ಮೀನಾರಾಯಣ .ಎಂ.ಡಿ,Lakshmi Narayana MD
1274,23/11/2016,ಭಾರಿ ಮತ್ತು ಮಧ್ಯಮ ನೀರಾವರಿ,Heavy and medium irrigation,"ಮಂಡ್ಯ ಜಿಲ್ಲೆ, ಮದ್ದೂರು ಮತ್ತು ಮಳವಳ್ಳಿ ತಾಲ್ಲೂಕಿನ ಶಿಂ? ನದಿಯ ನೀರಾವರಿ ಯೋಜನೆಗಳ ಬಗ್ಗೆ","Shimla in Mandya district, Maddur and Malavalli taluk. About river irrigation projects",ಶ್ರೀಕಂಠೇಗೌಡ .ಕೆ.ಟಿ,Srikantegowda KT
1275,23/11/2016,ಕಂದಾಯ,Revenue,ರಾಜ್ಯದಲ್ಲಿ ಬರಪೀಡಿತ ತಾಲ್ಲೂಕುಗಳ ಬಗ್ಗೆ,About drought taluks in the state,ಮನೋಹರ್ .ಸಿ.ಆರ್,Manohara CR
1276,23/11/2016,ಮುಜರಾಯಿ,Muzarai,ರಾಜ್ಯದಲ್ಲಿರುವ ಮುಜರಾಯಿ ದೇವಾಲಯಗಳ ಬಗ್ಗೆ,About Muzirai temples in the state,ಮನೋಹರ್ .ಸಿ.ಆರ್,Manohara CR
1277,23/11/2016,ಅರಣ್ಯ,Forest,ವಾಹನ ದಟ್ಟಣೆಯಿಂದ ವಾಯು ಮಾಲಿನ್ಯ ಹೆಚ್ಚಾಗುತ್ತಿರುವ ಬಗ್ಗೆ,About air pollution increases from vehicular traffic,ವಟಮ್ಮ,Motamma
1278,23/11/2016,ಅರಣ್ಯ,Forest,ಚಿಕ್ಕಮಗಳೂರು ಜಿಲ್ಲೆಯ ಆನೆಗಳ ದಾಳಿ ಆಗಾಗ ನಡೆಯುತ್ತಿರುವ ಬಗ್ಗೆ,About elephant attacks in Chikmagalur district are often happening,ವಟಮ್ಮ,Motamma
1279,23/11/2016,ಸ್ಥಳೀಯ ಸಂಸ್ಥೆ,Local organization,ಪೋಡಿ ಅರ್ಜಿಗಳ ಬಾಕಿ ಬಗ್ಗೆ,About the pending application pending,ಅಪ್ಪಾಜಿಗೌಡ .ಎನ್,Appajigowda N
1280,23/11/2016,ಭಾರಿ ಮತ್ತು ಮಧ್ಯಮ ನೀರಾವರಿ,Heavy and medium irrigation,ನೀರಾವರಿ ಸೌಲಭ್ಯದ ಬಗ್ಗೆ,About irrigation facility,ಅಪ್ಪಾಜಿಗೌಡ .ಎನ್,Appajigowda N
1281,23/11/2016,ಕಂದಾಯ,Revenue,ಹೈದ್ರಾಬಾದ್-ಕರ್ನಾಟಕ ಪ್ರದೇಶದಲ್ಲಿ ಬಿದ್ದ ಭಾರಿ ಮಳೆ ಹಾಗೂ ಪ್ರವಾಹದಿಂದ ಬೆಳೆ ಹಾನಿ ಬU,Heavy rainfall and flood damage caused by floods in Hyderabad-Karnataka area,ಅಮರನಾಥ ಪಾಟೀಲ್,Amaranatha Patil
1282,23/11/2016,ಕಂದಾಯ,Revenue,ಹರಪ್ಪನಹಳ್ಳಿ ತಾಲ್ಲೂಕನ್ನು ಹೈದರಾಬಾದ್-ಕರ್ನಾಟಕ ಪ್ರದೇಶಕ್ಕೆ ಸೇರ್ಪಡೆ ಮಾಡುವ ಬಗ್ಗೆ,Harappanahalli taluk is about to be added to the Hyderabad-Karnataka region,ಅಮರನಾಥ ಪಾಟೀಲ್,Amaranatha Patil
1283,23/11/2016,ಕಾರ್ಮಿಕ,Labor,ಹೈದ್ರಾಬಾದ್-ಕರ್ನಾಟಕದ ಭಾಗದ ಉದ್ಯೋಗ ವಿನಿಮಯ ಕೇಂದ್ರ ದಿಂದ ನೋಂದಾಯಿಸಿಕೊಂಡ ನಿರುದ್ಯೋಗಿ ಪದವೀಧರರ ಬಗ್ಗೆ,About unemployed graduates who registered with the Employment Exchange of Hyderabad-Karnataka,ಅಮರನಾಥ ಪಾಟೀಲ್,Amaranatha Patil
1284,23/11/2016,ಕಾರ್ಮಿಕ,Labor,ಕಲಬುರಗಿಯಲ್ಲಿ ಸ್ಥಾಪನೆಯಾಗಿರುವ ಇ.S.I. ಸಂಸ್ಥೆಯ ಬಗ್ಗೆ,E. S.I. Established in Artificial Beauty About the organization,ಅಮರನಾಥ ಪಾಟೀಲ್,Amaranatha Patil
1285,23/11/2016,ಕಂದಾಯ,Revenue,ಸರ್ಕಾರ ಘೋ?ಣೆ ಮಾಡಿರುವ ಬರ ಪೀಡಿತ ಜಿಲ್ಲೆಗಳು ಹಾಗೂ ತಾಲ್ಲೂಕಿನಲ್ಲಿ ರೈತರಿಗೆ ಘೋಷಿಸಿರುವ ಪರಿಹಾರದ ಬಗ್ಗೆ,Drought affected districts of the state and the solution to the announcement of farmers in the taluk,ಅಮರನಾಥ ಪಾಟೀಲ್,Amaranatha Patil
1286,23/11/2016,ಕಂದಾಯ,Revenue,ಬರ ಪರಿಸ್ಥಿತಿಯಿಂದಾಗಿ ರೈತರಿಗೆ ನೀಡಲಾಗುವ ಪರಿಹಾರದ ಕುರಿತು,"Due to the drought situation, the farmer's solution is",ಅರುಣ ಶಹಾಪುರ,Aruna Shahaapura
1287,23/11/2016,ಕಂದಾಯ,Revenue,"ಕಂದಾಯ ಕಾಯ್ದೆ, ೧೯೬೪ರ ಅಡಿಯಲ್ಲಿ ದಾಖಲಾಗಿರುವ ಅರ್ಜಿಗಳ ವಿಲೇವಾರಿ ಕುರಿತು","Regarding the disposal of applications filed under the Revenue Act, 1964",ಅರುಣ ಶಹಾಪುರ,Aruna Shahaapura
1288,23/11/2016,ಕಾರ್ಮಿಕ,Labor,ಐ.ಟಿ.ಐ. ಕಾಲೇಜುಗಳಲ್ಲಿ ಮೂಲಭೂತ ಸೌಕರ್ಯಗಳ ಕುರಿತು,ITI About infrastructure in colleges,ಅರುಣ ಶಹಾಪುರ,Aruna Shahaapura
1289,23/11/2016,ಕಾರ್ಮಿಕ,Labor,ಅನುದಾನ ರಹಿತ ಐ.ಟಿ.ಐ. ಸಿಬ್ಬಂದಿಗಳ ವೇತನ ಹಾಗೂ ಸೇವಾ ಭದ್ರತೆ ಕುರಿತು,Non-subsidized ITI About staff salaries and service security,ಅರುಣ ಶಹಾಪುರ,Aruna Shahaapura
1290,23/11/2016,ಕಾರ್ಮಿಕ,Labor,ಥಾಮಸ್ ವರದಿಯ ಕುರಿತು,Thomas report,ಅರುಣ ಶಹಾಪುರ,Aruna Shahaapura
1291,23/11/2016,ಕಂದಾಯ,Revenue,"ವಿಧವಾ ವೇತನ, ವೃಧ್ಯಾಪ್ಯ ವೇತನ ನೀಡುವ ಬಗೆ",Widow Pay and Margin Payment,ಜಯಮ್ಮ,Jayamma
1292,23/11/2016,ಭಾರಿ ಮತ್ತು ಮಧ್ಯಮ ನೀರಾವರಿ,Heavy and medium irrigation,ತುಂಗಭದ್ರಾ ಹಿನ್ನೀರಿನ ಮೂಲಕ ಕುಡಿಯುವ ನೀರಿನ ಯೋಜನೆ ಬಗ್ಗೆ,About Drinking Water Project Through Tungabhadra Backwaters,ಜಯಮ್ಮ,Jayamma
1293,23/11/2016,ಸಣ್ಣ ನೀರಾವರಿ,Small irrigation,ಅಂತರ್ಜಲ ಅಭಿವೃದ್ಧಿ ಬಗ್ಗೆ,About groundwater development,ಜಯಮ್ಮ,Jayamma
1294,23/11/2016,ಭಾರಿ ಮತ್ತು ಮಧ್ಯಮ ನೀರಾವರಿ,Heavy and medium irrigation,ಕಲಬುರಗಿ ಜಿಲ್ಲೆಯ ಕೆರೆಗಳ ನೀರಿಗೆ ಸಂಬಂಧಿಸಿದಂತೆ,Water for lakes in Kalaburagi district,ಇಕ್ಬಾಲ್ ಅಹ್ಮದ್ ಸರಡಗಿ,Ikbal Ahmad Sadaragi
1295,23/11/2016,ಭಾರಿ ಮತ್ತು ಮಧ್ಯಮ ನೀರಾವರಿ,Heavy and medium irrigation,ತೆಲಂಗಾಣದ ಸಂಗಂಬಂಡ ಜಲಾಶಯದ ಹಿನ್ನೀರಿನಿಂದಾಗಿ ಗುರುಮಿಠಕಲ್ ಕ್ಷೇತ್ರದ ಜಮೀನುಗಳಿಗೆ ನೀರು ನುಗ್ಗಿ ಬೆಳೆ ಹಾನಿಯಾಗಿರುವ ಬಗ್ಗೆ,"Due to the backdrop of the Sangambanda Reservoir in Telangana, the water was damaged and the crop was damaged.",ರಾಮಚಂದ್ರಗೌಡ,Ramachandra Gowda
1296,23/11/2016,ಭಾರಿ ಮತ್ತು ಮಧ್ಯಮ ನೀರಾವರಿ,Heavy and medium irrigation,ಆಂಧ್ರ ಸರ್ಕಾರವು ಗುಂಡ್ರೆವುಲ ಬಳಿ ಅಣೆಕಟ್ಟು ನಿರ್ಮಾಣ ಕೈಗೆತ್ತಿಕೊಳ್ಳುವುದರಿಂದ ರಾಯಚೂರು ರೈತರ ಗಡಿ ಭಾಗದ ಜಮೀನು ಮುಳುಗಡೆ ಭೀತಿ ಎದುರಿಸುತ್ತಿರುವ ಕುರಿತು,"The Andhra Pradesh government has taken over the construction of a dam near Gundrevula, where the land of Raichur farmers' land is facing submerged fears",ರಾಮಚಂದ್ರಗೌಡ,Ramachandra Gowda
1297,23/11/2016,ಅರಣ್ಯ,Forest,ಅರಣ್ಯ ಇಲಾಖೆಯಿಂದ ಗಿಡಗಳನ್ನು ನೆಟ್ಟ ನಂತರ ನಿರ್ವಹಣೆ ಮತ್ತು ಪರಿಶೀಲನೆಯನ್ನು ದಾಖಲಿಸುವ ಕುರಿತು,Regarding maintenance and inspection after planting plants from the Forest Department,ರಾಮಚಂದ್ರಗೌಡ,Ramachandra Gowda
1298,23/11/2016,ಕಂದಾಯ,Revenue,ಪೋಡಿ ಮುಕ್ತ ಗ್ರಾಮ ಯೋಜನೆಯ ಉದ್ದೇಶ ಹಾಗೂ ಫಲಶೃತಿ ಕುರಿv,Purpose and Efficiency of Podi Free Village Scheme v,ರಾಮಚಂದ್ರಗೌಡ,Ramachandra Gowda
1299,23/11/2016,ಕಂದಾಯ,Revenue,ತಾವರೆಕೆರೆ ಹೋಬಳಿಯಲ್ಲಿ ಸುಮಾರು ೮೮೦ ಎಕರೆ ಜಮೀನು ಶ್ರೀರಂಗಪಟ್ಟಣದ ಶ್ರೀ ರಂಗನಾಥ ಸ್ವಾಮಿ ದೇವಸ್ಥಾನಕ್ಕೆ ಸೇರುವ ಕುರಿತು,About 880 acres of land in Thavakere Hobli about joining the Sri Ranganatha Swamy Temple of Srirangapatna,ರಾಮಚಂದ್ರಗೌಡ,Ramachandra Gowda
1300,23/11/2016,ಕಂದಾಯ,Revenue,ಬೀದರ್ ಜಿಲ್ಲೆಯಲ್ಲಿ ಬೆಳೆಹಾನಿ ಬಗ್ಗೆ,About cropping in Bidar district,ರಘುನಾಥ ರಾವ್ ಮಲ್ಕಾಪೂರೆ,Raghunath Rao Malkapore
1301,23/11/2016,ಸಣ್ಣ ನೀರಾವರಿ,Small irrigation,ಕೆರೆಗಳ ದುರಸ್ಥಿ ಹೆಸರಲ್ಲಿ ವಂಚಿಸುತ್ತಿರುವುದು,The looting of the lakes is fraudulently named,ರಘುನಾಥ ರಾವ್ ಮಲ್ಕಾಪೂರೆ,Raghunath Rao Malkapore
1302,23/11/2016,ಕಂದಾಯ,Revenue,ರಾಜ್ಯದಲ್ಲಿ ಸ್ಮಶಾನ ಭೂಮಿ ಕೊರತೆ ಬಗ್ಗೆ,About the lack of cemetery land in the state,ರಘುನಾಥ ರಾವ್ ಮಲ್ಕಾಪೂರೆ,Raghunath Rao Malkapore
1303,23/11/2016,ಕಾರ್ಮಿಕ,Labor,ಕಾರ್ಮಿಕರಿಗೆ ಪರಿಹಾರಧನ ಹೆಚ್ಚಿಸುವ ಬಗ್ಗೆ,About raising compensation for workers,ರಘುನಾಥ ರಾವ್ ಮಲ್ಕಾಪೂರೆ,Raghunath Rao Malkapore
1304,23/11/2016,ಅರಣ್ಯ,Forest,ಸರಾಸರಿ ಅರಣ್ಯ ಪ್ರದೇಶದ ಬU,Average forest area b,ಉಗ್ರಪ್ಪ .ವಿ.ಎಸ್,Ugrappa VS
1305,23/11/2016,ಮುಜರಾಯಿ,Muzarai,ಮುಜರಾಯಿ ದೇವಸ್ಥಾನಗಳು ಮತ್ತು ವರಮಾನ,Muzirai Temples and Income,ಉಗ್ರಪ್ಪ .ವಿ.ಎಸ್,Ugrappa VS
1306,23/11/2016,ಭಾರಿ ಮತ್ತು ಮಧ್ಯಮ ನೀರಾವರಿ,Heavy and medium irrigation,ಆಲಮಟ್ಟಿ ಮತ್ತು ನಾರಾಯಣಪುರ ಜಲಾಶಯಗಳ ನೀರಿನ ಉಪಯೋಗದ ಕುರಿತು,About water use of Alamatti and Narayanpur reservoirs,ಉಗ್ರಪ್ಪ .ವಿ.ಎಸ್,Ugrappa VS
1307,23/11/2016,ಭಾರಿ ಮತ್ತು ಮಧ್ಯಮ ನೀರಾವರಿ,Heavy and medium irrigation,ಕೃ? ಮೇಲ್ದಂಡೆ ಯೋಜನೆಯ ಮೂರನೇ ಹಂv,Okay The third hub of the project is over,ಉಗ್ರಪ್ಪ .ವಿ.ಎಸ್,Ugrappa VS
1308,23/11/2016,ಭಾರಿ ಮತ್ತು ಮಧ್ಯಮ ನೀರಾವರಿ,Heavy and medium irrigation,ಮಹಾದಾಯಿ ನ್ಯಾಯಮಂಡಳಿ ಮತ್ತು ಪರಿಹಾರ,Mahadai tribunal and compensation,ಉಗ್ರಪ್ಪ .ವಿ.ಎಸ್,Ugrappa VS
1309,23/11/2016,ಪ್ರವಾಸೋದ್ಯಮ,Tourism,ಚಾರ್‌ಧಾಮ ಮತ್ತು ಮಾನಸ ಗಂಗೋತ್ರಿ ಯಾತ್ರೆಗೆ ಪ್ರವಾಸಿ ಸಂಸ್ಥೆಗಳನ್ನು ಗುರುತಿಸಲು ಇರುವ ಮಾನದಂಡಗಳ ಬಗ್ಗೆ,Chargham and Manasa Gangotri are the criteria for identifying tourist institutions,ಕ್ಯಾಪ್ಟನ್ ಗಣೇಶ್ ಕಾರ್ಣಿಕ್,Capt. Ganesh Karnik
1310,23/11/2016,ಕಾರ್ಮಿಕ,Labor,"ರಾಜ್ಯದ ಸರ್ಕಾರಿ, ಖಾಸಗಿ, ಅನುದಾನಿತ ಐ.ಟಿ.ಐ. ಗಳಲ್ಲಿ ಆನ್‌ಲೈನ್ ಪ್ರವೇಶಾರ್ಥಿ ಬಗ್ಗೆ","State Government, Private, Aided ITI About Online Admissions",ಕ್ಯಾಪ್ಟನ್ ಗಣೇಶ್ ಕಾರ್ಣಿಕ್,Capt. Ganesh Karnik
1311,23/11/2016,ಭಾರಿ ಮತ್ತು ಮಧ್ಯಮ ನೀರಾವರಿ,Heavy and medium irrigation,ಮೇಕೆದಾಟು ಯೋಜನೆಯನ್ನು ಜಾರಿಗೆ ತರುವ ಬಗ್ಗೆ,About Makkadatu Project Implementation,ಕ್ಯಾಪ್ಟನ್ ಗಣೇಶ್ ಕಾರ್ಣಿಕ್,Capt. Ganesh Karnik
1312,23/11/2016,ಅರಣ್ಯ,Forest,ರಾಜ್ಯದಲ್ಲಿ ಹಚ್ಚ ಹಸಿರಾಗಿರುವ ಕಾಡಿನ ವಿಸ್ತೀರ್ಣದ ಬಗ್ಗೆ,About the area of ​​the green forest in the state,ಕ್ಯಾಪ್ಟನ್ ಗಣೇಶ್ ಕಾರ್ಣಿಕ್,Capt. Ganesh Karnik
1313,23/11/2016,ಭಾರಿ ಮತ್ತು ಮಧ್ಯಮ ನೀರಾವರಿ,Heavy and medium irrigation,ರಾಜ್ಯದಲ್ಲಿ ನೀರಾವರಿ ಯೋಜನೆಯ ಸೌಲಭ್ಯದ ಕುರಿತು,About the facility of irrigation in the state,ಕ್ಯಾಪ್ಟನ್ ಗಣೇಶ್ ಕಾರ್ಣಿಕ್,Capt. Ganesh Karnik
1314,23/11/2016,ಭಾರಿ ಮತ್ತು ಮಧ್ಯಮ ನೀರಾವರಿ,Heavy and medium irrigation,ಬೆಳಗಾವಿ ಜಿಲ್ಲೆಯ ಹಿಡಕಲ್ ಜಲಾಶಯದಿಂದಾಗಿ ಮುಳುಗಡೆಯಾದ ೨೨ ಹಳ್ಳಿಗಳ ಜಮೀನಿಗೆ ಕಾಲುವೆಗಳ ಮೂಲಕ ನೀರು ಹರಿಸುವ ಬಗ್ಗೆ,About water canals for 22 villages sunk by the Hidakal reservoir in Belgaum district,ಕವಟಗಿಮಠ ಮಹಂತೇಶ ಮಲ್ಲಿಕಾರ್ಜುನ,Kavatimata Mahantesha Mallikarjuna
1315,23/11/2016,ಕಂದಾಯ,Revenue,ಬೆಳಗಾವಿ ಜಿಲ್ಲೆಯ ಖಾನಾಪೂರ ತಾಲ್ಲೂಕಿನಲ್ಲಿ ಗುತ್ತಿಗೆ ಅವಧಿ ಮುಗಿದ ಸರ್ಕಾರಿ ಭೂಮಿಯನ್ನು ಮರಳಿ ಪಡೆಯುವ ಬಗ್ಗೆ,Regarding withdrawal of government land at the Khanapur taluk in Belgaum district,ಕವಟಗಿಮಠ ಮಹಂತೇಶ ಮಲ್ಲಿಕಾರ್ಜುನ,Kavatimata Mahantesha Mallikarjuna
1316,23/11/2016,ಭಾರಿ ಮತ್ತು ಮಧ್ಯಮ ನೀರಾವರಿ,Heavy and medium irrigation,ಬೆಳಗಾವಿ ಜಿಲ್ಲೆಯ ರಾಮಲಿಂಗೇಶ್ವರ ಏತ ನೀರಾವರಿ ಯೋಜನೆಗೆ ಸ್ವಾಧೀನಪಡಿಸಿಕೊಂಡ ರೈತರ ಜಮೀನಿಗೆ ಪರಿಹಾರ ವಿತರಿಸುವ ಬಗ್ಗೆ,Distributing relief to farmers' land acquired for Ramalingeswara irrigation project in Belgaum district,ಕವಟಗಿಮಠ ಮಹಂತೇಶ ಮಲ್ಲಿಕಾರ್ಜುನ,Kavatimata Mahantesha Mallikarjuna
1317,23/11/2016,ಭಾರಿ ಮತ್ತು ಮಧ್ಯಮ ನೀರಾವರಿ,Heavy and medium irrigation,ಬೆಳಗಾವಿ ಜಿಲ್ಲೆಯ ಬತ್ತಿದ ಕೆರೆಗಳಿಗೆ ನೀರು ತುಂಬಿಸುವ ಬಗ್ಗೆ,About filling water with lakes in Belgaum district,ಕವಟಗಿಮಠ ಮಹಂತೇಶ ಮಲ್ಲಿಕಾರ್ಜುನ,Kavatimata Mahantesha Mallikarjuna
1318,23/11/2016,ಜವಳಿ,Textile,ಕರ್ನಾಟಕ ಕೈಮಗ್ಗ ಅಭಿವೃದ್ಧಿ ನಿಗಮದಲ್ಲಿ ಸೇವೆ ಸಲ್ಲಿಸಿ ನಿವೃತ್ತಿ ಹೊಂದಿದ ನೌಕರರಿಗೆ ಗ್ರಾಚ್ಯುಟಿ ಸಿಗದೇ ಇರುವ ವಿಚಾg,Employees who have retired from the Karnataka Handloom Development Corporation are not eligible for gratuity.,ಕವಟಗಿಮಠ ಮಹಂತೇಶ ಮಲ್ಲಿಕಾರ್ಜುನ,Kavatimata Mahantesha Mallikarjuna
1319,23/11/2016,ಕಂದಾಯ,Revenue,ಕಂದಾಯ,Revenue,ಕಾಂತರಾಜು,Kantaraju
1320,23/11/2016,ಅರಣ್ಯ,Forest,ಕಾಡಿನೊಳಗೆ ರೆಸಾರ್ಟ್ಸ್,Resorts in the forest,ಕಟ ಶ್ರೀನಿವಾಸ ಪೂಜಾರಿ,Kota Srinivasa Pujari
1321,23/11/2016,ಭಾರಿ ಮತ್ತು ಮಧ್ಯಮ ನೀರಾವರಿ,Heavy and medium irrigation,ಎತ್ತಿನಹೊಳೆ ಯೋಜನೆಯ ಸಾಧಕ-ಭಾದಕದ ಕುರಿತು,About the prospect of the Etinahole project,ಕೋಟ ಶ್ರೀನಿವಾಸ ಪೂಜಾರಿ,Kota Srinivasa Pujari
1322,23/11/2016,ಕಂದಾಯ,Revenue,ಫಾರ್ಮ್ ಹೌಸ್ (ಬೇಸಾಯದ ಮನೆ) ಅನುಮತಿಗೆ ನಿಯಮಾವಳಿ ರೂಪಿಸದೇ ಇರುವ ಕುರಿತು,Farm House (farm house) about not formulating a permit,ಕೋಟ ಶ್ರೀನಿವಾಸ ಪೂಜಾರಿ,Kota Srinivasa Pujari
1323,23/11/2016,ಕಾನೂನು,The law,ಉಡುಪಿ ಜಿಲ್ಲಾ ನ್ಯಾಯಾಲಯದ ಸಂಕೀರ್ಣದ ಕಾಮಗಾರಿ ವಿಳಂಬದ ಕುರಿತು,Udupi district court complex on delay in construction of the complex,ಕೋಟ ಶ್ರೀನಿವಾಸ ಪೂಜಾರಿ,Kota Srinivasa Pujari
1324,23/11/2016,ಕಾನೂನು,The law,ಪ್ರತಿ ಜಿಲ್ಲೆಯಲ್ಲಿ ಕುಟುಂಬ ನ್ಯಾಯಾಲಯ ಸ್ಥಾಪನೆಯಲ್ಲಿನ ವಿಳಂಬದ ಕುರಿತು,Regarding the delay in the family court establishment in each district,ಕೋಟ ಶ್ರೀನಿವಾಸ ಪೂಜಾರಿ,Kota Srinivasa Pujari
1325,23/11/2016,ಕಾರ್ಮಿಕ,Labor,ಕಾರ್ಮಿಕ ಕಲ್ಯಾಣ ನಿಧಿಯ ಅನುದಾನ ನಿರ್ವಹಣೆ ಮತ್ತು ಕಾರ್ಮಿಕರ ನೋಂದಣಿ ಬಗ್ಗೆ,About the grant management and labor registration of labor welfare fund,ಕೋಟ ಶ್ರೀನಿವಾಸ ಪೂಜಾರಿ,Kota Srinivasa Pujari
1326,23/11/2016,ಅರಣ್ಯ,Forest,ಬಳ್ಳಾರಿ ಜಿಲ್ಲಾ ವ್ಯಾಪ್ತಿಯಲ್ಲಿ ಅರಣ್ಯಾಭಿವೃದ್ಧಿ ಕುರಿತಾದ ಯೋಜನೆಗಳ ಅನು?,What are the plans for development in Bellary district?,ಕೊಂಡಯ್ಯ .ಕೆ.ಸಿ,Kondaiah KC
1327,23/11/2016,ಮೀನುಗಾರಿಕೆ,Fishing,ಹೈದರಾಬಾದ್-ಕರ್ನಾಟಕ ಪ್ರದೇಶಗಳಲ್ಲಿ ಒಳನಾಡು ಮೀನುಗಾರಿಕೆ ಅಭಿವೃದ್ಧಿ ಕುರಿತು,About the inland fishing development of the Hyderabad-Karnataka areas,ಕೊಂಡಯ್ಯ .ಕೆ.ಸಿ,Kondaiah KC
1328,23/11/2016,ಜವಳಿ,Textile,ಹೈದರಾಬಾದ್-ಕರ್ನಾಟಕ ಪ್ರದೇಶಗಳಲ್ಲಿ ಜವಳಿ ಉದ್ಯಮದ ಅಭಿವೃದ್ಧಿ ಕುರಿತು,About the development of textile industry in Hyderabad-Karnataka areas,ಕೊಂಡಯ್ಯ .ಕೆ.ಸಿ,Kondaiah KC
1329,23/11/2016,ಅರಣ್ಯ,Forest,ಕಾಡಾನೆಗಳ ಹಾವಳಿಯಿಂದ ಮರಣ ಹೊಂದಿದ ವ್ಯಕ್ತಿಗಳಿಗೆ ನೀಡಿರುವ ಪರಿಹಾರದ ಬಗ್ಗೆ,About the solution given to people who died from the catapult,ಗೋಪಾಲಸ್ವಾಮಿ .ಎಂ.ಎ,Gopalaswamy MA
1330,23/11/2016,ಯುವ ಸಬಲೀಕರಣ ಮತ್ತು ಕ್ರೀಡಾ,Youth empowerment and sport,ಕ್ರೀಡಾಂಗಣ ಮತ್ತು ಕ್ರೀಡಾ ಚಟುವಟಿಕೆಗಳಿಗೆ ಪ್ರೋತ್ಸಾಹಧನ ನೀಡುವ ಬಗ್ಗೆ,About promoting stadium and sports activities,ಗೋಪಾಲಸ್ವಾಮಿ .ಎಂ.ಎ,Gopalaswamy MA
1331,23/11/2016,ಅರಣ್ಯ,Forest,ಹುಲಿ ಸಂರಕ್ಷಣೆಗಾಗಿ ಪ್ರಾಧಿಕಾರ,Authority for Tiger Conservation,ತಾರಾಅನೂರಾಧ,Tara Anuradha
1332,23/11/2016,ಕಾರ್ಮಿಕ,Labor,ಕಾರ್ಮಿಕರ ಕನಿ? ಕೂಲಿ ದರದ ಬಗ್ಗೆ,Is the worker low? About the mercenary rate,ಚೌಡರೆಡ್ಡಿ ತೂಪಲ್ಲಿ .ಆರ್,Chowdareddy Tupalli R
1333,23/11/2016,ಭಾರಿ ಮತ್ತು ಮಧ್ಯಮ ನೀರಾವರಿ,Heavy and medium irrigation,ಎತ್ತಿನ ಹೊಳೆ ಯೋಜನೆಯ ಬಗ್ಗೆ,About the ox oxide project,ಚೌಡರೆಡ್ಡಿ ತೂಪಲ್ಲಿ .ಆರ್,Chowdareddy Tupalli R
1334,23/11/2016,ಕಂದಾಯ,Revenue,ಗ್ರಾಮ ಸಹಾಯಕರನ್ನು ಡಿ ದರ್ಜೆ ನೌಕರರೆಂದು ಪರಿಗಣಿಸುವ ಬಗ್ಗೆ,About considering village assistants as D-class employees,ಚೌಡರೆಡ್ಡಿ ತೂಪಲ್ಲಿ .ಆರ್,Chowdareddy Tupalli R
1335,23/11/2016,ಅರಣ್ಯ,Forest,ಅರಣ್ಯ ಭೂಮಿಯನ್ನು ಗುತ್ತಿಗೆ ನೀಡುವ ಬಗ್ಗೆ,About lease of forest land,ಚೌಡರೆಡ್ಡಿ ತೂಪಲ್ಲಿ .ಆರ್,Chowdareddy Tupalli R
1336,23/11/2016,ಕಂದಾಯ,Revenue,"ರಾಜ್ಯದಲ್ಲಿರುವ ಜಿಲ್ಲಾ, ತಾಲ್ಲೂಕುಗಳು ಮತ್ತು ಹೋಬಳಿಗಳ ಬಗ್ಗೆ","About the district, taluk and hobli in the state",ಚೌಡರೆಡ್ಡಿ ತೂಪಲ್ಲಿ .ಆರ್,Chowdareddy Tupalli R
1337,23/11/2016,ಕಾರ್ಮಿಕ,Labor,ಬಾಲಕಾರ್ಮಿಕರ ಪುನರ್ವಸತಿ,Child rehabilitation,ಧರ್ಮಸೇನ .ಆರ್,Dharmasena R
1338,23/11/2016,ಅರಣ್ಯ,Forest,ಅರಣ್ಯ ರಕ್ಷಣೆ ಮತ್ತು ಅಭಿವೃದ್ಧಿ ಕಾಮಗಾರಿಗಳು,Forest protection and development works,ಧರ್ಮಸೇನ .ಆರ್,Dharmasena R
1339,23/11/2016,ಭಾರಿ ಮತ್ತು ಮಧ್ಯಮ ನೀರಾವರಿ,Heavy and medium irrigation,ಕಬನಿ ನದಿಯಿಂದ ಮೈಸೂರು ಮತ್ತು ಚಾಮರಾಜನಗರದ ಕೆರೆಗಳಿಗೆ ನೀರು ತುಂಬಿಸುವ ಬಗ್ಗೆ,Water from the Kabani river to the lakes of Mysore and Chamarajanagar,ಧರ್ಮಸೇನ .ಆರ್,Dharmasena R
1340,24/11/2016,ಗೃಹ,Home,ರಾಯಚೂರು ನಗರದಲ್ಲಿರುವ ಕೇಂದ್ರ ಕಾರಾಗೃಹವನ್ನು ಹೊರ ಪ್ರದೇಶಕ್ಕೆ ಸ್ಥಳಾಂತರಿಸುವ ಬಗ್ಗೆ,Moving the central prisons in Raichur city to the outer area,ಬೋಸ್‌ರಾಜು .ಎನ್.ಎಸ್,Bosaraju N S
1341,24/11/2016,ಅಬಕಾರಿ,Excuse,ಪರವಾನಗಿ ಇಲ್ಲದೆ ಸಾರಾಯಿ ಬಾಟಲುಗಳನ್ನು ಮಾರಾಟ ಮಾಡುತ್ತಿರುವ ಬಗ್ಗೆ,About selling salty bottles without a license,ಬೋಸ್‌ರಾಜು .ಎನ್.ಎಸ್,Bosaraju N S
1342,24/11/2016,ನಗರಾಭಿವೃದ್ಧಿ,Urban development,ಮಾನ್ವಿ ಪಟ್ಟಣಕ್ಕೆ ಪ್ರಸ್ತುತವಾಗಿ ಕುಡಿಯುವ ನೀರಿನ ತೊಂದರೆ ಬಗ್ಗೆ,Manvy town is currently having trouble drinking water,ಬೋಸ್‌ರಾಜು .ಎನ್.ಎಸ್,Bosaraju N S
1343,24/11/2016,ವಾರ್ತಾ ಮತ್ತು ಪ್ರಚಾರ,News and promotion,ಸಣ್ಣ ಪತ್ರಿಕೆಗಳನ್ನು ಪ್ರೋತ್ಸಾಹಿಸುವ ಕುರಿತು,About encouraging small journals,ಬೋಸ್‌ರಾಜು .ಎನ್.ಎಸ್,Bosaraju N S
1344,24/11/2016,ಆರ್ಥಿಕ,Economy,ನಿಶ್ಚಿತ ಪೆನ್?ನ್ ಯೋಜನೆ ಮುಂದುವರೆಸುವ ಬಗ್ಗೆ,About continuing pen plans,ಬೋಸ್‌ರಾಜು .ಎನ್.ಎಸ್,Bosaraju N S
1345,24/11/2016,ಗೃಹ,Home,"ರಾಜ್ಯದಲ್ಲಿ ನಡೆದಿರುವ ಕೊಲೆ, ಅತ್ಯಾಚಾರ, ಗಲಭೆ ಪ್ರಕರಣಗಳ ಕುರಿತು","About murder, rape and riot cases in the state",ಭಾನುಪ್ರಕಾಶ್,Bhanu Prakasha
1346,24/11/2016,ಆರ್ಥಿಕ,Economy,ಜ್ಯೋತಿ ಸಂಜೀವಿನಿ ಯೋಜನೆಯಡಿ ಅನುಮೋದಿತವಾಗಿರುವ ಆಸ್ಪತ್ರೆಗಳ ಬಗ್ಗೆ,About hospitals approved under the Jyoti Sanjeevini scheme,ಸುನೀಲ್ ಸುಬ್ರಮಣಿ .ಎಂ.ಪಿ,Sunil Subramani M P
1347,24/11/2016,ಲೋಕೋಪಯೋಗಿ,Public service,ಜಯಮಹಲ್ ರಸ್ತೆ ಅಗಲೀಕರಣದ ಕುರಿತು,About Jayamahal Road Widening,ಸಯದ್ ಮುಧೀರ್ ಅಗಾ,Syed Madir Aga
1348,24/11/2016,ನಗರಾಭಿವೃದ್ಧಿ,Urban development,ಗದಗ ಬೆಟಗೇರಿ ಅವಳಿ ನಗರಕ್ಕೆ ಕುಡಿಯುವ ನೀರಿನ ಪೂರೈಕೆ ಕುರಿತು,About the supply of drinking water to Gadag Batoriari twin city,ಸಂಕನೂರ .ಎಸ್.ವ್ಹಿ,Sankanura S V
1349,24/11/2016,ಗೃಹ,Home,ರಾಜ್ಯದಲ್ಲಿನ ಆರಕ್ಷಕ ಠಾಣೆಗಳ ವಿವರಗಳ ಬಗ್ಗೆ,About the details of police stations in the state,ಸಮಣ್ಣ ಮ ಬೇವಿನಮರದ,Samanna Ma Bevinamara
1350,24/11/2016,ಗೃಹ,Home,ರಾಜ್ಯದಲ್ಲಿ ಒಟ್ಟು ಮಹಿಳಾ ಪೊಲೀಸ್ ಅಧಿಕಾರಿಗಳು ಮತ್ತು ಪೇದೆಗಳ ಬಗ್ಗೆ,About Total Police Officers and Constables in the State,ಸಮಣ್ಣ ಮ ಬೇವಿನಮರದ,Samanna Ma Bevinamara
1351,24/11/2016,ಗೃಹ,Home,"ರಾಜ್ಯದಲ್ಲಿ ಕೊಲೆ, ಸುಲಿಗೆ ದರೋಡೆಗಳು ನಡೆಯುತ್ತಿರುವ ಬಗ್ಗೆ",About the ongoing murder and robbery robbery in the state,ಸಮಣ್ಣ ಮ ಬೇವಿನಮರದ,Samanna Ma Bevinamara
1352,24/11/2016,ಗೃಹ,Home,ರಾಜ್ಯದಲ್ಲಿರುವ ಕಾರಾಗೃಹಗಳ ಖೈದಿಗಳ ಬಗ್ಗೆ,About prisoners in prisons in the state,ಸಮಣ್ಣ ಮ ಬೇವಿನಮರದ,Samanna Ma Bevinamara
1353,24/11/2016,ನಗರ ಯೋಜನಾ,City planning,ಕೇಂದ್ರ ಸರ್ಕಾರದಿಂದ ಬಿ.ಬಿ.ಎಂ.ಪಿ.ಗೆ ನೀಡಿದ ಅನುದಾನದ ಬಗ್ಗೆ,About the grant from the central government to the BBMP,ಸೋಮಣ್ಣ .ವಿ,Somanna V
1354,24/11/2016,ಆರ್ಥಿಕ,Economy,ಸರ್ಕಾರ ಕಳೆದ ೩ ವ?ಗಳಿಂದ ಮಾಡಿದ ಸಾಲದ ವಿವರ ಕುರಿತು,Regarding the loan details made by the government over the last 3 years,ಸೋಮಣ್ಣ .ವಿ,Somanna V
1355,24/11/2016,ನಗರ ಯೋಜನಾ,City planning,ವಿಧಾನಸಭಾ ಕ್ಷೇತ್ರಗಳ ಅಭಿವೃದ್ಧಿಗೆ ಬಿಡುಗಡೆಯಾಗಿರುವ ಅನುದಾನದ ಕುರಿತು,Support for the release of the Assembly constituencies,ನಾರಾಯಣಸ್ವಾಮಿ .ಎಂ,Narayanaswamy M
1356,24/11/2016,ನಗರ ಯೋಜನಾ,City planning,ಬೃಹತ್ ಬೆಂಗಳೂರು ಮಹಾನಗರ ಪಾಲಿಕೆ ಒತ್ತುವರಿ ತೆರವು ಕಾರ್ಯಾಚರಣೆಯಲ್ಲಾಗಿರುವ ಪಕ್ಷಪಾತದ ಬಗ್ಗೆ,About the bias in the huge Bangalore Metropolitan Pollution Employee Clearance campaign,ನಾರಾಯಣಸ್ವಾಮಿ .ಕೆ.ವಿ,Narayanaswamy K V
1357,24/11/2016,ಗೃಹ,Home,ಸಾರ್ವಜನಿಕ ಉದ್ಯಾನವನಗಳು ಕಾನೂನು ಬಾಹಿರ ಚಟುವಟಿಕೆಗಳ ತಾಣವಾಗಿರುವ ಬಗ್ಗೆ,Public parks are the site of illegal activities,ನಾರಾಯಣಸ್ವಾಮಿ .ಕೆ.ವಿ,Narayanaswamy K V
1358,24/11/2016,ಗೃಹ,Home,ಮೈಸೂರು ನಗರ ಮತ್ತು ಜಿಲ್ಲೆಯಲ್ಲಿ ಅಪರಾಧಗಳ ಹೆಚ್ಚಳದ ಬಗ್ಗೆ,Mysore about the increase in crime in the city and district,ನಾಗರಾಜು .ಎಸ್,Nagaraja S
1359,24/11/2016,ನಗರಾಭಿವೃದ್ಧಿ,Urban development,ರಂಗಾಚಾರ್ಲ್ಲು ಪುರಭವನ ಪಕ್ಕದ ಕಾಮಗಾರಿಯಿಂದ ನಗರ ಸೌಂದರ್ಯ ಹಾನಿ,Urban beauty damage from adjoining town of Rangacharoo town,ನಾಗರಾಜು .ಎಸ್,Nagaraja S
1360,24/11/2016,ನಗರಾಭಿವೃದ್ಧಿ,Urban development,ಮೈಸೂರು ನಗರದ ದೇವರಾಜ ಮಾರುಕಟ್ಟೆಯ ಪುನರ್ ನಿರ್ಮಾಣ,Reconstruction of the Devaraja Market in Mysore city,ನಾಗರಾಜು .ಎಸ್,Nagaraja S
1361,24/11/2016,ನಗರಾಭಿವೃದ್ಧಿ,Urban development,ಮೈಸೂರು ನಗರದಲ್ಲಿರುವ ಪಾರಂಪರಿಕ ಕಟ್ಟಡಗಳ ಜೀರ್ಣೋದ್ಧಾರ,Digestive of Heritage Buildings in Mysore City,ನಾಗರಾಜು .ಎಸ್,Nagaraja S
1362,24/11/2016,ಗೃಹ,Home,ಪೊಲೀಸ್ ಅಧಿಕಾರಿಗಳು ಮತ್ತು ಸಿಬ್ಬಂದಿಯ ಬೇಡಿಕೆಗಳು,Demands of police officers and staff,ನಾಗರಾಜು .ಎಸ್,Nagaraja S
1363,24/11/2016,ಸಿಬ್ಬಂದಿ ಮತ್ತು ಆಡಳಿತ ಸುಧಾರಣೆ,Staff and administrative reform,ರಾಜ್ಯದ ವಿವಿಧ ಇಲಾಖೆಗಳಲ್ಲಿ ಖಾಲಿಯಿರುವ ಹುದ್ದೆಗಳ ಬಗ್ಗೆ,About vacancies in different departments of the state,ನಿರಾಣಿ ಹಣಮಂತ್ ರುದ್ರಪ್ಪ,Nirani Hanumanth Rudrappa
1364,24/11/2016,ಆರ್ಥಿಕ,Economy,ಸಮಾನ ಕೆಲಸ ಸಮಾನ ವೇತನ ಕುರಿತು,Equal work is about equal pay,ಪ್ರದೀಪ್ ಶೆಟ್ಟರ್,Pradeep Shettar
1365,24/11/2016,ಅಬಕಾರಿ,Excuse,ಹೊಸ ಮದ್ಯ ಮಳಿಗೆಗಳ ಕುರಿತು,About new liquor stores,ಪ್ರದೀಪ್ ಶೆಟ್ಟರ್,Pradeep Shettar
1366,24/11/2016,ಗೃಹ,Home,"ಹುಬ್ಬಳ್ಳಿ-ಧಾರವಾಡ ಅವಳಿ ನಗರಗಳಲ್ಲಿ ಕೊಲೆ, ಸುಲಿಗೆ ಹಾಗೂ ದರೋಡೆಗಳ ಕುರಿತು","About Hubli-Dharwad twin cities, murder, robbery and robbery",ಪ್ರದೀಪ್ ಶೆಟ್ಟರ್,Pradeep Shettar
1367,24/11/2016,ಗೃಹ,Home,ರಾಜ್ಯದಲ್ಲಿ ಮಕ್ಕಳ ನಾಪತ್ತೆ ಪ್ರಕರಣ ಕುರಿತು,About children's missing case in the state,ಪ್ರಾಣೇಶ್ .ಎಂ.ಕೆ,Pranesha M K
1368,24/11/2016,ನಗರಾಭಿವೃದ್ಧಿ,Urban development,ನೀರಿನ ದರಗಳ ಪರಿ?ರಣೆ ಕುರಿತು,About Water Rates?,ಪ್ರಾಣೇಶ್ .ಎಂ.ಕೆ,Pranesha M K
1369,24/11/2016,ಸಿಬ್ಬಂದಿ ಮತ್ತು ಆಡಳಿತ ಸುಧಾರಣೆ,Staff and administrative reform,ಲೋಕಾಯುಕ್ತ ಇಲಾಖೆಯ ತನಿಖಾ ವರದಿಯ ಕ್ರಮದ ಕುರಿತು,About the Order of the Lokayukta Department's Investigation Report,ಪ್ರತಾಪಚಂದ್ರ ಶೆಟ್ಟಿ .ಕೆ,Pratapachandra Shetty K
1370,24/11/2016,ಸಿಬ್ಬಂದಿ ಮತ್ತು ಆಡಳಿತ ಸುಧಾರಣೆ,Staff and administrative reform,ರಾಜ್ಯದಲ್ಲಿ ಗುಪ್ತದಳ ಇಲಾಖೆಯ ಪುನಶ್ಚೇತನ ಕುರಿತು,About the revival of the Intelligence Department in the state,ಪ್ರತಾಪಚಂದ್ರ ಶೆಟ್ಟಿ .ಕೆ,Pratapachandra Shetty K
1371,24/11/2016,ವಾಣಿಜ್ಯ,Commercial,ವಾಣಿಜ್ಯ ತೆರಿಗೆ ಇಲಾಖೆಯ ಸಿಬ್ಬಂದಿಯ ಕೊರತೆಯ ಕುರಿತು,About the lack of business tax department staff,ಪ್ರತಾಪಚಂದ್ರ ಶೆಟ್ಟಿ .ಕೆ,Pratapachandra Shetty K
1372,24/11/2016,ನಗರ ಯೋಜನಾ,City planning,ಬೆಂಗಳೂರು ಮಹಾನಗರ ಪಾಲಿಕೆಯ ವಸತಿ ಸಮುಚ್ಛಯಗಳ ಕಟ್ಟಡಗಳ ಕುಸಿತ,The collapse of the residential complexes of the Bangalore Metropolitan Corporation,ಪ್ರತಾಪಚಂದ್ರ ಶೆಟ್ಟಿ .ಕೆ,Pratapachandra Shetty K
1373,24/11/2016,ನಗರ ಯೋಜನಾ,City planning,ನಮ್ಮ ಮೆಟ್ರೋ ಯೋಜನೆಯ ಪ್ರಗತಿಯ ಕುರಿತು,About the progress of our Metro project,ಪ್ರತಾಪಚಂದ್ರ ಶೆಟ್ಟಿ .ಕೆ,Pratapachandra Shetty K
1374,24/11/2016,ಆರ್ಥಿಕ,Economy,"ಸರ್ಕಾರಿ ಪ್ರಾಥಮಿಕ, ಪ್ರೌಢ ಹಾಗೂ ಪದವಿ ಪೂರ್ವ ಕಾಲೇಜು ನೌಕರರಿಗೆ ಜ್ಯೋತಿ ಸಂಜೀವಿನಿ ಯೋಜನೆ ಜಾರಿಯಾಗದಿರುವ ಬಗ್ಗೆ","About Jyoti Sanjeevini Scheme for Government Primary, Secondary and Graduate College Employees",ಪುಟ್ಟಣ್ಣ,Puttanna
1375,24/11/2016,ನಗರಾಭಿವೃದ್ಧಿ,Urban development,ಕಲಬುರಗಿ ಮಹಾನಗರ ಪಾಲಿಕೆಗೆ ನಗರೋತ್ಥಾನದ ಅನುದಾನದ ಬಗ್ಗೆ,About the granting of urbanization to the artificial city metropolitan corporation,ಪಾಟೀಲ್ .ಬಿ.ಜಿ,Patil B G
1376,24/11/2016,ನಗರಾಭಿವೃದ್ಧಿ,Urban development,ಕಲಬುರಗಿ ನಗರಕ್ಕೆ ನೀರು ಸರಬರಾಜು ಯೋಜನೆಗಳ ಬಗ್ಗೆ,About Water Supply Projects for Artificial City,ಪಾಟೀಲ್ .ಬಿ.ಜಿ,Patil B G
1377,24/11/2016,ವಾರ್ತಾ ಮತ ಪ್ರಚಾರ,News promotion campaign,ಜಾಹೀರಾತು ಫಲಕ ಅಳವಡಿಕೆಗೆ ಮಾನದಂq,The standard q for ad plate ad,ಶರವಣ .ಟಿ.ಎ,Sharavana T A
1378,24/11/2016,ಗೃಹ,Home,ಬೆಂಗಳೂರು ಬಾಗಲೂರಿನ ಆರಕ್ಷಕ ಠಾಣೆಯಲ್ಲಿ ನಿವೇಶನ ವಂಚಿತರ ವಿರುದ್ಧ ದೂರು ದಾಖಲಿಸಿರುವ ಬಗ್ಗೆ,A complaint against the landowners in Bangalore police station in Bangalore has been filed,ಶರವಣ .ಟಿ.ಎ,Sharavana T A
1379,24/11/2016,ನಗರ ಯೋಜನಾ,City planning,ಬೃಹತ್ ಬೆಂಗಳೂರು ಮಹಾನಗರ ಪಾಲಿಕೆಯ ೬೯ನೇ ವಾರ್ಡ್ ಕಾಮಗಾರಿ ಬಗ್ಗೆ,About 69th Ward Works of the Great Bangalore Metropolitan Corporation,ಶರವಣ .ಟಿ.ಎ,Sharavana T A
1380,24/11/2016,ನಗರ ಯೋಜನಾ,City planning,ಹೆಚ್.ಎಸ್.ಆರ್. ಬಡಾವಣೆಯಲ್ಲಿ ಬೀದಿ ಬದಿಯ ವ್ಯಾಪಾರಿಗ,HSR Street vendor in the area,ವಿಮಲಾಗೌಡ,Vimalaa Gowda
1381,24/11/2016,ನಗರ ಯೋಜನಾ,City planning,ಬೃಹತ್ ಬೆಂಗಳೂರು ಮಹಾನಗರ ಪಾಲಿಕೆ ವ್ಯಾಪ್ತಿಯ ಆಸ್ಪತ್ರೆಗಳ ಮೂಲಭೂತ ಸೌಕರ್ಯಗಳ ಬಗ್ಗೆ,About the infrastructure of hospitals in large Bangalore metropolitan area,ವಿಮಲಾಗೌಡ,Vimalaa Gowda
1382,24/11/2016,ಗೃಹ,Home,ಮಹಿಳಾ ಪೊಲೀಸ್ ಠಾಣೆಗಳ ಬಗ್ಗೆ,About Women's Police Stations,ವಿಮಲಾಗೌಡ,Vimalaa Gowda
1383,24/11/2016,ಅಬಕಾರಿ,Excuse,ಮಧ್ಯರಾತ್ರಿಯವರೆಗೆ ಬಾರ್ ರೆಸ್ಟೊರೆಂಟ್ ತೆರೆದಿರುವುದರಿಂದ ಕಾನೂನು ಸುವ್ಯವಸ್ಥೆ ಕಾಪಾಡುವ ಬಗ್ಗೆ,The bar restaurant is open until midnight and is about keeping the law and order,ವಿಮಲಾಗೌಡ,Vimalaa Gowda
1384,24/11/2016,ಗೃಹ,Home,ಸರಗಳ್ಳತನದ ಬಗ್ಗೆ,About merchandise,ವಿಮಲಾಗೌಡ,Vimalaa Gowda
1385,24/11/2016,ಗೃ,Home,ಕಾವೇರಿ ಹೋರಾಟದಲ್ಲಿ ಭಾಗವಹಿಸಿದವರ ವಿರುದ್ಧ ಮೊಕದ್ದಮೆ ಕುರಿತು,About the Cauvery fight lawsuit,ವೀರಯ್ಯ .ಡಿ.ಎಸ್,Veerayya D S
1386,24/11/2016,ನಗರ ಯೋಜನಾ,City planning,ಬೆಂಗಳೂರು ಮಹಾನಗರ ಪಾಲಿಕೆಯಲ್ಲಿ ಪರಿಶಿ? ಜಾತಿ/ಪರಿಶಿ? ಪಂಗಡದವರ ಅನುದಾನ ಮೀಸಲಾತಿ ಕುರಿತು,Bangalore City Corporation Caste / Survey? About Grants Reservation of the Tribe,ವೀರಯ್ಯ .ಡಿ.ಎಸ್,Veerayya D S
1387,24/11/2016,ನಗರ ಯೋಜನಾ,City planning,ಬೆಂಗಳೂರು ಮಹಾನಗರ ಪಾಲಿಕೆಯಿಂದ ಪರಿಶಿ? ಜಾತಿ/ಪರಿಶಿ? ಪಂಗಡಗಳಿಗೆ ಮನೆ ನಿರ್ಮಾಣ ಕುರಿತು,Bangalore Municipal Corporation Caste / Survey? About House Building for Communities,ವೀರಯ್ಯ .ಡಿ.ಎಸ್,Veerayya D S
1388,24/11/2016,ಸಿಬ್ಬಂದಿ ಮತ್ತು ಆಡಳಿತ ಸುಧಾರಣೆ,Staff and administrative reform,ಲೋಕಾಯುಕ್ತದಲ್ಲಿ ದಾಖಲಾದ ಪ್ರಕರಣಗಳ ಕುರಿತು,Registered cases in the Lokayukta,ವೀರಯ್ಯ .ಡಿ.ಎಸ್,Veerayya D S
1389,24/11/2016,ಗೃಹ,Home,ಬೀದರ್ ಜಿಲ್ಲೆಯ ಪೊಲೀಸ್ ವಸತಿ ಗೃಹಗಳ ಬಗ್ಗೆ,About police housing in Bidar district,ವಿಜಯ್ ಸಿಂಗ್,Vijay Singh
1390,24/11/2016,ಸಿಬ್ಬಂದಿ ಮತ್ತು ಆಡಳಿತ ಸುಧಾರಣೆ,Staff and administrative reform,ಸರ್ಕಾರದ ಸಚಿವಾಲಯಕ್ಕೆ ಸಂಬಂಧಿಸಿದ ಆದೇಶಗಳ ಬಗ್ಗೆ,Orders relating to the Ministry of Government,ವಿಜಯ್ ಸಿಂಗ್,Vijay Singh
1391,24/11/2016,ನಗರಾಭಿವೃದ್ಧಿ,Urban development,"ಬೀದರ್ ಜಿಲ್ಲೆ, ಔರಾದ್ ತಾಲ್ಲೂಕಿನಲ್ಲಿ ಶಾಶ್ವತ ಕುಡಿಯುವ ನೀರಿನ ಬಗ್ಗೆ","About permanent drinking water in Bidar district, Aurad taluk",ವಿಜಯ್ ಸಿಂಗ್,Vijay Singh
1392,24/11/2016,ನಗರಾಭಿವೃದ್ಧಿ,Urban development,ವಿಜಯಪುರ ನಗರದಲ್ಲಿ ಸಾರ್ವಜನಿಕ ಉಪಯೋಗಕ್ಕಾಗಿ ಮೀಸಲಿಟ್ಟ ಬಗ್ಗೆ,About the reservation for public use in the city of Vijayapur,ಬಸನಗೌಡ ಆರ್ ಪಾಟೀಲ್,Basanagowda R Patil
1393,24/11/2016,ನಗರಾಭಿವೃದ್ಧಿ,Urban development,ಪಾಲಿಕೆಗೆ ತೆರಿಗೆ ಹಣ,Tax deduction for the corporation,ಬಸನಗೌಡ ಆರ್ ಪಾಟೀಲ್,Basanagowda R Patil
1394,24/11/2016,ನಗರಾಭಿವೃದ್ಧಿ,Urban development,ಸ್ಮಾರ್ಟ್ ಸಿಟಿ ಘೋಷಿಸಿರುವ ಬಗ್ಗೆ,About Smart City's announcement,ಬಸನಗೌಡ ಆರ್ ಪಾಟೀಲ್,Basanagowda R Patil
1395,24/11/2016,ನಗರಾಭಿವೃದ್ಧಿ,Urban development,ಪಾಲಿಕೆಗೆ ಮಂಜೂರಾದ ಅನುದಾನ,Grants sanctioned to the Panchayat,ಬಸನಗೌಡ ಆರ್ ಪಾಟೀಲ್,Basanagowda R Patil
1396,24/11/2016,ಸಿಬ್ಬಂದಿ ಮತ್ತು ಆಡಳಿತ ಸುಧಾರಣೆ,Staff and administrative reform,೨೦೧೧ನೇ ಸಾಲಿನ ಗೆಜೆಟೆಡ್ ಪ್ರೊಬೆ?ನರ‍್ಸ್ ಹುದ್ದೆಗಳಿಗೆ ನೇಮಕವಾದ ಅಭ್ಯರ್ಥಿಗಳಿಗೆ ನೇಮಕಾತಿ ಆದೇಶ ನೀಡುವ ಬಗ್ಗೆ,Appointment of candidates appointed to the posts of Gazetted Probe Nurse in 2011,ಬಸವರಾಜ ಶಿವಲಿಂಗಪ್ಪ ಹೊರಟಿ,Basavaraja Shivalingappa Horatti
1397,24/11/2016,ನಗರಾಭಿವೃದ್ಧಿ,Urban development,ಹುಬ್ಬಳ್ಳಿ-ಧಾರವಾಡ ಮಹಾನಗರದಲ್ಲಿನ ಹಂದಿಗಳ ನಿಯಂತ್ರಣ ಕುರಿತು,About the control of pigs in the Hubli-Dharwad metropolis,ಬಸವರಾಜ ಶಿವಲಿಂಗಪ್ಪ ಹೊರಟಿ,Basavaraja Shivalingappa Horatti
1398,24/11/2016,ನಗರ ಯೋಜನಾ,City planning,ಬಿಡಿಎ ಎಂಪ್ಲಾಯೀಸ್ ವೆಲ್‌ಫೇರ್ ಅಸೋಸಿಯೇ?ನ್‌ರವರು ಅಕ್ರಮ ಹಾಗೂ ಅನಧಿಕೃತವಾಗಿ ಕಬಳಿಸಿರುವ ಪ್ರಾಧಿಕಾರದ ಜಮೀನುಗಳನ್ನು ವಶಪಡಿಸಿಕೊಳ್ಳುವ ಬಗ್ಗೆ,BDA Employees Welfare Association? To acquire land illegally and illegally acquired,ಬಸವರಾಜ ಶಿವಲಿಂಗಪ್ಪ ಹೊರಟಿ,Basavaraja Shivalingappa Horatti
1399,24/11/2016,ನಗರಾಭಿವೃದ್ಧಿ,Urban development,ಮಹಾನಗರ ಪಾಲಿಕೆಗಳಿಂದ ಗ್ರಂಥಾಲಯ ಕರ ವಸೂಲಿ ಬಗೆ,Library tax receipt by metropolitan corporations,ಲಕ್ಷ್ಮೀನಾರಾಯಣ .ಎಂ.ಡಿ,Lakshmi Narayana MD
1400,24/11/2016,ಸಾರ್ವಜನಿಕ ಸಂಬಂಧ,Public relations,ಜಿಲ್ಲೆಗೊಂದರಂತೆ ಸ್ಪರ್ಧಾತ್ಮಕ ತರಬೇತಿ ಕೇಂದ್ರ ತೆರೆಯುವ ಬಗೆ,How to open competitive training center as a district,ಲಕ್ಷ್ಮೀನಾರಾಯಣ .ಎಂ.ಡಿ,Lakshmi Narayana MD
1401,24/11/2016,ಗೃಹ,Home,ಮಂಗಳಮುಖಿಯರಿಂದ ಸಾರ್ವಜನಿಕರಿಗೆ ತೊಂದರೆ ಬಗ್ಗೆ,About the difficulties of the public from Mars,ಲಕ್ಷ್ಮೀನಾರಾಯಣ .ಎಂ.ಡಿ,Lakshmi Narayana MD
1402,24/11/2016,ಆರ್ಥಿಕ,Economy,ಮುಖ್ಯಮಂತ್ರಿಗಳ ನಿಧಿಯಿಂದ ಪರಿಹಾರ ನೀಡುವ ಬಗ್ಗೆ,About compensation from Chief Minister's Fund,ಲಕ್ಷ್ಮೀನಾರಾಯಣ .ಎಂ.ಡಿ,Lakshmi Narayana MD
1403,24/11/2016,ಗೃಹ,Home,ಇಳಕಲ್ ನಗರದಲ್ಲಿ ಧರಣಿ ಮಾಡಿದವರ ಮೇಲೆ ಕೇಸ್ ಹಾಕಿರುವ ಬಗ್ಗೆ,Case filed against those who have been charged in Ilkalal city,ಲಕ್ಷ್ಮೀನಾರಾಯಣ .ಎಂ.ಡಿ,Lakshmi Narayana MD
1404,24/11/2016,ಆರ್ಥಿಕ,Economy,ರಾಜ್ಯ ಸರ್ಕಾರಿ ನೌಕರರ ನೂತನ ಪಿಂಚಣಿ ಯೋಜನೆ (ಎನ್.ಪಿ.ಎಸ್) ಬಗ್ಗೆ,About State Government Employees' New Pension Scheme (NPS),ಶ್ರೀಕಂಠೇಗೌಡ .ಕೆ.ಟಿ,Srikantegowda KT
1405,24/11/2016,ನಗರ ಯೋಜನಾ,City planning,ಬೆಂಗಳೂರು ನಗರದಲ್ಲಿ ಖಾಸಗಿಯಾಗಿ ನಿರ್ಮಾಣವಾಗುತ್ತಿರುವ ಅಪಾರ್ಟ್‌ಮೆಂಟ್‌ಗಳ ಬಗ್ಗೆ,About Private Selling Apartments in Bangalore,ವಟಮ್ಮ,Motamma
1406,24/11/2016,ಗೃಹ,Home,ಗೃಹ ಇಲಾಖೆಯಲ್ಲಿ ಪರಿಶಿ? ಜಾತಿ/ಪರಿಶಿ? ಪಂಗಡದ ಪೊಲೀಸ್ ನೌಕರರ ಬಗ್ಗೆ,In the Home Department Caste / Survey? About Tribal Police Employees,ವಟಮ್ಮ,Motamma
1407,24/11/2016,ನಗರ ಯೋಜನಾ,City planning,ಬೃಹತ್ ಬೆಂಗಳೂರು ಮಹಾನಗರ ಪಾಲಿಕೆ ಬU,Great Bangalore Metropolitan Bureau,ಅಪ್ಪಾಜಿಗೌಡ .ಎನ್,Appajigowda N
1408,24/11/2016,ನಗರ ಯೋಜನಾ,City planning,ಕೆಂಪೇಗೌಡ ಬಡಾವಣೆಯ ನಿವೇಶನ ಠೇವಣಿ ಬಗ್ಗೆ,About Deposit Layout of Kempegowda Layout,ಅಪ್ಪಾಜಿಗೌಡ .ಎನ್,Appajigowda N
1409,24/11/2016,ಸಿಬ್ಬಂದಿ ಮತ್ತು ಆಡಳಿತ ಸುಧಾರಣೆ,Staff and administrative reform,ಕೆ.ಪಿ.ಎಸ್.ಸಿ. ಯಲ್ಲಿನ ನೇಮಕಾತಿ ಬಗ್ಗೆ,KPSC About recruitment,ಅಪ್ಪಾಜಿಗೌಡ .ಎನ್,Appajigowda N
1410,24/11/2016,ಸಿಬ್ಬಂದಿ ಮತ್ತು ಆಡಳಿತ ಸುಧಾರಣೆ,Staff and administrative reform,ಹೈದ್ರಾಬಾದ್-ಕರ್ನಾಟಕ ಭಾಗದಲ್ಲಿ ಕಾರ್ಯನಿರ್ವಹಿಸುತ್ತಿರುವ ಸರ್ಕಾರಿ/ಅರೆಸರ್ಕಾರಿ ಕಾರ್ಯಾಲಯ ಬಗ್ಗೆ,About the government / semi-governmental office operating in Hyderabad-Karnataka,ಅಮರನಾಥ ಪಾಟೀಲ್,Amaranatha Patil
1411,24/11/2016,ಸಿಬ್ಬಂದಿ ಮತ್ತು ಆಡಳಿತ ಸುಧಾರಣೆ,Staff and administrative reform,ಹೈದ್ರಾಬಾದ್-ಕರ್ನಾಟಕ ಸಂವಿಧಾನದ ೩೭೧ (ಜೆ) ಅನು?ನಗೊಳಿಸಲು ರಚಿಸಲಾದ ಸಚಿವ ಸಂಪುಟ ಉಪಸಮಿತಿ ಸಭೆ ಬಗ್ಗೆ,About Cabinet Subcommittee Meeting to be set up to elect 371 (j) Annexure of the Hyderabad-Karnataka Constitution,ಅಮರನಾಥ ಪಾಟೀಲ್,Amaranatha Patil
1412,24/11/2016,ವಾರ್ತಾ ಮತ್ತು ಪ್ರಚಾರ,News and promotion,"ಬೆಳಗಾವಿ, ಮೈಸೂರು ಮತ್ತು ಬೆಂಗಳೂರು ವಿಭಾಗದಲ್ಲಿ ೩೭೧(ಜೆ) ಅಡಿಯಲ್ಲಿ ಶೇ.೮ರ? ಮೀಸಲಾತಿ ಬಗ್ಗೆ","Belgaum, Mysore and Bangalore division under 81 (j) of 8%? About Reservation",ಅಮರನಾಥ ಪಾಟೀಲ್,Amaranatha Patil
1413,24/11/2016,ನಗರಾಭಿವೃದ್ಧಿ,Urban development,ಕೇಂದ್ರದ ಸ್ಮಾರ್ಟ್‌ಸಿಟಿ ಯೋಜನೆಗೆ ಇರುವ ಮಾನದಂಡಗಳ ಬಗ್ಗೆ,The criteria for the Center's SmartCity project,ಅಮರನಾಥ ಪಾಟೀಲ್,Amaranatha Patil
1414,24/11/2016,ಆರ್ಥಿಕ,Economy,ರಾಜ್ಯ ಸರ್ಕಾರಿ ನೌಕರರಿಗೆ ನೂತನ ಪಿಂಚಣಿ ಯೋಜನೆ (ಓeತಿ Peಟಿsioಟಿ Sಛಿheme) ಜಾರಿಯಾಗಿರುವ ಬಗ್ಗೆ,About State Government Employees New Joint Scheme (OTTTT),ಅಮರನಾಥ ಪಾಟೀಲ್,Amaranatha Patil
1415,24/11/2016,ಗೃಹ,Home,ಪೊಲೀಸರ ಬೇಡಿಕೆಗಳ ಕುರಿತು,About the demands of the police,ಅರುಣ ಶಹಾಪುರ,Aruna Shahaapura
1416,24/11/2016,ಆರ್ಥಿಕ,Economy,ಎಸ್‌ಸಿ ಎಸ್‌ಪಿ / ಟಿ.ಎಸ್.ಪಿ ಅಡಿ ಒದಗಿಸಿದ ಅನುದಾನ ಕುರಿತು,About the grant provided by SC SP / TSP feet,ಅರುಣ ಶಹಾಪುರ,Aruna Shahaapura
1417,24/11/2016,ನಗರಾಭಿವೃದ್ಧಿ,Urban development,ಮಹಾನಗರ ಪಾಲಿಕೆಗಳ ಸಾಮಾನ್ಯ ಸಭೆ ವಿಶೇ? ಸಭೆ ಕುರಿತು,Is a general meeting of metropolitan corporations? About the meeting,ಅರುಣ ಶಹಾಪುರ,Aruna Shahaapura
1418,24/11/2016,ಸಿಬ್ಬಂದಿ ಮತ್ತು ಆಡಳಿತ ಸುಧಾರಣೆ,Staff and administrative reform,ಪರಿಶಿ? ಜಾತಿ / ಪರಿಶಿ? ಪಂಗಡದ ಸಿಬ್ಬಂದಿಗಳಿಗೆ ೧೯೮೨ರ ಆದೇಶದ ಪಾಲನೆ ಕುರಿತು,The survey? Caste / Survey? Regarding the 1982 order of tribal staff,ಅರುಣ ಶಹಾಪುರ,Aruna Shahaapura
1419,24/11/2016,ವಾರ್ತಾ ಮತ್ತು ಪಚಾರ,News and ethics,ಹಿಂದುಳಿದ ವರ್ಗ ಹಾಗೂ ಅಲ್ಪಸಂಖ್ಯಾತರಿಗೆ ಕರ್ನಾಟಕ ರಾಜ್ಯ ಹಣಕಾಸು ಸಂಸ್ಥೆ ಮೂಲಕ ನೆರವು ನೀಡುವ ಬಗ್ಗೆ,Providing assistance to the Backward Classes and Minorities through Karnataka State Financial Institution,ಜಯಮ್ಮ,Jayamma
1420,24/11/2016,ಆರ್ಥಿಕ,Economy,"ರಾಜ್ಯ ಸರ್ಕಾರಿ ನೌಕರರಿಗೆ, ಕೇಂದ್ರ ಸರ್ಕಾರಿ ನೌಕರರಿಗೆ ನೀಡುವಷ್ಟೇ ಸಮಾನ ವೇತನ ನೀಡುವ ಬಗ್ಗೆ",State Government Employees are paying equal pay as the central government employees are,ರಾಮಚಂದ್ರಗೌಡ,Ramachandra Gowda
1421,24/11/2016,ನಗರ ಯೋಜನಾ,City planning,ಬೆಂಗಳೂರಿನ ಬಸವೇಶ್ವರ ವೃತ್ತದಿಂದ ಹೆಬ್ಬಾಳದ ಎತ್ತರಿಸಿದ ಮೇಲ್ಸೇತುವೆಯವರೆಗೆ Sಣeeಟ ಃಡಿiಜge ನಿರ್ಮಾಣಕ್ಕೆ ವಿರೋಧ ವ್ಯಕ್ತವಾಗಿರುವುದಕ್ಕೆ ಮರುಚಿಂತನೆ ನಡೆಸುವ ಕುರಿತು,Regarding the opposition to the construction of the Sena ee Tadi ji ji jay from the Basaveshwara Circle to Bangalore to the height of the Hebbal,ರಾಮಚಂದ್ರಗೌಡ,Ramachandra Gowda
1422,24/11/2016,ನಗರ ಯೋಜನಾ,City planning,ಬಿ.ಎಂ.ಆರ್.ಡಿ.ಎ. ಅನಧಿಕೃತ ಬಡಾವಣೆಗಳ ಬಗ್ಗೆ,BMRDA About unauthorized installations,ರಾಮಚಂದ್ರಗೌಡ,Ramachandra Gowda
1423,24/11/2016,ನಗರ ಯೋಜನಾ,City planning,ದೊರೆ ಕೆರೆಗೆ ಒಳಚರಂಡಿಯ ನೀರು ಸೇರುತ್ತಿರುವ ಕುರಿತು,About entering the drainage water to the monarch lake,ರಾಮಚಂದ್ರಗೌಡ,Ramachandra Gowda
1424,24/11/2016,ಸಿಬ್ಬಂದಿ ಮತ್ತು ಆಡಳಿತ ಸುಧಾರಣೆ,Staff and administrative reform,ರಾಜ್ಯದಲ್ಲಿನ ಕೆ.ಎ.ಎಸ್. ಹುದ್ದೆಗಳನ್ನು ಭರ್ತಿ ಮಾಡುವ ಕುರಿತು,KAS in the state About filling up posts,ರಾಮಚಂದ್ರಗೌಡ,Ramachandra Gowda
1425,24/11/2016,ಅಬಕಾರಿ,Excuse,ಅಬಕಾರಿ ಇಲಾಖೆಯ ಗ್ರಾಮ ಸಭೆಗಳ ಕುರಿತು,About the village councils of the Excise Department,ರಘುನಾಥ ರಾವ್ ಮಲ್ಕಾಪೂರೆ,Raghunath Rao Malkapore
1426,24/11/2016,ಸಿಬ್ಬಂದಿ ಮತ್ತು ಆಡಳಿತ ಸುಧಾರಣೆ,Staff and administrative reform,ದಿನಗೂಲಿ ನೌಕರರನ್ನು ಖಾಯಂಗೊಳಿಸುವ ಬಗ್ಗೆ,Regarding the day-to-day work of employees,ರಘುನಾಥ ರಾವ್ ಮಲ್ಕಾಪೂರೆ,Raghunath Rao Malkapore
1427,24/11/2016,ಗೃ,Home,ಪೊಲೀಸ್ ಪೇದೆ ಮತ್ತು ಸಿಬ್ಬಂದಿಗಳಿಗೆ ನೀಡುತ್ತಿರುವ ಸೌಲಭ್ಯಗಳು,Facilities offered to police personnel and staff,ರಘುನಾಥ ರಾವ್ ಮಲ್ಕಾಪೂರೆ,Raghunath Rao Malkapore
1428,24/11/2016,ಸಿಬ್ಬಂದಿ ಮತ್ತು ಆಡಳಿತ ಸುಧಾರಣೆ,Staff and administrative reform,ಆರು ಜಿಲ್ಲೆಗಳಲ್ಲಿ ೩೭೧(ಜೆ) ಅಡಿಯಲ್ಲಿ ಮೀಸಲಿಟ್ಟ ಹುದ್ದೆಗಳ ಬಗ್ಗೆ,About 381 vacancies in six districts,ರಘುನಾಥ ರಾವ್ ಮಲ್ಕಾಪೂರೆ,Raghunath Rao Malkapore
1429,24/11/2016,ಸಿಬ್ಬಂದಿ ಮತ್ತು ಆಡಳಿತ ಸುಧಾರಣೆ,Staff and administrative reform,ಮುಂಬಡ್ತಿ ಹೊಂದಿದ ಅಧಿಕಾರಿ/ನೌಕರರು ಅದೇ ಇಲಾಖೆಯಲ್ಲಿ ಕರ್ತವ್ಯ ನಿರ್ವಹಿಸುತ್ತಿರುವ ಬಗ್ಗೆ,Upcoming Officers / Employees About the Duties of the Department,ರಘುನಾಥ ರಾವ್ ಮಲ್ಕಾಪೂರೆ,Raghunath Rao Malkapore
1430,24/11/2016,ನಗರ ಯೋಜನಾ,City planning,ಬಿಬಿಎಂಪಿ ವ್ಯಾಪ್ತಿಯಲ್ಲಿ ನಿವೇಶನಗಳು ಮತ್ತು ಕಟ್ಟಡಗಳ ನಿರ್ಮಾಣ,Construction of buildings and buildings in the BBMP limits,ಉಗ್ರಪ್ಪ .ವಿ.ಎಸ್,Ugrappa VS
1431,24/11/2016,ಸಿಬ್ಬಂದಿ ಮತ್ತು ಆಡಳಿತ ಸುಧಾರಣೆ,Staff and administrative reform,ಶಿಕ್ಷಣ ಮತ್ತು ಉದ್ಯೋಗಗಳಲ್ಲಿ ಮೀಸಲಾತಿ ಸೌಲಭ್ಯ,Reservation facility in education and employment,ಉಗ್ರಪ್ಪ .ವಿ.ಎಸ್,Ugrappa VS
1432,24/11/2016,ಗೃ,Home,ಅತ್ಯಾಚಾರ ಮತ್ತು ಆಸಿಡ್ ದಾಳಿಗೊಳಗಾದ ಸಂತ್ರಸ್ತೆಯರಿಗೆ ಪರಿಹಾರ,Relief for victims of rape and acid attacks,ಉಗ್ರಪ್ಪ .ವಿ.ಎಸ್,Ugrappa VS
1433,24/11/2016,ಗೃಹ,Home,ದಕ್ಷಿಣ ಕನ್ನಡ ಜಿಲ್ಲೆಯಲ್ಲಿನ ಅತ್ಯಾಚಾರ ಪ್ರಕರಣಗಳು,Rape cases in Dakshina Kannada district,ಉಗ್ರಪ್ಪ .ವಿ.ಎಸ್,Ugrappa VS
1434,24/11/2016,ಆರ್ಥಿಕ,Economy,೭ನೇ ವೇತನ ಶ್ರೇಣಿ ಜಾರಿ ಕುರಿತು,Regarding 7th Pay Range,ಕ್ಯಾಪ್ಟನ್ ಗಶೇಶ್ ಕಾರ್ಣಿಕ್,Capt. Ganesh Karnik
1435,24/11/2016,ಸಿಬ್ಬಂದಿ ಮತ್ತು ಆಡಳಿತ ಸುಧಾರಣೆ,Staff and administrative reform,ರಾಜ್ಯದಲ್ಲಿರುವ ಐ.ಪಿ.ಎಸ್. ಅಧಿಕಾರಿಗಳು ಉನ್ನತ ಶಿಕ್ಷಣಕ್ಕಾಗಿ ರಜಾ ಸೌಲಭ್ಯವನ್ನು ಪಡೆದುಕೊಂಡ ಬಗ್ಗೆ,IPS in the state About the authorities receiving vacation facility for higher education,ಕ್ಯಾಪ್ಟನ್ ಗಣೇಶ್ ಕಾರ್ಣಿಕ್,Capt. Ganesh Karnik
1436,24/11/2016,ಸಿಬ್ಬಂದಿ ಮತ್ತು ಆಡಳಿತ ಸುಧಾರಣೆ,Staff and administrative reform,ರಾಜ್ಯದಲ್ಲಿ ವಿವಿಧ ಇಲಾಖೆಯಲ್ಲಿ ನಿವೃತ್ತರಾಗುತ್ತಿರುವ ಹಾಗೂ ನೇಮಕವಾಗುತ್ತಿರುವ ಸಿಬ್ಬಂದಿಗಳ ಸಂಖ್ಯೆ ಬಗ್ಗೆ,Regarding the number of retiring and recruiting staff in various departments in the state,ಕ್ಯಾಪ್ಟನ್ ಗಣೇಶ್ ಕಾರ್ಣಿಕ್,Capt. Ganesh Karnik
1437,24/11/2016,ಗೃಹ,Home,ರಾಜ್ಯದಲ್ಲಿ ಅಕ್ರಮ ಜಾನುವಾರು ಸಾಗಾಟ ಪ್ರಕರಣಗಳ ಕುರಿತು,About Illegal Livestock Cases in the State,ಕ್ಯಾಪ್ಟನ್ ಗಣೇಶ್ ಕಾರ್ಣಿಕ್,Capt. Ganesh Karnik
1438,24/11/2016,ಗೃಹ,Home,ರಾಜ್ಯದಲ್ಲಿರುವ ಪೊಲೀಸ್ ಠಾಣೆಗಳ ಬಗ್ಗೆ,About police stations in the state,ಕ್ಯಾಪ್ಟನ್ ಗಣೇಶ್ ಕಾರ್ಣಿಕ್,Capt. Ganesh Karnik
1439,24/11/2016,ಸಿಬ್ಬಂದಿ ಮತ್ತು ಆಡಳಿತ ಸುಧಾರಣೆ,Staff and administrative reform,ವೇತನ ತಾರತಮ್ಯ ಹಾಗೂ ಸಿಬ್ಬಂದಿ ಕೊರತೆಯಿಂದ ಕೆಲಸದ ಒತ್ತಡ ಹೆಚ್ಚಾಗಿ ನೌಕರರ ಆತ್ಮಸ್ಥೈರ್ಯ ಕುಸಿಯುತ್ತಿರುವ ಬಗ್ಗೆ,"Stress discrimination and lack of staff are the stress of work, largely about the decline of employees' self-confidence",ಕವಟಗಿಮಠ ಮಹಂತೇಶ ಮಲ್ಲಿಕಾರ್ಜುನ,Kavatimata Mahantesha Mallikarjuna
1440,24/11/2016,ನಗರಾಭಿವೃದ್ಧಿ,Urban development,ನಗರ ಪ್ರದೇಶದ ಪೌರಕಾರ್ಮಿಕರು ಗೃಹ ಭಾಗ್ಯ ಯೋಜನೆಯ ಲಾಭ ಪಡೆಯದೆ ಇರುವ ಬಗ್ಗೆ,Urban urban workers are not benefited from the home loan scheme,ಕವಟಗಿಮಠ ಮಹಂತೇಶ ಮಲ್ಲಿಕಾರ್ಜುನ,Kavatimata Mahantesha Mallikarjuna
1441,24/11/2016,ಅಬಕಾರಿ,Excuse,ಬೆಳಗಾವಿ ಜಿಲ್ಲೆಯಲ್ಲಿ ಕಳ್ಳಭಟಿ ತಯಾರಿಕೆ ಹಾಗೂ ಕಳ್ಳ ಮದ್ಯ ಸಾಗಾಣಿಕೆ ಹೆಚ್ಚಾಗಿರುವ ಕುರಿತು,Belgaum district has a lot of smuggling and smuggling of alcohol,ಕವಟಗಿಮಠ ಮಹಂತೇಶ ಮಲ್ಲಿಕಾರ್ಜುನ,Kavatimata Mahantesha Mallikarjuna
1442,24/11/2016,ಗೃಹ,Home,ರಾಜ್ಯದಲ್ಲಿ ಮಕ್ಕಳ ನಾಪತ್ತೆ ಪ್ರಕರಣಗಳ ಹಾಗೂ ಅಪಹರಣಗಳು ಹೆಚ್ಚಾಗುತ್ತಿರುವ ಬಗ್ಗೆ,About increasing kidnapping cases and abductions in the state,ಕವಟಗಿಮಠ ಮಹಂತೇಶ ಮಲ್ಲಿಕಾರ್ಜುನ,Kavatimata Mahantesha Mallikarjuna
1443,24/11/2016,ಬೆಂಗಳೂರು ಅಭಿವೃದ್ಧಿ ಮತ್ತು ನಗರ ಯೋಜನಾ,Bangalore Development and Urban Planning,ಬೃಹತ್ ಬೆಂಗಳೂರು ಮಹಾನಗರ ಪಾಲಿಕೆ ವ್ಯಾಪ್ತಿಯಲ್ಲಿನ ಬಹುಮಹಡಿ ಕಟ್ಟಡಗಳ ಸುರಕ್ಷv,Security of multi-storey buildings in large Bangalore metropolitan area v,ಕೋಟ ಶ್ರೀನಿವಾಸ ಪೂಜಾರಿ,Kota Srinivasa Pujari
1444,24/11/2016,ಆರ್ಥಿಕ,Economy,ಓeತಿ Peಟಿsioಟಿ Sಛಿhemeಗೆ ಸರ್ಕಾರಿ ನೌಕರರ ಪಿಂಚಣಿ ಖಾತ್ರಿ ಹಾಗೂ ವೇತನ ತಾರತಮ್ಯ ಸರಿಪಡಿಸುವ ಬಗ್ಗೆ,About Government Employees' Pension Guarantee and Remediation of Wage Discrimination,ಕೋಟ ಶ್ರೀನಿವಾಸ ಪೂಜಾರಿ,Kota Srinivasa Pujari
1445,24/11/2016,ಸಿಬ್ಬಂದಿ ಮತ್ತು ಆಡಳಿತ ಸುಧಾರಣೆ,Staff and administrative reform,ಕಾಗದ ರಹಿತ ಕಛೇರಿ ಮತ್ತು ಪಾರದರ್ಶಕ ಆಡಳಿತ ಜಾರಿ ಕುರಿತು,About paper-free office and transparent administration enforcement,ಕೋಟ ಶ್ರೀನಿವಾಸ ಪೂಜಾರಿ,Kota Srinivasa Pujari
1446,24/11/2016,ಆರ್ಥಿಕ,Economy,ಸರ್ಕಾರದ ವಿವಿಧ ಇಲಾಖೆಗಳು ಜಾಹೀರಾತಿಗೆ ಮಾಡಿದ ವೆಚ್ಚದ ವಿವg,Explanation of the cost of advertising by various government departments,ಕೋಟ ಶ್ರೀನಿವಾಸ ಪೂಜಾರಿ,Kota Srinivasa Pujari
1447,24/11/2016,ಅಬಕಾರಿ,Excuse,ಅಬಕಾರಿ ಕಾಯ್ದೆಗೆ ತಿದ್ದುಪಡಿ ತಂದು ನೀರಾ ಮತ್ತು ನೀರಾ ಉತ್ಪನ್ನಗಳಿಗೆ ಅವಕಾಶ ನೀಡುವ ಬಗ್ಗೆ,Regarding the amendment to the Excise Act and allowing for water and water products,ಕೋಟ ಶ್ರೀನಿವಾಸ ಪೂಜಾರಿ,Kota Srinivasa Pujari
1448,24/11/2016,ನಗರ ಯೋಜನಾ,City planning,ಜಿ ಕೆಟಗರಿ ನಿವೇಶನಗಳ ಬಗ್ಗೆ,About G Kettari sites,ಕೊಂಡಯ್ಯ .ಕೆ.ಸಿ,Kondaiah KC
1449,24/11/2016,ಮಾಹಿತಿ ಮತ್ತು ಸಾರ್ವಜನಿಕ ಸಂಬಂಧ,Information and public relations,ಸ್ಪರ್ಧಾತ್ಮಕ ಪರೀಕ್ಷಾ ಅಭ್ಯರ್ಥಿಗಳಿಗೆ ತರಬೇತಿ ಕೇಂದ್ರಗಳನ್ನು ತೆರೆಯುವ ಬಗ್ಗೆ,Opening Training Centers for Competitive Test Candidates,ಕೊಂಡಯ್ಯ .ಕೆ.ಸಿ,Kondaiah KC
1450,24/11/2016,ಗೃಹ,Home,ಆಫ್ರಿಕನ್ ವಲಸಿಗರ ಬಗ್ಗೆ,About African Immigrants,ಕೊಂಡಯ್ಯ .ಕೆ.ಸಿ,Kondaiah KC
1451,24/11/2016,ಗೃಹ,Home,ಬೆಂಗಳೂರಿನಲ್ಲಿ ಅಕ್ರಮವಾಗಿ ವಾಸಿಸುತ್ತಿರುವ ವಿದೇಶಿಯರು,Foreigners living illegally in Bangalore,ತಾರಾಅನೂರಾಧ,Tara Anuradha
1452,24/11/2016,ಅಬಕಾರಿ,Excuse,ರಾಜ್ಯಗಳಲ್ಲಿನ ಬಾರ್ ಹಾಗೂ ಪಬ್‌ಗಳ ಅವಧಿಗಳ ಬಗ್ಗೆ,Regarding the periods of bars and pubs in the states,ತಾರಾಅನೂರಾಧ,Tara Anuradha
1453,24/11/2016,ನಗರ ಯೋಜನಾ,City planning,ಬಿ.ಎಂ.ಆರ್.ಸಿ.ಎಲ್.ನ ಸಿಬ್ಬಂದಿಗಳ ಬಗ್ಗೆ,About staff of BMRLL,ಚೌಡರೆಡ್ಡಿ ತೂಪಲ್ಲಿ .ಆರ್,Chowdareddy Tupalli R
1454,24/11/2016,ನಗರ ಯೋಜನಾ,City planning,ಬೆಂಗಳೂರು ಜಲಮಂಡಳಿಯಲ್ಲಿ ನೌಕರರ ವೇತನ ಶ್ರೇಣಿಗಳ ಬಗ್ಗೆ,About Employee Pay Ranks in Bangalore Waterfront,ಚೌಡರೆಡ್ಡಿ ತೂಪಲ್ಲಿ .ಆರ್,Chowdareddy Tupalli R
1455,24/11/2016,ಸಿಬ್ಬಂದಿ ಮತ್ತು ಆಡಳಿತ ಸುಧಾರಣೆ,Staff and administrative reform,ನೇಮಕಾತಿಯಲ್ಲಿನ ರೋಸ್ಟರ್ ಬಿಂದುಗಳ ಬಗ್ಗೆ,About the roster points in appointment,ಚೌಡರೆಡ್ಡಿ ತೂಪಲ್ಲಿ .ಆರ್,Chowdareddy Tupalli R
1456,24/11/2016,ಗೃ,Home,ಕಾವೇರಿ ಗಲಾಟೆಯಲ್ಲಿನ ಮೊಕದ್ದಮೆಗಳನ್ನು ಹಿಂಪಡೆಯುವ ಬಗ್ಗೆ,The withdrawal of lawsuits in the Cauvery riots,ಚೌಡರೆಡ್ಡಿ ತೂಪಲ್ಲಿ .ಆರ್,Chowdareddy Tupalli R
1457,24/11/2016,ನಗರಾಭಿವೃದ್ಧಿ,Urban development,ಬೃಹತ್ ಬೆಂಗಳೂರು ಮಹಾನಗರ ಪಾಲಿಕೆಯಲ್ಲಿ ಪೌರಕಾರ್ಮಿಕರನ್ನು ಖಾಯಂಗೊಳಿಸುವ ಬಗ್ಗೆ,About civic workers in the huge Bangalore metropolitan corporation,ಚೌಡರೆಡ್ಡಿ ತೂಪಲ್ಲಿ .ಆರ್,Chowdareddy Tupalli R
1458,24/11/2016,ನಗರಾಭಿವೃದ್ಧಿ,Urban development,ಮೈಸೂರು ಮಹಾನಗರಪಾಲಿಕೆ ವ್ಯಾಪ್ತಿಯಲ್ಲಿ ಘನತ್ಯಾಜ್ಯ ವಿಲೇವಾರಿ,Solid Waste Disposal in the Mysore Metropolitan Area,ಧರ್ಮಸೇನ .ಆರ್,Dharmasena R
1459,24/11/2016,ನಗರ ಯೋಜನಾ,City planning,ಬೃಹತ್ ಬೆಂಗಳೂರು ಮಹಾನಗರ ಪಾಲಿಕೆ ಉದ್ಯಾನವನಗಳಲ್ಲಿ ಮನರಂಜನೆ ಕಾರ್ಯಕ್ರಮ ಏರ್ಪಡಿಸುವ ಬಗ್ಗೆ,About organizing entertainment programs in large Bangalore Metropolitan Parks,ಧರ್ಮಸೇನ .ಆರ್,Dharmasena R
1460,24/11/2016,ನಗರ ಯೋಜನಾ,City planning,ರೇಸ್‌ಕೋರ್ಸ್ ಸ್ಥಳಾಂತರ,Race Course Displacement,ಧರ್ಮಸೇನ .ಆರ್,Dharmasena R
1461,25/11/2016,ಗ್ರಾಮೀಣಾಭಿವೃದ್ಧಿ ಮತ್ತು ಪಂಚಾಯತ್ ರಾಜ್,Rural Development and Panchayat Raj,ಮಾನ್ವಿ ತಾಲ್ಲೂಕಿನ ಪೋತ್ನಾಳ ಗ್ರಾಮದ ಹತ್ತಿರ ಕುಡಿಯುವ ನೀರಿಗಾಗಿ ಕೆರೆ ನಿರ್ಮಾಣದ ಬಗ್ಗೆ,About lake construction for drinking water near Potnana village in Manvi taluk,ಬೋಸ್‌ರಾಜು .ಎನ್.ಎಸ್,Bosaraju N S
1462,25/11/2016,ಉನ್ನತ ಶಿಕ್ಷಣ,Higher education,ರಾಯಚೂರು-ಯಾದಗಿರಿ ಜಿಲ್ಲೆಗಳಲ್ಲಿ ವಿಶ್ವ ವಿದ್ಯಾಲಯ ಪ್ರಾರಂಭಿಸುವ ಬಗ್ಗೆ,About launching a university in Raichur-Yadgir districts,ಬೋಸ್‌ರಾಜು .ಎನ್.ಎಸ್,Bosaraju N S
1463,25/11/2016,ಸಾರಿಗೆ,Transport,ಮಾನ್ವಿ ಪಟ್ಟಣದಲ್ಲಿ ಬಸ್ ಡಿಪ್ಪೋ ನಿರ್ಮಾಣ ಮಾಡುವ ಬಗ್ಗೆ,About building bus dippo in Manvi town,ಬೋಸ್‌ರಾಜು .ಎನ್.ಎಸ್,Bosaraju N S
1464,25/11/2016,ಶಿಕ್ಷಣ,Education,ಹೈದ್ರಾಬಾದ್-ಕರ್ನಾಟಕ ಪ್ರದೇಶದಲ್ಲಿ ಗುಣಮಟ್ಟದ ಶಿಕ್ಷಣ ನೀಡುವ ಬಗ್ಗೆ,About providing quality education in the Hyderabad-Karnataka region,ಬೋಸ್‌ರಾಜು .ಎನ್.ಎಸ್,Bosaraju N S
1465,25/11/2016,ವಸತಿ,Housing,ವಿಶೇ? ವರ್ಗಗಳ ವಸತಿ ಯೋಜನೆ ಬಗ್ಗೆ,Is it okay? About the categories of residential planning,ಭಾನುಪ್ರಕಾಶ್,Bhanu Prakasha
1466,25/11/2016,ಗ್ರಾಮೀಣಾಭಿವೃದ್ಧಿ ಮತ್ತು ಪಂಚಾಯತ್,Rural Development and Panchayat,ಗ್ರಾಮ ಪಂಚಾಯ್ತಿಯ ವ್ಯಾಪ್ತಿಯ ಅಂಗಡಿ (ಮನೆ) ಕಟ್ಟಡಗಳನ್ನು ಸಕ್ರಮಗೊಳಿಸುವ ಬಗ್ಗೆ,Setting up Grama Panchayat Range Store (Homes) Buildings,ಸುನೀಲ್ ಸುಬ್ರಮಣಿ .ಎಂ.ಪಿ,Sunil Subramani M P
1467,25/11/2016,ಸಾರಿಗೆ,Transport,ರಾಜ್ಯಕ್ಕೆ ಅನ್ವಯವಾಗುವಂತೆ ಂಡಿeಚಿ Sಛಿheಜuಟe ಮಾಡುವ ಬಗ್ಗೆ,Think about how to make the state applicable to the state,ಸುನೀಲ್ ಸುಬ್ರಮಣಿ .ಎಂ.ಪಿ,Sunil Subramani M P
1468,25/11/2016,ಪ್ರಾಥಮಿಕ ಮತ್ತು ಪ್ರೌಢ ಶಿಕ್ಷಣ,Primary and Secondary Education,ಅಲ್ಪಸಂಖ್ಯಾತರ ವಿದ್ಯಾರ್ಥಿಗಳಿಗೆ ವಿದ್ಯಾರ್ಥಿ ವೇತನ ತಲುಪದಿರುವ ಬಗ್ಗೆ,Not to attend student scholarships for minority students,ಸುನೀಲ್ ಸುಬ್ರಮಣಿ .ಎಂ.ಪಿ,Sunil Subramani M P
1469,25/11/2016,ವಕ್ಛ್,Vachch,ರಾಜ್ಯದ ವಕ್ಛ್ ಬೋರ್ಡ್‌ಗೆ ನೀಡಲಾಗುವ ಅನುದಾನದ ಬಗ್ಗೆ,About grant of state wc board,ಸುನೀಲ್ ಸುಬ್ರಮಣಿ .ಎಂ.ಪಿ,Sunil Subramani M P
1470,25/11/2016,ವಸತಿ,Housing,ಕರ್ನಾಟಕ ರಾಜ್ಯವನ್ನು ಗುಡಿಸಲು ಮುಕ್ತ ರಾಜ್ಯವನ್ನಾಗಿ ಮಾಡುವ ಬಗ್ಗೆ,About making Karnataka State a hut-free state,ಸಯದ್ ಮುಧೀರ್ ಅಗಾ,Syed Madir Aga
1471,25/11/2016,ಗಣಿ ಮತ್ತು ಭೂವಿಜ್ಞಾನ,Mine and geology,ರಾಮನಗರ ಜಿಲ್ಲೆಯಲ್ಲಿನ ಮರಳು ಗಣಿಗಾರಿಕೆ ಬಗ್ಗೆ,About sand mining in Ramanagara district,ಸಯದ್ ಮುಧೀರ್ ಅಗಾ,Syed Madir Aga
1472,25/11/2016,ವಕ್ಫ್,Wakf,ವಕ್ಫ್ ಸಂಸ್ಥೆಗಳಿಗೆ ನೀಡಿರುವ ಅನುದಾನದ ಬಗ್ಗೆ,About the grant given to Wakf institutions,ಸಯದ್ ಮುಧೀರ್ ಅಗಾ,Syed Madir Aga
1473,25/11/2016,ಉನ್ನತ ಶಿಕ್ಷಣ,Higher education,ಖಾಸಗಿ ಅನುದಾನಿತ ಶೈಕ್ಷಣಿಕ ಸಂಸ್ಥೆಗಳ ಸಿಬ್ಬಂದಿಗಳ ಕಾಲ್ಪನಿಕ ವೇತನ ಸಮಸ್ಯೆ ಕುರಿತು,Concerns about the fictional salary issue of the staff of private subsidiary educational institutions,ಸಂಕನೂರ .ಎಸ್.ವ್ಹಿ,Sankanura S V
1474,25/11/2016,ಗ್ರಾಮೀಣಾಭಿವೃದ್ಧಿ ಮತ್ತು ಪಂಚಾಯತ್ ರಾಜ್,Rural Development and Panchayat Raj,ಗ್ರಾಮ ಪಂಚಾಯತಿಗಳ ವ್ಯಾಪ್ತಿಗಳ ಸಕಾಲದಲ್ಲಿ ಸಾರ್ವಜನಿಕರಿಗೆ ಸೌಲಭ್ಯಗಳ ಬಗ್ಗೆ,About the benefits of the public at the time of the Village Panchayat ranges,ಸಮಣ್ಣ ಮ ಬೇವಿನಮರದ,Samanna Ma Bevinamara
1475,25/11/2016,ಗ್ರಾಮೀಣಾಭಿವೃದ್ಧಿ ಮತ್ತು ಪಂಚಾಯತ್ ರಾಜ್,Rural Development and Panchayat Raj,ರಾಜ್ಯದಲ್ಲಿನ ನಮ್ಮ ಗ್ರಾಮ ರಸ್ತೆಗಳ ಬಗ್ಗೆ,About our village roads in the state,ಸಮಣ್ಣ ಮ ಬೇವಿನಮರದ,Samanna Ma Bevinamara
1476,25/11/2016,ಸಾರಿಗೆ,Transport,ಸಾರಿಗೆ ಬಸ್ ಘಟಕಗಳ ಬಗ್ಗೆ,About transport bus units,ಸಮಣ್ಣ ಮ ಬೇವಿನಮರದ,Samanna Ma Bevinamara
1477,25/11/2016,ಗ್ರಾಮೀಣಾಭಿವೃದ್ಧಿ ಮತ್ತು ಪಂಚಾಯತ್ ರಾಜ್,Rural Development and Panchayat Raj,ಉದ್ಯೋಗ ಖಾತ್ರಿ ಮತ್ತು ನರೇಗಾ ಯೋಜನೆಯಲ್ಲಿನ ಅಕ್ರಮಗಳ ಕುರಿತು,Regarding irregularities in employment guarantee and Narega scheme,ಸೋಮಣ್ಣ .ವಿ,Somanna V
1478,25/11/2016,ಸಾರಿಗೆ,Transport,ಚಾಮರಾಜನಗರದಲ್ಲಿ ಹೈಟೆಕ್ ಬಸ್ ನಿಲ್ದಾಣ,High tech bus stand in Chamarajanagar,ನಾಗರಾಜು .ಎಸ್,Nagaraja S
1479,25/11/2016,ಮೂಲಸೌಲಭ್ಯ ಅಭಿವೃದ್ಧಿ,Infrastructure Development,ಕೆಂಗೇರಿ-ಕನಕಪುರ-ಚಾಮರಾಜನಗರ ರೈಲ್ವೆ ಮಾರ್ಗ.,Kengeri-Kanakapura-Chamarajanagar railway line.,ನಾಗರಾಜು .ಎಸ್,Nagaraja S
1480,25/11/2016,ಪ್ರಾಥಮಿಕ ಮತ್ತು ಪ್ರೌಢ ಶಿಕ್ಷಣ,Primary and Secondary Education,ಚಾಮರಾಜನಗರ ಜಿಲ್ಲೆಯಲ್ಲಿ ಪ್ರಾಥಮಿಕ ಶಾಲಾ ಕೊಠಡಿಗಳ ಕೊರತೆ ಬಗ್ಗೆ,About lack of elementary school rooms in Chamarajanagar district,ನಾಗರಾಜು .ಎಸ್,Nagaraja S
1481,25/11/2016,ಬೃಹತ್ ಮತ್ತು ಮಧ್ಯಮ ಕೈಗಾರಿಕೆ,Large and medium enterprise,ಮೈಸೂರು ನಗರದಲ್ಲಿ ಕರ್ನಾಟಕ ಸಾಬೂನು ಮತ್ತು ಮಾರ್ಜಕ ಕಾರ್ಖಾನೆಗೆ ಸೇರಿದ ಭೂಮಿ ರಕ್ಷಣೆ ಬಗ್ಗೆ,About land protection from Karnataka Soap and Detergent Factory in Mysore,ನಾಗರಾಜು .ಎಸ್,Nagaraja S
1482,25/11/2016,ಉನ್ನತ ಶಿಕ್ಷಣ ಸಚಿವರು,Higher Education Minister,ರಾಜ್ಯದಲ್ಲಿ ಸರ್ಕಾರಿ ಪದವಿ ಕಾಲೇಜುಗಳಲ್ಲಿರುವ ಅತಿಥಿ ಉಪನ್ಯಾಸಕರ ಹುದ್ದೆ ಬಗ್ಗೆ,About the post of Guest Lecturer in Government Degree Colleges in the State,ನಿರಾಣಿ ಹಣಮಂತ್ ರುದ್ರಪ್ಪ,Nirani Hanumanth Rudrappa
1483,25/11/2016,ಪ್ರಾಥಮಿಕ ಮತ್ತು ಪ್ರೌಢ ಶಿಕ್ಷಣ,Primary and Secondary Education,ರಾಷ್ಟ್ರೀಯ ಮಾಧ್ಯಮ ಶಿಕ್ಷಣ ಯೋಜನೆಯನ್ನು ಅನು?ನಗೊಳಿಸುವ ಬಗ್ಗೆ,About the dismantling of the National Media Education Plan,ನಿರಾಣಿ ಹಣಮಂತ್ ರುದ್ರಪ್ಪ,Nirani Hanumanth Rudrappa
1484,25/11/2016,ಗ್ರಾಮೀಣಾಭಿವೃದ್ಧಿ ಮತ್ತು ಪಂಚಾಯತ್ ರಾಜ್,Rural Development and Panchayat Raj,ಗ್ರಾಮ ಪಂಚಾಯತಿಗಳ ನಗರೀಕರಣ ಮತ್ತು ಅನುದಾನದ ಕುರಿತು,About the urbanization and grants of Gram Panchayats,ಪ್ರದೀಪ್ ಶೆಟ್ಟರ್,Pradeep Shettar
1485,25/11/2016,ಹಿಂದುಳಿದ ವರ್ಗಗಳ ಕಲ್ಯಾಣ,Welfare of Backward Classes,ಪರಿಶಿ? ಜಾತಿ ಮತ್ತು ಪರಿಶಿ? ಪಂಗಡ ವರ್ಗಕ್ಕೆ ಕಾಯ್ದಿರಿಸಿರುವ ಅನುದಾನದ ಕುರಿತು,The survey? Caste and Survey? About the grant reserved for the Tribe category,ಪ್ರದೀಪ್ ಶೆಟ್ಟರ್,Pradeep Shettar
1486,25/11/2016,ಗ್ರಾಮೀಣಾಭಿವೃದ್ಧಿ ಮತ್ತು ಪಂಚಾಯತ್ ರಾಜ್,Rural Development and Panchayat Raj,ನರೇಗಾ ಯೋಜನೆಯ ಕುರಿತು,About the Narega Project,ಪ್ರದೀಪ್ ಶೆಟ್ಟರ್,Pradeep Shettar
1487,25/11/2016,ಪ್ರಾಥಮಿಕ ಮತ್ತು ಪ್ರೌಢ ಶಿಕ್ಷಣ,Primary and Secondary Education,ಂಥಾಲಯ ಇಲಾಖೆಯ ಸೆಸ್ ಕುರಿತು,About CES of Department of Culture,ಪ್ರದೀಪ್ ಶೆಟ್ಟರ್,Pradeep Shettar
1488,25/11/2016,ವಸತಿ,Housing,ವಸತಿ ಯೋಜನೆಗಳ ಕುರಿತು,About Real Estate Plans,ಪ್ರದೀಪ್ ಶೆಟ್ಟರ್,Pradeep Shettar
1489,25/11/2016,ಗ್ರಾಮೀಣಾಭಿವೃದ್ಧಿ ಮತ್ತು ಪಂಚಾಯತ್ ರಾಜ್,Rural Development and Panchayat Raj,ಗ್ರಾಮ ಪಂಚಾಯತಿಗಳ ತೆರಿಗೆ ವಸೂಲಿ ಕುರಿತು,About Gram Panchayats Tax Deduction,ಪ್ರಾಣೇಶ್ .ಎಂ.ಕೆ,Pranesha M K
1490,25/11/2016,ಗ್ರಾಮೀಣಾಭಿವೃದ್ಧಿ ಮತ್ತು ಪಂಚಾಯತ್ ರಾಜ್,Rural Development and Panchayat Raj,ಪಂಚತಂತ್ರ ದಾಖಲೆಗಳನ್ನು ಬಲಪಡಿಸುವ ಕುರಿತು,About strengthening the Panchatantra records,ಪ್ರಾಣೇಶ್ .ಎಂ.ಕೆ,Pranesha M K
1491,25/11/2016,ವಸತಿ,Housing,ಚಿಕ್ಕಮಗಳೂರು ಜಿಲ್ಲೆಯ ವಸತಿ ರಹಿತರ ಕುರಿತು,About Non-Housing In Chikmagalur District,ಪ್ರಾಣೇಶ್ .ಎಂ.ಕೆ,Pranesha M K
1492,25/11/2016,ವಸತಿ,Housing,ಆಶ್ರಯ ವಸತಿ ಯೋಜನೆಯ ಸಾಲಮನ್ನಾ ಮತ್ತು ಭೂ ಅಡಮಾನ ಮುಕ್ತಗೊಳಿಸುವ ಬಗೆ,How to free loan mortgage and land mortgage for shelter housing scheme,ಪ್ರತಾಪಚಂದ್ರ ಶೆಟ್ಟಿ .ಕೆ,Pratapachandra Shetty K
1493,25/11/2016,ಪ್ರಾಥಮಿಕ ಮತ್ತು ಪ್ರೌಢ ಶಿಕ್ಷಣ,Primary and Secondary Education,ಪ್ರೌಢ ಶಾಲೆಗಳ ಮಂಜೂರಾತಿಯ ಪ್ರಸ್ತಾವನೆ ಬಗೆ,Approval approval of high schools,ಪ್ರತಾಪಚಂದ್ರ ಶೆಟ್ಟಿ .ಕೆ,Pratapachandra Shetty K
1494,25/11/2016,ಗ್ರಾಮೀಣಾಭಿವೃದ್ಧಿ ಮತ್ತು ಪಂಚಾಯತ್ ರಾಜ್,Rural Development and Panchayat Raj,ಗ್ರಾಮ ಪಂಚಾಯತಿಗಳಲ್ಲಿ ಆನ್‌ಲೈನ್ ಮೂಲಕ ಖಾತೆ ಬದಲಾವಣೆಯಾಗದಿರುವ ಬಗ್ಗೆ,Regardless of account change through online in Gram Panchayats,ಪ್ರತಾಪಚಂದ್ರ ಶೆಟ್ಟಿ .ಕೆ,Pratapachandra Shetty K
1495,25/11/2016,ಗ್ರಾಮೀಣಾಭಿವೃದ್ಧಿ ಮತ್ತು ಪಂಚಾಯತ್ ರಾe,Rural Development and Panchayat RA e,ಬೇಸಿಗೆಯಲ್ಲಿ ಕುಡಿಯುವ ನೀರಿನ ಪೂರೈಕೆ ಸಂಬಂಧ ಬಾಕಿ ಅನುದಾನ ಕುರಿತು,About the grant outstanding on the supply of drinking water in the summer,ಪ್ರತಾಪಚಂದ್ರ ಶೆಟ್ಟಿ .ಕೆ,Pratapachandra Shetty K
1496,25/11/2016,ವಸತಿ,Housing,ಸರ್ಕಾರಿ ನಿವೇಶನಗಳಿಗೆ ಮೂಲಭೂತ ಸೌಕರ್ಯ ಒದಗಿಸುವುದು,Providing infrastructure to government sites,ಪ್ರತಾಪಚಂದ್ರ ಶೆಟ್ಟಿ .ಕೆ,Pratapachandra Shetty K
1497,25/11/2016,ಪ್ರಾಥಮಿಕ ಮತ್ತು ಪ್ರೌಢ ಶಿಕ್ಷಣ,Primary and Secondary Education,೨೦೦೮ರ ನಂತರ ನೇಮಕಾತಿಯಾದ ಶಿಕ್ಷಕರಿಗೆ ವಿಶೇ? ಭತ್ಯೆ ಮಂಜೂರು ಮಾಡುವ ಬಗ್ಗೆ,Want to be recruited teachers after 2008? About grant of allowance,ಪುಟ್ಟಣ್ಣ,Puttanna
1498,25/11/2016,ಉನ್ನತ ಶಿಕ್ಷಣ,Higher education,ಯು.ಜಿ.ಸಿ. ಬಾಕಿ ವೇತನ ನೀಡುವ ಬಗ್ಗೆ,UGC About paying outstanding pay,ಪುಟ್ಟಣ್ಣ,Puttanna
1499,25/11/2016,ಪ್ರಾಥಮಿಕ ಮತ್ತು ಪ್ರೌಢ ಶಿಕ್ಷಣ,Primary and Secondary Education,ಸರ್ಕಾರಿ ಪದವಿ ಪೂರ್ವ ಕಾಲೇಜು ಉಪನ್ಯಾಸಕರಿಗೆ ಸ್ಥಾನೀಕರಣ ಬಡ್ತಿ ನೀಡುವ ಬಗ್ಗೆ,About promotion of positions for Government pre-college lecturers,ಪುಟ್ಟಣ್ಣ,Puttanna
1500,25/11/2016,ಪ್ರಾಥಮಿಕ ಮತ್ತು ಪ್ರೌಢ ಶಿಕ್ಷಣ,Primary and Secondary Education,ಅನುದಾನಿತ ಶಾಲೆಗಳಲ್ಲಿ ಖಾಲಿ ಇರುವ ಹುದ್ದೆಗಳ ಭರ್ತಿಗೆ ಅನುಮತಿ ನೀಡುವ ಬಗ್ಗೆ,About permitting filling up vacant posts in aided schools,ಪುಟ್ಟಣ್ಣ,Puttanna
1501,25/11/2016,ಗ್ರಾಮೀಣಾಭಿವೃದ್ಧಿ ಮತ್ತು ಪಂಚಾಯತ್ ರಾಜ್,Rural Development and Panchayat Raj,ಕಲಬುರಗಿ ಮತ್ತು ಯಾದಗಿರಿ ಜಿಲ್ಲೆಗಳಲ್ಲಿ ಹೊಸದಾಗಿ ರಚಿಸಲಾಗಿರುವ ಗ್ರಾಮ ಪಂಚಾಯತಿಗಳ ಬಗ್ಗೆ,About newly created village panchayats in Kalaburagi and Yadgir districts,ಪಾಟೀಲ್ .ಬಿ.ಜಿ,Patil B G
1502,25/11/2016,ಗ್ರಾಮೀಣಾಭಿವೃದ್ಧಿ ಮತ್ತು ಪಂಚಾಯತ್ ರಾಜ್,Rural Development and Panchayat Raj,ರಾಜ್ಯದಲ್ಲಿರುವ ಗ್ರಾಮ ಪಂಚಾಯತಿಗಳ ಬಗ್ಗೆ,About Gram Panchayats in the State,ಪಾಟೀಲ್ .ಬಿ.ಜಿ,Patil B G
1503,25/11/2016,ಗ್ರಾಮೀಣಾಭಿವೃದ್ಧಿ ಮತ್ತು ಪಂಚಾಯತ್ ರಾಜ್,Rural Development and Panchayat Raj,ಕಲಬುರಗಿ ಕಂದಾಯ ವಿಭಾಗದಲ್ಲಿ ಸ್ಥಾಪಿಸಿರುವ ಶುದ್ಧ ನೀರಿನ ಘಟಕಗಳ ಬಗ್ಗೆ,About Pure Water Plants Established in the Revenue Division of Art,ಪಾಟೀಲ್ .ಬಿ.ಜಿ,Patil B G
1504,25/11/2016,ಸಣ್ಣ ಕೈಗಾರಿಕೆ,Small industry,ಕಲಬುರಗಿ ಮತ್ತು ಯಾದಗಿರಿ ಜಿಲ್ಲೆಗಳಲ್ಲಿರುವ ದಾಲ್ ಮಿಲ್‌ಗಳ ಬಗ್ಗೆ,About Dall Mills in Kalaburagi and Yadgir Districts,ಪಾಟೀಲ್ .ಬಿ.ಜಿ,Patil B G
1505,25/11/2016,ಸಣ್ಣ ಕೈಗಾರಿಕಾ,Small industrial,ಕಲಬುರಗಿ ಹಾಗೂ ಯಾದಗಿರಿ ಜಿಲ್ಲೆಗಳಲ್ಲಿರುವ ಕೈಗಾರಿಕಾ ವಸಹಾತು ಕೇಂದ್ರಗಳ ಬಗ್ಗೆ,About Industrial Cabins in Artillery and Yadgir Districts,ಪಾಟೀಲ್ .ಬಿ.ಜಿ,Patil B G
1506,25/11/2016,ಉನ್ನತ ಶಿಕ್ಷಣ,Higher education,ಕೇಂದ್ರೀಯ ವಿಶ್ವವಿದ್ಯಾಲಯಕ್ಕೆ ಸಮರ್ಪಕ ನೀರನ್ನು ಒದಗಿಸುವ ಬಗ್ಗೆ,About providing adequate water to the central university,ಶಾಣಪ್ಪ .ಕೆ.ಬಿ,Shaanappa K B
1507,25/11/2016,ಗ್ರಾಮೀಣಾಭಿವೃದ್ಧಿ ಮತ್ತು ಪಂಚಾಯತ್ ರಾಜ್,Rural Development and Panchayat Raj,ಗ್ರಾಮೀಣಾಭಿವೃದ್ಧಿ ಮತ್ತು ಪಂಚಾಯತ್ ರಾಜ್ ಸಚಿವರು,Rural Development and Panchayat Raj ministers,ವೀರಯ್ಯ .ಡಿ.ಎಸ್,Veerayya D S
1508,25/11/2016,ಉನ್ನತ ಶಿಕ್ಷಣ,Higher education,ಅಂಬೇಡ್ಕರ್ ಸ್ಕೂಲ್ ಆಫ್ ಎಕನಾಮಿಕ್ಸ್ ಕೇಂದ್ರ ಪ್ರಾರಂಭಿಸುವ ಬಗ್ಗೆ,About launching Ambedkar School of Economics Center,ವೀರಯ್ಯ .ಡಿ.ಎಸ್,Veerayya D S
1509,25/11/2016,ವಸತಿ,Housing,ವಸತಿ ಯೋಜನೆ ಅಡಿಯಲ್ಲಿ ಹಂಚಿಕೆ ಮಾಡಲಾದ ಮನೆಗಳ ಬಗ್ಗೆ,About homes allocated under the housing scheme,ವೀರಯ್ಯ .ಡಿ.ಎಸ್,Veerayya D S
1510,25/11/2016,ವಸತಿ,Housing,ವಸತಿ ಯೋಜನೆ ಅಡಿಯಲ್ಲಿ ನಿವೇಶನ ಹಂಚಿಕೆ ಕುರಿತು,About sharing of land under the housing scheme,ವೀರಯ್ಯ .ಡಿ.ಎಸ್,Veerayya D S
1511,25/11/2016,ಕೈಗಾರಿಕೆ,Industry,ಪರಿಶಿ? ಜಾತಿ/ಪರಿಶಿ? ಪಂಗಡಗಳಿಗೆ ಕರ್ನಾಟಕ ಕೈಗಾರಿಕಾ ಪ್ರದೇಶಾಭಿವೃದ್ಧಿ ಮಂಡಳಿ ವತಿಯಿಂದ ಜಮೀನು ಮಂಜೂರಾತಿ ಬಗ್ಗೆ,The survey? Caste / Survey? Land Acquisition by the Karnataka Industrial Area Development Board for the Committees,ವೀರಯ್ಯ .ಡಿ.ಎಸ್,Veerayya D S
1512,25/11/2016,ಸಣ್ಣ ಕೈಗಾರಿಕೆ,Small industry,ಹೈದರಾಬಾದ್-ಕರ್ನಾಟಕ ಜಿಲ್ಲೆಗಳಲ್ಲಿ ಸಣ್ಣ ಕೈಗಾರಿಕೆಗಳ ಬಗೆ,The type of small industries in the Hyderabad-Karnataka districts,ವಿಜಯ್ ಸಿಂಗ್,Vijay Singh
1513,25/11/2016,ವಸತಿ,Housing,ಬೀದರ್ ಜಿಲ್ಲೆಯಲ್ಲಿ ಆಶ್ರಯ ಯೋಜನೆ ಮನೆಗಳ ಬಗ್ಗೆ,About shelter planning homes in Bidar district,ವಿಜಯ್ ಸಿಂಗ್,Vijay Singh
1514,25/11/2016,ಪ್ರಾಥಮಿಕ ಮತ್ತು ಪ್ರೌಢಶಿಕ್ಷಣ,Primary and secondary education,ಹೈದರಾಬಾದ್ - ಕರ್ನಾಟಕದ ಶಾಲೆಗಳ ಬಗ್ಗೆ,About Hyderabad - Karnataka Schools,ವಿಜಯ್ ಸಿಂಗ್,Vijay Singh
1515,25/11/2016,ಗ್ರಾಮೀಣಾಭಿವೃದ್ಧಿ ಮತ್ತು ಪಂಚಾಯತ್ ರಾಜ್,Rural Development and Panchayat Raj,ನಿರ್ಮಲ ಭಾರತ ಅಭಿಯಾನ ಯೋಜನೆ ಬಗ್ಗೆ,About the Nirmala India campaign plan,ವಿಜಯ್ ಸಿಂಗ್,Vijay Singh
1516,25/11/2016,ಪ್ರಾಥಮಿಕ ಮತ್ತು ಪ್ರೌಢಶಿಕ್ಷಣ,Primary and secondary education,ಬೀದರ್ ಜಿಲ್ಲೆಯ ಸರ್ಕಾರಿ ಪ್ರಾಥಮಿಕ ಶಾಲೆಗಳ ಬಗ್ಗೆ,About Government Primary Schools in Bidar District,ವಿಜಯ್ ಸಿಂಗ್,Vijay Singh
1517,25/11/2016,ಗಣಿ ಮತ್ತು ಭೂವಿಜ್ಞಾನ,Mine and geology,ಮರಳು ನೀತಿಯನ್ನು ಸರಳೀಕರಿಸುವ ಬಗ್ಗೆ,About simplifying sand policy,ಬಸನಗೌಡ ಆರ್ ಪಾಟೀಲ್,Basanagowda R Patil
1518,25/11/2016,ಗ್ರಾಮೀಣಾಭಿವೃದ್ಧಿ ಮತ್ತು ಪಂಚಾಯತ್ ರಾಜ್,Rural Development and Panchayat Raj,ಗ್ರಾಮ ಪಂಚಾಯಿತಿಗಳಿಗೆ ಭೂ ಸ್ವಾಧೀನ ಪಡಿಸಿಕೊಳ್ಳುವ ಅಧಿಕಾರ ನೀಡುವ ಬಗ್ಗೆ,Granting authority to acquire land for village panchayats,ಬಸನಗೌಡ ಆರ್ ಪಾಟೀಲ್,Basanagowda R Patil
1519,25/11/2016,ಗ್ರಾಮೀಣಾಭಿವೃದ್ಧಿ ಮತ್ತು ಪಂಚಾಯತ್ ರಾಜ್,Rural Development and Panchayat Raj,ಗ್ರಾಮ ಸಭೆ ನಡೆಸುವ ಬಗೆ,How to conduct a village meeting,ಬಸನಗೌಡ ಆರ್ ಪಾಟೀಲ್,Basanagowda R Patil
1520,25/11/2016,ವಕ್ಛ್,wakf board,ವಕ್ಛ್ ಆಸ್ತಿ ಪರಭಾರೆ ಕುರಿತು,About Vachch Property,ಬಸನಗೌಡ ಆರ್ ಪಾಟೀಲ್,Basanagowda R Patil
1521,25/11/2016,ಉನ್ನತ ಶಿಕ್ಷಣ,Higher education,ಅಕ್ಕಮಹಾದೇವಿ ಮಹಿಳಾ ವಿಶ್ವವಿದ್ಯಾಲಯದ ಬಗ್ಗೆ,About Akkhamadevi Women's University,ಬಸನಗೌಡ ಆರ್ ಪಾಟೀಲ್,Basanagowda R Patil
1522,25/11/2016,ಉನ್ನತ ಶಿಕ್ಷಣ,Higher education,ಅನುದಾನಿತ ಪದವಿ ಕಾಲೇಜುಗಳಲ್ಲಿ ಪ್ರಾಂಶುಪಾಲರ ನೇಮಕಾತಿಗೆ ಮಾರ್ಗಸೂಚಿ ಹೊರಡಿಸುವ ಬಗ್ಗೆ,Regarding guidelines for the appointment of Principals in Aided Degree Colleges,ಬಸವರಾಜ ಶಿವಲಿಂಗಪ್ಪ ಹೊರಟಿ,Basavaraja Shivalingappa Horatti
1523,25/11/2016,ಪ್ರಾಥಮಿಕ ಮತ್ತು ಪ್ರೌಢ ಶಿಕ್ಷಣ,Primary and Secondary Education,ಪದವಿ ಕಾಲೇಜುಗಳಿಂದ ವಿಭಜಿತಗೊಂಡ ಪದವಿ ಪೂರ್ವ ಕಾಲೇಜುಗಳ ಉಪನ್ಯಾಸಕರ ನೇಮಕದ ಕುರಿತು,About the appointment of lecturers of graduate colleges split from graduate colleges,ಬಸವರಾಜ ಶಿವಲಿಂಗಪ್ಪ ಹೊರಟಿ,Basavaraja Shivalingappa Horatti
1524,25/11/2016,ಪ್ರಾಥಮಿಕ ಮತ್ತು ಪ್ರೌಢ ಶಿಕ್ಷಣ,Primary and Secondary Education,ಂದ್ರಿಯ ಪಠ್ಯ ಕ್ರಮದ ಶಾಲೆಗಳಲ್ಲಿ ಕನ್ನಡವನ್ನು ಕಡ್ಡಾಯವಾಗಿ ಕಲಿಸುವ ಬಗ್ಗೆ,About mandatory teaching of Kannada in open text mode schools,ಬಸವರಾಜ ಶಿವಲಿಂಗಪ್ಪ ಹೊರಟಿ,Basavaraja Shivalingappa Horatti
1525,25/11/2016,ಉನ್ನತ ಶಿಕ್ಷಣ,Higher education,೧೯೯೪-೯೫ನೇ ಸಾಲಿನವರೆಗೆ ಪ್ರಾರಂಭಿಸಿದ ಪ್ರಥಮ ದರ್ಜೆ ಕಾಲೇಜುಗಳನ್ನು ಅನುದಾನಕ್ಕೆ ಒಳಪಡಿಸುವ ಕುರಿತು,About granting first-class colleges starting from 1994-95,ಬಸವರಾಜ ಶಿವಲಿಂಗಪ್ಪ ಹೊರಟಿ,Basavaraja Shivalingappa Horatti
1526,25/11/2016,ಗ್ರಾಮೀಣಾಭಿವೃದ್ಧಿ ಮತ್ತು ಪಂಚಾಯತ್ ರಾಜ್,Rural Development and Panchayat Raj,ಉದ್ಯೋಗ ಖಾತ್ರಿ ಯೋಜನೆಯಡಿ ತಪ್ಪು ಮಾಡಿದ ಅಧಿಕಾರಿಗಳ ವಿರುದ್ಧ ಕ್ರಮ ಕೈಗೊಳ್ಳುವ ಬಗ್ಗೆ,Take action against wrongdoing officers under the Employment Guarantee Scheme,ಬಸವರಾಜ ಶಿವಲಿಂಗಪ್ಪ ಹೊರಟಿ,Basavaraja Shivalingappa Horatti
1527,25/11/2016,ಗ್ರಾಮೀಣಾಭಿವೃದ್ಧಿ ಮತ್ತು ಪಂಚಾಯತ್ ರಾಜ್,Rural Development and Panchayat Raj,ಸಲಿಕ್ಯಾಪೂರ ಮತ್ತು ೯ ಹಳ್ಳಿಗಳಿಗೆ ನೀರು ಸರಬರಾಜು ಕಾಮಗಾರಿ ಕುರಿತು,About water supply work at Salikapur and 9 villages,ಬಸವರಾಜ್ ಪಾಟೀಲ್ ಇಟಗಿ,Basavaraja Patil Itagi
1528,25/11/2016,ಸಣ್ಣ ನೀರಾವರಿ,Small irrigation,ಕೆರೆಗಳ ನಿರ್ವಹಣೆ ಕುರಿತು,About Lake Management,ಲಕ್ಷ್ಮೀನಾರಾಯಣ .ಎಂ.ಡಿ,Lakshmi Narayana MD
1529,25/11/2016,ಬೃಹತ್ ಮತ್ತು ಮಧ್ಯಮ ಕೈಗಾರಿಕೆ,Large and medium enterprise,ರಾಜ್ಯದಲ್ಲಿ ಅಕ್ರಮ ಮರಳುಗಾರಿಕೆ ಬಗ್ಗೆ,About illegal sanding in the state,ಲಕ್ಷ್ಮೀನಾರಾಯಣ .ಎಂ.ಡಿ,Lakshmi Narayana MD
1530,25/11/2016,ಗ್ರಾಮೀಣಾಭಿವೃದ್ಧಿ ಮತ್ತು ಪಂಚಾಯತ್ ರಾಜ್,Rural Development and Panchayat Raj,ಅನುದಾನ ಖರ್ಚಾಗದಿರುವ ಬಗ್ಗೆ,About granting money,ಲಕ್ಷ್ಮೀನಾರಾಯಣ .ಎಂ.ಡಿ,Lakshmi Narayana MD
1531,25/11/2016,ಉನ್ನತ ಶಿಕ್ಷಣ,Higher education,ಉನ್ನತ ಶಿಕ್ಷಣದ ಯೋಜನೆಗಳ ಬಗ್ಗೆ,About Higher Education Projects,ಲಕ್ಷ್ಮೀನಾರಾಯಣ .ಎಂ.ಡಿ,Lakshmi Narayana MD
1532,25/11/2016,ಜವಳಿ,Textile,ಕೈಮಗ್ಗ ಅಭಿವೃದ್ಧಿ ನಿಗಮಕ್ಕೆ ಹಣ ಬಿಡುಗಡೆ ಬಗ್ಗೆ,About releasing money to handloom development corporation,ಲಕ್ಷ್ಮೀನಾರಾಯಣ .ಎಂ.ಡಿ,Lakshmi Narayana MD
1533,25/11/2016,ಪ್ರಾಥಮಿಕ ಮತ್ತು ಪ್ರೌಢ ಶಿಕ್ಷಣ,Primary and Secondary Education,ಮೇಲ್ವಿಚಾರಕರ ಮುಂಬಡ್ತಿಯಲ್ಲಿ ರೋಸ್ಟರ್ ಬಿಂದುಗಳ ಅದಲು- ಬದಲು,Instead of roster points in the supervisor's front,ಶ್ರೀಕಂಠೇಗೌಡ .ಕೆ.ಟಿ,Srikantegowda KT
1534,25/11/2016,ಉನ್ನತ ಶಿಕ್ಷಣ,Higher education,ರಾಜ್ಯ ಸರ್ಕಾರಿ ಪ್ರಥಮ ದರ್ಜೆ ಕಾಲೇಜುಗಳ ಅತಿಥಿ ಉಪನ್ಯಾಸಕರ ಬಗ್ಗೆ,About guest lecturers of state government first-class colleges,ಶ್ರೀಕಂಠೇಗೌಡ .ಕೆ.ಟಿ,Srikantegowda KT
1535,25/11/2016,ಉನ್ನತ ಶಿಕ್ಷಣ,Higher education,ಸರ್ಕಾರಿ ಪದವಿ ಪೂರ್ವ ಕಾಲೇಜುಗಳ ಪ್ರಾಂಶುಪಾಲರ ಹುದ್ದೆಗಳನ್ನು ಭರ್ತಿ ಮಾಡುವ ಬU,BU is filled with the principal posts of government graduate colleges,ಶ್ರೀಕಂಠೇಗೌಡ .ಕೆ.ಟಿ,Srikantegowda KT
1536,25/11/2016,ಉನ್ನತ ಶಿಕ್ಷಣ,Higher education,೨೦೧೩ನೇ ಸಾಲಿನಲ್ಲಿ ಆಯ್ಕೆಯಾದ ಪದವಿ ಪೂರ್ವ ಕಾಲೇಜುಗಳ ಉಪನ್ಯಾಸಕರ ಪ್ರೊಬೆ?ನರಿ ಅವಧಿ ಘೋ?ಣೆ ಬಗ್ಗೆ,"Probbe Nari Aadhi Gho, a lecturer of the pre-graduate colleges selected in 2013",ಶ್ರೀಕಂಠೇಗೌಡ .ಕೆ.ಟಿ,Srikantegowda KT
1537,25/11/2016,ಪ್ರಾಥಮಿಕ ಮತ್ತು ಪ್ರೌಢ ಶಿಕ್ಷಣ,Primary and Secondary Education,೨೦೦೮ ರ ನಂತರ ನೇಮಕವಾದ ಪ್ರೌಢ ಶಾಲಾ ಶಿಕ್ಷಕರು ಮತ್ತು ಉಪನ್ಯಾಸಕರುಗಳಿಗೆ ವಿಶೇ? ಭತ್ಯೆ ನೀಡುವ ಬಗ್ಗೆ.,Is it true for high school teachers and lecturers appointed after 2008? About the allowance.,ಶ್ರೀಕಂಠೇಗೌಡ .ಕೆ.ಟಿ,Srikantegowda KT
1538,25/11/2016,ಗಣಿ ಮತ್ತು ಭೂವಿಜ್ಞಾನ,Mine and geology,ಗಣಿಗಾರಿಕೆ ಪರವಾನಗಿ ಪಡೆಯುವ ಬಗೆ,How to get a mining license,ಮನೋಹರ್ .ಸಿ.ಆರ್,Manohara CR
1539,25/11/2016,ಗ್ರಾಮೀಣಾಭಿವೃದ್ಧಿ ಮತ್ತು ಪಂಚಾಯತ್ ರಾಜ್,Rural Development and Panchayat Raj,ಗ್ರಾಮೀಣಾಭಿವೃದ್ಧಿ ಮತ್ತು ಪಂಚಾಯತ್ ರಾಜ್ ಇಲಾಖೆಯ ಶಾಶ್ವತ ವರ್ಗಾವಣೆ ಬಗ್ಗೆ,Regarding permanent transfer of Rural Development and Panchayat Raj Department,ಮನೋಹರ್ .ಸಿ.ಆರ್,Manohara CR
1540,25/11/2016,ಗ್ರಾಮೀಣಾಭಿವೃದ್ಧಿ ಮತ್ತು ಪಂಚಾಯತ್ ರಾಜ್,Rural Development and Panchayat Raj,ಪಂಚಾಯತಿಯಲ್ಲಿ ಕಾರ್ಯನಿರ್ವಹಿಸುತ್ತಿದ್ದ ಸಮಯದಲ್ಲಿ ಕರ್ತವ್ಯ ಲೋಪದ ಬಗ್ಗೆ,About the failure of duty when working in the panchayat,ಮನೋಹರ್ .ಸಿ.ಆರ್,Manohara CR
1541,25/11/2016,ವಸತಿ,Housing,ರಾಜ್ಯವನ್ನು ಗುಡಿಸಲು ಮುಕ್ತ ಎಂದು ಘೋಷಿಸಿರುವ ಬಗ್ಗೆ,About announcing the state as a hut free,ಮನೋಹರ್ .ಸಿ.ಆರ್,Manohara CR
1542,25/11/2016,ಬೃಹತ್ ಮತ್ತು ಮಧ್ಯಮ ಕೈಗಾರಿಕೆ,Large and medium enterprise,ಕೆ.ಐ.ಎ.ಡಿ.ಬಿ. ವತಿಯಿಂದ ಸ್ವಾಧೀನಪಡಿಸಿಕೊಂಡಿರುವ ಜಮೀನಿನ ಬಗೆ,KIADB Land Acquisition,ವಟಮ್ಮ,Motamma
1543,25/11/2016,ಪ್ರಾಥಮಿಕ ಮತ್ತು ಪ್ರೌಢ ಶಿಕ್ಷಣ,Primary and Secondary Education,ಅಲ್ಪಸಂಖ್ಯಾತರ ಸಮುದಾಯಗಳಿಗೆ ಒದಗಿಸುತ್ತಿರುವ ಸೌಲಭ್ಯದ ಬಗೆ,The type of facility provided to the minority communities,ಮಾನೆ ಶ್ರೀನಿವಾಸ್,Mane Srinivas
1544,25/11/2016,ಗ್ರಾಮೀಣಾಭಿವೃದ್ಧಿ ಮತ್ತು ಪಂಚಾಯತ್ ರಾಜ್,Rural Development and Panchayat Raj,ನೂತನವಾಗಿ ರಚನೆಗೊಂಡ ಗ್ರಾಮ ಪಂಚಾಯತಿಗಳಿಗೆ ಮೂಲ ಸೌಕರ್ಯ ಬಗ್ಗೆ,About basic infrastructure for newly created village panchayats,ಮಾನೆ ಶ್ರೀನಿವಾಸ್,Mane Srinivas
1545,25/11/2016,ಗ್ರಾಮೀಣಾಭಿವೃದ್ಧಿ ಮತ್ತು ಪಂಚಾಯತ್ ರಾಜ್,Rural Development and Panchayat Raj,ಮಹಾತ್ಮಾ ಗಾಂಧಿ ಉದ್ಯೋಗ ಖಾತ್ರಿ ಯೋಜನೆ ಕುರಿತು,About the Mahatma Gandhi Employment Guarantee Scheme,ಮಾನೆ ಶ್ರೀನಿವಾಸ್,Mane Srinivas
1546,25/11/2016,ಗ್ರಾಮೀಣಾಭಿವೃದ್ಧಿ ಮತ್ತು ಪಂಚಾಯತ್ ರಾಜ್,Rural Development and Panchayat Raj,ಗ್ರಾಮಾಂತರ ಪ್ರದೇಶದಲ್ಲಿ ರಸ್ತೆ ದುರಸ್ಥಿ ಬಗೆ,Road Route Type in Rural Area,ಮಾನೆ ಶ್ರೀನಿವಾಸ್,Mane Srinivas
1547,25/11/2016,ಸಣ್ಣ ಕೈಗಾರಿಕೆ,Small industry,ರಾಜ್ಯದ ಉದ್ದಿಮೆಗಳ ಬU,BUU of state enterprises,ಅಪ್ಪಾಜಿಗೌಡ .ಎನ್,Appajigowda N
1548,25/11/2016,ಪ್ರಾಥಮಿಕ ಮತ್ತು ಪ್ರೌಢ ಶಿಕ್ಷಣ,Primary and Secondary Education,ಸರ್ಕಾರಿ ಪ್ರೌಢಶಾಲಾ ಮುಖ್ಯೋಪಾಧ್ಯಾಯರುಗಳ ಮುಂಬಡ್ತಿ ಬಗ್ಗೆ,About the upcoming government high school headmasters,ಅಪ್ಪಾಜಿಗೌಡ .ಎನ್,Appajigowda N
1549,25/11/2016,ಗ್ರಾಮೀಣಾಭಿವೃದ್ಧಿ ಮತ್ತು ಪಂಚಾಯತ್ ರಾಜ್,Rural Development and Panchayat Raj,ಕುಡಿಯುವ ನೀರಿನ ಯೋಜನೆ ಬಗ್ಗೆ,About Drinking Water Plans,ಅಪ್ಪಾಜಿಗೌಡ .ಎನ್,Appajigowda N
1550,25/11/2016,ಗಣಿ ಮತ್ತು ಭೂವಿಜ್ಞಾನ,Mine and geology,ಕಲ್ಲುಕ್ವಾರಿ ನಡೆಸಲು ಅನುಮತಿ ಬಗ್ಗೆ,About permission to run a stone,ಅಪ್ಪಾಜಿಗೌಡ .ಎನ್,Appajigowda N
1551,25/11/2016,ಸಿಬ್ಬಂದಿ ಮತ್ತು ಆಡಳಿತ ಸುಧಾರಣೆ,Staff and administrative reform,ಕರ್ನಾಟಕ ಅಲ್ಪಸಂಖ್ಯಾತರ ಇಲಾಖೆಯಲ್ಲಿ ವಿವಿಧ ಯೋಜನೆಗಳ ಅನು?ನದ ಬಗ್ಗೆ,About Karnataka's Minorities Department's various projects,ಅಬ್ದುಲ್ ಜಬ್ಬಾರ್ .ಕೆ,Abdul Jabbar K
1552,25/11/2016,ಪ್ರಾಥಮಿಕ ಮತ್ತು ಪ್ರೌಢ ಶಿಕ್ಷಣ,Primary and Secondary Education,ಅಲ್ಪಸಂಖ್ಯಾತರ ಶಾಲೆಗಳಲ್ಲಿ ಖಾಲಿ ಇರುವ ಹುದ್ದೆಗಳನ್ನು ಭರ್ತಿ ಮಾಡುವ ಬಗ್ಗೆ,Filling out vacant posts in minority schools,ಅಬ್ದುಲ್ ಜಬ್ಬಾರ್ .ಕೆ,Abdul Jabbar K
1553,25/11/2016,ಅಲ್ಪಸಂಖ್ಯಾತರ ಕಲ್ಯಾಣ,Minorities Welfare,ಅಲ್ಪಸಂಖ್ಯಾತರ ಕಲ್ಯಾಣ ಇಲಾಖೆಯಿಂದ ಮೌಲಾನಾ ಅಜಾದ್ ಭವನದ ನಿರ್ಮಾಣದ ಯೋಜನೆ ಬಗ್ಗೆ,About the construction of the Maulana Azad Bhavan from the Minorities Welfare Department,ಅಬ್ದುಲ್ ಜಬ್ಬಾರ್ .ಕೆ,Abdul Jabbar K
1554,25/11/2016,ಪ್ರಾಥಮಿಕ ಮತ್ತು ಪ್ರೌಢ ಶಿಕ್ಷಣ,Primary and Secondary Education,ಶಿಕ್ಷಣ ಇಲಾಖೆಯಲ್ಲಿ ಅಲ್ಪಸಂಖ್ಯಾತರ ಶಾಲೆಗಳೆಂದು ಘೋಷಿಸುವ ಬಗ್ಗೆ,Declaration of Minorities Schools in Education Department,ಅಬ್ದುಲ್ ಜಬ್ಬಾರ್ .ಕೆ,Abdul Jabbar K
1555,25/11/2016,ಪ್ರಾಥಮಿಕ ಮತ್ತು ಪ್ರೌಢ ಶಿಕ್ಷಣ,Primary and Secondary Education,ಕೇಂದ್ರ ಸರ್ಕಾರದ ಐ.ಡಿ.ಎಂ.ಐ. (IಆಒI) ಯೋಜನೆಯ ಬಗ್ಗೆ,Central Government's IDMI (IOO I) about the project,ಅಬ್ದುಲ್ ಜಬ್ಬಾರ್ .ಕೆ,Abdul Jabbar K
1556,25/11/2016,ಉನ್ನತ ಶಿಕ್ಷಣ,Higher education,ಏಇಂ ಯ ಸಹಾಯಕ ಪ್ರಾಧ್ಯಾಪಕರ ಹುದ್ದೆಗಳ ನೇಮಕಾತಿಯ ಬಗ್ಗೆ,Appointment of Assistant Professor posts of AIM,ಅಮರನಾಥ ಪಾಟೀಲ್,Amaranatha Patil
1557,25/11/2016,ಪ್ರಾಥಮಿಕ ಮತ್ತು ಪ್ರೌಢ ಶಿಕ್ಷಣ,Primary and Secondary Education,ಪ್ರೌಢ ಶಾಲಾ ಶಿಕ್ಷಕರನ್ನು ಪದವಿ ಪೂರ್ವ ಕಾಲೇಜುಗಳ ಉಪನ್ಯಾಸಕರಾಗಿ ಬಡ್ತಿ ನೀಡುವ ಬಗ್ಗೆ,Promoting secondary school teachers as a lecturer at the pre-college colleges,ಅಮರನಾಥ ಪಾಟೀಲ್,Amaranatha Patil
1558,25/11/2016,ಉನ್ನತ ಶಿಕ್ಷಣ,Higher education,ಹೈದರಾಬಾದ್-ಕರ್ನಾಟಕ ಭಾಗದಲ್ಲಿ ೧೯೮೭ ರಿಂದ ೧೯೯೫ ರವರೆಗೆ ಪ್ರಥಮದರ್ಜೆ ಕಾಲೇಜುಗಳ ಸ್ಥಾಪನೆ ಬಗ್ಗೆ,About establishing first-class colleges from 1987 to 1995 in the Hyderabad-Karnataka part,ಅಮರನಾಥ ಪಾಟೀಲ್,Amaranatha Patil
1559,25/11/2016,ಪ್ರಾಥಮಿಕ ಮತ್ತು ಪ್ರೌಢ ಶಿಕ್ಷಣ,Primary and Secondary Education,"ಬಳ್ಳಾರಿ ಶೈಕ್ಷಣಿಕ ಜಿಲ್ಲೆಯ ಬಿ.ಇ.ಓ ಮತ್ತು ಶಾಲಾ, ಕಾಲೇಜುಗಳ ಬಗ್ಗೆ",About BEO and School and Colleges in Bellary Educational District,ಅಮರನಾಥ ಪಾಟೀಲ್,Amaranatha Patil
1560,25/11/2016,ಉನ್ನತ ಶಿಕ್ಷಣ,Higher education,ಹೈದರಾಬಾದ್-ಕರ್ನಾಟಕ ಪ್ರದೇಶದಲ್ಲಿ ಹೊಸದಾಗಿ ಮಂಜೂರಾಗಿರುವ ಇಂಜಿನಿಯರ್ ಕಾಲೇಜುಗಳ ಬಗ್ಗೆ,About the newly sanctioned Engineer Colleges in the Hyderabad-Karnataka region,ಅಮರನಾಥ ಪಾಟೀಲ್,Amaranatha Patil
1561,25/11/2016,ಪ್ರಾಥಮಿಕ ಮತ್ತು ಪ್ರೌಢ ಶಿಕ್ಷಣ,Primary and Secondary Education,ಪಠ್ಯ ಪುಸ್ತಕ ಪರಿಷ್ಕರಣೆ ಕುರಿತು,About text book revision,ಅರುಣ ಶಹಾಪುರ,Aruna Shahaapura
1562,25/11/2016,ಪ್ರಾಥಮಿಕ ಮತ್ತು ಪ್ರೌಢ ಶಿಕ್ಷಣ,Primary and Secondary Education,ಪ್ರಾಥಮಿಕ ಮತ್ತು ಪ್ರೌಢ ಶಾಲೆಗಳಲ್ಲಿ ವಿದ್ಯಾರ್ಥಿ ಶಿಕ್ಷಕರ ಅನುಪಾತ ಕುರಿತು,About Student Teacher Ratio in Primary and High Schools,ಅರುಣ ಶಹಾಪುರ,Aruna Shahaapura
1563,25/11/2016,ಪ್ರಾಥಮಿಕ ಮತ್ತು ಪ್ರೌಢ ಶಿಕ್ಷಣ,Primary and Secondary Education,ಶಿಕ್ಷಕರ ವರ್ಗಾವಣೆ ಬಗೆ,Teacher Transfer Type,ಅರುಣ ಶಹಾಪುರ,Aruna Shahaapura
1564,25/11/2016,ಪ್ರಾಥಮಿಕ ಮತ್ತು ಪ್ರೌಢ ಶಿಕ್ಷಣ,Primary and Secondary Education,"ಪ್ರಾಥಮಿಕ, ಪ್ರೌಢ, ಕಾಲೇಜುಗಳ ಸಿಬ್ಬಂದಿಗಳ ಬಡ್ತಿ ಕುರಿತು","About promotion of primary, mature, college staff",ಅರುಣ ಶಹಾಪುರ,Aruna Shahaapura
1565,25/11/2016,ಪ್ರಾಥಮಿಕ ಮತ್ತು ಪ್ರೌಢ ಶಿಕ್ಷಣ,Primary and Secondary Education,ಪ್ರೌಢ ಶಾಲೆ ಹಾಗೂ ಪದವಿ ಪೂರ್ವ ಶಿಕ್ಷಣವನ್ನು ಒಂದೇ ವ್ಯವಸ್ಥೆ ಅಡಿ ತರುವ ಬಗ್ಗೆ,About bringing high school and undergraduate education to the same system,ಅರುಣ ಶಹಾಪುರ,Aruna Shahaapura
1566,25/11/2016,ಪ್ರಾಥಮಿಕ ಮತ್ತು ಪ್ರೌಢ ಶಿಕ್ಷಣ,Primary and Secondary Education,೨೦೧೫-೧೬ನೇ ಸಾಲಿನಲ್ಲಿ ಹೈಸ್ಕೂಲ್ ವಿದ್ಯಾರ್ಥಿಗಳಿಗೆ ನೀಡಲಾಗುವ ಉಚಿತ ಸೈಕಲ್ ಖರೀದಿಯಲ್ಲಿ ಹೆಚ್ಚುವರಿ ದರ ನೀಡಿರುವ ಕುರಿತು,An additional price for a free bicycle buyer offered to high school students in 2015-16,ರಾಮಚಂದ್ರಗೌಡ,Ramachandra Gowda
1567,25/11/2016,ಉನ್ನತ ಶಿಕ್ಷಣ ಸಚಿವರು,Higher Education Minister,ಸರ್ಕಾರಿ ಪದವಿ ಕಾಲೇಜುಗಳ ಉಪನ್ಯಾಸಕರುಗಳಿಗೆ ೨೦೦೬ - ೨೦೦೯ರವರೆಗೆ ಯುಜಿಸಿ ವೇತನ ಪಾವತಿಯಾಗಿಲ್ಲದಿರುವ ಕುರಿತು,UGC not paying salaries to government lecturers lecturers 2006-2009,ರಾಮಚಂದ್ರಗೌಡ,Ramachandra Gowda
1568,25/11/2016,ಪ್ರಾಥಮಿಕ ಮತ್ತು ಪ್ರೌಢ ಶಿಕ್ಷಣ,Primary and Secondary Education,ಶಾಲಾ ಮಕ್ಕ ಪುಸ್ತಕದ ಭಾರವನ್ನು ಕಡಿಮೆ ಮಾಡುವ ಕುರಿತು,About reducing the burden of school children's books,ರಾಮಚಂದ್ರಗೌಡ,Ramachandra Gowda
1569,25/11/2016,ಕೈಗಾರಿಕೆ,Industry,ಜಗಳೂರು ಮತ್ತು ಆನೆಗೋಡು ಹೆದ್ದಾರಿ ಬಳಿಯಲ್ಲಿನ (ಏIಂಆಃ) ಯ ಕೈಗಾರಿಕಾ ಅಭಿವೃದ್ಧಿ ಕಾರ್ಯ ವಿಳಂಬವಾಗುತ್ತಿರುವ ಬಗ್ಗೆ,About the delay in industrial development work near the Jagurur and Elephant Highway (AII),ರಾಮಚಂದ್ರಗೌಡ,Ramachandra Gowda
1570,25/11/2016,ಪ್ರಾಥಮಿಕ ಮತ್ತು ಪ್ರೌಢ ಶಿಕ್ಷಣ,Primary and Secondary Education,ಉತ್ತರ ಕನ್ನಡ ಜಿಲ್ಲೆಯ ಜೋಯಿಡಾ ತಾಲ್ಲೂಕಿನ ಮನಾಯಿ ಕಿರಿಯ ಪ್ರಾಥಮಿಕ ಶಾಲೆಯಲ್ಲಿ ಮೂಲಭೂತ ಸೌಕರ್ಯ ಕೊರತೆಯ ಕುರಿತು,The lack of basic infrastructure at Manai junior primary school in Joyada taluk in Uttara Kannada district,ರಾಮಚಂದ್ರಗೌಡ,Ramachandra Gowda
1571,25/11/2016,ಗ್ರಾಮೀಣಾಭಿವೃದ್ಧಿ ಮತ್ತು ಪಂಚಾಯತ್ ರಾಜ್,Rural Development and Panchayat Raj,ಶುದ್ಧ ಕುಡಿಯುವ ನೀರಿನ ಘಟಕಗಳ ಕುರಿತು,About Pure Drinking Water Units,ರಘುನಾಥ ರಾವ್ ಮಲ್ಕಾಪೂರೆ,Raghunath Rao Malkapore
1572,25/11/2016,ಪ್ರಾಥಮಿಕ ಮತ್ತು ಪ್ರೌಢ ಶಿಕ್ಷಣ,Primary and Secondary Education,ಉಪನ್ಯಾಸಕರನ್ನು ವೇತನ ಅನುದಾನಕ್ಕೆ ಒಳಪಡಿಸುವ ಬಗ್ಗೆ,About leasing the lecturers,ರಘುನಾಥ ರಾವ್ ಮಲ್ಕಾಪೂರೆ,Raghunath Rao Malkapore
1573,25/11/2016,ಉನ್ನತ ಶಿಕ್ಷಣ,Higher education,ಪ್ರಸಕ್ತ ಕಾರ್ಯನಿರ್ವಹಿಸುತ್ತಿರುವ ಖಾಸಗಿ ವಿಶ್ವವಿದ್ಯಾಲಯಗಳ ಬಗ್ಗೆ,About Current Private Private Universities,ರಘುನಾಥ ರಾವ್ ಮಲ್ಕಾಪೂರೆ,Raghunath Rao Malkapore
1574,25/11/2016,ವಕ್ಛ್,Vachch,ವಿವಿಧ ಯೋಜನೆಗಳು ಸಮರ್ಪಕವಾಗಿ ಅನು?ನಗೊಳ್ಳದಿರುವ ಬಗ್ಗೆ,Various projects are adequate?,ರಘುನಾಥ ರಾವ್ ಮಲ್ಕಾಪೂರೆ,Raghunath Rao Malkapore
1575,25/11/2016,ಗ್ರಾಮೀಣಾಭಿವೃದ್ಧಿ ಮತ್ತು ಪಂಚಾಯತ್ ರಾಜ್,Rural Development and Panchayat Raj,ಗ್ರಾಮ ಪಂಚಾಯತಿಗಳಲ್ಲಿ ತೆರಿಗೆ ಸಂಗ್ರಹಿಸಿದ ಪ್ರಮಾಣದ ಬಗ್ಗೆ,About the amount of tax collected in Gram Panchayats,ರಘುನಾಥ ರಾವ್ ಮಲ್ಕಾಪೂರೆ,Raghunath Rao Malkapore
1576,25/11/2016,ಪ್ರಾಥಮಿಕ ಮತ್ತು ಪ್ರೌಢ ಶಿಕ್ಷಣ,Primary and Secondary Education,ಮಾತೃ ಭಾ?ಯಲ್ಲಿ ಪ್ರಾಥಮಿಕ ಶಿಕ್ಷಣ,Primary Education in Motherhood?,ಉಗ್ರಪ್ಪ .ವಿ.ಎಸ್,Ugrappa VS
1577,25/11/2016,ಮೂಲಸೌಲಭ್ಯ ಅಭಿವೃದ್ಧಿ,Infrastructure Development,ಕುಡಚಿ-ಬಾಗಲಕೋಟೆ ರೈಲು ಮಾರ್ಗ,Kudachi-Bagalkot train line,ಉಗ್ರಪ್ಪ .ವಿ.ಎಸ್,Ugrappa VS
1578,25/11/2016,ಸಾರಿಗೆ,Transport,ಕರ್ನಾಟಕ ರಾಜ್ಯ ರಸ್ತೆ ಸಾರಿಗೆ ಸಂಸ್ಥೆ ಮಹಿಳಾ ಕಾರ್ಮಿಕರಿಗೆ ಮೂಲ ಸೌಕರ್ಯ ಒದಗಿಸುವ ಬಗ್ಗೆ,Karnataka State Road Transport Corporation is providing basic infrastructure to women workers,ಉಗ್ರಪ್ಪ .ವಿ.ಎಸ್,Ugrappa VS
1579,25/11/2016,ಸಾರಿಗೆ,Transport,"ಓಲಾ, ಓಬರ್‌ನಂತಹ ಇಂಟರ್‌ನೆಟ್ ಆಧಾರಿತ ಬಾಡಿಗೆ ವಾಹನ ವ್ಯವಸ್ಥೆ ಬU","Internet based rental vehicle such as Ola, Ober BU",ಕ್ಯಾಪ್ಟನ್ ಗಣೇಶ್ ಕಾರ್ಣಿಕ್,Capt. Ganesh Karnik
1580,25/11/2016,ಪ್ರಾಥಮಿಕ ಮತ್ತು ಪ್ರೌಢ ಶಿಕ್ಷಣ,Primary and Secondary Education,ಖ.ಖಿ.ಇ. ಕೋಟಾದಡಿಯಲ್ಲಿ ಪ್ರವೇಶಾತಿ ಪಡೆದ ಮಕ್ಕಳಿಗೆ ಶುಲ್ಕ ಸಂಗ್ರಹಿಸುತ್ತಿರುವ ಬಗ್ಗೆ,QKE About collecting fees for admitted children under quota,ಕ್ಯಾಪ್ಟನ್ ಗಣೇಶ್ ಕಾರ್ಣಿಕ್,Capt. Ganesh Karnik
1581,25/11/2016,ಪ್ರಾಥಮಿಕ ಮತ್ತು ಪ್ರೌಢ ಶಿಕ್ಷಣ,Primary and Secondary Education,ರಾಜ್ಯದ ಪ್ರಾಥಮಿಕ ಪ್ರೌಢ ಶಾಲೆ ಹಾಗೂ ಪದವಿ ಪೂರ್ವ ಕಾಲೇಜುಗಳಲ್ಲಿ ಸೃಷ್ಠಿಯಾಗಿರುವ ಹಾಗೂ ಖಾಲಿಯಾಗಿರುವ ದೈಹಿಕ ಶಿಕ್ಷಕರ ಹುದ್ದೆ ಬಗ್ಗೆ,About the post graduate and vacant physical teacher in the state's primary high school and undergraduate colleges,ಕ್ಯಾಪ್ಟನ್ ಗಣೇಶ್ ಕಾರ್ಣಿಕ್,Capt. Ganesh Karnik
1582,25/11/2016,ಪ್ರಾಥಮಿಕ ಮತ್ತು ಪ್ರೌಢ ಶಿಕ್ಷಣ,Primary and Secondary Education,ರಾಜ್ಯದಲ್ಲಿ ಸಂಪೂರ್ಣವಾಗಿ ಮಕ್ಕಳ ಕಡ್ಡಾಯ ಶಿಕ್ಷಣ ಹಕ್ಕು ಕಾಯ್ದೆ ಜಾರಿಗೆ ತರುವ ಬಗ್ಗೆ,About implementation of the Right to Education Act of the Child Act in the State,ಕ್ಯಾಪ್ಟನ್ ಗಣೇಶ್ ಕಾರ್ಣಿಕ್,Capt. Ganesh Karnik
1583,25/11/2016,ಮೂಲಸೌಲಭ್ಯ ಅಭಿವೃದ್ಧಿ,Infrastructure Development,ಮೈಸೂರಿನಿಂದ ಮಡಿಕೇರಿಗೆ ರೈಲು ಸಂಪರ್ಕ ಕಲ್ಪಿಸುವ ಯೋಜನೆಯ ಬಗ್ಗೆ,About the project to connect train to Mysore from Mysore,ಕ್ಯಾಪ್ಟನ್ ಗಣೇಶ್ ಕಾರ್ಣಿಕ್,Capt. Ganesh Karnik
1584,25/11/2016,ಗ್ರಾಮೀಣಾಭಿವೃದ್ಧಿ ಮತ್ತು ಪಂಚಾಯತ್ ರಾಜ್,Rural Development and Panchayat Raj,ಗ್ರಾಮೀಣ ಭಾಗದಲ್ಲಿ ಶುದ್ಧ ಕುಡಿಯುವ ನೀರಿನ ಘಟಕಗಳು ನಿರ್ವಹಣೆ ಇಲ್ಲದೆ ಕಾರ್ಯಸ್ಥಗಿತಗೊಂಡಿರುವ ಬಗ್ಗೆ,"In rural areas, clean drinking water units are functional without maintenance",ಕವಟಗಿಮಠ ಮಹಂತೇಶ ಮಲ್ಲಿಕಾರ್ಜುನ,Kavatimata Mahantesha Mallikarjuna
1585,25/11/2016,ಉನ್ನತ ಶಿಕ್ಷಣ,Higher education,ಬೆಳಗಾವಿ ಜಿಲ್ಲೆಯ ಪದವಿ ಕಾಲೇಜುಗಳಲ್ಲಿ ಉಪನ್ಯಾಸಕರ ಹಾಗೂ ಮೂಲಭೂತ ಸೌಲಭ್ಯಗಳ ಕೊರತೆ ಬಗ್ಗೆ,About Lecturers and Basic Facilities in Degree Colleges in Belgaum District,ಕವಟಗಿಮಠ ಮಹಂತೇಶ ಮಲ್ಲಿಕಾರ್ಜುನ,Kavatimata Mahantesha Mallikarjuna
1586,25/11/2016,ಗಣಿ ಮತ್ತು ಭೂ ವಿಜ್ಞಾನ,Mine and geology,ಬೆಳಗಾವಿ ಜಿಲ್ಲೆಯಲ್ಲಿ ನಡೆಯುತ್ತಿರುವ ಅಕ್ರಮ ಮರಳು ದಂಧೆ ತಡೆಯುವಲ್ಲಿ ವಿಫಲವಾಗುತ್ತಿರುವ ಬಗ್ಗೆ,About failing to prevent illegal sand dumping in Belgaum district,ಕವಟಗಿಮಠ ಮಹಂತೇಶ ಮಲ್ಲಿಕಾರ್ಜುನ,Kavatimata Mahantesha Mallikarjuna
1587,25/11/2016,ಅಲ್ಪಸಂಖ್ಯಾತರ ಕಲ್ಯಾಣ,Minorities Welfare,ಶಾಧಿಭಾಗ್ಯ ಯೋಜನೆಯಡಿ ಅರ್ಹಫಲಾನುಭವಿಗಳಿಗೆ ಸಹಾಯಧನ ವಿತರಣೆ ವಿಳಂಬವಾಗುತ್ತಿರುವ ಬಗ್ಗೆ,Concerns about delaying subsidy distribution to eligible beneficiaries under the Chhathiya Bhagya Scheme,ಕವಟಗಿಮಠ ಮಹಂತೇಶ ಮಲ್ಲಿಕಾರ್ಜುನ,Kavatimata Mahantesha Mallikarjuna
1588,25/11/2016,ಪ್ರಾಥಮಿಕ ಮತ್ತು ಪ್ರೌಢ ಶಿಕ್ಷಣ,Primary and Secondary Education,ರಾಜ್ಯದಲ್ಲಿ ಲಕ್ಷಾಂತರ ಮಕ್ಕಳು ಶಾಲೆಯಿಂದ ಹೊರಗುಳಿದಿರುವ ಬಗ್ಗೆ,About millions of children out of school in the state,ಕವಟಗಿಮಠ ಮಹಂತೇಶ ಮಲ್ಲಿಕಾರ್ಜುನ,Kavatimata Mahantesha Mallikarjuna
1589,25/11/2016,ಗ್ರಾಮೀಣಾಭಿವೃದ್ಧಿ ಮತ್ತು ಪಂಚಾಯತ್ ರಾಜ್,Rural Development and Panchayat Raj,ಕರ್ನಾಟಕ ಪಂಚಾಯತ್ ರಾಜ್ ವಿಶ್ವ ವಿದ್ಯಾಲಯ ಸ್ಥಾಪನೆ ಕುರಿತು,About the establishment of Karnataka Panchayat Raj University,ಕೋಟ ಶ್ರೀನಿವಾಸ ಪೂಜಾರಿ,Kota Srinivasa Pujari
1590,25/11/2016,ಗ್ರಾಮೀಣಾಭಿವೃದ್ಧಿ ಮತ್ತು ಪಂಚಾಯತ್ ರಾಜ್,Rural Development and Panchayat Raj,ಇ-ಸ್ವತ್ತು ತಂತ್ರಾಂಶದಿಂದ ಗೊಂದಲ ಮತ್ತು ನಿಯಮಾವಳಿ ಸರಳೀಕರಣಗೊಳಿಸುವ ಕುರಿತು,About e-asset software confusion and simplification of the code,ಕೋಟ ಶ್ರೀನಿವಾಸ ಪೂಜಾರಿ,Kota Srinivasa Pujari
1591,25/11/2016,ಗ್ರಾಮೀಣಾಭಿವೃದ್ಧಿ ಮತ್ತು ಪಂಚಾಯತ್ ರಾಜ್,Rural Development and Panchayat Raj,ಗ್ರಾಮ ಪಂಚಾಯತ್ ಸಿಬ್ಬಂದಿಗಳಿಗೆ ಇಎಸ್.ಐ. ಪಿಎಫ್. ರಜಾ ಸೌಲಭ್ಯ ನೀಡದಿರುವ ಕುರಿತು,Grama Panchayat staffs ESI PF. About vacation facility,ಕೋಟ ಶ್ರೀನಿವಾಸ ಪೂಜಾರಿ,Kota Srinivasa Pujari
1592,25/11/2016,ಸ್ಥಳೀಯ ಸಂಸ್ಥೆ,Local organization,ಮರಳುಗಾರಿಕೆ ರಾಜಧನ ಮತ್ತು ಸ್ಥಳೀಯ ಸಂಸ್ಥೆಗಳಿಗೆ ಶೇ.೨೫ ರಾಜಧನ ಪಾವತಿಯಲ್ಲಿ ವಿಳಂಬದ ಕುರಿತು,Due to delay in deduction of 25% for the royalty and local bodies of sanding,ಕೋಟ ಶ್ರೀನಿವಾಸ ಪೂಜಾರಿ,Kota Srinivasa Pujari
1593,25/11/2016,ಪ್ರಾಥಮಿಕ ಮತ್ತು ಪ್ರೌಢ ಶಿಕ್ಷಣ,Primary and Secondary Education,ಬಳ್ಳಾರಿ ಜಿಲ್ಲಾ ವ್ಯಾಪ್ತಿಯಲ್ಲಿರುವ ಪ್ರಾಥಮಿಕ ಮತ್ತು ಪ್ರೌಢ ಶಿಕ್ಷಣದ ಸುವ್ಯವಸ್ಥೆ ಬಗ್ಗೆ,About Primary and Secondary Education in Bellary District,ಕೊಂಡಯ್ಯ .ಕೆ.ಸಿ,Kondaiah KC
1594,25/11/2016,ಗ್ರಾಮೀಣಾಭಿವೃದ್ಧಿ ಮತ್ತು ಪಂಚಾಯತ್ ರಾಜ್,Rural Development and Panchayat Raj,ಬಳ್ಳಾರಿ ಜಿಲ್ಲಾ ವ್ಯಾಪ್ತಿಯ ಗ್ರಾಮೀಣ ರಸ್ತೆಗಳ ಕುರಿತು.,About Bellary District Rural Rural Roads.,ಕೊಂಡಯ್ಯ .ಕೆ.ಸಿ,Kondaiah KC
1595,25/11/2016,ಸಾರಿಗೆ,Transport,ಹೈದ್ರಾಬಾದ್-ಕರ್ನಾಟಕ ಪ್ರದೇಶಗಳಲ್ಲಿ ಸರ್ಕಾರದ ಸಾರಿಗೆ ಸುವ್ಯವಸ್ಥೆ ಕುರಿತು,About government transport and transportation in the Hyderabad-Karnataka region,ಕೊಂಡಯ್ಯ .ಕೆ.ಸಿ,Kondaiah KC
1596,25/11/2016,ಗ್ರಾಮೀಣಾಭಿವೃದ್ಧಿ ಮತ್ತು ಪಂಚಾಯತ್ ರಾಜ್,Rural Development and Panchayat Raj,ಗ್ರಾಮೀಣಾಭಿವೃದ್ಧಿ ಮತ್ತು ಪಂಚಾಯತ್ ರಾಜ್,Rural Development and Panchayat Raj,ಗೋಪಾಲಸ್ವಾಮಿ .ಎಂ.ಎ,Gopalaswamy MA
1597,25/11/2016,ಮಾನ್ಯ ಗ್ರಾಮೀಣಾಭಿವೃದ್ಧಿ ಮತ್ತು ಪಂಚಾಯತ್ ರಾಜ್,Valid Rural Development and Panchayat Raj,ಗ್ರಾಮೀಣ ಹಾಗೂ ಪಂಚಾಯತ್ ರಾಜ್ ಇಲಾಖೆಯ ಅನುದಾನ ಅವ್ಯವಹಾರ ಆಗಿರುವ ಬಗ್ಗೆ,About Grants of Panchayat Raj and Rural Affairs,ತಾರಾಅನೂರಾಧ,Tara Anuradha
1598,25/11/2016,ಸಾರಿಗೆ,Transport,ರಾಜ್ಯದ ಪ್ರಯಾಣಿಕರ ಅನುಕೂಲಕ್ಕಾಗಿ ಬಸ್ ಸಂಚಾರ ಕಲ್ಪಿಸುವ ಬಗ್ಗೆ,About bus traffic for the convenience of state passengers,ತಾರಾಅನೂರಾಧ,Tara Anuradha
1599,25/11/2016,ಸಾರಿಗೆ,Transport,ಕಾರ್ಮಿಕರ ಭವಿ? ನಿಧಿ ಸಾರಿಗೆ ಅಡಿಯಲ್ಲಿ ಕಾರ್ಮಿಕರ ಬಗ್ಗೆ,Worker About workers under fund transit,ತಾರಾಅನೂರಾಧ,Tara Anuradha
1600,25/11/2016,ಪ್ರಾಥಮಿಕ ಮತ್ತು ಪ್ರೌಢ ಶಿಕ್ಷಣ,Primary and Secondary Education,ಶಾಲೆಯ ಸಮವಸ್ತ್ರ ಖರೀದಿಯಲ್ಲಿ ಅವ್ಯವಹಾರ ಕುರಿತು,Discussion on school uniform purchase,ಘೋಟ್ನೆಕರ ಶ್ರೀಕಾಂತ ಲಕ್ಷ್ಮಣ,Ghotnekara Srikanta Lakshmana
1601,25/11/2016,ಗ್ರಾಮೀಣಾಭಿವೃದ್ಧಿ ಮತ್ತು ಪಂಚಾಯತ್ ರಾಜ್,Rural Development and Panchayat Raj,ಗ್ರಾಮ ಸ್ವರಾಜ್ಯ ಯೋಜನೆಯಡಿ ಗ್ರಾಮ ಪಂಚಾಯತಿಗಳಿಗೆ ಖರೀದಿಸಿರುವ ಕಂಪ್ಯೂಟರ್ ಹಾಗೂ ಪರಿಕರಗಳ ಬಗ್ಗೆ,About the computer and equipment purchased by the Gram Panchayats under the Gram Vidyalaya Scheme,ಘೋಟ್ನೆಕರ ಶ್ರೀಕಾಂತ ಲಕ್ಷ್ಮಣ,Ghotnekara Srikanta Lakshmana
1602,25/11/2016,ಪ್ರಾಥಮಿಕ ಮತ್ತು ಪ್ರೌಢ ಶಿಕ್ಷಣ,Primary and Secondary Education,ಶಾಲಾ ಕಟ್ಟಡಕ್ಕೆ ಬಂದಿರುವ ಅನುದಾನದಲ್ಲಿ ಅವ್ಯವಹಾರ ಕುರಿತು,The disadvantage of the grant to the school building,ಘೋಟ್ನೆಕರ ಶ್ರೀಕಾಂತ ಲಕ್ಷ್ಮಣ,Ghotnekara Srikanta Lakshmana
1603,25/11/2016,ವಕ್ಫ್,Wakf,ವಕ್ಫ್ ಇಲಾಖೆಗೆ ಸಂಬಂಧಿಸಿದ ಆಸ್ತಿಗಳ ಕುರಿತು.,About the assets of the Wakf department.,ಘೋಟ್ನೆಕರ ಶ್ರೀಕಾಂತ ಲಕ್ಷ್ಮಣ,Ghotnekara Srikanta Lakshmana
1604,25/11/2016,ಪ್ರಾಥಮಿಕ ಮತ್ತು ಪ್ರೌಢಶಿಕಣ,Primary and mature,ಶಿಕ್ಷಣ ಇಲಾಖೆಯಲ್ಲಿ ವಿವಿಧ ಶೀರ್ಷಿಕೆಯಲ್ಲಿ ಬಂದಿರುವ ಅನುದಾನ ಕುರಿತು,About the grant in various articles in Education Department,ಘೋಟ್ನೆಕರ ಶ್ರೀಕಾಂತ ಲಕ್ಷ್ಮಣ,Ghotnekara Srikanta Lakshmana
1605,25/11/2016,ಪ್ರಾಥಮಿಕ ಮತ್ತು ಪ್ರೌಢ ಶಿಕ್ಷಣ,Primary and Secondary Education,ವಿದ್ಯಾರ್ಥಿಗಳಿಗೆ ಕಂಪ್ಯೂಟರ್ ಶಿಕ್ಷಣ ನೀಡುವ ಬಗ್ಗೆ,About providing computer education to students,ಚೌಡರೆಡ್ಡಿ ತೂಪಲ್ಲಿ .ಆರ್,Chowdareddy Tupalli R
1606,25/11/2016,ಗ್ರಾಮೀಣಾಭಿವೃದ್ಧಿ ಮತ್ತು ಪಂಚಾಯತ್ ರಾಜ್,Rural Development and Panchayat Raj,ಗ್ರಾಮ ವಿಕಾಸ ಯೋಜನೆ,Village evolution plan,ಚೌಡರೆಡ್ಡಿ ತೂಪಲ್ಲಿ .ಆರ್,Chowdareddy Tupalli R
1607,25/11/2016,ವಸತಿ,Housing,ನಿರ್ಮಿತಿ ಕೇಂದ್ರಗಳ ಧ್ಯೇಯೋದ್ದೇಶಗಳ ಬಗೆ,What is the purpose of determination centers?,ಚೌಡರೆಡ್ಡಿ ತೂಪಲ್ಲಿ .ಆರ್,Chowdareddy Tupalli R
1608,25/11/2016,ಬೃಹತ್ ಮತ್ತು ಮಧ್ಯಮ ಕೈಗಾರಿಕೆ,Large and medium enterprise,ಬಾಗಲಕೋಟೆ ಜಿಲ್ಲೆಯಲ್ಲಿ ಕೈಗಾರಿಕೆ ಜಮೀನು ಸ್ವಾಧೀನದ ಬಗ್ಗೆ.,About Land Acquisition in Bagalkote District,ಚೌಡರೆಡ್ಡಿ ತೂಪಲ್ಲಿ .ಆರ್,Chowdareddy Tupalli R
1609,25/11/2016,ಗ್ರಾಮೀಣಾಭಿವೃದ್ಧಿ ಮತ್ತು ಪಂಚಾಯತ್ ರಾಜ್,Rural Development and Panchayat Raj,ಓಖಆWP ಯೋಜ,Okha WP project,ಚೌಡರೆಡ್ಡಿ ತೂಪಲ್ಲಿ .ಆರ್,Chowdareddy Tupalli R
1610,25/11/2016,ಸ್ಥಳೀಯ ಸಂಸ್ಥೆಗಳ ಕ್ಷೇತ್ರ,The field of local organizations,ಸರ್ಕಾರಿ ಶಾಲೆಗಳ ಗುಣಮಟ್ಟ ಹೆಚ್ಚಿಸುವ ಬಗ್ಗೆ,About increasing the quality of government schools,ಧರ್ಮಸೇನ .ಆರ್,Dharmasena R
1611,25/11/2016,ಸಾರಿಗೆ,Transport,ಮೈಸೂರು-ಚಾಮರಾಜನಗರ ಜಿಲ್ಲೆಗಳಲ್ಲಿ ಬಸ್ ಸೌಕರ್ಯಗಳಿಲ್ಲದ ಗ್ರಾಮಗಳ ಬಗ್ಗೆ,About villages without bus facilities in Mysore-Chamarajanagar districts,ಧರ್ಮಸೇನ .ಆರ್,Dharmasena R
1612,25/11/2016,ಗ್ರಾಮೀಣಾಭಿವೃದ್ಧಿ ಮತ್ತು ಪಂಚಾಯತ್ ರಾಜ್,Rural Development and Panchayat Raj,ರಾಜ್ಯದ ಗ್ರಾಮೀಣಾ ರಸ್ತೆ ನಿರ್ವಹಣೆ ಜವಾಬ್ದಾರಿ ಬಗ್ಗೆ,About State Rural Road Management,ಧರ್ಮಸೇನ .ಆರ್,Dharmasena R
1613,29/11/2016,ಇಂಧನ,Fuel,ರಾಯಚೂರಿನಲ್ಲಿ ಬರುವ ಆರ್.ಟಿ.ಪಿ.ಎಸ್. ಮತ್ತು ವೈ.ಟಿ.ಪಿ.ಎಸ್. ಕುರಿತು,RTPS coming in Raichur And YTPS. About,ಬೋಸ್‌ರಾಜು .ಎನ್.ಎಸ್,Bosaraju N S
1614,29/11/2016,ಲೋಕೋಪಯೋಗಿ,Public service,ರಾಯಚೂರು ಜಿಲ್ಲೆಗೆ ಲೋಕೋಪಯೋಗಿ ಇಲಾಖೆಯಿಂದ ಮಂಜೂರಾದ ಅನುದಾನದ ಬಗ್ಗೆ,About the sanctioned grant from the Public Works Department to Raichur District,ಬೋಸ್‌ರಾಜು .ಎನ್.ಎಸ್,Bosaraju N S
1615,29/11/2016,ಕೃಷಿ,Agriculture,ರಾಜ್ಯದ ರೈತರು ಬೆಳೆಯುವ ಬೆಳೆಗಳಿಗೆ ಉತ್ತಮ ಮಾರಾಟ ದರ ಒದಗಿಸುವ ಬಗ್ಗೆ,Providing a good sales price for growing crops of state farmers,ಬೋಸ್‌ರಾಜು .ಎನ್.ಎಸ್,Bosaraju N S
1616,29/11/2016,ಸಹಕಾರ,Cooperation,ರಾಯಚೂರು ಜಿಲ್ಲೆಯ ವಿ.ಎಸ್.ಎಸ್.ಎನ್.ಎಲ್. ಸಹಕಾರ ಸಂಘಗಳ ಬಗ್ಗೆ,VSSNL in Raichur district About Co-operative Societies,ಬೋಸ್‌ರಾಜು .ಎನ್.ಎಸ್,Bosaraju N S
1617,29/11/2016,ತೋಟಗಾರಿಕೆ,Gardening,ರಾಯಚೂರು ಜಿಲ್ಲೆಯ ತೋಟಗಾರಿಕೆ ಇಲಾಖೆಗೆ ಸೇರಿರುವ ಭೂಮಿಯ ಬಗ್ಗೆ,About the land belonging to the Department of Horticulture in Raichur district,ಬೋಸ್‌ರಾಜು .ಎನ್.ಎಸ್,Bosaraju N S
1618,29/11/2016,ಲೋಕೋಪಯೋಗಿ,Public service,ಶಿಥಿಲಾವಸ್ಥೆಯಲ್ಲಿರುವ ಸೇತುವೆಗಳ ದುರಸ್ಥಿಕಾರ್ಯದ ಬಗೆ,The deterioration of bridges in dilapidated bridges,ಸುನೀಲ್ ಸುಬ್ರಮಣಿ .ಎಂ.ಪಿ,Sunil Subramani M P
1619,29/11/2016,ರೇಷ್ಮೆ,Silk,ರಾಜ್ಯದಲ್ಲಿ ರೇಷ್ಮೆ ಉತ್ಪಾದನೆ ಬಗೆ,The type of silk production in the state,ಸಯದ್ ಮುಧೀರ್ ಅಗಾ,Syed Madir Aga
1620,29/11/2016,ರೇಷ್ಮೆ,Silk,ರಾಮನಗರ ಹಾಗೂ ಚಾಮರಾಜನಗರ ಜಿಲ್ಲೆಗಳಿಗೆ ಬಿಡುಗಡೆ ಮಾಡಲಾದ ಅನುದಾನದ ಬಗೆ,The type of grant released to Ramanagara and Chamarajanagar districts,ಸಯದ್ ಮುಧೀರ್ ಅಗಾ,Syed Madir Aga
1621,29/11/2016,ಕೃಷಿ,Agriculture,ಹಾವೇರಿ ಜಿಲ್ಲೆಯಲ್ಲಿ ಕಳೆದ ಮೂರು ವರ್ಷಗಳಲ್ಲಿ ಸಬ್ಸಿಡಿ ದರದಲ್ಲಿ ವಿತರಿಸಿದ ಯಂತ್ರಗಳ ಬಗ್ಗೆ,About the distributors at the subsidized rate in Haveri district over the last three years,ಸಮಣ್ಣ ಮ ಬೇವಿನಮರದ,Samanna Ma Bevinamara
1622,29/11/2016,ಪೌರಾಡಳಿತ,Municipality,ಸಿ.ಎ. ಸೈಟ್‌ಗಳ ಲೇಔಟ್,CA Sites layout,ಸಮಣ್ಣ ಮ ಬೇವಿನಮರದ,Samanna Ma Bevinamara
1623,29/11/2016,ಲೋಕೋಪಯೋಗಿ,Public service,"ಗ್ರಾಮ ಪಂಚಾಯತಿ, ಪಟ್ಟಣ ಪಂಚಾಯತಿ, ಪುರಸಭೆಗಳ ಮುಖ್ಯ ರಸ್ತೆ ಅಗಲೀಕರಣದ ಬಗ್ಗೆ","Gram Panchayat, Town Panchayat, About Major Road Widening of Municipalities",ಸಮಣ್ಣ ಮ ಬೇವಿನಮರದ,Samanna Ma Bevinamara
1624,29/11/2016,ಪೌರಾಡಳಿv,Mesmerizing v,ಗುತ್ತಿಗೆ ಆಧಾರದಲ್ಲಿ ಕಾರ್ಯನಿರ್ವಹಿಸುತ್ತಿರುವ ದಿನಗೂಲಿ ನೌಕರರ ಬಗೆ,What kind of employees are working on a contract basis?,ಸಮಣ್ಣ ಮ ಬೇವಿನಮರದ,Samanna Ma Bevinamara
1625,29/11/2016,ಸಹಕಾರ,Cooperation,"ದಿ. ಮಿಲೇನಿಯಂ ಕ್ರೆಡಿಟ್ ಸಹಕಾರ ಸಂಘ, ಗಾಂಧಿಬಜಾರ್ ಇದರ ವ್ಯವಹಾರದ ಕುರಿತು","The. Millennium Credit Co-Operative Society, Gandhi Bazaar",ಸೋಮಣ್ಣ .ವಿ,Somanna V
1626,29/11/2016,ಲೋಕೋಪಯೋಗಿ,Public service,ದ್ವಿಪಥ ರಸ್ತೆ ನಿರ್ಮಾಣದ ಬಗ್ಗೆ,About bipolar road construction,ಸೋಮಣ್ಣ .ವಿ,Somanna V
1627,29/11/2016,ಪಶುಸಂಗೋಪನೆ,Animal husbandry,ಪಶುಸಂಗೋಪನಾ ಇಲಾಖೆಯಲ್ಲಿ ಲಸಿಕೆ ತಯಾರಿಕೆ ಮತ್ತು ಮಾರಾಟ ಕುರಿತು,About vaccine preparation and sale in the Animal Husbandry Department,ಸೋಮಣ್ಣ .ವಿ,Somanna V
1628,29/11/2016,ತೋಟಗಾರಿಕೆ,Gardening,ಕೃಷಿ ಬೆಳೆ ಆಯೋಗದ ವರದಿ ಮತ್ತು ಬೆಂಬಲ ಬೆಲೆ ಘೋಷಣೆ ಕುರಿತು,About Agriculture Crop Commission Report and Support Price Announcement,ಸೋಮಣ್ಣ .ವಿ,Somanna V
1629,29/11/2016,ಪಶುಸಂಗೋಪನೆ,Animal husbandry,ಜಾನುವಾರುಗಳಿಗೆ ಮೇವಿನ ಕೊರತೆ ಬಗ್ಗೆ,About Lack of Feeding Livestock,ನಾಗರಾಜು .ಎಸ್,Nagaraja S
1630,29/11/2016,ಲೋಕೋಪಯೋಗಿ,Public service,ಬೆಂಗಳೂರು-ದಿಂಡಿಗಲ್ ರಾಷ್ಟ್ರಿಯ ಹೆದ್ದಾರಿ ಬಗೆ,Bangalore-Dindigul National Highway Type,ನಾಗರಾಜು .ಎಸ್,Nagaraja S
1631,29/11/2016,ಲೋಕೋಪಯೋಗಿ,Public service,ಆನೆಚೌಕೂರು-ಪಿರಿಯಾಪಟ್ಟಣ ನಡುವಿನ ರಾಜ್ಯ ಹೆದ್ದಾರಿ ನಿರ್ಮಾಣ,State Highway Between Aneacoukur-Piriyapatna,ನಾಗರಾಜು .ಎಸ್,Nagaraja S
1632,29/11/2016,ಪೌರಾಡಳಿv,Mesmerizing v,ತಿ. ನರಸೀಪುರ ಪಟ್ಟಣದ ಅಭಿವೃದ್ಧಿಗೆ ಕೈಗೊಂಡಿರುವ ಯೋಜನೆ ಬಗ್ಗೆ,Eat About the plan for the development of Narasipura town,ನಾಗರಾಜು .ಎಸ್,Nagaraja S
1633,29/11/2016,ಕನ್ನಡ ಮತ್ತು ಸಂಸ್ಕೃತಿ,Kannada and culture,ಸಾಂಸ್ಕೃತಿಕ ಕ್ಲಬ್‌ಗಳ ಕುರಿತು,About Cultural Clubs,ಪ್ರದೀಪ್ ಶೆಟ್ಟರ್,Pradeep Shettar
1634,29/11/2016,ಪಶುಸಂಗೋಪನೆ,Animal husbandry,ಅನುಷ್ಠಾನಗೊಳ್ಳುತ್ತಿರುವ ಕಾರ್ಯಕ್ರಮಗಳ ಕುರಿತು,About implementing programs,ಪ್ರದೀಪ್ ಶೆಟ್ಟರ್,Pradeep Shettar
1635,29/11/2016,ಕೃಷಿ,Agriculture,ಅನುಷ್ಠಾನಗೊಳ್ಳುತ್ತಿರುವ ಕಾರ್ಯಕ್ರಮಗಳ ಕುರಿತು,About implementing programs,ಪ್ರದೀಪ್ ಶೆಟ್ಟರ್,Pradeep Shettar
1636,29/11/2016,ಪೌರಾಡಳಿv,Mesmerizing v,ಪುರಸಭೆ ಮತ್ತು ಸ್ಥಳೀಯ ಸಂಸ್ಥೆಗಳಿಗೆ ಅನುಷ್ಠಾನಗೊಳ್ಳುತ್ತಿರುವ ಕಾರ್ಯಕ್ರಮಗಳ ಕುರಿತು,About programs implemented for municipal and local bodies,ಪ್ರದೀಪ್ ಶೆಟ್ಟರ್,Pradeep Shettar
1637,29/11/2016,ಇಂಧ,Fuel,ಅನುಷ್ಠಾನಗೊಳ್ಳುತ್ತಿರುವ ಕಾರ್ಯಕ್ರಮಗಳ ಕುರಿತು,About implementing programs,ಪ್ರದೀಪ್ ಶೆಟ್ಟರ್,Pradeep Shettar
1638,29/11/2016,ಕೃಷಿ,Agriculture,ಕೃಷಿ ಹೊಂಡ ಯೋಜನೆ ಕುರಿತು,About farm pond planning,ಪ್ರಾಣೇಶ್ .ಎಂ.ಕೆ,Pranesha M K
1639,29/11/2016,ಪಶುಸಂಗೋಪನೆ,Animal husbandry,ಪಶುಭಾಗ್ಯ ಯೋಜನೆ ಕುರಿತು,About Veterinary Plan,ಪ್ರಾಣೇಶ್ .ಎಂ.ಕೆ,Pranesha M K
1640,29/11/2016,ಇಂಧನ,Fuel,ಕುಂದಾಪುರ ಮೆಸ್ಕಾಂ ವಿಭಾಗೀಯ ಕಛೇರಿ ಮತ್ತು ಸೋಲಾರ್ ಘಟಕದ ಬಗ್ಗೆ,About Kundapur Mescom Divisional Office and Solar System,ಪ್ರತಾಪಚಂದ್ರ ಶೆಟ್ಟಿ .ಕೆ,Pratapachandra Shetty K
1641,29/11/2016,ಲೋಕೋಪಯೋಗಿ,Public service,ಏಖಆಅಐ ನಿಂದ ನಿರ್ವಹಿಸುತ್ತಿರುವ ಕಾಮಗಾರಿಗಳ ಬU,The works of the work carried out by the AAAAI,ಪ್ರತಾಪಚಂದ್ರ ಶೆಟ್ಟಿ .ಕೆ,Pratapachandra Shetty K
1642,29/11/2016,ತೋಟಗಾರಿಕೆ,Gardening,ತೋಟಗಾರಿಕಾ ಇಲಾಖೆ ಮತ್ತು ತೋಟಗಾರಿಕಾ ವಿಶ್ವ ವಿದ್ಯಾನಿಲಯಗಳ ಅಧೀನದ ಕೃಷಿ ಭೂಮಿ ಕುರಿತು,About Horticulture Department and Horticulture Universities,ಪ್ರತಾಪಚಂದ್ರ ಶೆಟ್ಟಿ .ಕೆ,Pratapachandra Shetty K
1643,29/11/2016,ಕೃಷಿ,Agriculture,ಕೃಷಿ ಇಲಾಖೆ ಮತ್ತು ಕೃಷಿ ವಿಶ್ವ ವಿದ್ಯಾನಿಲಯಗಳ ಅಧೀನದ ಕೃಷಿ ಭೂಮಿ ಕುರಿತು,About Agricultural Land Under Agriculture Department and Agricultural University,ಪ್ರತಾಪಚಂದ್ರ ಶೆಟ್ಟಿ .ಕೆ,Pratapachandra Shetty K
1644,29/11/2016,ವಸತಿ,Housing,ಕುಂದಾಪುರ ಪುರಸಭೆಯಿಂದ ವಿತರಿಸಲಾದ ನಿವೇಶನಗಳ ಕುರಿತು,About the sites distributed by the Kundapur municipality,ಪ್ರತಾಪಚಂದ್ರ ಶೆಟ್ಟಿ .ಕೆ,Pratapachandra Shetty K
1645,29/11/2016,ಇಂಧನ,Fuel,ಗಂಗಾಕಲ್ಯಾಣ ಯೋಜನೆಯಡಿ ಮಂಜೂರಾದ ಕೊಳವೆ ಬಾವಿಗಳಿಗೆ ವಿದ್ಯುತ್ ಸಂಪರ್ಕ ಕಲ್ಪಿಸುವ ಬU,BU. Electricity connections to sanitary wells well sanctioned under the Ganga Welfare Project,ವಿಮಲಾಗೌಡ,Vimalaa Gowda
1646,29/11/2016,ಕೃಷಿ,Agriculture,ರಾಜ್ಯದ ರೈತರಿಗೆ ನೀಡುತ್ತಿರುವ ಸಬ್ಸಿಡಿ ಬಗ್ಗೆ,About the subsidy given to farmers in the state,ವಿಮಲಾಗೌಡ,Vimalaa Gowda
1647,29/11/2016,ಪೌರಾಡಳಿv,Mesmerizing v,ಕೋಲಾರ ಜಿಲ್ಲೆ ಮುಳಬಾಗಿಲು ಪುರಸಭೆಯಲ್ಲಿ ಸಿಬ್ಬಂದಿ ಕೊರತೆ ಬಗೆ,The lack of staff in the municipality municipality in Kolar district,ವಿಮಲಾಗೌಡ,Vimalaa Gowda
1648,29/11/2016,ತೋಟಗಾರಿಕೆ,Gardening,ಬೆಂಗಳೂರು ಕಬ್ಬನ್ ಉದ್ಯಾನವನದ ಅಭಿವೃದ್ಧಿ ಬಗ್ಗೆ,About Bangalore Cubbon Park Development,ವಿಮಲಾಗೌಡ,Vimalaa Gowda
1649,29/11/2016,ತೋಟಗಾರಿಕೆ,Gardening,ಕೃಷಿ ಮಾರುಕಟ್ಟೆಗಳಿಂದ ಸರ್ಕಾರಕ್ಕೆ ಬರುವ ಆದಾಯ ಬಗ್ಗೆ,About income from the agricultural markets to the government,ವಿಮಲಾಗೌಡ,Vimalaa Gowda
1650,29/11/2016,ಲೋಕೋಪಯೋಗಿ,Public service,ಬೆಳಗಾವಿ ಜಿಲ್ಲೆಯ ಅಥಣಿ ತಾಲ್ಲೂಕಿನ ಶಿವನೂರ ಹಳ್ಳಕ್ಕೆ ಸೇತುವೆ ನಿರ್ಮಿಸುವ ಕುರಿತು,About building a bridge to the Shivanur village in Athani taluk in Belgaum district,ವಿವಕ್‌ರಾವ್ ವಸಂತರಾವ್ ಪಾಟೀಲ್,Vivek Rao Vasanth Rao Patil
1651,29/11/2016,ತೋಟಗಾರಿಕೆ,Gardening,SಅP/ಖಿSP ಕೃಷಿ ಹಾಗೂ ತೋಟಗಾರಿಕೆ ಇಲಾಖೆಯಡಿಯಲ್ಲಿ ಅನುದಾನ ಬಳಕೆ ಕುರಿತು,S A P / Q SP About the use of funds under the Department of Agriculture and Horticulture,ವೀರಯ್ಯ .ಡಿ.ಎಸ್,Veerayya D S
1652,29/11/2016,ಕೃಷಿ,Agriculture,SಅP/ಖಿSP ಅನುದಾನ ಬಳಕೆ ಕುರಿತು,About the use of S / P / SP SP,ವೀರಯ್ಯ .ಡಿ.ಎಸ್,Veerayya D S
1653,29/11/2016,ಕೃಷಿ,Agriculture,ಕೊಡಗು ಜಿಲ್ಲೆಯಲ್ಲಿ ಭತ್ತದ ನಾಟಿಗೆ ಒಳಪಟ್ಟಿರುವ ಜಮೀನಿನ ಬಗೆ,The type of land under cultivation of paddy in Kodagu district,ವೀಣಾ ಅಚ್ಚಯ್ಯ .ಎಸ್,Veena achchaiah S
1654,29/11/2016,ಪಶುಸಂಗೋಪನೆ,Animal husbandry,ಗ್ರಾಮೀಣ ಗೋದಾಮುಗಳ ಬಳಕೆ ಬಗ್ಗೆ,About the use of rural warehouses,ವೀಣಾ ಅಚ್ಚಯ್ಯ .ಎಸ್,Veena achchaiah S
1655,29/11/2016,ಪಶುಸಂಗೋಪನೆ,Animal husbandry,ಕೊಡಗು ಜಿಲ್ಲೆಯಲ್ಲಿ “ಬ್ರ್ಯೂಸಿಲೋಸಿಸ್” ರೋಗಕ್ಕೆ ತುತ್ತಾದ ಜಾನುವಾರುಗಳು,Brewisolysis disease cattle in Kodagu district,ವೀಣಾ ಅಚ್ಚಯ್ಯ .ಎಸ್,Veena achchaiah S
1656,29/11/2016,ತೋಟಗಾರಿಕೆ,Gardening,ಕೊಡಗು ಜಿಲ್ಲೆಯಲ್ಲಿ ತುಂತುರು/ಹನಿ ನೀರಾವರಿಗೆ ನೀಡಿದ ಸಹಾಯಧನ,Subsidy for spray / drip irrigation in Kodagu district,ವೀಣಾ ಅಚ್ಚಯ್ಯ .ಎಸ್,Veena achchaiah S
1657,29/11/2016,ಲೋಕೋಪಯೋಗಿ,Public service,ಕೊಡಗು ಜಿಲ್ಲೆಯಲ್ಲಿನ ರಸ್ತೆಗಳ ದುರಸ್ಥಿ ಕುರಿತು,Concerns about the roads in Kodagu district,ವೀಣಾ ಅಚ್ಚಯ್ಯ .ಎಸ್,Veena achchaiah S
1658,29/11/2016,ಸಹಕಾರ,Cooperation,ಬೀದರ್ ಜಿಲ್ಲೆಯ ಸಹಕಾರಿ ಸಕ್ಕರೆ ಕಾರ್ಖಾನೆಗಳ ಬಗ್ಗೆ,About Cooperative Sugar Factories in Bidar District,ವಿಜಯ್ ಸಿಂಗ್,Vijay Singh
1659,29/11/2016,ಲೋಕೋಪಯೋಗಿ,Public service,"ಬೀದರ್ ಜಿಲ್ಲೆಯ ರಾಜ್ಯ, ರಾಷ್ಟ್ರೀಯ ಹೆದ್ದಾರಿಗಳ ಬಗ್ಗೆ",State and National Highways in Bidar district,ವಿಜಯ್ ಸಿಂಗ್,Vijay Singh
1660,29/11/2016,ಕೃಷಿ,Agriculture,"ಬೀದರ್ ಜಿಲ್ಲೆಯಲ್ಲಿ ಅತಿವೃಷ್ಠಿ, ಅನಾವೃಷ್ಠಿಯಿಂದ ನಾಶವಾದ ಬೆಳೆಗಳ ಬಗ್ಗೆ","About the crops grown in the Bidar district, the crops destroyed and unproductive",ವಿಜಯ್ ಸಿಂಗ್,Vijay Singh
1661,29/11/2016,ಪಶುಸಂಗೋಪನೆ,Animal husbandry,ಬೀದರ್ ಜಿಲ್ಲೆ ಪಶು ವಿಶ್ವವಿದ್ಯಾನಿಲಯದಲ್ಲಿ ನೇಮಕಾತಿಯ ಬಗೆ,Recruitment type at the veterinary university of Bidar district,ವಿಜಯ್ ಸಿಂಗ್,Vijay Singh
1662,29/11/2016,ಇಂಧನ,Fuel,"ಬೀದರ್ ಜಿಲ್ಲೆ, ಔರಾದ್ ತಾಲ್ಲೂಕಿನ ಕೆಲವು ಹಳ್ಳಿಗಳಿಗೆ ವಿದ್ಯುತ್ ಸಂಪರ್ಕ ಇಲ್ಲದಿರುವ ಬಗ್ಗೆ","About lack of power connection to some villages in Bidar district, Aurad taluk",ವಿಜಯ್ ಸಿಂಗ್,Vijay Singh
1663,29/11/2016,ಇಂಧನ,Fuel,ಕೊಡಗಿ ವಿದ್ಯುತ್ ಸ್ಥಾವರದ ಬಗ್ಗೆ,About the Kodagu power plant,ಬಸನಗೌಡ ಆರ್ ಪಾಟೀಲ್,Basanagowda R Patil
1664,29/11/2016,ಪೌರಾಡಳಿತ,Municipality,"ಪೌರಾಡಳಿತ, ಸ್ಥಳೀಯ ಸಂಸ್ಥೆಗಳಿಗೆ ನಿಗಧಿಪಡಿಸಿದ ಅನುದಾನದ ಬಗ್ಗೆ","Municipalities, provisions for fixed provisions for local bodies",ಬಸನಗೌಡ ಆರ್ ಪಾಟೀಲ್,Basanagowda R Patil
1665,29/11/2016,ರೇಷ್ಮೆ,Silk,ಉತ್ತರ ಕರ್ನಾಟಕ ರೈತರಿಗೆ ರೇಷ್ಮೆ ಸಾಗಾಣಿಕೆಗೆ ಸಂಬಂಧಪಟ್ಟಂತೆ,North Karnataka is concerned with silk transportation to farmers,ಬಸನಗೌಡ ಆರ್ ಪಾಟೀಲ್,Basanagowda R Patil
1666,29/11/2016,ಪೌರಾಡಳಿv,Mesmerizing v,ಸ್ವಯಂ ಘೋಷಿತ ಆಸ್ತಿ ತೆರಿಗೆ,Self-proclaimed Property Tax,ಬಸನಗೌಡ ಆರ್ ಪಾಟೀಲ್,Basanagowda R Patil
1667,29/11/2016,ತೋಟಗಾರಿಕೆ,Gardening,ರೈತ ಸಂಪರ್ಕ ಕೇಂದ್ರಗಳ ಬಗೆ,The type of farmer communications centers,ಬಸನಗೌಡ ಆರ್ ಪಾಟೀಲ್,Basanagowda R Patil
1668,29/11/2016,ಕೃಷಿ ಮಾರುಕಟ್ಟೆ,Agricultural Market,ಕೊಬ್ಬರಿ ಹಾಗೂ ಅಡಿಕೆ ಬೆಲೆ ಕುಸಿತದ ಬಗೆ,Cost of cotton and nut price,ಲಕ್ಷ್ಮೀನಾರಾಯಣ .ಎಂ.ಡಿ,Lakshmi Narayana MD
1669,29/11/2016,ಸ್ಥಳೀಯ ಸಂಸ್ಥೆಗಳು,Local Organizations,ಇಳಕಲ್ ನಗರದಲ್ಲಿ ಸ್ವಯಂ ಘೋಷಿತ ಆಸ್ತಿ ತೆರಿಗೆ ಬಗೆ,Illegal city property tax type,ಲಕ್ಷ್ಮೀನಾರಾಯಣ .ಎಂ.ಡಿ,Lakshmi Narayana MD
1670,29/11/2016,ಸ್ಥಳೀಯ ಸಂಸ್ಥೆಗಳು,Local Organizations,ಸ್ಥಳೀಯ ಸಂಸ್ಥೆಗಳ ನಿರ್ವಹಣೆ ಬಗೆ,Management of local bodies,ಲಕ್ಷ್ಮೀನಾರಾಯಣ .ಎಂ.ಡಿ,Lakshmi Narayana MD
1671,29/11/2016,ಸಹಕಾರ,Cooperation,ರಾಯಚೂರು ಜಿಲ್ಲಾ ವ್ಯಾಪ್ತಿಯಲ್ಲಿರುವ ಹಾಲು ಉತ್ಪಾದಕರ ಸಂಘಗಳ ಕುರಿತು,About Milk Producers' Societies in Raichur District,ಲಕ್ಷ್ಮೀನಾರಾಯಣ .ಎಂ.ಡಿ,Lakshmi Narayana MD
1672,29/11/2016,ಇಂಧನ,Fuel,ಕಿದ್ವಾಯಿ ಸ್ಮಾರಕ ಗಂಥಿ ಸಂಸ್ಥೆಯಲ್ಲಿ ವಿದ್ಯುತ್ ನಿರ್ವಹಣೆ ಬಗ್ಗೆ,About power management at Kidwai Memorial Ground,ಲಕ್ಷ್ಮೀನಾರಾಯಣ .ಎಂ.ಡಿ,Lakshmi Narayana MD
1673,29/11/2016,ಸಕ್ಕರೆ,Sugar,ಮಂಡ್ಯ ಮೈಷುಗರ್ ಸಕ್ಕರೆ ಕಾರ್ಖಾನೆಯನ್ನು ಪ್ರಾರಂಭಿಸುವ ಬಗ್ಗೆ,Mandya is about launching Mysugar sugar factory,ಶ್ರೀಕಂಠೇಗೌಡ .ಕೆ.ಟಿ,Srikantegowda KT
1674,29/11/2016,ಲೋಕೋಪಯೋಗಿ,Public service,ಯಡಿಯೂರಿನಿಂದ ಮಂಡ್ಯವರೆಗಿನ ರಾಜ್ಯ ಹೆದ್ದಾರಿಯ ಕಾಮಗಾರಿ ಬಗ್ಗೆ,About the construction of the State Highway from Yeddyur to Mandya,ಶ್ರೀಕಂಠೇಗೌಡ .ಕೆ.ಟಿ,Srikantegowda KT
1675,29/11/2016,ಸಹಕಾರ,Cooperation,ಸಹಕಾರ ಸಂಘಗಳನ್ನು ಸ್ಥಾಪಿಸುವ ಬಗ್ಗೆ,About establishing co-operative societies,ಮನೋಹರ್ .ಸಿ.ಆರ್,Manohara CR
1676,29/11/2016,ಪೌರಾಡಳಿv,Mesmerizing v,ಮೂಡಿಗೆರೆ ಪಟ್ಟಣ ಪಂಚಾಯತಿ ವತಿಯಿಂದ ನಿರ್ಮಿಸಲಾಗಿರುವ ಅಂಗಡಿಯ ಬಗ್ಗೆ,About the store built by Moodigere town panchayat,ವಟಮ್ಮ,Motamma
1677,29/11/2016,ಇಂಧನ,Fuel,ವಿದ್ಯುತ್ ಸಮಸ್ಯೆ ನಿವಾರಣೆಗೆ ಸರ್ಕಾರ ಕೈಗೊಂಡಿರುವ ಕ್ರಮಗಳ ಬಗ್ಗೆ,About measures taken by the Government to resolve the power issue,ವಟಮ್ಮ,Motamma
1678,29/11/2016,ಪೌರಾಡಳಿv,Mesmerizing v,"ರಾಜ್ಯದಲ್ಲಿ ನಗರಸಭೆ, ಪುರಸಭೆಗಳಲ್ಲಿ ಕಾರ್ಯನಿರ್ವಹಿಸುತ್ತಿರುವ ಪೌರಕಾರ್ಮಿಕರ ಸಂಖ್ಯೆ ಬU",Number of civic workers working in municipal and municipalities in the state,ಮಾನೆ ಶ್ರೀನಿವಾಸ್,Mane Srinivas
1679,29/11/2016,ತೋಟಗಾರಿಕೆ,Gardening,ಹನಿ ನೀರಾವರಿ ಸಹಾಯಧನದ ಬಗ್ಗೆ,About Honey Irrigation Subsidy,ಅಪ್ಪಾಜಿಗೌಡ .ಎನ್,Appajigowda N
1680,29/11/2016,ಕೃಷಿ,Agriculture,ಕೃಷಿ ಭೂಮಿ ಬಗ್ಗೆ,About the farm land,ಅಪ್ಪಾಜಿಗೌಡ .ಎನ್,Appajigowda N
1681,29/11/2016,ಪೌರಾಡಳಿv,Mesmerizing v,ನಗರ ಸ್ಥಳೀಯ ಸಂಸ್ಥೆಗಳಲ್ಲಿನ ಮನೆ ನಿರ್ಮಾಣದ ಬಗ್ಗೆ,About home construction in urban local bodies,ಅಪ್ಪಾಜಿಗೌಡ .ಎನ್,Appajigowda N
1682,29/11/2016,ಲೋಕೋಪಯೋಗಿ,Public service,ಬೆಂಗಳೂರು-ಹೊನ್ನಾವರ ರಾಷ್ಟ್ರೀಯ ಹೆದ್ದಾರಿ ಬಗ್ಗೆ,About the Bangalore-Honnavar National Highway,ಅಪ್ಪಾಜಿಗೌಡ .ಎನ್,Appajigowda N
1683,29/11/2016,ಕೃಷಿ ಮಾರುಕಟ್ಟೆ,Agricultural Market,ಎ.ಪಿ.ಎಂ.ಸಿ. ತೂಕ ದಾಖಲಾತಿದಾರರ ಬಗ್ಗೆ,APMC About Weight Registrar,ಅಪ್ಪಾಜಿಗೌಡ .ಎನ್,Appajigowda N
1684,29/11/2016,ತೋಟಗಾರಿಕೆ,Gardening,ಕಲಬುರಗಿಯಲ್ಲಿ ತೊಗರಿ “ಟೆಕ್ನಾಲಜಿ ಪಾರ್ಕ್” ಸ್ಥಾಪಿಸುವ ಬಗ್ಗೆ,"Getting into the Art of Skin ""Techno Park"" is about installing",ಅಮರನಾಥ ಪಾಟೀಲ್,Amaranatha Patil
1685,29/11/2016,ಲೋಕೋಪಯೋಗಿ,Public service,ಹೈದ್ರಾಬಾದ್-ಕರ್ನಾಟಕ ಭಾಗದಲ್ಲಿ ನಬಾರ್ಡ್ ಹಾಗೂ ಸಿ.ಆರ್.ಎಫ್. ಸಂಸ್ಥೆಯಿಂದ ಕೈಗೊಂಡ ರಸ್ತೆ ಕಾಮಗಾರಿಯ ಬಗ್ಗೆ,Nabard and CRF in the Hyderabad-Karnataka region. About road construction taken by the organization,ಅಮರನಾಥ ಪಾಟೀಲ್,Amaranatha Patil
1686,29/11/2016,ಲೋಕೋಪಯೋಗಿ,Public service,ಕಲಬುರಗಿ ಮಹಾನಗರಕ್ಕೆ ಎರಡನೇ ರಿಂಗ್‌ರೋಡ್ ಮಂಜೂರಾತಿ ಬಗ್ಗೆ,About the Second Ring Road Approval for Artificial City,ಅಮರನಾಥ ಪಾಟೀಲ್,Amaranatha Patil
1687,29/11/2016,ಲೋಕೋಪಯೋಗಿ,Public service,"ಲೋಕೋಪಯೋಗಿ, ಬಂದರು ಮತ್ತು ಒಳನಾಡು ಜಲಸಾರಿಗೆ ಸಚಿವರು","Minister for Public Works, Port and Inland Water Transport",ಅಮರನಾಥ ಪಾಟೀಲ್,Amaranatha Patil
1688,29/11/2016,ಲೋಕೋಪಯೋಗಿ,Public service,"ಬೀದರ್, ಕಲಬರುಗಿ, ಯಾದಗಿರಿ, ರಾಯಚೂರು, ಕೊಪ್ಪಳ ಮತ್ತು ಬಳ್ಳಾರಿ ಜಿಲ್ಲೆಗಳಲ್ಲಿ ರಾಷ್ಟ್ರೀಯ ಹೆದ್ದಾರಿಗಳ ಪ್ರಗತಿ ಬಗ್ಗೆ","About National Highways in Bidar, Kalabarugi, Yadgir, Raichur, Koppal and Bellary Districts",ಅಮರನಾಥ ಪಾಟೀಲ್,Amaranatha Patil
1689,29/11/2016,ತೋಟಗಾರಿಕಾ,Horticultural,ತೋಟಗಾರಿಕಾ ವಿಶ್ವವಿದ್ಯಾಲಯದ ಪರಿಪೂರ್ಣ ಮಾಹಿತಿ ಕುರಿತು,About the Horticultural University's perfect information,ಅರುಣ ಶಹಾಪುರ,Aruna Shahaapura
1690,29/11/2016,ಪೌರಾಡಳಿತ,Municipality,ಪಟ್ಟಣ ಪಂಚಾಯತ್‌ಗಳಲ್ಲಿನ ಸಿ.ಎ. ಸೈಟ್‌ಗಳ ಕುರಿತು,CA Town in Town Panchayats About Sites,ಅರುಣ ಶಹಾಪುರ,Aruna Shahaapura
1691,29/11/2016,ಕೃಷಿ ಮಾರುಕಟ್ಟೆ,Agricultural Market,ವಿಜಯಪುರ ಜಿಲ್ಲೆಗಳಲ್ಲಿನ ಎ.ಪಿ.ಎಂ.ಸಿ.ಗಳ ಕುರಿತು,About APMCs in Vijayapuri Districts,ಅರುಣ ಶಹಾಪುರ,Aruna Shahaapura
1692,29/11/2016,ತೋಟಗಾರಿಕೆ,Gardening,ಕಲಬುರಗಿ ಜಿಲ್ಲೆಯಲ್ಲಿ ತೋಟಗಾರಿಕೆ ಇಲಾಖೆಯ ಯೋಜನೆಗಳಿಗೆ ಸಂಬಂಧಿಸಿದಂತೆ,Regarding the projects of the Department of Horticulture in Kalaburagi District,ಇಕ್ಬಾಲ್ ಅಹ್ಮದ್ ಸರಡಗಿ,Ikbal Ahmad Sadaragi
1693,29/11/2016,ಪಶುಸಂಗೋಪನೆ,Animal husbandry,ಕಲಬುರಗಿ ಜಿಲ್ಲೆಯ ಪಶು ಆಸ್ಪತ್ರೆಗಳ ಬಗ್ಗೆ,About Veterinary Hospitals in Kalaburagi District,ಇಕ್ಬಾಲ್ ಅಹ್ಮದ್ ಸರಡಗಿ,Ikbal Ahmad Sadaragi
1694,29/11/2016,ತೋಟಗಾರಿಕೆ,Gardening,ಅಡಿಕೆ ಬೆಳೆಗಾರರ ಸಮಸ್ಯೆ ಹಾಗೂ ಪ್ರತ್ಯೇಕ ಅಡಿಕೆ ಮಂಡಳಿ ರಚನೆ ಕುರಿತು,The problem of nut growers and the creation of a separate nut board,ರಾಮಚಂದ್ರಗೌಡ,Ramachandra Gowda
1695,29/11/2016,ಪೌರಾಡಳಿ,civic administration,ವಿಜಯಪುರ ನಗರದ ಬಸ್‌ನಿಲ್ದಾಣದ ಬಳಿ ಗಾಂಧಿ ಚೌಕ ರಸ್ತೆ ದುರಸ್ಥಿ ಬಗ್ಗೆ,About the Gandhi Square Road Tragedy near the bus station of Vijayapur city,ರಾಮಚಂದ್ರಗೌಡ,Ramachandra Gowda
1696,29/11/2016,ಕೃಷಿ,Agriculture,ಕುಲಾಂತರಿ ತಳಿಗಳು ಹಾಗೂ ಕುಲಾಂತರಿ ಸಾಸಿವೆ ಬೆಳೆಯಿಂದ ದುಷ್ಪರಿಣಾಮ,Artificial breeds and cloves have adverse effects on mustard seeds,ರಾಮಚಂದ್ರಗೌಡ,Ramachandra Gowda
1697,29/11/2016,ಕೃಷಿ ಮಾರುಕಟ್ಟೆ,Agricultural Market,ಮಾಗಡಿಯ ಕೃಷಿ ಉತ್ಪನ್ನ ಮಾರುಕಟ್ಟೆ ಬಗ್ಗೆ,About Magical Agricultural Product Market,ರಾಮಚಂದ್ರಗೌಡ,Ramachandra Gowda
1698,29/11/2016,ಸ್ಥಳೀಯ ಸಂಸ್ಥೆ,Local organization,ರಾಜ್ಯದ ರೈತರ ಕಬ್ಬು ಬೆಳೆಗೆ ಹನಿ ನೀರಾವರಿ ಯೋಜನೆ ಅಳವಡಿಸುವ ಕುರಿತು,About implementing the Drip Irrigation Scheme for State Farmers Cane,ರಘು ಆಚಾರ್ .ಜಿ,Raghu Achar G
1699,29/11/2016,ಇಂಧನ,Fuel,ಸೋಲಾರ್ ಪವರ್ ಉತ್ಪಾದಿಸುವ ಬಗ್ಗೆ,About producing solar power,ರಘುನಾಥ ರಾವ್ ಮಲ್ಕಾಪೂರೆ,Raghunath Rao Malkapore
1700,29/11/2016,ಸಕ್ಕರೆ,Sugar,ರೈತರಿಗೆ ಬೆಂಬಲ ಬೆಲೆ ನೀಡುವ ಬಗ್ಗೆ,About giving support to farmers,ರಘುನಾಥ ರಾವ್ ಮಲ್ಕಾಪೂರೆ,Raghunath Rao Malkapore
1701,29/11/2016,ತೋಟಗಾರಿಕೆ,Gardening,ವಿವಿಧ ಯೋಜನೆಗಳ ಅಡಿಯಲ್ಲಿ ಬಿಡುಗಡೆಯಾದ ಅನುದಾನವೆಷ್ಟು,Grants released under various schemes,ರಘುನಾಥ ರಾವ್ ಮಲ್ಕಾಪೂರೆ,Raghunath Rao Malkapore
1702,29/11/2016,ಸಹಕಾರ,Cooperation,ಸಹಕಾರ ಸಂಘಗಳಲ್ಲಿ ನಡೆದಿರುವ ಅವ್ಯವಹಾರದ ಕುರಿತು,Concerns about the misconduct in co-operative societies,ರಘುನಾಥ ರಾವ್ ಮಲ್ಕಾಪೂರೆ,Raghunath Rao Malkapore
1703,29/11/2016,ಪೌರಾಡಳಿv,Mesmerizing v,ಪೌರಾಡಳಿತ ಇಲಾಖೆಯಲ್ಲಿ ನಿಯೋಜನೆ ಮೇಲೆ ಕಾರ್ಯನಿರ್ವಹಿಸುತ್ತಿರುವ ಅಧಿಕಾರಿ/ನೌಕರರ ಬಗೆ,Officer / Employee Operating Officer on Municipalities,ರಘುನಾಥ ರಾವ್ ಮಲ್ಕಾಪೂರೆ,Raghunath Rao Malkapore
1704,29/11/2016,ಕೃಷಿ ಮಾರುಕಟ್ಟೆ,Agricultural Market,ರೈತರ ಈರುಳ್ಳಿಗೆ ವೈಜ್ಞಾನಿಕ ಬೆಲೆ ನಿಗಧಿ ಮತ್ತು ಖರೀದಿ ಬಗೆ,Scientific price control and purchase type for farmers' onion,ಉಗ್ರಪ್ಪ .ವಿ.ಎಸ್,Ugrappa VS
1705,29/11/2016,ತೋಟಗಾರP,Gardener P,ನಂದಿ ಮತ್ತು ಕೆಮ್ಮಣ್ಣು ಗಿರಿಧಾಮ ಕೇಂದ್ರಗಳು,Nandi and Kemmannu hill stations,ಉಗ್ರಪ್ಪ .ವಿ.ಎಸ್,Ugrappa VS
1706,29/11/2016,ಲೋಕೋಪಯೋಗಿ,Public service,ರಾಷ್ಟ್ರೀಯ ರಾಜ್ಯ ಮತ್ತು ಜಿಲ್ಲಾ ಮುಖ್ಯ ರಸ್ತೆಗಳು,National State and District Main Roads,ಉಗ್ರಪ್ಪ .ವಿ.ಎಸ್,Ugrappa VS
1707,29/11/2016,ಲೋಕೋಪಯೋಗಿ,Public service,ರಾಜ್ಯ ರಸ್ತೆ ಇಕ್ಕೆಲಗಳಲ್ಲಿ ಮೈಲುಗಲ್ಲುಗಳಲ್ಲಿ ನಮೂದಿಸಿರುವ ಊರುಗಳ ಹೆಸರುಗಳ ಬಗ್ಗೆ,About the names of the towns mentioned in milestones in the state road,ಕ್ಯಾಪ್ಟನ್ ಗಶೇಶ್ ಕಾರ್ಣಿಕ್,Capt. Ganesh Karnik
1708,29/11/2016,ಇಂಧನ,Fuel,ರಾಜ್ಯದಲ್ಲಿ ಮುಂಗಾರು ಮತ್ತು ಹಿಂಗಾರು ಮಳೆ ವಿಫಲವಾಗಿರುವುದರಿಂದ ವಿದ್ಯುತ್ ಉತ್ಪಾದನೆ ಕೊರತೆ ಬಗ್ಗೆ,The lack of electricity generation has resulted in the failure of monsoon and rainfall in the state,ಕ್ಯಾಪ್ಟನ್ ಗಣೇಶ್ ಕಾರ್ಣಿಕ್,Capt. Ganesh Karnik
1709,29/11/2016,ಕೃಷಿ ಮಾರುಕಟ್ಟೆ,Agricultural Market,ರಾಜ್ಯದಲ್ಲಿ ಈರುಳ್ಳಿ ಬೆಲೆ ಕುಸಿತದಿಂದ ರೈತರು ಸಂಕಷ್ಟಕ್ಕೀಡಾಗಿರುವ ಬಗೆ,Farmers are saddened by the decline in onion prices in the state,ಕ್ಯಾಪ್ಟನ್ ಗಣೇಶ್ ಕಾರ್ಣಿಕ್,Capt. Ganesh Karnik
1710,29/11/2016,ಲೋಕೋಪಯೋಗಿ,Public service,ಶುಲ್ಕ ವಸೂಲಾತಿ ಕೇಂದ್ರಗಳನ್ನು (ಖಿoಟಟgಚಿಣe) ನಿರ್ಮಿಸಲು ಇರುವ ಮಾನದಂಡಗಳ ಕುರಿತು,Regarding the criteria for building fee receipts (such as payments),ಕ್ಯಾಪ್ಟನ್ ಗಣೇಶ್ ಕಾರ್ಣಿಕ್,Capt. Ganesh Karnik
1711,29/11/2016,ಸಕ್ಕರೆ,Sugar,ಸಕ್ಕರೆ ಕಾರ್ಖಾನೆಗಳ ಸುಧಾರಣೆ ಬಗ್ಗೆ,About Improvement of Sugar Factories,ಕ್ಯಾಪ್ಟನ್ ಗಣೇಶ್ ಕಾರ್ಣಿಕ್,Capt. Ganesh Karnik
1712,29/11/2016,ಸಕ್ಕರೆ,Sugar,ರಾಜ್ಯದಲ್ಲಿ ಕಬ್ಬಿಗೆ ವೈಜ್ಞಾನಿಕ ಬೆಲೆಯಿಲ್ಲದ್ದು ಹಾಗೂ ಕಾರ್ಖಾನೆಗಳು ಸಕಾಲದಲ್ಲಿ ಹಣ ಪಾವತಿಸುತ್ತಿಲ್ಲದ್ದರಿಂದ ಕಬ್ಬು ಬೆಳೆಯಲು ಹಿಂದೇಟು ಹಾಕುತ್ತಿರುವ ಬಗ್ಗೆ,There is no scientific scientific price in the state and the factories are not paying time to pay for sugarcane,ಕವಟಗಿಮಠ ಮಹಂತೇಶ ಮಲ್ಲಿಕಾರ್ಜುನ,Kavatimata Mahantesha Mallikarjuna
1713,29/11/2016,ಇಂಧನ,Fuel,ರಾಜ್ಯದ ರೈತರ ಜಮೀನುಗಳಲ್ಲಿ ಮತ್ತು ಮೇಲ್ಚಾವಣಿಗಳ ಮೇಲೆ ಸೋಲಾರ್ ವಿದ್ಯುತ್ ಉತ್ಪಾದನೆ ಮಾಡುವುದರ ಬಗ್ಗೆ,About Solar Power Production on Farmers' Land and Upstairs,ಕವಟಗಿಮಠ ಮಹಂತೇಶ ಮಲ್ಲಿಕಾರ್ಜುನ,Kavatimata Mahantesha Mallikarjuna
1714,29/11/2016,ಸಹಕಾರ,Cooperation,ಬೆಳಗಾವಿ ಜಿಲ್ಲೆಯ ಗಡಿ ತಾಲ್ಲೂಕುಗಳಲ್ಲಿ ಹಾಲು-ಉತ್ಪಾದಕರ ಸಹಕಾರ ಸಂಘಗಳು ಇಲ್ಲದೆ ಇರುವ ಬಗ್ಗೆ,There is no milk-maker cooperative societies in the border taluk of Belgaum district,ಕವಟಗಿಮಠ ಮಹಂತೇಶ ಮಲ್ಲಿಕಾರ್ಜುನ,Kavatimata Mahantesha Mallikarjuna
1715,29/11/2016,ಇಂಧನ,Fuel,ರೈತರ ಹಳೆಯ ಕೃಷಿ ಪಂಪ್‌ಸೆಟ್ಟುಗಳನ್ನು ಬದಲಾಯಿಸಿ ಹೆಚ್ಚು ಕಾರ್ಯಕ್ಷಮತೆಯ ಹೊಸ ಪಂಪ್‌ಸೆಟ್ಟುಗಳು ನೀಡುವ ಕುರಿತು,Changing Old Farm Pumpettes of Farmers to provide more efficient new pumpsets,ಕವಟಗಿಮಠ ಮಹಂತೇಶ ಮಲ್ಲಿಕಾರ್ಜುನ,Kavatimata Mahantesha Mallikarjuna
1716,29/11/2016,ಲೋಕೋಪಯೋಗಿ,Public service,ಲೋಕೋಪಯೋಗಿ ಇಲಾಖೆಯ ಮರಳುಗಾರಿಕೆ ಮತ್ತು ರಸ್ತೆ ಶುಲ್ಕದ ವಸೂಲಾದ ಮೊತ್ತದ ಒಂದು ಭಾಗವನ್ನು ಸ್ಥಳೀಯ ಸಂಸ್ಥೆಗೆ ನೀಡುವ ಬಗ್ಗೆ,Providing a part of the Public Sector Recovery and Road Charges to the Local Organization,ಕೋಟ ಶ್ರೀನಿವಾಸ ಪೂಜಾರಿ,Kota Srinivasa Pujari
1717,29/11/2016,ಲೋಕೋಪಯೋಗಿ,Public service,ಕರಾವಳಿಯ ಬಂದರು ಮತ್ತು ಜಟ್ಟಿ ನಿರ್ಮಾಣ ಕಾಮಗಾರಿಯ ಪ್ರಗತಿಯಲ್ಲಿ ಕುಂಠಿತದ ಕುರಿತು,About the seafront in the progress of coastal port and jetty construction work,ಕೋಟ ಶ್ರೀನಿವಾಸ ಪೂಜಾರಿ,Kota Srinivasa Pujari
1718,29/11/2016,ಲೋಕೋಪಯೋಗಿ,Public service,ಉಡುಪಿ ಗಂಗೊಳ್ಳಿಯ ಬ್ರೇಕ್‌ವಾಟರ್ ಕಾಮಗಾರಿ ಪ್ರಾರಂಭಿಸದೇ ಇರುವ ಕುರಿತು,Udupi Gangolli Breakwater Works on not started,ಕೋಟ ಶ್ರೀನಿವಾಸ ಪೂಜಾರಿ,Kota Srinivasa Pujari
1719,29/11/2016,ಪೌರಾಡಳಿv,Mesmerizing v,ಹೊಸದಾಗಿ ಸೃಜಿಸಿದ ಪೌರಾಡಳಿತ ಸಂಸ್ಥೆಗಳಿಗೆ ಮೂಲ ಸೌಕರ್ಯ ಒದಗಿಸುವ ಬಗ್ಗೆ,About providing basic infrastructure for newly created municipal corporations,ಕೋಟ ಶ್ರೀನಿವಾಸ ಪೂಜಾರಿ,Kota Srinivasa Pujari
1720,29/11/2016,ಕೃಷಿ,Agriculture,ಭತ್ತದ ಬೆಂಬಲ ಬೆಲೆ ಮತ್ತು ಬೆಳೆ ಕಟಾವು ಯಂತ್ರದ ದುಬಾರಿ ಬಾಡಿಗೆ ನಿಯಂತ್ರಣದ ಕುರಿತು,About Paddy Support Price and Expensive Rental Control of Crop Crusher,ಕೋಟ ಶ್ರೀನಿವಾಸ ಪೂಜಾರಿ,Kota Srinivasa Pujari
1721,29/11/2016,ಕೃಷಿ,Agriculture,ಹೈದ್ರಾಬಾದ್-ಕರ್ನಾಟಕ ವ್ಯಾಪ್ತಿಯ ಜಿಲ್ಲೆಗಳಲ್ಲಿ ಕೃಷಿ ಇಲಾಖಾ ಕಾರ್ಯ ಚಟುವಟಿಕೆಗಳ ಬU,BU of Agricultural Department Operations in Hyderabad-Karnataka Districts,ಕೊಂಡಯ್ಯ .ಕೆ.ಸಿ,Kondaiah KC
1722,29/11/2016,ಕೃಷಿ,Agriculture,ರಾಜ್ಯದಲ್ಲಿ ಸಾವಯವ ಕೃಷಿ ಉತ್ತೇಜನ ಕಾರ್ಯಕ್ರಮಗಳ ಅನುಷ್ಠಾನದ ವಿವರಗಳ ಬಗ್ಗೆ,Regarding the implementation of organic farming programs in the state,ಕೊಂಡಯ್ಯ .ಕೆ.ಸಿ,Kondaiah KC
1723,29/11/2016,ತೋಟಗಾರಿಕೆ,Gardening,ಹೈದ್ರಾಬಾದ್-ಕರ್ನಾಟಕ ಪ್ರದೇಶದ ವ್ಯಾಪ್ತಿಯಲ್ಲಿ ತೋಟಗಾರಿಕಾ ಬೆಳೆಗಳ ಅಭಿವೃದ್ಧಿ,Development of Horticultural crops in the Hyderabad-Karnataka region,ಕೊಂಡಯ್ಯ .ಕೆ.ಸಿ,Kondaiah KC
1724,29/11/2016,ಕೃಷಿ,Agriculture,ಹೈದ್ರಾಬಾದ್-ಕರ್ನಾಟಕ ಪ್ರದೇಶದಲ್ಲಿ ಕೃಷಿ ತಂತ್ರಜ್ಞಾನ ಅಳವಡಿಕೆ ಕ್ರಮಗಳು,Agricultural Technology Implementation measures in the Hyderabad-Karnataka region,ಕೊಂಡಯ್ಯ .ಕೆ.ಸಿ,Kondaiah KC
1725,29/11/2016,ಇಂಧನ,Fuel,ಛಾವಣಿ ಸೌರ ವಿದ್ಯುತ್ ಉತ್ಪಾದನೆ ಬU,Roof Solar Power Production,ತಾರಾಅನೂರಾಧ,Tara Anuradha
1726,29/11/2016,ಸಾರ್ವಜನಿಕ ಉದ್ದಿಮೆ,Public enterprise,ಸಾರ್ವಜನಿಕ ಉದ್ದಿಮೆಗಳಲ್ಲಿ ನೇಮಕಾತಿ,Appointment in Public Enterprises,ಚೌಡರೆಡ್ಡಿ ತೂಪಲ್ಲಿ .ಆರ್,Chowdareddy Tupalli R
1727,29/11/2016,ಇಂಧ,Fuel,ಕರ್ನಾಟಕ ಸೌರಶಕ್ತಿ ನಿಗಮ,Karnataka Solar Energy Corporation,ಚೌಡರೆಡ್ಡಿ ತೂಪಲ್ಲಿ .ಆರ್,Chowdareddy Tupalli R
1728,29/11/2016,ಸಹಕಾರ,Cooperation,ಸಹಕಾರ ಕ್ಷೇತ್ರದಲ್ಲಿ ಮಹಿಳೆಯರ ಪಾಲ್ಗೊಳ್ಳುವಿಕೆ ಬಗೆ,Women's participation in the field of cooperation,ಧರ್ಮಸೇನ .ಆರ್,Dharmasena R
1729,29/11/2016,ಕೃಷಿ,Farming,ಕಳಪೆ ಮಟ್ಟದ ರಾಸಾಯನಿಕ ಗೊಬ್ಬರದಿಂದ ಹಾನಿ,Damage to poor fertilizer,ಧರ್ಮಸೇನ .ಆರ್,Dharmasena R
1730,29/11/2016,ಇಂಧ,Fuel,ಸೋಲಾರ್ ವಿದ್ಯುತ್ ಉತ್ಪಾದನೆಗೆ ಪ್ರೋತ್ಸಾಹ,Encouraging solar power generation,ಧರ್ಮಸೇನ .ಆರ್,Dharmasena R
1731,30/11/2016,ಮೀನುಗಾರಿಕೆ,Fishing,ರಾಯಚೂರು ಜಿಲ್ಲೆಯಲ್ಲಿ ಮೀನುಗಾರಿಕೆ ಅಭಿವೃದ್ಧಿಪಡಿಸುವ ಕುರಿತು,About fishing in Raichur district,ಬೋಸ್‌ರಾಜು .ಎನ್.ಎಸ್,Bosaraju N S
1732,30/11/2016,ಕಂದಾಯ,Revenue,ರಾಯಚೂರು ಜಿಲ್ಲೆಯ ರೈತರಿಗೆ ನೀಡಿರುವ ಬೆಳೆ ಪರಿಹಾರದ ಮೊತ್ತದ ಬಗ್ಗೆ,About the amount of crop solutions given to farmers in Raichur district,ಬೋಸ್‌ರಾಜು .ಎನ್.ಎಸ್,Bosaraju N S
1733,30/11/2016,ಭಾರಿ ಮತ್ತು ಮಧ್ಯಮ ನೀರಾವರಿ,Heavy and medium irrigation,ನೀರಾವರಿ ಇಲಾಖೆಗೆ ಸೇರಿರುವ ಖಾಲಿ ನಿರುಪಯೋಗವಾಗಿರುವ ಜಾಗಗಳನ್ನು ಸರ್ಕಾರದ ಇತರೆ ಇಲಾಖೆಗೆ ಹಸ್ತಾಂತರಿಸುವ ಬಗೆ,How to transfer the vacant areas of the irrigation department to the other Department of Government,ಬೋಸ್‌ರಾಜು .ಎನ್.ಎಸ್,Bosaraju N S
1734,30/11/2016,ಅರಣ್ಯ,Forest,೨೦೧೬-೧೭ನೇ ಸಾಲಿನಲ್ಲಿ ಅರಣ್ಯ ಇಲಾಖೆಗೆ ಬಿಡುಗಡೆಯಾದ ಅನುದಾನದ ಬಗ್ಗೆ,About the grant released to the Forest Department in 2016-17,ಬೋಸ್‌ರಾಜು .ಎನ್.ಎಸ್,Bosaraju N S
1735,30/11/2016,ಮೀನುಗಾರಿಕೆ,Fishing,ರಾಯಚೂರು ನಗರ ಮತ್ತು ಮಾನ್ವಿ ಪಟ್ಟಣದಲ್ಲಿ ಕ್ರೀಡಾಂಗಣ ನಿರ್ಮಾಣದ ಬಗ್ಗೆ,The construction of the stadium in Raichur city and Manvi town,ಬೋಸ್‌ರಾಜು .ಎನ್.ಎಸ್,Bosaraju N S
1736,30/11/2016,ಭಾರಿ ಮತ್ತು ಮಧ್ಯಮ ನೀರಾವರಿ,Heavy and medium irrigation,ಲಕ್ಷ್ಮಣ ತೀರ್ಥ ನದಿಯಿಂದ ಚೆಲ್ಕುಂದ ಗ್ರಾಮಕ್ಕೆ ನೀರಿನ ಯೋಜನೆ ವಿಚಾರ,Water plan for Chelakunda village from Lakshmana Teertha River,ಭಾನುಪ್ರಕಾಶ್,Bhanu Prakasha
1737,30/11/2016,ಕಂದಾಯ,Revenue,"ಸರ್ಕಾರಿ ಭೂಮಿಗಳಾದ ಸ್ಮಶಾನ, ಕೆರೆ, ಗೋಮಾಳಗಳ ಒತ್ತುವರಿಯನ್ನು ತೆರವುಗೊಳಿಸುವ ಬಗೆ","How to clear government land like cemetery, lake and pasture",ಸುನೀಲ್ ಸುಬ್ರಮಣಿ .ಎಂ.ಪಿ,Sunil Subramani M P
1738,30/11/2016,ಸಣ್ಣ ನೀರಾವರಿ,Small irrigation,ರಾಜ್ಯದಲ್ಲಿರುವ ಕೆರೆಗಳ ಒತ್ತುವರಿಯನ್ನು ತೆರವುಗೊಳಿಸುವ ಬಗ್ಗೆ,About clearing the lakes in the state,ಸುನೀಲ್ ಸುಬ್ರಮಣಿ .ಎಂ.ಪಿ,Sunil Subramani M P
1739,30/11/2016,ಕಂದಾಯ,Revenue,ರಾಜ್ಯದಲ್ಲಿರುವ ಬ್ರಾಹ್ಮಣ ಸಮುದಾಯಕ್ಕೆ ಜಾತಿ ದೃಢೀಕರಣ ಪತ್ರ ನೀಡದಿರುವ ಬಗ್ಗೆ,Not giving caste certificates to the Brahmin community in the state,ಸುನೀಲ್ ಸುಬ್ರಮಣಿ .ಎಂ.ಪಿ,Sunil Subramani M P
1740,30/11/2016,ಕಂದಾಯ,Revenue,ರಾಜ್ಯದಲ್ಲಿ ಬರ ಪೀಡಿತ ಪ್ರದೇಶಗಳ ಬಗ್ಗೆ,About drought-prone areas in the state,ಸಯದ್ ಮುಧೀರ್ ಅಗಾ,Syed Madir Aga
1741,30/11/2016,ಕಂದಾಯ,Revenue,ಬರ ನಿರ್ವಹಣೆಗೆ ಅನುದಾನ ಮೊತ್ತ ಬಿಡುಗಡೆ ಮಾಡುವ ಬಗೆ,How to release Grant Amount for Drought Management,ಸಯದ್ ಮುಧೀರ್ ಅಗಾ,Syed Madir Aga
1742,30/11/2016,ಕಂದಾಯ,Revenue,ಅಕ್ರಮ-ಸಕ್ರಮದ ಬಗೆ,Illegal-type of law,ಸಯದ್ ಮುಧೀರ್ ಅಗಾ,Syed Madir Aga
1743,30/11/2016,ಕಾರ್ಮಿಕ,Labor,ರಾಜ್ಯದ ಖಾಸಗಿ ಅನುದಾನಿತ ಐಟಿಐ ಶಿಕ್ಷಣ ಸಂಸ್ಥೆಗಳ ಬೋಧನಾ ಶುಲ್ಕದ ಕುರಿತು,Regarding the tuition fees of the state-owned private aided ITI Institutions,ಸಂಕನೂರ .ಎಸ್.ವ್ಹಿ,Sankanura S V
1744,30/11/2016,ಯುವ ಸಬಲೀಕರಣ ಮತ್ತು ಕ್ರೀಡಾ,Youth empowerment and sport,"ಕೆ.ಎಚ್. ಪಾಟೀಲ್ ಜಿಲ್ಲಾ ಕ್ರೀಡಾಂಗಣ, ಗದಗ, ಇದರ ಕುರಿತು","KH Patil district stadium, Gadag, about this",ಸಂಕನೂರ .ಎಸ್.ವ್ಹಿ,Sankanura S V
1745,30/11/2016,ಸಣ್ಣ ನೀರಾವರಿ,Small irrigation,"ರಾಜ್ಯದಲ್ಲಿ ಪರಿಶಿಷ್ಠ ಜಾತಿ/ಪರಿಶಿಷ್ಠ ಪಂಗಡ, ಅಲ್ಪಸಂಖ್ಯಾತರು ಹಾಗೂ ಇತರೆ ವರ್ಗದ ರೈತರಿಗೆ ಕೊರೆದ ಕೊಳವೆ ಬಾವಿಗಳ ಬಗ್ಗೆ","Regarding the tube wells for the Scheduled Caste / Scheduled Tribes, Minorities and other classes of farmers in the State",ಸಮಣ್ಣ ಮ ಬೇವಿನಮರದ,Samanna Ma Bevinamara
1746,30/11/2016,ಅರಣ್ಯ,Forest,ಹಾವೇರಿ ಜಿಲ್ಲೆಯ ಶಿಗ್ಗಾಂವ ತಾಲ್ಲೂಕಿನಲ್ಲಿ ಕಾಡು ಪ್ರಾಣಿಗಳ ಹಾವಳಿ ಬಗ್ಗೆ,About the flames of wild animals in the Shiggaon taluk of Haveri district,ಸಮಣ್ಣ ಮ ಬೇವಿನಮರದ,Samanna Ma Bevinamara
1747,30/11/2016,ಕಂದಾಯ,Revenue,ರಾಜ್ಯದಲ್ಲಿ ಬೇಡಜಂಗಮ ಕುಟುಂಬಗಳ ಬಗ್ಗೆ,About the Beedajangam families in the state,ಸಮಣ್ಣ ಮ ಬೇವಿನಮರದ,Samanna Ma Bevinamara
1748,30/11/2016,ಅರಣ್ಯ,Forest,ಹಾವೇರಿ ಜಿಲ್ಲೆಯಲ್ಲಿ ಅರಣ್ಯ ಇಲಾಖೆಯಿಂದ ಬಂದ ಅನುದಾನದ ಬಗ್ಗೆ,About the grant from Forest Department in Haveri district,ಸಮಣ್ಣ ಮ ಬೇವಿನಮರದ,Samanna Ma Bevinamara
1749,30/11/2016,ಕಂದಾಯ,Revenue,ಕಳೆದ ಮೂರು ವರ್ಷಗಳಲ್ಲಿ ಆತ್ಮಹತ್ಯೆ ಮಾಡಿಕೊಂಡ ರೈತರ ಬಗೆ,The farmers' suicides in the last three years,ಸಮಣ್ಣ ಮ ಬೇವಿನಮರದ,Samanna Ma Bevinamara
1750,30/11/2016,ಕಂದಾಯ,Revenue,ಗಾರಿಕೆಯ ಉದ್ದೇಶಕ್ಕಾಗಿ ಕಂದಾಯ ಭೂಮಿ ನೀಡುವ ಕುರಿತು,Regarding Revenue Revenue for the purpose of the purpose,ಸೋಮಣ್ಣ .ವಿ,Somanna V
1751,30/11/2016,ಸಂಸದೀಯ ವ್ಯವಹಾರಗಳು,Parliamentary Affairs,ರಾಜ್ಯದಲ್ಲಿನ ವಿವಿಧ ಇಲಾಖೆಗಳ ವ್ಯಾಜ್ಯ ವಿಲೇವಾರಿಗೆ ನಿಯಮಗಳ ಕುರಿತು,Regulations for dispute disposal of various departments in the state,ಸೋಮಣ್ಣ .ವಿ,Somanna V
1752,30/11/2016,ಕಂದಾಯ,Revenue,ನಗರ ಪ್ರದೇಶಗಳಲ್ಲಿ ಮನೆ ನಿರ್ಮಿಸಿಕೊಂಡ ಫಲಾನುಭವಿಗಳಿಗೆ ಹಕ್ಕುಪತ್ರ ನೀಡುವ ಕುರಿತು,Issuing of rights to beneficiaries of homeowners in urban areas,ಸೋಮಣ್ಣ .ವಿ,Somanna V
1753,30/11/2016,ಮುಜರಾಯಿ,Muzarai,ಬೆಂಗಳೂರು ಜಿಲ್ಲಾ ವ್ಯಾಪ್ತಿಯಲ್ಲಿ ಮುಜರಾಯಿ ಇಲಾಖೆಗೆ ಒಳಪಡುವ ದೇವಸ್ಥಾನಗಳ ಕುರಿತು,About temples that come under the Muzarai Department of Bangalore District,ನಾರಾಯಣಸ್ವಾಮಿ .ಎಂ,Narayanaswamy M
1754,30/11/2016,ಕಾರ್ಮಿಕ,Labor,IಖಿI ಹಾಗೂ ಡಿಪ್ಲೋಮಾ ಅಭ್ಯರ್ಥಿಗಳನ್ನು ಗುತ್ತಿಗೆ ಆಧಾರದಲ್ಲಿ ದುಡಿಸಿಕೊಳ್ಳುತ್ತಿರುವ ಕುರಿತು,About IKI and Diploma Candidates on contract basis,ನಾರಾಯಣಸ್ವಾಮಿ .ಎಂ,Narayanaswamy M
1755,30/11/2016,ಕಂದಾಯ,Revenue,ಬಗರ್ ಹುಕುಂ ಯೋಜನೆಯಲ್ಲಿ ಅಕ್ರಮ ಭೂ ಮಂಜೂರಾತಿ ಬಗ್ಗೆ,Illegal Land Acquisition in the Bugar Hook Scheme,ನಾರಾಯಣಸ್ವಾಮಿ .ಕೆ.ವಿ,Narayanaswamy K V
1756,30/11/2016,ಕಂದಾಯ,Revenue,ನೋಂದಾಯಿತ ಸಂಘಗಳ ತನಿಖೆ ಬಗ್ಗೆ ನೇಮಿಸಿದ್ದ ಸದನ ಸಮಿತಿಯ ವರದಿ ಬಗ್ಗೆ,Regarding the House Committee report on appointment of registered associations,ನಾರಾಯಣಸ್ವಾಮಿ .ಕೆ.ವಿ,Narayanaswamy K V
1757,30/11/2016,ಅರಣ್ಯ,Forest,ಹುಲಿ ಮತ್ತು ಆನೆಗಳ ಸಂತತಿಯ ರಕ್ಷಣೆಗಾಗಿ ಸರ್ಕಾರ ಕೈಗೊಂಡ ಕ್ರಮ,Action taken by the Government to protect the tiger and elephant's offspring,ನಾರಾಯಣಸ್ವಾಮಿ .ಕೆ.ವಿ,Narayanaswamy K V
1758,30/11/2016,ಅರಣ್ಯ,Forest,ರಾಜ್ಯದ ಅರಣ್ಯ ಪ್ರದೇಶದಲ್ಲಿರುವ ಕಳ್ಳಬೇಟೆ ತಡೆ ಶಿಬಿg,Thieves of the State Forest Area,ನಾರಾಯಣಸ್ವಾಮಿ .ಕೆ.ವಿ,Narayanaswamy K V
1759,30/11/2016,ಕಂದಾಯ,Revenue,ಶಾಸಕರ ಸಾಂವಿಧಾನಿಕ ಸಂಘ ಸ್ಥಾಪನೆಗೆ ಭೂ ಮಂಜೂರಾತಿ ಬಗ್ಗೆ,Land Acquisition for the Constitutional Legislative Assembly of MLAs,ನಾರಾಯಣಸ್ವಾಮಿ .ಕೆ.ವಿ,Narayanaswamy K V
1760,30/11/2016,ಕಂದಾಯ,Revenue,ಕೃಷಿ ಉತ್ಪಾದನೆ ಕುಂಠಿತವಾಗಿರುವ ಬಗೆ,What is the stagnation of agricultural production?,ನಾಗರಾಜು .ಎಸ್,Nagaraja S
1761,30/11/2016,ಭಾರಿ ಮತ್ತು ಮಧ್ಯಮ ನೀರಾವರಿ,Heavy and medium irrigation,ಚಿಕ್ಕಹೊಳೆ ಜಲಾಶಯದಲ್ಲಿ ಅಕ್ರಮ ಮಣ್ಣು ಸಾಗಾಣಿಕೆ ಬಗೆ,Illegal soil transport type in the Chikballil reservoir,ನಾಗರಾಜು .ಎಸ್,Nagaraja S
1762,30/11/2016,ಅರಣ್ಯ,Forest,ಮೇಟಿಕುಪ್ಪೆ ಅರಣ್ಯ ವಲಯದಲ್ಲಿ ಒತ್ತುವರಿ ಜಮೀನನ್ನು ತೆರವು ಬಗ್ಗೆ,About the removal of the enclosure land in the Matikuppe forest zone,ನಾಗರಾಜು .ಎಸ್,Nagaraja S
1763,30/11/2016,ಅರಣ್ಯ,Forest,"ಬಂಡೀಪುರ, ಬಿಳಿಗಿರಿ ರಂಗನ ಬೆಟ್ಟ ಹಾಗೂ ಮಲೆಮಹದೇಶ್ವರ ಬೆಟ್ಟದ ಹುಲಿಗಳ ಸಂಖ್ಯೆ","The number of tigers in Bandipur, Biligiri Rangana Hill and Male Mahadeshwara hills",ನಾಗರಾಜು .ಎಸ್,Nagaraja S
1764,30/11/2016,ಭಾರಿ ಮತ್ತು ಮಧ್ಯಮ ನೀರಾವರಿ,Heavy and medium irrigation,ಆಲಮಟ್ಟಿ ಜಲಾಶಯದ ಮಟ್ಟವನ್ನು ಎತ್ತರಿಸುವ ಬಗ್ಗೆ,About raising the level of Alamatti Reservoir,ನಿರಾಣಿ ಹಣಮಂತ್ ರುದ್ರಪ್ಪ,Nirani Hanumanth Rudrappa
1765,30/11/2016,ಕಂದಾಯ,Revenue,ಬರಪೀಡಿತ ತಾಲ್ಲೂಕುಗಳ ಪರಿಹಾರದ ಕುರಿತು,Concerned about the drought relief solutions,ಪ್ರದೀಪ್ ಶೆಟ್ಟರ್,Pradeep Shettar
1766,30/11/2016,ಮೀನುಗಾರಿಕೆ,Fishing,ಮತ್ಸ್ಯಾಶ್ರಯ ಯೋಜನೆಯಡಿ ಕುರಿತು,About the Matsya Shrine Scheme,ಪ್ರದೀಪ್ ಶೆಟ್ಟರ್,Pradeep Shettar
1767,30/11/2016,ಮೀನುಗಾರಿಕೆ,Fishing,ಯೋಜನೆಗಳ ಮತ್ತು ಅನುದಾನಗಳ ಕುರಿತು,About projects and subsidies,ಪ್ರದೀಪ್ ಶೆಟ್ಟರ್,Pradeep Shettar
1768,30/11/2016,ಕಾರ್ಮಿP,Carmi P,ಉದ್ಯೋಗ ಮೇಳ ಯೋಜನೆಯ ಕುರಿತು,About the Platform Mela Project,ಪ್ರದೀಪ್ ಶೆಟ್ಟರ್,Pradeep Shettar
1769,30/11/2016,ಸಣ್ಣ ನೀರಾವರಿ,Small irrigation,ವಿವಿಧ ಯೋಜನೆಗಳ ಅನುದಾನದ ಕುರಿತು,About the funding of various schemes,ಪ್ರದೀಪ್ ಶೆಟ್ಟರ್,Pradeep Shettar
1770,30/11/2016,ಭಾರಿ ಮತ್ತು ಮಾಧ್ಯಮ ನೀರಾವರಿ,Heavy and medium irrigation,ನೀರಾವರಿ ಇಲಾಖೆಯ ಅನುದಾನ ಕುರಿತು,About the irrigation department's grants,ಪ್ರಾಣೇಶ್ .ಎಂ.ಕೆ,Pranesha M K
1771,30/11/2016,ಕಂದಾಯ,Revenue,ಭೂ ಕಂದಾಯ ವ್ಯಾಪ್ತಿಯ ಮೇಲ್ಮನವಿಗಳ ಕುರಿತು,About Land Revenue Approvals,ಪ್ರಾಣೇಶ್ .ಎಂ.ಕೆ,Pranesha M K
1772,30/11/2016,ಕಂದಾಯ,Revenue,ಬರ ಪೀಡಿತ ಪ್ರದೇಶಗಳ ಕುರಿತು,About drought-prone areas,ಪ್ರಾಣೇಶ್ .ಎಂ.ಕೆ,Pranesha M K
1773,30/11/2016,ಮಧ್ಯಮ ನೀರಾವರಿ,Medium irrigation,ವರಾಹಿ ಯೋಜನೆಯನ್ನು ಪೂರ್ಣಗೊಳಿಸಲು ಅಗತ್ಯವಾದ ಅನುದಾನದ ಬಗ್ಗೆ,About the funding required to complete the Varahi project,ಪ್ರತಾಪಚಂದ್ರ ಶೆಟ್ಟಿ .ಕೆ,Pratapachandra Shetty K
1774,30/11/2016,ಅರಣ್ಯ,Forest,ಅರಣ್ಯ ಭೂಮಿಯ ಪಹಣಿ ದಾಖಲೀಕರಣ ಮತ್ತು ಫಾರೆಸ್ಟ್ ಕುರಿತು,About Forest Land Circulation and Forest,ಪ್ರತಾಪಚಂದ್ರ ಶೆಟ್ಟಿ .ಕೆ,Pratapachandra Shetty K
1775,30/11/2016,ಕಂದಾಯ,Revenue,ಗ್ರಾಮೀಣ ಪ್ರದೇಶದಲ್ಲಿ ಫಾರ್ಮ್‌ಹೌಸ್ ರಚನೆಯ ಕುರಿತು,About formation of farmhouse in rural areas,ಪ್ರತಾಪಚಂದ್ರ ಶೆಟ್ಟಿ .ಕೆ,Pratapachandra Shetty K
1776,30/11/2016,ಕಂದಾಯ,Revenue,ಉಡುಪಿ ಜಿಲ್ಲೆಯ ಭೂ ಮಂಜೂರಾತಿ ಸಮಿತಿಗಳ ಸಭೆಯ ಕುರಿತು,About Meeting of Land Acquisition Committees in Udupi District,ಪ್ರತಾಪಚಂದ್ರ ಶೆಟ್ಟಿ .ಕೆ,Pratapachandra Shetty K
1777,30/11/2016,ಅರಣ್ಯ,Forest,ಅರಣ್ಯ ಇಲಾಖೆಯ ವನ್ಯಜೀವಿ ವಿಭಾಗದ ತಕ್ಷೀರು ಪ್ರಕರಣ ಮತ್ತು ಕೋವಿ ಪರವಾನಿಗೆ ಕುರಿತು,About the Takshi case and the govt licenses of the Forest Department's Wildlife Division,ಪ್ರತಾಪಚಂದ್ರ ಶೆಟ್ಟಿ .ಕೆ,Pratapachandra Shetty K
1778,30/11/2016,ಮುಜರಾಯಿ,Muzarai,ಎ.ಬಿ.ಸಿ. ವೃಂದದ ದೇವಾಲಯಗಳು,ABC Temples of the church,ಶರವಣ .ಟಿ.ಎ,Sharavana T A
1779,30/11/2016,ಮುಜರಾಯಿ,Muzarai,"ಶ್ರೀರಾಮಚಂದ್ರಸ್ವಾಮಿ ದೇವಸ್ಥಾನ, ಶ್ರೀರಾಂಪುರ, ಬೆಂಗಳೂರು ಹಣದ ದುರ‍್ವಿನಿಯೋಗ ಮತ್ತು ದುರುಪಯೋಗದ ಬಗ್ಗೆ","Sri Ramachandra Swamy Temple, Srirampura, Bangalore About Money Injury and Abuse",ಶರವಣ .ಟಿ.ಎ,Sharavana T A
1780,30/11/2016,ಕಂದಾಯ,Revenue,ಅಂತ್ಯ ಸಂಸ್ಕಾರಕ್ಕೆ ಸಹಾಯನಿದಿ,You have helped the funeral process,ಶರವಣ .ಟಿ.ಎ,Sharavana T A
1781,30/11/2016,ಕಂದಾಯ,Revenue,ಬಗರ್ ಹುಕುಂ ಜಮೀನು ಬಗ್ಗೆ,About Bagar Hukum Land,ಶರವಣ .ಟಿ.ಎ,Sharavana T A
1782,30/11/2016,ಮುಜರಾಯಿ,Muzarai,ಕಾಮನ್ ಪೂಲಿಂಗ್ ಫಂಡ್ ಬಗ್ಗೆ,About the Common Pooling Fund,ಶರವಣ .ಟಿ.ಎ,Sharavana T A
1783,30/11/2016,ಕಂದಾಯ,Revenue,ಸರ್ಕಾರಿ ಭೂಮಿ ಒತ್ತುವರಿ ಬಗ್ಗೆ,About Government Land Encouragement,ವಿಮಲಾಗೌಡ,Vimalaa Gowda
1784,30/11/2016,ಭಾರಿ ಮತ್ತು ಮಧ್ಯಮ ನೀರಾವರಿ,Heavy and medium irrigation,ಉತ್ತರ ಕರ್ನಾಟಕದ ಜೀವನಾಡಿಯಾಗಿರುವ ಮಹದಾಯಿ ಮತ್ತು ಮಲಪ್ರಭಾ ಜೋಡಣೆ ಬU,Mahadevi and Malaprabha are the living livelihoods of northern Karnataka,ವಿವಕ್‌ರಾವ್ ವಸಂತರಾವ್ ಪಾಟೀಲ್,Vivek Rao Vasanth Rao Patil
1785,30/11/2016,ಕಂದಾಯ,Revenue,ಬೆಳಗಾವಿ ಜಿಲ್ಲೆಯಲ್ಲಿ ನೂತನ ಕಂದಾಯ ಗ್ರಾಮಗಳನ್ನು ಮಂಜೂರು ಮಾಡುವ ಕುರಿತು,About sanctioning new revenue villages in Belgaum district,ವಿವಕ್‌ರಾವ್ ವಸಂತರಾವ್ ಪಾಟೀಲ್,Vivek Rao Vasanth Rao Patil
1786,30/11/2016,ಕಂದಾಯ,Revenue,ಪೋಡಿ ನಿರ್ವಹಣೆ ಕುರಿತು,About Cody Management,ವೀರಯ್ಯ .ಡಿ.ಎಸ್,Veerayya D S
1787,30/11/2016,ಕಂದಾಯ,Revenue,ವಿವಿಧ ಯೋಜನೆಗಳ ಅಡಿಯಲ್ಲಿ ಸೌಲಭ್ಯಗಳ ಮಂಜೂರಾತಿ ಬಗ್ಗೆ,About sanction of facilities under various schemes,ವೀರಯ್ಯ .ಡಿ.ಎಸ್,Veerayya D S
1788,30/11/2016,ಕಂದಾಯ,Revenue,ಬರ ಪರಿಹಾರ ಕುರಿತು,About drought relief,ವೀರಯ್ಯ .ಡಿ.ಎಸ್,Veerayya D S
1789,30/11/2016,ಮುಜರಾಯಿ,Muzarai,ಕೊಡಗು ಜಿಲ್ಲೆಯಲ್ಲಿ ಮುಜರಾಯಿ ವ್ಯಾಪ್ತಿಯ ದೇವಾಲಯಗಳ ಕುರಿತು,About the temples of the Muzirai range in Kodagu district,ವೀಣಾ ಅಚ್ಚಯ್ಯ .ಎಸ್,Veena achchaiah S
1790,30/11/2016,ಯುವ ಸಬಲೀಕರಣ ಮತ್ತು ಕ್ರೀಡಾ,Youth empowerment and sport,ಮಹಿಳಾ ಕ್ರೀಡಾಪಟುಗಳಿಗೆ ಜಿಲ್ಲಾ/ತಾಲ್ಲೂಕು ಮಟ್ಟದಲ್ಲಿ ಸೂಕ್ತ ವಸತಿ/ಅಭ್ಯಾಸದ ಸೌಕರ್ಯ ಬಗ್ಗೆ,About women's athletes suitable housing / habitat facility at District / Taluk levels,ವೀಣಾ ಅಚ್ಚಯ್ಯ .ಎಸ್,Veena achchaiah S
1791,30/11/2016,ಅರಣ್ಯ,Forest,ರಾಜ್ಯದಲ್ಲಿನ ನೆಡುತೋಪು ಬೆಳೆಸುವ ಕಾರ್ಯಕ್ರಮ ಕುರಿತು,About planting in the state,ವೀಣಾ ಅಚ್ಚಯ್ಯ .ಎಸ್,Veena achchaiah S
1792,30/11/2016,ಅರಣ್ಯ,Forest,ಕೊಡಗು ಜಿಲ್ಲೆಯಲ್ಲಿ ಮಾನವ ಮತ್ತು ಕಾಡಾನೆಗಳ ಸಂಘರ್ಷದಿಂದ ಪ್ರಾಣ ಹಾನಿ ಕುರಿತು,Concerns about mortal harm caused by human and forestry conflict in Kodagu district,ವೀಣಾ ಅಚ್ಚಯ್ಯ .ಎಸ್,Veena achchaiah S
1793,30/11/2016,ಅರಣ್ಯ,Forest,ಕೊಡಗು ಜಿಲ್ಲೆಯಲ್ಲಿ ಕಾಡಾನೆಗಳ ಹಾವಳಿಯಿಂದ ರೈತರ ಬೆಳೆನಾಶ ಕುರಿತು,"About crops of crops in the district of Kodagu district,",ವೀಣಾ ಅಚ್ಚಯ್ಯ .ಎಸ್,Veena achchaiah S
1794,30/11/2016,ಸಣ್ಣ ನೀರಾವರಿ,Small irrigation,ಬೀದರ್ ಜಿಲ್ಲೆಯ ಸಣ್ಣ ಕೆರೆಗಳ ಬಗೆ,The type of small lake in Bidar district,ವಿಜಯ್ ಸಿಂಗ್,Vijay Singh
1795,30/11/2016,ಕಂದಾಯ,Revenue,ಬೀದರ್ ಮಿನಿ ವಿಧಾನಸೌಧ ನಿರ್ಮಾಣದ ಬಗ್ಗೆ,About the construction of Bidar Mini Systems,ವಿಜಯ್ ಸಿಂಗ್,Vijay Singh
1796,30/11/2016,ಯುವ ಸಬಲೀಕರಣ ಮತ್ತು ಕ್ರೀಡಾ,Youth empowerment and sport,ಹೈದರಾಬಾದ್-ಕರ್ನಾಟಕ ಭಾಗದಲ್ಲಿ ರಾಜ್ಯ ಮಟ್ಟದ ಕ್ರೀಡಾ ಕೂಟಗಳ ಬಗ್ಗೆ,About state level sports events in the Hyderabad-Karnataka region,ವಿಜಯ್ ಸಿಂಗ್,Vijay Singh
1797,30/11/2016,ಕಾರ್ಮಿಕ,Labor,ಬೀದರ್ ಜಿಲ್ಲೆಯ ಂಖಿI ತರಬೇತಿ ಕೇಂದ್ರ ಸ್ಥಾಪನೆ ಮಾಡುವ ಬಗೆ,How to set up a Ri I Training Center in Bidar district,ವಿಜಯ್ ಸಿಂಗ್,Vijay Singh
1798,30/11/2016,ಕಂದಾಯ,Revenue,ಬೀದರ್ ಜಿಲ್ಲೆಯಲ್ಲಿ ಸ್ಮಶಾನ ಭೂಮಿಯ ಬU,Cemetery land in Bidar district,ವಿಜಯ್ ಸಿಂಗ್,Vijay Singh
1799,30/11/2016,ಕಂದಾಯ,Revenue,ಕಂದಾಯ ಇಲಾಖೆಯಲ್ಲಿ ಕರ್ತವ್ಯಗಳು ಮತ್ತು ಜವಾಬ್ದಾರಿಗಳ ಬಗ್ಗೆ,About Duties and Responsibilities in the Revenue Department,ಬಸನಗೌಡ ಆರ್ ಪಾಟೀಲ್,Basanagowda R Patil
1800,30/11/2016,ಕಂದಾಯ,Revenue,ರಾಜ್ಯದಲ್ಲಿರುವ ಗೋಮಾಳಗಳ ವಿಸ್ತೀರ್ಣಗಳ ಬಗೆ,Types of pastures in the state,ಬಸನಗೌಡ ಆರ್ ಪಾಟೀಲ್,Basanagowda R Patil
1801,30/11/2016,ಮೀನುಗಾರಿಕೆ,Fishing,ಉತ್ತರ ಕರ್ನಾಟಕ ರೈತರಿಗೆ ಮೀನುಗಾರಿಕೆ ಇಲಾಖೆಯ ಮಾಹಿತಿ ಬಗ್ಗೆ,About the information of the fishing department for North Karnataka farmers,ಬಸನಗೌಡ ಆರ್ ಪಾಟೀಲ್,Basanagowda R Patil
1802,30/11/2016,ಕಂದಾಯ,Revenue,ಪುನರ್ ವಸತಿ ಕೇಂದ್ರಗಳ ಬಗ್ಗೆ,About Residential Centers,ಬಸನಗೌಡ ಆರ್ ಪಾಟೀಲ್,Basanagowda R Patil
1803,30/11/2016,ಜವಳಿ,Textile,ನಗರ ಪ್ರದೇಶದಲ್ಲಿ ನೇಕಾರಿಕೆ ಮಗ್ಗಗಳನ್ನು ನಿಲ್ಲಿಸುತ್ತಿರುವ ಬU,BU is stopping the floor looms in the urban area,ಲಕ್ಷ್ಮೀನಾರಾಯಣ .ಎಂ.ಡಿ,Lakshmi Narayana MD
1804,30/11/2016,ಕಂದಾಯ,Revenue,ಸವಿತಾ ಸಮಾಜಕ್ಕೆ ಜಮೀನು ಮಂಜೂರು ಮಾಡುವ ಬಗ್ಗೆ,About granting land to the Savita community,ಲಕ್ಷ್ಮೀನಾರಾಯಣ .ಎಂ.ಡಿ,Lakshmi Narayana MD
1805,30/11/2016,ಕಂದಾಯ,Revenue,ಕಂದಾಯ,Revenue,ಲಕ್ಷ್ಮೀನಾರಾಯಣ .ಎಂ.ಡಿ,Lakshmi Narayana MD
1806,30/11/2016,ಅರಣ್ಯ,Forest,ಅರಣ್ಯ ಇಲಾಖೆಯಲ್ಲಿ ನಡೆದಿರುವ ಕಾಮಗಾರಿಗಳ ಬಗ್ಗೆ,About the works in the forest department,ಲಕ್ಷ್ಮೀನಾರಾಯಣ .ಎಂ.ಡಿ,Lakshmi Narayana MD
1807,30/11/2016,ಕಂದಾಯ,Revenue,ಕಂದಾಯ ಇಲಾಖೆಯ ಅರೆನ್ಯಾಯಿಕ ಪ್ರಾಧಿಕಾರ ಪ್ರಕರಣಗಳ ಬಗೆ,The type of cases of the Official Authority of the Revenue Department,ಮನೋಹರ್ .ಸಿ.ಆರ್,Manohara CR
1808,30/11/2016,ಕಂದಾಯ,Revenue,ಕಂದಾಯ,Revenue,ವಟಮ್ಮ,Motamma
1809,30/11/2016,ಕಂದಾಯ,Revenue,ಕಂದಾಯ ಇಲಾಖೆ ಸಕಾಲದ ಸೇವೆಗಳ ಅಡಿಯಲ್ಲಿ ಇಲಾಖಾವಾರು ಬಂದಿರುವ ಅರ್ಜಿಗಳ ಬಗ್ಗೆ,Department of Revenue Registration of applications received under the Department of Public Service,ವಟಮ್ಮ,Motamma
1810,30/11/2016,ಕಂದಾಯ,Revenue,ಧಾರವಾಡದಲ್ಲಿ ತಡಹಾಳ ಗ್ರಾಮ ಪಂಚಾಯತ್ ವ್ಯಾಪ್ತಿಯ ಗ್ರಾಮಗಳಿಗೆ ಮೂಲ ಸೌಕರ್ಯ ಒದಿಗಿಸುವ ಬಗ್ಗೆ,Providing basic infrastructure to the villages of Tadahala Gram Panchayat ranges in Dharwad,ಮಾನೆ ಶ್ರೀನಿವಾಸ್,Mane Srinivas
1811,30/11/2016,ಕಂದಾಯ,Revenue,ಕಾಗದ ರಹಿತ ಆಡಳಿತದ ಬಗ್ಗೆ,About paper-free governance,ಅಪ್ಪಾಜಿಗೌಡ .ಎನ್,Appajigowda N
1812,30/11/2016,ಭಾರಿ ಮತ್ತು ಮಧ್ಯಮ ನೀರಾವರಿ,Heavy and medium irrigation,ಚಿಕ್ಕಬಳ್ಳಿ ಕೆರೆಯ ಪಿಕಪ್ ನಾಲೆ ದುರಸ್ಥಿ ಬಗ್ಗೆ,About the Chikballil Lake Pickup Channel Tragedy,ಅಪ್ಪಾಜಿಗೌಡ .ಎನ್,Appajigowda N
1813,30/11/2016,ಕಾರ್ಮಿಕ,Labor,ಸರ್ಕಾರಿ ಕಾಲೇಜುಗಳಲ್ಲಿ ಉದ್ಯೋಗ ಮೇಳದ ಬಗ್ಗೆ,About the Jobs Fair in Government Colleges,ಅಪ್ಪಾಜಿಗೌಡ .ಎನ್,Appajigowda N
1814,30/11/2016,ಕಂದಾಯ,Revenue,ಬರಪೀಡಿತ ಜಿಲ್ಲೆಗಳ ಬಗ್ಗೆ,About Drought Districts,ಅಪ್ಪಾಜಿಗೌಡ .ಎನ್,Appajigowda N
1815,30/11/2016,ಅರಣ್ಯ,Forest,ಶಾಲಾವನ ಯೋಜನೆಯ ಬಗ್ಗೆ,About the school's plan,ಅಪ್ಪಾಜಿಗೌಡ .ಎನ್,Appajigowda N
1816,30/11/2016,ಜವಳಿ,Textile,ಕಲಬುರಗಿಯಲ್ಲಿ “ಟೆಕ್ಸ್‌ಟೈಲ್ ಪಾರ್ಕ್” ಸ್ಥಾಪನೆಗೆ ರೈತರಿಂದ ಸ್ವಾಧೀನಪಡಿಸಿಕೊಂಡ ಜಮೀನು ಬಗ್ಗೆ,About land acquired by farmers for setting up a textile park in Artificial Beauty,ಅಮರನಾಥ ಪಾಟೀಲ್,Amaranatha Patil
1817,30/11/2016,ಕಂದಾಯ,Revenue,ಕಲಬುರಗಿ ಜಿಲ್ಲೆಯಲ್ಲಿ ಸಿಮೆಂಟ್ ಕಾರ್ಖಾನೆಗಳನ್ನು ಸ್ಥಾಪಿಸುವ ಬಗ್ಗೆ,About establishing cement factories in Kalaburagi district,ಅಮರನಾಥ ಪಾಟೀಲ್,Amaranatha Patil
1818,30/11/2016,ಕಂದಾಯ,Revenue,ಸರ್ಕಾರ ಬರಪೀಡಿತ ಪ್ರದೇಶಗಳಿಗೆ ಇಲ್ಲಿಯವರೆಗೆ ಬಿಡುಗಡೆ ಮಾಡಿದ ಅನುದಾನದ ಬಗ್ಗೆ,The government has allocated funds to the drought-hit areas so far,ಅಮರನಾಥ ಪಾಟೀಲ್,Amaranatha Patil
1819,30/11/2016,ಜವಳಿ,Textile,"ಹೈದ್ರಾಬಾದ್-ಕರ್ನಾಟಕ ಆರು ಜಿಲ್ಲೆಗಳಲ್ಲಿರುವ ""ಟೆಕ್ಸ್‌ಟೈಲ್ ಪಾರ್ಕ್"" ಯೋಜನೆಯ ಬಗ್ಗೆ","About Hyderabad-Karnataka ""Textile Park"" project in six districts",ಅಮರನಾಥ ಪಾಟೀಲ್,Amaranatha Patil
1820,30/11/2016,ಭಾರಿ ಮತ್ತು ಮಧ್ಯಮ ನೀರಾವರಿ,Heavy and medium irrigation,"ಹೈದ್ರಾಬಾದ್-ಕರ್ನಾಟಕ ಭಾಗದ ಆರು ಜಿಲ್ಲೆಗಳಲ್ಲಿ ""ಕೆರೆ ತುಂಬಿಸುವ"" ಯೋಜನೆಯ ಬಗ್ಗೆ","About the ""lake filling"" project in six districts of Hyderabad-Karnataka",ಅಮರನಾಥ ಪಾಟೀಲ್,Amaranatha Patil
1821,30/11/2016,ಕಾರ್ಮಿಕ,Labor,ಅನುದಾನಿತ ಐ.ಟಿ.ಐ. ಸಿಬ್ಬಂದಿಗಳ ವೇತನ ಕುರಿತು,Subsidized ITI About staff salary,ಅರುಣ ಶಹಾಪುರ,Aruna Shahaapura
1822,30/11/2016,ಕಾರ್ಮಿಕ,Labor,ಐ.ಟಿ.ಐ. ಸಿಬ್ಬಂದಿಗಳಿಗೆ ವಿಶೇಷ ಭತ್ಯೆ ನೀಡುವ ಬಗೆ,ITI Special allowance for staff,ಅರುಣ ಶಹಾಪುರ,Aruna Shahaapura
1823,30/11/2016,ಕಾರ್ಮಿಕ,Labor,IಖಿI ಶಿಕ್ಷಣಕ್ಕೆ ಆಡಳಿತ ಸಂರಚನೆ ಕುರಿತು,About Administrative Configuration for IQI Education,ಅರುಣ ಶಹಾಪುರ,Aruna Shahaapura
1824,30/11/2016,ಕಾರ್ಮಿಕ,Labor,ಆಉಇಖಿ ಗೆ ಸಮಾನವಾದ ವೇತನ ನೀಡುವ ಬಗ್ಗೆ,Paying equal pay for Auqi,ಅರುಣ ಶಹಾಪುರ,Aruna Shahaapura
1825,30/11/2016,ಕಾರ್ಮಿಕ,Labor,ಪ್ರೊಬೆಷನರಿ ಅವಧಿ ಘೋಷಣೆ ಮಾಡುವ ಬಗ್ಗೆ,About Probationary Declaration,ಅರುಣ ಶಹಾಪುರ,Aruna Shahaapura
1826,30/11/2016,ಭಾರಿ ಮತ್ತು ಮಧ್ಯಮ ನೀರಾವರಿ,Heavy and medium irrigation,ಭದ್ರಾ ಮೇಲ್ದಂಡೆ ಯೋಜನೆ ಬಗ್ಗೆ,About Bhadra Upstairs Project,ಜಯಮ್ಮ,Jayamma
1827,30/11/2016,ಅರಣ್ಯ,Forest,ಕಲುಬುರಗಿ ಜಿಲ್ಲೆಯಲ್ಲಿನ ಹಸಿರು ಗ್ರಾಮ ಯೋಜನೆಗಳ ಬಗ್ಗೆ,About Green Village Projects in the Kilbiragi District,ಇಕ್ಬಾಲ್ ಅಹ್ಮದ್ ಸರಡಗಿ,Ikbal Ahmad Sadaragi
1828,30/11/2016,ಸಣ್ಣ ನೀರಾವರಿ,Small irrigation,ಕಲುಬುರಗಿ ಜಿಲ್ಲೆಯ ಚೆಕ್ ಡ್ಯಾಂಗಳಿಗೆ ಸಂಬಂಧಿಸಿದಂv,Regarding Check Dams in the District of the State v,ಇಕ್ಬಾಲ್ ಅಹ್ಮದ್ ಸರಡಗಿ,Ikbal Ahmad Sadaragi
1829,30/11/2016,ಕಂದಾಯ,Revenue,ಕಲುಬುರಗಿ ಜಿಲ್ಲೆಯ ಬರ ಪರಿಹಾರಕ್ಕೆ ಸಂಬಂಧಿಸಿದಂತೆ,In relation to drought relief in the district,ಇಕ್ಬಾಲ್ ಅಹ್ಮದ್ ಸರಡಗಿ,Ikbal Ahmad Sadaragi
1830,30/11/2016,ಕಾನೂನು,The law,ಕೆರೆ ಅಭಿವೃದ್ಧಿ ಪ್ರಾಧಿಕಾರದಲ್ಲಿನ ಹುದ್ದೆಗಳು ಖಾಲಿ ಇರುವುದರಿಂದಾಗಿ ಪ್ರಾಧಿಕಾರಕ್ಕೆ ಸಮರ್ಪಕವಾಗಿ ಕಾರ್ಯ ನಿರ್ವಹಿಸಲು ಸಾಧ್ಯವಾಗುತ್ತಿಲ್ಲದಿರುವ ಬಗ್ಗೆ,"Regardless of the vacancies in the Lake Development Authority, the authority is not able to function properly",ರಾಮಚಂದ್ರಗೌಡ,Ramachandra Gowda
1831,30/11/2016,ಕಂದಾಯ,Revenue,ಬೆಂಗಳೂರು ನಗರ ಮತ್ತು ಗ್ರಾಮಾಂತರ ಜಿಲ್ಲೆ ವ್ಯಾಪ್ತಿಯಲ್ಲಿ ಆಸ್ತಿ ತೆರಿಗೆ ಪರಿಷ್ಕರಣೆ ಹೆಚ್ಚಳ ಮಾಡಿರುವ ಕುರಿತು ಮತ್ತು ವಲಯವಾರು ವಿಂಗಡಣೆ ಕುರಿತು,Regarding the increase in property tax revision in Bangalore Urban and Rural district and about sectoral assortment,ರಾಮಚಂದ್ರಗೌಡ,Ramachandra Gowda
1832,30/11/2016,ಭಾರಿ ಮತ್ತು ಮಧ್ಯಮ ನೀರಾವರಿ,Heavy and medium irrigation,ರಾಜ್ಯ ನದಿಗಳ ನೀರು ಮಲೀನಗೊಂಡಿರುವ ಕುರಿತು ಮತ್ತು ಈ ಸಂಬಂಧ ತೆಗೆದುಕೊಳ್ಳಬೇಕಾಗಿರುವ ಕಠಿಣ ಕ್ರಮಗಳ ಕುರಿತು,Regarding the deterioration of the state rivers and the strict measures to be taken into account,ರಾಮಚಂದ್ರಗೌಡ,Ramachandra Gowda
1833,30/11/2016,ಮುಜರಾಯಿ,Muzarai,ಮುಜರಾಯಿ ದೇವಸ್ಥಾನಗಳಲ್ಲಿ ಡಿಸೆಂಬರ್ ತಿಂಗಳಿನ ಒಳಗೆ ಹುಂಡಿ ಹಣವನ್ನು ಬ್ಯಾಂಕುಗಳಿಗೆ ಜಮಾ ಮಾಡಲು ವಿಶೇಷ ಅವಕಾಶ ಕಲ್ಪಿಸಿಕೊಳ್ಳುವ ಕುರಿತು,"In the Muzrai temples, a special opportunity for banks to deposit their money in December",ರಾಮಚಂದ್ರಗೌಡ,Ramachandra Gowda
1834,30/11/2016,ಯುವ ಸಬಲೀಕರಣ ಮತ್ತು ಕ್ರೀಡಾ,Youth empowerment and sport,ಬೆಂಗಳೂರಿನ ಮ್ಯಾಗ್ರತ್ ರಸ್ತೆಯಲ್ಲಿರುವ ಪುಟ್‌ಬಾಲ್ ಕ್ರೀಡಾಂಗಣ ಕುರಿತು,"About the football stadium in Magrat Road, Bangalore",ರಘು ಆಚಾರ್ .ಜಿ,Raghu Achar G
1835,30/11/2016,ಕಂದಾಯ,Revenue,ಅಂತ್ಯಕ್ರಿಯೆಗೆ ಸಹಾಯಧನ ಹೆಚ್ಚಿಸುವ ಬಗ್ಗೆ,About raising subsidy subsidy,ರಘುನಾಥ ರಾವ್ ಮಲ್ಕಾಪೂರೆ,Raghunath Rao Malkapore
1836,30/11/2016,ಭಾರಿ ಮತ್ತು ಮಧ್ಯಮ ನೀರಾವರಿ,Heavy and medium irrigation,ಜಲಸಂಪನ್ಮೂಲ ಇಲಾಖೆಯಿಂದ SಅP/ಖಿSP ಯೋಜನೆಗೆ ಬಿಡುಗಡೆಯಾದ ಅನುದಾನದ ಬಗ್ಗೆ,Support for the release of the S & P Shi project from the Water Resources Department,ರಘುನಾಥ ರಾವ್ ಮಲ್ಕಾಪೂರೆ,Raghunath Rao Malkapore
1837,30/11/2016,ಕಂದಾಯ,Revenue,ಒತ್ತುವರಿ ಭೂಮಿಯನ್ನು ವಶಪಡಿಕೊಳ್ಳುವ ಬಗ್ಗೆ,About seizing land for occupation,ರಘುನಾಥ ರಾವ್ ಮಲ್ಕಾಪೂರೆ,Raghunath Rao Malkapore
1838,30/11/2016,ಕಂದಾಯ,Revenue,ರೈತರಿಗೆ ಜಮೀನು ಮಂಜೂರು ಮಾಡುವ ಬಗ್ಗೆ,About granting land to farmers,ರಘುನಾಥ ರಾವ್ ಮಲ್ಕಾಪೂರೆ,Raghunath Rao Malkapore
1839,30/11/2016,ಭಾರಿ ಮತ್ತು ಮಧ್ಯಮ ನೀರಾವರಿ,Heavy and medium irrigation,ಮಹದಾಯಿ ನದಿ ಪಾತ್ರದ ವಿಸ್ತೀರ್ಣ,The area of ​​the river Mahadai river,ಉಗ್ರಪ್ಪ .ವಿ.ಎಸ್,Ugrappa VS
1840,30/11/2016,ಅರಣ್ಯ,Forest,ಕಪ್ಪತ್ತಗುಡ್ಡ ಸಂರಕ್ಷಿತ ಅರಣ್ಯ ಪ್ರದೇಶ ಮತ್ತು ಪಾರಂಪರಿಕ ಔಷಧ ಗಿಡಮೂಲಿಕೆಗಳು,Kabbattaguda protected forest area and herbal medicine herbs,ಉಗ್ರಪ್ಪ .ವಿ.ಎಸ್,Ugrappa VS
1841,30/11/2016,ಕಂದಾಯ,Revenue,ವಾಡಿಕೆ ಮಳೆಯಲ್ಲಿ ಕೊರತೆ ಮತ್ತು ಬರಪೀಡಿತ ಪ್ರದೇಶಗಳು,Lack of rainfall and drought-prone areas,ಉಗ್ರಪ್ಪ .ವಿ.ಎಸ್,Ugrappa VS
1842,30/11/2016,ಕಾನೂನು,The law,ರಾಜ್ಯದ ಜಿಲ್ಲಾ ಹಾಗೂ ಉಚ್ಛ ನ್ಯಾಯಾಲಯಗಳಲ್ಲಿ ಬಾಕಿ ಉಳಿದಿರುವ ಮೊಕದ್ದಮೆಗಳ ಬಗ್ಗೆ,About the lawsuits pending in the District District and High Courts,ಕ್ಯಾಪ್ಟನ್ ಗಶೇಶ್ ಕಾರ್ಣಿಕ್,Capt. Ganesh Karnik
1843,30/11/2016,ಕಂದಾಯ,Revenue,ರಾಜ್ಯದಲ್ಲಿ ತಲೆದೋರಿರುವ ಬರ ಪರಿಸ್ಥಿತಿ ನಿರ್ವಹಣೆಗೆ ತೆಗೆದುಕೊಂಡಿರುವ ಕ್ರಮ,Action taken to handle drought situation in the state,ಕ್ಯಾಪ್ಟನ್ ಗಣೇಶ್ ಕಾರ್ಣಿಕ್,Capt. Ganesh Karnik
1844,30/11/2016,ಭಾರಿ ಮತ್ತು ಮಧ್ಯಮ ನೀರಾವರಿ,Heavy and medium irrigation,ವರಾಹಿ ಯೋಜನೆಯ ಅನುಷ್ಠಾನದ ಬಗೆ,The type of implementation of the Varahi project,ಕ್ಯಾಪ್ಟನ್ ಗಣೇಶ್ ಕಾರ್ಣಿಕ್,Capt. Ganesh Karnik
1845,30/11/2016,ಅರಣ್ಯ,Forest,ರಾಜ್ಯ ಅರಣ್ಯ ಇಲಾಖೆಯಲ್ಲಿ ಅಧಿಕೃತವಾಗಿ ಸೃಷ್ಠಿಯಾಗಿರುವ ಐ.ಎಫ್.ಎಸ್. ಅಧಿಕಾರಿಗಳ ಹುದ್ದೆ ಬಗ್ಗೆ,"IFS, officially established in the State Forest Department About the position of officers",ಕ್ಯಾಪ್ಟನ್ ಗಣೇಶ್ ಕಾರ್ಣಿಕ್,Capt. Ganesh Karnik
1846,30/11/2016,ಅರಣ್ಯ,Forest,ರಾಜ್ಯ ಅರಣ್ಯ ಇಲಾಖೆಯ ಅಧೀನದಲ್ಲಿರುವ ಪ್ರವಾಸೋದ್ಯಮವನ್ನು ಅಭಿವೃದ್ಧಿಪಡಿಸುವ ಬಗ್ಗೆ,Developing tourism under the State Forest Department,ಕ್ಯಾಪ್ಟನ್ ಗಣೇಶ್ ಕಾರ್ಣಿಕ್,Capt. Ganesh Karnik
1847,30/11/2016,ಭಾರಿ ಮತ್ತು ಮಧ್ಯಮ ನೀರಾವರಿ,Heavy and medium irrigation,ಕೃಷ್ಣಾ ನದಿ ನೀರನ್ನು ಬಳಸಿಕೊಳ್ಳುವಲ್ಲಿ ವಿಳಂಬವಾಗುತ್ತಿರುವ ಬಗ್ಗೆ,About delaying the use of Krishna river water,ಕವಟಗಿಮಠ ಮಹಂತೇಶ ಮಲ್ಲಿಕಾರ್ಜುನ,Kavatimata Mahantesha Mallikarjuna
1848,30/11/2016,ಕಂದಾಯ,Revenue,ಬೆಳಗಾವಿ ಜಿಲ್ಲೆಯಲ್ಲಿ ಬಗರ್‌ಹುಕುಂ ಸಮಿತಿಯ ಕಾರ್ಯವ್ಯಾಪ್ತಿಯ ಬಗ್ಗೆ,About the work of the Baggarukum Committee in Belgaum district,ಕವಟಗಿಮಠ ಮಹಂತೇಶ ಮಲ್ಲಿಕಾರ್ಜುನ,Kavatimata Mahantesha Mallikarjuna
1849,30/11/2016,ಕಂದಾಯ,Revenue,ರಾಷ್ಟ್ರೀಯ ಕುಟುಂಬ ನೆರವು’ ಯೋಜನೆಯಡಿ ಅರ್ಹ ಫಲಾನುಭವಿಗಳಿಗೆ ಸಹಾಯಧನ ಸಿಗದಿರುವ ಬಗ್ಗೆ,National Family Assistance 'on the availability of subsidy to eligible beneficiaries under the scheme,ಕವಟಗಿಮಠ ಮಹಂತೇಶ ಮಲ್ಲಿಕಾರ್ಜುನ,Kavatimata Mahantesha Mallikarjuna
1850,30/11/2016,ಕಂದಾಯ,Revenue,ಅಂತ್ಯ ಸಂಸ್ಕಾರದ ಸಹಾಯಧನವು ಫಲಾನುಭವಿಗಳಿಗೆ ತಲುಪದೇ ಇರುವ ಬಗ್ಗೆ,The end-of-aid subsidy does not reach the beneficiaries,ಕವಟಗಿಮಠ ಮಹಂತೇಶ ಮಲ್ಲಿಕಾರ್ಜುನ,Kavatimata Mahantesha Mallikarjuna
1851,30/11/2016,ಅರಣ್ಯ,Forest,ಅನುಸೂಚಿತ ಬುಡಕಟ್ಟುಗಳು ಹಾಗೂ ಪಾರಂಪರಿಕ ಅರಣ್ಯವಾಸಿಗಳಿಗೆ ಪುನರ್ವಸತಿ ಕಲ್ಪಿಸುವ ಯೋಜನೆ ವಿಫಲವಾಗಿರುವ ಬಗ್ಗೆ,About failed planning to rehabilitate Scheduled Tribes and heritage forest residents,ಕವಟಗಿಮಠ ಮಹಂತೇಶ ಮಲ್ಲಿಕಾರ್ಜುನ,Kavatimata Mahantesha Mallikarjuna
1852,30/11/2016,ಕಂದಾಯ,Revenue,೯೪-ಸಿ ಮತ್ತು ೯೪-ಸಿಸಿ ಯೋಜನೆಯಡಿ ಹಕ್ಕು ಪತ್ರ ನೀಡುವಲ್ಲಿ ವಿಳಂಬವಾಗುತ್ತಿರುವ ಕುರಿತು,About delay in issuing a claim under the 94-C and 94-CC scheme,ಕೋಟ ಶ್ರೀನಿವಾಸ ಪೂಜಾರಿ,Kota Srinivasa Pujari
1853,30/11/2016,ಕಂದಾಯ,Revenue,ಕಂದಾಯ ಇಲಾಖೆಯ ಸಾಮಾಜಿಕ ಭದ್ರತಾ ಯೋಜನೆಗಳ ಅನುಷ್ಠಾನದಲ್ಲಿನ ಲೋಪ-ದೋಷಗಳ ಕುರಿತು,Discrimination on implementation of Revenue Department's Social Security Projects,ಕೋಟ ಶ್ರೀನಿವಾಸ ಪೂಜಾರಿ,Kota Srinivasa Pujari
1854,30/11/2016,ಕಂದಾಯ,Revenue,ಗ್ರಾಮ ಪಂಚಾಯತಿಗಳಿಗೆ ಅಗತ್ಯ ನಿವೇಶನಗಳನ್ನು ಒದಗಿಸುವಲ್ಲಿ ವಿಳಂಬದ ಕುರಿತು,Regarding the delay in providing the necessary sites for Gram Panchayats,ಕೋಟ ಶ್ರೀನಿವಾಸ ಪೂಜಾರಿ,Kota Srinivasa Pujari
1855,30/11/2016,ಮೀನುಗಾರಿಕೆ,Fishing,ಮತ್ಸ್ಯಾಶ್ರಯ ಯೋಜನೆಗಳ ಅನುಷ್ಠಾನದಲ್ಲಿ ವಿಳಂಬ ಆಗುತ್ತಿರುವ ಕುರಿತು,Concerns about delaying the implementation of Matsya projects,ಕೋಟ ಶ್ರೀನಿವಾಸ ಪೂಜಾರಿ,Kota Srinivasa Pujari
1856,30/11/2016,ಮುಜರಾಯಿ,Muzarai,ಧಾರ್ಮಿಕ ದತ್ತಿ ಇಲಾಖೆಯ ದೇವಸ್ಥಾನಗಳಲ್ಲಿ ಗೋಶಾಲೆ ಪ್ರಾರಂಭಿಸುವಲ್ಲಿ ವಿಳಂಬ ನೀತಿ ಅನುಸರಿಸುತ್ತಿರುವ ಕುರಿತು,Delay in implementing Goshal in Religious Endowments Department Temples,ಕೋಟ ಶ್ರೀನಿವಾಸ ಪೂಜಾರಿ,Kota Srinivasa Pujari
1857,30/11/2016,ಮುಜರಾಯಿ,Muzarai,ಬಳ್ಳಾರಿ ಜಿಲ್ಲೆಯ ಮುಜರಾಯಿ ದೇವಸ್ಥಾನಗಳ ಬಗ್ಗೆ,About Muzrai temples in Bellary district,ಕೊಂಡಯ್ಯ .ಕೆ.ಸಿ,Kondaiah KC
1858,30/11/2016,ಯುವ ಸಬಲೀಕರಣ ಮತ್ತು ಕ್ರೀಡಾ,Youth empowerment and sport,ಜೋಯಿಡಾ ತಾಲ್ಲೂಕಿನಲ್ಲಿ ಕ್ರೀಡಾ ಇಲಾಖೆಯಿಂದ ಬಿಡುಗಡೆಯಾದ ಅನುದಾನ ದುರ್ಬಳಕೆಯಾದ ಬಗ್ಗೆ,About misuse of funds released from the Sports Department in the Joyada Taluk,ಘೋಟ್ನೆಕರ ಶ್ರೀಕಾಂತ ಲಕ್ಷ್ಮಣ,Ghotnekara Srikanta Lakshmana
1859,30/11/2016,ಅರಣ್ಯ,Forest,ಅರಣ್ಯ ಸಂರಕ್ಷಣಾ ಕಾಯ್ದೆ ಉಲ್ಲಂಘನೆಯಿಂದ ಕಾನೂನು ಬಾಹಿರ ರಾಪ್ಟಿಂಗ್ ನಡೆಸುತ್ತಿರುವ ಬಗ್ಗೆ,Regarding illegal rapting by the Forest Protection Act violation,ಘೋಟ್ನೆಕರ ಶ್ರೀಕಾಂತ ಲಕ್ಷ್ಮಣ,Ghotnekara Srikanta Lakshmana
1860,30/11/2016,ಕಂದಾಯ,Revenue,ಹಳಿಯಾಳ ತಾಲ್ಲೂಕಿನ ಕೆಸರೊಳ್ಳಿ ಗ್ರಾಮದಲ್ಲಿ ಎಸ್.ಸಿ/ಎಸ್.ಟಿ. ಗೆ ಸಂಬಂಧಿಸಿದ ಜಮೀನು ಕೆಲವೊಂದು ಜನರು ಅತಿಕ್ರಮಣ ಮಾಡಿಕೊಂಡಿರುವ ಬಗ್ಗೆ,SC / ST in Kesaralli village of Haliyaya Taluk Land related to some people overrun,ಘೋಟ್ನೆಕರ ಶ್ರೀಕಾಂತ ಲಕ್ಷ್ಮಣ,Ghotnekara Srikanta Lakshmana
1861,30/11/2016,ಯುವ ಸಬಲೀಕರಣ ಮತ್ತು ಕ್ರೀಡಾ,Youth empowerment and sport,"ಜೋಯಿಡಾ ತಾಲ್ಲೂಕಿನಲ್ಲಿ, ಕ್ರೀಡಾ ಇಲಾಖೆಯಲ್ಲಿ ಆಗಿರುವ ಅವ್ಯವಹಾರದ ಬಗ್ಗೆ","In the Joyada taluk, the allegations in the sports ministry",ಘೋಟ್ನೆಕರ ಶ್ರೀಕಾಂತ ಲಕ್ಷ್ಮಣ,Ghotnekara Srikanta Lakshmana
1862,30/11/2016,ಕಂದಾಯ,Revenue,ಕೃಷಿ ಜಮೀನಿನ ಭೂ ಪರಿವರ್ತನೆ ಕುರಿತು,About land transfer of land,ಚೌಡರೆಡ್ಡಿ ತೂಪಲ್ಲಿ .ಆರ್,Chowdareddy Tupalli R
1863,30/11/2016,ಅರಣ್ಯ,Forest,ರಾಜ್ಯ ಹೆದ್ದಾರಿ ನಿರ್ಮಾಣ ಮರ ಕಡಿಯುವ ಬಗ್ಗೆ,About State Highway Construction Tree,ಚೌಡರೆಡ್ಡಿ ತೂಪಲ್ಲಿ .ಆರ್,Chowdareddy Tupalli R
1864,30/11/2016,ಕಂದಾಯ,Revenue,ಅಟಲ್ ಜೀ ಜನಸ್ನೇಹಿ ಕೇಂದ್ರಗಳ ಬಗ್ಗೆ,About Atal Gee Census Centers,ಚೌಡರೆಡ್ಡಿ ತೂಪಲ್ಲಿ .ಆರ್,Chowdareddy Tupalli R
1865,30/11/2016,ಯುವ ಸಬಲೀಕರಣ ಮತ್ತು ಕ್ರೀಡಾ,Youth empowerment and sport,ಕರ್ನಾಟಕ ಕ್ರಿಕೆಟ್ ಸಂಸ್ಥೆಯ ಕ್ರೀಡಾಂಗಣಗಳ ಬಗ್ಗೆ,About the stadiums of the Karnataka Cricket Association,ಚೌಡರೆಡ್ಡಿ ತೂಪಲ್ಲಿ .ಆರ್,Chowdareddy Tupalli R
1866,30/11/2016,ಮುಜರಾಯಿ,Muzarai,ಮುಜರಾಯಿ ದೇವಸ್ಥಾನಗಳಲ್ಲಿ ದಲಿತ ಅರ್ಚಕರ ನೇಮಕಾತಿ,Appointment of Dalit priests in Muzrai temples,ಧರ್ಮಸೇನ .ಆರ್,Dharmasena R
1867,30/11/2016,ಕಂದಾಯ,Revenue,ಸಬ್ ರಿಜಿಸ್ಟ್ರಾರ್ ಕಛೇರಿಗಳಲ್ಲಿ ಭ್ರಷ್ಠಾಚಾರ,Corruption in sub registrar offices,ಧರ್ಮಸೇನ .ಆರ್,Dharmasena R
1868,30/11/2016,ಕಂದಾಯ,Revenue,ಕಂದಾಯ ಅದಾಲತ್ ಕಾರ್ಯಕ್ರಮದ ಬಗ್ಗೆ,About Revenue Adalat Program,ಧರ್ಮಸೇನ .ಆರ್,Dharmasena R
1869,01/12/2016,ಆರ್ಥಿಕ,Economy,ನಿವೃತ್ತ ಸರ್ಕಾರಿ ನೌಕರರಿಗೆ ನೀಡುವ ಪಿಂಚಣಿ ವ್ಯವಸ್ಥೆ ಬಗ್ಗೆ,About pension system for retired government employees,ಬೋಸ್‌ರಾಜು .ಎನ್.ಎಸ್,Bosaraju N S
1870,01/12/2016,ವಾರ್ತಾ ಮತ್ತು ಪ್ರಚಾರ,News and promotion,ರಾಜ್ಯ ಸರ್ಕಾರದ ಜನಪರ ಯೋಜನೆಗಳನ್ನು ಪ್ರಚಾರ ಮಾಡುವ ಬಗ್ಗೆ,About promoting the state government's proposals,ಬೋಸ್‌ರಾಜು .ಎನ್.ಎಸ್,Bosaraju N S
1871,01/12/2016,ನಗರಾಭಿವೃದ್ಧಿ,Urban development,ರಾಯಚೂರು ನಗರವನ್ನು ಮಹಾನಗರ ಪಾಲಿಕೆಯನ್ನಾಗಿ ಮಾಡುವ ಬಗ್ಗೆ,About making Raichur city a metropolitan corporation,ಬೋಸ್‌ರಾಜು .ಎನ್.ಎಸ್,Bosaraju N S
1872,01/12/2016,ಸಿಬ್ಬಂದಿ ಮತ್ತು ಆಡಳಿತ ಸುಧಾರಣೆ,Staff and administrative reform,ಗುಪ್ತದಳ ಇಲಾಖೆಯನ್ನು ಬಲಿಷ್ಠಗೊಳಿಸುವ ಕುರಿತು,About strengthening the secretariat,ಬೋಸ್‌ರಾಜು .ಎನ್.ಎಸ್,Bosaraju N S
1873,01/12/2016,ಅಬಕಾರಿ,Excuse,"ರಾಯಚೂರು ಜಿಲ್ಲೆಯಲ್ಲಿರುವ ಅಐ-೨, ಅಐ-೯ ಗಳ ಬಗ್ಗೆ",About AI-II and AI-9 in Raichur district,ಬೋಸ್‌ರಾಜು .ಎನ್.ಎಸ್,Bosaraju N S
1874,01/12/2016,ನಗರಾಭಿವೃದ್ಧಿ,Urban development,"ಶಿವಮೊಗ್ಗ, ಭದ್ರಾವತಿ ಸ್ಥಳೀಯ ಮಹಾಯೋಜನೆ ಬಗ್ಗೆ","Shimoga, about Bhadravathi's local ambassador",ಭಾನುಪ್ರಕಾಶ್,Bhanu Prakasha
1875,01/12/2016,ಸಿಬ್ಬಂದಿ ಮತ್ತು ಆಡಳಿತ ಸುಧಾರಣೆ,Staff and administrative reform,ಕ್ಲಾಸ್ ೧ ಹಾಗೂ ಕ್ಲಾಸ್ ೨ ಹುದ್ದೆ ಹಾಗೂ ಬೇರೆ ಬೇರೆ ಇಲಾಖೆಗಳಲ್ಲಿ ನಡೆಸುತ್ತಿರುವ ನೇಮಕಾತಿ ಪ್ರಕ್ರಿಯೆ ಕುರಿತು,About the recruitment process on Class 1 and Class 2 posts and other departments,ಸಂಕನೂರ .ಎಸ್.ವ್ಹಿ,Sankanura S V
1876,01/12/2016,ಗೃಹ,Home,ಪೊಲೀಸ್ ಸಿಬ್ಬಂದಿಗಳ ವೇತನ ಪರಿಷ್ಕರಣೆ ಬಗ್ಗೆ,About pay revision of police personnel,ಸಮಣ್ಣ ಮ ಬೇವಿನಮರದ,Samanna Ma Bevinamara
1877,01/12/2016,ಸಿಬ್ಬಂದಿ ಮತ್ತು ಆಡಳಿತ ಸುಧಾರಣೆ,Staff and administrative reform,ರಾಜ್ಯದ ಯಾವ ಯಾವ ಇಲಾಖೆಗಳನ್ನು ಕಾಗದ ರಹಿತ ಕಛೇರಿಯನ್ನಾಗಿ ಮಾಡುವ ಬಗ್ಗೆ,About which departments of the state make a paper free office,ಸಮಣ್ಣ ಮ ಬೇವಿನಮರದ,Samanna Ma Bevinamara
1878,01/12/2016,ಹಜ್,Haj,ಹಜ಼್ ಯಾತ್ರಿಗಳಿಗೆ ಸರ್ಕಾರ ನೀಡುತ್ತಿರುವ ಸಹಾಯಧನದ ಬಗ್ಗೆ,About the government subsidy for Haj pilgrims,ಸಮಣ್ಣ ಮ ಬೇವಿನಮರದ,Samanna Ma Bevinamara
1879,01/12/2016,ನಗರಾಭಿವೃದ್ಧಿ,Urban development,ಹಾವೇರಿ ಜಿಲ್ಲೆಯಲ್ಲಿ ಕಳೆದ ಮೂರು ವರ್ಷಗಳಲ್ಲಿ ಅಭಿವೃದ್ಧಿ ಕಾಮಗಾರಿಗಳ ಬಗ್ಗೆ,Development works in Haveri district over the past three years,ಸಮಣ್ಣ ಮ ಬೇವಿನಮರದ,Samanna Ma Bevinamara
1880,01/12/2016,ನಗರಾಭಿವೃದ್ಧಿ,Urban development,ಹಾವೇರಿ ನಗರದಲ್ಲಿ ಅಭಿವೃದ್ಧಿ ಇಲಾಖೆಯಿಂದ ಎಸ್.ಸಿ.ಪಿ./ಟಿ.ಎಸ್.ಪಿ. ಯೋಜನೆಯ ಬಗ್ಗೆ,From the Department of Development in Haveri City SCP / TSP. About the project,ಸಮಣ್ಣ ಮ ಬೇವಿನಮರದ,Samanna Ma Bevinamara
1881,01/12/2016,ವಾರ್ತಾ ಮತ ಪ್ರಚಾರ,News promotion campaign,"ಬೃಹತ್ ಬೆಂಗಳೂರು ಮಹಾನಗರ ಪಾಲಿಕೆ ವ್ಯಾಪ್ತಿಯಲ್ಲಿ ಫ್ಲೆಕ್ಸ್, ಹೋರ್ಡಿಂಗ್ಸ್‌ಗಳ ಕುರಿತು",About Flex and Hourings in the Big Bangalore Metropolitan Area,ಸೋಮಣ್ಣ .ವಿ,Somanna V
1882,01/12/2016,ಗೃಹ,Home,ಬೆಂಗಳೂರು ನಗರದಲ್ಲಿ ನಡೆದ ಕಾವೇರಿ ನೀರು ಹೋರಾಟ ಕುರಿತು,Cauvery water in Bangalore city is about fighting,ಸೋಮಣ್ಣ .ವಿ,Somanna V
1883,01/12/2016,ನಗರ ಯೋಜನಾ,City planning,ಬಿ.ಬಿ.ಎಂ.ಪಿ. ವ್ಯಾಪ್ತಿಯ ಸರ್ಕಾರಿ ಜಮೀನು ಮತ್ತು ರಾಜ ಕಾಲುವೆ ಒತ್ತುವರಿ ಬU,BBMP Range government land and king canal enclosure b,ನಾರಾಯಣಸ್ವಾಮಿ .ಕೆ.ವಿ,Narayanaswamy K V
1884,01/12/2016,ಗೃಹ,Home,ಶಾಲಾ ವಾಹನಗಳ ಸುರಕ್ಷತೆಯ ಬಗ್ಗೆ,About the safety of school vehicles,ನಾರಾಯಣಸ್ವಾಮಿ .ಕೆ.ವಿ,Narayanaswamy K V
1885,01/12/2016,ಅಬಕಾರಿ,Excuse,ಮೈಸೂರು-ಚಾಮರಾಜನಗರ ಜಿಲ್ಲೆಯ ಹಾಡಿಗಳಲ್ಲಿ ಅಕ್ರಮ ಮಧ್ಯ ಹಾವಳಿ,Illegal mediation in the songs of Mysore-Chamarajanagar district,ನಾಗರಾಜು .ಎಸ್,Nagaraja S
1886,01/12/2016,ನಗರಾಭಿವೃದ್ಧಿ,Urban development,ಚಾಮರಾಜನಗರ ಒಳಚರಂಡಿ ಯೋಜನೆ,Chamarajanagar sewer project,ನಾಗರಾಜು .ಎಸ್,Nagaraja S
1887,01/12/2016,ಗೃ,Home,ಪೊಲೀಸ್ ವಸತಿ ಗೃಹಗಳ ಸೌಲಭ್ಯಗಳ ಬU,BU of Police Real Estate Facilities,ಪ್ರದೀಪ್ ಶೆಟ್ಟರ್,Pradeep Shettar
1888,01/12/2016,ಆರ್ಥಿಕ,Economy,ಎಸ್‌ಸಿಪಿ/ಟಿಎಸ್‌ಪಿ ಯೋಜನೆಯಡಿ ಮಂಜೂರಾದ ಅನುದಾನದ ಬಗ್ಗೆ,Approval sanctioned under SCP / TSP Scheme,ಪ್ರದೀಪ್ ಶೆಟ್ಟರ್,Pradeep Shettar
1889,01/12/2016,ಸಾರಿಗೆ,Transport,ನಿರುಪಯುಕ್ತ ಸರ್ಕಾರಿ ವಾಹನಗಳ ಬಗ್ಗೆ,About waste government vehicles,ಪ್ರದೀಪ್ ಶೆಟ್ಟರ್,Pradeep Shettar
1890,01/12/2016,ಅಬಕಾರಿ,Excuse,ಅಬಕಾರಿ ಇಲಾಖೆಯಿಂದ ಗ್ರಾಮ ಸಭೆಗಳ ಬU,From the Excise Department to the Village Meetings,ಪ್ರದೀಪ್ ಶೆಟ್ಟರ್,Pradeep Shettar
1891,01/12/2016,ಗೃಹ,Home,ಪೊಲೀಸ್ ಠಾಣೆಗಳ ಬಗ್ಗೆ,About police stations,ಪ್ರದೀಪ್ ಶೆಟ್ಟರ್,Pradeep Shettar
1892,01/12/2016,ಸಿಬ್ಬಂದಿ ಮತ್ತು ಆಡಳಿತ ಸುಧಾರಣೆ,Staff and administrative reform,"ಸಮಾನ ಕೆಲಸ : ಸಮಾನ ವೇತನದ ಕುರಿತು,","Equal Work: On Equal Pay,",ಪ್ರಾಣೇಶ್ .ಎಂ.ಕೆ,Pranesha M K
1893,01/12/2016,ಗೃಹ,Home,ಉಡುಪಿ ಮತ್ತು ದಕ್ಷಿಣ ಕನ್ನಡ ಜಿಲ್ಲೆಯಲ್ಲಿ ಕಳ್ಳತನ ಪ್ರಕರಣ ಪತ್ತೆ ಹಚ್ಚುವ ಕುರಿತು,Udupi and Dakshina Kannada district are investigating theft case,ಪ್ರತಾಪಚಂದ್ರ ಶೆಟ್ಟಿ .ಕೆ,Pratapachandra Shetty K
1894,01/12/2016,ಗೃಹ,Home,ಶಾಲೆಗಳಲ್ಲಿ ಸಿ.ಸಿ.ಟಿವಿ ಕ್ಯಾಮರಾ ಕಡ್ಡಾಯಗೊಳಿಸುವ ಬU,B. U. compulsory for CCTV cameras in schools,ಪ್ರತಾಪಚಂದ್ರ ಶೆಟ್ಟಿ .ಕೆ,Pratapachandra Shetty K
1895,01/12/2016,ಸಿಬ್ಬಂದಿ ಮತ್ತು ಆಡಳಿತ ಸುಧಾರಣೆ,Staff and administrative reform,"ರಾಜ್ಯದಲ್ಲಿ ಸೇವೆ ಸಲ್ಲಿಸುತ್ತಿರುವ ಐ.ಎ.ಎಸ್., ಐ.ಪಿ.ಎಸ್., ಮತ್ತು ಐ.ಎಫ್.ಎಸ್., ಅಧಿಕಾರಿಗಳ ಬಗ್ಗೆ","IAS, IPS, and IFS, serving in the state",ಪ್ರತಾಪಚಂದ್ರ ಶೆಟ್ಟಿ .ಕೆ,Pratapachandra Shetty K
1896,01/12/2016,ಸಿಬ್ಬಂದಿ ಮತ್ತು ಆಡಳಿತ ಸುಧಾರಣೆ,Staff and administrative reform,ರಾಜ್ಯದಲ್ಲಿ ಸೇವೆ ಸಲ್ಲಿಸುತ್ತಿರುವ ಗ್ರೂಪ್ ‘ಎ’ ಮತ್ತು ‘ಬಿ’ ಶ್ರೇಣಿಯ ಅಧಿಕಾರಿಗಳ ಬಗ್ಗೆ,About the Group 'A' and 'B' rank officers serving in the state,ಪ್ರತಾಪಚಂದ್ರ ಶೆಟ್ಟಿ .ಕೆ,Pratapachandra Shetty K
1897,01/12/2016,ಅಬಕಾರಿ,Excuse,ಉಡುಪಿ ಮತ್ತು ದಕ್ಷಿಣ ಕನ್ನಡ ಜಿಲ್ಲೆಯ ಮದ್ಯಪಾನೀಯ ಮಳಿಗೆಯ ಬಗ್ಗೆ,Udupi and liquor store in Dakshina Kannada district,ಪ್ರತಾಪಚಂದ್ರ ಶೆಟ್ಟಿ .ಕೆ,Pratapachandra Shetty K
1898,01/12/2016,ಗೃಹ,Home,ಕಾರಾಗೃಹಗಳ ಕುರಿತು,About Prisons,ಶರವಣ .ಟಿ.ಎ,Sharavana T A
1899,01/12/2016,ಗೃಹ,Home,ಶಾಲಾ ಮಕ್ಕಳ ಸುರಕ್ಷತೆ ಮತ್ತು ಭದ್ರತೆ ಕುರಿತು,About the safety and security of school children,ಶರವಣ .ಟಿ.ಎ,Sharavana T A
1900,01/12/2016,ಸಿಬ್ಬಂದಿ ಮತ್ತು ಆಡಳಿತ ಸುಧಾರಣೆ,Staff and administrative reform,ಬೆಳಗಾವಿ ಸುವರ್ಣ ಸೌಧದಲ್ಲಿ ಅಭಿವೃದ್ಧಿ ಬಗ್ಗೆ,Belgaum is about development in Suvarna Soudha,ಶರವಣ .ಟಿ.ಎ,Sharavana T A
1901,01/12/2016,ಗೃಹ,Home,ಕನ್ನಡ ಹೋರಾಟಗಾರರ ಮೇಲಿನ ಪ್ರಕರಣಗಳು,Cases on Kannada fighters,ಶರವಣ .ಟಿ.ಎ,Sharavana T A
1902,01/12/2016,ನಗರ ಯೋಜನಾ,City planning,ಬೃಹತ್ ಬೆಂಗಳೂರು ಮಹಾನಗರ ಪಾಲಿಕೆಯ ಪೌರ ಕಾರ್ಮಿಕರ ಕುರಿತು,About civic workers of the large Bangalore Metropolitan Corporation,ಶರವಣ .ಟಿ.ಎ,Sharavana T A
1903,01/12/2016,ನಗರಾಭಿವೃದ್ಧಿ,Urban development,"ವಿಜಯಪುರ ನಗರ ಅಭಿವೃದ್ಧಿ ಪಾಲಿಕೆಯ ಸದಸ್ಯರು, ಅಧ್ಯಕ್ಷರ ಕುರಿತು","Members of the Vijayanagar Urban Development Authority, the President",ಶರವಣ .ಟಿ.ಎ,Sharavana T A
1904,01/12/2016,ಗೃಹ,Home,"ಕೊಲೆ, ಸುಲಿಗೆ, ಅತ್ಯಾಚಾರ, ಮಕ್ಕಳ ಅಪಹರಣದ ಬಗ್ಗೆ","Murder, ransom, rape, kidnapping of children",ವಿಮಲಾಗೌಡ,Vimalaa Gowda
1905,01/12/2016,ನಗರ ಯೋಜನಾ,City planning,ಬೀದಿ ವ್ಯಾಪಾರಿಗಳಿಂದ ಸಾರ್ವಜನಿಕರಿಗೆ ಆಗುತ್ತಿರುವ ತೊಂದರೆ ಬಗ್ಗೆ,Concerns about the difficulties of the public from street vendors,ವಿಮಲಾಗೌಡ,Vimalaa Gowda
1906,01/12/2016,ಸಿಬ್ಬಂದಿ ಮತ್ತು ಆಡಳಿತ ಸುಧಾರಣೆ,Staff and administrative reform,ಸಿಬ್ಬಂದಿ ಮತ್ತು ಆಡಳಿತ ಸುಧಾರಣೆ ಇಲಾಖೆಯಲ್ಲಿ ಖಾಲಿ ಹುದ್ದೆಗಳ ಬಗ್ಗೆ,About vacant posts in staff and administration reform department,ವಿಮಲಾಗೌಡ,Vimalaa Gowda
1907,01/12/2016,ಅಬಕಾರಿ,Excuse,ಪರವಾನಗಿ ಇಲ್ಲದೆ ನಡೆಯುತ್ತಿರುವ ಮದ್ಯದ ಅಂಗಡಿಗಳ ಬಗ್ಗೆ,About the ongoing liquor shops without a license,ವಿಮಲಾಗೌಡ,Vimalaa Gowda
1908,01/12/2016,ನಗರ ಯೋಜನಾ,City planning,ಸೊಳ್ಳೆ ನಿಯಂತ್ರಣಕ್ಕೆ ಸಿಂಪಡಿಸುವ ಔಷಧಿಗಳ ಬಗೆ,Type of drugs spraying for mosquito control,ವಿಮಲಾಗೌಡ,Vimalaa Gowda
1909,01/12/2016,ನಗರ ಯೋಜನಾ,City planning,ಬೆಂಗಳೂರು ಅಭಿವೃದ್ಧಿ ಪ್ರಾಧಿಕಾರದ ನಿವೇಶನದಿಂದ ಬಂದ ಆದಾಯದ ಬಗ್ಗೆ,About income from the site of the Bangalore Development Authority,ವೀರಯ್ಯ .ಡಿ.ಎಸ್,Veerayya D S
1910,01/12/2016,ಅಭಿವೃದ್ಧಿ ಮತ್ತು ನಗರ ಯೋಜನಾ,Development and urban planning,ಬೆಂಗಳೂರು ಅಭಿವೃದ್ಧಿ ಪ್ರಾಧಿಕಾರದ ವತಿಯಿಂದ ಕೊಳಚೆ ಪ್ರದೇಶಗಳನ್ನು ವಶಪಡಿಸಿಕೊಂಡಿರುವ ಬಗ್ಗೆ,About the seizure of slums by the Bangalore Development Authority,ವೀರಯ್ಯ .ಡಿ.ಎಸ್,Veerayya D S
1911,01/12/2016,ಅಭಿವೃದ್ಧಿ ಮತ್ತು ನಗರ ಯೋಜನಾ,Development and urban planning,ಬೆಂಗಳೂರು ಅಭಿವೃದ್ಧಿ ಪ್ರಾಧಿಕಾರದ ಬಡಾವಣೆ ನಿರ್ಮಾಣ ಹಾಗೂ ನಿವೇಶನದ ಹಂಚಿಕೆ ಬಗ್ಗೆ,About the development of Bangalore Development Authority and the distribution of land,ವೀರಯ್ಯ .ಡಿ.ಎಸ್,Veerayya D S
1912,01/12/2016,ಆರ್ಥಿಕ,Economy,ಪರಿಶಿಷ್ಠ ಜಾತಿ/ಪರಿಶಿಷ್ಠ ಪಂಗಡಗಳಿಗೆ ಕರ್ನಾಟಕ ರಾಜ್ಯ ಹಣಕಾಸು ಸಂಸ್ಥೆಯಿಂದ ಸಾಲ ನೀಡುವ ಕುರಿತು,About loan from Karnataka State Financial Institution to Scheduled Castes / Scheduled Tribes,ವೀರಯ್ಯ .ಡಿ.ಎಸ್,Veerayya D S
1913,01/12/2016,ನಗರ ಯೋಜನಾ,City planning,ಉಕ್ಕಿನ ಸೇತುವೆ ನಿರ್ಮಾಣ ಕುರಿತು,About steel bridge construction,ವೀರಯ್ಯ .ಡಿ.ಎಸ್,Veerayya D S
1914,01/12/2016,ಗೃಹ,Home,ಪೊಲೀಸ್ (ಸಿವಿಲ್) ಕಾನ್ಸ್‌ಟೇಬಲ್‌ಗಳಿಗೆ ವಸತಿ ಸೌಕರ್ಯ ಕಲ್ಪಿಸುವ ಕುರಿತು,Looking for accommodation for police (civil) constables,ವೀಣಾ ಅಚ್ಚಯ್ಯ .ಎಸ್,Veena achchaiah S
1915,01/12/2016,ನಗರ ಯೋಜನಾ,City planning,ಬೆಂಗಳೂರು ಮೆಟ್ರೋ ರೈಲುಗಳಿಗೆ ಹೆಚ್ಚುವರಿ ಬೋಗಿ ಅಳವಡಿಸುವ ಕುರಿತು,About installing additional coaches for Bangalore Metro trains,ವೀಣಾ ಅಚ್ಚಯ್ಯ .ಎಸ್,Veena achchaiah S
1916,01/12/2016,ಆರ್ಥಿಕ,Economy,ಏಳನೇ ವೇತನ ಆಯೋಗ ರಚಿಸುವ ಕುರಿತು,About creating the Seventh Pay Commission,ವೀಣಾ ಅಚ್ಚಯ್ಯ .ಎಸ್,Veena achchaiah S
1917,01/12/2016,ಅಬಕಾರಿ,Excuse,ತೆಂಗು ಬೆಳೆಗಾರರಿಗೆ ನೀರಾ ಇಳಿಸಲು ಅನುಮತಿ,Coconut growers are allowed to get water,ಲಕ್ಷ್ಮೀನಾರಾಯಣ .ಎಂ.ಡಿ,Lakshmi Narayana MD
1918,01/12/2016,ಸಾರ್ವಜನಿಕ ಸಂಬಂಧ,Public relations,ಹಿರಿಯ ನಾಗರಿಕರ ವಯಸ್ಸನ್ನು ೬೦ಕ್ಕೆ ಇಳಿಸಿರುವ ಬಗ್ಗೆ,About reducing the age of senior citizens to 60,ಲಕ್ಷ್ಮೀನಾರಾಯಣ .ಎಂ.ಡಿ,Lakshmi Narayana MD
1919,01/12/2016,ಅಬಕಾರಿ,Excuse,ರಾಜ್ಯದಲ್ಲಿರುವ ಅಬಕಾರಿ ಅಂಗಡಿಗಳ ಬಗ್ಗೆ,About excise stores in the state,ಲಕ್ಷ್ಮೀನಾರಾಯಣ .ಎಂ.ಡಿ,Lakshmi Narayana MD
1920,01/12/2016,ಗೃಹ,Home,ಅಪಘಾತ ವಾಹನಗಳಿಗೆ ಪ್ರತ್ಯೇಕ ಜಾಗ ಮಾಡುವ ಬಗ್ಗೆ,About making separate space for accident vehicles,ಲಕ್ಷ್ಮೀನಾರಾಯಣ .ಎಂ.ಡಿ,Lakshmi Narayana MD
1921,01/12/2016,ನಗರಾಭಿವೃದ್ಧಿ,Urban development,ಕೇಂದ್ರ ಸರ್ಕಾರದ ನಗರೋತ್ಥಾನ ಯೋಜನೆಯಡಿಯಲ್ಲಿ ಮಂಜೂರಾಗಿರುವ ಹಣದ ಬಗ್ಗೆ,About the money sanctioned under the Central Government's Nanorotha Scheme,ವಟಮ್ಮ,Motamma
1922,01/12/2016,ಸಿಬ್ಬಂದಿ ಮತ್ತು ಆಡಳಿತ ಸುಧಾರಣೆ ಕ,Staff and Administration Reforms,ಲೋಕಾಯುಕ್ತ ತನಿಖೆ ಪ್ರಕರಣಗಳು,Lokayukta investigation cases,ಅಪ್ಪಾಜಿಗೌಡ .ಎನ್,Appajigowda N
1923,01/12/2016,ಸಿಬ್ಬಂದಿ ಮತ್ತು ಆಡಳಿತ ಸುಧಾರಣೆ,Staff and administrative reform,ಸರ್ಕಾರಿ ಹುದ್ದೆಗಳ ಬಗೆ,Government posts,ಅಪ್ಪಾಜಿಗೌಡ .ಎನ್,Appajigowda N
1924,01/12/2016,ಗೃಹ,Home,ಮಕ್ಕಳ ಅಪಹರಣದ ಬಗೆ,Child Abduction,ಅಪ್ಪಾಜಿಗೌಡ .ಎನ್,Appajigowda N
1925,01/12/2016,ನಗರ ಯೋಜನಾ,City planning,ಬೃಹತ್ ಬೆಂಗಳೂರು ಮಹಾನಗರ ಪಾಲಿಕೆಗೆ ಬಿಡುಗಡೆಯಾದ ಹಣದ ಬಗ್ಗೆ,About the money released to the huge Bangalore Metropolitan Corporation,ಅಪ್ಪಾಜಿಗೌಡ .ಎನ್,Appajigowda N
1926,01/12/2016,ಸಿಬ್ಬಂದಿ ಮತ್ತು ಆಡಳಿತ ಸುಧಾರಣೆ,Staff and administrative reform,ಸರ್ಕಾರಿ ಇಲಾಖೆಗಳಲ್ಲಿ ಪ್ರವರ್ಗ-೨ಬಿಗೆ ನಿಗದಿಪಡಿಸಿದ ಹುದ್ದೆಗಳನ್ನು ಭರ್ತಿ ಮಾಡುವ ಬಗ್ಗೆ,Regarding filling vacancies scheduled to be announced in Government Departments,ಅಬ್ದುಲ್ ಜಬ್ಬಾರ್ .ಕೆ,Abdul Jabbar K
1927,01/12/2016,ಸಿಬ್ಬಂದಿ ಮತ್ತು ಆಡಳಿತ ಸುಧಾರಣೆ,Staff and administrative reform,ಹೈದ್ರಾಬಾದ್-ಕರ್ನಾಟಕ ಭಾಗದ ೦೬ ಜಿಲ್ಲೆಗಳಲ್ಲಿ ಕಳೆದ ೨ ವರ್ಷಗಳಿಂದ ಖಾಲಿ ಇರುವ ಹುದ್ದೆಗಳನ್ನು ಭರ್ತಿ ಮಾಡುವ ಬಗ್ಗೆ,About filling vacancies for past 2 years in 06 districts of Hyderabad-Karnataka,ಅಮರನಾಥ ಪಾಟೀಲ್,Amaranatha Patil
1928,01/12/2016,ಗೃಹ,Home,ಗೃಹ ಇಲಾಖೆಯಲ್ಲಿ ವಿವಿಧ ಹುದ್ದೆಗಳ ನೇಮಕಾತಿ ಬಗ್ಗೆ,About appointment of various posts in the Home Department,ಅಮರನಾಥ ಪಾಟೀಲ್,Amaranatha Patil
1929,01/12/2016,ಗೃಹ,Home,ಕಲಬುರಗಿ ಮಹಾನಗರದಲ್ಲಿ ಪೊಲೀಸ್ ಆಯುಕ್ತರ ಕಛೇರಿ ಬಗ್ಗೆ,About the Commissioner's Office at Kalaburagi City,ಅಮರನಾಥ ಪಾಟೀಲ್,Amaranatha Patil
1930,01/12/2016,ಆರ್ಥಿಕ,Economy,ರಾಜ್ಯದಲ್ಲಿರುವ ಜಿಲ್ಲಾ ದಿನ ಪತ್ರಿಕೆಗಳು ಹಾಗೂ “ನೂತನ ಜಾಹೀರಾತು ನೀತಿ-೨೦೧೪” ಬಗ್ಗೆ,"About District Newspapers in the State and the ""New Advertising Policy - 2014""",ಅಮರನಾಥ ಪಾಟೀಲ್,Amaranatha Patil
1931,01/12/2016,ಗೃಹ,Home,ಪೊಲೀಸ್ ಇಲಾಖೆಯಲ್ಲಿ ಅಧಿಕಾರಿಗಳ ಅಸಹಜ ಸಾವು ಮತ್ತು ಆತ್ಮಹತ್ಯೆ ಮಾಡಿಕೊಂಡ ಪೊಲೀಸರ ಕುರಿತು,Police on the abnormal death of the officers in the police department and the police who committed suicide,ಅರುಣ ಶಹಾಪುರ,Aruna Shahaapura
1932,01/12/2016,ಗೃ,Home,ಕಳೆದ ಮೂರು ವರ್ಷದಲ್ಲಿ ಕೊಲೆಯಾಗಿರುವ ರಾಷ್ಟ್ರೀಯ ಸ್ವಯಂ ಸೇವಕರ ಹಾಗೂ ಭಾರತೀಯ ಜನತಾ ಪಕ್ಷದ ಕಾರ್ಯಕರ್ತರ ಬಗ್ಗೆ,About National Volunteers and Indian Janata Party activists who have been killed in the last three years,ಅರುಣ ಶಹಾಪುರ,Aruna Shahaapura
1933,01/12/2016,ಗೃಹ,Home,ಕಲಬುರಗಿ ಜಿಲ್ಲೆಯ ಪೊಲೀಸ್ ಇಲಾಖೆಯಲ್ಲಿನ ಮಹಿಳಾ ಪೇದೆಗಳಿಗೆ ಸಂಬಂಧಿಸಿದ ಬಗ್ಗೆ,About Women's Constables in Police Department in Kalaburagi District,ಇಕ್ಬಾಲ್ ಅಹ್ಮದ್ ಸರಡಗಿ,Ikbal Ahmad Sadaragi
1934,01/12/2016,ನಗರ ಯೋಜನಾ,City planning,ಬೆಂಗಳೂರು ಅಭಿವೃದ್ಧಿ ಪ್ರಾಧಿಕಾರದ ವತಿಯಿಂದ ಅರ್ಕಾವತಿ ಬಡಾವಣೆಗೆ ನಿವೇಶನಗಳ ಹಂಚಿಕೆ ಮತ್ತು ನೋಂದಣಿ ಪ್ರಕ್ರಿಯೆ ವಿಳಂಬವಾಗುತ್ತಿರುವ ಬU,The Bangalore Development Authority has been delaying allotment and registration process for Arakavati Layout.,ರಾಮಚಂದ್ರಗೌಡ,Ramachandra Gowda
1935,01/12/2016,ನಗರ ಯೋಜನಾ,City planning,ಬೆಂಗಳೂರು ನಗರದಲ್ಲಿ ಕೆರೆಗಳ ಸರ್ವೆ ಮುಗಿದ ನಂತರದಲ್ಲಿ ಕೆರೆ ಒತ್ತುವರಿಯಾಗುತ್ತಿರುವ ಬಗ್ಗೆ,About Lake Lakes Surveys in Bangalore,ರಾಮಚಂದ್ರಗೌಡ,Ramachandra Gowda
1936,01/12/2016,ನಗರ ಯೋಜನಾ,City planning,ಬೃಹತ್ ಬೆಂಗಳೂರು ಮಹಾನಗರ ಪಾಲಿಕೆ ಅಡಿಯಲ್ಲಿ ಬರುವ ಆಸ್ಪತ್ರೆಗಳಲ್ಲಿ ವೈದ್ಯರ ಮತ್ತು ಅರೆ ವೈದ್ಯಕೀಯ ಸಿಬ್ಬಂದಿ ಕೊರತೆ ಬಗ್ಗೆ. ಡಯಾಲಿಸಿಸ್ ಸೌಲಭ್ಯ ಇಲ್ಲದಿರುವ ಬಗ್ಗೆ,About the lack of doctors and semi-medical personnel in hospitals coming under the huge Bangalore Metropolitan Corporation. About the lack of dialysis facility,ರಾಮಚಂದ್ರಗೌಡ,Ramachandra Gowda
1937,01/12/2016,ನಗರ ಯೋಜನಾ,City planning,ಮೆಟ್ರೋ ರೈಲು ನಿಲ್ದಾಣಗಳಲ್ಲಿ ವಾಹನ ನಿಲುಗಡೆ ಸಮಸ್ಯೆ ಉಂಟಾಗಿರುವ ಬಗ್ಗೆ,Metro train stations have a problem with parking,ರಾಮಚಂದ್ರಗೌಡ,Ramachandra Gowda
1938,01/12/2016,ವಾರ್ತಾ ಮತ್ತು ಪಚಾರ,News and ethics,ರಾಜ್ಯದ ಮಲ್ಟಿಪ್ಲೆಕ್ಸ್ ಚಿತ್ರ ಮಂದಿರಗಳಲ್ಲಿ ಕನ್ನಡ ಚಲನಚಿತ್ರಗಳನ್ನು ಪ್ರದರ್ಶಿಸುವುದನ್ನು ಕಡ್ಡಾಯಗೊಳಿಸುವ ಬಗ್ಗೆ,About mandating to display Kannada movies in the state multiplexes of the state,ರಾಮಚಂದ್ರಗೌಡ,Ramachandra Gowda
1939,01/12/2016,ಗೃಹ,Home,ಸಿ.ಸಿ. ಕ್ಯಾಮರಾಗಳನ್ನು ಅಳವಡಿಸುವ ಬU,Cc BUU installs cameras,ರಘುನಾಥ ರಾವ್ ಮಲ್ಕಾಪೂರೆ,Raghunath Rao Malkapore
1940,01/12/2016,ಗೃಹ,Home,ಕಾರಾಗೃಹ ಸ್ಥಳಾಂತರಿಸುವ ಬಗೆ,Prison Replacement,ರಘುನಾಥ ರಾವ್ ಮಲ್ಕಾಪೂರೆ,Raghunath Rao Malkapore
1941,01/12/2016,ಗೃಹ,Home,ಅಪಾಯಕಾರಿ ಡಾಲ್ಡಾ ತಯಾರಿಕಾ ಘಟಕಗಳ ಬಗ್ಗೆ,About dangerous dolta manufacturing units,ರಘುನಾಥ ರಾವ್ ಮಲ್ಕಾಪೂರೆ,Raghunath Rao Malkapore
1942,01/12/2016,ಸಿಬ್ಬಂದಿ ಮತ್ತು ಆಡಳಿತ ಸುಧಾರಣೆ,Staff and administrative reform,ವಿವಿಧ ಇಲಾಖಾ ಕಛೇರಿಗಳಲ್ಲಿ ಮಹಿಳಾ ನೌಕರರ ರಕ್ಷಣೆ,Protection of women employees in various departmental offices,ಉಗ್ರಪ್ಪ .ವಿ.ಎಸ್,Ugrappa VS
1943,01/12/2016,ಗೃ,Home,ಅತ್ಯಾಚಾರ ಪ್ರಕರಣಗಳು,Rape cases,ಉಗ್ರಪ್ಪ .ವಿ.ಎಸ್,Ugrappa VS
1944,01/12/2016,ನಗರ ಯೋಜನಾ,City planning,ಉಕ್ಕಿನ ಮೇಲು ಸೇತುವೆಯ ನಿರ್ಮಾಣದ ಬಗ್ಗೆ,About the construction of steel over bridge,ಕ್ಯಾಪ್ಟನ್ ಗಶೇಶ್ ಕಾರ್ಣಿಕ್,Capt. Ganesh Karnik
1945,01/12/2016,ಅಬಕಾರಿ,Excuse,ರಾಜ್ಯದಲ್ಲಿ ಮದ್ಯ ಮಾರಾಟ ನಿರ್ಬಂಧಿಸುವ ಯೋಜನೆ ಬಗ್ಗೆ,About the plan to restrict alcohol sales in the state,ಕ್ಯಾಪ್ಟನ್ ಗಣೇಶ್ ಕಾರ್ಣಿಕ್,Capt. Ganesh Karnik
1946,01/12/2016,ನಗರಾಭಿವೃದ್ಧಿ,Urban development,ನಗರೋತ್ಥಾನ ಹಂತ-೩ರ ಯೋಜನೆಯ ಅನುಷ್ಠಾನದ ಬಗೆ,The type of implementation of the Nagaurthatana Phase-III project,ಕ್ಯಾಪ್ಟನ್ ಗಣೇಶ್ ಕಾರ್ಣಿಕ್,Capt. Ganesh Karnik
1947,01/12/2016,ನಗರ ಯೋಜನಾ,City planning,ಬೆಂಗಳೂರು ನಗರದಲ್ಲಿ ಕೊಳಚೆ ನೀರಿನ ಸಂಸ್ಕರಣೆ ಹಾಗೂ ಸದ್ಬಳಕೆ ಬಗ್ಗೆ,About Sugarcane Processing and Benefit in Bangalore City,ಕ್ಯಾಪ್ಟನ್ ಗಣೇಶ್ ಕಾರ್ಣಿಕ್,Capt. Ganesh Karnik
1948,01/12/2016,ಸಿಬ್ಬಂದಿ ಮತ್ತು ಆಡಳಿತ ಸುಧಾರಣೆ,Staff and administrative reform,ರಾಜ್ಯ ಸರ್ಕಾರ ಟಿಪ್ಪು ಜಯಂತಿ ಆಚರಿಸಲು ಇರುವ ಕಾರಣಗಳ ಬಗ್ಗೆ,The state government is concerned about the reasons to celebrate Tippu Jayanti,ಕ್ಯಾಪ್ಟನ್ ಗಣೇಶ್ ಕಾರ್ಣಿಕ್,Capt. Ganesh Karnik
1949,01/12/2016,ನಗರಾಭಿವೃದ್ಧಿ,Urban development,"ಮಹಾನಗರಗಳ ವ್ಯಾಪ್ತಿಯಲ್ಲಿ ಕಸ ವಿಲೇವಾರಿ, ಸ್ವಚ್ಛತೆ ಹಾಗೂ ಅಸಮರ್ಪಕ ನಿರ್ವಹಣೆಯ ಬಗ್ಗೆ","About garbage disposal, cleanliness, and inadequate maintenance in metropolitan areas",ಕವಟಗಿಮಠ ಮಹಂತೇಶ ಮಲ್ಲಿಕಾರ್ಜುನ,Kavatimata Mahantesha Mallikarjuna
1950,01/12/2016,ಸಿಬ್ಬಂದಿ ಮತ್ತು ಆಡಳಿತ ಸುಧಾರಣೆ ಇಲಾಖೆ,Department of Personnel and Administrative Reforms,ಸಕಾಲ ಸೇವೆಯನ್ನು ಪ್ರತಿಯೊಂದು ಇಲಾಖೆಯ ಎಲ್ಲಾ ಸೇವೆಗಳಿಗೆ ವಿಸ್ತರಿಸುವ ಕುರಿತು,Sacal service is about expanding all services of each department,ಕೋಟ ಶ್ರೀನಿವಾಸ ಪೂಜಾರಿ,Kota Srinivasa Pujari
1951,01/12/2016,ನಗರಾಭಿವೃದ್ಧಿ,Urban development,ಸ್ಮಾರ್ಟ್‌ಸಿಟಿ ಯೋಜನೆ ಅನುಷ್ಠಾನಕ್ಕಾಗಿ ಹೈ-ಪವರ್ ಕಮಿಟಿ ನೇಮಕದ ಬಗ್ಗೆ,About the appointment of the High-Power Committee for the implementation of SmartCity Scheme,ಕೋಟ ಶ್ರೀನಿವಾಸ ಪೂಜಾರಿ,Kota Srinivasa Pujari
1952,01/12/2016,ಗೃಹ,Home,ಗೃಹ ಇಲಾಖೆಯ ಪೊಲೀಸರ ಬೇಡಿಕೆ ಈಡೇರಿಸುವ ಕುರಿತು,About fulfilling the demand of home department police,ಕೋಟ ಶ್ರೀನಿವಾಸ ಪೂಜಾರಿ,Kota Srinivasa Pujari
1953,01/12/2016,ಗೃಹ,Home,ಪೊಲೀಸ್ ಇಲಾಖೆ ಆಧುನೀಕರಣ ಮತ್ತು ವಸತಿ ಗೃಹ ಹೆಚ್ಚಳದ ಬಗ್ಗೆ,Police Department Advanced and Housing Home Improvement,ಕೋಟ ಶ್ರೀನಿವಾಸ ಪೂಜಾರಿ,Kota Srinivasa Pujari
1954,01/12/2016,ಅಬಕಾರಿ,Excuse,ಅಕ್ರಮ ಮದ್ಯ ಮಾರಾಟ ಹಾಗೂ ಅಬಕಾರಿ ಕಾಯಿದೆ ಉಲ್ಲಂಘನೆ ನಿಯಂತ್ರಣದ ಕುರಿತು,Regulation of illegal liquor sales and violation of excise law,ಕೋಟ ಶ್ರೀನಿವಾಸ ಪೂಜಾರಿ,Kota Srinivasa Pujari
1955,01/12/2016,ನಗರಾಭಿವೃದ್ಧಿ,Urban development,ಬೆಂಗಳೂರು ನಗರದಲ್ಲಿ ಅನುಮತಿ ರಹಿತ ಪೇಯಿಂಗ್ ಗೆಸ್ಟ್ ಬಗೆ,Paying Guest Type in Bangalore,ಕೊಂಡಯ್ಯ .ಕೆ.ಸಿ,Kondaiah KC
1956,01/12/2016,ಅಭಿವೃದ್ಧಿ ಮತ್ತು ನಗರ ಯೋಜನಾ,Development and urban planning,ಬೃಹತ್ ಬೆಂಗಳೂರು ಮಹಾನಗರ ಪಾಲಿಕೆ ಕಾರ್ಮಿಕರ ವೇತನ,Payment of large Bangalore Metropolitan Corporation workers,ತಾರಾಅನೂರಾಧ,Tara Anuradha
1957,01/12/2016,ಗೃಹ,Home,ನ್ಯಾಯಾಲಯಗಳಲ್ಲಿ ಭದ್ರತೆಯ ಕೊರv,Shortage of Security in Courts v,ತಾರಾಅನೂರಾಧ,Tara Anuradha
1958,01/12/2016,ಗೃಹ,Home,ಅಪರಾಧಿಗಳನ್ನು ಹಿಡಿಯಲು ನ್ಯಾಯಾಲಯದಿಂದ ವಾರೆಂಟ್ ಹೊರಡಿಸಿ ಪತ್ತೆ ಹಚ್ಚದೇ ಇರುವ ಅಪರಾಧಿಗಳ ಬಗ್ಗೆ,About guilty detectives who have issued warrants from the court to capture criminals,ಘೋಟ್ನೆಕರ ಶ್ರೀಕಾಂತ ಲಕ್ಷ್ಮಣ,Ghotnekara Srikantha Lakshmana
1959,01/12/2016,ನಗರ ಯೋಜನಾ,City planning,ಭೂಸ್ವಾಧೀನ ಕ್ರಮದಿಂದ ರೆವಿನ್ಯೂ ನಿವೇಶನಗಳನ್ನು ಕಳೆದುಕೊಂಡವರಿಗೆ ಬೆಂಗಳೂರು ಅಭಿವೃದ್ಧಿ ಪ್ರಾಧಿಕಾರದಿಂದ ಬದಲಿ ನಿವೇಶನ ನೀಡುವ ಬಗ್ಗೆ,For granting replacement sites from Bangalore Development Authority to those who have lost revenue sites from Land Acquisition Act,ಚೌಡರೆಡ್ಡಿ ತೂಪಲ್ಲಿ .ಆರ್,Chowdareddy Tupalli R
1960,01/12/2016,ಸಿಬ್ಬಂದಿ ಮತ್ತು ಆಡಳಿತ ಸುಧಾರಣೆ,Staff and administrative reform,ಸರ್ಕಾರದ ಸಚಿವಾಲಯದಲ್ಲಿನ ಇಲಾಖೆಗಳ ಬಗ್ಗೆ,About Departments in Government Ministry,ಚೌಡರೆಡ್ಡಿ ತೂಪಲ್ಲಿ .ಆರ್,Chowdareddy Tupalli R
1961,01/12/2016,ನಗರಾಭಿವೃದ್ಧಿ,Urban development,ಃ.W.S.S.ಃ. ಯಿಂದ S.ಖಿ.P. ನಿರ್ಮಾಣದ ಬಗೆ,H. W.S.S. H. By S. Q. P. Construction type,ಚೌಡರೆಡ್ಡಿ ತೂಪಲ್ಲಿ .ಆರ್,Chowdareddy Tupalli R
1962,01/12/2016,ಅಬಕಾರಿ,Excuse,Iಒಈಐ ತಯಾರಿಕಾ ಘಟಕಗಳ ಬಗ್ಗೆ,About OI manufacturing plants,ಚೌಡರೆಡ್ಡಿ ತೂಪಲ್ಲಿ .ಆರ್,Chowdareddy Tupalli R
1963,01/12/2016,ನಗರಾಭಿವೃದ್ಧಿ,Urban development,ರಾಜ್ಯದ ನಗರ ಪಾಲಿಕೆಗಳಲ್ಲಿನ ತ್ಯಾಜ್ಯದ ಬಗೆ,The type of waste in the city's urban infrastructure,ಚೌಡರೆಡ್ಡಿ ತೂಪಲ್ಲಿ .ಆರ್,Chowdareddy Tupalli R
1964,01/12/2016,ನಗರಾಭಿವೃದ್ಧಿ,Urban development,ಬಳ್ಳಾರಿ ಮಹಾನಗರ ಪ್ರದೇಶಾಭಿವೃದ್ಧಿ ಯೋಜನೆಗಳು,Bellary metropolitan area development projects,ಧರ್ಮಸೇನ .ಆರ್,Dharmasena R
1965,01/12/2016,ಸಿಬ್ಬಂದಿ ಮತ್ತು ಆಡಳಿತ ಸುಧಾರಣೆ,Staff and administrative reform,ಕನ್ನಡ ಶೀಘ್ರಲಿಪಿಗಾರರ ನೇಮಕದ ಬಗ್ಗೆ,About the appointment of Kannada switchers,ಧರ್ಮಸೇನ .ಆರ್,Dharmasena R
1966,01/12/2016,ಗೃಹ,Home,ಪೊಲೀಸ್ ಠಾಣೆ ಮತ್ತು ಸಿಬ್ಬಂದಿಗಳ ಬಗ್ಗೆ,About Police Station and Staff,ಧರ್ಮಸೇನ .ಆರ್,Dharmasena R
1967,02/12/2016,ಬೃಹತ್ ಮತ್ತು ಮಧ್ಯಮ ಕೈಗಾರಿಕೆ,Large and medium enterprise,ರಾಯಚೂರು ಜಿಲ್ಲೆಯಲ್ಲಿ ಬೃಹತ್ ಕೈಗಾರಿಕೆ ಸ್ಥಾಪನೆ ಹಾಗೂ ಕೈಗಾರಿಕೆ ನಿರ್ಮಾಣ ಮಾಡಲು ಭೂಮಿ ಸಂಗ್ರಹಿಸುವ ಬಗೆ,How to collect land to build a large industrial establishment and industry in Raichur district,ಬೋಸ್‌ರಾಜು .ಎನ್.ಎಸ್,Bosaraju N S
1968,02/12/2016,ಗ್ರಾಮೀಣಾಭಿವೃದ್ಧಿ ಮತ್ತು ಪಂಚಾಯತ್ ರಾಜ್,Rural Development and Panchayat Raj,ರಾಯಚೂರು ಜಿಲ್ಲಾ ಪಂಚಾಯಿತಿಗಳಿಗೆ ಸೇರಿರುವ ವಿವಿಧ ಯೋಜನೆಗಳ ಹಣವನ್ನು ಆರ್ಥಿಕ ಇಲಾಖೆ ವಾಪಸ್ಸು ಪಡೆದಿರುವ ಬಗ್ಗೆ,Concerned about the withdrawal of funds from various schemes belonging to Raichur Zilla Panchayats,ಬೋಸ್‌ರಾಜು .ಎನ್.ಎಸ್,Bosaraju N S
1969,02/12/2016,ಉನ್ನತ ಶಿಕ್ಷಣ,Higher education,ಕಲಬುರಗಿ ವಿಶ್ವ ವಿದ್ಯಾಲಯದಲ್ಲಿ ಸಿಬ್ಬಂದಿ ಕೊರತೆ ಬಗೆ,Personnel deficiency at Kalaburagi University,ಬೋಸ್‌ರಾಜು .ಎನ್.ಎಸ್,Bosaraju N S
1970,02/12/2016,ಪ್ರಾಥಮಿಕ ಮತ್ತು ಪ್ರೌಢ ಶಿಕ್ಷಣ,Primary and Secondary Education,ರಾಯಚೂರು ಜಿಲ್ಲೆಯಲ್ಲಿರುವ ಪ್ರಾಥಮಿಕ ಮತ್ತು ಪ್ರೌಢ ಶಾಲೆಗಳು ಮತ್ತು ಪಿ.ಯು. ಕಾಲೇಜುಗಳ ಬಗ್ಗೆ,Primary and Secondary Schools in Raichur District and PU. About Colleges,ಬೋಸ್‌ರಾಜು .ಎನ್.ಎಸ್,Bosaraju N S
1971,02/12/2016,ವಕ್ಫ್,Wakf,ರಾಯಚೂರು ಜಿಲ್ಲೆಯಲ್ಲಿರುವ ವಕ್ಫ್ ಆಸ್ತಿ ಬಗ್ಗೆ,About Wakf property in Raichur district,ಬೋಸ್‌ರಾಜು .ಎನ್.ಎಸ್,Bosaraju N S
1972,02/12/2016,ಗಣಿ ಮತ್ತು ಭೂ ವಿಜ್ಞಾನ,Mine and geology,ರಾಜ್ಯದಲ್ಲಿ ಎಂ-ಸ್ಯಾಂಡ್ ತಯಾರಿಸುವ ಘಟಕಗಳ ವಿಚಾರ,M-Sand manufacturing units in the state,ಭಾನುಪ್ರಕಾಶ್,Bhanu Prakasha
1973,02/12/2016,ಪ್ರಾಥಮಿಕ ಮತ್ತು ಪ್ರೌಢ ಶಿಕ್ಷಣ,Primary and Secondary Education,ವಿಶ್ವಭಾರತಿ ಸೇವಾ ಸಮಿತಿ ಸಂಸ್ಥೆಯ ಶಾಲೆಗಳ ಕುರಿತು,About Vishwaroopathi Seva Samithi Schools,ಭಾನುಪ್ರಕಾಶ್,Bhanu Prakasha
1974,02/12/2016,ವಸತಿ,Housing,ವಸತಿ ಯೋಜನೆಗಳ ಅಡಿಯಲ್ಲಿ ನಿರ್ಮಿಸಲಾದ ಮನೆಗಳ ಕುರಿತು,About houses built under housing schemes,ಸುನೀಲ್ ಸುಬ್ರಮಣಿ .ಎಂ.ಪಿ,Sunil Subramani M P
1975,02/12/2016,ಪ್ರಾಥಮಿಕ ಮತ್ತು ಪ್ರೌಢ ಶಿಕ್ಷಣ,Primary and Secondary Education,ಗ್ರಂಥಾಲಯ ಇಲಾಖೆಯಲ್ಲಿ ಸಂಗ್ರಹವಾದ ಸೆಸ್ ಹಣದ ಬಳಕೆಯ ಬಗ್ಗೆ,About the use of money collected money in the Library Department,ಸುನೀಲ್ ಸುಬ್ರಮಣಿ .ಎಂ.ಪಿ,Sunil Subramani M P
1976,02/12/2016,ಜವಳಿ,Textile,ರಾಮನಗರ ಪಟ್ಟಣದಲ್ಲಿ ಜವಳಿ ಪಾರ್ಕ್ ನಿರ್ಮಾಣದ ಬಗ್ಗೆ,About the construction of a textile park in Ramanagar town,ಸಯದ್ ಮುಧೀರ್ ಅಗಾ,Syed Madir Aga
1977,02/12/2016,ಪ್ರಾಥಮಿಕ ಮತ್ತು ಪ್ರೌಢ ಶಿಕ್ಷಣ,Primary and Secondary Education,ನಿವೃತ್ತಿಯಾಗುವ ಶಿಕ್ಷಕರ ಸೇವೆಯನ್ನು ವರ್ಷದ ಕೊನೆವರೆಗೆ ವಿಸ್ತರಿಸುವ ಬಗ್ಗೆ,Expanding retirement teachers to the end of the year,ಸಂಕನೂರ .ಎಸ್.ವ್ಹಿ,Sankanura S V
1978,02/12/2016,ಗಣಿ ಮತ್ತು ಭೂ ವಿಜ್ಞಾನ,Mine and geology,ಗದಗ ಜಿಲ್ಲೆಯಲ್ಲಿ ಸೃಷ್ಠಿಯಾಗಿರುವ ಮರಳಿನ ಸಮಸ್ಯೆ ಕುರಿತು,About sand problem created in Gadag district,ಸಂಕನೂರ .ಎಸ್.ವ್ಹಿ,Sankanura S V
1979,02/12/2016,ಪ್ರಾಥಮಿಕ ಮತ್ತು ಪ್ರೌಢ ಶಿಕ್ಷಣ,Primary and Secondary Education,ಸಿ ಹಾಗೂ ಡಿ ದರ್ಜೆಯ ನೌಕರರನ್ನು ಅನುದಾನಕ್ಕೆ ಒಳಪಡಿಸುವ ಕುರಿತು,About granting C and D grade employees,ಸಂಕನೂರ .ಎಸ್.ವ್ಹಿ,Sankanura S V
1980,02/12/2016,ಪ್ರಾಥಮಿಕ ಮತ್ತು ಪ್ರೌಢ ಶಿಕ್ಷಣ,Primary and Secondary Education,ಪದವಿ ಪೂರ್ವ ಮಹಾವಿದ್ಯಾಲಯಗಳ ವಿದ್ಯಾರ್ಥಿಗಳಿಂದ ಪಡೆಯುತ್ತಿರುವ ಬೋಧನಾ ಶುಲ್ಕದ ಕುರಿತು,Regarding the teaching fees received by students from undergraduate colleges,ಸಂಕನೂರ .ಎಸ್.ವ್ಹಿ,Sankanura S V
1981,02/12/2016,ಗಣಿ ಮತ್ತು ಭೂ ವಿಜ್ಞಾನ,Mine and geology,ಹಾವೇರಿ ಜಿಲ್ಲೆಯಲ್ಲಿ ಮರಳು ಸಿಗದಿರುವ ಬಗ್ಗೆ,About not getting sand in Haveri district,ಸಮಣ್ಣ ಮ ಬೇವಿನಮರದ,Samanna Ma Bevinamara
1982,02/12/2016,ಗ್ರಾಮೀಣಾಭಿವೃದ್ಧಿ ಮತ್ತು ಪಂಚಾಯತ್ ರಾಜ್,Rural Development and Panchayat Raj,ಹಾವೇರಿ ಜಿಲ್ಲೆಯಲ್ಲಿ ಕೆಲವು ಗ್ರಾಮಗಳಲ್ಲಿ ಸ್ವಂತ ಕಟ್ಟಡ ಇಲ್ಲದಿರುವ ಬಗೆ,There is a lack of own building in some villages in Haveri district,ಸಮಣ್ಣ ಮ ಬೇವಿನಮರದ,Samanna Ma Bevinamara
1983,02/12/2016,ಉನ್ನತ ಶಿಕ್ಷಣ,Higher education,ರಾಜ್ಯದಲ್ಲಿರುವ ಒಟ್ಟು ಪ್ರಥಮ ದರ್ಜೆ ಕಾಲೇಜುಗಳ ಬಗೆ,The total number of first-class colleges in the state,ಸಮಣ್ಣ ಮ ಬೇವಿನಮರದ,Samanna Ma Bevinamara
1984,02/12/2016,ಗ್ರಾಮೀಣಾಭಿವೃದ್ಧಿ ಮತ್ತು ಪಂಚಾಯತ್ ರಾಜ್,Rural Development and Panchayat Raj,"ಕಳೆದ ೩ ವರ್ಷಗಳಲ್ಲಿ ಪಂಚಾಯತ್ ಅಭಿವೃದ್ಧಿ ಅಧಿಕಾರಿ, ಕಾರ್ಯದರ್ಶಿ ಅಮಾನತ್ತುಗೊಂಡವರ ಬಗ್ಗೆ","The Panchayat Development Officer, Secretary to the suspended people in the last 3 years",ಸಮಣ್ಣ ಮ ಬೇವಿನಮರದ,Samanna Ma Bevinamara
1985,02/12/2016,ಉನ್ನತ ಶಿಕ್ಷಣ,Higher education,ಪದವಿ ಪೂರ್ವ ಕಾಲೇಜುಗಳಲ್ಲಿ ದೈಹಿಕ ಉಪನ್ಯಾಸಕರ ನೇಮಕಾತಿ ಕುರಿತು,Regarding the recruitment of physical lecturers in undergraduate colleges,ಸಮಣ್ಣ ಮ ಬೇವಿನಮರದ,Samanna Ma Bevinamara
1986,02/12/2016,ಬೃಹತ್ ಮತ್ತು ಮಧ್ಯಮ ಕೈಗಾರಿಕೆ,Large and medium enterprise,ರಾಜ್ಯದಲ್ಲಿ ಬಂಡವಾಳ ಹೂಡಿಕೆ ಮತ್ತು ಸಮಾವೇಶ ಕುರಿತು,About investment and convention in the state,ಸೋಮಣ್ಣ .ವಿ,Somanna V
1987,02/12/2016,ಸಾರಿಗೆ,Transport,ಚಾಮರಾಜನಗರ ಜಿಲ್ಲೆಯಲ್ಲಿ ಬಸ್ ನಿಲ್ದಾಣ ಕಾಮಗಾರಿ,Bus Station Works in Chamarajanagar District,ನಾಗರಾಜು .ಎಸ್,Nagaraja S
1988,02/12/2016,ಅಲ್ಪಸಂಖ್ಯಾತರ ಕಲ್ಯಾಣ,Minorities Welfare,ಅಲ್ಪಸಂಖ್ಯಾತರ ಕಲ್ಯಾಣ ಯೋಜ,Minorities Welfare Plan,ನಾಗರಾಜು .ಎಸ್,Nagaraja S
1989,02/12/2016,ಮೂಲಭೂತ ಸೌಲಭ್ಯ,Basic Facility,ಗುಂಡ್ಲುಪೇಟೆ ತಾಲ್ಲೂಕು ಚೆಂಡುಹೂವು ಸಂಸ್ಕರಣ ಘಟಕ,Gundlupete Taluk Balloon Processing Unit,ನಾಗರಾಜು .ಎಸ್,Nagaraja S
1990,02/12/2016,ಗ್ರಾಮೀಣಾಭಿವೃದ್ಧಿ ಮತ್ತು ಪಂಚಾಯತ್ ರಾಜ್,Rural Development and Panchayat Raj,ಶಿವಮೊಗ್ಗ ಜಿಲ್ಲೆಯಲ್ಲಿ ಗ್ರಾಮ ಪಂಚಾಯತಿ ಅಧಿಕಾರಿಗಳ (ಪಿಡಿಓ) ಕಾರ್ಯನಿರ್ವಹಣೆ,Operation of Gram Panchayat Officers (PDO) in Shimoga District,ಪ್ರಸನ ಕುಮಾರ್ .ಆರ್,Prasanna Kumar R
1991,02/12/2016,ಗ್ರಾಮೀಣಾಭಿವೃದ್ಧಿ ಮತ್ತು ಪಂಚಾಯತ್ ರಾಜ್,Rural Development and Panchayat Raj,ಗ್ರಾಮ ಪಂಚಾಯಿತಿ ಸದಸ್ಯರ ಗೌರವಧನ ಹೆಚ್ಚಳದ ಬಗ್ಗೆ,About raising the honor of the Gram Panchayat members,ಪ್ರಸನ ಕುಮಾರ್ .ಆರ್,Prasanna Kumar R
1992,02/12/2016,ಕೈಗಾರಿಕೆ,Industry,ಕೈಗಾರಿಕಾ ವಸಾಹತು ಯೋಜನೆಗಳ ಕುರಿತು,About Industrial Colonial Plans,ಪ್ರದೀಪ್ ಶೆಟ್ಟರ್,Pradeep Shettar
1993,02/12/2016,ಗ್ರಾಮೀಣಾಭಿವೃದ್ಧಿ ಮತ್ತು ಪಂಚಾಯತ್ ರಾಜ್,Rural Development and Panchayat Raj,ಹುದ್ದೆಗಳ ಉನ್ನತೀಕರಣ ಕುರಿತು,About posts upgrading,ಪ್ರದೀಪ್ ಶೆಟ್ಟರ್,Pradeep Shettar
1994,02/12/2016,ಗ್ರಾಮೀಣಾಭಿವೃದ್ಧಿ ಮತ್ತು ಪಂಚಾಯತ್ ರಾಜ್,Rural Development and Panchayat Raj,ಯೋಜನೆಗಳ ಅನುಷ್ಠಾನದ ಕುರಿತು,About implementation of projects,ಪ್ರದೀಪ್ ಶೆಟ್ಟರ್,Pradeep Shettar
1995,02/12/2016,ವಸತಿ,Housing,ವಸತಿ ಯೋಜನೆಯ ಫಲಾನುಭವಿಗಳ ಕುರಿತು,About the beneficiaries of the housing scheme,ಪ್ರದೀಪ್ ಶೆಟ್ಟರ್,Pradeep Shettar
1996,02/12/2016,ವಸತಿ,Housing,ವಿವಿಧ ಯೋಜನೆಗಳ ಅನುಧಾನದ ಕುರಿತು,About the various projects,ಪ್ರದೀಪ್ ಶೆಟ್ಟರ್,Pradeep Shettar
1997,02/12/2016,ಗ್ರಾಮೀಣಾಭಿವೃದ್ಧಿ ಮತ್ತು ಪಂಚಾಯತ್ ರಾಜ್,Rural Development and Panchayat Raj,ಶುದ್ಧ ಕುಡಿಯುವ ನೀರಿನ ಯೋಜನೆ ಕುರಿತು,About Pure Drinking Water Planning,ಪ್ರಾಣೇಶ್ .ಎಂ.ಕೆ,Pranesha M K
1998,02/12/2016,ಗ್ರಾಮೀಣಾಭಿವೃದ್ಧಿ ಮತ್ತು ಪಂಚಾಯತ್ ರಾಜ್,Rural Development and Panchayat Raj,ಹೊಸ ಗ್ರಾಮ ಪಂಚಾಯಿತಿಗಳಿಗೆ ಮೂಲ ಸೌಕರ್ಯಗಳ ಕುರಿತು,About basic infrastructure for new village panchayats,ಪ್ರಾಣೇಶ್ .ಎಂ.ಕೆ,Pranesha M K
1999,02/12/2016,ಗ್ರಾಮೀಣಾಭಿವೃದ್ಧಿ ಮತ್ತು ಪಂಚಾಯತ್ ರಾಜ್,Rural Development and Panchayat Raj,ಗ್ರಾಮ ಪಂಚಾಯಿತಿಗಳ ಇಂಟರ್‌ನೆಟ್ ಸಮಸ್ಯೆ ಮತ್ತು ಬಾಪೂಜಿ ಸೇವಾ ಕೇಂದ್ರಗಳ ಕುರಿತು,About Gram Panchayats Internet Issues and Bapuji Service Centers,ಪ್ರತಾಪಚಂದ್ರ ಶೆಟ್ಟಿ .ಕೆ,Pratapachandra Shetty K
2000,02/12/2016,ಗ್ರಾಮೀಣಾಭಿವೃದ್ಧಿ ಮತ್ತು ಪಂಚಾಯತ್ ರಾಜ್,Rural Development and Panchayat Raj,ಗ್ರಾಮ ಪಂಚಾಯಿತಿ ವ್ಯಾಪ್ತಿಯ ಕಿಂಡಿ ಅಣೆಕಟ್ಟು ನಿರ್ವಹಣೆಯ ಬಗ್ಗೆ,About Kindle Dam Management of Gram Panchayat Range,ಪ್ರತಾಪಚಂದ್ರ ಶೆಟ್ಟಿ .ಕೆ,Pratapachandra Shetty K
2001,02/12/2016,ಗ್ರಾಮೀಣಾಭಿವೃದ್ಧಿ ಮತ್ತು ಪಂಚಾಯತ್ ರಾಜ್,Rural Development and Panchayat Raj,ಜಿಲ್ಲಾ ಪಂಚಾಯಿತಿ ಹಾಗೂ ತಾಲ್ಲೂಕು ಪಂಚಾಯಿತಿ ಅಧ್ಯಕ್ಷರು ಮತ್ತು ಉಪಾಧ್ಯಕ್ಷರಿಗೆ ಸೌಲಭ್ಯ ನೀಡುವ ಬಗ್ಗೆ,Providing access to the Zilla Panchayat and Taluk Panchayat President and Vice President,ಪ್ರತಾಪಚಂದ್ರ ಶೆಟ್ಟಿ .ಕೆ,Pratapachandra Shetty K
2002,02/12/2016,ಗಣಿ ಮತ್ತು ಭೂವಿಜ್ಞಾನ,Mine and geology,"ಉಡುಪಿ ಜಿಲ್ಲೆ, ಗಣಿ ಮತ್ತು ಭೂವಿಜ್ಞಾನ ಇಲಾಖೆಯಲ್ಲಿ ದಾಖಲಾದ ಪ್ರಕರಣದ ಬU","The case was registered in Udupi District, Mines and Geology department",ಪ್ರತಾಪಚಂದ್ರ ಶೆಟ್ಟಿ .ಕೆ,Pratapachandra Shetty K
2003,02/12/2016,ಗಣಿ ಮತ್ತು ಭೂವಿಜ್ಞಾನ,Mine and geology,ಗಣಿ ಮತ್ತು ಭೂ ವಿಜ್ಞಾನ ಇಲಾಖೆಯ ವಿವಿಧ ದರ್ಜೆಯ ಅಧಿಕಾರಿಗಳ ಕುರಿತು,Regarding various grade officers of the Department of Mines and Geology,ಪ್ರತಾಪಚಂದ್ರ ಶೆಟ್ಟಿ .ಕೆ,Pratapachandra Shetty K
2004,02/12/2016,ಬೃಹತ್ ಮತ್ತು ಮಧ್ಯಮ ಕೈಗಾರಿಕೆ,Large and medium enterprise,ಕಲಬುರಗಿ-ಬೀದರ್ ರೈಲು ಮಾರ್ಗವು ರಾಜ್ಯ ಸರ್ಕಾರದ ಸಹಭಾಗಿತ್ವದ ಬಗ್ಗೆ,The Kalaburagi-Bidar rail line is about the state government's involvement,ಪಾಟೀಲ್ .ಬಿ.ಜಿ,Patil B G
2005,02/12/2016,ಪ್ರಾಥಮಿಕ ಮತ್ತು ಪ್ರೌಢ ಶಿಕ್ಷಣ,Primary and Secondary Education,ಕಲಬುರಗಿ ಕಂದಾಯ ವಿಭಾಗದ ಜಿಲ್ಲೆಗಳಿಗೆ ಮಂಜೂರಾಗಿರುವ ಶಿಕ್ಷಕರ ಹುದ್ದೆಗಳ ಬಗ್ಗೆ,About the posts of teachers sanctioned to the Kaluburiga Revenue Divisional Districts,ಪಾಟೀಲ್ .ಬಿ.ಜಿ,Patil B G
2006,02/12/2016,ಪ್ರಾಥಮಿಕ ಮತ್ತು ಪ್ರೌಢ ಶಿಕ್ಷಣ,Primary and Secondary Education,ಕಲಬುರಗಿ ಕಂದಾಯ ವಿಭಾಗದಲ್ಲಿ ಸರ್ಕಾರಿ ಪ್ರಾಥಮಿಕ ಮತ್ತು ಪ್ರೌಢ ಶಿಕ್ಷಣ ಶಾಲೆಗಳ ಬಗೆ,The type of government primary and secondary education in the Department of Art and Culture,ಪಾಟೀಲ್ .ಬಿ.ಜಿ,Patil B G
2007,02/12/2016,ಗ್ರಾಮೀಣಾಭಿವೃದ್ಧಿ ಮತ್ತು ಪಂಚಾಯತ್ ರಾಜ್,Rural Development and Panchayat Raj,ಗ್ರಾಮ ಪಂಚಾಯತಿಗಳಲ್ಲಿ ಉಳಿದಿರುವ ಬಾಕಿ ವಿದ್ಯುತ್ ಬಿಲ್ಲುಗಳ ಕುರಿತು,About remaining pending power bills in Gram Panchayats,ಶರವಣ .ಟಿ.ಎ,Sharavana T A
2008,02/12/2016,ಪ್ರಾಥಮಿಕ ಮತ್ತು ಪ್ರೌಢ ಶಿಕ್ಷಣ,Primary and Secondary Education,ದೈಹಿಕ ಶಿಕ್ಷಕರ ನೇಮಕಾತಿ ಬಗ್ಗೆ,About physical teacher recruitment,ಶರವಣ .ಟಿ.ಎ,Sharavana T A
2009,02/12/2016,ಪ್ರಾಥಮಿಕ ಮತ್ತು ಪ್ರೌಢ ಶಿಕ್ಷಣ,Primary and Secondary Education,ಶಾಲೆಯಿಂದ ಹೊರಗುಳಿದ ಮಕ್ಕಳ ಕುರಿತು,About children who are out of school,ಶರವಣ .ಟಿ.ಎ,Sharavana T A
2010,02/12/2016,ಸಾರಿಗೆ,Transport,ವಿಕಲಚೇತನರಿಗೆ ರಿಯಾಯಿತಿ ದರದ ಬಸ್ ಪಾಸ್ ಕುರಿತು,Disbursements on discounted bus passes,ಶರವಣ .ಟಿ.ಎ,Sharavana T A
2011,02/12/2016,ಉನ್ನತ ಶಿಕ್ಷಣ,Higher education,ಪರಿಶಿಷ್ಠ ಜಾತಿ ಮತ್ತು ಪರಿಶಿಷ್ಠ ಪಂಗಡದ ವಿದ್ಯಾರ್ಥಿಗಳಿಗೆ ಉಚಿತ ಲ್ಯಾಪ್‌ಟಾಪ್ ವಿತರಣೆ ಕುರಿತು,Free laptop distribution to Scheduled Caste and Scheduled Tribes students,ವೀರಯ್ಯ .ಡಿ.ಎಸ್,Veerayya D S
2012,02/12/2016,ಗ್ರಾಮೀಣಾಭಿವೃದ್ಧಿ ಮತ್ತು ಪಂಚಾಯತ್ ರಾಜ್,Rural Development and Panchayat Raj,ರೂರಲ್ ಡೆವಲಪ್‌ಮೆಂಟ್ ಆಫೀಸರ‍್ಸ್ (ಖ.ಆ.ಔ) ಹುದ್ದೆಯ ಕುರಿತು,About Rural Development Officers (KAU),ವೀಣಾ ಅಚ್ಚಯ್ಯ .ಎಸ್,Veena achchaiah S
2013,02/12/2016,ಗ್ರಾಮೀಣಾಭಿವೃದ್ಧಿ ಮತ್ತು ಪಂಚಾಯತ್ ರಾಜ್,Rural Development and Panchayat Raj,ಪಂಚಾಯತ್ ಅಭಿವೃದ್ಧಿ ಅಧಿಕಾರಿ ಹುದ್ದೆಯ ವೃಂದವನ್ನು ಮೇಲ್ದರ್ಜೆಗೇರಿಸುವ ಕುರಿತು,Panchayat Development Officer about upgrading the post,ವೀಣಾ ಅಚ್ಚಯ್ಯ .ಎಸ್,Veena achchaiah S
2014,02/12/2016,ಬೃಹತ್ ಮತ್ತು ಮಧ್ಯಮ ಕೈಗಾರಿಕೆ,Large and medium enterprise,ಮಹಿಳಾ ಉದ್ಯಮ ಪಾರ್ಕ್’ಗಳ ಕುರಿತು,About Women's Business Parks,ವೀಣಾ ಅಚ್ಚಯ್ಯ .ಎಸ್,Veena achchaiah S
2015,02/12/2016,ಪ್ರಾಥಮಿಕ ಮತ್ತು ಪ್ರೌಢ ಶಿಕ್ಷಣ,Primary and Secondary Education,ಕೊಡಗು ಜಿಲ್ಲೆಯಲ್ಲಿನ ಸರ್ಕಾರಿ ಶಾಲೆಗಳ ಕುರಿತು,About Government Schools in Kodagu District,ವೀಣಾ ಅಚ್ಚಯ್ಯ .ಎಸ್,Veena achchaiah S
2016,02/12/2016,ಗ್ರಾಮೀಣಾಭಿವೃದ್ಧಿ ಮತ್ತು ಪಂಚಾಯತ್ ರಾಜ್,Rural Development and Panchayat Raj,ಉದ್ಯೋಗ ಖಾತ್ರಿ ಯೋಜನೆ ಅಡಿ ಅನುದಾನ ಬಿಡುಗಡೆ ಮಾಡುವ ಬಗ್ಗೆ,About grant of funds under the Employment Guarantee Scheme,ವಿಜಯ್ ಸಿಂಗ್,Vijay Singh
2017,02/12/2016,ಗ್ರಾಮೀಣಾಭಿವೃದ್ಧಿ ಮತ್ತು ಪಂಚಾಯತ್ ರಾಜ್,Rural Development and Panchayat Raj,ಗ್ರಾಮ ಪಂಚಾಯಿತಿ ಹಾಗೂ ಅವುಗಳ ಕಟ್ಟಡದ ಕುರಿತು,About the Gram Panchayat and their Building,ವಿಜಯ್ ಸಿಂಗ್,Vijay Singh
2018,02/12/2016,ಗ್ರಾಮೀಣಾಭಿವೃದ್ಧಿ ಮತ್ತು ಪಂಚಾಯತ್ ರಾಜ್,Rural Development and Panchayat Raj,ಶುದ್ಧ ಕುಡಿಯುವ ನೀರಿನ ಘಟಕ,Pure drinking water unit,ವಿಜಯ್ ಸಿಂಗ್,Vijay Singh
2019,02/12/2016,ಗ್ರಾಮೀಣಾಭಿವೃದ್ಧಿ ಮತ್ತು ಪಂಚಾಯತ್ ರಾಜ್,Rural Development and Panchayat Raj,ಗ್ರಾಮ ಪಂಚಾಯತ್ ಕಾರ್ಯದರ್ಶಿಗಳ ಹುದ್ದೆಗಳ ಬಗೆ,Grama Panchayat Secretariat posts,ವಿಜಯ್ ಸಿಂಗ್,Vijay Singh
2020,02/12/2016,ಪ್ರಾಥಮಿಕ ಮತ್ತು ಪ್ರೌಢ ಶಿಕ್ಷಣ,Primary and Secondary Education,ಬೀದರ್ ಹಾಗೂ ಕಲಬುರಗಿ ಜಿಲ್ಲೆಯಲ್ಲಿ ಗಡಿಭಾಗದ ಕನ್ನಡ ಶಾಲೆಗಳ ಬಗ್ಗೆ,Bidar and the Borderline Kannada Schools in Kalaburagi district,ವಿಜಯ್ ಸಿಂಗ್,Vijay Singh
2021,02/12/2016,ಗ್ರಾಮೀಣಾಭಿವೃದ್ಧಿ ಮತ್ತು ಪಂಚಾಯತ್ ರಾಜ್,Rural Development and Panchayat Raj,ರಾಜ್ಯದಲ್ಲಿ ಇಲ್ಲಿಯವರೆಗೆ ಅಳವಡಿಸಿರುವ ಶುದ್ಧ ಕುಡಿಯುವ ನೀರಿನ ಘಟಕದ ಬಗ್ಗೆ,Regarding the clean drinking water unit that has been set up in the state so far,ಬಸನಗೌಡ ಆರ್ ಪಾಟೀಲ್,Basanagowda R Patil
2022,02/12/2016,ಪ್ರಾಥಮಿಕ ಮತ್ತು ಪ್ರೌಢ ಶಿಕ್ಷಣ,Primary and Secondary Education,ರಾಜ್ಯದಲ್ಲಿ ಪ್ರಾಥಮಿಕ ಮತ್ತು ಪ್ರೌಢ ಶಿಕ್ಷಣಕ್ಕೆ ಇರುವ ಯೋಜನೆಗಳ ಬಗ್ಗೆ,About projects for primary and secondary education in the state,ಬಸನಗೌಡ ಆರ್ ಪಾಟೀಲ್,Basanagowda R Patil
2023,02/12/2016,ಗ್ರಾಮೀಣಾಭಿವೃದ್ಧಿ ಮತ್ತು ಪಂಚಾಯತ್ ರಾಜ್,Rural Development and Panchayat Raj,ಕಾಮಗಾರಿ ಅನುಷ್ಠಾನ ವಿಳಂಬ,Delay implementation of work,ಬಸನಗೌಡ ಆರ್ ಪಾಟೀಲ್,Basanagowda R Patil
2024,02/12/2016,ವಸತಿ,Housing,ಕೊಳಚೆ ನಿರ್ಮೂಲನೆ ಮಂಡಳಿ ಅನುದಾನದ ಬಗ್ಗೆ,About Sewage Elimination Board Grants,ಬಸನಗೌಡ ಆರ್ ಪಾಟೀಲ್,Basanagowda R Patil
2025,02/12/2016,ಪ್ರಾಥಮಿಕ ಮತ್ತು ಪ್ರೌಢ ಶಿಕ್ಷಣ,Primary and Secondary Education,ಧಾರವಾಡದ ಶಿಕ್ಷಣ ಆಯುಕ್ತಾಲಯದ ವ್ಯಾಪ್ತಿಯ ಬೋಧಕೇತರ ನೌಕರರ ಬಡ್ತಿ ಕುರಿತು,About the promotion of non-teaching employees of the Dharwad Education Commission,ಬಸವರಾಜ ಶಿವಲಿಂಗಪ್ಪ ಹೊರಟಿ,Basavaraja Shivalingappa Horatti
2026,02/12/2016,ಸ್ಥಳೀಯ ಸಂಸ್ಥೆ,Local organization,ಸ್ಥಳೀಯ ಸಂಸ್ಥೆಗಳು ತೆರಿಗೆಯೊಂದಿಗೆ ವಸೂಲು ಮಾಡಿದ ಗ್ರಂಥಾಲಯ ಸೆಸ್‌ನ್ನು ಗ್ರಂಥಾಲಯ ಇಲಾಖೆಗೆ ನೀಡುವ ಬಗ್ಗೆ,About granting Library Cess to the Library Department where the local corporations have acquired taxes,ಬಸವರಾಜ ಶಿವಲಿಂಗಪ್ಪ ಹೊರಟಿ,Basavaraja Shivalingappa Horatti
2027,02/12/2016,ಉನ್ನತ ಶಿಕ್ಷಣ,Higher education,ಅತಿಥಿ ಉಪನ್ಯಾಸಕರಿಗೆ ಯು.ಜಿ.ಸಿ. ನಿಗಧಿಪಡಿಸಿರುವ ಸಂಭಾವನೆ ನೀಡುವ ಬಗ್ಗೆ,UGC for guest lecturers Providing a fixed payment,ಬಸವರಾಜ ಶಿವಲಿಂಗಪ್ಪ ಹೊರಟಿ,Basavaraja Shivalingappa Horatti
2028,02/12/2016,ಪ್ರಾಥಮಿಕ ಮತ್ತು ಪ್ರೌಢ ಶಿಕ್ಷಣ,Primary and Secondary Education,ರಾಜ್ಯ ಶಿಕ್ಷಣ ವ್ಯವಸ್ಥೆಯಲ್ಲಿ ತ್ರಿ ಟೈರ್ ಪದ್ಧತಿಯನ್ನು ಪೂರ್ಣಪ್ರಮಾಣದಲ್ಲಿ ಅಳವಡಿಸುವ ಕುರಿತು,The full implementation of the three-tier system in the state education system,ಬಸವರಾಜ ಶಿವಲಿಂಗಪ್ಪ ಹೊರಟಿ,Basavaraja Shivalingappa Horatti
2029,02/12/2016,ಪ್ರಾಥಮಿಕ ಮತ್ತು ಪ್ರೌಢ ಶಿಕ್ಷಣ,Primary and Secondary Education,"ರಾಜ್ಯದ ಪ್ರಾಥಮಿಕ, ಪ್ರೌಢ ಹಾಗೂ ಪದವಿ ಪೂರ್ವ ಕಾಲೇಜುಗಳಿಗೆ ದೈಹಿಕ ಶಿಕ್ಷಕರ ಹುದ್ದೆಗಳನ್ನು ಸೃಜಿಸುವ ಬಗ್ಗೆ","Creating Physical Teacher posts for primary, secondary and graduate colleges in the state",ಬಸವರಾಜ ಶಿವಲಿಂಗಪ್ಪ ಹೊರಟಿ,Basavaraja Shivalingappa Horatti
2030,02/12/2016,ಗ್ರಾಮೀಣಾಭಿವೃದ್ಧಿ ಮತ್ತು ಪಂಚಾಯತ್,Rural Development and Panchayat,ತುರುವೇಕೆರೆ ಕ್ಷೇತ್ರದ ಶುದ್ಧ ಕುಡಿಯುವ ನೀರಿನ ಘಟಕ ಬಗೆ,Type of Pure Drinking Water Unit in Tuvaerekere constituency,ಲಕ್ಷ್ಮೀನಾರಾಯಣ .ಎಂ.ಡಿ,Lakshmi Narayana MD
2031,02/12/2016,ಗ್ರಾಮೀಣಾಭಿವೃದ್ಧಿ ಮತ್ತು ಪಂಚಾಯತ್,Rural Development and Panchayat,ತುರುವೇಕೆರೆ ಕ್ಷೇತ್ರದಲ್ಲಿ ನಿವೇಶನ ಹಂಚಿಕೆ ಬಗ್ಗೆ,About sharing of land in Trivikere,ಲಕ್ಷ್ಮೀನಾರಾಯಣ .ಎಂ.ಡಿ,Lakshmi Narayana MD
2032,02/12/2016,ಪ್ರಾಥಮಿಕ ಮತ್ತು ಪ್ರೌಢ ಶಿಕ್ಷಣ,Primary and Secondary Education,ತುರುವೇಕೆರೆ ಕ್ಷೇತ್ರದ ಶಿಕ್ಷಕರ ಬಗೆ,Teacher type in Tuvaerekere constituency,ಲಕ್ಷ್ಮೀನಾರಾಯಣ .ಎಂ.ಡಿ,Lakshmi Narayana MD
2033,02/12/2016,ವಸತಿ,Housing,ಅಲರವಾಡ ಗ್ರಾಮದಲ್ಲಿರುವ ಮನೆಗಳ ಮರು ಮಂಜೂರಾತಿ ಬಗ್ಗೆ,Re-sanction of houses in Alarawada village,ಲಕ್ಷ್ಮೀನಾರಾಯಣ .ಎಂ.ಡಿ,Lakshmi Narayana MD
2034,02/12/2016,ಗ್ರಾಮೀಣಾಭಿವೃದ್ಧಿ ಮತ್ತು ಪಂಚಾಯತ್ ರಾಜ್,Rural Development and Panchayat Raj,ತುಮಕೂರು ಜಿಲ್ಲೆಯ ತುರುವೇಕೆರೆ-ದೇವಿಹಳ್ಳಿ ಗ್ರಾಮದ ಸರ್ವೆ ನಂ. ೩೨ರ ಜಮೀನಿನ ಬಗ್ಗೆ,Survey No. of Thurukere-Devihalli village in Tumkur district. About the Land of 32,ಲಕ್ಷ್ಮೀನಾರಾಯಣ .ಎಂ.ಡಿ,Lakshmi Narayana MD
2035,02/12/2016,ವಸತಿ,Housing,ನೆರೆ ಹಾವಳಿಗೆ ನೊಂದವರಿಗೆ ಮನೆ ನೀಡುವ ಬಗ್ಗೆ,About giving home to the victims of the neighborhood,ಲಕ್ಷ್ಮೀನಾರಾಯಣ .ಎಂ.ಡಿ,Lakshmi Narayana MD
2036,02/12/2016,ಪ್ರಾಥಮಿಕ ಮತ್ತು ಪ್ರೌಢ ಶಿಕ್ಷಣ,Primary and Secondary Education,ಕರ್ನಾಟಕ ರಾಜ್ಯ ಪ್ರೌಢಶಾಲಾ ಮತ್ತು ಪದವಿಪೂರ್ವ ಬೋಧಕ ಸಿಬ್ಬಂದಿಗೆ “ವಿಶೇಷ ಬಡ್ತಿ” ನೀಡುವ ಬಗ್ಗೆ,"Karnataka State is offering ""special promotion"" to high school and undergraduate faculty",ಶ್ರೀಕಂಠೇಗೌಡ .ಕೆ.ಟಿ,Lakshmi Narayana MD
2037,02/12/2016,ಉನ್ನತ ಶಿಕ್ಷಣ,Higher education,ಹಳೇ ಮೈಸೂರು ಭಾಗದಲ್ಲಿ ಹೊಸದಾಗಿ ಸರ್ಕಾರಿ ಕಿರಿಯ ತಾಂತ್ರಿಕ ಶಾಲೆ (ಜಿ.ಜೆ.ಟಿ.ಎಸ್.) ಪ್ರಾರಂಭ ಮಾಡುವ ಬಗ್ಗೆ,About the launch of the new Government Government School (GJTS) at Old Mysore,ಶ್ರೀಕಂಠೇಗೌಡ .ಕೆ.ಟಿ,Srikantegowda KT
2038,02/12/2016,ಉನ್ನತ ಶಿಕ್ಷಣ,Higher education,ಪ್ರತ್ಯೇಕಗೊಂಡ ಪದವಿ ಪೂರ್ವ ಕಾಲೇಜುಗಳ ಬಗ್ಗೆ,Regarding isolated degree pre-colleges,ಶ್ರೀಕಂಠೇಗೌಡ .ಕೆ.ಟಿ,Srikantegowda KT
2039,02/12/2016,ಪ್ರಾಥಮಿಕ ಮತ್ತು ಪ್ರೌಢ ಶಿಕ್ಷಣ,Primary and Secondary Education,ರಾಜ್ಯದ ಪ್ರೌಢ ಶಾಲೆಗಳಲ್ಲಿ ಮಾಹಿತಿ ಸಿಂಧು ಕಂಪ್ಯೂಟರ್ ಶಿಕ್ಷಣ ಜಾರಿಗೆ ಕುರಿತು,About implementing Sindhu computer education in state high schools,ಶ್ರೀಕಂಠೇಗೌಡ .ಕೆ.ಟಿ,Srikantegowda KT
2040,02/12/2016,ಗ್ರಾಮೀಣಾಭಿವೃದ್ಧಿ ಮತ್ತು ಪಂಚಾಯತ್ ರಾಜ್,Rural Development and Panchayat Raj,ಪಂಚಾಯತ್ ಅಭಿವೃದ್ಧಿ ಅಧಿಕಾರಿ ಹುದ್ದೆಯನ್ನು ಮೇಲ್ದರ್ಜೆಗೇರಿಸುವ ಬಗ್ಗೆ,Upgrading the post of Panchayat Development Officer,ಶ್ರೀಕಂಠೇಗೌಡ .ಕೆ.ಟಿ,Srikantegowda KT
2041,02/12/2016,ಗ್ರಾಮೀಣಾಭಿವೃದ್ಧಿ ಮತ್ತು ಪಂಚಾಯತ್ ರಾಜ್,Rural Development and Panchayat Raj,ಗ್ರಾಮೀಣಾಭಿವೃದ್ಧಿ ಇಲಾಖೆಯಿಂದ ನಿಯೋಜನೆ ಮೇಲೆ ಅಧಿಕಾರಿಗಳ ಬಗ್ಗೆ,About Officers on Deployment from the Rural Development Department,ಮನೋಹರ್ .ಸಿ.ಆರ್,Manohara CR
2042,02/12/2016,ಗ್ರಾಮೀಣಾಭಿವೃದ್ಧಿ ಮತ್ತು ಪಂಚಾಯತ್ ರಾಜ್,Rural Development and Panchayat Raj,ಗ್ರಾಮೀಣಾಭಿವೃದ್ಧಿ ಇಲಾಖೆಯಿಂದ ನಿಯೋಜನೆ ಮೇಲೆ ಅಧಿಕಾರಿಗಳ ಬಗ್ಗೆ,About Officers on Deployment from the Rural Development Department,ಮನೋಹರ್ .ಸಿ.ಆರ್,Manohara CR
2043,02/12/2016,ವಸತಿ,Housing,ವಸತಿ ರಹಿತರಿಗೆ ನಿವೇಶನ ಮತ್ತು ವಸತಿ ಸೌಲಭ್ಯ ಕಲ್ಪಿಸುವ ಬಗ್ಗೆ,About land and housing facilities for non-housing,ಮನೋಹರ್ .ಸಿ.ಆರ್,Manohara CR
2044,02/12/2016,ಗ್ರಾಮೀಣಾಭಿವೃದ್ಧಿ ಮತ್ತು ಪಂಚಾಯತ್ ರಾಜ್,Rural Development and Panchayat Raj,ಗ್ರಾಮ ಪಂಚಾಯತ್‌ಗಳಲ್ಲಿ ಈ-ಸ್ವತ್ತು ನಮೂನೆ ಬಗೆ,This is an asset type in the Gram Panchayats,ಮನೋಹರ್ .ಸಿ.ಆರ್,Manohara CR
2045,02/12/2016,ಗ್ರಾಮೀಣಾಭಿವೃದ್ಧಿ ಮತ್ತು ಪಂಚಾಯತ್ ರಾಜ್,Rural Development and Panchayat Raj,ಗ್ರಾಮೀಣಾಭಿವೃದ್ಧಿ ಮತ್ತು ಪಂಚಾಯತ್ ರಾಜ್ ಇಲಾಖೆಯಲ್ಲಿನ ಅಕ್ರಮಗಳು,Irregularities in Rural Development and Panchayat Raj Department,ಅಪ್ಪಾಜಿಗೌಡ .ಎನ್,Appajigowda N
2046,02/12/2016,ವಸತಿ,Housing,ಹಂಚಿಕೆ ಮಾಡಲಾದ ಮನೆ ಮತ್ತು ನಿವೇಶನಗಳ ಬಗ್ಗೆ,About shared home and land,ಅಪ್ಪಾಜಿಗೌಡ .ಎನ್,Appajigowda N
2047,02/12/2016,ಗಣಿ ಮತ್ತು ಭೂವಿಜ್ಞಾನ,Mine and geology,ಕಬ್ಬಿಣ ಮತ್ತು ಮ್ಯಾಂಗನೀಸ್ ಅದಿರಿನ ಉತ್ಪಾದನೆ,Iron and manganese ore production,ಅಪ್ಪಾಜಿಗೌಡ .ಎನ್,Appajigowda N
2048,02/12/2016,ಸಾರಿಗೆ,Transport,ಜಿಲ್ಲಾ ಮಟ್ಟದ ಖ.ಖಿ.ಂ. ಸಭೆ ಬಗ್ಗೆ,District Level KKM About the meeting,ಅಪ್ಪಾಜಿಗೌಡ .ಎನ್,Appajigowda N
2049,02/12/2016,ಉನ್ನತ ಶಿಕ್ಷಣ,Higher education,ಶಿಕ್ಷಣ ಇಲಾಖೆಯಲ್ಲಿ ಪದವಿ ಪೂರ್ವ ಕಾಲೇಜುಗಳನ್ನು ಅಲ್ಪಸಂಖ್ಯಾತವೆಂದು ಘೋಷಿಸುವ ಬಗ್ಗೆ,About declaring graduate colleges as minority in the Department of Education,ಅಬ್ದುಲ್ ಜಬ್ಬಾರ್ .ಕೆ,Abdul Jabbar K
2050,02/12/2016,ಉನ್ನತ ಶಿಕ್ಷಣ,Higher education,ಅಲ್ಪಸಂಖ್ಯಾತರ ಸಮುದಾಯದ ಪದವಿ ಕಾಲೇಜುಗಳಲ್ಲಿರುವ ಖಾಲಿ ಹುದ್ದೆಗಳನ್ನು ಭರ್ತಿ ಮಾಡುವ ಬಗ್ಗೆ,Filling up empty vacancies in community graduate colleges in minority communities,ಅಬ್ದುಲ್ ಜಬ್ಬಾರ್ .ಕೆ,Abdul Jabbar K
2051,02/12/2016,ಅಲ್ಪಸಂಖ್ಯಾತರ ಕಲ್ಯಾಣ,Minorities Welfare,ಅಲ್ಪಸಂಖ್ಯಾತರ ಕಲ್ಯಾಣ ಇಲಾಖೆಯಿಂದ ಶಾದಿ ಮಹಲ್ ನಿರ್ಮಾಣದ ಯೋಜನೆ ಬಗ್ಗೆ,About the project of the Shadi Mahal project by the Department of Minorities Welfare,ಅಬ್ದುಲ್ ಜಬ್ಬಾರ್ .ಕೆ,Abdul Jabbar K
2052,02/12/2016,ಉನ್ನತ ಶಿಕ್ಷಣ,Higher education,ಅಲ್ಪಸಂಖ್ಯಾತರ ಸಮುದಾಯದ ಪದವಿ ಪೂರ್ವ ಕಾಲೇಜುಗಳಲ್ಲಿ ಖಾಲಿ ಹುದ್ದೆಗಳನ್ನು ಭರ್ತಿ ಮಾಡುವ ಬಗ್ಗೆ,About filling up vacant posts in the minority community community pre-colleges,ಅಬ್ದುಲ್ ಜಬ್ಬಾರ್ .ಕೆ,Abdul Jabbar K
2053,02/12/2016,ಉನ್ನತ ಶಿಕ್ಷಣ,Higher education,ಉನ್ನತ ಶಿಕ್ಷಣ ಇಲಾಖೆಯಲ್ಲಿ ಪದವಿ ಕಾಲೇಜುಗಳನ್ನು ಅಲ್ಪಸಂಖ್ಯಾತವೆಂದು ಘೋಷಿಸುವ ಬಗ್ಗೆ,About announcing graduate colleges as minority in the higher education department,ಅಬ್ದುಲ್ ಜಬ್ಬಾರ್ .ಕೆ,Abdul Jabbar K
2054,02/12/2016,ಪ್ರಾಥಮಿಕ ಮತ್ತು ಪ್ರೌಢ ಶಿಕ್ಷಣ,Primary and Secondary Education,ಸರ್ಕಾರಿ ಶಾಲೆ ಹಾಗೂ ಕಾಲೇಜುಗಳಿಗೆ ಮೂಲಭೂತ ಸೌಕರ್ಯಗಳ ಬಗ್ಗೆ,About government infrastructure and infrastructure for colleges,ಅಮರನಾಥ ಪಾಟೀಲ್,Amaranatha Patil
2055,02/12/2016,ಗ್ರಾಮೀಣಾಭಿವೃದ್ಧಿ ಮತ್ತು ಪಂಚಾಯತ್ ರಾಜ್,Rural Development and Panchayat Raj,ಕಾಮಗಾರಿಗಳಿಗೆ ಅನುದಾನ ಬಿಡುಗಡೆ,Grants to the Works,ಅಮರನಾಥ ಪಾಟೀಲ್,Amaranatha Patil
2056,02/12/2016,ಗ್ರಾಮೀಣಾಭಿವೃದ್ಧಿ ಮತ್ತು ಪಂಚಾಯತ್ ರಾಜ್,Rural Development and Panchayat Raj,“ಗ್ರಾಮ ಸ್ವರಾಜ್” ಯೋಜನೆಯಡಿ ಕಂಪ್ಯೂಟರ್ ಖರೀದಿ ಹಗರಣದ ಬಗೆ,"The type of computer purchase scam under the ""Gram Swaraj"" scheme",ಅಮರನಾಥ ಪಾಟೀಲ್,Amaranatha Patil
2057,02/12/2016,ಗಣಿ ಮತ್ತು ಭೂವಿಜ್ಞಾನ,Mine and geology,ಏಒಇಖಅ ಗಣಿಗಾರಿಕೆಯ ಭಾಧ್ಯತೆಗೆ ಒಳಗಾಗಿರುವ ಹೊಸಪೇಟೆ ನಗರ ಅಭಿವೃದ್ಧ್ದಿ ಕುರಿತು,About the development of AOEA mining concerns about the development of urban development,ಅಮರನಾಥ ಪಾಟೀಲ್,Amaranatha Patil
2058,02/12/2016,ಪ್ರಾಥಮಿಕ ಮತ್ತು ಪ್ರೌಢ ಶಿಕ್ಷಣ,Primary and Secondary Education,ಸರ್ಕಾರಿ ಶಾಲೆ ಹಾಗೂ ಕಾಲೇಜುಗಳಿಗೆ ಮೂಲಭೂತ ಸೌಕರ್ಯಗಳ ಬಗ್ಗೆ,About government infrastructure and infrastructure for colleges,ಅಮರನಾಥ ಪಾಟೀಲ್,Amaranatha Patil
2059,02/12/2016,ಪ್ರಾಥಮಿಕ ಮತ್ತು ಪ್ರೌಢ ಶಿಕ್ಷಣ,Primary and Secondary Education,ಕಾಲ್ಪನಿಕ ವೇತನ ಜಾರಿ ಕುರಿತು ಶ್ರೀ ಬಸವರಾಜ ಹೊರಟ್ಟಿ ಶಿಫಾರಸ್ಸಿನ ವರದಿ ಕುರಿತು,Mr. Basavaraja Wariyatti about the recommendation report on fictitious pay enforcement,ಅಮರನಾಥ ಪಾಟೀಲ್,Amaranatha Patil
2060,02/12/2016,ಪ್ರಾಥಮಿಕ ಮತ್ತು ಪ್ರೌಢ ಶಿಕ್ಷಣ,Primary and Secondary Education,ಮೇಲ್ವಿಚಾರಕರ ಹುದ್ದೆಗೆ ಮುಂಬಡ್ತಿ ನೀಡುವಾಗ ನಿಯಮಾವಳಿ ಪಾಲನೆ ಆಗದಿರುವ ಬಗ್ಗೆ,Regarding the Code of Conduct while promoting the post of superintendent,ಅರುಣ ಶಹಾಪುರ,Aruna Shahaapura
2061,02/12/2016,ಪ್ರಾಥಮಿಕ ಮತ್ತು ಪ್ರೌಢ ಶಿಕ್ಷಣ,Primary and Secondary Education,ರಾಜ್ಯದ ಶಿಕ್ಷಣ ನೀತಿ ಕುರಿತು,About state education policy,ಅರುಣ ಶಹಾಪುರ,Aruna Shahaapura
2062,02/12/2016,ಪ್ರಾಥಮಿಕ ಮತ್ತು ಪ್ರೌಢ ಶಿಕ್ಷಣ,Primary and Secondary Education,ಪ್ರೌಢಶಾಲೆ ಹಾಗೂ ಪದವಿ ಪೂರ್ವ ಉಪನ್ಯಾಸಕರಿಗೆ ವಿಶೇಷ ಬಡ್ತಿ ನೀಡುವ ಬಗ್ಗೆ,Special promotion for high school and graduate lecturers,ಅರುಣ ಶಹಾಪುರ,Aruna Shahaapura
2063,02/12/2016,ಉನ್ನತ ಶಿಕ್ಷಣ,Higher education,ಂIಅಖಿಇ ಹಾಗೂ Uಉಅ ವೇತನ ಕುರಿತು,I am talking about the ACHIE and U U,ಅರುಣ ಶಹಾಪುರ,Aruna Shahaapura
2064,02/12/2016,ಪ್ರಾಥಮಿಕ ಮತ್ತು ಪ್ರೌಢ ಶಿಕ್ಷಣ,Primary and Secondary Education,ಶಾಲಾ ಕಾಲೇಜುಗಳನ್ನು ಅನುದಾನಕ್ಕೆ ಒಳಪಡಿಸುವ ಬಗೆ,How to Grant School Colleges,ಅರುಣ ಶಹಾಪುರ,Aruna Shahaapura
2065,02/12/2016,ಗ್ರಾಮೀಣಾಭಿವೃದ್ಧಿ ಮತ್ತು ಪಂಚಾಯತ್ ರಾಜ್,Rural Development and Panchayat Raj,ಗ್ರಾಮೀಣ ನೀರು ಸರಬರಾಜು ಕುಡಿಯುವ ನೀರಿನ ಬU,Rural Water Supply Drinking Water,ಜಯಮ್ಮ,Jayamma
2066,02/12/2016,ಉನ್ನತ ಶಿಕ್ಷಣ,Higher education,ಸರ್ಕಾರಿ ಪದವಿ ಕಾಲೇಜುಗಳಲ್ಲಿನ ಉಪನ್ಯಾಸಕರ ಕೊರತೆ ಬಗ್ಗೆ,About Lecturers in Government Degree Colleges,ಜಯಮ್ಮ,Jayamma
2067,02/12/2016,ಅಲ್ಪಸಂಖ್ಯಾತರ ಕಲ್ಯಾಣ,Minorities Welfare,"ಶಾದಿ ಮಹಲ್, ದರ್ಗಾಗಳಿಗೆ ನೀಡಿದ ಅನುದಾನ ಕುರಿತು","Shadi Mahal, grant to Dargas",ಇಕ್ಬಾಲ್ ಅಹ್ಮದ್ ಸರಡಗಿ,Ikbal Ahmad Sadaragi
2068,02/12/2016,ವಸತಿ,Housing,ಕಲಬುರಗಿ ಜಿಲ್ಲೆಯಲ್ಲಿ ವಸತಿ ಯೋಜನೆಯಡಿ ಮಂಜೂರಾಗಿರುವ ಮನೆಗಳು,Houses sanctioned under the housing scheme in Kalaburagi district,ಇಕ್ಬಾಲ್ ಅಹ್ಮದ್ ಸರಡಗಿ,Ikbal Ahmad Sadaragi
2069,02/12/2016,ಉನ್ನತ ಶಿಕ್ಷಣ,Higher education,ಪದವಿ ಕಾಲೇಜುಗಳಲ್ಲಿನ ಉಪನ್ಯಾಸಕರು ಹಾಗೂ ಪ್ರಾಧ್ಯಾಪಕರುಗಳಿಗೆ ಸರ್ಕಾರದಿಂದ ಪ್ರಶಸ್ತಿ ನೀಡುವ ಕುರಿತು,About awarding the government to lecturers and professors in graduate colleges,ರಾಮಚಂದ್ರಗೌಡ,Ramachandra Gowda
2070,02/12/2016,ಉನ್ನತ ಶಿಕ್ಷಣ,Higher education,"ಸರ್ಕಾರಿ ಪದವಿ ಕಾಲೇಜುಗಳಲ್ಲಿ ಪ್ರಾಂಶುಪಾಲರ ಹುದ್ದೆಗಳು ಖಾಲಿ ಇದ್ದು, ಭರ್ತಿ ಮಾಡುವ ಬಗೆ",Principal posts in government graduate colleges are empty and fill out,ರಾಮಚಂದ್ರಗೌಡ,Ramachandra Gowda
2071,02/12/2016,ಪ್ರಾಥಮಿಕ ಮತ್ತು ಪ್ರೌಢ ಶಿಕ್ಷಣ,Primary and Secondary Education,ಅನುದಾನಿತ ಶೈಕ್ಷಣಿಕ ಸಿಬ್ಬಂದಿಗಳಿಗೆ ಶ್ರೀ ಬಸವರಾಜ ಹೊರಟ್ಟಿಯವರ ವರದಿ ಪ್ರಕಾರ ಕಾಲ್ಪನಿಕ ವೇತನ ನೀಡುವ ಕುರಿತು,"According to Mr Basavaraja's departure report for subsidized educational staff, the fictitious pay is about giving",ರಾಮಚಂದ್ರಗೌಡ,Ramachandra Gowda
2072,02/12/2016,ಉನ್ನತ ಶಿಕ್ಷಣ,Higher education,ಲಲಿತಕಲಾ ವಿಶ್ವವಿದ್ಯಾಲಯವನ್ನು ನೂತನವಾಗಿ ಸ್ಥಾಪಿಸುವ ಕುರಿತು,About establishing the University of Fine Arts,ರಾಮಚಂದ್ರಗೌಡ,Ramachandra Gowda
2073,02/12/2016,ಆರ್ಥಿಕ,Economy,ಕುಮಾರ ನಾಯಕ್ ರವರ ವರದಿಯಂತೆ ವೇತನ ತಾರತಮ್ಯ ನಿವಾರಣೆ ಮಾಡುವ ಕುರಿತು,Kumar Nayak's report is about eliminating wage discrimination,ರಾಮಚಂದ್ರಗೌಡ,Ramachandra Gowda
2074,02/12/2016,ಸಾರಿಗೆ,Transport,ಬೀದರ್ ಜಿಲ್ಲೆಯ ಸಾರಿಗೆ ಸಂಸ್ಥೆಯ ಬಸ್‌ಗಳ ಕುರಿತು,About buses of the transport bidder in Bidar district,ರಘುನಾಥ ರಾವ್ ಮಲ್ಕಾಪೂರೆ,Raghunath Rao Malkapore
2075,02/12/2016,ಗ್ರಾಮೀಣಾಭಿವೃದ್ಧಿ ಮತ್ತು ಪಂಚಾಯತ್ ರಾಜ್,Rural Development and Panchayat Raj,ಬೀದರ್ ಜಿಲ್ಲೆಗಳಲ್ಲಿ ಗ್ರಾಮ ಪಂಚಾಯಿತಿ ಸಿಬ್ಬಂದಿಗಳನ್ನು ಖಾಯಂ ಮಾಡುವ ಬಗ್ಗೆ,About Permanent Gram Panchayat staff in Bidar district,ರಘುನಾಥ ರಾವ್ ಮಲ್ಕಾಪೂರೆ,Raghunath Rao Malkapore
2076,02/12/2016,ವಸತಿ,Housing,ಮನೆಗಳ ನಿರ್ಮಾಣ,Construction of houses,ರಘುನಾಥ ರಾವ್ ಮಲ್ಕಾಪೂರೆ,Raghunath Rao Malkapore
2077,02/12/2016,ಪ್ರಾಥಮಿಕ ಮತ್ತು ಪ್ರೌಢ ಶಿಕ್ಷಣ,Primary and Secondary Education,ಶಾಲಾ ಕಾಲೇಜುಗಳಲ್ಲಿ ಶೌಚಾಲಯಗಳ ಕೊರತೆ,Lack of toilets in school colleges,ರಘುನಾಥ ರಾವ್ ಮಲ್ಕಾಪೂರೆ,Raghunath Rao Malkapore
2078,02/12/2016,ಉನ್ನತ ಶಿಕ್ಷಣ,Higher education,ತಾಂತ್ರಿಕ ಸಮಿತಿ ಬಗ್ಗೆ,About the Technical Committee,ರಿಜ್ವಾನ್ ಅರ್ಷದ್,Rizwan Harshad
2079,02/12/2016,ಪ್ರಾಥಮಿಕ ಮತ್ತು ಪ್ರೌಢ ಶಿಕ್ಷಣ,Primary and Secondary Education,ರಾಜ್ಯದಲ್ಲಿ ಪ್ರೊ. ಎಲ್.ಆರ್. ವೈದ್ಯನಾಥನ್ ನೇತೃತ್ವದ ಸಮಿತಿಯ ಶಿಫಾರಸ್ಸು ಕುರಿತು,Pro. LR. About the recommendation of the Committee headed by Vaidyanathan,ಕ್ಯಾಪ್ಟನ್ ಗಣೇಶ್ ಕಾರ್ಣಿಕ್,Capt. Ganesh Karnik
2080,02/12/2016,ಪ್ರಾಥಮಿಕ ಮತ್ತು ಪ್ರೌಢ ಶಿಕ್ಷಣ,Primary and Secondary Education,"ರಾಜ್ಯದಲ್ಲಿರುವ ೧೯೯೫ರ ನಂತರ ಪ್ರಾಥಮಿಕ ಹಾಗೂ ಖಾಸಗಿ ಕನ್ನಡ ಮಾಧ್ಯಮ, ಪ್ರಾಥಮಿಕ ಪ್ರೌಢ ಹಾಗೂ ಪದವಿ ಪೂರ್ವ ಕಾಲೇಜುಗಳುಗಳನ್ನು ಅನುದಾನದ ವ್ಯಾಪ್ತಿಗೆ ತರುವ ಬಗ್ಗೆ","Preliminary and Private Kannada media after 1995, in the state, to bring primary and secondary colleges to underwriting grants",ಕ್ಯಾಪ್ಟನ್ ಗಣೇಶ್ ಕಾರ್ಣಿಕ್,Capt. Ganesh Karnik
2081,02/12/2016,ಪ್ರಾಥಮಿಕ ಮತ್ತು ಪ್ರೌಢ ಶಿಕ್ಷಣ,Primary and Secondary Education,"ರಾಜ್ಯದಲ್ಲಿ, ಮಾಹಿತಿ ಸಿಂಧು I.ಅ.ಖಿ.I. ೧,೨,೩ ಹಂತಗಳಲ್ಲಿ ಶಾಲೆ ಕಾಲೇಜುಗಳಲ್ಲಿ ಅನುಷ್ಠಾನ ಮಾಡಿಸುವ ಬಗ್ಗೆ","In the state, Information Sindhu I. Akhil I. Implementation in Schools at 1,2,3 levels",ಕ್ಯಾಪ್ಟನ್ ಗಣೇಶ್ ಕಾರ್ಣಿಕ್,Capt. Ganesh Karnik
2082,02/12/2016,ಉನ್ನತ ಶಿಕ್ಷಣ,Higher education,ಹೊರನಾಡು ಕನ್ನಡಿಗ ವಿದ್ಯಾರ್ಥಿಗಳಿಗೆ ಉನ್ನತ ಶಿಕ್ಷಣ ಹಾಗೂ ಇತರ ಸೌಲಭ್ಯವನ್ನು ಪಡೆಯುವಲ್ಲಿ ಇರುವ ತಾರತಮ್ಯದ ಬಗ್ಗೆ,Horanadu Kannadiga students have higher education and discrimination in getting other privileges,ಕ್ಯಾಪ್ಟನ್ ಗಣೇಶ್ ಕಾರ್ಣಿಕ್,Capt. Ganesh Karnik
2083,02/12/2016,ಗ್ರಾಮೀಣಾಭಿವೃದ್ಧಿ ಮತ್ತು ಪಂಚಾಯತ್ ರಾಜ್,Rural Development and Panchayat Raj,ಗ್ರಾಮೀಣಾಭಿವೃದ್ಧಿ ಮತ್ತು ಪಂಚಾಯತ್ ರಾಜ್ ಇಲಾಖೆಯಲ್ಲಿ ಸುಮಾರು ಕೋಟಿ ರೂಪಾಯಿಗಳ ಹಣ ದುರ್ಬಳಕೆ ಕುರಿತು,About Rs.50 crore worth of misuse of funds in Rural Development and Panchayat Raj Department,ಕ್ಯಾಪ್ಟನ್ ಗಣೇಶ್ ಕಾರ್ಣಿಕ್,Capt. Ganesh Karnik
2084,02/12/2016,ವಸತಿ,Housing,ವಸತಿ ರಹಿತರಿಗೆ ಸೂರು ಕಲ್ಪಿಸುವ ವಸತಿ ಯೋಜನೆಗಳು ಗುರಿ ಸಾಧಿಸಲಾಗದೆ ಕುಂಟುತ್ತಾ ಸಾಗಿರುವ ಬಗ್ಗೆ,Housing schemes that provide shelter to non-resident are not intended to target,ಕವಟಗಿಮಠ ಮಹಂತೇಶ ಮಲ್ಲಿಕಾರ್ಜುನ,Kavatimata Mahantesha Mallikarjuna
2085,02/12/2016,ಕೈಗಾರಿಕೆ,Industry,ಬೆಳಗಾವಿ ಜಿಲ್ಲೆಯಲ್ಲಿ ಕೈಗಾರಿಕಾ ವಸಾಹತು ಸ್ಥಾಪನೆಗಾಗಿ ಸಾವಿರಾರು ಮರಗಳನ್ನು ಧರೆಗುರುಳಿಸುತ್ತಿರುವ ಬಗ್ಗೆ,About bringing thousands of trees to the industrial settlement in Belgaum district,ಕವಟಗಿಮಠ ಮಹಂತೇಶ ಮಲ್ಲಿಕಾರ್ಜುನ,Kavatimata Mahantesha Mallikarjuna
2086,02/12/2016,ಪ್ರಾಥಮಿಕ ಮತ್ತು ಪ್ರೌಢ ಶಿಕ್ಷಣ,Primary and Secondary Education,"ಸರ್ಕಾರದ ಷೂ ಭಾಗ್ಯ ಯೋಜನೆಯಡಿ ಶಾಲಾ ಮಕ್ಕಳಿಗೆ ಷೂ, ಸಾಕ್ಸ್ ನಿಗಧಿತ ಅವಧಿಯಲ್ಲಿ ತಲುಪದೇ ಇರುವ ಬಗ್ಗೆ",The shoe and socks are not reached during a fixed period of time for school children under the Government's Shoe Budget Scheme,ಕವಟಗಿಮಠ ಮಹಂತೇಶ ಮಲ್ಲಿಕಾರ್ಜುನ,Kavatimata Mahantesha Mallikarjuna
2087,02/12/2016,ವಸತಿ,Housing,ವಸತಿರಹಿತ ಅರ್ಹ ಫಲಾನುಭವಿಗಳನ್ನು ಆಯ್ಕೆ ಪ್ರಕ್ರಿಯೆ ಸ್ಥಗಿತಗೊಳಿಸಿ ಗ್ರಾಮ ಪಂಚಾಯಿತಿಗಳ ಅಧಿಕಾರ ಮೊಟಕುಗೊಳಿಸಿರುವ ಬಗ್ಗೆ,Non-Housing Qualified Beneficiaries Halt Selection Process and Reduce Gram Panchayats Authority,ಕವಟಗಿಮಠ ಮಹಂತೇಶ ಮಲ್ಲಿಕಾರ್ಜುನ,Kavatimata Mahantesha Mallikarjuna
2088,02/12/2016,ಪ್ರಾಥಮಿಕ ಮತ್ತು ಪ್ರೌಢ ಶಿಕ್ಷಣ,Primary and Secondary Education,ಶಾಲಾ ಪಠ್ಯಪುಸ್ತಕ ಮುದ್ರಣ ಕಾರ್ಯವನ್ನು ಸ್ಥಳೀಯರಿಗೆ ನೀಡದೆ ಹೊರ ರಾಜ್ಯದವರಿಗೆ ಆಧ್ಯತೆ ನೀಡಿರುವ ಬಗ್ಗೆ,About the school textbook printing work to the outside state without providing the locals,ಕವಟಗಿಮಠ ಮಹಂತೇಶ ಮಲ್ಲಿಕಾರ್ಜುನ,Kavatimata Mahantesha Mallikarjuna
2089,02/12/2016,ಗ್ರಾಮೀಣಾಭಿವೃದ್ಧಿ ಮತ್ತು ಪಂಚಾಯತ್ ರಾಜ್,Rural Development and Panchayat Raj,ಬಾಪೂಜಿ ಸೇವಾ ಕೇಂದ್ರದಲ್ಲಿನ ಸೇವಾ ನ್ಯೂನ್ಯತೆ ಮತ್ತು ಮೂಲಸೌಕರ್ಯ ಕೊರತೆ ಕುರಿತು,Service shortage and infrastructure shortage at Bapuji service center,ಕೋಟ ಶ್ರೀನಿವಾಸ ಪೂಜಾರಿ,Kota Srinivasa Pujari
2090,02/12/2016,ಗ್ರಾಮೀಣಾಭಿವೃದ್ಧಿ ಮತ್ತು ಪಂಚಾಯತ್ ರಾಜ್,Rural Development and Panchayat Raj,ನೂತನ ಗ್ರಾಮ ಪಂಚಾಯತ್ ಘೋಷಣೆಯಾಗಿ ೨ ವರ್ಷವಾದರೂ ಮೂಲ ಸೌಕರ್ಯ ಒದಗಿಸದೇ ಇರುವ ಕುರಿತು,About 2 years of new Gram Panchayat Declaration on not providing basic facilities,ಕೋಟ ಶ್ರೀನಿವಾಸ ಪೂಜಾರಿ,Kota Srinivasa Pujari
2091,02/12/2016,ಸಾರಿಗೆ,Transport,ಖಾಸಗಿ ಬಸ್ಸುಗಳಲ್ಲಿ ಸರಕು ಸಾಗಣೆ,Freight on private buses,ತಾರಾಅನೂರಾಧ,Tara Anuradha
2092,02/12/2016,ಪ್ರಾಥಮಿಕ ಮತ್ತು ಪ್ರೌಢ ಶಿಕ್ಷಣ,Primary and Secondary Education,ಪ್ರಾಥಮಿಕ ಮತ್ತು ಪ್ರೌಢ ಶಿಕ್ಷಣ ಶಿಕ್ಷಕರ ವರ್ಗಾವಣೆ ತಿದ್ದುಪಡಿ ಕುರಿತು,About the transfer of primary and secondary education teachers' amendment,ತಾರಾಅನೂರಾಧ,Tara Anuradha
2093,02/12/2016,ಬೃಹತ್ ಮತ್ತು ಮಧ್ಯಮ ಕೈಗಾರಿಕೆ,Large and medium enterprise,ಸಾಬೂನು ಮಾರ್ಜಕ ನಿಯಮಿತದ ವಾರ್ಷಿಕ ವಹಿವಾಟು ಕುರಿತು,About the annual transaction of Soap Cleaners Regular,ತಾರಾಅನೂರಾಧ,Tara Anuradha
2094,02/12/2016,ಪ್ರಾಥಮಿಕ ಮತ್ತು ಪ್ರೌಢ ಶಿಕ್ಷಣ,Primary and Secondary Education,ಪ್ರಾಥಮಿಕ ಮತ್ತು ಪ್ರೌಢ ಶಿಕ್ಷಣ ಶಿಕ್ಷಕರುಗಳ ವರ್ಗಾವಣೆ ಕುರಿತು,Regarding the transfer of teachers to primary and secondary education,ತಾರಾಅನೂರಾಧ,Tara Anuradha
2095,02/12/2016,ಪ್ರಾಥಮಿಕ ಮತ್ತು ಪ್ರೌಢ ಶಿಕ್ಷಣ,Primary and Secondary Education,ಪ್ರಾಥಮಿಕ ಮತ್ತು ಪ್ರೌಢ ಶಿಕ್ಷಣಕ್ಕೆ ಸಂಬಂಧಿಸಿದಂತೆ ಪಠ್ಯ ಪುಸ್ತಕ ರಚನೆ ಕುರಿತು,About text booking for primary and secondary education,ತಾರಾಅನೂರಾಧ,Tara Anuradha
2096,02/12/2016,ಪ್ರಾಥಮಿಕ ಮತ್ತು ಪ್ರೌಢ ಶಿಕ್ಷಣ,Primary and Secondary Education,ಅತಿಥಿ ಶಿಕ್ಷಕರ ನೇಮಕಾತಿಯಲ್ಲಿ ಬಂದಿರುವ ಅನುದಾನದ ಬಗ್ಗೆ,About the grant of guest teacher appointment,ಘೋಟ್ನೆಕರ ಶ್ರೀಕಾಂತ ಲಕ್ಷ್ಮಣ,Ghotnekara Srikantha Lakshmana
2097,02/12/2016,ಪ್ರಾಥಮಿಕ ಮತ್ತು ಪ್ರೌಢ ಶಿಕ್ಷಣ,Primary and Secondary Education,ಪ್ರತಿಭಾ ಕಾರಂಜಿ ನಡೆಸಲು ಬಂದಿರುವ ಅನುದಾನದಲ್ಲಿ ಅವ್ಯವಹಾರ ಕುರಿತು,The allegations of misappropriation in grant of Pratibha fountains,ಘೋಟ್ನೆಕರ ಶ್ರೀಕಾಂತ ಲಕ್ಷ್ಮಣ,Ghotnekara Srikantha Lakshmana
2098,02/12/2016,ಪ್ರಾಥಮಿಕ ಮತ್ತು ಪ್ರೌಢ ಶಿಕ್ಷಣ,Primary and Secondary Education,ಉತ್ತಮ ಶಿಕ್ಷಕ ಪ್ರಶಸ್ತಿ ನೀಡುವಲ್ಲಿ ತಾರತಮ್ಯ ಕುರಿತು,Discrimination on giving a good teacher award,ಘೋಟ್ನೆಕರ ಶ್ರೀಕಾಂತ ಲಕ್ಷ್ಮಣ,Ghotnekara Srikantha Lakshmana
2099,02/12/2016,ಸಾರಿಗೆ,Transport,ದಾಂಡೇಲಿ ಬಸ್ ನಿಲ್ದಾಣದಲ್ಲಿ ಅವ್ಯವಸ್ಥೆಯಾಗಿರುವುದನ್ನು ಸರಿಪಡಿಸುವ ಬಗ್ಗೆ,About Corruption at Dandeli Bus Station,ಘೋಟ್ನೆಕರ ಶ್ರೀಕಾಂತ ಲಕ್ಷ್ಮಣ,Ghotnekara Srikantha Lakshmana
2100,02/12/2016,ಪ್ರಾಥಮಿಕ ಮತ್ತು ಪ್ರೌಢ ಶಿಕ್ಷಣ,Primary and Secondary Education,ಜೆ.ಓ.ಸಿ. ಶಿಕ್ಷಕರನ್ನು ವಿಲೀನಗೊಳಿಸುವ ಬU,J.C.C. BUU is merging teachers,ಚೌಡರೆಡ್ಡಿ ತೂಪಲ್ಲಿ .ಆರ್,Chowdareddy Tupalli R
2101,02/12/2016,ಉನ್ನತ ಶಿಕ್ಷಣ,Higher education,ವಿಶ್ವವಿದ್ಯಾಲಯಗಳಿಗೆ ನಾಮನಿರ್ದೇಶನ ಮಾಡುವ ಬಗೆ,What is nomination for universities?,ಚೌಡರೆಡ್ಡಿ ತೂಪಲ್ಲಿ .ಆರ್,Chowdareddy Tupalli R
2102,02/12/2016,ಬೃಹತ್ ಮತ್ತು ಮಧ್ಯಮ ಕೈಗಾರಿಕೆ,Large and medium enterprise,ಕೆ.ಐ.ಎ.ಡಿ.ಬಿ. ನಿಂದ ಭೂಸ್ವಾಧೀನತೆಯ ಬಗ್ಗೆ,KIADB About land acquisition,ಚೌಡರೆಡ್ಡಿ ತೂಪಲ್ಲಿ .ಆರ್,Chowdareddy Tupalli R
2103,02/12/2016,ಆರ್ಥಿಕ,Economy,ಇನ್‌ವೆಸ್ಟ್ ಕರ್ನಾಟಕ-೨೦೧೬ರ ಖರ್ಚು ವೆಚ್ಚದ ಬಗೆ,Investment Cost of Investment Karnataka 2013,ಚೌಡರೆಡ್ಡಿ ತೂಪಲ್ಲಿ .ಆರ್,Chowdareddy Tupalli R
2104,02/12/2016,ವಕ್ಫ್,Wakf,ಅಲ್ಪಸಂಖ್ಯಾತರ ಕಲ್ಯಾಣ ಇಲಾಖೆ ಹಾಗೂ ವಕ್ಫ್‌ಗೆ ಮೀಸಲಿಟ್ಟ ಹಣ,Funds for Minorities Welfare Department and Wakf,ಧರ್ಮಸೇನ .ಆರ್,Dharmasena R
2105,02/12/2016,ವಸತಿ,Housing,ವಸತಿರಹಿತರಿಗೆ ವಸತಿ ಹಂಚಿಕೆ ಮಾಡುವ ಬಗ್ಗೆ,About housing allocation for housing,ಧರ್ಮಸೇನ .ಆರ್,Dharmasena R
2106,02/12/2016,ಪ್ರಾಥಮಿಕ ಮತ್ತು ಪ್ರೌಢ ಶಿಕ್ಷಣ,Primary and Secondary Education,ಶಾಲೆಗಳಲ್ಲಿ ರಂಗ ಶಿಕ್ಷಣ,School education in schools,ಧರ್ಮಸೇನ .ಆರ್,Dharmasena R
2107,02/12/2016,ಪ್ರಾಥಮಿಕ ಮತ್ತು ಪ್ರೌಢ ಶಿಕ್ಷಣ,Primary and Secondary Education,ಪ್ರಾಥಮಿಕ ಶಾಲೆಗಳಲ್ಲಿ ಡೊನೇಷನ್ ಹಾವಳಿ,Dawning on primary schools,ಧರ್ಮಸೇನ .ಆರ್,Dharmasena R
2108,07/02/2017,ಪೌರಾಡಳಿತ,Municipality,ಮಾನ್ವಿ ಪಟ್ಟಣಕ್ಕೆ ಕುಡಿಯುವ ನೀರಿನ ಕೊರತೆ ನೀಗಿಸುವ ಬಗ್ಗೆ,Manvi is about to reduce drinking water in the town,ಬೋಸ್‌ರಾಜು .ಎನ್.ಎಸ್,Bosaraju N S
2109,07/02/2017,ಕೃಷಿ,Agriculture,ರಾಯಚೂರು ಕೃಷಿ ವಿಶ್ವವಿದ್ಯಾಲಯದ ಬಗ್ಗೆ,About Raichur Agricultural University,ಬೋಸ್‌ರಾಜು .ಎನ್.ಎಸ್,Bosaraju N S
2110,07/02/2017,ಇಂಧನ,Fuel,ರಾಯಚೂರು ಜಿಲ್ಲೆಯಲ್ಲಿ ನಿರ್ಮಾಣಗೊಂಡಿರುವ ಙಖಿPS ನ ಮೊದಲನೆ ಯೂನಿಟ್ ಬಗ್ಗೆ,"About the first Unit of the PSI, built in Raichur district",ಬೋಸ್‌ರಾಜು .ಎನ್.ಎಸ್,Bosaraju N S
2111,07/02/2017,ಲೋಕೋಪಯೋಗಿ,Public service,ರಾಜ್ಯ ಹೆದ್ದಾರಿಗಳನ್ನು ರಾಷ್ಟ್ರೀಯ ಹೆದ್ದಾರಿಗಳನ್ನಾಗಿ ಪರಿವರ್ತಿಸುವ ಬಗ್ಗೆ,Turning State Highways into National Highways,ಬೋಸ್‌ರಾಜು .ಎನ್.ಎಸ್,Bosaraju N S
2112,07/02/2017,ತೋಟಗಾರಿಕೆ,Gardening,ಮಾನ್ವಿ ಪಟ್ಟಣದಲ್ಲಿ ಓಇಏSಖಖಿಅ ಬಸ್ ಘಟಕ ನಿರ್ಮಾಣ ಮಾಡಲು ತೋಟಗಾರಿಕೆ ಜಾಗ ನೀಡುವ ಕುರಿತು,About providing gardening space to construct the OEA S Khakhia bus plant in Manvi town,ಬೋಸ್‌ರಾಜು .ಎನ್.ಎಸ್,Bosaraju N S
2113,07/02/2017,ಲೋಕೋಪಯೋಗಿ,Public service,ಸರ್ಕಾರಿ ಕಟ್ಟಡಗಳಿಗೆ ಸೋಲಾರ್ ಪ್ಯಾನಲ್‌ಗಳನ್ನು ಅಳವಡಿಸುವ ಬಗ್ಗೆ,About installing solar panels to government buildings,ಸುನೀಲ್ ಸುಬ್ರಮಣಿ .ಎಂ.ಪಿ,Sunil Subramani M P
2114,07/02/2017,ಪಶುಸಂಗೋಪನೆ,Animal husbandry,ರೋಣ ತಾಲ್ಲೂಕಿನ ಗಜೇಂಧ್ರಗಡ ನಗರದಲ್ಲಿ ಪಶು ಆಸ್ಪತ್ರೆ ನಿರ್ಮಿಸುವ ಕುರಿತು,About building a veterinary hospital in Gajendragada town in Rana Taluk,ಸಂಕನೂರ .ಎಸ್.ವ್ಹಿ,Sankanura S V
2115,07/02/2017,ಪೌರಾಡಳಿತ,Municipality,ಗದಗ-ಬೆಟಗೇರಿ ಅವಳಿ ನಗರದ ಒಳಚರಂಡಿ ಕಾಮಗಾರಿ ಕುರಿತು,About the sewage work of Gadag-Batoriari twin city,ಸಂಕನೂರ .ಎಸ್.ವ್ಹಿ,Sankanura S V
2116,07/02/2017,ತೋಟಗಾರಿಕೆ,Gardening,ತೋಟಗಾರಿಕೆ ಇಲಾಕೆಯ ಯೋಜನೆಯ ಸಹಾಯ ಸವಲತ್ತುಗಳ ಬಗ್ಗೆ,About the benefits of the Gardening Project project,ಸಮಣ್ಣ ಮ ಬೇವಿನಮರದ,Samanna Ma Bevinamara
2117,07/02/2017,ಕೃಷಿ ಮಾರುಕಟ್ಟೆ,Agricultural Market,ಕೃಷಿ ಮಾರುಕಟ್ಟೆಯ ಸಮಗ್ರ ಅಭಿವೃದ್ಧಿಯ ಬಗ್ಗೆ,About the development of the agricultural market,ಸಮಣ್ಣ ಮ ಬೇವಿನಮರದ,Samanna Ma Bevinamara
2118,07/02/2017,ಪಶುಸಂಗೋಪನೆ,Animal husbandry,೨೦೧೭-೧೮ನೇ ಸಾಲಿನ ಪಶುಸಂಗೋಪನಾ ಇಲಾಖೆಯ ಕಾರ್ಯಕ್ರಮಗಳ ಬಗ್ಗೆ,About Animal Husbandry Program Programs 2017-18,ಸಮಣ್ಣ ಮ ಬೇವಿನಮರದ,Samanna Ma Bevinamara
2119,07/02/2017,ಮುಜರಾಯಿ,Muzarai,ನಿರೀಕ್ಷಣಾ ಮಂದಿರಗಳಲ್ಲಿ ಮೂಲಭೂತ ಸೌಕರ್ಯಗಳ ಹಾಗೂ ಶುಚಿತ್ವದ ಕೊರತೆ,Infrastructure facilities and lack of sanitation,ಸಮಣ್ಣ ಮ ಬೇವಿನಮರದ,Samanna Ma Bevinamara
2120,07/02/2017,ಲೋಕೋಪಯೋಗಿ,Public service,ರಾಜ್ಯದ ಹೆದ್ದಾರಿಗಳನ್ನು ಮೇಲ್ದರ್ಜೆಗೇರಿಸುವ ಮತ್ತು ಟೋಲ್ ಸಂಗ್ರಹ ಕುರಿತು,Upgrading state highways and toll collection,ಸೋಮಣ್ಣ .ವಿ,Somanna V
2121,07/02/2017,ಲೋಕೋಪಯೋಗಿ,Public service,ಲೋಕೋಪಯೋಗಿ ಇಲಾಖೆ ಕೈಗೊಂಡ ಕಾಮಗಾರಿಗಳ ಕುರಿತು,About works taken by Public Works Department,ನಾರಾಯಣಸ್ವಾಮಿ .ಎಂ,Narayanaswamy M
2122,07/02/2017,ಕೃಷಿ,Agriculture,ಸಾಲಭಾದೆ ಹಾಗೂ ಬೆಳೆ ನ?ದಿಂದ ಆತ್ಮಹತ್ಯೆ ಮಾಡಿಕೊಂಡ ರೈತರ ಕುರಿತು,About farmers who were suicides and farmers who committed suicide,ನಾರಾಯಣಸ್ವಾಮಿ .ಎಂ,Narayanaswamy M
2123,07/02/2017,ಇಂಧನ,Fuel,ವಿದ್ಯುತ್ ಅಭಾವ ಕುರಿತು,About power loss,ನಾರಾಯಣಸ್ವಾಮಿ .ಎಂ,Narayanaswamy M
2124,07/02/2017,ಪೌರಾಡಳಿತ,Municipality,"ನಗರಸಭೆ, ಪುರಸಭೆ, ಪಟ್ಟಣ ಪಂಚಾಯಿತಿಗಳಲ್ಲಿ ಸ್ಟೈಪಿಂಗ್ ಮಿಷಿನ್ ಅಳವಡಿಸಿರುವ ಬಗ್ಗೆ","About the styling machine used in municipalities, municipalities and town panchayats",ಪ್ರಾಣೇಶ್ .ಎಂ.ಕೆ,Pranesha M K
2125,07/02/2017,ಕೃಷಿ,Agriculture,ಬೀಜೋತ್ಪಾದನಾ ಕೇಂದ್ರದಲ್ಲಿ ಘನತ್ಯಾಜ್ಯ ಘಟಕ ತೆರೆಯುವ ಹುನ್ನಾರದ ಬಗ್ಗೆ,Concerns about the opening of the solid waste plant at the seedling center,ಪ್ರತಾಪಚಂದ್ರ ಶೆಟ್ಟಿ .ಕೆ,Pratapachandra Shetty K
2126,07/02/2017,ಲೋಕೋಪಯೋಗಿ,Public service,ರಸ್ತೆ ಮತ್ತು ಸೇತುವೆಗಳ ನಿರ್ಮಾಣದ ಬಗ್ಗೆ,About the construction of roads and bridges,ಪ್ರತಾಪಚಂದ್ರ ಶೆಟ್ಟಿ .ಕೆ,Pratapachandra Shetty K
2127,07/02/2017,ಲೋಕೋಪಯೋಗಿ,Public service,ರಾಷ್ಟ್ರೀಯ ಹೆದ್ದಾರಿ ಕಾಮಗಾರಿಗಳ ಬಗ್ಗೆ,About National Highways,ಪ್ರತಾಪಚಂದ್ರ ಶೆಟ್ಟಿ .ಕೆ,Pratapachandra Shetty K
2128,07/02/2017,ಇಂಧನ,Fuel,ಸೌರ ವಿದ್ಯುತ್ ಯೋಜನೆ ಬಗ್ಗೆ,About solar power planning,ಪ್ರತಾಪಚಂದ್ರ ಶೆಟ್ಟಿ .ಕೆ,Pratapachandra Shetty K
2129,07/02/2017,ಇಂಧನ,Fuel,ರೈತರ ಕೃಷಿ ಪಂಪ್‌ಸೆಟ್‌ಗಳಿಗೆ ಮಾರ್ಗ ವಿಸ್ತರಣೆ ಮಾಡುವ ಬಗ್ಗೆ,About extending the route to farmers' farm pumpsets,ಪ್ರತಾಪಚಂದ್ರ ಶೆಟ್ಟಿ .ಕೆ,Pratapachandra Shetty K
2130,07/02/2017,ಲೋಕೋಪಯೋಗಿ,Public service,ರಾಜಜ್ಯ ಹೆದ್ದಾರಿಗಳನ್ನು ರಾಷ್ಟ್ರೀಯ ಹೆದ್ದಾರಿಗಳನ್ನಾಗಿ ಮೇಲ್ದರ್ಜೆಗೇರಿಸುವ ಬಗ್ಗೆ,About upgrading the state highways to national highways,ಪುಟ್ಟಸ್ವಾಮಿ .ಬಿ.ಜೆ,Puttaswamy B J
2131,07/02/2017,ಪೌರಾಡಳಿತ,Municipality,ಕುಡಿಯುವ ನೀರಿ ಘಟಕಗಳ ಬಗ್ಗೆ,About drinking water plants,ಪುಟ್ಟಸ್ವಾಮಿ .ಬಿ.ಜೆ,Puttaswamy B J
2132,07/02/2017,ಕೃಷಿ ಮಾರುಕಟ್ಟೆ,Agricultural Market,ಎಪಿಎಂಸಿ ನಿರ್ವಹಣೆ ಬಗ್ಗೆ,About APMC Management,ಪುಟ್ಟಸ್ವಾಮಿ .ಬಿ.ಜೆ,Puttaswamy B J
2133,07/02/2017,ಕೃಷಿ,Agriculture,ಕೃಷಿ ಹೊಂಡಕ್ಕೆ ಬಲಿಯಾದ ಜನರು ಜಾನುವಾರಗಳ ಬಗ್ಗೆ,People who are victims of the farm pond are about the janars,ಶರವಣ .ಟಿ.ಎ,Sharavana T A
2134,07/02/2017,ತೋಟಗಾರಿಕೆ,Gardening,$ಅP/ಖಿSP ತೋಟಗಾರಿಕರ ಉಪಕರಣಗಳನ್ನು ಖರೀದಿಸುವ ಬಗ್ಗೆ,$ A P / Qi SP About Horticulture Equipment,ವೀರಯ್ಯ .ಡಿ.ಎಸ್,Veerayya D S
2135,07/02/2017,ಕೃಷಿ,Agriculture,SಅP/ಖಿSP ಅಡಿಯಲ್ಲಿ ಕೃಷಿ ಉಪಕರಣಗಳನ್ನು ಖರೀದಿಸುವ ಕುರಿತು,About buying agricultural equipment under S P / Khi SP,ವೀರಯ್ಯ .ಡಿ.ಎಸ್,Veerayya D S
2136,07/02/2017,ಕಷಿ,Cookie,ಹೈದರಾಬಾದ್- ಕರ್ನಾಟಕ ಜಿಲ್ಲೆಯಲ್ಲಿ ಕೃಷಿ ಇಲಾಖೆಯ ಸಿಬ್ಬಂದಿ ನೇಮಕಾತಿ ಬಗ್ಗೆ,About the recruitment of the department of agriculture in the Hyderabad-Karnataka district,ವಿಜಯ್ ಸಿಂಗ್,Vijay Singh
2137,07/02/2017,ಪೌರಾಡಳಿv,Mesmerizing v,ಮೇಲ್ದರ್ಜೆಗೇರಿಸಿದ ಪಟ್ಟಣ ಪಂಚಾಯತ್ ಹಾಗೂ ಪುರಸಭೆ ಸಿಬ್ಬಂದಿಗಳನ್ನು ಪೌರಾಡಳಿತ ಇಲಾಖೆಗೆ ಸೇರ್ಪಡೆ ಮಾಡುವ ಬಗ್ಗೆ,Upgrading Town Panchayat and Municipalities to Municipalities,ವಿಜಯ್ ಸಿಂಗ್,Vijay Singh
2138,07/02/2017,ತೋಟಗಾರಿಕೆ,Gardening,ಹೈದರಾಬಾದ್-ಕರ್ನಾಟಕ ಜಿಲ್ಲೆಯ ತೋಟಗಾರಿಕೆ ಇಲಾಖೆಯ ಸಿಬ್ಬಂದಿಗಳ ಬಗ್ಗೆ,About the staff of the Horticulture Department of Hyderabad-Karnataka District,ವಿಜಯ್ ಸಿಂಗ್,Vijay Singh
2139,07/02/2017,ಪಶುಸಂಗೋಪನೆ,Animal husbandry,ಪಶುಸಂಗೋಪನೆ ಯೋಜನೆಗಳ ಬಗ್ಗೆ,About Animal Husbandry Projects,ಬಸನಗೌಡ ಆರ್ ಪಾಟೀಲ್,Basanagowda R Patil
2140,07/02/2017,ಗ್ರಾಮೀಣಾಭಿವೃದ್ಧಿ ಮತ್ತು ಪಂಚಾಯತ್ ರಾಜ್,Rural Development and Panchayat Raj,ಪ್ರಧಾನ ಮಂತ್ರಿ ಗ್ರಾಮ ಸಡಕ್ ಯೋಜನೆಗಳ ಬಗ್ಗೆ,About Prime Minister Gram Sadak's plans,ಬಸನಗೌಡ ಆರ್ ಪಾಟೀಲ್,Basanagowda R Patil
2141,07/02/2017,ಇಂಧನ,Fuel,ಸೋಲಾರ್ ಪ್ಯಾಕ್ಟರ್ ಯೋಜನೆಗಳ ಬಗ್ಗೆ,About Solar Pact Projects,ಬಸನಗೌಡ ಆರ್ ಪಾಟೀಲ್,Basanagowda R Patil
2142,07/02/2017,ಕೃಷಿ,Agriculture,ಕೃಷಿ ಭೂಮಿಯ ಫಲವತ್ತತೆ ಕಡಿಮೆಯಾಗುತ್ತಿರುವ ಬಗ್ಗೆ,About the decline of farmland fertility,ಬಸನಗೌಡ ಆರ್ ಪಾಟೀಲ್,Basanagowda R Patil
2143,07/02/2017,ಲೋಕೋಪಯೋಗಿ,Public service,ರಾಷ್ಟ್ರೀಯ ಹೆದ್ದಾರಿಗಳಲ್ಲಿ ರಾತ್ರಿ ವೇಳೆ ಜಾನುವಾರುಗಳ ಅಪಘಾತದ ಬಗ್ಗೆ,About livestock accident at night on national highways,ಬಸನಗೌಡ ಆರ್ ಪಾಟೀಲ್,Basanagowda R Patil
2144,07/02/2017,ಇಂಧನ,Fuel,ಗುತ್ತಿಗೆ ಆಧಾರದ ನೌಕರರನ್ನು ಖಾಯಂಗೊಳಿಸುವ ಬಗ್ಗೆ,About settlement of contract-based employees,ಬಸವರಾಜ ಶಿವಲಿಂಗಪ್ಪ ಹೊರಟಿ,Basavaraja Shivalingappa Horatti
2145,07/02/2017,ಕೃಷಿ,Agriculture,Pಟಚಿಟಿಣs Seeಜಟiಟಿgs Pಟಚಿಟಿಣeಜ ಚಿಣ ಐಚಿಟbಚಿgh ಃoಣಚಿಟಿiಛಿಚಿಟ ಉಚಿಡಿಜeಟಿ,P tachitis s see jata i t gs p tachitina e ja china iichata b chhh o o nunchi i chichta uchidija e t,ಲಹರ್ ಸಿಂಗ್ ಸಿರೋಯಾ,Lahar Singh Siroya
2146,07/02/2017,ಪೌರಾಡಳಿv,Mesmerizing v,ಸೈನಿಕರಿಗೆ ನಿವೇಶನ ಹಕ್ಕು ಪತ್ರ ಹಸ್ತಾಂತರಿಸದಿರುವ ಬಗ್ಗೆ,About not handing over land rights to soldiers,ಲಕ್ಷ್ಮೀನಾರಾಯಣ .ಎಂ.ಡಿ,Lakshmi Narayana MD
2147,07/02/2017,ಇಂಧನ,Fuel,ರಾಜ್ಯದ ಗುಡ್ಡಗಾಡು ಪ್ರದೇಶಗಳಲ್ಲಿ ಗಾಳಿಯಂತ್ರಗಳನ್ನು ಅಳವಡಿಸುವ ಬಗ್ಗೆ,About installing airplanes in the hilly areas of the state,ಲಕ್ಷ್ಮೀನಾರಾಯಣ .ಎಂ.ಡಿ,Lakshmi Narayana MD
2148,07/02/2017,ತೋಟಗಾರಿಕೆ,Gardening,ತೋಟಗಾರಿಕೆ ಇಲಾಖೆಯಲ್ಲಿರುವ ಸೌಲಭ್ಯ ಹಾಗೂ ಸಹಾಯಧನ ಕುರಿತು,About the facility and subsidy in the Horticulture Department,ಲಕ್ಷ್ಮೀನಾರಾಯಣ .ಎಂ.ಡಿ,Lakshmi Narayana MD
2149,07/02/2017,ಇಂಧನ,Fuel,ರಾಜ್ಯದಲ್ಲಿನ ವಿದ್ಯುತ್ ಉತ್ಪಾದನೆ ಬಗ್ಗೆ,About electricity generation in the state,ಲಕ್ಷ್ಮೀನಾರಾಯಣ .ಎಂ.ಡಿ,Lakshmi Narayana MD
2150,07/02/2017,ಲೋಕೋಪಯೋಗಿ,Public service,ತುಮಕೂರು ಜಿಲ್ಲೆಯಲ್ಲಿ ಹಾಳಾಗಿರುವ ರಸ್ತೆಗಳ ಅಭಿವೃದ್ಧಿ ಬಗ್ಗೆ,About the development of roads damaged in Tumkur district,ಲಕ್ಷ್ಮೀನಾರಾಯಣ .ಎಂ.ಡಿ,Lakshmi Narayana MD
2151,07/02/2017,ಲೋಕೋಪಯೋಗಿ,Public service,ಮಂಡ್ಯ ಕೆರೆಗೋಡು ಕೌಡ್ಲೆ ಮಾರ್ಗವಾಗಿ ಯಡಿಯೂರು ರಸ್ತೆ ಕಾಮಗಾರಿ ಬಗ್ಗೆ ರಾಜ್ಯ ಹೆದ್ದಾರಿ-೮೪,State Highway-84 on Yeddyur Road Road via Mandya Keregode Kudle,ಶ್ರೀಕಂಠೇಗೌಡ .ಕೆ.ಟಿ,Srikantegowda KT
2152,07/02/2017,ಪಶುಸಂಗೋಪನೆ,Animal husbandry,ಪಶು ಆಸ್ಪತ್ರೆಗಳ ಬಗೆ,Type of veterinary hospitals,ಶ್ರೀಕಂಠೇಗೌಡ .ಕೆ.ಟಿ,Srikantegowda KT
2153,07/02/2017,ಪಶುಸಂಗೋಪನೆ,Animal husbandry,ಪಶು ವೈದ್ಯಾಧಿಕಾರಿಗಳ ಬಗ್ಗೆ,About Veterinary Medical Officers,ಶ್ರೀಕಂಠೇಗೌಡ .ಕೆ.ಟಿ,Srikantegowda KT
2154,07/02/2017,ಕೃಷಿ,Agriculture,ಕೃಷಿ ಬೆಳೆ ಹಾನಿಯ ಬಗ್ಗೆ,About farm crop damage,ಶ್ರೀಕಂಠೇಗೌಡ .ಕೆ.ಟಿ,Srikantegowda KT
2155,07/02/2017,ಇಂಧನ,Fuel,ವಿದ್ಯುತ್ ದರದ ಬಗ್ಗೆ,About the power rate,ಅಪ್ಪಾಜಿಗೌಡ .ಎನ್,Appajigowda N
2156,07/02/2017,ಲೋಕೋಪಯೋಗಿ,Public service,ರಸ್ತೆ ಕಾಮಗಾರಿ ಬಗ್ಗೆ,About road work,ಅಪ್ಪಾಜಿಗೌಡ .ಎನ್,Appajigowda N
2157,07/02/2017,ಪಶುಸಂಗೋಪನೆ,Animal husbandry,ಪಶು ವೈದ್ಯ ಆಸ್ಪತ್ರೆ ಬಗ್ಗೆ,About Veterinary Hospital,ಅಪ್ಪಾಜಿಗೌಡ .ಎನ್,Appajigowda N
2158,07/02/2017,ತೋಟಗಾರಿಕೆ,Gardening,ತುಂತುರು/ಹನಿ ನೀರಾವರಿ ಬಗ್ಗೆ,About spray / drip irrigation,ಅಪ್ಪಾಜಿಗೌಡ .ಎನ್,Appajigowda N
2159,07/02/2017,ಕೃಷಿ,Agriculture,ಕೃಷಿ ಭೂಮಿ ಬಗ್ಗೆ,About the farm land,ಅಪ್ಪಾಜಿಗೌಡ .ಎನ್,Appajigowda N
2160,07/02/2017,ಇಂಧನ,Fuel,ರಾಜ್ಯದಲ್ಲಿ ಇಂಧನ ಇಲಾಖೆಯಲ್ಲಿ ಕಾರ್ಯನಿರ್ವಹಿಸುತ್ತಿರುವ ಸಂಸ್ಥೆಗಳು ಹಾಗೂ ೩೭೧(ಜೆ) ಅಡಿಯಲ್ಲಿ ಮುಂಬಡ್ತಿ ನೇಮಕಾತಿಗಳ ಬಗ್ಗೆ,"About appointments under the Companies Act, 371 (j) of the Department of Energy in the State",ಅಮರನಾಥ ಪಾಟೀಲ್,Amaranatha Patil
2161,07/02/2017,ತೋಟಗಾರಿಕೆ,Gardening,ಕಲಬುರಗಿಯಲ್ಲಿ ತೊಗರಿ ಟೆಕ್ನಾಲಜಿ ಪಾರ್ಕ್ ಘೋ?ಣೆಯ ಬಗ್ಗೆ,Go to Artillery and Know About Technology Park?,ಅಮರನಾಥ ಪಾಟೀಲ್,Amaranatha Patil
2162,07/02/2017,ಕೃಷಿ,Agriculture,ಹೈದ್ರಾಬಾದ್-ಕರ್ನಾಟಕ ಭಾಗದಲ್ಲಿ ಕಳೆದ ೩ ವ?ಗಳಲ್ಲಿ ಬೆಳೆದ ತೊಗರಿ ಬೆಳೆ ಪ್ರಮಾಣದ ಬಗ್ಗೆ,About the amount of crops grown in the last 3 years in the Hyderabad-Karnataka region,ಅಮರನಾಥ ಪಾಟೀಲ್,Amaranatha Patil
2163,07/02/2017,ಇಂಧನ,Fuel,ಗುಲ್ಬರ್ಗಾ ವಿದ್ಯುತ್ ಶಕ್ತಿ ಕಂಪನಿಯ ವಿದ್ಯುತ್ ಪರಿವರ್ತಕ ಹಾಗೂ ಗುತ್ತಿಗೆಯ ಬಗ್ಗೆ,Electricity transformer and leasing of Gulbarga Electric Power Company,ಅಮರನಾಥ ಪಾಟೀಲ್,Amaranatha Patil
2164,07/02/2017,ಪೌರಾಡಳಿv,Mesmerizing v,ಕೇಂದ್ರದ ಅಮೃತ ಯೋಜನೆ ಯಡಿಯಲ್ಲಿ ಜಿಲ್ಲಾ ಕೇಂದ್ರ ಸ್ಥಾನಗಳ ಬಗ್ಗೆ,About district headquarters under Central Amrita Scheme,ಅಮರನಾಥ ಪಾಟೀಲ್,Amaranatha Patil
2165,07/02/2017,ಕೃಷಿ ಮಾರುಕಟ್ಟೆ,Agricultural Market,ಹಾರ್ಟೀ ಬಜಾರ್ ಸ್ಥಾಪನೆ,Establishment of Harti Bazaar,ಜಯಮಾಲಾ ರಾಮಚಂದ್ರ,Jayamala Ramachandra
2166,07/02/2017,ಕೃಷಿ ಮಾರುಕಟ್ಟೆ ಮತ್ತು ತೋಟಗಾರಿಕೆ,Agricultural Market and Gardening,ಕೇಂದ್ರ ಸರ್ಕಾರವು ಅಡಿಕೆಗೆ ಬೆಂಬಲ ಬೆಲೆ ಘೋ?ಣೆ ಮಾಡಿದ್ದರೂ ಅಡಿಕೆ ಖರೀದಿಯಲ್ಲಿ ವಿಳಂಬವಾಗಿರುವ ಬಗ್ಗೆ,"The delay in nut purchases, despite the central government's support for the nut",ರಾಮಚಂದ್ರಗೌಡ,Ramachandra Gowda
2167,07/02/2017,ಕೃಷಿ ಮಾರುಕಟ್ಟೆ ಮತ್ತು ತೋಟಗಾರಿಕೆ,Agricultural Market and Gardening,ನ?ವನ್ನು ಅನುಭವಿಸುತ್ತಿರುವ ಅರಿಶಿಣ ಬೆಳೆಯ ಬೆಳೆಗಾರರಿಗೆ ಪರಿಹಾರ ನೀಡುವ ಕುರಿತು,About compensation for tropical growers who are experiencing?,ರಾಮಚಂದ್ರಗೌಡ,Ramachandra Gowda
2168,07/02/2017,ಇಂಧನ,Fuel,ಬೆಸ್ಕಾಂ ಎಸ್-೫ ವ್ಯಾಪ್ತಿಯ ಉತ್ತರಹಳ್ಳಿ ಗ್ರಾಮದಲ್ಲಿ ಹಳೆಯ ಲೈನುಗಳನ್ನು ತೆರವುಗೊಳಿಸುವ ಕುರಿತು,About clearing old lines in the Uttamahalli village of BESCOM S5,ರಾಮಚಂದ್ರಗೌಡ,Ramachandra Gowda
2169,07/02/2017,ಪೌರಾಡಳಿv,Mesmerizing v,ರಾಯಚೂರು ನಗರ ಸಭೆಯ ಲಾಂಛನ ಕಲ್ಲಾನೆಯ ಶಿಲೆಯನ್ನು ಸ್ವಚ್ಛ ಮತ್ತು ಸುರಕ್ಷಿತವಾಗಿಟ್ಟುಕೊಳ್ಳುವ ಬಗ್ಗೆ,Raichur Urban Council logo is about clean and safe keeping stone stone,ರಾಮಚಂದ್ರಗೌಡ,Ramachandra Gowda
2170,07/02/2017,ಪಶುಸಂಗೋಪನೆ,Animal husbandry,ಪಶುಸಂಗೋಪನಾ ಇಲಾಖೆಯಲ್ಲಿ ಆಗಿರುವ ಅವ್ಯವಹಾರದ ಕುರಿತು,Concerns over irregularities in the Animal Husbandry Department,ರಾಮಚಂದ್ರಗೌಡ,Ramachandra Gowda
2171,07/02/2017,ಲೋಕೋಪಯೋಗಿ,Public service,ಮುಂಬಡ್ತಿ ಪಡೆದಿರುವ ಅಧಿಕಾರಿಗಳ ಬಗ್ಗೆ,About the advanced officers,ರಘುನಾಥ ರಾವ್ ಮಲ್ಕಾಪೂರೆ,Raghunath Rao Malkapore
2172,07/02/2017,ಪೌರಾಡಳಿv,Mesmerizing v,ನೆಲದಡಿಯ ಒಳಚರಂಡಿಗೆ ಮಂಜೂರಾದ ಅನುದಾನ,Granted grant to the underground drainage,ರಘುನಾಥ ರಾವ್ ಮಲ್ಕಾಪೂರೆ,Raghunath Rao Malkapore
2173,07/02/2017,ಇಂಧನ,Fuel,ರಾಜ್ಯದಲ್ಲಿ ವಿದ್ಯುತ್ ಬೇಡಿಕೆ,Power demand in the state,ರಘುನಾಥ ರಾವ್ ಮಲ್ಕಾಪೂರೆ,Raghunath Rao Malkapore
2174,07/02/2017,ತೋಟಗಾರಿಕೆ,Gardening,ಹನಿ ನೀರಾವರಿ ಯೋಜನೆಗೆ ನೀಡಿರುವ ಅನುದಾನದ ಬಗ್ಗೆ,About the grant given to the Honey Irrigation Project,ರಘುನಾಥ ರಾವ್ ಮಲ್ಕಾಪೂರೆ,Raghunath Rao Malkapore
2175,07/02/2017,ಲೋಕೋಪಯೋಗಿ,Public service,ಇಲಾಖೆ ವತಿಯಿಂದ ಬಿಡುಗಡೆ ಮಾಡಿದ ಅನುದಾನ,Grants released by Department,ರಘುನಾಥ ರಾವ್ ಮಲ್ಕಾಪೂರೆ,Raghunath Rao Malkapore
2176,07/02/2017,ಇಂಧನ,Fuel,ಸೌರ ಮತ್ತು ಪವನ ವಿದ್ಯುತ್ ಉತ್ಪಾದನಾ ಯಂತ್ರಗಳಿಂದ ವಿದ್ಯುತ್ ಉತ್ಪಾದ,Power generation by solar and wind power generation machines,ಉಗ್ರಪ್ಪ .ವಿ.ಎಸ್,Ugrappa VS
2177,07/02/2017,ತೋಟಗಾರಿಕೆ,Gardening,ನಂದಿ ಮತ್ತು ಕೆಮ್ಮಣ್ಣು ಗಿರಿಧಾಮ ಕೇಂದ್ರಗಳು,Nandi and Kemmannu hill stations,ಉಗ್ರಪ್ಪ .ವಿ.ಎಸ್,Ugrappa VS
2178,07/02/2017,ಲೋಕೋಪಯೋಗಿ,Public service,"ರಾಷ್ಟ್ರೀಯ, ರಾಜ್ಯ ಮತ್ತು ಜಿಲ್ಲಾ ಮುಖ್ಯ ರಸ್ತೆಗಳು","National, State and District Main Roads",ಉಗ್ರಪ್ಪ .ವಿ.ಎಸ್,Ugrappa VS
2179,07/02/2017,ಲೋಕೋಪಯೋಗಿ,Public service,ವಿಧಾನಸೌಧ ಮತ್ತು ವಿಕಾಸಸೌಧ ಕಟ್ಟಡಗಳ ನಿರ್ಮಾಣ ಕಾರ್ಯ ಮತ್ತು ತಗುಲಿದ ವೆಚ್ಚ,Cost and construction of construction of masonry and evolutionary buildings,ಉಗ್ರಪ್ಪ .ವಿ.ಎಸ್,Ugrappa VS
2180,07/02/2017,ಇಂಧನ,Fuel,ರಾಜ್ಯದಲ್ಲಿ ವಿದ್ಯುತ್ ಕಡಿತದಿಂದ ಉಂಟಾಗುತ್ತಿರುವ ಸಮಸ್ಯೆಗಳ ಬಗ್ಗೆ,Regarding problems with power cuts in the state,ಕ್ಯಾಪ್ಟನ್ ಗಣೇಶ್ ಕಾರ್ಣಿಕ್,Capt. Ganesh Karnik
2181,07/02/2017,ತೋಟಗಾರಿಕೆ,Gardening,ರಾಜ್ಯದಲ್ಲಿರುವ ತೋಟಗಾರಿಕಾ ಫಾರ್ಮಗಳನ್ನು ಖಾಸಗೀಕರಣಗೊಳಿಸುವ ಯೋಜನೆ ಕುರಿತು,About the privatization of horticultural farms in the state,ಕ್ಯಾಪ್ಟನ್ ಗಣೇಶ್ ಕಾರ್ಣಿಕ್,Capt. Ganesh Karnik
2182,07/02/2017,ಇಂಧನ,Fuel,ಬೃಹತ್ ಬೆಂಗಳೂರು ಮಹಾನಗರ ಪಾಲಿಕೆ ವ್ಯಾಪ್ತಿಯಲ್ಲಿಯ ವಿದ್ಯುತ್ ಅವಶ್ಯಕತೆಯನ್ನು ಪೂರೈಸಲು ವಿಶೇ? ವಿದ್ಯುತ್ ಉತ್ಪಾದನಾ ಘಟಕವನ್ನು ಸ್ಥಾಪಿಸುವ ಬಗ್ಗೆ,Is it enough to meet the power requirement in the huge Bangalore Metropolitan Bureau? About establishing a power plant,ಕ್ಯಾಪ್ಟನ್ ಗಣೇಶ್ ಕಾರ್ಣಿಕ್,Capt. Ganesh Karnik
2183,07/02/2017,ಲೋಕೋಪಯೋಗಿ,Public service,"ರಾಷ್ಟ್ರೀಯ ಹೆದ್ದಾರಿ, ರಾಜ್ಯ ಹೆದ್ದಾರಿ ಹಾಗೂ ಜಿಲ್ಲಾ ಮುಖ್ಯ ರಸ್ತೆಗಳ ಬದಿಗಳಲ್ಲಿ ಕಟ್ಟಡಗಳನ್ನು ನಿರ್ಮಾಣ ಮಾಡುವಾಗ ಅನುಸರಿಸುತ್ತಿರುವ ಮಾನದಂಡದ ಬಗ್ಗೆ","About the standards followed by construction of buildings at the National Highway, State Highways and District Main Roads",ಕ್ಯಾಪ್ಟನ್ ಗಣೇಶ್ ಕಾರ್ಣಿಕ್,Capt. Ganesh Karnik
2184,07/02/2017,ಲೋಕೋಪಯೋಗಿ,Public service,ಪಡುಬಿದ್ರೆ ಕಾರ್ಕಳವನ್ನು ಸಂಪರ್ಕಿಸುವ ರಾಜ್ಯ ಹೆದ್ದಾರಿಯ ಅಗಲೀಕರಣದ ಬಗ್ಗೆ,About the widening of the State Highway connecting Padubidri Karkala,ಕ್ಯಾಪ್ಟನ್ ಗಣೇಶ್ ಕಾರ್ಣಿಕ್,Capt. Ganesh Karnik
2185,07/02/2017,ಕೃಷಿ ಮಾರುಕಟ್ಟೆ,Agricultural Market,ಬೆಳಗಾವಿ ಜಿಲ್ಲೆಯ ಕೃಷಿ ಮಾರುಕಟ್ಟೆಗಳಲ್ಲಿ ಮೂಲಭೂತ ಸೌಲಭ್ಯಗಳಿಲ್ಲದೆ ಇರುವ ಬಗ್ಗೆ,There is no basic facilities in the agricultural markets of Belgaum district,ಕವಟಗಿಮಠ ಮಹಂತೇಶ ಮಲ್ಲಿಕಾರ್ಜುನ,Kavatimata Mahantesha Mallikarjuna
2186,07/02/2017,ಪಶುಸಂಗೋಪನೆ,Animal husbandry,ಬೆಳಗಾವಿ ಜಿಲ್ಲೆಯಲ್ಲಿ ಪಶುಭಾಗ್ಯ ಯೋಜನೆ ಪರಿಣಾಮಕಾರಿಯಾಗಿ ಅನು?ನಗೊಳ್ಳದೇ ಇರುವ ಬಗ್ಗೆ,"In the Belgaum district, the Pasupangya Vidyalaya project is effectively a laugh",ಕವಟಗಿಮಠ ಮಹಂತೇಶ ಮಲ್ಲಿಕಾರ್ಜುನ,Kavatimata Mahantesha Mallikarjuna
2187,07/02/2017,ತೋಟಗಾರಿಕೆ,Gardening,ಬೆಳಗಾವಿ ಜಿಲ್ಲೆಯ ಅರಬಾವಿ ತೋಟಗಾರಿಕಾ ಸಂಶೋಧನಾ ಕೇಂದ್ರಕ್ಕೆ ಮೂಲ ಭೂತ ಸೌಲಭ್ಯ ಒದಗಿಸದೇ ಇರುವ ಬಗ್ಗೆ,About not providing basic ghost facility to Arabavi Horticultural Research Center in Belgaum district,ಕವಟಗಿಮಠ ಮಹಂತೇಶ ಮಲ್ಲಿಕಾರ್ಜುನ,Kavatimata Mahantesha Mallikarjuna
2188,07/02/2017,ಇಂಧನ,Fuel,ಅನಿಯಮಿತ ವಿದ್ಯುತ್ ಲೋಡ್ ಶೆಡ್ಡಿಂಗ್ ಮಾಡುತ್ತಿರುವ ಬಗ್ಗೆ,About irregular power load sadding,ಕವಟಗಿಮಠ ಮಹಂತೇಶ ಮಲ್ಲಿಕಾರ್ಜುನ,Kavatimata Mahantesha Mallikarjuna
2189,07/02/2017,ಕೃಷಿ,Agriculture,ಬರಗಾಲದಿಂದ ರೈತರ ಬೆಳೆಗಳು ಕೈಗೆ ಸಿಗದೆ ಹಾಕಿದ ಬಂಡವಾಳವು ನ?ವಾಗುತ್ತಿರುವ ಬಗ್ಗೆ,What about the growing capital of farmers from the famine?,ಕವಟಗಿಮಠ ಮಹಂತೇಶ ಮಲ್ಲಿಕಾರ್ಜುನ,Kavatimata Mahantesha Mallikarjuna
2190,07/02/2017,ಲೋಕೋಪಯೋಗಿ,Public service,ಶಿರಾಡಿ ಘಾಟ್ ರಸ್ತೆ ಅಭಿವೃದ್ಧಿ ಮಾಡುವ ಕುರಿತು ಮತ್ತು ಹಾಸನ - ಬಿ.ಸಿ ರೋಡ್ ಚತುಷ್ಪಥ ಕಾಮಗಾರಿ ಕುರಿತು,About Shiradi Ghat Road Development and Hassan - BC Road Quadrilateral Works,ಕೋಟ ಶ್ರೀನಿವಾಸ ಪೂಜಾರಿ,Kota Srinivasa Pujari
2191,07/02/2017,ಲೋಕೋಪಯೋಗಿ,Public service,ರಾಜ್ಯ ರಾಷ್ಟ್ರೀಯ ಹೆದ್ದಾರಿ ಯೋಜನೆಗಳ ಕುರಿತು,About State Highways Projects,ಕೋಟ ಶ್ರೀನಿವಾಸ ಪೂಜಾರಿ,Kota Srinivasa Pujari
2192,07/02/2017,ಇಂಧನ,Fuel,ಗ್ರಾಮ ಪಂಚಾಯತ್‌ಗಳ ವಿದ್ಯುತ್ ಬಿಲ್ಲು ಬಾಕಿ ಮತ್ತು ಬಡ್ಡಿ ವಿನಾಯಿತಿ ನೀಡುವ ಕುರಿತು,About Gram Panchayats Electricity Bill Balance and Interest Exemption,ಕೋಟ ಶ್ರೀನಿವಾಸ ಪೂಜಾರಿ,Kota Srinivasa Pujari
2193,07/02/2017,ಪೌರಾಡಳಿv,Mesmerizing v,ಪೌರಾಡಳಿತ ಸ್ಥಳೀಯ ಸಂಸ್ಥೆಗಳಲ್ಲಿನ ಖಾಲಿ ಹುದ್ದೆ ಮತ್ತು ಸಮಾನ ಕೆಲಸ ಸಮಾನ ವೇತನ ಪಾವತಿ ಕುರಿತು,Municipalities have a blank assignment in local firms and pay equal pay for equal pay,ಕೋಟ ಶ್ರೀನಿವಾಸ ಪೂಜಾರಿ,Kota Srinivasa Pujari
2194,07/02/2017,ಇಂಧನ,Fuel,ಗ್ರಾಮ ಪಂಚಾಯತ್ ಸೇರಿದಂತೆ ಸರ್ಕಾರಿ ಕಛೇರಿ ಕಟ್ಟಡಗಳಲ್ಲಿ ಸೋಲಾರ್ ರೂಫ್ ಟಾಪ್ ಅಳವಡಿಕೆ ಕುರಿತು,"About solar roof top implementation of government office buildings, including Gram Panchayat",ಕೋಟ ಶ್ರೀನಿವಾಸ ಪೂಜಾರಿ,Kota Srinivasa Pujari
2195,07/02/2017,ಪಶುಸಂಗೋಪನೆ,Animal husbandry,ಪಶು ವಿಶ್ವವಿದ್ಯಾಲಯಗಳಲ್ಲಿ ಕೈಗೊಂಡಿರುವ ಸಂಶೋಧನೆಗಳ ಕುರಿತು,Research on Veterinary Universities,ಕೊಂಡಯ್ಯ .ಕೆ.ಸಿ,Kondaiah KC
2196,07/02/2017,ಪಶುಸಂಗೋಪನೆ,Animal husbandry,ಪಶು ವೈದ್ಯರು ಹಾಗೂ ನಿರೀಕ್ಷಕರ ಹುದ್ದೆಗಳನ್ನು ಭರ್ತಿ ಮಾಡುವ ಬಗ್ಗೆ,About filling up vacancies and veterinarians,ಕೊಂಡಯ್ಯ .ಕೆ.ಸಿ,Kondaiah KC
2197,07/02/2017,ಕೃಷಿ,Agriculture,ರೈತರಿಗೆ ಬೆಳೆ ನಷ್ಟವಾದಲ್ಲಿ ಪರಿಹಾರ ನೀಡುವ ಬಗ್ಗೆ,Providing solutions to crop loss to farmers,ಗೋಪಾಲಸ್ವಾಮಿ .ಎಂ.ಎ,Gopalaswamy MA
2198,07/02/2017,ಲೋಕೋಪಯೋಗಿ,Public service,ರಾಷ್ಟ್ರೀಯ ಹೆದ್ದಾರಿ ಪಕ್ಕದಲ್ಲಿ ಬರುವ ಹಳ್ಳಿಗಳಿಗೆ ಸೇವಾ ರಸ್ತೆ ತಡೆಗೋಡೆ Uಟಿಜeಡಿಠಿಚಿss ನಿರ್ಮಾಣ ಕುರಿತು.,About the construction of street road barrier UTZ e Ditches ss for villages beside National Highway.,ಗೋಪಾಲಸ್ವಾಮಿ .ಎಂ.ಎ,Gopalaswamy MA
2199,07/02/2017,ಲೋಕೋಪಯೋಗಿ,Public service,ರಾಜ್ಯದ ಟೋಲ್ಗಳಲ್ಲಿ ಆಂಬ್ಯುಲನ್ಸ್ ಮತ್ತು ವಿ.ಈ.ಪಿ ವಾಹನಗಳಿಗೆ ಪ್ರತ್ಯೇಕ ದ್ವಾರ ನಿರ್ಮಿಸುವ ಬಗ್ಗೆ,Building a separate gateway for ambulances and VP vehicles in state tolls,ಚೌಡರೆಡ್ಡಿ ತೂಪಲ್ಲಿ .ಆರ್,Chowdareddy Tupalli R
2200,07/02/2017,ಲೋಕೋಪಯೋಗಿ,Public service,ರಾಜ್ಯ ಹೆದ್ದಾರಿಯ ಮಾನದಂಡಗಳನ್ವಯ ರಸ್ತೆ ನಿರ್ಮಾಣ ಮಾಡುವ ಬಗ್ಗೆ,Building roads on state highway standards,ಚೌಡರೆಡ್ಡಿ ತೂಪಲ್ಲಿ .ಆರ್,Chowdareddy Tupalli R
2201,07/02/2017,ಸಾರ್ವಜನಿಕ ಉದ್ದಿಮೆ,Public enterprise,ಸಾರ್ವಜನಿಕ ಉದ್ದಿಮೆಗಳ ಬಗ್ಗೆ,About Public Enterprises,ಚೌಡರೆಡ್ಡಿ ತೂಪಲ್ಲಿ .ಆರ್,Chowdareddy Tupalli R
2202,07/02/2017,ಸಾರ್ವಜನಿಕ ಉದ್ದಿಮೆ,Public enterprise,ನಗರೋತ್ಥಾನ ಯೋಜನೆ,Nagarothana Project,ಧರ್ಮಸೇನ .ಆರ್,Dharmasena R
2203,07/02/2017,ಲೋಕೋಪಯೋಗಿ,Public service,ಸ್ಪೀಡ್ ಬ್ರೇಕರ್‌ಗಳಿಂದ ಆಗುತ್ತಿರುವ ತೊಂದರೆ ಬಗ್ಗೆ,About the difficulty with speed breakers,ಧರ್ಮಸೇನ .ಆರ್,Dharmasena R
2204,07/02/2017,ತೋಟಗಾರಿಕೆ ಸಚಿವರು,Minister for Horticulture,ತೋಟಗಾರಿಕೆಯ ಅಭಿವೃದ್ಧಿ,Horticultural Development,ಧರ್ಮಸೇನ .ಆರ್,Dharmasena R
2205,08/02/2017,ಅರಣ್ಯ,Forest,ರಾಯಚೂರು ಜಿಲ್ಲೆಯ ಅರಣ್ಯ ಇಲಾಖೆ ಕುರಿತು,About the forest department of Raichur district,ಬೋಸ್‌ರಾಜು .ಎನ್.ಎಸ್,Bosaraju N S
2206,08/02/2017,ಸಣ್ಣ ನೀರಾವರಿ,Small irrigation,ರಾಯಚೂರು ಜಿಲ್ಲೆಯ ಏತ ನೀರಾವರಿ ಯೋಜನೆಗಳ ಕುರಿತು,About irrigation projects in Raichur district,ಬೋಸ್‌ರಾಜು .ಎನ್.ಎಸ್,Bosaraju N S
2207,08/02/2017,ಕಂದಾಯ,Revenue,ಮಾನ್ವಿ ಪಟ್ಟಣದಲ್ಲಿ ಮಿನಿ ವಿಧಾನ ಸೌಧ ನಿರ್ಮಾಣದ ಬಗ್ಗೆ,About the construction of Mini Method Soudha in Manvi town,ಬೋಸ್‌ರಾಜು .ಎನ್.ಎಸ್,Bosaraju N S
2208,08/02/2017,ಕಾನೂನು,The law,ರಾಯಚೂರು ನಗರದಲ್ಲಿ ಜಿಲ್ಲಾ ಕೋರ್ಟ್ ಭವನ ನಿರ್ಮಾಣ ಮಾಡುವ ಬಗ್ಗೆ,About building a District Court House in Raichur,ಬೋಸ್‌ರಾಜು .ಎನ್.ಎಸ್,Bosaraju N S
2209,08/02/2017,ಭಾರಿ ಮತ್ತು ಮಧ್ಯಮ ನೀರಾವರಿ,Heavy and medium irrigation,ರಾಯಚೂರು ತಾಲೂಕಿನಲ್ಲಿರುವ ೨೨ ಕೆರೆಗಳ ಅಭೀವೃದ್ಧಿ ಕುರಿತು,About 22 Lakes Approach in Raichur Taluk,ಬೋಸ್‌ರಾಜು .ಎನ್.ಎಸ್,Bosaraju N S
2210,08/02/2017,ಕಂದಾಯ,Revenue,ಸ್ಮಶಾನಗಳ ವಿಚಾರ,Think of cemeteries,ಭಾನುಪ್ರಕಾಶ್,Bhanu Prakasha
2211,08/02/2017,ಸಣ್ಣ ನೀರಾವರಿ,Small irrigation,ಶಿವಮೊಗ್ಗ ತಾಲ್ಲೂಕು ಮತ್ತೂರು ಹೊಸಹಳ್ಳಿ ಬಳಿ ತುಂಗಾ ನದಿಗೆ ತಡೆಗೋಡೆ ವಿಚಾರ,Shimoga taluk is a barrier to Tunga River near Madur Hosahalli,ಭಾನುಪ್ರಕಾಶ್,Bhanu Prakasha
2212,08/02/2017,ಮುಜರಾಯಿ,Muzarai,ನಂಜನಗೂಡಿನ ದೇವಾಲಯದ ಸುತ್ತಲಿನ ಪರಿಸರದಲ್ಲಿ ಸ್ವಚ್ಛತೆ ಇಲ್ಲದಿರುವ ಬಗ್ಗೆ,About the cleanliness in the surrounding environment of the Nanjangud temple,ಸುನೀಲ್ ಸುಬ್ರಮಣಿ .ಎಂ.ಪಿ,Sunil Subramani M P
2213,08/02/2017,ಭಾರಿ ಮತ್ತು ಮಧ್ಯಮ ನೀರಾವರಿ,Heavy and medium irrigation,ಕಾವೇರಿ ನದಿಯ ಪುನಶ್ಚೇತನಕ್ಕೆ ಆಯವ್ಯಯದಲ್ಲಿ ಅನುದಾನ ಮೀಸಲಿಡುವ ಬಗ್ಗೆ,About funding the budget for the revival of the Cauvery River,ಸುನೀಲ್ ಸುಬ್ರಮಣಿ .ಎಂ.ಪಿ,Sunil Subramani M P
2214,08/02/2017,ಅರಣ್ಯ,Forest,ರಾಜ್ಯದಲ್ಲಿ ಮೋಜಿಗಾಗಿ/ಮಾಂಸಕ್ಕೆ ಕಾಡು ಪ್ರಾಣಿಗಳನ್ನು ಹತ್ಯೆ ಮಾಡುತ್ತಿರುವ ಬಗ್ಗೆ,About the killing of wild animals for fun / meat in the state,ಸುನೀಲ್ ಸುಬ್ರಮಣಿ .ಎಂ.ಪಿ,Sunil Subramani M P
2215,08/02/2017,ಯುವ ಸಬಲೀಕರಣ ಮತ್ತು ಕ್ರೀಡಾ,Youth empowerment and sport,ಡಾಂಗಣಗಳಿಗೆ ತರಬೇತುದಾರರನ್ನು ಖಾಯಂ ಆಗಿ ನೇಮಕ ಮಾಡಿಕೊಳ್ಳುವ ಕುರಿತು,About appointing coaches permanently for dams,ಸಂಕನೂರ .ಎಸ್.ವ್ಹಿ,Sankanura S V
2216,08/02/2017,ಕಂದಾಯ,Revenue,ಹೊಸ ತಾಲ್ಲೂಕುಗಳನ್ನು ರಚನೆ ಮಾಡುವ ಕುರಿತು,Creating new taluks,ಸಂಕನೂರ .ಎಸ್.ವ್ಹಿ,Sankanura S V
2217,08/02/2017,ಕಂದಾಯ,Revenue,ಬರ ‘ಅಧ್ಯಯನ ತಂಡಗಳ ಬಗ್ಗೆ,Drought 'about study teams,ಸಮಣ್ಣ ಮ ಬೇವಿನಮರದ,Samanna Ma Bevinamara
2218,08/02/2017,ಕಂದಾಯ,Revenue,ರಾಜ್ಯದಲ್ಲಿರುವ ಬೇಡ ಜಂಗಮ ಕುಟುಂಬಗಳ ಸಂಖ್ಯೆ ಬಗ್ಗೆ,About the number of zonal families in the state,ಸಮಣ್ಣ ಮ ಬೇವಿನಮರದ,Samanna Ma Bevinamara
2219,08/02/2017,ಕಾನೂನು,The law,ಹಾವೇರಿ ಜಿಲ್ಲೆಯ ಕೆರೆಗಳ ಅಭೀವೃದ್ಧಿ ಬಗ್ಗೆ,About the Impact of Lakes in Haveri District,ಸಮಣ್ಣ ಮ ಬೇವಿನಮರದ,Samanna Ma Bevinamara
2220,08/02/2017,ಅರಣ್ಯ,Forest,ಪರಿಸರ ಸಂರಕ್ಷಣೆ ಮತ್ತು ಅರಣ್ಯಾಭಿವೃದ್ಧಿಗೆ ಕೇಂದ್ರ ಸರ್ಕಾರದ ಅನುದಾನ ಕುರಿತು,The Central Government's provision for environment conservation and development,ಸೋಮಣ್ಣ .ವಿ,Somanna V
2221,08/02/2017,ಭಾರಿ ಮತ್ತು ಮಧ್ಯಮ ನೀರಾವರಿ,Heavy and medium irrigation,ನೀರಾವರಿ ಯೋಜನೆಗಳಿಗಾಗಿ ಕೇಂದ್ರ ಸರ್ಕಾರದಿಂದ ಅನುದಾನ ಬಿಡುಗಡೆ,Release of funds from the central government for irrigation projects,ಸೋಮಣ್ಣ .ವಿ,Somanna V
2222,08/02/2017,ಯುವ ಸಬಲೀಕರಣ ಮತ್ತು ಕ್ರೀಡಾ,Youth empowerment and sport,ಡೆ ಮತ್ತು ಕ್ರೀಡಾಂಗಣಗಳ ಅಭಿವೃದ್ಧಿ,Development of de and stadiums,ಸೋಮಣ್ಣ .ವಿ,Somanna V
2223,08/02/2017,ಕಾರ್ಮಿಕ,Labor,ಕೂಲಿ ಕಾರ್ಮಿಕರುಗಳಿಗೆ ಇಲಾಖೆಯಿಂದ ನೀಡುವ ಸುರಕ್ಷತೆ ಕುರಿತು,About the safety of the welfare workers from the department,ಸೋಮಣ್ಣ .ವಿ,Somanna V
2224,08/02/2017,ಕಂದಾಯ,Revenue,ಬರ ನಿರ್ವಹಣೆಗೆ ಕೇಂದ್ರ ಸರ್ಕಾರದಿಂದ ನೀರಿನ ಅನುದಾನ ಕುರಿತು,About water subsidy from the Central Government for drought management,ಸೋಮಣ್ಣ .ವಿ,Somanna V
2225,08/02/2017,ಭಾರಿ ಮತ್ತು ಮಧ್ಯಮ ನೀರಾವರಿ,Heavy and medium irrigation,ಕಾವೇರಿ ನದಿಯ ನೀರು ಕಲುಷಿತಗೊಳ್ಳುತ್ತಿರುವುದರ ಕುರಿತು,About Cauvery River Water Disinfection,ನಾರಾಯಣಸ್ವಾಮಿ .ಎಂ,Narayanaswamy M
2226,08/02/2017,ಯುವ ಸಬಲೀಕರಣ ಮತ್ತು ಕ್ರೀಡಾ,Youth empowerment and sport,ಡಾ ಇಲಾಖೆಯ ಉತ್ತೇಜನ ಮತ್ತು ನೂತನವಾಗಿ ಕ್ರೀಡಾಂಗಣಗಳ ಕುರಿತು,The promotion of the Department of Drama and the newly opened stadia,ನಾರಾಯಣಸ್ವಾಮಿ .ಎಂ,Narayanaswamy M
2227,08/02/2017,ಭಾರಿ ಮತ್ತು ಮಧ್ಯಮ ನೀರಾವರಿ,Heavy and medium irrigation,ಭಾರಿ ಮತ್ತು ಧ್ಯಮ ನೀರಾವರಿ ಇಲಾಖೆಯಿಂದ ಕೈಗೊಂಡ ಕಾಮಗಾರಿಗಳ ಕುರಿತು,About the work carried out by the Department of Massive and Environmental Irrigation,ನಾರಾಯಣಸ್ವಾಮಿ .ಎಂ,Narayanaswamy M
2228,08/02/2017,ಕಂದಾಯ,Revenue,ರಾಜ್ಯದ ಗ್ರಾಮಠಾಣಾ ವ್ಯಾಪ್ತಿಯ ಪುನರ್ ನಿಗಧಿಯ ಬಗ್ಗೆ,Regarding Niridhi of the State Grama Niladhari,ನಾರಾಯಣಸ್ವಾಮಿ .ಕೆ.ವಿ,Narayanaswamy K V
2229,08/02/2017,ಮುಜರಾಯಿ,Muzarai,ಆಂಧ್ರಪ್ರದೇಶದ ಶ್ರೀ ಶೈಲಂನಲ್ಲಿರುವ ಕರ್ನಾಟಕ ಛತ್ರದ ದುಸ್ಥಿತಿಯ ಬಗ್ಗೆ,"Concerns about Karnataka Chhatra in Sri Shimla, Andhra Pradesh",ನಾರಾಯಣಸ್ವಾಮಿ .ಕೆ.ವಿ,Narayanaswamy K V
2230,08/02/2017,ಅರಣ್ಯ,Forest,"ನಾಗರಹೊಳೆ, ಬಿಳಿಗಿರಿರಂಗನ ಬೆಟ್ಟ, ಬಂಡಿಪುರ ಮತ್ತು ಮಹದೇಶ್ವರ ಬೆಟ್ಟದಲ್ಲಿ ಹುಲಿಗಳ ಸಾವು","Tiger deaths at Nagarhole, Biligirirangan hill, Bandipur and Mahadeshwara hill",ನಾಗರಾಜು .ಎಸ್,Nagaraja S
2231,08/02/2017,ಕಂದಾಯ,Revenue,ಮೈಸೂರು ಮತ್ತು ಚಾಮರಾಜನಗರ ಜಿಲ್ಲೆಗಳಲ್ಲಿನ ಗೋಶಾಲೆಗಳ ಬಗ್ಗೆ,About Goshalas in Mysore and Chamarajanagar Districts,ನಾಗರಾಜು .ಎಸ್,Nagaraja S
2232,08/02/2017,ಭಾರಿ ಮತ್ತು ಮಧ್ಯಮ ನೀರಾವರಿ,Heavy and medium irrigation,ಗುಂಡಾಲ್ ಜಲಾಶಯದ ನೀರಿನ ಬU,Water from the Gundal Reservoir,ನಾಗರಾಜು .ಎಸ್,Nagaraja S
2233,08/02/2017,ಕಾರ್ಮಿಕ,Labor,ಮೈಸೂರಿನಲ್ಲಿ ಇ.ಎಸ್.ಐ.ಆಸ್ಪತ್ರೆಯ ನಿರ್ಮಾಣ,Construction of ESI Hospital in Mysore,ನಾಗರಾಜು .ಎಸ್,Nagaraja S
2234,08/02/2017,ಅರಣ್ಯ,Forest,ವಸೂರು ಮೃಗಾಲಯದಲ್ಲಿ ಹಕ್ಕಿಜ್ವರದ ಬಗ್ಗೆ,About bird land at Vasoor Zoo,ನಾಗರಾಜು .ಎಸ್,Nagaraja S
2235,08/02/2017,ಭಾರಿ ಮತ್ತು ಮಧ್ಯಮ ನೀರಾವರಿ,Heavy and medium irrigation,ಸಸಾಲಟ್ಟಿ ಏತ ನೀರಾವರಿ ಯೋಜನೆಯ ಬಗ್ಗೆ,About Sasalatti What's the Irrigation Project?,ನಿರಾಣಿ ಹಣಮಂತ್ ರುದ್ರಪ್ಪ,Nirani Hanumanth Rudrappa
2236,08/02/2017,ಭಾರಿ ಮತ್ತು ಮಧ್ಯಮ ನೀರಾವರಿ,Heavy and medium irrigation,ಪ್ರಾಧಿಕಾರ ರಚನೆ ಮಾಡುವ ಬಗ್ಗೆ,Creating Authority,ನಿರಾಣಿ ಹಣಮಂತ್ ರುದ್ರಪ್ಪ,Nirani Hanumanth Rudrappa
2237,08/02/2017,ಭಾರಿ ಮತ್ತು ಮಧ್ಯಮ ನೀರಾವರಿ,Heavy and medium irrigation,ಪುನರ್ ವಸತಿ ಕೇಂದ್ರಗಳನ್ನು Uಮ ಪಂಚಾಯತ್‌ಗಳಿಗೆ ಹಸ್ತಾಂತರಿಸುವ ಬಗ್ಗೆ,Regarding the transfer of residential centers to the U Panchayats,ನಿರಾಣಿ ಹಣಮಂತ್ ರುದ್ರಪ್ಪ,Nirani Hanumanth Rudrappa
2238,08/02/2017,ಕಂದಾಯ,Revenue,ಅಕ್ರಮ-ಸಕ್ರಮ ಅರ್ಜಿಗಳ ಕುರಿತು,About illegal-legal applications,ಪ್ರಾಣೇಶ್ .ಎಂ.ಕೆ,Pranesha M K
2239,08/02/2017,ಅರಣ್ಯ,Forest,ಕಾಡು ಪ್ರಾಣಿಗಳಿಗೆ ಕುಡಿಯುವ ನೀರಿನ ವ್ಯವಸ್ಥೆ ಬಗ್ಗೆ,About wild drinking systems for wild animals,ಪ್ರಾಣೇಶ್ .ಎಂ.ಕೆ,Pranesha M K
2240,08/02/2017,ಕಂದಾಯ,Revenue,ಅಕ್ರಮ ಸಕ್ರಮ ಸಮಿತಿಯಲ್ಲಿ ಬಾಕಿಯಿರುವ ಅರ್ಜಿಗಳ ಬಗ್ಗೆ,Regarding the pending application in the illegal legal committee,ಪ್ರತಾಪಚಂದ್ರ ಶೆಟ್ಟಿ .ಕೆ,Pratapachandra Shetty K
2241,08/02/2017,ಭಾರಿ ಮತ್ತು ಮಧ್ಯಮ ನೀರಾವರಿ,Heavy and medium irrigation,ವರಾಹಿ ನೀರಾವರಿ ಯೋಜನೆಯ ಪೂರ್ಣ ಪ್ರಮಾಣದ ಪ್ರಯೋಜನ ದೊರೆಯದಿರುವುದರ ಬಗ್ಗೆ,About the full benefits of the Varahi irrigation project,ಪ್ರತಾಪಚಂದ್ರ ಶೆಟ್ಟಿ .ಕೆ,Pratapachandra Shetty K
2242,08/02/2017,ಅರಣ್ಯ,Forest,ಉಡುಪಿ ಜಿಲ್ಲೆಯ ಅರಣ್ಯ ಇಲಾಖಾ ವ್ಯಾಪ್ತಿಗೆ ಸೇರಿದ ಪ್ರದೇಶಗಳ ಬಗ್ಗೆ,About the areas covered by forest department in Udupi district,ಪ್ರತಾಪಚಂದ್ರ ಶೆಟ್ಟಿ .ಕೆ,Pratapachandra Shetty K
2243,08/02/2017,ಅರಣ್ಯ,Forest,ಸಾರ್ವಜನಿಕ ಹಿತದೃಷ್ಠಿಯಿಂದ ಅರಣ್ಯ ಪ್ರದೇಶವನ್ನು ಬಳಸುವ ಬಗ್ಗೆ,About using the forest area with public interest,ಪ್ರತಾಪಚಂದ್ರ ಶೆಟ್ಟಿ .ಕೆ,Pratapachandra Shetty K
2244,08/02/2017,ಕಂದಾಯ,Revenue,ರಾಜ್ಯದಲ್ಲಿ ೯೪ಸಿ ಅಡಿ ಸಲ್ಲಿಕೆಯಾದ ಅರ್ಜಿಗಳ ಬಗ್ಗೆ,Regarding applications submitted by 94 C in the State,ಪ್ರತಾಪಚಂದ್ರ ಶೆಟ್ಟಿ .ಕೆ,Pratapachandra Shetty K
2245,08/02/2017,ಕಂದಾಯ,Revenue,ಸಾಮಾಜಿಕ ಭದ್ರತಾ ಯೋಜನೆಯ ಬಗ್ಗೆ,About Social Security Scheme,ಪುಟ್ಟಸ್ವಾಮಿ .ಬಿ.ಜೆ,Puttaswamy B J
2246,08/02/2017,ಭಾರಿ ಮತ್ತು ಮಧ್ಯಮ ನೀರಾವರಿ,Heavy and medium irrigation,ಭಾರಿ ಮತ್ತು ಮಧ್ಯಮ ನೀರಾವರಿ ಬಗ್ಗೆ,About heavy and medium irrigation,ಪುಟ್ಟಸ್ವಾಮಿ .ಬಿ.ಜೆ,Puttaswamy B J
2247,08/02/2017,ಕಂದಾಯ,Revenue,ಬೆಂಗಳೂರು ನಗರ ವ್ಯಾಪ್ತಿಯಲ್ಲಿರುವ ಸರ್ಕಾರಿ ಮತ್ತು ಕಂದಾಯ ಭೂಮಿ ಬಗ್ಗೆ,About Government and Revenue Land in Bangalore City,ಶರವಣ .ಟಿ.ಎ,Sharavana T A
2248,08/02/2017,ಕಂದಾಯ,Revenue,ಭೂಸ್ವಾಧೀನ ಪ್ರಕ್ರಿಯೆಯಲ್ಲಿ ಪಾರದರ್ಶಕತೆ ಹಾಗೂ ಪುನರ್ವಸತಿ ಕಲ್ಪಿಸುವ ಬಗ್ಗೆ,About transparency and rehabilitation in the land acquisition process,ಶರವಣ .ಟಿ.ಎ,Sharavana T A
2249,08/02/2017,ಭಾರಿ ಮತ್ತು ಮಧ್ಯಮ ನೀರಾವರಿ,Heavy and medium irrigation,ಜಲಸಂಪನ್ಮೂಲ ಇಲಾಖೆಯಲ್ಲಿ ಖಾಲಿಯಿರುವ ಹುದ್ದೆಗಳ ಬಗ್ಗೆ,About vacant posts in the Water Resources Department,ಶರವಣ .ಟಿ.ಎ,Sharavana T A
2250,08/02/2017,ಕಾನೂನು,The law,ಅಧೀನ ನ್ಯಾಯಾಲಯಗಳ ಬಗ್ಗೆ,About subordinate courts,ಶರವಣ .ಟಿ.ಎ,Sharavana T A
2251,08/02/2017,ಕಂದಾಯ,Revenue,ಭೂ ಕಬಳಿಕೆ ಮತ್ತು ಅಕ್ರಮ-ಸಕ್ರಮಗಳ ಕುರಿತು,About land acquisition and illegal-irregularities,ಶರವಣ .ಟಿ.ಎ,Sharavana T A
2252,08/02/2017,ಕಂದಾಯ,Revenue,ಪರಿಶಿ? ಜಾತಿ /ಪರಿಶಿ? ಪಂಗಡಗಳಿಗೆ ಸರ್ಕಾರಿ ದರ್ಖಾಸ್ತು ಜಮೀನಿನ ಭೂ ಪರಿವರ್ತನೆ ಮಿತಿ ಬಗ್ಗೆ,The survey? Caste / Survey? About the limit of land conversion to the government darling land for the tribes,ವೀರಯ್ಯ .ಡಿ.ಎಸ್,Veerayya D S
2253,08/02/2017,ಕಾನೂನು,The law,ಕೆರೆಗಳ ಹೂಳೆತ್ತಲು ನಿಗದಿಪಡಿಸಿರುವ ಅನುದಾನ ಕುರಿತು,About grant of lakes to be dumped,ವೀರಯ್ಯ .ಡಿ.ಎಸ್,Veerayya D S
2254,08/02/2017,ಅರಣ್ಯ,Forest,ಕೊಡಗು ಜಿಲ್ಲೆಯಲ್ಲಿ ಕಾಡಾನೆ ದಾಳಿಯಿಂದ ಪ್ರಾಣಹಾನಿ ಕುರಿತು,About the death of a jungle in Kodagu district,ವೀಣಾ ಅಚ್ಚಯ್ಯ .ಎಸ್,Veena achchaiah S
2255,08/02/2017,ಅರಣ್ಯ,Forest,ಕೊಡಗು ಜಿಲ್ಲೆಯಲ್ಲಿ ಕಾಡಾನೆ ದಾಳಿಯಿಂದ ಬೆಳೆ ನಾಶ ಮತ್ತು ಜಾನುವಾರು ಮೇಲೆ ದಾಳಿ ಕುರಿತು,The destruction of crops and cattle attacks on the cattle attack in Kodagu district,ವೀಣಾ ಅಚ್ಚಯ್ಯ .ಎಸ್,Veena achchaiah S
2256,08/02/2017,ಯುವ ಸಬಲೀಕರಣ ಮತ್ತು ಕ್ರೀಡಾ,Youth empowerment and sport,ಕೊಡಗು ಜಿಲ್ಲೆಯಲ್ಲಿ ಪೈಕಾ ಯೋಜನೆ ಅನು?ನ ಕುರಿತು,About PICA Project Anu in Kodagu district,ವೀಣಾ ಅಚ್ಚಯ್ಯ .ಎಸ್,Veena achchaiah S
2257,08/02/2017,ನೀರಾವರಿ,Irrigation,ಸಣ್ಣ ನೀರಾವರಿ ಯೋಜನೆಗಳ ಬಗ್ಗೆ,About Small Irrigation Projects,ವಿಜಯ್ ಸಿಂಗ್,Vijay Singh
2258,08/02/2017,ಕಂದಾಯ,Revenue,ಬೀದರ್ ಜಿಲ್ಲೆಯಲ್ಲಿ ಸ್ಮಶಾನ ಭೂಮಿಯ ಬಗ್ಗೆ,The cemetery in Bidar district is about the earth,ವಿಜಯ್ ಸಿಂಗ್,Vijay Singh
2259,08/02/2017,ಕಂದಾಯ,Revenue,ಬೀದರ್ ಜಿಲ್ಲೆಯ ನಾಡ ಕಛೇರಿಗಳ ಬಗೆ,Type of Nad Offices in Bidar District,ವಿಜಯ್ ಸಿಂಗ್,Vijay Singh
2260,08/02/2017,ಸಣ್ಣ ನೀರಾವರಿ,Small irrigation,ಬೀದರ್ ಜಿಲ್ಲೆಯಲ್ಲಿ ಮಳೆಯಿಂದ ಒಡೆದ ಕೆರೆಗಳ ಬಗ್ಗೆ,Bidar Districts,ವಿಜಯ್ ಸಿಂಗ್,Vijay Singh
2261,08/02/2017,ಂiಜನೆ ಮತ್ತು ಸಾಂಖ್ಯಿಕ,I am generous and numerical,ಫಲಾನುಭವಿಗಳಿಗೆ ಅನುದಾನ ಮಂಜೂರಾತಿ,Grants sanctioned to beneficiaries,ಬಸನಗೌಡ ಆರ್ ಪಾಟೀಲ್,Basanagowda R Patil
2262,08/02/2017,ಕಂದಾಯ,Revenue,ಜಮೀನು ಖರೀದಿಯಿಂದ ಸರ್ಕಾರದ ಬೊಕ್ಕಸಕ್ಕೆ ಸಂಗ್ರಹವಾದ ಹಣದ ಬಗ್ಗೆ,About the money collected from the government for the purchase of the land,ಬಸನಗೌಡ ಆರ್ ಪಾಟೀಲ್,Basanagowda R Patil
2263,08/02/2017,ಅರಣ್ಯ,Forest,ಯಕ್ಕೆ ನೀಡಿರುವ ಭೂಮಿ ಒತ್ತುವರಿ ಬಗ್ಗೆ,About Land Acquisition,ಬಸವರಾಜ ಶಿವಲಿಂಗಪ್ಪ ಹೊರಟಿ,Basavaraja Shivalingappa Horatti
2264,08/02/2017,ಅರಣ್ಯ,Forest,ರಾಜ್ಯದಲ್ಲಿ ಮೃತ ಪಟ್ಟ ಹುಲಿಗಳ ಬಗ್ಗೆ ಮಾಹಿತಿ ನೀಡುವ ಬಗ್ಗೆ,Information about dead tigers in the state,ಲಹರ್ ಸಿಂಗ್ ಸಿರೋಯಾ,Lahar Singh Siroya
2265,08/02/2017,ಕಂದಾಯ,Revenue,ರಾಜ್ಯ ಬರಗಾಲದ ಹಿನ್ನೆಲೆಯಲ್ಲಿ ಗಂಜಿ ಕೇಂದ್ರ ಹಾಗೂ ಗೋಶಾಲೆಗಳ ಬಗ್ಗೆ,About Ganji Center and Goshales in the wake of State Drought,ಲಕ್ಷ್ಮೀನಾರಾಯಣ .ಎಂ.ಡಿ,Lakshmi Narayana MD
2266,08/02/2017,ಜವಳಿ,Textile,ಕರ್ನಾಟಕ ಕೈಮಗ್ಗ ಅಭಿವೃದ್ಧಿ ನಿಗಮದ ಬಗ್ಗೆ,About Karnataka Handloom Development Corporation,ಲಕ್ಷ್ಮೀನಾರಾಯಣ .ಎಂ.ಡಿ,Lakshmi Narayana MD
2267,08/02/2017,ಜವಳಿ,Textile,ಬಡ ನೇಕಾರರಿಗೆ ಸುವರ್ಣ ವಸ್ತ್ರ ನೀತಿಯ ಸೌಲಭ್ಯಗಳ ಬಗ್ಗೆ,For poor weavers about the benefits of golden clothing,ಲಕ್ಷ್ಮೀನಾರಾಯಣ .ಎಂ.ಡಿ,Lakshmi Narayana MD
2268,08/02/2017,ಮೀನುಗಾರಿಕೆ,Fishing,ತುಮಕೂರು ಜಿಲ್ಲೆಯಲ್ಲಿ ರೈತರಿಗೆ ಮೀನುಗಾರಿಕೆ ಕೃಷಿ ಬಗ್ಗೆ,Farmers are cultivated in Tumkur district,ಲಕ್ಷ್ಮೀನಾರಾಯಣ .ಎಂ.ಡಿ,Lakshmi Narayana MD
2269,08/02/2017,ಜವಳಿ,Textile,ಜವಳಿ ಪಾಕ ಸ್ಥಾಪಿಸುವ ಬಗ್ಗೆ,About textile recipes,ಲಕ್ಷ್ಮೀನಾರಾಯಣ .ಎಂ.ಡಿ,Lakshmi Narayana MD
2270,08/02/2017,ಭಾರಿ ಮತ್ತು ಮಧ್ಯಮ ನೀರಾವರಿ,Heavy and medium irrigation,ಮದ್ದೂರು ತಾಲ್ಲೂಕು ಮತ್ತು ಮಳವಳ್ಳಿ ತಾಲ್ಲೂಕಿನ ಶಿಂ?ನದಿಯ ನೀರಾವರಿ ಯೋಜನೆಗಳ ಬಗ್ಗೆ,About the river river irrigation projects in Maddur Taluk and the Malavalli taluk,ಶ್ರೀಕಂಠೇಗೌಡ .ಕೆ.ಟಿ,Srikantegowda KT
2271,08/02/2017,ಭಾರಿ ಮತ್ತು ಮಧ್ಯಮ ನೀರಾವರಿ,Heavy and medium irrigation,"ಮಂಡ್ಯ ಜಿಲ್ಲೆ, ಮದ್ದೂರು ತಾಲ್ಲೂಕು, ಬೋಳಾರೆ ಅಣೆಕಟ್ಟು ಬಗ್ಗೆ","Mandya District, Maddur Taluk, About the Bolare Dam",ಶ್ರೀಕಂಠೇಗೌಡ .ಕೆ.ಟಿ,Srikantegowda KT
2272,08/02/2017,ಭಾರಿ ಮತ್ತು ಮಧ್ಯಮ ನೀರಾವರಿ,Heavy and medium irrigation,ಮದ್ದೂರು ತಾಲ್ಲೂಕು ಕೊಪ್ಪ ಉಪವಿಭಾಗದ ವಿ.ಸಿ. ನಾಲೆಯ ಬಗ್ಗೆ,Madurai Taluk Koppa Subdivision VC About the Navy,ಶ್ರೀಕಂಠೇಗೌಡ .ಕೆ.ಟಿ,Srikantegowda KT
2273,08/02/2017,ಕಂದಾಯ,Revenue,ಮದ್ದೂರು ತಾಲ್ಲೂಕು ಕೌಡ್ಲೆ ಗ್ರಾಮದ ನಾಡ ಕಛೇರಿ ಬಗ್ಗೆ,About Nadar Office of Maddur Taluk Koudle Village,ಶ್ರೀಕಂಠೇಗೌಡ .ಕೆ.ಟಿ,Srikantegowda KT
2274,08/02/2017,ಭಾರಿ ಮತ್ತು ಮಧ್ಯಮ ನೀರಾವರಿ,Heavy and medium irrigation,ಮಂಡ್ಯ ಜಿಲ್ಲೆಯ ಏತ ನೀರಾವರಿ ಯೋಜನೆಗಳ ಬಗ್ಗೆ,About irrigation projects in Mandya district,ಶ್ರೀಕಂಠೇಗೌಡ .ಕೆ.ಟಿ,Srikantegowda KT
2275,08/02/2017,ಅರಣ್ಯ,Forest,ಚಿಕ್ಕಮಗಳೂರು ಜಿಲ್ಲೆಯಲ್ಲಿ ಆನೆಗಳ ದಾಳಿಯ ಬಗ್ಗೆ,About elephant attacks in Chikmagalur district,ವಟಮ್ಮ,Motamma
2276,08/02/2017,ಯುವ ಸಬಲೀಕರಣ ಮತ್ತು ಕ್ರೀಡಾಕ,Youth empowerment and sportsman,ಮಂಡ್ಯ ನಗರದ ಒಳಕ್ರೀಡಾಂಗಣದ ಬಗ್ಗೆ,About the Inland City of Mandya,ಅಪ್ಪಾಜಿಗೌಡ .ಎನ್,Appajigowda N
2277,08/02/2017,ಭಾರಿ ಮತ್ತು ಮಧ್ಯಮ ನೀರಾವರಿ,Heavy and medium irrigation,ಹೇಮಾವತಿ ನಾಲಾ ಬಗ್ಗೆ,About Hemavati Nala,ಅಪ್ಪಾಜಿಗೌಡ .ಎನ್,Appajigowda N
2278,08/02/2017,ಕಂದಾಯ,Revenue,ಕಂದಾಯ ಜಮೀನಿನ ಡಿ ನೋಟಿಫಿಕೇಶನ್ ಬಗ್ಗೆ,About Revenue Debt Notification,ಅಪ್ಪಾಜಿಗೌಡ .ಎನ್,Appajigowda N
2279,08/02/2017,ಅರಣ್ಯ,Forest,ಅರಣ್ಯ ಪ್ರದೇಶದಲ್ಲಿ ಮರ ಕಟಾವು ಬಗ್ಗೆ,About the harvest of the tree in the forest area,ಅಪ್ಪಾಜಿಗೌಡ .ಎನ್,Appajigowda N
2280,08/02/2017,ಮುಜರಾಯಿ,Muzarai,ಶ್ರೀರಂಗಪಟ್ಟಣದ ಶ್ರೀರಂಗನಾಥಸ್ವಾಮಿ ದೇವಸ್ಥಾನದ ಬಗ್ಗೆ,About Sriranganathaswamy Temple of Srirangapatna,ಅಪ್ಪಾಜಿಗೌಡ .ಎನ್,Appajigowda N
2281,08/02/2017,ಕಂದಾಯ,Revenue,೩೭೧ (ಜೆ) ಮೀಸಲಾತಿ ಅನ್ವಯ ಅರ್ಹತಾ ಪ್ರಮಾಣ ಪತ್ರದ ಮಾನದಂಡಗಳ ಬಗ್ಗೆ,371 (j) regarding the criteria of eligibility criteria under reservation,ಅಮರನಾಥ ಪಾಟೀಲ್,Amaranatha Patil
2282,08/02/2017,ಯುವ ಸಬಲೀಕರಣ ಮತ್ತು ಕ್ರೀಡಾ,Youth empowerment and sport,ಕಲಬುರ್ಗಿಯಲ್ಲಿ ಚಂದ್ರಶೇಖರ ಪಾಟೀಲ ಕ್ರೀಡಾಂಗಣದಲ್ಲಿ ಸಿಂಥೆಟಿಕ್ ಟ್ರ್ಯಾಕ್ ನಿರ್ಮಾಣದ ಬಗ್ಗೆ,About synthetic track construction at Chandrashekhar Patil Stadium in Kalaburgi,ಅಮರನಾಥ ಪಾಟೀಲ್,Amaranatha Patil
2283,08/02/2017,ಭಾರಿ ಮತ್ತು ಮಧ್ಯಮ ನೀರಾವರಿ,Heavy and medium irrigation,"ಕೃ?, ಭೀಮಾ, ನಾರಾಯಣಪುರ, ಕಾರಂಜಿ, ಮಲ್ಲಾಮರಿ ಅಣೆಕಟ್ಟು ಪುನಶ್ಚೇತನ (ಡ್ರಿಪ್) ಯೋಜನೆಯ ಬಗ್ಗೆ","Kra ?, Bhima, Narayanapura, Karanji, Mallamari Dam Recovery (Drip) About Project",ಅಮರನಾಥ ಪಾಟೀಲ್,Amaranatha Patil
2284,08/02/2017,ಕಂದಾಯ,Revenue,ಹೈದ್ರಾಬಾದ್ ಕರ್ನಾಟಕ ಪ್ರದೇಶದಲ್ಲಿ ಸುರಿದ ಭಾರಿ ಮಳೆ/ ಪ್ರವಾಹದ ಬಗ್ಗೆ,About the heavy rain / flood caused by the Hyderabad Karnataka region,ಅಮರನಾಥ ಪಾಟೀಲ್,Amaranatha Patil
2285,08/02/2017,ಕಂದಾಯ,Revenue,ರಾಜ್ಯದಲ್ಲಿ ಹೊಸ ತಾಲ್ಲೂಕುಗಳ ರಚನೆ ಬಗ್ಗೆ,About the formation of new taluks in the state,ಅಮರನಾಥ ಪಾಟೀಲ್,Amaranatha Patil
2286,08/02/2017,ಭಾರಿ ಮತ್ತು ಮಧ್ಯಮ ನೀರಾವರಿ,Heavy and medium irrigation,ರೇಖಲಗೆರೆ ಫೀಡರ್ ಚಾನೆಲ್ ದುರಸ್ಥಿ ಬಗ್ಗೆ,About Linear Feeder Channel Tragedy,ಜಯಮ್ಮ,Jayamma
2287,08/02/2017,ಸಣ್ಣ ನೀರಾವರಿ,Small irrigation,ಅಂತರ್ ಜಲಮಟ್ಟ ಹೆಚ್ಚಿಸುವ ಬಗ್ಗೆ,About Inter-Water Levels,ಜಯಮ್ಮ,Jayamma
2288,08/02/2017,ಕಂದಾಯ,Revenue,ಸಾಗುವಳಿ ಪತ್ರ ನೀಡುವಲ್ಲಿನ ವಿಳಂಬದ ಬಗ್ಗೆ,The delay in issuing a cultivation letter,ಜಯಮಾಲಾ ರಾಮಚಂದ್ರ,Jayamala Ramachandra
2289,08/02/2017,ಕಾರ್ಮಿಕ,Labor,ಪೌರ ಕಾರ್ಮಿಕರಿಗೆ ಏಜೆನ್ಸಿಯವರು ವಂಚನೆ ಮಾಡುವ ಬಗ್ಗೆ,Agency fraud on civic workers,ಜಯಮಾಲಾ ರಾಮಚಂದ್ರ,Jayamala Ramachandra
2290,08/02/2017,ಅರಣ್ಯ,Forest,ಚಿಕ್ಕಮಗಳೂರು ಮತ್ತು ಕೊಪ್ಪ ಮೀಸಲು ಅರಣ್ಯಗಳಲ್ಲಿ ಥಿನ್ನಿಂಗ್ ಕಾರಣವೊಡ್ಡಿ ಅತ್ಯಮೂಲ್ಯ ಮರಗಳನ್ನು ಅವಶ್ಯಕತೆಗಿಂತ ಹೆಚ್ಚು ಕಡಿದಿರುವ ಕುರಿತು,Concerned over the need for the most valuable trees in the Chikmagalur and Koppa Reserve Forests due to thinning,ರಾಮಚಂದ್ರಗೌಡ,Ramachandra Gowda
2291,08/02/2017,ಕಂದಾಯ,Revenue,ರಾಜ್ಯದ ಉಪ ನೋಂದಣಿ ಅಧಿಕಾರಿಗಳ ಕಛೇರಿಗಳಲ್ಲಿ ಸಾರ್ವಜನಿಕರು ಶುಲ್ಕವನ್ನು ಪಾವತಿಸಲು ನಗದು ರಹಿತ ಶುಲ್ಕ ಪಾವತಿ ವ್ಯವಸ್ಥೆಯನ್ನು ಮಾಡುವ ಕುರಿತು,"In the Offices of Deputy Registrar Officers of the State, about making a cashless fee payment system for the public to pay fees",ರಾಮಚಂದ್ರಗೌಡ,Ramachandra Gowda
2292,08/02/2017,ಅರಣ್ಯ,Forest,"ಇತ್ತೀಚೆಗೆ ಮೈಸೂರು ಮೃಗಾಲಯದಲ್ಲಿ ಹಕ್ಕಿಜ್ವರ ಕಾಣಿಸಿಕೊಂಡು ಕುಕ್ಕರಹಳ್ಳಿ ಪಕ್ಷಿಗಳಿಗೂ ಹಬ್ಬಿ, ಸಾವುನೋವು ಉಂಟಾಗಿರುವ ಬಗ್ಗೆ ಮತ್ತು ಅದನ್ನು ತಡೆಗಟ್ಟುವ ಬಗ್ಗೆ","Recently, the bird in the Mysore zoo appeared to the Kukkarahalli birds and the killing and the prevention of death",ರಾಮಚಂದ್ರಗೌಡ,Ramachandra Gowda
2293,08/02/2017,ಕಾರ್ಮಿಕ,Labor,ಮಹಿಳಾ ಉದ್ಯೋಗಿಗಳ ಸುರಕ್ಷತೆ ದೃಷ್ಟಿಯಿಂದ ಜಾರಿ ತಂದಿರುವ ೨೦೧೬ರ ನಿಯಮವನ್ನು ಸಮರ್ಪಕವಾಗಿ ಅನು?ನಕ್ಕೆ ತರುವ ಕುರಿತು,About the 2016 Law Enforcement of Safety of Women Employees,ರಾಮಚಂದ್ರಗೌಡ,Ramachandra Gowda
2294,08/02/2017,ಯುವ ಸಬಲೀಕರಣ ಮತ್ತು ಕ್ರೀಡಾ,Youth empowerment and sport,ಕಂಬಳ ಕ್ರೀಡೆಗೆ ಸೂಕ್ತ ಕಾನೂನು ರೂಪಿಸಿ ಅಧಿಕೃತವಾಗಿ ಕಂಬಳಕ್ಕೆ ಅವಕಾಶ ನೀಡುವ ಕುರಿತು,About Kambala Sports Appointment Laws Officially for the Kambala,ರಾಮಚಂದ್ರಗೌಡ,Ramachandra Gowda
2295,08/02/2017,ಕಂದಾಯ,Revenue,ಬರ ಪರಿಹಾರಕ್ಕೆ ಬಿಡುಗಡೆಯಾದ ಅನುದಾನ,Grants released to drought relief,ರಘುನಾಥ ರಾವ್ ಮಲ್ಕಾಪೂರೆ,Raghunath Rao Malkapore
2296,08/02/2017,ಕಾರ್ಮಿಕ,Labor,ಯುವ-ಯುಗ ಕಾರ್ಯಕ್ರಮಗಳು,Youth-Yuga Programs,ರಘುನಾಥ ರಾವ್ ಮಲ್ಕಾಪೂರೆ,Raghunath Rao Malkapore
2297,08/02/2017,ಕಂದಾಯ,Revenue,ಗೋಮಾಳ ಜಮೀನು ಸಂರಕ್ಷಣೆ ಬಗ್ಗೆ,About the conservation of pasture land,ರಘುನಾಥ ರಾವ್ ಮಲ್ಕಾಪೂರೆ,Raghunath Rao Malkapore
2298,08/02/2017,ಕಂದಾಯ,Revenue,ವಿವಿಧ ಯೋಜನೆಗಳಿಗಾಗಿ ಭೂ ಹಂಚಿಕೆ,Land distribution for various schemes,ರಘುನಾಥ ರಾವ್ ಮಲ್ಕಾಪೂರೆ,Raghunath Rao Malkapore
2299,08/02/2017,ಕಂದಾಯ,Revenue,ಪರವಾನಗೆ ಪಡೆದ ಭೂಮಾಪಕರುಗಳ ಬಗ್ಗೆ,About landowners licensed,ರಘುನಾಥ ರಾವ್ ಮಲ್ಕಾಪೂರೆ,Raghunath Rao Malkapore
2300,08/02/2017,ಭಾರಿ ಮತ್ತು ಮಧ್ಯಮ ನೀರಾವರಿ,Heavy and medium irrigation,ಮಹಾದಾಯಿ ನ್ಯಾಯಮಂಡಳಿ ಮತ್ತು ಪರಿಹಾರ,Mahadai tribunal and compensation,ಉಗ್ರಪ್ಪ .ವಿ.ಎಸ್,Ugrappa VS
2301,08/02/2017,ಭಾರಿ ಮತ್ತು ಮಧ್ಯಮ ನೀರಾವರಿ,Heavy and medium irrigation,ಕೃ? ಮೇಲ್ದಂಡೆ ಯೋಜನೆಯ ಮೂರನೇ ಹಂತ,Okay The third stage of the project is over,ಉಗ್ರಪ್ಪ .ವಿ.ಎಸ್,Ugrappa VS
2302,08/02/2017,ಭಾರಿ ಮತ್ತು ಮಧ್ಯಮ ನೀರಾವರಿ,Heavy and medium irrigation,ಆಲಮಟ್ಟಿ ಮತ್ತು ನಾರಾಯಣಪುರ ಜಲಾಶಯಗಳ ನೀರಿನ ಉಪಯೋಗ,Water Use of Alamatti and Narayanpur Reservoirs,ಉಗ್ರಪ್ಪ .ವಿ.ಎಸ್,Ugrappa VS
2303,08/02/2017,ಅರಣ್ಯ,Forest,ಸರಾಸರಿ ಅರಣ್ಯ ಪ್ರದೇಶ,Average forest area,ಉಗ್ರಪ್ಪ .ವಿ.ಎಸ್,Ugrappa VS
2304,08/02/2017,ಅರಣ್ಯ,Forest,ಕಪ್ಪತ್ತಗುಡ್ಡ ಸಂರಕ್ಷಿತ ಅರಣ್ಯ ಪ್ರದೇಶ ಮತ್ತು ಪಾರಂಪರಿಕ ಔಷಧಿ,Kappattaguda protected forest area and herbal medicine,ಉಗ್ರಪ್ಪ .ವಿ.ಎಸ್,Ugrappa VS
2305,08/02/2017,ಅರಣ್ಯ,Forest,ಕಡುಗಳ ಹಾವಳಿ,Plagues of the stalks,ರಿಜ್ವಾನ್ ಅರ್ಷದ್,Rizwan Harshad
2306,08/02/2017,ಸಣ್ಣ ನೀರಾವರಿ,Small irrigation,ಶಿವಮೊಗ್ಗ ಜಿಲ್ಲೆ ಸಣ್ಣ ನೀರಾವರಿ ಇಲಾಖೆ ವತಿಯಿಂದ ಕೈಗೊಂಡ ೧೨ ಏತ ನೀರಾವರಿ ಯೋಜನೆಗಳನ್ನು ಪೂರ್ಣಗೊಳಿಸುವ ಬಗ್ಗೆ,About completing 12 irrigation projects by Shimoga District Small Irrigation Department,ಕ್ಯಾಪ್ಟನ್ ಗಣೇಶ್ ಕಾರ್ಣಿಕ್,Capt. Ganesh Karnik
2307,08/02/2017,ಅರಣ್ಯ,Forest,ರಾಜ್ಯದಲ್ಲಿ ಹುಲಿಗಳ ಸಾವಿನ ನಿರ್ಲಕ್ಷ್ಯದ ಬಗ್ಗೆ,About the neglect of tiger death in the state,ಕ್ಯಾಪ್ಟನ್ ಗಣೇಶ್ ಕಾರ್ಣಿಕ್,Capt. Ganesh Karnik
2308,08/02/2017,ಅರಣ್ಯ,Forest,ಬೆಂಗಳೂರು ನಗರದಲ್ಲಿ ಪರಿಸರ ಮಾಲೀನ್ಯದ ಕುರಿತು,Environmental ownership in Bangalore city,ಕ್ಯಾಪ್ಟನ್ ಗಣೇಶ್ ಕಾರ್ಣಿಕ್,Capt. Ganesh Karnik
2309,08/02/2017,ಕಾರ್ಮಿಕ,Labor,ರಾಜ್ಯದಲ್ಲಿರುವ ಉದ್ಯೋಗ ವಿನಿಮಯ ಕೇಂದ್ರಗಳ ಬಗ್ಗೆ,About Employment Exchanges in the State,ಕ್ಯಾಪ್ಟನ್ ಗಣೇಶ್ ಕಾರ್ಣಿಕ್,Capt. Ganesh Karnik
2310,08/02/2017,ಕಂದಾಯ,Revenue,ರಾಜ್ಯದಲ್ಲಿ ಎದುರಾಗಿರುವ ಬರಪರಿಸ್ಥಿತಿ ಬಗ್ಗೆ,About the drought situation in the state,ಕ್ಯಾಪ್ಟನ್ ಗಣೇಶ್ ಕಾರ್ಣಿಕ್,Capt. Ganesh Karnik
2311,08/02/2017,ಕಂದಾಯ,Revenue,ಮಹದಾಯಿ ಹೋರಾಟದಲ್ಲಿ ಆಸ್ತಿ ಕಳೆದುಕೊಂಡ ದೌರ್ಜನ್ಯಕ್ಕೊಳಗಾದ ಅಮಾಯಕ ರೈತರಿಗೆ ಪರಿಹಾರ ನೀಡದೆ ಇರುವ ಬಗ್ಗೆ,The lack of compensation for innocent farmers who have lost their property in the Mahadai fight,ಕವಟಗಿಮಠ ಮಹಂತೇಶ ಮಲ್ಲಿಕಾರ್ಜುನ,Kavatimata Mahantesha Mallikarjuna
2312,08/02/2017,ಸಣ್ಣ ನೀರಾವರಿ,Small irrigation,ಬೆಳಗಾವಿ ಜಿಲ್ಲೆಯ ಅಥಣಿ ತಾಲ್ಲೂಕಿನ ಕೆರೆಗಳು ನಿರ್ವಹಣೆಯಿಲ್ಲದೆ ಜನ-ಜಾನುವಾರುಗಳಿಗೆ ಕುಡಿಯುವ ನೀರಿಗೂ ತೊಂದರೆಯಾಗುತ್ತಿರುವ ಬಗ್ಗೆ,About the problem of drinking water for people and livestock without the management of lakes in Athani Taluk in Belgaum district,ಕವಟಗಿಮಠ ಮಹಂತೇಶ ಮಲ್ಲಿಕಾರ್ಜುನ,Kavatimata Mahantesha Mallikarjuna
2313,08/02/2017,ಜವಳಿ,Textile,ಸರ್ಕಾರದ ಅವೈಜ್ಞಾನಿಕ ನಿಯಮ ಮತ್ತು ಯೋಜನೆಗಳಿಂದಾಗಿ ನೇಕಾರರ ಬಟ್ಟೆ ಖರೀದಿಸದೆ ನೇಕಾರರು ಬೀದಿ ಪಾಲಾಗುತ್ತಿರುವ ಬಗ್ಗೆ,Weavers are on the street without buying weavers' clothes due to the government's unhealthy rules and plans,ಕವಟಗಿಮಠ ಮಹಂತೇಶ ಮಲ್ಲಿಕಾರ್ಜುನ,Kavatimata Mahantesha Mallikarjuna
2314,08/02/2017,ಅರಣ್ಯ,Forest,ಕಾಳ್ಗಿಚ್ಚಿನಿಂದ ಆಹುತಿಯಾದ ಅರಣ್ಯ ಪ್ರದೇಶವನ್ನು ಪುನಃಶ್ಚೇತನಗೊಳಿಸುವ ವಿಚಾರ,The idea is to restore the forested area of ​​the forest,ಕವಟಗಿಮಠ ಮಹಂತೇಶ ಮಲ್ಲಿಕಾರ್ಜುನ,Kavatimata Mahantesha Mallikarjuna
2315,08/02/2017,ಭಾರಿ ಮತ್ತು ಮಧ್ಯಮ ನೀರಾವರಿ,Heavy and medium irrigation,ವಿಶ್ವ ಬಾಂಕ್ ನೆರವಿನ ಅಣೆಕಟ್ಟುಗಳ ಪುನ:ಶ್ಚೇತನ ಯೋಜನೆಯು ಪರಿಣಾಮಕಾರಿಯಾಗಿ ಅನುಷ್ಠಾನಗೊಳ್ಳದೆ ಇರುವ ವಿಚಾರ,"The World Bank-backed Dams Project, effectively implementing the idea",ಕವಟಗಿಮಠ ಮಹಂತೇಶ ಮಲ್ಲಿಕಾರ್ಜುನ,Kavatimata Mahantesha Mallikarjuna
2316,08/02/2017,ಕಂದಾಯ,Revenue,ನಮೂನೆ ೫೩ರಡಿ ಅಕ್ರಮ-ಸಕ್ರಮ ಅರ್ಜಿಗಳ ವಿಳಂಬ ವಿಲೇವಾರಿ ಕುರಿತು,About Delay Delivery of Illegal-Inquiry Application Form 53,ಕೋಟ ಶ್ರೀನಿವಾಸ ಪೂಜಾರಿ,Kota Srinivasa Pujari
2317,08/02/2017,ಕಂದಾಯ,Revenue,ಬೆಳೆ ಹಾನಿ ಪರಿಹಾರ ಅರ್ಜಿ ಸಲ್ಲಿಕೆ ವಿಲೇವಾರಿಯಲ್ಲಿನ ಗೊಂದಲದ ಕುರಿತು,Application of crop damage relief about delusions in submission disposal,ಕೋಟ ಶ್ರೀನಿವಾಸ ಪೂಜಾರಿ,Kota Srinivasa Pujari
2318,08/02/2017,ಮೀನುಗಾರಿಕೆ,Fishing,ಮೀನುಗಾರಿಕಾ ಇಲಾಖೆಯಲ್ಲಿನ ಸೌಲಭ್ಯ/ಯೋಜನೆಗಳ ಕುರಿತು,About Facilities / Plans in the Fisheries Department,ಕೋಟ ಶ್ರೀನಿವಾಸ ಪೂಜಾರಿ,Kota Srinivasa Pujari
2319,08/02/2017,ಭಾರಿ ಮತ್ತು ಮಧ್ಯಮ ನೀರಾವರಿ,Heavy and medium irrigation,ಸೌಭಾಗ್ಯ ಸಂಜೀವಿನಿ ಮತ್ತು ಪಶ್ಚಿಮ ವಾಹಿನಿ ಯೋಜನೆ ಅನು?ನಗೊಳಿಸುವ ಕುರಿತು,About the destruction of Saubhagya Sanjeevini and the West Channel Project,ಕೋಟ ಶ್ರೀನಿವಾಸ ಪೂಜಾರಿ,Kota Srinivasa Pujari
2320,08/02/2017,ಕಂದಾಯ,Revenue,೯೪ಸಿ-೯೪ಸಿಸಿ ಯೋಜನೆ ಅನು?ನದ ಬಗ್ಗೆ,About 94 C-94 Cc Plan?,ಕೋಟ ಶ್ರೀನಿವಾಸ ಪೂಜಾರಿ,Kota Srinivasa Pujari
2321,08/02/2017,ಸಣ್ಣ ನೀರಾವರಿ,Small irrigation,ಕೆರೆ ಅಭಿವೃದ್ಧಿ ಕುರಿತು,About Lake Development,ಕೊಂಡಯ್ಯ .ಕೆ.ಸಿ,Kondaiah KC
2322,08/02/2017,ಕಂದಾಯ,Revenue,ಭೂ ಸ್ವಾಧೀನ ಪಡಿಸಿಕೊಂಡ ರೈತರ ಜಮೀನಿಗೆ ಪರಿಹಾರ,The farmer's land is compensated by land acquisition,ಕೊಂಡಯ್ಯ .ಕೆ.ಸಿ,Kondaiah KC
2323,08/02/2017,ಸಣ್ಣ ನೀರಾವರಿ,Small irrigation,ಕೆರೆಗಳ ಅಭಿವೃದ್ಧಿ ಬಗ್ಗೆ,About the development of lakes,ಗೋಪಾಲಸ್ವಾಮಿ .ಎಂ.ಎ,Gopalaswamy MA
2324,08/02/2017,ಮಧ್ಯಮ ನೀರಾವರಿ,Medium irrigation,ಜುಟ್ಟನಹಳ್ಳಿ ಏತ ನೀರಾವರಿ ಕಾಮಗಾರಿ ವಿವರ,Juttanahalli irrigation work details,ಗೋಪಾಲಸ್ವಾಮಿ .ಎಂ.ಎ,Gopalaswamy MA
2325,08/02/2017,ಕಂದಾಯ,Revenue,ಜಮೀನುಗಳ ವರ್ಗೀಕರಣದ ಬಗ್ಗೆ,About the classification of the land,ಚೌಡರೆಡ್ಡಿ ತೂಪಲ್ಲಿ .ಆರ್,Chowdareddy Tupalli R
2326,08/02/2017,ಯುವ ಸಬಲೀಕರಣ ಮತ್ತು ಕ್ರೀಡಾ,Youth empowerment and sport,ಕ್ರಿಕೇಟ್ ಅಸೋಸಿಯೇ?ನ್ ಸಂಸ್ಥೆಗೆ ಅನುದಾನ,Grants to the Cricket Association?,ಚೌಡರೆಡ್ಡಿ ತೂಪಲ್ಲಿ .ಆರ್,Chowdareddy Tupalli R
2327,08/02/2017,ಕಂದಾಯ,Revenue,S.I.ಂ ಕಾಮಗಾರಿ ಕುರಿತು,About S.I.m Work,ಚೌಡರೆಡ್ಡಿ ತೂಪಲ್ಲಿ .ಆರ್,Chowdareddy Tupalli R
2328,08/02/2017,ಜವಳಿ ಹಾಗೂ ಮುಜರಾಯಿ,Textiles and muzarai,ತಿರುಮಲದಲ್ಲಿ ಯಾತ್ರಿಗಳಿಗೆ ಭವನ ನಿರ್ಮಾಣ ಮಾಡುವ ಬಗ್ಗೆ,About pilgrims building a temple in Tirumala,ಚೌಡರೆಡ್ಡಿ ತೂಪಲ್ಲಿ .ಆರ್,Chowdareddy Tupalli R
2329,08/02/2017,ಕಂದಾಯ,Revenue,ಭೂ ಒತ್ತುವರಿ/ಕಬಳಿಕೆ,Land acquisition / liability,ಧರ್ಮಸೇನ .ಆರ್,Dharmasena R
2330,08/02/2017,ಸಣ್ಣ ನೀರಾವರಿ,Small irrigation,ಸಣ್ಣ ನೀರಾವರಿ ಇಲಾಖೆ ಕಾರ್ಯಕ್ರಮಗಳು,Small irrigation department programs,ಧರ್ಮಸೇನ .ಆರ್,Dharmasena R
2331,08/02/2017,ಅರಣ್ಯ,Forest,ರಾಜ್ಯದಲ್ಲಿ ಪ್ಲಾಸ್ಟಿಕ್ ಬಳಕೆ ನಿ?ಧ ನಿಯಮ,Plastic use of state in the state,ಧರ್ಮಸೇನ .ಆರ್,Dharmasena R
2332,09/02/2017,ವಾರ್ತಾ ಮತ್ತು ಪ್ರಚಾರ,News and promotion,ಹೈದ್ರಾಬಾದ್-ಕರ್ನಾಟಕ ಪ್ರದೇಶದಲ್ಲಿ ಖಾಲಿಯಿರುವ ಹುದ್ದೆಗಳನ್ನು ಭರ್ತಿ ಮಾಡುವ ಬಗ್ಗೆ,About filling vacant posts in the Hyderabad-Karnataka region,ಬೋಸ್‌ರಾಜು .ಎನ್.ಎಸ್,Bosaraju N S
2333,09/02/2017,ವಾರ್ತಾ ಮತ್ತು ಪ್ರಚಾರ,News and promotion,ರಾಜ್ಯ ಮತ್ತು ಜಿಲ್ಲಾ ಮಟ್ಟದ ಪ್ರಾದೇಶಿಕ ಪತ್ರಿಕೆಗಳ ಬಗ್ಗೆ,About State and District Level Regional Papers,ಬೋಸ್‌ರಾಜು .ಎನ್.ಎಸ್,Bosaraju N S
2334,09/02/2017,ನಗರಾಭಿವೃದ್ಧಿ,Urban development,ಮಾನ್ವಿ ಪಟ ಣದಲ್ಲಿ ಕುಡಿಯುವ ನೀರಿಗಾಗಿ ಕೆರೆ ನಿರ್ಮಾಣದ ಬಗ್ಗೆ,About the construction of lake for drinking water at Manwi Patan,ಬೋಸ್‌ರಾಜು .ಎನ್.ಎಸ್,Bosaraju N S
2335,09/02/2017,ಗೃಹ,Home,"ರಾಯಚೂರು ಜಿಲ್ಲೆಯ ಪೊಲೀಸ್ ಸಿಬ್ಬಂದಿಗಳಿಗೆ, ವಸತಿ, ವಾಹನಗಳ ಕೊರತೆ ಬಗ್ಗೆ","Police staff in Raichur district, about the lack of housing and vehicles",ಬೋಸ್‌ರಾಜು .ಎನ್.ಎಸ್,Bosaraju N S
2336,09/02/2017,ಸಹಕಾರ,Cooperation,ರಾಯಚೂರು ಜಿಲ್ಲೆಯಲ್ಲಿರುವ ಸಹಾಕಾರ ಸಂಘಗಳು ರೈತರಿಗೆ ನೀಡಿರುವ ಸಾಲದ ಬಗ್ಗೆ,Co-operative Societies in Raichur District About Loan to Farmers,ಬೋಸ್‌ರಾಜು .ಎನ್.ಎಸ್,Bosaraju N S
2337,09/02/2017,ಗೃಹ,Home,ರಾಜ್ಯದಲ್ಲಿ ನಿವೃತ್ತ ಯೋಧರಿಗೆ ಉತ್ತಮ ಸೌಲಭ್ಯಗಳನ್ನು ಒದಗಿಸದಿರುವ ಬಗ್ಗೆ,About not providing good facilities to retired warriors in the state,ಸುನೀಲ್ ಸುಬ್ರಮಣಿ .ಎಂ.ಪಿ,Sunil Subramani M P
2338,09/02/2017,ನಗರ ಯೋಜನಾ,City planning,ಬೆಂಗಳೂರು ಅಭಿವೃದ್ಧಿ ಪ್ರಾಧಿಕಾರದಿಂದ ಫ್ಲಾಟ್‌ಗಳ ನಿರ್ಮಾಣ,Construction of flats by the Bangalore Development Authority,ಸುನೀಲ್ ಸುಬ್ರಮಣಿ .ಎಂ.ಪಿ,Sunil Subramani M P
2339,09/02/2017,ಗೃಹ,Home,ರಾಜ್ಯದ ಗಡಿ ಭಾಗಗಳಲ್ಲಿ ಸುರಕ್ಷಿತಾ ಚೆಕ್‌ಪೋಸ್ಟ್‌ಗಳು ಇಲ್ಲದಿರುವ ಬಗ್ಗೆ,Regarding lack of safe checkpoints in state borders,ಸುನೀಲ್ ಸುಬ್ರಮಣಿ .ಎಂ.ಪಿ,Sunil Subramani M P
2340,09/02/2017,ನಗರ ಯೋಜನಾ,City planning,ಬೆಂಗಳೂರು ಅಭಿವೃದ್ಧಿ ಪ್ರಾಧಿಕಾರದ ಬೋರ್ಡ್ ಮೀಟಿಂಗ್ ಮತ್ತು ನಿವೇಶನ ಹಂಚಿಕೆ,Board Meeting and Site Distribution of Bangalore Development Authority,ಸೋಮಣ್ಣ .ವಿ,Somanna V
2341,09/02/2017,ನಗರ ಯೋಜನೆ,City planning,ಕೆಂಪೇಗೌಡ ಬಡಾವಣೆಯ ನಿರ್ಮಾಣ ಹಂತ ಕುರಿತು,About the construction stage of Kempegowda Layout,ಸೋಮಣ್ಣ .ವಿ,Somanna V
2342,09/02/2017,ನಗರ ಯೋಜನಾ,City planning,ಬೃಹತ್ ಬೆಂಗಳೂರು ಮಹಾನಗರ ಪಾಲಿಕೆ ವ್ಯಾಪ್ತಿಯಲ್ಲಿನ ಸಗಟು ವೈನ್‌ಸ್ಟೋರ್ ಮತ್ತು ಬಾರ್ ಅಂಡ್ ರೆಸ್ಟೋರೆಂಟ್‌ಗಳ ಕುರಿತು,About the wholesale winestore and bars and restaurants in the huge Bangalore Metropolitan Area,ನಾರಾಯಣಸ್ವಾಮಿ .ಎಂ,Narayanaswamy M
2343,09/02/2017,ನಗರ ಯೋಜನಾ,City planning,ಬೃಹತ್ ಬೆಂಗಳೂರು ಮಹಾನಗರ ಪಾಲಿಕೆ ವ್ಯಾಪ್ತಿಯಲ್ಲಿ ಅಕ್ರಮ ಫ್ಲೆಕ್ಸ್‌ಗಳ ಕುರಿತು,About illegal flexes in the huge Bangalore Metropolitan Bureau,ನಾರಾಯಣಸ್ವಾಮಿ .ಎಂ,Narayanaswamy M
2344,09/02/2017,ಗೃಹ,Home,ಅಪ್ರಾಪ್ತ ಹೆಣ್ಣು ಮಕ್ಕಳ ಮೇಲೆ ನಡೆದ ಅತ್ಯಾಚಾರ ಮತ್ತು ಕೊಲೆಗಳ ಕುರಿತು,About rape and murder on minor girls,ನಾರಾಯಣಸ್ವಾಮಿ .ಎಂ,Narayanaswamy M
2345,09/02/2017,ಗೃಹ,Home,ರಾಜ್ಯದಲ್ಲಿ ಹೆಚ್ಚುತ್ತಿರುವ ಮಹಿಳೆ ಮತ್ತು ಮಕ್ಕಳ ನಾಪತ್ತೆ ಪ್ರಕರಣಗಳ ಬಗ್ಗೆ,About the missing women and children missing cases in the state,ನಾರಾಯಣಸ್ವಾಮಿ .ಕೆ.ವಿ,Narayanaswamy K V
2346,09/02/2017,ಸಿಬ್ಬಂದಿ ಮತ್ತು ಆಡಳಿತ ಸುಧಾರಣೆ,Staff and administrative reform,ಅನುಕಂಪ ಆಧಾರಿತ ನೌಕರಿ,Compassionate job,ನಾಗರಾಜು .ಎಸ್,Nagaraja S
2347,09/02/2017,ಗೃಹ,Home,ಮೈಸೂರಿನಲ್ಲಿ ಅಕ್ರಮ ಮೀಟರ್ ಬಡ್ಡಿ ದಂಧೆ,Illegal meter interest in Mysore,ನಾಗರಾಜು .ಎಸ್,Nagaraja S
2348,09/02/2017,ನಗರಾಭಿವೃದ್ಧಿ,Urban development,ಚಾಮರಾಜನಗರ ಕುಡಿಯುವ ನೀರಿನ ಯೋಜನೆ,Chamarajanagar drinking water project,ನಾಗರಾಜು .ಎಸ್,Nagaraja S
2349,09/02/2017,ನಗರಾಭಿವೃದ್ಧಿ,Urban development,ವಾಣಿ ವಿಲಾಸ್ ನೀರು ಸರಬರಾಜು ಕೇಂದ್ರದಲ್ಲಿ ಟ್ಯಾಂಕರ್ ನೀರಿನ ದುರ್ಬಳಕೆ,Tanker water exploitation at Vani Vilas Water Supply Center,ನಾಗರಾಜು .ಎಸ್,Nagaraja S
2350,09/02/2017,ಗೃಹ,Home,ಮೈಸೂರು ನಗರದಲ್ಲಿ ಅಪರಾಧಗಳ ಸಂಖ್ಯೆಯಲ್ಲಿ ಹೆಚ್ಚಳ,Incidents of crime in Mysore city increase,ನಾಗರಾಜು .ಎಸ್,Nagaraja S
2351,09/02/2017,ನಗರಾಭಿವೃದ್ಧಿ,Urban development,ಶಿವಮೊಗ್ಗ ನಗರ ಪಾಲಿಕೆಯಲ್ಲಿ ಪೌರಕಾರ್ಮಿಕರ ಹುದ್ದೆ ಬಗ್ಗೆ,About the post of civic workers in Shimoga city corporation,ಪ್ರಸನ ಕುಮಾರ್ .ಆರ್,Prasanna Kumar R
2352,09/02/2017,ಗೃಹ,Home,ವಿವಿಧ ಇಲಾಖೆಗಳಿಂದ ದಾಖಲಾದ ಪ್ರಕರಣದ ಬಗ್ಗೆ,Regarding the case filed by various departments,ಪ್ರತಾಪಚಂದ್ರ ಶೆಟ್ಟಿ .ಕೆ,Pratapachandra Shetty K
2353,09/02/2017,ವಾಣಿಜ್ಯ,Commercial,ದಕ್ಷಿಣ ಕನ್ನಡ ಜಿಲ್ಲಾ ಸಹಕಾರಿ ಸಕ್ಕರೆ ಕಾರ್ಖಾನೆಯ ಕುರಿತು,About Dakshina Kannada District Cooperative Sugar Factory,ಪ್ರತಾಪಚಂದ್ರ ಶೆಟ್ಟಿ .ಕೆ,Pratapachandra Shetty K
2354,09/02/2017,ಆರ್ಥಿಕ,Economy,ಕಿಂಡಿ ಅಣೆಕಟ್ಟೆಗಳ ನಿರ್ವಹಣೆಗಾಗಿ ಗ್ರಾಮ ಪಂಚಾಯತಿಗಳಿಗೆ ಅನುದಾನ ಒದಗಿಸುವ ಬಗ್ಗೆ,Providing grants to Gram Panchayats for handling of dams,ಪ್ರತಾಪಚಂದ್ರ ಶೆಟ್ಟಿ .ಕೆ,Pratapachandra Shetty K
2355,09/02/2017,ಸಿಬ್ಬಂದಿ ಮತ್ತು ಆಡಳಿತ ಸುಧಾರಣೆ,Staff and administrative reform,"ರಾಜ್ಯದಲ್ಲಿ ಸೇವೆ ಸಲ್ಲಿಸುತ್ತಿರುವ ಐ.ಎ.ಎಸ್., ಐ.ಪಿ.ಎಸ್., ಐ.ಎಫ್.ಎಸ್., ಅಧಿಕಾರಿಗಳ ಬಗ್ಗೆ","About IAS, IPS, IFS, Officers in the State",ಪ್ರತಾಪಚಂದ್ರ ಶೆಟ್ಟಿ .ಕೆ,Pratapachandra Shetty K
2356,09/02/2017,ಸಿಬ್ಬಂದಿ ಮತ್ತು ಆಡಳಿತ ಸುಧಾರಣೆ,Staff and administrative reform,ರಾಜ್ಯದಲ್ಲಿ ಸೇವೆ ಸಲ್ಲಿಸುತ್ತಿರುವ ಗ್ರೂಪ್ ಎ ಮತ್ತು ಬಿ ಶ್ರೇಣಿ ಅಧಿಕಾರಿಗಳ ಬಗ್ಗೆ,About Group A and B rank officers serving in the state,ಪ್ರತಾಪಚಂದ್ರ ಶೆಟ್ಟಿ .ಕೆ,Pratapachandra Shetty K
2357,09/02/2017,ನಗರ ಯೋಜನಾ,City planning,ಬೃಹತ್ ಬೆಂಗಳೂರು ಮಹಾನಗರ ಪಾಲಿಕೆ ವ್ಯಾಪ್ತಿಯಲ್ಲಿ ರಾಜಕಾಲುವೆಗಳ ಮೇಲೆ ಕಟ್ಟಡಗಳ ತೆರವುಗೊಳಿಸುವ ಬಗ್ಗೆ,About clearing buildings on the rooftops in the huge Bangalore metropolitan area,ಪುಟ್ಟಸ್ವಾಮಿ .ಬಿ.ಜೆ,Puttaswamy B J
2358,09/02/2017,ನಗರ ಯೋಜನಾ,City planning,ಅನಧಿಕೃತ ಗ್ರಾಹಕರ ಬಗ್ಗೆ,About unauthorized customers,ಪುಟ್ಟಸ್ವಾಮಿ .ಬಿ.ಜೆ,Puttaswamy B J
2359,09/02/2017,ನಗರ ಯೋಜನಾ,City planning,ಬೃಹತ್ ಬೆಂಗಳೂರು ಮಹಾನಗರ ಪಾಲಿಕೆ ವ್ಯಾಪ್ತಿಯ ಒಳ ಚರಂಡಿಯ ಬಗ್ಗೆ,About the inner drainage of the huge Bangalore metropolitan area,ಪುಟ್ಟಸ್ವಾಮಿ .ಬಿ.ಜೆ,Puttaswamy B J
2360,09/02/2017,ಸಿಬ್ಬಂದಿ ಮತ್ತು ಆಡಳಿತ ಸುಧಾರಣೆ,Staff and administrative reform,ರಾಜ್ಯ ಸರ್ಕಾರದ ವಿವಿಧ ಇಲಾಖೆಗಳ ಜಾಲತಾಣಗಳ ಬಗ್ಗೆ,About the various departments of state government websites,ಪುಟ್ಟಸ್ವಾಮಿ .ಬಿ.ಜೆ,Puttaswamy B J
2361,09/02/2017,ನಗರಾಭಿವೃದ್ಧಿ,Urban development,ನಗರೋತ್ಥಾನ ಯೋಜನೆ ಕುರಿತು,About the Nagaurthana Project,ಶರವಣ .ಟಿ.ಎ,Sharavana T A
2362,09/02/2017,ಸಹಕಾರ,Cooperation,ಸಹಕಾರ ಪತ್ತಿನ ಬ್ಯಾಂಕ್‌ಗಳಲ್ಲಿ ನಕಲಿ ಭೂ ದಾಖಲೆಗಳನ್ನು ಅಡಮಾನ ಇಟ್ಟುಕೊಂಡಿರುವ ಬಗ್ಗೆ,Concerns about mortgaging fake land records on co-operative banks,ಶರವಣ .ಟಿ.ಎ,Sharavana T A
2363,09/02/2017,ನಗರ ಯೋಜನಾ,City planning,ಮಳೆ ನೀರು ಕಾಲುವೆಗಳ ಸರ್ವೆ ಬಗ್ಗೆ,About rain water canals survey,ಶರವಣ .ಟಿ.ಎ,Sharavana T A
2364,09/02/2017,ನಗರ ಯೋಜನಾ,City planning,ಖಾಲಿ ಇರುವ ಸರ್ಕಾರಿ ಜಾಗಗಳ ಬಗ್ಗೆ,About vacant government spaces,ಶರವಣ .ಟಿ.ಎ,Sharavana T A
2365,09/02/2017,ಮಾಹಿತಿ ಮತ್ತು ಸಾರ್ವಜನಿಕ ಸಂಬಂಧ,Information and public relations,ಆರ್ಯವೈಶ್ಯ ಮಹಾಸಭೆ ಚುನಾವಣೆ ಬಗ್ಗೆ,About the Arrival General Assembly Elections,ಶರವಣ .ಟಿ.ಎ,Sharavana T A
2366,09/02/2017,ಅಬಕಾರಿ,Excuse,ಸಿ ಎಲ್ ೨ ವೈನ್ ಶಾಪ್ ತೆರೆಯಲು,Open the C-2 Wine Shop,ವೀರಯ್ಯ .ಡಿ.ಎಸ್,Veerayya D S
2367,09/02/2017,ಗೃಹ,Home,ಬೀದರ್ ಜಿಲ್ಲೆಯ ಪೊಲೀಸ್ ವಸತಿ ಗೃಹಗಳ ಬಗ್ಗೆ,About police housing in Bidar district,ವಿಜಯ್ ಸಿಂಗ್,Vijay Singh
2368,09/02/2017,ನಗರಾಭಿವೃದ್ಧಿ,Urban development,ಬೀದರ್ ನಗರದಲ್ಲಿ ಅನು?ನಗೊಳ್ಳುತ್ತಿರುವ ಒಳಚರಂಡಿ ಕಾಮಗಾರಿ ಬಗ್ಗೆ,Bidar is a city in the city,ವಿಜಯ್ ಸಿಂಗ್,Vijay Singh
2369,09/02/2017,ನಗರಾಭಿವೃದ್ಧಿ,Urban development,ಅತಿಕ್ರಮಣವನ್ನು ತೆರವುಗೊಳಿಸುವ ಕುರಿತು,About clearing the infiltration,ಬಸನಗೌಡ ಆರ್ ಪಾಟೀಲ್,Basanagowda R Patil
2370,09/02/2017,ಗೃಹ,Home,ರಾಜ್ಯದಲ್ಲಿ ಹೊಸ ಪೊಲೀಸ್ ಠಾಣೆಗಳ ಬಗ್ಗೆ,New police stations in the state,ಬಸನಗೌಡ ಆರ್ ಪಾಟೀಲ್,Basanagowda R Patil
2371,09/02/2017,ನಗರಾಭೀವೃದ್ಧಿ ಯೋಜನೆ,Urban Development Project,೨೦೧೩ ರಿಂದ ವಿಜಯಪುರ ಮಹಾನಗರ ಪಾಲಿಕೆ ಅನುದಾನದ ಬಗ್ಗೆ,Regarding the grant of Vijayanagar City Corporation from 2013,ಬಸನಗೌಡ ಆರ್ ಪಾಟೀಲ್,Basanagowda R Patil
2372,09/02/2017,ಸಿಬ್ಬಂದಿ ಮತ್ತು ಆಡಳಿತ ಸುಧಾರಣೆ,Staff and administrative reform,ಐ.ಎ.ಎಸ್. ಹುದ್ದೆಯ ಬಡ್ತಿಗೆ ಇರುವ ಮಾನದಂಡಗಳ ಬಗ್ಗೆ,IAS About the criteria for promotion of the post,ಬಸವರಾಜ ಶಿವಲಿಂಗಪ್ಪ ಹೊರಟಿ,Basavaraja Shivalingappa Horatti
2373,09/02/2017,ಸಿಬ್ಬಂದಿ ಮತ್ತು ಆಡಳಿತ ಸುಧಾರಣೆ,Staff and administrative reform,ಅನುಕಂಪ ಆಧಾರದ ಮೇಲೆ ನೇಮಕಾತಿ,Appointment on compassionate basis,ಬಸವರಾಜ ಶಿವಲಿಂಗಪ್ಪ ಹೊರಟಿ,Basavaraja Shivalingappa Horatti
2374,09/02/2017,ಗೃಹ,Home,ಪೊಲೀಸ್ ಇಲಾಖೆಯ ಅಧಿಕಾರಿಗಳಿಗೆ ಗನ್‌ಗಳನ್ನು ನೀಡಿರುವ ಬಗ್ಗೆ,Giving guns to officials of police department,ಲಹರ್ ಸಿಂಗ್ ಸಿರೋಯಾ,Lahar Singh Siroya
2375,09/02/2017,ಸಿಬ್ಬ್ಬಂಧಿ ಮತ್ತು ಆಡಳಿತ ಸುಧಾರಣೆ,Sibbhandhi and administrative reform,ಕರ್ನಾಟಕ ಕೆಟಿಟಿಪಿ ಆಕ್ಟ್ ಅನ್ವಯ ವಿನಾಯಿತಿ ಪಡೆಯುವ ಬಗ್ಗೆ,About Exemption from the Karnataka KTPP Act,ಲಹರ್ ಸಿಂಗ್ ಸಿರೋಯಾ,Lahar Singh Siroya
2376,09/02/2017,ಆರ್ಥಿಕ,Economy,ಪಿ.ಎಲ್.ಡಿ. ಬ್ಯಾಂಕ್‌ಗಳಿಂದ/ನೇಕಾರ ಸಹಕಾರಿ ಸಂಘಗಳ ಮೂಲಕ ನೇಕಾರರಿಗೆ ಸಾಲ ನೀಡುವ ಬಗ್ಗೆ,PLD About lending to weavers through Banks / Negotiation Co-operative Societies,ಲಕ್ಷ್ಮೀನಾರಾಯಣ .ಎಂ.ಡಿ,Lakshmi Narayana MD
2377,09/02/2017,ಆರ್ಥಕ,Economist,ರೈತಾಪಿ ವರ್ಗದವರಿಗೆ ನೀಡುತ್ತಿರುವ ಸಾಲ ಸೌಲಭ್ಯವನ್ನು ನೇಕಾರ ವರ್ಗದವರಿಗೂ ಅನ್ವಯಸುವ ಕುರಿತು,About utilizing the loan facility offered to the peasantry in the welfare category,ಲಕ್ಷ್ಮೀನಾರಾಯಣ .ಎಂ.ಡಿ,Lakshmi Narayana MD
2378,09/02/2017,ಸಹಕಾರಿ,Cooperative,ಉತ್ತರ ಕನ್ನಡ ಜಿಲ್ಲೆಯಲ್ಲಿರುವ ಸಹಕಾರಿ ಸಂಘಗಳ ಬಗ್ಗೆ,About Cooperative Societies in Uttara Kannada District,ಲಕ್ಷ್ಮೀನಾರಾಯಣ .ಎಂ.ಡಿ,Lakshmi Narayana MD
2379,09/02/2017,ಆರ್ಥಿಕ,Economy,ರಾಜ್ಯದ ಬಡ ನೇಕಾರರಿಗೆ ವಿಶೇ? ಅನುದಾನದಡಿ ಮೂಲಭೂತ ಸೌಕರ್ಯ ನೀಡುವ ಬಗ್ಗೆ,Is the state poor poor weaver? Providing infrastructure under subsidy,ಲಕ್ಷ್ಮೀನಾರಾಯಣ .ಎಂ.ಡಿ,Lakshmi Narayana MD
2380,09/02/2017,ಜವಳಿ,Textile,ವಿದ್ಯುತ್ ಚಾಲಿತ ಮಗ್ಗಗಳನ್ನು ಸ್ಥಗಿತಗೊಳಿಸುತ್ತಿರುವ ಬಗ್ಗೆ,About stopping electric powered looms,ಲಕ್ಷ್ಮೀನಾರಾಯಣ .ಎಂ.ಡಿ,Lakshmi Narayana MD
2381,09/02/2017,ಗೃಹ,Home,ಪರಿಶಿ? ಜಾತಿ ಮತ್ತು ಪರಿಶಿ? ಪಂಗಡದಕ್ಕೆ ಸೇರಿದ ಪೊಲೀಸ್ ಇನ್ಸ್‌ಪೆಕ್ಟರ್ ಮತ್ತು ಡಿ.ವೈ.ಎಸ್.ಪಿ (ಸಿವಿಲ್) ಇವರ ಬಗ್ಗೆ,The survey? Caste and Survey? About the Police Inspector and DYSP (Civil) belonging to the community,ವಟಮ್ಮ,Motamma
2382,09/02/2017,ಗೃಹ,Home,ರಾಜ್ಯದ ಮಹಿಳಾ ಪೊಲೀಸ್ ಠಾಣೆಗಳ ಬಗ್ಗೆ,About State Police Stations,ವಟಮ್ಮ,Motamma
2383,09/02/2017,ಸಿಬ್ಬಂಧಿ ಮತ್ತು ಆಡಳಿತ ಸುಧಾರಣೆ,Staff and administrative reform,ಸಚಿವಾಲಯದಲ್ಲಿ ಖಾಲಿ ಇರುವ ಗ್ರೂಪ್ ಸಿ ಹುದ್ದೆಗಳಾದ ಬೆರಳಚ್ಚು ಮತ್ತು ಶೀಘ್ರಲಿಪಿಗಾರರ ಹುದ್ದೆಯ ಬಗ್ಗೆ,Employee vacant Group C posts like fingerprint and shirts post,ವಟಮ್ಮ,Motamma
2384,09/02/2017,ಆರ್ಥಿಕ,Economy,ಅಪೆಕ್ಸ್ ಬ್ಯಾಂಕ್ ಸಾಲ ನೀಡುವ ಕುರಿತು,About Apex Bank Loan,ಮಾನೆ ಶ್ರೀನಿವಾಸ್,Mane Srinivas
2385,09/02/2017,ಆರ್ಥಿಕ,Economy,ಅಪೆಕ್ಸ್ ಬ್ಯಾಂಕ್ ಸಾಲ ನೀಡುವ ಕುರಿತು,About Apex Bank Loan,ಮಾನೆ ಶ್ರೀನಿವಾಸ್,Mane Srinivas
2386,09/02/2017,ನಗರ ಯೋಜನಾ,City planning,ಬೆಂಗಳೂರು ಮಹಾನಗರ ಪಾಲಿಕೆ ತೆರಿಗೆ ಬಗ್ಗೆ,About Bangalore City Corporation Tax,ಅಪ್ಪಾಜಿಗೌಡ .ಎನ್,Appajigowda N
2387,09/02/2017,ಸಿಬ್ಬಂದಿ ಮತ್ತು ಆಡಳಿತ ಸುಧಾರಣೆ,Staff and administrative reform,ಗ್ರೂಪ್ ಎ ಮತ್ತು ಬಿ ಹುದ್ದೆ ನೇಮಕಾತಿ ಬಗ್ಗೆ,About Group A and B Appointment,ಅಪ್ಪಾಜಿಗೌಡ .ಎನ್,Appajigowda N
2388,09/02/2017,ನಗರ ಯೋಜನಾ,City planning,ಬೆಂಗಳೂರು ಅಭಿವೃದ್ಧಿ ಪ್ರಾಧಿಕಾರದಲ್ಲಿ ಭೂಸ್ವಾಧೀನ ಪ್ರಕ್ರಿಯೆಯಲ್ಲಿ ನ್ಯಾಯಾಲಯಕ್ಕೆ ಅಫೀಲು ಸಲ್ಲಿಸದಿರುವ ಬಗ್ಗೆ,Not to file an affidavit to the court in the land acquisition process in the Bangalore Development Authority,ಅಪ್ಪಾಜಿಗೌಡ .ಎನ್,Appajigowda N
2389,09/02/2017,ಆರ್ಥಿಕ,Economy,ಪ್ರಾಥಮಿಕ ಕೃಷಿ ಪತ್ತಿನ ಸಹಕಾರ ಸಂಘದ ಸಾಲದ ಬಗ್ಗೆ,About the Primary Agricultural Pet Cooperative Credit Loan,ಅಪ್ಪಾಜಿಗೌಡ .ಎನ್,Appajigowda N
2390,09/02/2017,ಆರ್ಥಿಕ,Economy,ಲೋಕಾಯುಕ್ತದಿಂದ ಮುಟ್ಟುಗೋಲಾದ ಆಸ್ತಿ ಬಗ್ಗೆ,About property acquired by the Lokayukta,ಅಪ್ಪಾಜಿಗೌಡ .ಎನ್,Appajigowda N
2391,09/02/2017,ಸಿಬ್ಬಂದಿ ಮತ್ತು ಆಡಳಿತ ಸುಧಾರಣೆ,Staff and administrative reform,೩೭೧(ಜೆ) ಅಡಿಯ ಕರ್ನಾಟಕ ಸಾರ್ವಜನಿಕ ಉದ್ಯೋಗ ಆದೇಶ ಹಾಗೂ ಸೌಲಭ್ಯಗಳ ಬಗ್ಗೆ,About 371 (j) of Karnataka Public Employment Orders and Facilities,ಅಮರನಾಥ ಪಾಟೀಲ್,Amaranatha Patil
2392,09/02/2017,ಸಿಬ್ಬಂದಿ ಮತ್ತು ಆಡಳಿತ ಸುಧಾರಣೆ,Staff and administrative reform,ಹೈದ್ರಾಬಾದ್ ಕರ್ನಾಟಕ ಭಾಗದಲ್ಲಿ ಕಾರ್ಯನಿರ್ವಹಿಸುತ್ತಿರುವ ಸರ್ಕಾರಿ /ಅರೆಸರ್ಕಾರಿ ಇಲಾಖೆಗಳ ಬಗ್ಗೆ,About Government / Arbitrary Departments working in Hyderabad Karnataka,ಅಮರನಾಥ ಪಾಟೀಲ್,Amaranatha Patil
2393,09/02/2017,ಸಿಬ್ಬಂದಿ ಮತ್ತು ಆಡಳಿತ ಸುಧಾರಣೆ,Staff and administrative reform,೩೭೧ (ಜೆ) ಅನು?ನಗೊಳಿಸುವ ಸಲುವಾಗಿ ರಚಿಸಲಾದ ಸಚಿವ ಸಂಪುಟ ಉಪಸಮಿತಿಯ ಬಗ್ಗೆ,371 (j) Ans,ಅಮರನಾಥ ಪಾಟೀಲ್,Amaranatha Patil
2394,09/02/2017,ವಾರ್ತಾ ಮತ ಪ್ರಚಾರ,News promotion campaign,"ಬೆಳಗಾವಿ, ಮೈಸೂರು ಹಾಗೂ ಬೆಂಗಳೂರು ವಿಭಾಗದಲ್ಲಿ ೩೭೧(ಜೆ) ಅಡಿಯಲ್ಲಿ ಶೇ. ೮% ರ? ಮೀಸಲಾತಿ ನೀಡುವ ಬಗ್ಗೆ","Belgaum, Mysore and Bangalore divisions under 371 (j). 8% of About reservation",ಅಮರನಾಥ ಪಾಟೀಲ್,Amaranatha Patil
2395,09/02/2017,ನಗರಾಭಿವೃದ್ಧಿ,Urban development,ಕಲಬುರಗಿ ಮಹಾನಗರಕ್ಕೆ ಯು.ಜಿ.ಡಿ. (ಒಳಚರಂಡಿ) ಯೋಜನೆಯ ಬಗ್ಗೆ,UGD is a city for artisans. (Drainage) project,ಅಮರನಾಥ ಪಾಟೀಲ್,Amaranatha Patil
2396,09/02/2017,ನಗರ ಯೋಜನೆ,City planning,ಸೊಳ್ಳೆಗಳ ನಿಯಂತ್ರಣ ನೆಪದಲ್ಲಿ ಹಣ ದುರ್ಬಳಕೆ,Misuse of money on mosquito control,ಜಯಮಾಲಾ ರಾಮಚಂದ್ರ,Jayamala Ramachandra
2397,09/02/2017,ಸಿಬ್ಬಂದಿ ಮತ್ತು ಆಡಳಿತ ಸುಧಾರಣೆ,Staff and administrative reform,ರಾಜ್ಯ ಸರ್ಕಾರಿ ನೌಕರರಿಗೆ ಏಳನೇ ವೇತನ ಆಯೋಗ ರಚನೆ ಬಗ್ಗೆ,About the formation of the seventh pay commission for state government employees,ರಾಮಚಂದ್ರಗೌಡ,Ramachandra Gowda
2398,09/02/2017,ನಗರ ಯೋಜನಾ,City planning,ಬೆಂಗಳೂರು z ಕ್ಷಿಣ ತಾಲ್ಲೂಕು ಬೃಹತ್ ಬೆಂಗಳೂರು ಮಹಾನಗರ ಪಾಲಿಕೆ ವ್ಯಾಪ್ತಿಯ ಬನಶಂಕರಿಗೂ ಮತ್ತು ಕನಕಪುರ ಮುಖ್ಯ ರಸ್ತೆಯ ಕೋಣನಕುಂಟೆಯವರೆಗೂ ಸಂಪರ್ಕ ಕಲ್ಪಿಸುವ ರಸ್ತೆಗಳ ಅಭಿವೃದ್ಧಿ ಬಗ್ಗೆ,Bangalore Z South Taluk About the development of roads connecting Banashankar to the huge Bangalore Metropolitan Area and the Kanakapura main road,ರಾಮಚಂದ್ರಗೌಡ,Ramachandra Gowda
2399,09/02/2017,ನಗರ ಯೋಜನಾ,City planning,ವಾರ್ಡ್ ನಂ. ೧೮೪ರಲ್ಲಿ ರಸ್ತೆಯನ್ನು ತುರ್ತು ಸಿಮೆಂಟ್ ಕಾಂಕ್ರೀಟ್ ರಸ್ತೆಯಾಗಿ ಅಭಿವೃದ್ಧಿಪಡಿಸುವ ಕುರಿತು,Ward no. Developing the road as an emergency cement concrete road in 184,ರಾಮಚಂದ್ರಗೌಡ,Ramachandra Gowda
2400,09/02/2017,ನಗರ ಯೋಜನಾ,City planning,ಬೃಹತ್ ಬೆಂಗಳೂರು ಮಹಾನಗರ ಪಾಲಿಕೆಯ ಉತ್ತರಹಳ್ಳಿ ವಾರ್ಡ್ ೧೮೪ರಲ್ಲಿ ೧೦೦ ಹಾಸಿಗೆಗಳ ಆಸ್ಪತ್ರೆ ಮತ್ತು ಹೆರಿಗೆ ಆಸ್ಪತ್ರೆ ನಿರ್ಮಿಸುವ ಕುರಿತು,About 100 Beds Hospital and Maternity Hospital in Uttarahalli Ward 184 of the Great Bangalore Metropolitan Corporation,ರಾಮಚಂದ್ರಗೌಡ,Ramachandra Gowda
2401,09/02/2017,ಆರ್ಥಿಕ,Economy,ಗಪ್ ಸಿ ಮತ್ತು ಗ್ರೂಪ್ ಡಿ ಸರ್ಕಾರಿ ನೌಕರರ ಮಕ್ಕಳ ಉನ್ನತ ವ್ಯಾಸಂಗಕ್ಕೆ ವಿಶೇಷವಾಗಿ ಬ್ಯಾಂಕ್‌ನಿಂದ ಶಿಕ್ಷಣ ಸಾಲ ಕೊಡಿಸುವ ಯೋಜನೆ ಮಾಡುವ ಬಗ್ಗೆ,Gap C and Group D Government Employees For Higher Education,ರಾಮಚಂದ್ರಗೌಡ,Ramachandra Gowda
2402,09/02/2017,ನಗರ ಯೋಜನಾ,City planning,ಬದಲಿ ನಿವೇಶನಗಳ ಹಂಚಿಕೆ ಬಗ್ಗೆ,About sharing of replacement sites,ರಘು ಆಚಾರ್ .ಜಿ,Raghu Achar G
2403,09/02/2017,ನಗರ ಯೋಜನಾ,City planning,ಬದಲಿ ನಿವೇಶನಗಳ ಲಭ್ಯತೆ ಕುರಿತು,About the availability of replacement sites,ರಘು ಆಚಾರ್ .ಜಿ,Raghu Achar G
2404,09/02/2017,ನಗರಾಭಿವೃದ್ಧಿ,Urban development,ಕುಡಿಯುವ ನೀರಿನ ಯೋಜನೆಗೆ ಬಿಡುಗಡೆಯಾದ ಅನುದಾನ,Grants released to drinking water project,ರಘುನಾಥ ರಾವ್ ಮಲ್ಕಾಪೂರೆ,Raghunath Rao Malkapore
2405,09/02/2017,ಸಿಬ್ಬಂದಿ ಮತ್ತು ಆಡಳಿತ ಸುಧಾರಣೆ,Staff and administrative reform,ವಿವಿಧ ಇಲಾಖೆಗಳಲ್ಲಿ ಖಾಲಿಯಿರುವ ಹುದ್ದೆಗಳು,Employed vacancies in various departments,ರಘುನಾಥ ರಾವ್ ಮಲ್ಕಾಪೂರೆ,Raghunath Rao Malkapore
2406,09/02/2017,ಸಿಬ್ಬಂದಿ ಮತ್ತು ಆಡಳಿತ ಸುಧಾರಣೆ,Staff and administrative reform,ಕೆ.ಎ.ಎಸ್. ನಿಂದ ಐ.ಎ.ಎಸ್. ಗೆ ಬಡ್ತಿ ಪಡೆದಿರುವ ಅಧಿಕಾರಿಗಳು,KAS From IAS Promoted Officers,ರಘುನಾಥ ರಾವ್ ಮಲ್ಕಾಪೂರೆ,Raghunath Rao Malkapore
2407,09/02/2017,ಗೃಹ,Home,ಪೊಲೀಸ್ ವ್ಯವಸ್ಥೆ ಆಧುನೀಕರಣ,Modernization of police system,ರಘುನಾಥ ರಾವ್ ಮಲ್ಕಾಪೂರೆ,Raghunath Rao Malkapore
2408,09/02/2017,ನಗರ ಯೋಜನಾ,City planning,ತೆರಿಗೆ ವಿನಾಯಿತಿ ಪಡೆದ ಆಸ್ತಿ ಮತ್ತು ಕಟ್ಟಡಗಳ ವಿವರದ ಬಗ್ಗೆ,Tax deductions and details of buildings,ರಿಜ್ವಾನ್ ಅರ್ಷದ್,Rizwan Harshad
2409,09/02/2017,ಗೃಹ,Home,ರಾಜ್ಯದ ಇತರೆ ನಗರಗಳಲ್ಲಿ ಮಾದಕ ವಸ್ತುಗಳ ಹಾವಳಿ ಹೆಚ್ಚಾಗುತ್ತಿರುವ ಬಗ್ಗೆ,About the rise of drugs in other cities of the state,ಕ್ಯಾಪ್ಟನ್ ಗಶೇಶ್ ಕಾರ್ಣಿಕ್,Capt. Ganesh Karnik
2410,09/02/2017,ನಗರ ಯೋಜನಾ,City planning,ಬೃಹತ್ ಬೆಂಗಳೂರು ಮಹಾನಗರ ಪಾಲಿಕೆಯ ವ್ಯಾಪ್ತಿಯಲ್ಲಿ ಬರುವ ಸರ್ಕಾರಿ ಸ್ಥಳಗಳಲ್ಲಿ ಹಸಿರು ಬೆಳೆಸುವುದಕ್ಕಾಗಿ ಕೈಗೊಂಡಿರುವ ಕಾರ್ಯಕ್ರಮದ ಬಗ್ಗೆ,About the program for greening in government spaces under the huge Bangalore Metropolitan Corporation,ಕ್ಯಾಪ್ಟನ್ ಗಣೇಶ್ ಕಾರ್ಣಿಕ್,Capt. Ganesh Karnik
2411,09/02/2017,ನಗರ ಯೋಜನಾ,City planning,ಬೃಹತ್ ಬೆಂಗಳೂರು ಮಹಾನಗರ ಪಾಲಿಕೆ ವ್ಯಾಪ್ತಿಯಲ್ಲಿ ಬರುವ ಸುರಂಗ ಪಾದಚಾರಿ ಮಾರ್ಗಗಳ ಬಗ್ಗೆ,Tunnel pedestrian paths coming under the huge Bangalore metropolitan area,ಕ್ಯಾಪ್ಟನ್ ಗಣೇಶ್ ಕಾರ್ಣಿಕ್,Capt. Ganesh Karnik
2412,09/02/2017,ನಗರ ಯೋಜನಾ,City planning,ಬೃಹತ್ ಬೆಂಗಳೂರು ಮಹಾನಗರ ಪಾಲಿಕೆ ವ್ಯಾಪ್ತಿಯಲ್ಲಿ ಅಗತ್ಯವಿರುವ ನೀರಿನ ಲಭ್ಯತೆ ಪೂರೈಸಲು ಕೈಗೊಂಡ ಕ್ರಮದ ಬಗ್ಗೆ,About the steps taken to meet the required water availability in the huge Bangalore Metropolitan Area,ಕ್ಯಾಪ್ಟನ್ ಗಣೇಶ್ ಕಾರ್ಣಿಕ್,Capt. Ganesh Karnik
2413,09/02/2017,ಗೃಹ,Home,ಪೊಲೀಸ್ ಇಲಾಖೆಯಲ್ಲಿ ದ್ವಿತೀಯ ದರ್ಜೆ ಸಹಾಯಕರ ಮುಂಬಡ್ತಿ ಕುರಿತು,About the Second Class Assistants' Forum in the Police Department,ಕ್ಯಾಪ್ಟನ್ ಗಣೇಶ್ ಕಾರ್ಣಿಕ್,Capt. Ganesh Karnik
2414,09/02/2017,ನಗರ ಯೋಜನಾ,City planning,ಬೆಂಗಳೂರು ಮಹಾನಗರದಲ್ಲಿ ಬೀದಿ ನಾಯಿಗಳ ಉಪಟಳ ಹೆಚ್ಚಾಗಿರುವ ಕುರಿತು,About street dogs' depression in Bangalore city,ಕವಟಗಿಮಠ ಮಹಂತೇಶ ಮಲ್ಲಿಕಾರ್ಜುನ,Kavatimata Mahantesha Mallikarjuna
2415,09/02/2017,ಗೃಹ,Home,ಬೆಳಗಾವಿ ಜಿಲ್ಲೆಯಲ್ಲಿ ಅಮಾಯಕ ಬಡ ಯುವತಿಯರನ್ನು ಅಕ್ರಮವಾಗಿ ಮಾರಾಟ ಮಾಡುತ್ತಿರುವ ಬಗ್ಗೆ,About illegal sale of innocent poor girls in Belgaum district,ಕವಟಗಿಮಠ ಮಹಂತೇಶ ಮಲ್ಲಿಕಾರ್ಜುನ,Kavatimata Mahantesha Mallikarjuna
2416,09/02/2017,ಸಿಬ್ಬಂದಿ ಮತ್ತು ಆಡಳಿತ ಸುಧಾರಣೆ,Staff and administrative reform,ಕಡತ ವಿಲೇವಾರಿ ವಿಳಂಬದಿಂದಾಗಿ ಸರ್ಕಾರಿ ಯೋಜನೆಗಳು ಫಲಾನುಭವಿಗಳಿಗೆ ಸಕಾಲದಲ್ಲಿ ದೊರೆಯದೇ ಇರುವ ಬಗ್ಗೆ,"Due to delays in file disposal, government plans are not available to beneficiaries in time",ಕವಟಗಿಮಠ ಮಹಂತೇಶ ಮಲ್ಲಿಕಾರ್ಜುನ,Kavatimata Mahantesha Mallikarjuna
2417,09/02/2017,ನಗರಾಭಿವೃದ್ಧಿ,Urban development,ತುಮಕೂರು ಮಹಾನಗರ ಪಾಲಿಕೆ ರಸ್ತೆಗಳ ಬಗ್ಗೆ,About Tumkur City Corporation Roads,ಕಾಂತರಾಜು,Kantaraju
2418,09/02/2017,ಸಹಕಾರ,Cooperation,ರಾಜ್ಯದಲ್ಲಿರುವ ಸಹಕಾರ ಸಂಘಗಳಿಂದ ಪಡೆದಿರುವ ಸಾಲ ಮನ್ನಾ ಬಗ್ಗೆ,About debt waiver received by co-operative societies in the state,ಕಾಂತರಾಜು,Kantaraju
2419,09/02/2017,ನಗರಾಭಿವೃದ್ಧಿ,Urban development,ತುಮಕೂರು ನಗರವನ್ನು ಸ್ಮಾರ್ಟ್ ಸಿಟಿ ಎಂದು ಘೋಷಿಸಿರುವ ಬಗ್ಗೆ,About Tumkur city being declared as Smart City,ಕಾಂತರಾಜು,Kantaraju
2420,09/02/2017,ಸಿಬ್ಬಂದಿ ಮತ್ತು ಆಡಳಿತ ಸುಧಾರಣೆ,Staff and administrative reform,ಸಕಾಲ ಸೇವೆ ವಿಸ್ತರಣೆ ಮತ್ತು ಕಾಗದ ರಹಿತ ಕಛೇರಿ ಅಳವಡಿಕೆ ಕುರಿತು,About installing the Sakala service extension and non-paper office,ಕೋಟ ಶ್ರೀನಿವಾಸ ಪೂಜಾರಿ,Kota Srinivasa Pujari
2421,09/02/2017,ನಗರಾಭಿವೃದ್ಧಿ,Urban development,ಪಾರ್ಕಿಂಗ್ ಕಾಂಪ್ಲೆಕ್ಸ್ ಬಗ್ಗೆ,About Parking Complex,ಕೊಂಡಯ್ಯ .ಕೆ.ಸಿ,Kondaiah KC
2422,09/02/2017,ನಗರಾಭೀವೃದ್ಧಿ,Urban Development,ನೀರು ಸರಬರಾಜು ಮಂಡಳಿಗೆ ಬರಬೇಕಾಗಿಗುವ ಬಾಕಿ ಬಗ್ಗೆ,About the pending balance to the Water Supply Board,ಕೊಂಡಯ್ಯ .ಕೆ.ಸಿ,Kondaiah KC
2423,09/02/2017,ಸಹಕಾರ,Cooperation,ಕೃಷಿ ಪತ್ತಿನ ಸಹಕಾರ ಸಂಘಗಳು,Agricultural Co-operative Societies,ಗೋಪಾಲಸ್ವಾಮಿ .ಎಂ.ಎ,Gopalaswamy MA
2424,09/02/2017,ಗಹ,Home,ಗೃಹ ರಕ್ಷಕ ದಳ ಸಿಬ್ಬಂದಿ ಭತ್ಯೆ ಹಾಗೂ ಸೌಕರ್ಯಗಳ ಕುರಿತು,About Homeland Security staff's allowance and accommodation,ಗೋಪಾಲಸ್ವಾಮಿ .ಎಂ.ಎ,Gopalaswamy MA
2425,09/02/2017,ಗೃಹ,Home,ಯಮನೂರಿನ ರೈತರ ಮೇಲಿನ ದೌರ್ಜನ್ಯ ಕುರಿತು,About the Violence Against Yamonur Farmers,ತಾರಾಅನೂರಾಧ,Tara Anuradha
2426,09/02/2017,ಗೃಹ,Home,ಸಂಚಾರ ನಿಯಮ ಉಲ್ಲಂಘಿಸುವ ಚಾಲಕರ ವಿರುದ್ಧ ಕ್ರಮ,Action against drivers who violate traffic rules,ತಾರಾಅನೂರಾಧ,Tara Anuradha
2427,09/02/2017,ನಗರ ಯೋಜನಾ,City planning,ಕೊಳಚೆ ನೀರು ಸಂಸ್ಕರಣಾ ಘಟಕ (S.ಖಿ.P) ನಿರ್ಮಿಸುವ ಬಗ್ಗೆ,About building sewage treatment plant (S. QP),ಚೌಡರೆಡ್ಡಿ ತೂಪಲ್ಲಿ .ಆರ್,Chowdareddy Tupalli R
2428,09/02/2017,ನಗರ ಯೋಜನಾ,City planning,ಫುಟ್‌ಪಾತ್ ಮತ್ತು ರಸ್ತೆಗಳಲ್ಲಿ ವ್ಯಾಪಾರಿಗಳಿಂದ ತೊಂದರೆ,Trouble on footpath and roads traders,ಧರ್ಮಸೇನ .ಆರ್,Dharmasena R
2429,09/02/2017,ಸಿಬ್ಬಂದಿ ಮತ್ತು ಆಡಳಿತ ಸುಧಾರಣೆ,Staff and administrative reform,ಸಚಿವಾಲಯದಲ್ಲಿ ಕಡತ ವಿಲೇವಾರಿಯಲ್ಲಿನ ವಿಳಂಬದ ಬಗ್ಗೆ,Delay in File Delivery in the Ministry,ಧರ್ಮಸೇನ .ಆರ್,Dharmasena R
2430,09/02/2017,ನಗರ ಯೋಜನಾ,City planning,ಬೆಂಗಳೂರಿನಲ್ಲಿರುವ ಸುರಂಗ ಮಾರ್ಗಗಳ ಸದುಪಯೋಗಪಡಿಸಿಕೊಳ್ಳುವ ಬಗ್ಗೆ,About the use of tunnels in Bangalore,ಧರ್ಮಸೇನ .ಆರ್,Dharmasena R
2431,10/02/2017,ಬೃಹತ್ ಕೈಗಾರಿಕೆ,Huge industry,ರಾಯಚೂರು ಜಿಲ್ಲೆಯಲ್ಲಿ ಬೃಹತ್ ಕೈಗಾರಿಕೆಗಳ ಸ್ಥಾಪನೆ,Establishment of massive industries in Raichur district,ಬೋಸ್‌ರಾಜು .ಎನ್.ಎಸ್,Bosaraju N S
2432,10/02/2017,ಉನ್ನತ ಶಿಕ್ಷಣ,Higher education,ರಾಯಚೂರು ಜಿಲ್ಲೆಯ ಇಂಜಿನೀಯರಿಂಗ್ ಕಾಲೇಜು ಹಾಗೂ ಸ್ನಾತಕೋತ್ತರ ವಿಭಾಗಗಳ ಬಗ್ಗೆ,About engineering college and postgraduate departments in Raichur district,ಬೋಸ್‌ರಾಜು .ಎನ್.ಎಸ್,Bosaraju N S
2433,10/02/2017,ಸಾರಿಗೆ,Transport,ಈಶಾನ್ಯ ಕರ್ನಾಟಕ ರಾಜ್ಯ ರಸ್ತೆ ಸಾರಿಗೆ ಸಂಸ್ಥೆಯಲ್ಲಿ ಬಸ್ಸುಗಳ ಕೊರತೆ ಹಾಗೂ ಬಸ್ ಘಟಕಗಳ ಕುರಿತು,The shortage of buses at the North Eastern Karnataka State Road Transport Corporation and the bus components,ಬೋಸ್‌ರಾಜು .ಎನ್.ಎಸ್,Bosaraju N S
2434,10/02/2017,ಪ್ರಾಥಮಿಕ ಮತ್ತು ಪ್ರೌಢಶಿಕ್ಷಣ,Primary and secondary education,ಹೊಸ ಪದವಿ ಪೂರ್ವ ಕಾಲೇಜುಗಳ ಮಂಜೂರಾತಿ ಕುರಿತು,About sanction of new graduate colleges,ಬೋಸ್‌ರಾಜು .ಎನ್.ಎಸ್,Bosaraju N S
2435,10/02/2017,ಗ್ರಾಮೀಣಾಭಿವೃದ್ಧಿ ಮತ್ತು ಪಂಚಾಯತ್ ರಾಜ್,Rural Development and Panchayat Raj,"ರಾಯಚೂರು, ಮಾನ್ವಿ ತಾಲ್ಲೂಕುಗಳಲ್ಲಿ ಶುದ್ಧ ಕುಡಿಯುವ ನೀರಿನ ಯೋಜನೆಗಳ ಬಗ್ಗೆ",About pure drinking water projects in Raichur and Manvi taluks,ಬೋಸ್‌ರಾಜು .ಎನ್.ಎಸ್,Bosaraju N S
2436,10/02/2017,ಗ್ರಾಮೀಣಾಭಿವೃದ್ಧಿ ಮತ್ತು ಪಂಚಾಯತ್ ರಾಜ್,Rural Development and Panchayat Raj,ಬಹುಗ್ರಾಮ ಕುಡಿಯುವ ನೀರಿನ ಯೋಜನೆ ಕುರಿತು,About the Bahujan Drinking Water Project,ಭಾನುಪ್ರಕಾಶ್,Bhanu Prakasha
2437,10/02/2017,ಉನ್ನತ ಶಿಕ್ಷಣ,Higher education,ವಿಶ್ವ ವಿದ್ಯಾನಿಲಯಗಳಲ್ಲಿ ನಡೆದಿರುವ ಭ್ರ?ಚಾರದ ಕುರಿತು,About the illusion of events in universities,ಭಾನುಪ್ರಕಾಶ್,Bhanu Prakasha
2438,10/02/2017,ಸಾರಿಗೆ,Transport,ಬೆಂಗಳೂರು ಮಹಾನಗರ ಸಾರಿಗೆ ಸಂಸ್ಥೆಯಲ್ಲಿ ಟಾಟಾ ಮಾರ್ಕೊಪೋಲೊ ಬಸ್‌ಗಳನ್ನು ಖರೀದಿಸುತ್ತಿರುವ ಬಗ್ಗೆ,About Tata Marcopolo Bus Buys at Bangalore Metropolitan Transport Corporation,ಸುನೀಲ್ ಸುಬ್ರಮಣಿ .ಎಂ.ಪಿ,Sunil Subramani M P
2439,10/02/2017,ಸಾರಿಗೆ,Transport,ಆರ್.ಟಿ. ಓ. ಚೆಕ್‌ಪೋಸ್ಟ್‌ಗಳು ಸಮರ್ಪಕವಾಗಿ ಕಾರ್ಯನಿರ್ವಹಿಸುತ್ತಿಲ್ಲದಿರುವ ಬಗ್ಗೆ,RT Oh Checkposts are not working properly,ಸುನೀಲ್ ಸುಬ್ರಮಣಿ .ಎಂ.ಪಿ,Sunil Subramani M P
2440,10/02/2017,ಅಲ್ಪಸಂಖ್ಯಾತರ ಕಲ್ಯಾಣ,Minorities Welfare,ನೇಮಕಾತಿ ಕುರಿತು,About recruitment,ಸಂಕನೂರ .ಎಸ್.ವ್ಹಿ,Sankanura S V
2441,10/02/2017,ಪ್ರಾಥಮಿಕ ಮತ್ತು ಪ್ರೌಢ ಶಿಕ್ಷಣ,Primary and Secondary Education,ಅನುದಾನಿತ ಪ್ರಾಥಮಿಕ ಮತ್ತು ಪ್ರೌಢ ಹಾಗೂ ಪದವಿ ಪೂರ್ವ ಕಾಲೇಜುಗಳಲ್ಲಿನ ಹುದ್ದೆಗಳ ಭರ್ತಿ ಕುರಿತು,Regarding filling up of posts in subsidized primary and secondary and undergraduate colleges,ಸಮಣ್ಣ ಮ ಬೇವಿನಮರದ,Samanna Ma Bevinamara
2442,10/02/2017,ಪ್ರಾಥಮಿಕ ಮತ್ತು ಪ್ರೌಢ ಶಿಕ್ಷಣ,Primary and Secondary Education,೧೯೯೫ರ ನಂತರದ ಶಾಲಾ ಕಾಲೇಜುಗಳನ್ನು ಅನುದಾನಕ್ಕೆ ಒಳಪಡಿಸುವ ಬಗ್ಗೆ,About granting school colleges since 1995,ಸಮಣ್ಣ ಮ ಬೇವಿನಮರದ,Samanna Ma Bevinamara
2443,10/02/2017,ಗಣಿ ಮತ್ತು ಭೂ ವಿಜ್ಞಾನ,Mine and geology,ಹಾವೇರಿ ಜಿಲ್ಲೆಯಲ್ಲಿ ಕಲ್ಲು ಕ್ವಾರಿಗಳನ್ನು ನಡೆಸಲು ಅನುಮತಿ ಬಗ್ಗೆ,About permission to conduct stone quarries in Haveri district,ಸಮಣ್ಣ ಮ ಬೇವಿನಮರದ,Samanna Ma Bevinamara
2444,10/02/2017,ಗಣಿ ಮತ್ತು ಭೂ ವಿಜ್ಞಾನ,Mine and geology,ರಾಜ್ಯದಲ್ಲಿ ಮರಳುಗಾರಿಕೆ ನೀತಿಗಳನ್ನು ರೂಪಿಸುವ ಬಗ್ಗೆ,About setting up of sand policy policies in the state,ಸಮಣ್ಣ ಮ ಬೇವಿನಮರದ,Samanna Ma Bevinamara
2445,10/02/2017,ಗ್ರಾಮೀಣಾಭಿವೃದ್ಧಿ ಮತ್ತು ಪಂಚಾಯತ್ ರಾಜ್,Rural Development and Panchayat Raj,ಗ್ರಾಮೀಣಾಭಿವೃದ್ಧಿ ಮತ್ತು ಪಂಚಾಯತ್ ರಾಜ್ ಇಲಾಖೆಯ ಕುಡಿಯುವ ನೀರಿನ ಕುರಿತು,About Drinking Water in Rural Development and Panchayat Raj Department,ಸೋಮಣ್ಣ .ವಿ,Somanna V
2446,10/02/2017,ಸಾರಿಗೆ,Transport,ಸಾರಿಗೆ ನಿಗಮದ ಕೆಲವು ಹುದ್ದೆಗಳನ್ನು ಆನ್‌ಲೈನ್ ಮೂಲಕ ಭರ್ತಿ ಮಾಡಲು ಬಂದಿರುವ ಅರ್ಜಿಗಳ ಕುರಿತು,Regarding the application to fill up some of the Transport Corporations online,ನಾರಾಯಣಸ್ವಾಮಿ .ಎಂ,Narayanaswamy M
2447,10/02/2017,ಗ್ರಾಮೀಣಾಭಿವೃದ್ಧಿ ಮತ್ತು ಪಂಚಾಯತ್ ರಾಜ್,Rural Development and Panchayat Raj,ಗ್ರಾಮೀಣ ಕುಡಿಯುವ ನೀರಿನ ಕುರಿತು,About rural drinking water,ನಾರಾಯಣಸ್ವಾಮಿ .ಎಂ,Narayanaswamy M
2448,10/02/2017,ಉನತ ಶಿಕ್ಷಣ,Education,ರಾಜ್ಯದಲ್ಲಿರುವ ಸರಕಾರಿ ಹಾಗೂ ಖಾಸಗಿ ವಿಶ್ವವಿದ್ಯಾಲಯಗಳ ಕುರಿತು,About Government and Private Universities in the State,ನಾರಾಯಣಸ್ವಾಮಿ .ಎಂ,Narayanaswamy M
2449,10/02/2017,ಗ್ರಾಮೀಣಾಭಿವೃದ್ಧಿ ಮತ್ತು ಪಂಚಾಯತ್ ರಾಜ್,Rural Development and Panchayat Raj,ಗ್ರಾಮ ಸ್ವರಾಜ್ ಯೋಜನೆಯ ಅನು?ನದ ಬಗ್ಗೆ,About the Village Swaraj Project Anu,ನಾರಾಯಣಸ್ವಾಮಿ .ಕೆ.ವಿ,Narayanaswamy K V
2450,10/02/2017,ಪ್ರಾಥಮಿಕ ಮತ್ತು ಪ್ರೌಢ ಶಿಕ್ಷಣ,Primary and Secondary Education,ರಾಜ್ಯದ ಪ್ರಾಥಮಿಕ ಮತ್ತು ಪ್ರೌಢಶಾಲೆಗಳಲ್ಲಿ ದೈಹಿಕ ಶಿಕ್ಷಕರ ಕೊರತೆ ಇರುವ ಬಗ್ಗೆ,About the lack of physical teachers in state primary and high schools,ನಾರಾಯಣಸ್ವಾಮಿ .ಕೆ.ವಿ,Narayanaswamy K V
2451,10/02/2017,ಪ್ರಾಥಮಿಕ ಮತ್ತು ಪ್ರೌಢ ಶಿಕ್ಷಣ,Primary and Secondary Education,ಸರ್ಕಾರಿ ಶಾಲೆಗಳಲ್ಲಿ ಶಿಕ್ಷಣದ ಗುಣಮಟ್ಟದ ಕುಸಿತದ ಬಗ್ಗೆ,About the quality of education in government schools,ನಾರಾಯಣಸ್ವಾಮಿ .ಕೆ.ವಿ,Narayanaswamy K V
2452,10/02/2017,ಸಾರಿಗೆ,Transport,ಚಾಮರಾಜನಗರ ಬಸ್ ಡಿಪೋದಲ್ಲಿ ಸಿಟಿ ಬಸ್‌ಗಳ ಬಗ್ಗೆ,About City Bus in Chamarajanagar Bus Depot,ನಾಗರಾಜು .ಎಸ್,Nagaraja S
2453,10/02/2017,ಸಾರಿಗೆ,Transport,ಚಾಮರಾಜನಗರ ಕೊಳ್ಳೇಗಾಲಕ್ಕೆ ಬಸ್ ಸೌಲಭ್ಯ,Bus facility for Chamarajanagar Kollegal,ನಾಗರಾಜು .ಎಸ್,Nagaraja S
2454,10/02/2017,ಬೃಹತ್ ಮತ್ತು ಮಧ್ಯಮ ಕೈಗಾರಿಕೆ,Large and medium enterprise,ಕಗ್ಗಳದ ಹುಂಡಿ ಬಳಿ ಚೆಂಡು ಹೂವಿನ ಕಾರ್ಖಾನೆ ಬಗ್ಗೆ,About the ball flower factory near the roof of the hooves,ನಾಗರಾಜು .ಎಸ್,Nagaraja S
2455,10/02/2017,ಪ್ರಾಥಮಿಕ ಮತ್ತು ಪ್ರೌಢ ಶಿಕ್ಷಣ,Primary and Secondary Education,ಚಾಮರಾಜನಗರ ಜಿಲ್ಲೆ ಸರ್ಕಾರಿ ಶಾಲೆಗಳ ಕಟ್ಟಡ ದುರಸ್ಥಿ ಹಾಗೂ ಕಟ್ಟಡ ನಿರ್ಮಾಣ,Chamarajanagar District Government Schools Building and Building Construction,ನಾಗರಾಜು .ಎಸ್,Nagaraja S
2456,10/02/2017,ವಸತಿ,Housing,ಅಂಬೇಡ್ಕರ್ ವಸತಿ ಯೋಜನೆಯಲ್ಲಿ ಚಾಮರಾಜನಗರ ವಸತಿ ಸೌಲಭ್ಯ,Chamarajanagar Housing Facility at Ambedkar Housing Scheme,ನಾಗರಾಜು .ಎಸ್,Nagaraja S
2457,10/02/2017,ಪ್ರಾಥಮಿಕ ಮತ್ತು ಪ್ರೌಢ ಶಿಕ್ಷಣ,Primary and Secondary Education,ಅತಿಥಿ ಉಪನ್ಯಾಸಕರನ್ನು ಖಾಯಂ ಗೊಳಿಸುವ ಕುರಿತು,About Permanent Lecturers,ನಿರಾಣಿ ಹಣಮಂತ್ ರುದ್ರಪ್ಪ,Nirani Hanumanth Rudrappa
2458,10/02/2017,ಪ್ರಾಥಮಿಕ ಮತ್ತು ಪ್ರೌಢ ಶಿಕ್ಷಣ,Primary and Secondary Education,ಕಾಲ್ಪನಿಕ ವೇತನ ಮತ್ತು ಬಡ್ತಿ ನೀಡುವ ಕುರಿತು,About fictional pay and promotion,ನಿರಾಣಿ ಹಣಮಂತ್ ರುದ್ರಪ್ಪ,Nirani Hanumanth Rudrappa
2459,10/02/2017,ಪ್ರಾಥಮಿಕ ಮತ್ತು ಪ್ರೌಢ ಶಿಕ್ಷಣ,Primary and Secondary Education,ಗುತ್ತಿಗೆ ಆಧಾರದ ಮೇಲೆ ಕಾರ್ಯನಿರ್ವಹಿಸುತ್ತಿರುವ ಶಿಕ್ಷಕರ ವೇತನದ ಬಗ್ಗೆ,About teacher salaries on contract basis,ನಿರಾಣಿ ಹಣಮಂತ್ ರುದ್ರಪ್ಪ,Nirani Hanumanth Rudrappa
2460,10/02/2017,ಪ್ರಾಥಮಿಕ ಮತ್ತು ಪ್ರೌಢ ಶಿಕ್ಷಣ,Primary and Secondary Education,ಪಠ್ಯ ಪುಸ್ತಕ ಪರಿ?ರಣಾ ಬಗ್ಗೆ,About text books? Rana,ನಿರಾಣಿ ಹಣಮಂತ್ ರುದ್ರಪ್ಪ,Nirani Hanumanth Rudrappa
2461,10/02/2017,ಮೂಲಸೌಲಭ್ಯ ಅಭಿವೃದ್ಧಿ,Infrastructure Development,ಕುಡಚಿ-ಬಾಗಲಕೋಟೆ ರೈಲು ಮಾರ್ಗದ ಬಗ್ಗೆ,About Kudachi-Bagalkot Train Line,ನಿರಾಣಿ ಹಣಮಂತ್ ರುದ್ರಪ್ಪ,Nirani Hanumanth Rudrappa
2462,10/02/2017,ಉನ್ನತ ಶಿಕ್ಷಣ,Higher education,ಶಿವಮೊಗ್ಗ ಜಿಲ್ಲೆಯ ಕುವೆಂಪು ವಿಶ್ವವಿದ್ಯಾಲಯದ ಭೂಮಿಯು ಅರಣ್ಯ ಇಲಾಖೆ ಭೂಮಿಯಾಗಿರುವ ಬಗ್ಗೆ,The land of the Kuvempu University in Shimoga district is about the forest department of land,ಪ್ರಸನ ಕುಮಾರ್ .ಆರ್,Prasanna Kumar R
2463,10/02/2017,ಉನ್ನತ ಶಿಕ್ಷಣ,Higher education,ಶಿವಮೊಗ್ಗ ಜಿಲ್ಲೆಯ ಕುವೆಂಪು ವಿಶ್ವವಿದ್ಯಾಲಯದ ಭೂಮಿಯು ಅರಣ್ಯ ಇಲಾಖೆ ಭೂಮಿಯಾಗಿರುವ ಬಗ್ಗೆ,The land of the Kuvempu University in Shimoga district is about the forest department of land,ಪ್ರಸನ ಕುಮಾರ್ .ಆರ್,Prasanna Kumar R
2464,10/02/2017,ಗ್ರಾಮೀಣಾಭಿವೃದ್ಧಿ ಮತ್ತು ಪಂಚಾಯತ್ ರಾಜ್,Rural Development and Panchayat Raj,ಗ್ರಾಮ ಸಭೆ ಮತ್ತು ವಾರ್ಡ್ ಸಭೆಗಳ ಕುರಿತು,About the Gram Sabha and Ward Meetings,ಪ್ರಾಣೇಶ್ .ಎಂ.ಕೆ,Pranesha M K
2465,10/02/2017,ಗ್ರಾಮೀಣಾಭಿವೃದ್ಧಿ ಮತ್ತು ಪಂಚಾಯತ್ ರಾಜ್,Rural Development and Panchayat Raj,ಗ್ರಾಮ ಪಂಚಾಯತಿಗಳಲ್ಲಿ ಸಾಮಾಜಿಕ ಪರಿಶೋಧನಾ ತಂಡದವರಿಂದ ಆಡಿಟ್ ಮಾಡಿಸುವ ಬಗ್ಗೆ,About auditing by the social audit team in Gram Panchayats,ಪ್ರಾಣೇಶ್ .ಎಂ.ಕೆ,Pranesha M K
2466,10/02/2017,ಗ್ರಾಮೀಣಾಭಿವೃದ್ಧಿ ಮತ್ತು ಪಂಚಾಯತ್ ರಾಜ್,Rural Development and Panchayat Raj,ಗ್ರಾಮ ಪಂಚಾಯಿತಿಗಳಲ್ಲಿ ಸ್ವೈಪಿಂಗ್ ಯಂತ್ರ ಅಳವಡಿಸುವ ಬಗ್ಗೆ,About setting up a swipe machine in the village panchayats,ಪ್ರಾಣೇಶ್ .ಎಂ.ಕೆ,Pranesha M K
2467,10/02/2017,ಸಣ್ಣ ಕೈಗಾರಿಕೆ,Small industry,ಸಣ್ಣ ಕೈಗಾರಿಕೆ ಇಲಾಖೆ ಯೋಜನೆಗಳ ಕುರಿತು,About Small Industries Department Projects,ಪ್ರಾಣೇಶ್ .ಎಂ.ಕೆ,Pranesha M K
2468,10/02/2017,ಗಣಿ ಮತ್ತು ಭೂವಿಜ್ಞಾನ,Mine and geology,"ಉಡುಪಿ ಜಿಲ್ಲೆಯಲ್ಲಿ ಮರಳು, ಕೆಂಪು ಕಲ್ಲು ಗಣಿಗಾರಿಕೆಯ ತೊಂದರೆ ಬಗ್ಗೆ",Udupi district is concerned about sand and red stone mining problems,ಪ್ರತಾಪಚಂದ್ರ ಶೆಟ್ಟಿ .ಕೆ,Pratapachandra Shetty K
2469,10/02/2017,ಗ್ರಾಮೀಣಾಭಿವೃದ್ಧಿ ಮತ್ತು ಪಂಚಾಯತ್ ರಾಜ್,Rural Development and Panchayat Raj,ಏಚಿಡಿಟಿಚಿಣಚಿಞಚಿ ಖuಡಿಚಿಟ Iಟಿಜusಣಡಿiಚಿಟ ಆeveಟoಠಿmeಟಿಣ ಐimiಣeಜ ನಿಂದ ನಿರ್ವಹಿಸಿದ ಕಾಮಗಾರಿಗಳು ಮತ್ತು ಅವುಗಳ ಗುಣಮಟ್ಟದ ಬಗ್ಗೆ,About the work and the quality of the work done by Tina I,ಪ್ರತಾಪಚಂದ್ರ ಶೆಟ್ಟಿ .ಕೆ,Pratapachandra Shetty K
2470,10/02/2017,ಪ್ರಾಥಮಿಕ ಮತ್ತು ಪ್ರೌಢ ಶಿಕ್ಷಣ,Primary and Secondary Education,ರಾಷ್ಟ್ರೀಯ ಮಾಧ್ಯಮಿಕ ಶಿಕ್ಷಣದಡಿ ಮಂಜೂರಾದ ಕಟ್ಟಡದ ಪ್ರಗತಿಯ ಕುರಿತು,Regarding the progress of the building sanctioned under National Secondary Education,ಪ್ರತಾಪಚಂದ್ರ ಶೆಟ್ಟಿ .ಕೆ,Pratapachandra Shetty K
2471,10/02/2017,ಪ್ರಾಥಮಿಕ ಮತ್ತು ಪ್ರೌಢ ಶಿಕ್ಷಣ,Primary and Secondary Education,ಸಾರ್ವಜನಿಕ ರಜೆ ಘೋ?ಣೆ ಸಂದರ್ಭ ಕಾರ್ಯನಿರ್ವಹಿಸಿದ ಖಾಸಗಿ ಶಿಕ್ಷಣ ಸಂಸ್ಥೆಗಳ ಬಗ್ಗೆ,About private educational institutions working on public holidays,ಪ್ರತಾಪಚಂದ್ರ ಶೆಟ್ಟಿ .ಕೆ,Pratapachandra Shetty K
2472,10/02/2017,ವಸತಿ,Housing,ಹುಡ್ಕೋದಿಂದ ಪಡೆದ ಸಾಲವನ್ನು ಮನ್ನಾಗೊಳಿಸಿದ ಬಗ್ಗೆ,About forgiving the debt derived from Hudko,ಪ್ರತಾಪಚಂದ್ರ ಶೆಟ್ಟಿ .ಕೆ,Pratapachandra Shetty K
2473,10/02/2017,ಪ್ರಾಥಮಿಕ ಮತ್ತು ಪ್ರೌಢ ಶಿಕ್ಷಣ,Primary and Secondary Education,ಪ್ರೌಢ ಶಾಲಾ ವಿದ್ಯಾರ್ಥಿಗಳಿಗೆ ಉಚಿತ ಕಂಪ್ಯೂಟರ್ ತರಬೇತಿಯ ಬಗ್ಗೆ,Free computer training for high school students,ಪುಟ್ಟಸ್ವಾಮಿ .ಬಿ.ಜೆ,Puttaswamy B J
2474,10/02/2017,ಗಣಿ ಮತ್ತು ಭೂ ವಿಜ್ಞಾನ,Mine and geology,ಕಲ್ಲುಗಣಿ ಮತ್ತು ಎಂ-ಸ್ಯಾಂಡ್ (ಒ-Sಚಿಟಿಜ)ನ ಬU,BUW of quarries and M-sand (O-S chitiza),ಪುಟ್ಟಸ್ವಾಮಿ .ಬಿ.ಜೆ,Puttaswamy B J
2475,10/02/2017,ಗ್ರಾಮೀಣಾಭಿವೃದ್ಧಿ ಮತ್ತು ಪಂಚಾಯತ್ ರಾಜ್,Rural Development and Panchayat Raj,"ಕಲಬುರಗಿ, ಯಾದಗಿರಿ ಜಿಲ್ಲೆಗಳಲ್ಲಿ ಬರುವ ಗ್ರಾಮ ಪಂಚಾಯತ್ ಕಾಮಗಾರಿಗಳ ಅನುದಾನದ ಬಗ್ಗೆ",Granting Gram Panchayat Works in Kalaburagi and Yadgir Districts,ಪಾಟೀಲ್ .ಬಿ.ಜಿ,Patil B G
2476,10/02/2017,ಗ್ರಾಮೀಣಾಭಿವೃದ್ಧಿ ಮತ್ತು ಪಂಚಾಯತ್ ರಾಜ್,Rural Development and Panchayat Raj,ಗ್ರಾಮೀಣ ಕುಡಿಯುವ ನೀರಿನ ಯೋಜನೆ ಬಗ್ಗೆ,About the Rural Drinking Water Project,ಪಾಟೀಲ್ .ಬಿ.ಜಿ,Patil B G
2477,10/02/2017,ಗ್ರಾಮೀಣಾಭಿವೃದ್ಧಿ ಮತ್ತು ಪಂಚಾಯತ್ ರಾಜ್,Rural Development and Panchayat Raj,ಗ್ರಾಮ ಪಂಚಾಯತ್ ಚುನಾಯಿತ ಪ್ರತಿನಿಧಿಗಳ ಸಂಭಾವನೆ ಹೆಚ್ಚುಗೊಳಿಸುವ ಬಗ್ಗೆ,About raising remuneration of Grama Panchayat elected representatives,ಪಾಟೀಲ್ .ಬಿ.ಜಿ,Patil B G
2478,10/02/2017,ಗ್ರಾಮಿಣಾಭಿವೃದ್ಧಿ ಮತ್ತು ಪಂಚಾಯತ್ ರಾಜ್,Gram Panchayat and Panchayat Raj,ಕಂಪ್ಯೂಟರ್ ಖರೀದಿ ಹಗರಣದ ಬಗ್ಗೆ,About the computer purchase scandal,ಶರವಣ .ಟಿ.ಎ,Sharavana T A
2479,10/02/2017,ಗಣಿ ಮತ್ತು ಭೂ ವಿಜ್ಞಾನ,Mine and geology,ಗಣಿಗಾರಿಕೆ ನಡೆಸಲು ಪರವಾನಗಿ ನೀಡುವ ಕುರಿತು,About licensing of mining,ವೀರಯ್ಯ .ಡಿ.ಎಸ್,Veerayya D S
2480,10/02/2017,ಗ್ರಾಮೀಣಾಭಿವೃದ್ಧಿ ಮತ್ತು ಪಂಚಾಯತ್ ರಾಜ್,Rural Development and Panchayat Raj,ಶುದ್ಧ ನೀರಿನ ಘಟಕಗಳನ್ನು ಪ್ರಾರಂಭಿಸಿರುವ ಕುರಿತು,About starting water bodies,ವೀರಯ್ಯ .ಡಿ.ಎಸ್,Veerayya D S
2481,10/02/2017,ವಸತಿ,Housing,ತಾಲ್ಲೂಕು ಮಟ್ಟದಲ್ಲಿ ವಸತಿ ಯೋಜನೆಗಳ ಪರಿಣಾಮಕಾರಿ ಅನು?ನ ಕುರಿತು,About the Effective Resource of Housing Schemes at Taluk Level,ವೀಣಾ ಅಚ್ಚಯ್ಯ .ಎಸ್,Veena achchaiah S
2482,10/02/2017,ಪ್ರಾಥಮಿಕ ಮತ್ತು ಪ್ರೌಢ ಶಿಕ್ಷಣ,Primary and Secondary Education,ಕೊಡಗು ಜಿಲ್ಲೆಯಲ್ಲಿ ಖಾಲಿಯಿರುವ ಶಿಕ್ಷಕರ ಹುದ್ದೆ ಕುರಿತು,About vacant teacher posts in Kodagu district,ವೀಣಾ ಅಚ್ಚಯ್ಯ .ಎಸ್,Veena achchaiah S
2483,10/02/2017,ವಸತಿ,Housing,ಬೀದರ್ ಜಿಲ್ಲೆ ವಸತಿ ರಹಿತ ಜನಸಂಖ್ಯೆಗಳ ಬಗ್ಗೆ,Bidar district is about housing populations,ವಿಜಯ್ ಸಿಂಗ್,Vijay Singh
2484,10/02/2017,ಗ್ರಾಮೀಣಾಭಿವೃದ್ಧಿ ಮತ್ತು ಪಂಚಾಯತ್ ರಾಜ್,Rural Development and Panchayat Raj,ಬಹುಗ್ರಾಮ ಯೋಜನೆಯಡಿ ಕುಡಿಯುವ ನೀರಿನ ಕಾಮಗಾರಿಗಳ ಬಗ್ಗೆ,About drinking water works under the multi-gram program,ವಿಜಯ್ ಸಿಂಗ್,Vijay Singh
2485,10/02/2017,ಸ್ಥಳೀಯ ಸಂಸ್ಥೆ,Local organization,ಬೀದರ್ ಜಿಲ್ಲೆಯ ಶಾಲೆಗಳ ದುರಸ್ಥಿ ಬಗ್ಗೆ,About Bidar District Schools Debt,ವಿಜಯ್ ಸಿಂಗ್,Vijay Singh
2486,10/02/2017,ಅಲ್ಪಸಂಖ್ಯಾತರ ಕಲ್ಯಾಣ,Minorities Welfare,ಬೀದರ್ ಜಿಲ್ಲೆಗೆ ಅಲ್ಪಸಂಖ್ಯಾತರ ಇಲಾಖೆಯಿಂದ ಅನುದಾನದ ಬಗ್ಗೆ,About Bidar District Grants from Minorities Department,ವಿಜಯ್ ಸಿಂಗ್,Vijay Singh
2487,10/02/2017,ಸಾರಿಗೆ,Transport,ರಾಜ್ಯದಲ್ಲಿ ಸಾರಿಗೆ ಸಂಸ್ಥೆಯಿಂದ ಹೊಸ ಬಸ್ಸುಗಳ ಖರೀದಿಯ ಬಗ್ಗೆ,About the purchase of new buses from the transport company in the state,ಬಸನಗೌಡ ಆರ್ ಪಾಟೀಲ್,Basanagowda R Patil
2488,10/02/2017,ಗ್ರಾಮೀಣಾಭಿವೃದ್ಧಿ ಮತ್ತು ಪಂಚಾಯತ್ ರಾಜ್,Rural Development and Panchayat Raj,ಗ್ರಾಮ ಪಂಚಾಯತ್‌ಗಳನ್ನು ಮೇಲ್ದರ್ಜೆಗೇರಿಸುವ ಬಗ್ಗೆ,Upgrading Gram Panchayats,ಬಸನಗೌಡ ಆರ್ ಪಾಟೀಲ್,Basanagowda R Patil
2489,10/02/2017,ಭೃಹತ್ ಕೈಗಾರಿಕೆ,Massive Industry,ಕೈಗಾರಿಕಾ ಪ್ರದೇಶಾಭಿವೃದ್ಧಿ ಮಂಡಳಿಯಿಂದ ವ್ಯಾಪಾರಸ್ಥರಿಗೆ ಜಾಗ ಹಂಚಿಕೆ ಮಾಡುವ ಬಗ್ಗೆ,Distributing space to the businessmen from the Industrial Area Development Board,ಬಸನಗೌಡ ಆರ್ ಪಾಟೀಲ್,Basanagowda R Patil
2490,10/02/2017,ಗ್ರಾಮೀಣಾಭಿವೃದ್ಧಿ ಮತ್ತು ಪಂಚಾಯತ್ ರಾಜ್,Rural Development and Panchayat Raj,ಗ್ರಾಮ ಪಂಚಾಯಿತಿ ಸದಸ್ಯರಿಗೆ ಅನುದಾನ ನೀಡುವ ಬಗ್ಗೆ,Grants to Grama Panchayat members,ಬಸನಗೌಡ ಆರ್ ಪಾಟೀಲ್,Basanagowda R Patil
2491,10/02/2017,ಅಲ್ಪಸಂಖ್ಯಾತರ ಕಲ್ಯಾಣ,Minorities Welfare,ಅಲ್ಪಸಂಖ್ಯಾತರ ಅಭಿವೃದ್ಧಿ ಯೋಜನೆಗಳ ಬಗ್ಗೆ,About minority development projects,ಬಸನಗೌಡ ಆರ್ ಪಾಟೀಲ್,Basanagowda R Patil
2492,10/02/2017,ಪ್ರಾಥಮಿಕ ಮತ್ತು ಪ್ರೌಢಶಿಕ್ಷಣ,Primary and secondary education,"ದೈಹಿಕ ಶಿಕ್ಷಕರು, ಟಿ.ಜಿ.ಟಿ. ಶಿಕ್ಷಕರು, ವೃತ್ತಿ ಶಿಕ್ಷಕರು ಹಾಗೂ ಇತರರಿಗೆ ಹೆಚ್ಚುವರಿ ವೇತನ ಬಡ್ತಿ","Physical Teachers, TGT Extra pay promotion for teachers, career teachers and others",ಬಸವರಾಜ ಶಿವಲಿಂಗಪ್ಪ ಹೊರಟಿ,Basavaraja Shivalingappa Horatti
2493,10/02/2017,ಪ್ರಾಥಮಿಕ ಮತ್ತು ಪ್ರೌಢಶಿಕ್ಷಣ,Primary and secondary education,ಶಿಕ್ಷಣ ಸಂಸ್ಥೆಗಳನ್ನು ವೇತನಾನುದಾನಕ್ಕೆ ಒಳಪಡಿಸುವ ಬಗ್ಗೆ,About placing education institutions,ಬಸವರಾಜ ಶಿವಲಿಂಗಪ್ಪ ಹೊರಟಿ,Basavaraja Shivalingappa Horatti
2494,10/02/2017,ಉನ್ನತ ಶಿಕ್ಷಣ,Higher education,ಸತತವಾಗಿ ೧೫ ವ? ಪೂರೈಸಿದ ಖಾಸಗಿ ಪಾಲಿಟೆಕ್ನಿಕ್‌ಗಳನ್ನು ಅನುದಾನಕ್ಕೊಳಪಡಿಸಿ ಹೊರಡಿಸಿದ ಆದೇಶವನ್ನು ಜಾರಿಗೊಳಿಸುವ ಬಗ್ಗೆ,15th in a row? About enforcing the order issued by the private polytechnics completed,ಬಸವರಾಜ ಶಿವಲಿಂಗಪ್ಪ ಹೊರಟಿ,Basavaraja Shivalingappa Horatti
2495,10/02/2017,ಸಿಬ್ಬಂದಿ ಮತ್ತು ಆಡಳಿತ ಸುಧಾರಣೆ,Staff and administrative reform,ಅನುಕಂಪದ ಆಧಾgದ ನೇಮಕಾತಿ,Recruitment of compassionate deputy,ಬಸವರಾಜ ಶಿವಲಿಂಗಪ್ಪ ಹೊರಟಿ,Basavaraja Shivalingappa Horatti
2496,10/02/2017,ಪ್ರಾಥಮಿಕ ಮತ್ತು ಪ್ರೌಢ ಶಿಕ್ಷಣ,Primary and Secondary Education,ಬಿದಾಯಿ ಯೋಜನೆಯ ಮಾಹಿತಿ ಬಗ್ಗೆ,About Baidai project information,ಲಹರ್ ಸಿಂಗ್ ಸಿರೋಯಾ,Lahar Singh Siroya
2497,10/02/2017,ಪ್ರಾಥಮಿಕ ಮತ್ತು ಪ್ರೌಢ ಶಿಕ್ಷಣ,Primary and Secondary Education,ಶಿಕ್ಷಣ ಸಂಸ್ಥೆಗಳಿಗೆ ಅನುದಾನ ನೀಡಲು ಸರ್ಕಾರದ ನೀತಿ,Government policy to grant education to educational institutions,ಲಕ್ಷ್ಮೀನಾರಾಯಣ .ಎಂ.ಡಿ,Lakshmi Narayana MD
2498,10/02/2017,ಗ್ರಾಮೀಣಾಭಿವೃದ್ಧಿ ಮತ್ತು ಪಂಚಾಯತ್ ರಾಜ್,Rural Development and Panchayat Raj,ಗ್ರಾಮಗಳಲ್ಲಿ ನೀರು ಶುದ್ಧೀಕರಣ ಘಟಕಗಳನ್ನು ಸ್ಥಾಪಿಸುವ ಬಗ್ಗೆ,About establishing water purification plants in villages,ಲಕ್ಷ್ಮೀನಾರಾಯಣ .ಎಂ.ಡಿ,Lakshmi Narayana MD
2499,10/02/2017,ಪ್ರಾಥಮಿಕ ಮತ್ತು ಪ್ರೌಢ ಶಿಕ್ಷಣ,Primary and Secondary Education,ಆಂಗ್ಲ ಭಾ? ಬೋಧಕರ ಕೊರತೆ ಬಗ್ಗೆ,English About the lack of instructors,ಲಕ್ಷ್ಮೀನಾರಾಯಣ .ಎಂ.ಡಿ,Lakshmi Narayana MD
2500,10/02/2017,ವಸತಿ,Housing,ವಸತಿ ಹಂಚಿಕೆ ಮಾಡಿರುವ ಬಗ್ಗೆ,About sharing of housing,ಲಕ್ಷ್ಮೀನಾರಾಯಣ .ಎಂ.ಡಿ,Lakshmi Narayana MD
2501,10/02/2017,ಪ್ರಾಥಮಿಕ ಮತ್ತು ಪ್ರೌಢಶಿಕ್ಷಣ,Primary and secondary education,ಸಾರ್ವಜನಿಕ ಗ್ರಂಥಾಲಯ ಇಲಾಖೆಯ ಬಗ್ಗೆ,About Public Library Department,ಶ್ರೀಕಂಠೇಗೌಡ .ಕೆ.ಟಿ,Srikantegowda KT
2502,10/02/2017,ಪ್ರಾಥಮಿಕ ಮತ್ತು ಪ್ರೌಢಶಿಕ್ಷಣ,Primary and secondary education,ಖಾಸಗಿ ಅನುದಾನಿತ ಪ್ರೌಢ ಶಾಲಾ ಬೋಧಕೇತರ ಸಿಬ್ಬಂದಿಗಳ ಬಗ್ಗೆ,About Private Aided High School Non-teaching staff,ಶ್ರೀಕಂಠೇಗೌಡ .ಕೆ.ಟಿ,Srikantegowda KT
2503,10/02/2017,ಆರೋಗ್ಯ ಮತ್ತು ಕುಟುಂಬ ಕಲ್ಯಾಣ,Health and family welfare,ಖಾಸಗಿ ಅನುದಾನಿತ ನೌಕರರ ವೈದ್ಯಕೀಯ ಸೌಲಭ್ಯದ ಬಗ್ಗೆ,About Private Aid Employees Medical Facility,ಶ್ರೀಕಂಠೇಗೌಡ .ಕೆ.ಟಿ,Srikantegowda KT
2504,10/02/2017,ಉನ್ನತ ಶಿಕ್ಷಣ,Higher education,ಅನುದಾನಿತ ಪಾಲಿಟೆಕ್ನಿಕ್ ಕಾಲೇಜುಗಳಲ್ಲಿ ಖಾಲಿಯಿರುವ ಬೋಧಕ ಹುದ್ದೆಗಳ ಬಗ್ಗೆ,About vacant faculty posts in Aided Polytechnic Colleges,ಶ್ರೀಕಂಠೇಗೌಡ .ಕೆ.ಟಿ,Srikantegowda KT
2505,10/02/2017,ಪ್ರಾಥಮಿಕ ಮತ್ತು ಪ್ರೌಢ ಶಿಕ್ಷಣ,Primary and Secondary Education,ರಾಜ್ಯದ ಶಾಲಾ ಕಟ್ಟಡಗಳ ಬಗ್ಗೆ,About state school buildings,ವಟಮ್ಮ,Motamma
2506,10/02/2017,ಗ್ರಾಮೀಣಾಭಿವೃದ್ಧಿ ಮತ್ತು ಪಂಚಾಯತ್ ರಾಜ್,Rural Development and Panchayat Raj,ಪಂಚಾಯಿತಿ ಅಭಿವೃದ್ಧಿ ಅಧಿಕಾರಿಗಳ ಕೊರತೆಯ ಬಗ್ಗೆ,About the lack of panchayat development officials,ವಟಮ್ಮ,Motamma
2507,10/02/2017,ವಸತಿ,Housing,ಚಿಕ್ಕಮಗಳೂರು ಜಿಲ್ಲೆಯಲ್ಲಿ ಮಂಜೂರಾದ ಮನೆಗಳ ಬಗ್ಗೆ,About houses sanctioned in Chikkamagaluru district,ವಟಮ್ಮ,Motamma
2508,10/02/2017,ಪ್ರಾಥಮಿಕ ಮತ್ತು ಪ್ರೌಢ ಶಿಕ್ಷಣ,Primary and Secondary Education,ಎಂ.ಆರ್. ವ್ಯಾಕ್ಸಿನೇಶನ್ ಬಗ್ಗೆ,MR. About vaccination,ಅಪ್ಪಾಜಿಗೌಡ .ಎನ್,Appajigowda N
2509,10/02/2017,ಗ್ರಾಮೀಣಾಭಿವೃದ್ಧಿ ಮತ್ತು ಪಂಚಾಯತ್ ರಾಜ್,Rural Development and Panchayat Raj,ನರೇಗಾ ಯೋಜನೆಯ ಬಗ್ಗೆ,About the Narega Project,ಅಪ್ಪಾಜಿಗೌಡ .ಎನ್,Appajigowda N
2510,10/02/2017,ಉನ್ನತ ಶಿಕ್ಷಣ,Higher education,ಅಲೆಯನ್ಸ್ ವಿಶ್ವವಿದ್ಯಾಲಯದ ಬಗ್ಗೆ,About Alliance University,ಅಪ್ಪಾಜಿಗೌಡ .ಎನ್,Appajigowda N
2511,10/02/2017,ಭೃಹತ್ ಕೈಗಾರಿಕೆ,Massive Industry,ಬೃಹತ್ ಕೈಗಾರಿಕೆ ಸ್ಥಾಪನೆ ಬಗ್ಗೆ,About the massive industrial establishment,ಅಪ್ಪಾಜಿಗೌಡ .ಎನ್,Appajigowda N
2512,10/02/2017,ಪ್ರಾಥಮಿಕ ಮತ್ತು ಪ್ರೌಢ ಶಿಕ್ಷಣ,Primary and Secondary Education,ಸರ್ಕಾರಿ ಪ್ರೌಢ ಶಾಲಾ ಮುಖ್ಯ ಶಿಕ್ಷಕರುಗಳ ಬಡ್ತಿ ಬಗ್ಗೆ,About the promotion of government high school head teachers,ಅಪ್ಪಾಜಿಗೌಡ .ಎನ್,Appajigowda N
2513,10/02/2017,ಉನ್ನತ ಶಿಕ್ಷಣ,Higher education,ರಾಜ್ಯದ ವಿಶ್ವವಿದ್ಯಾಲಯಗಳಲ್ಲಿ ೨೦೧೩ ರಿಂದ ಮಂಜೂರಾದ ಖಾಲಿ ಹಾಗೂ ಕಾರ್ಯನಿರ್ವಹಿಸುತ್ತಿರುವ ಹುದ್ದೆಗಳ ಬಗ್ಗೆ,About vacancies and vacancies sanctioned by state universities in 2013,ಅಮರನಾಥ ಪಾಟೀಲ್,Amaranatha Patil
2514,10/02/2017,ವಸತಿ,Housing,"ಕಲಬುರಗಿ ತಾಲ್ಲೂಕಿನ ಕೆಸರಟಗಿ ಗ್ರಾಮದ ಸರ್ವೆ ನಂ.೨೭, ೨೮ ಆಶ್ರಯ ಮನೆ ಯೋಜನೆಗಳ ಬಗ್ಗೆ","Survey No.27, 28 of the Kesaratangi Village in Kalaburagi Taluk",ಅಮರನಾಥ ಪಾಟೀಲ್,Amaranatha Patil
2515,10/02/2017,ಉನ್ನತ ಶಿಕ್ಷಣ,Higher education,ಹೈದ್ರಾಬಾದ್-ಕರ್ನಾಟಕ ಭಾಗದಲ್ಲಿ ಹೊಸ ವಿಶ್ವವಿದ್ಯಾಲಯ ಹಾಗೂ ಸ್ನಾತಕೋತ್ತರ ಕೇಂದ್ರಗಳು (IIIಖಿ) ಸ್ಥಾಪಿಸುವ ಬಗ್ಗೆ,About establishing new University and Postgraduate Centers (IIIQI) in Hyderabad-Karnataka,ಅಮರನಾಥ ಪಾಟೀಲ್,Amaranatha Patil
2516,10/02/2017,ಪ್ರಾಥಮಿಕ ಮತ್ತು ಪ್ರೌಢ ಶಿಕ್ಷಣ,Primary and Secondary Education,ಹೈದ್ರಾಬಾದ್-ಕರ್ನಾಟಕ ಭಾಗದಲ್ಲಿ ಶಿಕ್ಷಕರ ಹಾಗೂ ಉಪನ್ಯಾಸಕರ ಪ್ರತಿ ತಿಂಗಳ ವೇತನ ವಿಳಂಬವಾಗುತ್ತಿರುವ ಬಗ್ಗೆ,About the delay in salary of teachers and lecturers each month in Hyderabad-Karnataka,ಅಮರನಾಥ ಪಾಟೀಲ್,Amaranatha Patil
2517,10/02/2017,ಉನ್ನತ ಶಿಕ್ಷಣ,Higher education,"ಕರ್ನಾಟಕ ರಾಜ್ಯ ಮುಕ್ತ ವಿಶ್ವವಿದ್ಯಾಲಯದಲ್ಲಿ ಬೋಧಕೇತರ, ಸಹಾಯಕ ಕುಲಪತಿ, ಉಪಕುಲಪತಿ ಹುದ್ದೆಗಳ ಮುಂಬಡ್ತಿ ಬಗ್ಗೆ","Non-teaching, Assistant Chancellor, Vice-Chancellor of Posts at Karnataka State Open University",ಅಮರನಾಥ ಪಾಟೀಲ್,Amaranatha Patil
2518,10/02/2017,ಪ್ರಾಥಮಿಕ ಮತ್ತು ಪ್ರೌಢ ಶಿಕ್ಷಣ,Primary and Secondary Education,ಪ್ರೌಢ ಶಾಲಾ ಶಿಕ್ಷಕರ ನೇಮಕಾತಿ ಕುರಿತು,About Appointment of High School Teachers,ಅರುಣ ಶಹಾಪುರ,Aruna Shahaapura
2519,10/02/2017,ಪ್ರಾಥಮಿಕ ಮತ್ತು ಪ್ರೌಢ ಶಿಕ್ಷಣ,Primary and Secondary Education,ರಾಜ್ಯದಲ್ಲಿನ ಗುತ್ತಿಗೆ ಆಧಾರದ ಶಿಕ್ಷಕರ ಸಮಸ್ಯೆ ಕುರಿತು,About the problem of contract-based teachers in the state,ಅರುಣ ಶಹಾಪುರ,Aruna Shahaapura
2520,10/02/2017,ಉನ್ನತ ಶಿಕ್ಷಣ,Higher education,ವಿಶ್ವವಿದ್ಯಾಲಯಗಳಲ್ಲಿನ ನೇಮಕವಾಗುವ ಪ್ರಾಧ್ಯಾಪಕರ / ಸಹ ಪ್ರಾಧ್ಯಾಪಕರ / ಸಿಬ್ಬಂದಿಗಳ (ಹಿಂದಿನ) ಸೇವೆ ಪರಿಗಣಿಸುವ ಕುರಿತು,About Consumer Professors / Co-Professionals / Staff (Receiving) Services in the Universities,ಅರುಣ ಶಹಾಪುರ,Aruna Shahaapura
2521,10/02/2017,ಪ್ರಾಥಮಿಕ ಮತ್ತು ಪ್ರೌಢ ಶಿಕ್ಷಣ,Primary and Secondary Education,ಪo ಪುಸ್ತಕ ಪರಿ?ರಣಾ ಕುರಿತು,About the book?,ಅರುಣ ಶಹಾಪುರ,Aruna Shahaapura
2522,10/02/2017,ಪ್ರಾಥಮಿಕ ಮತ್ತು ಪ್ರೌಡ ಶಿಕ್ಷಣ,Primary and secondary education,ಕುಮಾರ ನಾಯಕ್ ವರದಿ ಜಾರಿ ಹಾಗೂ ವಿಶೇಷ ವೇತನ ಬಡ್ತಿ,Kumar Nayak report implementation and special pay promotion,ಅರುಣ ಶಹಾಪುರ,Aruna Shahaapura
2523,10/02/2017,ವಸತಿ,Housing,ವಿಶೇ? ಪ್ಯಾಕೇಜ್ ಮೂಲಕ ಮನೆಗಳನ್ನು ನೀಡುವ ಬಗೆ,Is it okay? How to provide homes through the package,ಜಯಮ್ಮ,Jayamma
2524,10/02/2017,ಉನ್ನತ ಶಿಕ್ಷಣ,Higher education,ಐ.ಐ.ಟಿ.ಯಲ್ಲಿ ಕನ್ನಡಿಗರಿಗೆ ಮೀಸಲಾತಿ,Reservation for Kannadigas in IIT,ಜಯಮಾಲಾ ರಾಮಚಂದ್ರ,Jayamala Ramachandra
2525,10/02/2017,ಪ್ರಾಥಮಿಕ ಮತ್ತು ಪ್ರೌಢಶಿಕ್ಷಣ,Primary and secondary education,ಕಡ್ಡಾಯ ಶಿಕ್ಷಣ ಹಕ್ಕು ಕಾಯ್ದೆ,Compulsory Education Rights Act,ಜಯಮಾಲಾ ರಾಮಚಂದ್ರ,Jayamala Ramachandra
2526,10/02/2017,ಭೃಹತ್ ಕೈಗಾರಿಕೆ,Massive Industry,ಕಲಬುರಗಿ ಜಿಲ್ಲೆಯಲ್ಲಿ ಕರ್ನಾಟಕ ಕೈಗಾರಿಕಾ ಪ್ರದೇಶಾಭಿವೃದ್ಧಿ ಮಂಡಳಿ (ಕೆ.ಐ.ಎ.ಡಿ.ಬಿ) ವತಿಯಿಂದ ಅಭಿವೃದ್ಧಿ ಪಡಿಸಲಾದ ಕೈಗಾರಿಕಾ ಪ್ರದೇಶಗಳ ಬಗ್ಗೆ,About Industrial Areas Developed by the Karnataka Industrial Area Development Board (KIADB) in Kalaburagi District,ಇಕ್ಬಾಲ್ ಅಹ್ಮದ್ ಸರಡಗಿ,Ikbal Ahmad Sadaragi
2527,10/02/2017,ಗ್ರಾಮೀಣಾಭಿವೃದ್ಧಿ ಮತ್ತು ಪಂಚಾಯತ್ ರಾಜ್,Rural Development and Panchayat Raj,ಕಲಬುರಗಿ ಜಿಲ್ಲೆಯ ಕುಡಿಯುವ ನೀರಿನ ಸಮಸ್ಯೆ ಬಗ್ಗೆ,About the problem of drinking water in the artificial district,ಇಕ್ಬಾಲ್ ಅಹ್ಮದ್ ಸರಡಗಿ,Ikbal Ahmad Sadaragi
2528,10/02/2017,ಗಣಿ ಮತ್ತು ಭೂವಿಜ್ಞಾನ,Mine and geology,ಅಕ್ರಮ ಕಳಪೆ ಮರಳು ಗಣಿಗಾರಿಕೆ ಬಗ್ಗೆ,Illegal poor sand is about mining,ರವಿ .ಎಸ್,Ravi S
2529,10/02/2017,ಗಣಿ ಮತ್ತು ಭೂವಿಜ್ಞಾನ,Mine and geology,ರಾಜ್ಯದಲ್ಲಿ ಅದಿರು ತೆಗೆಯಲು ಪರವಾನಗೆ ನೀಡುವ ಬಗ್ಗೆ,About licensing of ore in the state,ರಾಮಪ್ಪ ತಿಮ್ಮಾಪೂರ,Ramappa Timmapura
2530,10/02/2017,ಗ್ರಾಮೀಣಾಭಿವೃದ್ಧಿ ಮತ್ತು ಪಂಚಾಯತ್ ರಾಜ್,Rural Development and Panchayat Raj,"ಸೊರಬ ತಾಲ್ಲೂಕಿನ ಬೆಟ್ಟ ಕೊರ್ಲಿ ಗುಡ್ಡೆಕೊಪ್ಪ ಗ್ರಾಮಗಳ ಮಧ್ಯೆ ಇರುವ ಗೌರಿಹಳ್ಳಕ್ಕೆ ಸೇತುವೆ ನಿರ್ಮಿಸಿದಲ್ಲಿ ೨೫ ಕಿ.ಮೀ. ಬದಲು ೨ ಕಿ.ಮೀ. ದೂರವಾಗುವುದರಿಂದ, ಸೇತುವೆ ನಿರ್ಮಿಸುವ ಕುರಿತು","The bridge was constructed at Gaurihalla between Betta Korli Guddekkoppa villages in Sorab taluk and 25 km. 2 km instead As far away, about building the bridge",ರಾಮಚಂದ್ರಗೌಡ,Ramachandra Gowda
2531,10/02/2017,ಪ್ರಾಥಮಿಕ ಮತ್ತು ಪ್ರೌಢ ಶಿಕ್ಷಣ,Primary and Secondary Education,ಸರ್ಕಾರಿ ಮತ್ತು ಅನುದಾನಿತ ಶಾಲೆಗಳಲ್ಲಿ ಪ್ರೌಢಶಾಲಾ ಶಿಕ್ಷಕರ ವೇತನ ತಾರತಮ್ಯವನ್ನು ಸರಿಪಡಿಸಲು ನೀಡಿರುವ ವಿಶೇ? ವೇತನ ಬಡ್ತಿಯನ್ನು ಕೆಲವು ವಿಭಾಗಗಳ ಶಿಕ್ಷಕರುಗಳಿಗೆ ಇದುವರೆಗೂ ನೀಡಿಲ್ಲದಿರುವ ಕುರಿತು,Is it a place to fix high school teacher pay discrimination in government and aided schools? Not paying wages for teachers of some categories yet,ರಾಮಚಂದ್ರಗೌಡ,Ramachandra Gowda
2532,10/02/2017,ಪ್ರಾಥಮಿಕ ಮತ್ತು ಪ್ರೌಢ ಶಿಕ್ಷಣ,Primary and Secondary Education,೬೩ನೇ ಪ್ಲಾನ್ ಅಡಿಯಲ್ಲಿ ಕಾರ್ಯ ನಿರ್ವಹಿಸುತ್ತಿರುವ ಅನುದಾನಿತ ಶಾಲೆಗಳ ಪ್ರಾಥಮಿಕ ಶಾಲಾ ಶಿಕ್ಷಕರುಗಳಿಗೆ ಜೂನ್ ೨೦೧೬ ರಿಂದ ಸಮರ್ಪಕವಾಗಿ ವೇತನ ಬಿಡುಗಡೆ ಆಗದಿರುವ ಬಗ್ಗೆ,Regarding not receiving adequate wages from June 2016 to primary school teachers of aided schools operating under the 63rd Plan,ರಾಮಚಂದ್ರಗೌಡ,Ramachandra Gowda
2533,10/02/2017,ಪ್ರಾಥಮಿಕ ಮತ್ತು ಪ್ರೌಢ ಶಿಕ್ಷಣ,Primary and Secondary Education,ಪ್ರಾಥಮಿಕ ಮತ್ತು ಪ್ರೌಢ ಶಿಕ್ಷಣ ಹಾಗೂ ಅಲ್ಪಸಂಖ್ಯಾತರ ಕಲ್ಯಾಣ ಹಾಗೂ ವಕ್ಫ್ ಸಚಿವರು,Primary and Secondary Education and Minority Welfare and Wakf Minister,ರಾಮಚಂದ್ರಗೌಡ,Ramachandra Gowda
2534,10/02/2017,ಪ್ರಾಥಮಿಕ ಮತ್ತು ಪ್ರೌಢ ಶಿಕ್ಷಣ,Primary and Secondary Education,ಸರ್ಕಾರಿ ಶಾಲೆಗಳಿಗೆ ಶಿಕ್ಷಕರು ಮತ್ತು ವಿದ್ಯಾರ್ಥಿಗಳಲ್ಲಿ ೧:೩೦ ರ ಅನುಪಾತವನ್ನು ಪಾಲಿಸುತ್ತಿರುವಂತೆ ಅನುದಾನಿತ ಶಾಲೆಗಳಿಗೂ ೧:೩೦ರ ಅನುಪಾತವನ್ನು ಕಡ್ಡಾಯಗೊಳಿಸುವ ಕುರಿತು,Concerning the mandatory ratio of 1: 30 for aided schools in accordance with the ratio of 1:30 to teachers and students to government schools,ರಾಮಚಂದ್ರಗೌಡ,Ramachandra Gowda
2535,10/02/2017,ಗ್ರಾಮೀಣಾಭಿವೃದ್ಧಿ ಮತ್ತು ಪಂಚಾಯತ್ ರಾಜ್,Rural Development and Panchayat Raj,ಗ್ರಾಮೀಣಾಭಿವೃದ್ಧಿ ವಿಶ್ವವಿದ್ಯಾನಿಲಯ ಕಾರ್ಯಾರಂಭ ಕುರಿತು,About Rural Development University,ರಘು ಆಚಾರ್ .ಜಿ,Raghu Achar G
2536,10/02/2017,ಗ್ರಾಮೀಣಾಭಿವೃದ್ಧಿ ಮತ್ತು ಪಂಚಾಯತ್ ರಾಜ್,Rural Development and Panchayat Raj,"ಚಿತ್ರದುರ್ಗ, ದಾವಣಗೆರೆ ಜಿಲ್ಲೆಗಳಲ್ಲಿ ಖ.ಔ ಪ್ಲಾಂಟ್‌ಗಳ ಬಗ್ಗೆ","About Khawas in Chitradurga, Davanagere Districts",ರಘು ಆಚಾರ್ .ಜಿ,Raghu Achar G
2537,10/02/2017,ಗ್ರಾಮೀಣಾಭಿವೃದ್ಧಿ ಮತ್ತು ಪಂಚಾಯತ್ ರಾಜ್,Rural Development and Panchayat Raj,ಚಿತ್ರದುರ್ಗ ಜಿಲ್ಲೆಯ ಗ್ರಾಮ ಪಂಚಾಯ್ತಿಗಳ ಗೌರವಧನದ ಬಗ್ಗೆ,About the gram panchayats of Chitradurga district,ರಘು ಆಚಾರ್ .ಜಿ,Raghu Achar G
2538,10/02/2017,ಗ್ರಾಮೀಣಾಭಿವೃದ್ಧಿ ಮತ್ತು ಪಂಚಾಯತ್ ರಾಜ್,Rural Development and Panchayat Raj,ಚಿತ್ರದುರ್ಗ ತಾಲ್ಲೂಕಿನ ಗ್ರಾಮಪಂಚಾಯತಿಗಳಿಗೆ ಬಿಡುಗಡೆ ಮಾಡುವ ಅನುದಾನ ಕುರಿತು,About Grants to Gram Panchayats in Chitradurga Taluk,ರಘು ಆಚಾರ್ .ಜಿ,Raghu Achar G
2539,10/02/2017,ಗ್ರಾಮಿಣಾಭಿವೃದ್ಧಿ ಮತ್ತು ಪಂಚಾಯತ್ ರಾಜ್,Gram Panchayat and Panchayat Raj,ಸಂತ ಕಟ್ಟಡಗಳಿಲ್ಲದ Uಮ ಪಂಚಾಯ್ತಿಗಳ ಬಗ್ಗೆ,About U U Panchayats Without San Buildings,ರಘು ಆಚಾರ್ .ಜಿ,Raghu Achar G
2540,10/02/2017,ಭೃಹತ್ ಕೈಗಾರಿಕೆ,Massive Industry,ಹೈದ್ರಾಬಾದ್ ಕರ್ನಾಟಕ ಭಾಗದಲ್ಲಿ ಕೈಗಾರಿಕೆಗಳ ಸ್ಥಾಪನೆ ಬಗ್ಗೆ,About establishing industries in the part of Hyderabad Karnataka,ರಘುನಾಥ ರಾವ್ ಮಲ್ಕಾಪೂರೆ,Raghunath Rao Malkapore
2541,10/02/2017,ಸಾರಿಗೆ,Transport,ಚಾಲಕ/ನಿರ್ವಾಹಕರಿಗೆ ತೊಂದರೆಯಾಗುತ್ತಿರುವ ಬಗ್ಗೆ,About Driver / Administrator Problems,ರಘುನಾಥ ರಾವ್ ಮಲ್ಕಾಪೂರೆ,Raghunath Rao Malkapore
2542,10/02/2017,ಪ್ರಾಥಮಿಕ ಮತ್ತು ಪ್ರೌಢ ಶಿಕ್ಷಣ,Primary and Secondary Education,ಪ್ರಾಥಮಿಕ ಮತ್ತು ಪ್ರೌಢ ಶಾಲೆಗಳನ್ನು ಅನುದಾನಕ್ಕೆ ಒಳಪಡಿಸುವ ಬಗ್ಗೆ,About granting primary and secondary schools,ರಘುನಾಥ ರಾವ್ ಮಲ್ಕಾಪೂರೆ,Raghunath Rao Malkapore
2543,10/02/2017,ಗ್ರಾಮಿಣಾಭಿವೃದ್ಧಿ ಮತ್ತು ಪಂಚಾಯತ್ ರಾಜ್,Gram Panchayat and Panchayat Raj,ಲೆಕ್ಕ ಪರಿಶೋಧನೆಗಾಗಿ ವೆಚ್ಚ ಮಾಡಿರುವ ಹಣದ ಬಗ್ಗೆ,About money spent on auditing,ರಘುನಾಥ ರಾವ್ ಮಲ್ಕಾಪೂರೆ,Raghunath Rao Malkapore
2544,10/02/2017,ಶಿಕ್ಷಣ,Education,ಗಡಿ ಪ್ರದೇಶದ ತಾಲ್ಲೂಕುಗಳು ಮತ್ತು ಶಾಲಾ-ಕಾಲೇಜುಗಳು,Border Talks and School-Colleges,ಉಗ್ರಪ್ಪ .ವಿ.ಎಸ್,Ugrappa VS
2545,10/02/2017,ಮೂಲಸೌಲಭ್ಯ ಅಭಿವೃದ್ಧಿ,Infrastructure Development,ಕುಡಚಿ-ಬಾಗಲಕೋಟೆ ರೈಲು ಮಾರ್ಗ,Kudachi-Bagalkot train line,ಉಗ್ರಪ್ಪ .ವಿ.ಎಸ್,Ugrappa VS
2546,10/02/2017,ಪ್ರಾಥಮಿಕ ಮತ್ತು ಪ್ರೌqs ಶಿಕ್ಷಣ,Primary and Pre-Qs Education,ಮಾತೃ ಭಾ?ಯಲ್ಲಿ ಪ್ರಾಥಮಿಕ ಶಿಕ್ಷಣ,Primary Education in Motherhood?,ಉಗ್ರಪ್ಪ .ವಿ.ಎಸ್,Ugrappa VS
2547,10/02/2017,ಸಾರಿಗೆ,Transport,ರಾಜ್ಯ ರಸ್ತೆ ಸಾರಿಗೆ ನಿಗಮ ಮತ್ತು ಡಿಪೋಗಳು,State Road Transport Corporation and Deposits,ಉಗ್ರಪ್ಪ .ವಿ.ಎಸ್,Ugrappa VS
2548,10/02/2017,ಪ್ರಾಥಮಿಕ ಮತ್ತು ಪ್ರೌಢ ಶಿಕ್ಷಣ,Primary and Secondary Education,ಶಾಲಾ ಕಾಲೇಜುಗಳ ಮತ್ತು ಫಲಿತಾಂಶದ ಮಾಹಿತಿ ನೀಡುವ ಬಗ್ಗೆ,About school colleges and results,ರಿಜ್ವಾನ್ ಅರ್ಷದ್,Rizwan Harshad
2549,10/02/2017,ಬೃಹತ್ ಕೈಗಾರಿಕೆ,Huge industry,ಕಳೆದ ಮೂರು ವರ್ಷಗಳಲ್ಲಿ ಕೈಗಾರಿಕ ಪ್ರದೇಶ ಹಂಚಿಕೆ ಮತ್ತು ಅಭೀವೃದ್ಧಿ ಬಗ್ಗೆ,About the area of ​​industrial area distribution and development in the last three years,ರಿಜ್ವಾನ್ ಅರ್ಷದ್,Rizwan Harshad
2550,10/02/2017,ಪ್ರಾಥಮಿಕ ಮತ್ತು ಪ್ರೌಢ ಶಿಕ್ಷಣ,Primary and Secondary Education,ಜೆ.ಓ.ಸಿ ಉಪನ್ಯಾಸಕರನ್ನು ಸರ್ಕಾರಿ ಮತ್ತು ಅನುದಾನಿತ ಸೇವೆಯಲ್ಲಿ ವಿಲೀನಗೊಳಿಸುವ ಬಗ್ಗೆ,About merging JOC lecturers into government and subsidized services,ಕ್ಯಾಪ್ಟನ್ ಗಣೇಶ್ ಕಾರ್ಣಿಕ್,Capt. Ganesh Karnik
2551,10/02/2017,ಪ್ರಾಥಮಿಕ ಮತ್ತು ಪ್ರೌಢ ಶಿಕ್ಷಣ,Primary and Secondary Education,ರಾಜ್ಯದಲ್ಲಿ ೧೯೮೭-೧೯೯೫ರ ನಂತರ ಪ್ರಾರಂಭವಾದ ಪ್ರಾಥಮಿಕ ಮತ್ತು ಪ್ರೌಢ (ಕನ್ನಡ ಮಾಧ್ಯಮ) ಪದವಿ ಪೂರ್ವ ಶಿಕ್ಷಣ ಸಂಸ್ಥೆಗಳನ್ನು ಅನುದಾನಕ್ಕೆ ಒಳಪಡುವ ಬಗ್ಗೆ,About Primary and Secondary (Kannada medium) graduate education institutions launched in the state since 1987-1995,ಕ್ಯಾಪ್ಟನ್ ಗಣೇಶ್ ಕಾರ್ಣಿಕ್,Capt. Ganesh Karnik
2552,10/02/2017,ಪ್ರಾಥಮಿಕ ಮತ್ತು ಪ್ರೌಢ ಶಿಕ್ಷಣ,Primary and Secondary Education,ರಾಜ್ಯದಲ್ಲಿ ಸರ್ಕಾರಿ ಮತ್ತು ಅನುದಾನಿತ ಪ್ರಾಥಮಿಕ/ಪ್ರೌಢ/ಪದವಿ ಪೂರ್ವ ಶಿಕ್ಷಣ ಸಂಸ್ಥೆಗಳಲ್ಲಿ ಸಂಸ್ಕೃತ ಶಿಕ್ಷಕರು/ಉಪನ್ಯಾಸಕರುಗಳ ಹುದ್ದೆಗಳ ಕುರಿತು,About the posts of Sanskrit teachers / lecturers in government and aided primary / secondary / graduate institutions in the state,ಕ್ಯಾಪ್ಟನ್ ಗಣೇಶ್ ಕಾರ್ಣಿಕ್,Capt. Ganesh Karnik
2553,10/02/2017,ಪ್ರಾಥಮಿಕ ಮತ್ತು ಪ್ರೌಢ ಶಿಕ್ಷಣ,Primary and Secondary Education,ರಾಜ್ಯದ ಖಾಸಗಿ ಅನುದಾನಿತ (ಪ್ರಾಥಮಿಕ/ಪ್ರೌಢ/ಪದವಿಪೂರ್ವ) ಶಿಕ್ಷಣ ಸಂಸ್ಥೆಗಳಲ್ಲಿ ಗ್ರೂಫ್-ಸಿ ಮತ್ತು ಗ್ರೂಫ್-ಡಿ ಹುದ್ದೆಗಳಲ್ಲಿ ಕೆಲಸ ನಿರ್ವಹಿಸುತ್ತಿರುವ ಸಿಬ್ಬಂದಿಗಳ ಅನುದಾನಕ್ಕೆ ಒಳಪಡಿಸುವಲ್ಲಿ ವಿಳಂಬವಾಗುತ್ತಿರುವ ಬಗ್ಗೆ,Regarding the delay in submitting staff to the staff of Groff-C and Groff-D in private subsidiary (primary / mature / undergraduate) education institutions in the state,ಕ್ಯಾಪ್ಟನ್ ಗಣೇಶ್ ಕಾರ್ಣಿಕ್,Capt. Ganesh Karnik
2554,10/02/2017,ಪ್ರಾಥಮಿಕ ಮತ್ತು ಪ್ರೌಢ ಶಿಕ್ಷಣ,Primary and Secondary Education,ಹೊಸ ಪಠ್ಯ ಪುಸ್ತಕಗಳನ್ನು ರಚಿಸಲು ಹಾಗೂ ಬಿಡುಗಡೆ ಮಾಡಲು ತೆಗೆದುಕೊಂಡ ಕ್ರಮದ ಬಗ್ಗೆ,About the action taken to create and release new textbooks,ಕ್ಯಾಪ್ಟನ್ ಗಣೇಶ್ ಕಾರ್ಣಿಕ್,Capt. Ganesh Karnik
2555,10/02/2017,ಪ್ರಾಥಮಿಕ ಮತ್ತು ಪ್ರೌಢ ಶಿಕ್ಷಣ,Primary and Secondary Education,ಸರ್ಕಾರದ ಕ್ಷೀರಭಾಗ್ಯ ಯೋಜನೆಯಡಿ ನೀಡುವ ಹಾಲಿನ ಪುಡಿ ಕಾಳಸಂತೆಯ ಪಾಲಾಗುತ್ತಿರುವ ಬಗ್ಗೆ,About the milk powder cauliflower provided by the Government Milk Scheme,ಕವಟಗಿಮಠ ಮಹಂತೇಶ ಮಲ್ಲಿಕಾರ್ಜುನ,Kavatimata Mahantesha Mallikarjuna
2556,10/02/2017,ಗ್ರಾಮೀಣಾಭಿವೃದ್ಧಿ ಮತ್ತು ಪಂಚಾಯತ್ ರಾಜ್,Rural Development and Panchayat Raj,ಬೆಳಗಾವಿ ಜಿಲ್ಲೆಗೆ ನರೇಗಾ ಯೋಜನೆಗೆ ಅನುದಾನ ಬಿಡುಗಡೆಯಾಗದೆ ಕಾಮಗಾರಿಗಳು ಸ್ಥಗಿತಗೊಂಡಿರುವ ಬಗ್ಗೆ,Belgaum district has been suspended for the Naregaon project and has been shut down,ಕವಟಗಿಮಠ ಮಹಂತೇಶ ಮಲ್ಲಿಕಾರ್ಜುನ,Kavatimata Mahantesha Mallikarjuna
2557,10/02/2017,ಪ್ರಾಥಮಿಕ ಮತ್ತು ಪ್ರೌಢ ಶಿಕ್ಷಣ,Primary and Secondary Education,"ಪೂರ್ವ ತಯಾರಿ ಇಲ್ಲದೆ ಪ್ರಾಥಮಿಕ ಮತ್ತು ಪ್ರೌಢ ಶಾಲಾ ಪಠ್ಯ ಪರಿ?ರಣೆ ಮಾಡುತ್ತಿರುವುದರಿಂದ ಪೋ?ಕರು, ವಿದ್ಯಾರ್ಥಿಗಳು ಆತಂಕಗೊಂಡಿರುವುದರ ಬಗ್ಗೆ","Pre-primary and secondary school text without pre-preparation? Poe, calf, students worry about",ಕವಟಗಿಮಠ ಮಹಂತೇಶ ಮಲ್ಲಿಕಾರ್ಜುನ,Kavatimata Mahantesha Mallikarjuna
2558,10/02/2017,ಗ್ರಾಮಿಣಾಭಿವೃದ್ಧಿ ಮತ್ತು ಪಂಚಾಯತ್ ರಾಜ್,Gram Panchayat and Panchayat Raj,ಸರ್ಕಾರವು ಕೈಬರಹ ಖಾತಾ ಮತ್ತು ೧೧ಬಿ ಖಾತಾ ಆಸ್ತಿಗಳು ಅಸಿಂಧು ಎಂಬ ಸರ್ಕಾರದ ಆದೇಶದಿಂದ ಸಾರ್ವಜನಿಕರಿಗೆ,The Government has handed over the Handwriting Guarantee and 11b Khata assets to the public by order of the government,ಕವಟಗಿಮಠ ಮಹಂತೇಶ ಮಲ್ಲಿಕಾರ್ಜುನ,Kavatimata Mahantesha Mallikarjuna
2559,10/02/2017,ಗ್ರಾಮೀಣಾಭಿವೃದ್ಧಿ ಮತ್ತು ಪಂಚಾಯತ್ ರಾಜ್,Rural Development and Panchayat Raj,೨೦೧೬-೧೭ನೇ ಸಾಲಿನಲ್ಲಿ ಸ್ಥಾಪನೆಯಾಗಿರುವ ಶುದ್ಧ ಕುಡಿಯುವ ನೀರಿನ ಘಟಕಗಳ ಬಗ್ಗೆ,About pure drinking water plants established in 2016-17,ಕಾಂತರಾಜು,Kantaraju
2560,10/02/2017,ಸಾರಿಗೆ,Transport,೨೦೧೬-೧೭ನೇ ಸಾಲಿನಲ್ಲಿ ಹೊಸ ಬಸ್ಸುಗಳನ್ನು ಖರೀದಿ ಮಾಡಿರುವ ಬಗ್ಗೆ,About buying new buses in 2016-17,ಕಾಂತರಾಜು,Kantaraju
2561,10/02/2017,ವಸತಿ,Housing,ವಸತಿ ಯೋಜನೆಯನ್ನು ತುಮಕೂರು ನಗರದಲ್ಲಿ ನಿರ್ಮಿಸುವ ಬಗ್ಗೆ,About building a residential project in Tumkur,ಕಾಂತರಾಜು,Kantaraju
2562,10/02/2017,ಕೈಗಾರಿಕೆ,Industry,ರಾಜ್ಯಕ್ಕೆ ಹೊಸದಾಗಿ ಬಂದಿರುವ ಕೈಗಾರಿಕೆಗಳ ಬಗ್ಗೆ,About the industries that are new to the state,ಕಾಂತರಾಜು,Kantaraju
2563,10/02/2017,ವಸತಿ,Housing,ವಸತಿ ಯೋಜನೆ ಅನು?ನದಲ್ಲಿನ ಗೊಂದಲ ಮತ್ತು ಗ್ರಾಮ ಪಂಚಾಯತ್ ಅಧಿಕಾರ ಮೊಟಕುಗೊಳಿಸುತ್ತಿರುವ ಕುರಿತು,Concerns about reducing confusion and gram panchayat power in the housing scheme Anu,ಕೋಟ ಶ್ರೀನಿವಾಸ ಪೂಜಾರಿ,Kota Srinivasa Pujari
2564,10/02/2017,ಗ್ರಾಮೀಣಾಭಿವೃದ್ಧಿ ಮತ್ತು ಪಂಚಾಯತ್ ರಾe,Rural Development and Panchayat RA e,ರಮೇಶ್ ಕುಮಾರ್ ಸಮಿತಿ ಶಿಫಾರಸ್ಸಿನ ಸಮರ್ಪಕ ಅನು?ನದ ಕುರಿತು,About Ramesh Kumar Committee Recommendation of Anu?,ಕೋಟ ಶ್ರೀನಿವಾಸ ಪೂಜಾರಿ,Kota Srinivasa Pujari
2565,10/02/2017,ಗ್ರಾಮೀಣಾಭಿವೃದ್ಧಿ ಮತ್ತು ಪಂಚಾಯತ್ ರಾಜ್,Rural Development and Panchayat Raj,ಕೇಂದ್ರ ಅನುದಾನ ದುರುಪಯೋಗದ ೧೪ನೇ ಹಣಕಾಸು ಆಯೋಗದ ಅನುದಾನ ಕಡಿತಗೊಳಿಸುತ್ತಿರುವ ಕುರಿತು,Regarding the reduction of grant of 14th Finance Commission of Central Fund Abuse,ಕೋಟ ಶ್ರೀನಿವಾಸ ಪೂಜಾರಿ,Kota Srinivasa Pujari
2566,10/02/2017,ಪ್ರಾಥಮಿಕ ಮತ್ತು ಪ್ರೌಢಶಿಕ್ಷಣ,Primary and secondary education,ಸರ್ಕಾರಿ ಶಾಲೆಗಳಲ್ಲಿ ಮೂಲ ಸೌಕರ್ಯ ಹಾಗೂ ಗುಣಮಟ್ಟದ ಶಿಕ್ಷಣ ನೀಡುವ ಕುರಿತು,Providing basic infrastructure and quality education in government schools,ಕೋಟ ಶ್ರೀನಿವಾಸ ಪೂಜಾರಿ,Kota Srinivasa Pujari
2567,10/02/2017,ವಸತಿ,Housing,ಹುಬಳ್ಫಿ ನಗರದ ವಾರ್ಡ್ ನಂ. ೫೩ರ ಪ್ರದೇಶವನ್ನು ಕೊಳಚೆ ಪ್ರದೇಶವೆಂದು ಘೋಷಿಸುವ ಬಗ್ಗೆ,Ward No. of Hubli City. Declaration of the area of ​​the territory of 53,ಕೋಟ ಶ್ರೀನಿವಾಸ ಪೂಜಾರಿ,Kota Srinivasa Pujari
2568,10/02/2017,ಪ್ರಾಥಮಿಕ ಮತ್ತು ಪ್ರೌಢಶಿಕ್ಷಣ,Primary and secondary education,ವಿದ್ಯಾರ್ಥಿಗಳಿಗೆ ವೃತ್ತಿ ಕೌಶಲ್ಯದ ಕಲಿಕೆ ಕುರಿತು,Learning about learning skills for students,ಕೊಂಡಯ್ಯ .ಕೆ.ಸಿ,Kondaiah KC
2569,10/02/2017,ಪ್ರಾಥಮಿಕ ಮತ್ತು ಪ್ರೌಢಶಿಕ್ಷಣ,Primary and secondary education,ಬೃಹತ್ ಬೆಂಗಳೂರು ಮಹಾನಗರ ಪಾಲಿಕೆಯ ಶಾಲಾ ಕಾಲೇಜುಗಳ ಬಗ್ಗೆ,About Schools of Massive Bangalore Metropolitan Corporation,ಕೊಂಡಯ್ಯ .ಕೆ.ಸಿ,Kondaiah KC
2570,10/02/2017,ಉನ್ನತ ಶಿಕ್ಷಣ,Higher education,ಬೆಂಗಳೂರು ವಿಶ್ವವಿದ್ಯಾಲಯದಿಂದ ನೀಡುವ ಚಿನ್ನದ ಪದಕಗಳ ಬಗ್ಗೆ,About Gold Medals From Bangalore University,ಕೊಂಡಯ್ಯ .ಕೆ.ಸಿ,Kondaiah KC
2571,10/02/2017,ಉನ್ನತ ಶಿಕ್ಷಣ,Higher education,ಅನುದಾನಿತ ಪದವಿ ಕಾಲೇಜುಗಳಲ್ಲಿ ಖಾಲಿ ಹುದ್ದೆಗಳ ಭರ್ತಿ ಕುರಿತು,About filling up vacancies in aided graduate colleges,ತಾರಾಅನೂರಾಧ,Tara Anuradha
2572,10/02/2017,ಶಿಕ್ಷಣ,Education,ಪದವಿ ಪೂರ್ವ ವಿಜ್ಞಾನ ವಿಭಾಗವನ್ನು ಕನ್ನಡ ಮಾಧ್ಯಮದಲ್ಲಿ ಜಾರಿಗೆ ತರುವ ಬಗ್ಗೆ,Implementation of the Department of Psychology in Kannada medium,ತಾರಾಅನೂರಾಧ,Tara Anuradha
2573,10/02/2017,ಉನ್ನತ ಶಿಕ್ಷಣ,Higher education,ಪದವಿ ಕಾಲೇಜುಗಳಲ್ಲಿ ಬೋಧಕ ಹುದ್ದೆಗಳ ಭರ್ತಿಗೆ ಅಧಿಸೂಚನೆ ಕುರಿತು,Notification for filling up of faculty posts in graduate colleges,ತಾರಾಅನೂರಾಧ,Tara Anuradha
2574,10/02/2017,ಪ್ರಾಥಮಿಕ ಮತ್ತು ಪ್ರೌಡ ಶಿಕ್ಷಣ,Primary and secondary education,ಹೆಚ್ಚುವರಿ ಶಿಕ್ಷಕರನ್ನು ಗುರುತಿಸುವ ಮಾನದಂಡಗಳ ಬಗ್ಗೆ,About the criteria for identifying additional teachers,ಚೌಡರೆಡ್ಡಿ ತೂಪಲ್ಲಿ .ಆರ್,Chowdareddy Tupalli R
2575,10/02/2017,ಗ್ರಾಮೀಣಾಭಿವೃದ್ಧಿ ಮತ್ತು ಪಂಚಾಯತ್ ರಾಜ್,Rural Development and Panchayat Raj,ಶುದ್ಧ ಕುಡಿಯುವ ನೀರಿನ ಘಟಕ,Pure drinking water unit,ಧರ್ಮಸೇನ .ಆರ್,Dharmasena R
2576,10/02/2017,ವಸತಿ,Housing,ವಸತಿ ಸೌಲಭ್ಯಗಳು,Real Estate Facilities,ಧರ್ಮಸೇನ .ಆರ್,Dharmasena R
2577,10/02/2017,ಪ್ರಾಥಮಿಕ ಮತ್ತು ಪ್ರೌಡ ಶಿಕ್ಷಣ,Primary and secondary education,ಶಿಕ್ಷಕರ ವೇತನಕ್ಕೆ ಸಂಬಂಧಿಸಿದ ಆದೇಶ ಹಿಂಪಡೆಯದಂತೆ ಸರ್ಕಾರ ಕ್ರಮ ಕೈಗೊಳ್ಳುವ ಬಗ್ಗೆ,Regarding the government's action not to withdraw the teacher salary order,ಧರ್ಮಸೇನ .ಆರ್,Dharmasena R
2578,16/03/2017,ನಗರಾಭಿವೃಧ್ಧಿ,Urban Development,"ರಾಯಚೂರು,ಮಾನ್ವಿ ಪಟ್ಟಣಕ್ಕೆ ಕುಡಿಯುವ ನೀರಿನ ಯೋಜನೆ","Drinking water project at Raichur town, Manvi",ಬೋಸ್‌ರಾಜು .ಎನ್.ಎಸ್,Bosaraju N S
2579,16/03/2017,ಸಹಕಾರ,Cooperation,ರಾಯಚೂರು ಜಿಲ್ಲೆಯಲ್ಲಿರುವ ವಿವಿಧ ಸಹಕಾರ ಸಂಘಗಳ ಬಗ್ಗೆ,About various cooperative societies in Raichur district,ಬೋಸ್‌ರಾಜು .ಎನ್.ಎಸ್,Bosaraju N S
2580,16/03/2017,ವರ್ತಾ ಮತ್ತು ಪ್ರಚಾರ,Virtue and promotion,ಜಿಲ್ಲಾ ಮತ್ತು ತಾಲ್ಲೂಕು ಮಟ್ಟದ ಪತ್ರಿಕಾ ವರದಿಗಾರರ ಬಗ್ಗೆ,About District and Taluk level press reporters,ಬೋಸ್‌ರಾಜು .ಎನ್.ಎಸ್,Bosaraju N S
2581,16/03/2017,ಗೃಹ,Home,೩೭೧ (ಜೆ) ಕಲಂ ಪ್ರಕಾರ ಪೊಲೀಸ್ ಕಾನ್ಸ್‌ಸ್ಟೇಬಲ್‌ಗಳಿಗೆ ಬಡ್ತಿ ನೀಡುವ ಬಗ್ಗೆ,"According to Section 371 (j) of the Constitution, promoting police constables",ಬೋಸ್‌ರಾಜು .ಎನ್.ಎಸ್,Bosaraju N S
2582,16/03/2017,ಗೃಹ,Home,ಜನ ಸ್ನೇಹಿ ಪೊಲೀಸ್ ಠಾಣೆಗಳ ಬಗ್ಗೆ,About people friendly police stations,ಭಾನುಪ್ರಕಾಶ,Bhanu Prakasha
2583,16/03/2017,ಗೃಹ,Home,ರಾಜ್ಯದಲ್ಲಿ ಅಧಿಕಾರಿ/ ಸರ್ಕಾರಿ ನೌಕರರುಗಳಲಿ ಹೆಚ್ಚಾದ ಅದಕ್ಷತೆ ಭ್ರಷ್ಟಾಚಾರದ ಬಗ್ಗೆ,Increasing incompetence of corruption in the state / government employees in the state,ಸುನೀಲ್ ಸುಬ್ರಮಣಿ .ಎಂ.ಪಿ,Sunil Subramani M P
2584,16/03/2017,ಆರ್ಥಿಕ,Economy,ಗುತ್ತಿಗೆ ನೌಕರರಿಗೂ ಸಮಾನ ಕೆಲಸಕ್ಕೆ ಸಮಾನ ವೇತನ ನೀಡುವ ಬಗ್ಗೆ,Equal pay for equal work for contract workers,ಸುನೀಲ್ ಸುಬ್ರಮಣಿ .ಎಂ.ಪಿ,Sunil Subramani M P
2585,16/03/2017,ಸಿಬ್ಬಂದಿ ಮತ್ತು ಆಡಳಿತ ಸುಧಾರಣೆ,Staff and administrative reform,ವಿವಿಧ ಇಲಾಖೆಗಳಲ್ಲಿ ಖಾಲಿ ಇರುವ ಹುದ್ದೆಗಳ ಕುರಿತು,About vacant posts in various departments,ಸಂಕನೂರ .ಎಸ್.ವ್ಹಿ,Sankanura S V
2586,16/03/2017,ಗೃಹ,Home,ಗದಗ ಜಿಲ್ಲೆ ವ್ಯಾಪ್ತಿಯಲ್ಲಿ ಬರುವ ವಿವಿಧ ದಾಖಲಾದ ಪ್ರಕರಣಗಳ ಕುರಿತು,Regarding various recorded cases ranging from Gadag District,ಸಂಕನೂರ .ಎಸ್.ವ್ಹಿ,Sankanura S V
2587,16/03/2017,ನಗರಾಭಿವೃದ್ಧಿ,Urban development,ಗದಗ-ಬೆಟಗೇರಿ ಅವಳಿ ನಗರದ ಒಳಚರಂಡಿ ಕಾಮಗಾರಿ ಕುರಿತು,About the sewage work of Gadag-Batoriari twin city,ಸಂಕನೂರ .ಎಸ್.ವ್ಹಿ,Sankanura S V
2588,16/03/2017,ಗೃಹ,Home,ಮಾದಕ ವಸ್ತುಗಳ ಮಾರಾಟ ಮತ್ತು ಪ್ರಕರಣಗಳ ಕುರಿತು,About sale of drugs and cases,ಸೋಮಣ್ಣ .ವಿ,Somanna V
2589,16/03/2017,ನಗರಾಭಿವೃದ್ಧಿ,Urban development,ಚಮರಾಜನಗರ ನಗರಾಭಿವೃದ್ಧಿ ಪ್ರಾಧಿಕಾರ ಬಗ್ಗೆ,About Chamarajanagar Urban Development Authority,ನಾಗರಾಜ್ .ಎಸ್,Nagaraja S
2590,16/03/2017,ನಗರಾಭಿವೃದ್ಧಿ,Urban development,ಮೈಸೂರಿನ ಬನ್ನಿ ಮಂಟೆಪ ಕವಾಯಿತು ಮೈದಾನದ ಆಧುನೀಕರಣ,The modernization of the Bunny Montepa Galle ground in Mysore,ನಾಗರಾಜ್ .ಎಸ್,Nagaraja S
2591,16/03/2017,ನಗರಾಭಿವೃದ್ಧಿ,Urban development,ಚಾಮರಾಜನಗರ ಒಳಚರಂಡಿ ಕಾಮಗಾರಿ,Chamarajanagar drainage work,ನಾಗರಾಜ್ .ಎಸ್,Nagaraja S
2592,16/03/2017,ನಗರಾಭಿವೃದ್ಧಿ,Urban development,ಕುಡಿಯುವ ನೀರಿನ ಯೋಜನೆಗಳ ಕುರಿತು,About drinking water projects,ಪ್ರದೀಪ್ ಶೆಟ್ಟರ್,Pradeep Shettar
2593,16/03/2017,ವಾರ್ತಾ ಮತ್ತು ಪ್ರಚಾರ,News and promotion,ರಾಜ್ಯದ ಚಿತ್ರಮಂದಿರಗಳ ಕುರಿತು,About State Theaters,ಪ್ರದೀಪ್ ಶೆಟ್ಟರ್,Pradeep Shettar
2594,16/03/2017,ಆರ್ಥಿಕ,Economy,ಕೇಂದ್ರ ಸರ್ಕಾರದ ಅನುದಾನ ಕುರಿತು,About Central Government Grants,ಪ್ರದೀಪ್ ಶೆಟ್ಟರ್,Pradeep Shettar
2595,16/03/2017,ವಾರ್ತಾ ಮತ್ತು ಪ್ರಚಾರ,News and promotion,ಅಬಕಾರಿ ಇಲಾಖಾ ವತಿಯಿಂದ ಗ್ರಾಮ ಸಭೆಗಳನ್ನು ನಡೆಸುವ ಕುರಿತು,About conducting village meetings by the Excise Department,ಪ್ರದೀಪ್ ಶೆಟ್ಟರ್,Pradeep Shettar
2596,16/03/2017,ನಗರಭಿವೃಧ್ಧಿ,Urban Development,ಮಲ್ಟಿಪ್ಲೆಕ್ಸಗಳಲ್ಲಿ ಎಳನೀರು ಮಾರಾಟದ ಬಗ್ಗೆ,About sale of leafy water in multiplexes,ಪ್ರಾಣೇಶ್ .ಎಂ.ಕೆ,Pranesha M K
2597,16/03/2017,ಗೃ,Home,ಗಮ ಪಂಚಾಯತ್‌ನ ಆಡಳಿತ ವಿವಿಧ ಪ್ರಕರಣಗಳಲ್ಲಿ ದೂರು ನೀಡಿರುವ ಕುರಿತು,Gamma Panchayat Administration has complained of various cases,ಪ್ರತಾಪಚಂದ್ರ ಶೆಟ್ಟಿ .ಕೆ,Pratapachandra Shetty K
2598,16/03/2017,ನಗರಾಭಿವೃದ್ಧಿ,Urban development,ರಾಜ್ಯದಲ್ಲಿನ ನಗರ ಯೋಜನಾ ಪ್ರಾಧಿಕಾರಗಳ ಅಧಿಕಾರ ಹಾಗೂ ಕರ್ತವ್ಯಗಳ ಕುರಿತು,About the Authority and Duties of Urban Planning Authorities in the State,ಪ್ರತಾಪಚಂದ್ರ ಶೆಟ್ಟಿ .ಕೆ,Pratapachandra Shetty K
2599,16/03/2017,ಸಿಬ್ಬಂದಿ ಮತ್ತು ಆಡಳಿತ ಸುಧಾರಣೆ,Staff and administrative reform,ರಾಜ್ಯದಲ್ಲಿ ಸೇವೆ ಸಲ್ಲಿಸುತ್ತಿರುವ ಗ್ರೂಪ್ ಎ ಮತ್ತು ಬಿ ಶ್ರೇಣಿಯ ಅಧಿಕಾರಿಗಳ ಬಗ್ಗೆ,About Group A and B rank officers serving in the state,ಪ್ರತಾಪಚಂದ್ರ ಶೆಟ್ಟಿ .ಕೆ,Pratapachandra Shetty K
2600,16/03/2017,ಸಹಕಾರ,Cooperation,ಸಹಕಾರಿ ಸಂಘದ ಮೇಲೆ ಹತೋಟಿಯ ಕುರಿತು,Regarding possession of the Cooperative Society,ಪ್ರತಾಪಚಂದ್ರ ಶೆಟ್ಟಿ .ಕೆ,Pratapachandra Shetty K
2601,16/03/2017,ಗೃಹ,Home,ರಾಜ್ಯದಲ್ಲಿ ಹೆಚ್ಚುತಿರುವ ಕೊಲೆ ಪ್ರಕರಣಗಳ ಬಗ್ಗೆ,About murder cases in the state,ಪುಟ್ಟಸ್ವಾಮಿ .ಬಿ.ಜೆ,Puttaswamy B J
2602,16/03/2017,ಸಹಕಾರ,Cooperation,ರೈತರಿಗೆ ವಿವಿಧ ಶ್ರೇಣಿಯ ಬಡ್ಡಿ ದರದಲ್ಲಿ ಕೃಷಿ ಸಾಲದ ಬಗ್ಗೆ,About farm loan at different interest rates for farmers,ಪುಟ್ಟಸ್ವಾಮಿ .ಬಿ.ಜೆ,Puttaswamy B J
2603,16/03/2017,ಆರ್ಥಿಕ,Economy,ಸರ್ಕಾರಕ್ಕೆ ವಿವಿಧ ಮೂಲಗಳಿಂದ ಬರುವ ಆದಾಯ ತೆರಿಗೆಯ ಬಗ್ಗೆ,The government is talking about income tax from various sources,ಪುಟ್ಟಸ್ವಾಮಿ .ಬಿ.ಜೆ,Puttaswamy B J
2604,16/03/2017,ಆರ್ಥಿಕ,Economy,ದುರ್ಬಲ ವರ್ಗದವರಿಗೆ ಪ್ರೋತ್ಸಾಹ ಧನ ನೀಡುವ ಬಗ್ಗೆ,About encouraging weaker sections,ಪುಟ್ಟಸ್ವಾಮಿ .ಬಿ.ಜೆ,Puttaswamy B J
2605,16/03/2017,ವಾರ್ತಾ ಮತ್ತು ಪ್ರಚಾರ,News and promotion,ಸರ್ಕಾರ ಅಧಿಕಾರಕ್ಕೆ ಬರಲು ಜನತೆಗೆ ನೀಡಿದ ಆಶ್ವಾಸನೆಗಳ ಬಗ್ಗೆ,The government's assurances to the people to come to power,ಪುಟ್ಟಸ್ವಾಮಿ .ಬಿ.ಜೆ,Puttaswamy B J
2606,16/03/2017,ಗೃಹ,Home,"ಡ್ರ್ಯಾಗ್ ರೇಸ್, ವೀಲಿಂಗ್ ಸ್ಟಂಟ್‌ಗಳ ಬಗ್ಗೆ","About drag race, wheeling stunts",ಶರವಣ .ಟಿ.ಎ,Sharavana T A
2607,16/03/2017,ಗೃಹ,Home,ರಾಜ್ಯ ಹಾಗೂ ರಾಷ್ಟ್ರೀಯ ಹೆದ್ದಾರಿಗಳ ಪಕ್ಕದಲ್ಲಿರುವ ಮದ್ಯದಂಗಡಿ ಬಗ್ಗೆ,About the Alcohol Stall beside State and National Highways,ಶರವಣ .ಟಿ.ಎ,Sharavana T A
2608,16/03/2017,ಸಹಕಾರ,Cooperation,ಸಹಕಾರ ಪತ್ತಿನ ಬ್ಯಾಂಕ್‌ಗಳಲ್ಲಿ ನಕಲಿ ಭೂ ದಾಖಲೆಯ ಬಗ್ಗೆ,About fake land records in co-operative banks,ಶರವಣ .ಟಿ.ಎ,Sharavana T A
2609,16/03/2017,ನಗರಯೋಜನ,Urban planning,ಬೃಹತ್ ಬೆಂಗಳೂರು ಮಹಾನಗರ ಪಾಲಿಕೆ ವ್ಯಾಪ್ತಿಯ ಮೊಬೈಲ್ ಟವರ್ ಬಗ್ಗೆ,About the mobile tower of the huge Bangalore metropolitan area,ಶರವಣ .ಟಿ.ಎ,Sharavana T A
2610,16/03/2017,ಗೃಹ,Home,ರಾಜ್ಯದ ಕಾರಾಗೃಹಗಳ ಬಗ್ಗೆ,About state prisons,ಶರವಣ .ಟಿ.ಎ,Sharavana T A
2611,16/03/2017,ನಗರಾಭಿವೃದ್ಧಿ,Urban development,ಬೆಳಗಾವಿ ಜಿಲ್ಲೆಯ ಪಟ್ಟಣಗಳಲ್ಲಿ ಶಿಥಿಲಗೊಂಡಿರುವ ಕುಡಿಯುವ ನೀರಿನ ಟ್ಯಾಂಕ್‌ಗಳ ಕುರಿತು,About towns in Belgaum district are damaged drinking water tanks,ವಿವೇಕ್ರಾವ್ ವಸಂತ್ರಾವ್ ಪಾಟೀಲ್,Vivek Rao Vasanth Rao Patil
2612,16/03/2017,ನಗರಭಿವೃಧ್ಧಿ,Urban Development,ಬೆಳಗಾವಿ ಜಿಲ್ಲೆಯ ರಾಯಭಾಗ ಪಟ್ಟಣಕ್ಕೆ ಕುಡಿಯುವ ನೀರಿನ ಯೋಜನೆ ಕುರಿತು,About Drinking Water Project in Raigad Town in Belgaum District,ವಿವೇಕರಾವ್ ವಸಂತರಾವ್ ಪಾಟೀಲ್,Vivek Rao Vasanth Rao Patil
2613,16/03/2017,ನಗರಾಭಿವೃದ್ಧಿ,Urban development,ಬೆಳಗಾವಿ ಜಿಲ್ಲೆಯ ಶುದ್ಧ ಕುಡಿಯುವ ನೀರಿನ ಶುದ್ಧ ಘಟಕಗಳ,Pure components of clean drinking water in Belgaum district,ವಿವೇಕ್‌ರಾವ್ ವಸಂತರಾವ್ ಪಾಟೀಲ್,Vivek Rao Vasanth Rao Patil
2614,16/03/2017,ಹಜ್,Haj,ಹಜ್ ಯಾತ್ರೆ ಫಲಾನುಭವಿಗಳ ಕುರಿತು,Haj pilgrimage about beneficiaries,ವೀಣಾ ಅಚ್ಚಯ್ಯ .ಎಸ್,Veena achchaiah S
2615,16/03/2017,ಗೃಹ,Home,ಪೊಲೀಸ್ ಇಲಾಖೆಯ ಆಧುನೀಕರಣ ಕುರಿತು,About the modernization of the police department,ವೀಣಾ ಅಚ್ಚಯ್ಯ .ಎಸ್,Veena achchaiah S
2616,16/03/2017,ಆರ್ಥಿಕ,Economy,ಕೊಡಗು ಜಿಲ್ಲೆಯಲ್ಲಿ ಕೌಶಲ್ಯಾಭಿವೃದ್ಧಿ ಉದ್ಯಮ ಶೀಲತೆ ಕಾರ್ಯಕ್ರಮಗಳ ಕುರಿತು,About the skill development industry in Kodagu district,ವೀಣಾ ಅಚ್ಚಯ್ಯ .ಎಸ್,Veena achchaiah S
2617,16/03/2017,ವಾರ್ತಾ ಮತ್ತು ಪ್ರಚಾರ,News and promotion,ರಾಜ್ಯದಲ್ಲಿ ವಾರ್ತಾ ಪ್ರಚಾರ ಇಲಾಖೆಯ ಪತ್ರಿಕೆಗಳ ಬಗ್ಗೆ,About Newspapers in the State Department of Publications,ವಿಜಯ ಸಂಗ್,Vijay Singh
2618,16/03/2017,ನಗರಾಭಿವೃಧ್ಧಿ,Urban Development,ಶಾಶ್ವತಹ ಕುಡಿಯುವ ನೀರಿನ ಕಾಮಗಾರಿಗಳ ಬಗ್ಗೆ,About permanent drinking water works,ವಿಜಯ ಸಿಂಗ್,Vijay Singh
2619,16/03/2017,ಗೃಹ,Home,ಹೊಸ ಮಹಿಳಾ ಪೊಲೀಸ್ ಠಾಣೆಗಳನ್ನು ಪ್ರಾರಂಭಿಸುವ ಬಗ್ಗೆ,About launching new women police stations,ವಿಜಯ ಸಿಂಗ್,Vijay Singh
2620,16/03/2017,ಸಿಬ್ಬಂಧಿ ಮತ್ತು ಆಡಳಿತ ಸುಧಾರಣೆ,Staff and administrative reform,"ಪ್ರಾಧಿಕಾರ, ಮಂಡಳಿ ಹಾಗೂ ನಿಗಮಗಳ ಕಾರ್ಯವೈಖರಿ","Administration of Authorities, Boards and Corporations",ಬಸವನಗೌಡ ಆರ್ ಪಾಟಿಲ್,Basanagowda R Patil
2621,16/03/2017,ನಗರಾಭಿವೃದ್ಧಿ,Urban development,ವಿಜಯಪುರ ನಗರದ ರಾಜಕಾಲುವೆ ಒತ್ತುವರಿ ಬಗ್ಗೆ,About the encroachment of the Rajkalai city of Vijayapur city,ಬಸವನಗೌಡ ಆರ್ ಪಾಟಿಲ್,Basanagowda R Patil
2622,16/03/2017,ಸಿಬ್ಬಂದಿ ಮತ್ತು ಆಡಳಿತ ಸುಧಾರಣೆ,Staff and administrative reform,ಮಹಾಲೇಖಪಾಲರ ವರದಿಯಲ್ಲಿ ಆಗಿರುವ ಆರ್ಥಿಕ ನಷ್ಟಕ್ಕೆ ಕಾರಣರಾದ ಅಧಿಕಾರಿಗಳ ವಿರುದ್ಧ ಕೈಗೊಂಡ ಕ್ರಮದ ಬಗ್ಗೆ,The action taken against the officials responsible for the financial loss in the Coalition Report,ಬಸವರಾಜ ಶಿವಲಿಂಗಪ್ಪ ಹೊರಟ್ಟಿ,Basavaraja Shivalingappa Horatti
2623,16/03/2017,ಆರ್ಥಿಕ,Economy,ಅಸಾಮಿ ಸಾಲ ಪದ್ಧತಿ,Anonymous loan system,ಬಸವರಾಜ ಶಿವಲಿಂಗಪ್ಪ ಹೊರಟ್ಟಿ,Basavaraja Shivalingappa Horatti
2624,16/03/2017,ನಗರಾಭಿವೃದ್ಧಿ,Urban development,ಹುಬ್ಬಳ್ಳಿಯ ಜಗದೀಶ ನಗರದ ಆಶ್ರಯ ಬಢಾವಣೆಗೆ ಮೂಲಭೂತ ಸೌಕರ್ಯಗಳನ್ನು ಒದಗಿಸುವ ಕುರಿತು,About Providing Basic Facilities to the Jawasishi City Refuge for Hubli,ಬಸವರಾಜ ಶಿವಲಿಂಗಪ್ಪ ಹೊರಟ್ಟಿ,Basavaraja Shivalingappa Horatti
2625,16/03/2017,ಗೃಹ,Home,ರಾಜ್ಯದಲ್ಲಿ ಭ್ರಷ್ಟಾಚಾರ ನಿಗ್ರಹದಳದ ಕಾರ್ಯಾಚರಣೆಗಳ ಫನಶ್ರುತಿಯ ಬಗ್ಗೆ,About the Functions of Corruption Operations in the State,ಬಸವರಾಜ ಶಿವಲಿಂಗಪ್ಪ ಹೊರಟ್ಟಿ,Basavaraja Shivalingappa Horatti
2626,16/03/2017,ಸಿಬ್ಬಂದಿ ಮತ್ತು ಆಡಳಿತ ಸುಧಾರಣೆ,Staff and administrative reform,ಸರ್ಕಾರಿ ನೌಕರರ ವೇತನ ಪರಿಷ್ಕರಣೆ ಕುರಿತು ರಚಿಸಲಾದ ವೇತನ ಆಯೋಗಗಳ ಕುರಿತು,About wage commissions created on wage revision of government employees,ಬಸವರಾಜ ಶಿವಲಿಂಗಪ್ಪ ಹೊರಟ್ಟಿ,Basavaraja Shivalingappa Horatti
2627,16/03/2017,ಸಿಬ್ಬಂದಿ ಮತ್ತು ಆಡಳಿತ ಸುಧಾರಣೆ,Staff and administrative reform,ಮನೋರಂಜನೆ ಕ್ಲಗಳಿಗೆ ಅನುಮತಿ ನೀಡಿರುವ ಬಗ್ಗೆ,About Entertainment Clubs Permission,ಲಕ್ಷೀನಾರಾಯಣ .ಎಂ.ಡಿ.,Lakshmi Narayana MD
2628,16/03/2017,ನಗರಾಭಿವೃದ್ಧಿ ಹಾಗೂ ಹಜ್,Urban development and Hajj,ಪೌರ ಕಾರ್ಮಿಕರ ಸುರಕ್ಷತೆ ಹಾಗೂ ರಕ್ಷಣೆ ಬಗ್ಗೆ,About the safety and protection of civic workers,ಲಕ್ಷ್ಮಿನಾರಾಯಣ. ಎಂ.ಡಿ,Lakshmi Narayana MD
2629,16/03/2017,ನಗರ ಯೋಜನ,City planning,ಬೆಂಗಳೂರು ಅಭಿವೃದ್ಧಿ ಪ್ರಾಧಿಕಾರದಿಂದ ಬದಲಿ ನವೇಶನ ಹಂಚಿಕೆ,Replacement Speech Distribution from Bangalore Development Authority,ಲಕ್ಷ್ಮಿನಾರಾಯಣ. ಎಂ.ಡಿ,Lakshmi Narayana MD
2630,16/03/2017,ಆರ್ಥಿಕ,Economy,ಯಶಸ್ಚಿನಿ ಆರೋಗ್ಯ ವಿಮಾ ಯೋಜನೆ ಬಗ್ಗೆ,About Successful Health Insurance Plan,ಲಕ್ಷ್ಮೀನಾರಾಯಣ .ಎಂ.ಡಿ,Lakshmi Narayana MD
2631,16/03/2017,ಸಹಕಾರ,Cooperation,ನಕಾರ ಸಹಕಾರ ಸಂಘಗಳ ಅಸ್ಥಿತ್ವದ ಕುರಿತು,About the existence of Nakara Cooperative Societies,ಲಕ್ಷ್ಮೀನಾರಾಯಣ .ಎಂ.ಡಿ,Lakshmi Narayana MD
2632,16/03/2017,ಸಿಬ್ಬಂದಿ ಮತ್ತು ಆಡಳಿತ ಸುಧಾರಣೆ,Staff and administrative reform,ರಾಜ್ಯ ಸರ್ಕಾರಿ ನೌಕರರ ಜ್ಯೋತಿ ಸಂಜೀವಿನಿ ಯೋಜನೆಯ ಬಗ್ಗೆ,About State Government Employees' Jyoti Sanjeevini Scheme,ಶ್ರೀಕಂಠೇಗೌಡ .ಕೆ.ಟಿ,Srikantegowda KT
2633,16/03/2017,ಮಹಿಳಾ ಮತ್ತು ಮಕ್ಕಳ ಅಭಿವೃದ್ಧಿ,Women and Child Development,ಪ್ರಿಯದರ್ಶಿನಿ ಯೋಜನೆಯಡಿ ಮಹಿಳೆಯರ ಬಗ್ಗೆ,Priyadarshini is about women under the scheme,ಮೋಟಮ್ಮ,Motamma
2634,16/03/2017,ಗೃಹ,Home,ಚಿಕ್ಕಮಗಳೂರು ಜಿಲ್ಲೆಯಲ್ಲಿ ಹೊಸ ಪೊಲೀಸ್ ಠಾಣೆಯ ಬಗ್ಗೆ,New Police Station in Chikkamagaluru District,ಮೋಟಮ್ಮ,Motamma
2635,16/03/2017,ಸಿಬ್ಬಂದಿ ಮತ್ತು ಆಡಳಿತ ಸುಧಾರಣೆ,Staff and administrative reform,ಹೈದ್ರಾಬಾದ್-ಕರ್ನಾಟಕ ಭಾಗದ ೬ ಜಿಲ್ಲೆಗಳಲ್ಲಿ ಕಾರ್ಯನಿರ್ವಹಿಸುತ್ತಿರುವ ಸರ್ಕಾರಿ/ಅರೆಸರ್ಕಾರಿ ಇಲಾಖೆಗಳ ಬಗ್ಗೆ,About government / semi-departmental departments working in six districts of Hyderabad-Karnataka,ಅಮರನಾಥ ಪಾಟೀಲ್,Amaranatha Patil
2636,16/03/2017,ಗೃಹ,Home,ಪಿಂಕ್ ಹೊಯ್ಸಳದ ಕುರಿತು,About Pink Hoysala,ಜಯಮಾಲ ರಾಮಚಂದ್ರ,Jayamala Ramachandra
2637,16/03/2017,ನಗರಾಭಿವೃದ್ಧಿ,Urban development,ಮುಧೋಳ ನಗರದಲ್ಲಿ ನೀರು ಸರಬರಾಜು ಯೋಜನೆ,Water Supply Project in Mudhol City,ರಾಮಪ್ಪ ತಿಮ್ಮಾಪೂರ,Ramappa Timmapura
2638,16/03/2017,ನಗರ ಯೋಜನಾ,City planning,ಬೃಹತ್ ಬೆಂಗಳೂರು ಮಹಾಗರ ಪಾಲಿಕೆ ವ್ಯಾಪ್ತಿಯಲ್ಲಿನ ಕೆರೆಗಳಲ್ಲಿ ತ್ಯಾಜ್ಯ ಮತ್ತು ರಾಸಾಯನಿಕ ವಸ್ತುಗಳು ಸೇರಿ ಮಲಿನಗೂಳೋಳುತ್ತಿರುವುದನ್ನು ತೆಡೆಗಟ್ಟುವ ಬಗ್ಗೆ,Concerned over the wastage of waste and chemical substances in lakes in the huge Bangalore Mahanagara Palike range,ರಾಮಚಂದ್ರಗೌಡ,Ramachandra Gowda
2639,16/03/2017,ನಗರಯೋಜನ,Urban planning,ಹಳೆ ಬೈಯಪ್ಪನ ಹಳ್ಳಿಯ ಹರಿಜನ ಕಾಲೋನಿಯಲ್ಲಿ ಮೂಲಬೂತ ಸೌಕರ್ಯಗಳ ಕೊರತೆ ಇರುವ ಬಗ್ಗೆ,About the lack of basic facilities in the old village of Harijan Beypappa,ರಾಮಚಂದ್ರಗೌಡ,Ramachandra Gowda
2640,16/03/2017,ನಗರ ಯೋಜನ,City planning,ಹಳೆ ಬೈಯಪನ ಹಳ್ಳಿಯ ರೈಲ್ವೆಗೇಟ್ ಮೇಲ್ಸೇತುವೆ ನಿರ್ಮಾಣ,Construction of the railroad gauge of old bikes village,ರಾಮಚಂದ್ರಗೌಡ,Ramachandra Gowda
2641,16/03/2017,ನಗರ ಯೋಜನ,City planning,ಬೃಹತ್ ಬೆಂಗಳೂರು ಮಹಾನಗರ ಪಾಲಿಕೆ ವ್ಯಾಪ್ತಿಯ ವಾರ್ಡ್ ನಂ.೫೦ರಲ್ಲಿ ಹೆಚ್ಚುವರಿ ಹಕ್ಕುಪತ್ರ ಹಂಚಿಕೆ ಮಾಡಿರುವ ಬಗ್ಗೆ,Extra Rights Issue on Ward No.50 of the Great Bangalore Metropolitan Area,ರಾಮಚಂದ್ರಗೌಡ,Ramachandra Gowda
2642,16/03/2017,ಶಿಕ್ಷಣ,Education,ನೂತನ ಶಾಲಾ ಕಟ್ಟಡ ನಿರ್ಮಿಸಿರುವ ಬಗ್ಗೆ,About building a new school,ರಾಮಚಂದ್ರಗೌಡ,Ramachandra Gowda
2643,16/03/2017,ಸಹಕಾರಿ,Cooperative,ಕರ್ನಾಟಕ ಸಹಕಾರಿ ಸಂಘಗಳ (ತಿದ್ದುಪಡಿ) ನಿಯಮಗಳು ೨೦೧೬ರ ಕುರಿತು,The Karnataka Co-operative Societies (Amendment) Rules 2016,ರಮೇಶ್ ಬಾಬು,Ramesha Babu
2644,16/03/2017,ಸಿಬ್ಬಂದಿ ಮತ್ತು ಆಡಳಿತ ಸುಧಾರಣೆ,Staff and administrative reform,ಭ್ರಷ್ಟಾಚಾರ ನಿಯಂತ್ರಣ ಕಾಯ್ದೆಯಡಿ ಮೊಕದ್ದಮೆ ಹೂಡಲು,To sue under the Corruption Regulation Act,ರಮೇಶ್ ಬಾಬು,Ramesha Babu
2645,16/03/2017,ಸಿಬ್ಬಂದಿ ಮತ್ತು ಆಡಳಿತ ಸುಧಾರಣೆ,Staff and administrative reform,ಏಳನೇ ವೇತನ ಆಯೋಗದ ಶಿಫಾರಸ್ಸುಗಳನ್ನು ಜಾರಿಗೊಳಿಸುವ ಕುರಿತು,The implementation of the recommendations of the Seventh Pay Commission,ರಮೇಶ್ ಬಾಬು,Ramesha Babu
2646,16/03/2017,ನಗರಯೋಜ,Urbanize,ಬೃಹತ್ ಬೆಂಗಳೂರು ಮಹಾನಗರ ಪಾಲಿಕೆ ೧೫೦ನೇ ವಾರ್ಡಿನಲ್ಲಿ ಬಹುಮಹಡಿ ಕಟ್ಟಡ ಕುಸಿದು ಸತ್ತವರ ಬಗ್ಗೆ,The collapse of the multi-storey building in the 150th ward of the huge Bangalore Metropolitan Corporation is about dead people,ರಘು ಆಚಾರ್ .ಜಿ,Raghu Achar G
2647,16/03/2017,ನಗರಯೋಜನ,Urban planning,ಬೆಂಗಳೂರು ಜಲ ಮಂಡಳಿ ನೀರಿನ ಬಗ್ಗೆ,About Bangalore Water Board,ರಘು ಆಚಾರ್ .ಜಿ,Raghu Achar G
2648,16/03/2017,ಸಿಬ್ಬಂದಿ ಮತ್ತು ಆಡಳಿತ ಸುಧಾರಣೆ,Staff and administrative reform,೩೨೧(ಜೆ)ಪ್ರಕಾರ ಹುದ್ದೆ ಭರ್ತಿ ಮಾಡುವ ಬಗ್ಗೆ,Appointment as per 321 (j),ರಘುನಾಥ ರಾವ್ ಮಲ್ಕಾಪೂರೆ,Raghunath Rao Malkapore
2649,16/03/2017,ನಗರಾಭಿವೃದ್ಧಿ,Urban development,ಮಹಾನಗರ ಪಾಲಿಕೆಗಳಿಗೆ ಬಿಡುಗಡೆಯಾದ ಅನುದಾನ,Grants released to metropolitan corporations,ರಘುನಾಥ ರಾವ್ ಮಲ್ಕಾಪೂರೆ,Raghunath Rao Malkapore
2650,16/03/2017,ಗೃಹ,Home,ರೌಡಿ ಶೀಟರ್ ಪಟ್ಟಿ,Rowdy sheet list,ರಘುನಾಥ ರಾವ್ ಮಲ್ಕಾಪೂರೆ,Raghunath Rao Malkapore
2651,16/03/2017,ನಗರಯೋಜನ,Urban planning,ಅನ ಸೇವೆ ಆಧಾರದ ಪದ್ಧತಿಯ ಪರಿಷ್ಕರಣೆ,Revision of a service based system,ರಘುನಾಥ ರಾವ್ ಮಲ್ಕಾಪೂರೆ,Raghunath Rao Malkapore
2652,16/03/2017,ನಗರಾಭಿವೃದ್ಧಿ,Urban development,ಹಸಿರು ವಲಯದಿಂದ ಭೂಮಿ ಮುಕ್ತಗೊಳಿಸುವುದು,Free the land from the green zone,ರಘುನಾಥ ರಾವ್ ಮಲ್ಕಾಪೂರೆ,Raghunath Rao Malkapore
2653,16/03/2017,ನಗರಾಭಿವೃದ್ಧಿ,Urban development,ಮಂಗಳೂರು ನಗರಾಭಿವೃದ್ಧಿ ಪ್ರಾಧಿಕಾರದಲ್ಲಿ ಮನೆ ನಿವೇಶನಗಳ ಬಗ್ಗೆ,About Urban Development in Mangalore Urban Development Authority,ಐವಾನ್ ಡಿ ಸೋಜಾ,Ivan Disoza
2654,16/03/2017,ವಸತಿ,Housing,ಸುಪ್ರೀಂ ಕೋರ್ಟ್ ತೀರ್ಪಿನಂತೆ ರಾಷ್ಟ್ರೀಯ ಹೆದ್ದಾರಿಯಿಂದ ಸ್ಥಳಾಂತರಿಸುವ ಬಗ್ಗೆ,As to the Supreme Court's ruling on a national highway,ಐವಾನ್ ಡಿ ಸೋಜಾ,Ivan Disoza
2655,16/03/2017,ಗೃಹ,Home,ಕರಾವಳಿ ಜಿಲ್ಲೆಗಳಲ್ಲಿ ಪ್ರಚೋಧನಾಕಾರಿ ಭಾಷಣ ಮಾಡಿದ ವ್ಯಕ್ತಿಗಳ ಬಗ್ಗೆ,Regarding individuals who have spoken speech in the coastal districts,ಐವಾನ್ ಡಿ ಸೋಜಾ,Ivan Disoza
2656,16/03/2017,ಗೃಹ,Home,ರಾಜ್ಯದಲ್ಲಿ ಡ್ರಗ್ಸ್ ಮಾಫಿಯವನ್ನು ತಡೆಗಟ್ಟುವ ಬಗ್ಗೆ,Prevent Drugs Mafia in the State,ಐವಾನ್ ಡಿ ಸೋಜಾ,Ivan Disoza
2657,16/03/2017,ಗೃಹ,Home,ಮಂಗಳೂರು Uಮಾಂತರ ಪೂಲೀಸ್ ಠಾಣೆಯನ್ನು ಸ್ಥಳಾಂತರಿಸುವ ಬಗ್ಗೆ,About Ullal Pooleys Station,ಐವನ್ ಡಿ ಸೋಜಾ,Ivan Disoza
2658,16/03/2017,ಗೃಹ,Home,ಬೃಹತ್ ಬೆಂಗಳೂರು ಮಹಾನಗರ ಪಾಲಿಕೆ ವ್ಯಾಪ್ತಿಯಲ್ಲಿ ಬರುವ ಪೊಲೀಸ್ ಠಾಣೆಗಳ ಬಗ್ಗೆ,Regarding police stations in the Bangalore Metropolitan Bureau,ಕ್ಯಾಪ್ಟನ್ ಗಣೇಶ್ ಕಾರ್ಣಿಕ್,Capt. Ganesh Karnik
2659,16/03/2017,ಗೃಹ,Home,೨೦೧೩ರ ವರ್ಷದಲ್ಲಿ ಮಲ್ಲೇಶ್ವರಂನ ಬಿ.ಜೆ.ಪಿ. ಕೇಂದ್ರ ಕಛೇರಿಯ ರಸ್ತೆಯಲ್ಲಿ ಬಾಂಬ್ ಸ್ಫೋಟಗೊಂಡ ಬಗ್ಗೆ,"In the year 2013, BJP of Malleswaram. About the bombing of a central office road exploding",ಕ್ಯಾಪ್ಟನ್ ಗಣೇಶ್ ಕಾರ್ಣಿಕ್,Capt. Ganesh Karnik
2660,16/03/2017,ಗೃಹ,Home,ಸಂಚಾರಿ ನಿಯಂತ್ರಣದಲ್ಲಿ,In traffic control,ಕ್ಯಾಪ್ಟನ್ ಗಣೇಶ್ ಕಾರ್ಣಿಕ್,Capt. Ganesh Karnik
2661,16/03/2017,ನಗರಯೋಜನ,Urban planning,ರಸ್ತೆಗಳನ್ನು ಸ್ವಚ್ಛಗೊಳಿಸಲು ಸ್ವೀಪಿಂಗ್ ವಾಹನ ಖರೀದಿಸುವ ಬಗ್ಗೆ,About buying sweeping vehicles to clean roads,ಕ್ಯಾಪ್ಟನ್ ಗಣೇಶ್ ಕಾರ್ಣಿಕ್,Capt. Ganesh Karnik
2662,16/03/2017,ಗೃಹ,Home,ಪೊಲೀಸ್ ಠಾಣೆಗಳ ಮುಂದೆ ನಿಲ್ಲಿಸಿರುವ ವಾಹನಗಳು ತುಕ್ಕು ಹಿಡಿದಿರುವ ಬಗ್ಗೆ,Vehicles stolen in front of police stations are rusty,ಕ್ಯಾಪ್ಟನ್ ಗಣೇಶ್ ಕಾರ್ಣಿಕ್,Capt. Ganesh Karnik
2663,16/03/2017,ಸಿಬ್ಬಂದಿ ಮತ್ತು ಆಡಳಿತ ಸುಧಾರಣೆ,Staff and administrative reform,"ರಾಜ್ಯದಲ್ಲಿ ಕೈಗಾರಿಕಾ ತರಬೇತಿ ಸಂಸ್ಥೆಗಳು,ಸಿಬ್ಬಂದಿ ಕೂರತೆ ಎದುರಿಸುತ್ತಿರುವ ಬಗ್ಗೆ","Industrial Training Institutes in the State, Concerns about Staff Seeking",ಕವಟಗಿಮಠ ಮಹಂತೇಶ ಮಲ್ಲಿಕಾರ್ಜುನ,Kavatimata Mahantesha Mallikarjuna
2664,16/03/2017,ಗೃಹ,Home,ರಜ್ಯದಲ್ಲಿ ಮಕ್ಕಳ ಮತ್ತು ಮಹಿಳೆಯರ ಮೇಲೆ ಲೈಂಗಿಕ ದೌರ್ಜನ್ಯಗಳು ಹೆಚ್ಚಾಗುತ್ತಿರುವ ಬಗ್ಗೆ,About Sexual Assault on Children and Women in the State,ಕವಟಗಿಮಠ ಮಹಂತೇಶ ಮಲ್ಲಿಕಾರ್ಜುನ,Kavatimata Mahantesha Mallikarjuna
2665,16/03/2017,ಗೃಹ,Home,"ರಾಜ್ಯದಲ್ಲಿ ಸೈಬರ್ ಕ್ರೈಂಗಳು, ಆನ್ ಲೈನ್ ವಂಚನೆಗಳು ಹೆಚ್ಚಾಗುತ್ತಿರುವ ಬಗ್ಗೆ","Cybercrimes in the State, about increasing online frauds",ಕವಟಗಿಮಠ ಮಹಂತೇಶ ಮಲ್ಲಿಕಾರ್ಜನ,Kavatimata Mahantesha Mallikarjuna
2666,16/03/2017,ನಗರಯೋಜನ,Urban planning,ಬೆಂಗಳೂರು ಅಭಿವೃದ್ಧಿ ಪ್ರಾಧಿಕಾರವು ಆರ್ಥಿಕ ಮುಗ್ಗಟ್ಟು ಎದುರಿಸುತ್ತಿರುವ ಬಗ್ಗೆ,The Bangalore Development Authority is facing an economic crisis,ಕವಟಗಿಮಠ ಮಹಂತೇಶ ಮಲ್ಲಿಕಾರ್ಜನ,Kavatimata Mahantesha Mallikarjuna
2667,16/03/2017,ನಗರಾಭಿವೃದ್ಧಿ,Urban development,ಬೆಳಗಾವಿ ಮಹಾನಗರ ಪಾಲಿಕೆಯು ಅನುದಾನದ ಕೊರತೆಯಿಂದ ಆರ್ಥಿಕ ಮುಗ್ಗಟ್ಟು ಎದುರಿಸುತ್ತಿರುವ ಬಗ್ಗೆ,The Belgaum metropolitan corporation is facing a financial crisis due to lack of subsidy,ಕವಟಗಿಮಠ ಮಹಂತೇಶ ಮಲ್ಲಿಕಾರ್ಜನ,Kavatimata Mahantesha Mallikarjuna
2668,16/03/2017,ಸಿಬ್ಬಂದಿ ಮತ್ತು ಆಡಳಿತ ಸುಧಾರಣೆ,Staff and administrative reform,ಖಾಲಿ ಇರುವ ಗ್ರೂಪ್’ಎ’ಮತ್ತು;ಬಿ’ಹುದ್ದೆ ಭರ್ತಿ ಕುರಿತು,Empty Group'A'and the filling of B'Hood,ಕಟ ಶ್ರೀನಿವಾಸ ಪೂಜಾರಿ,Kota Srinivasa Pujari
2669,16/03/2017,ಗೃಹ,Home,ಗೃಹರಕ್ಷಕ ದಳದ ಸಿಬ್ಬಂದಿಗಳಿಗೆ ಅಗತ್ಯ ಸೌಲಭ್ಯ ಕಲ್ಪಿಸುವ ಕುರಿತು,About Providing Stability for Home Guard personnel,ಕೋಟ ಶ್ರೀನಿವಾಸ ಪೂಜಾರಿ,Kota Srinivasa Pujari
2670,16/03/2017,ಸಿಬ್ಬಂದಿ ಮತ್ತು ಆಡಳಿತ ಸುಧಾರಣೆ,Staff and administrative reform,ಅನುಕಂಪದ ಆದಾರದ ನೇಮಕಾತಿಯಲ್ಲಿ ವಿಳಂಬ,Delay in recruitment of compassionate,ಕೋಟ ಶ್ರೀನಿವಾಸ ಪೂಜಾರಿ,Kota Srinivasa Pujari
2671,16/03/2017,ಗೃಹ,Home,ಮಹಿಳಾ ಸುರಕ್ಷತೆಯ ಬಗ್ಗೆ,About Women's Safety,ತಾರಾಅನೂರಾಧ,Tara Anuradha
2672,16/03/2017,ನಗರ ಯೋಜನ,City planning,ನಗರದಲ್ಲಿ ಕುಡಿಯುವ ನೀರಿನ ಕೊರತೆ ನೀಗಿಸುವ ಬಗ್ಗೆ ಕುರಿತು,About reducing drinking water in the city,ತಾರಾಅನೂರಾಧ,Tara Anuradha
2673,16/03/2017,ಗೃಹ,Home,ಶಾಲಾ ಮಕ್ಕಳ ಮೇಲೆ ದೌರ್ಜನ್ಯ ಹಾಗೂ ಗ್ಯಾಂಗ್ ರೇಪ್ ಕುರಿತು,About school abuse and gang rape,ತಾರಾಅನುರಾಧ,Tara Anuradha
2674,16/03/2017,ಸಿಬ್ಬಂದಿ ಮತ್ತು ಆಡಳಿತ ಸುಧಾರಣೆ,Staff and administrative reform,ನೌಕರರ ವರ್ಗಾವಣೆ ಕುರಿತು,About Employee Transfer,ತಾರಾಅನುರಾಧ,Tara Anuradha
2675,16/03/2017,ಸಿಬ್ಬಂದಿ ಮತ್ತು ಆಡಳಿತ ಸುಧಾರಣೆ,Staff and administrative reform,ಸಚಿವಾಲಯದಲ್ಲಿರುವ ಇಲಾಖೆಗಳ ಬಗ್ಗೆ,About the Departments in the Ministry,ಚೌಡರೆಡ್ಡಿ ತೂಪಲ್ಲಿ .ಆರ್,Chowdareddy Tupalli R
2676,16/03/2017,ನಗರ ಯೋಜನ,City planning,ಪೌರ ಕಾರ್ಮಿಕರ ಬಗ್ಗೆ,About civic workers,ಚೌಡರೆಡ್ಡಿ ತೂಪಲ್ಲಿ .ಆರ್,Chowdareddy Tupalli R
2677,16/03/2017,ಗೃಹ,Home,ಲೋಕಾಯುಕ್ತಕ್ಕೆ ವಹಿಸಲಾದ ಪ್ರಕರಣಗಳು,Cases of Lokayukta,ಚೌಡರೆಡ್ಡಿ ತೂಪಲ್ಲಿ .ಆರ್,Chowdareddy Tupalli R
2678,16/03/2017,ಆಹಾರ ಮತ್ತು ನಾಗರಿಕ ಸರಬರಾಜು,Food and Civil Supplies,ಆಧಾರ್ ಕಾರ್ಡ್ ಪಡೆದ ಬಿ.ಪಿ.ಎಲ್ ಕುಟುಂಬಗಳಿಗೆ ಪ್ರೋತ್ಸಾಹ ಧನ ನೀಡುವ ಬಗ್ಗೆ,About promoting BPL families receiving Aadhar card,ಚೌಡರೆಡ್ಡಿ ತೂಪಲ್ಲಿ .ಆರ್,Chowdareddy Tupalli R
2679,16/03/2017,ನಗರ ಯೋಜನ,City planning,ರೇಸ್‌ಕೋರ್ಸ್ ಸ್ಥಳಾಂತರಿಸಿ ಅಮ್ಯೂಸ್ಮೆಂಟ್ ಪಾರ್ಕ್ ನಿರ್ಮಿಸುವ ಬಗ್ಗೆ,About building a racecourse disposal amusement park,ಧರ್ಮಸೇನ .ಆರ್,Dharmasena R
2680,16/03/2017,ಆರ್ಥಿಕ,Economy,ಮುಖ್ಯಮಂತ್ರಿಗಳ ಪರಿಹಾರ ನಿಧಿಯಿಂದ ನೀಡುವ ಬಗ್ಗೆ,Providing assistance from Chief Minister's Relief Fund,ಧರ್ಮಸೇನ .ಆರ್,Dharmasena R
2681,16/03/2017,ಸಿಬ್ಬಂದಿ ಮತ್ತು ಆಡಳಿತ ಸುಧಾರಣೆ,Staff and administrative reform,ಖಾಲಿ ಹುದ್ದೆಗಳನ್ನು ಶೀಘ್ರವಾಗಿ ಭರ್ತಿ ಮಾಡುವ ಕುರಿತು,About filling up vacant posts quickly,ಧರ್ಮಸೇನ .ಆರ್,Dharmasena R
2682,17/03/2017,ವಸತಿ,Housing,ರಾಯಚೂರು ಜಿಲ್ಲೆಗೆ ಮಂಜೂರಾಗಿರುವ ವಸತಿ ಯೋಜನೆಗಳ ಬಗ್ಗೆ,About Housing Schemes sanctioned to Raichur district,ಬೋಸ್‌ರಾಜು .ಎನ್.ಎಸ್,Bosaraju N S
2683,17/03/2017,ಉನ್ನತ ಶಿಕ್ಷಣ,Higher education,ರಾಯಚೂರುನಲ್ಲಿ ವಿಶ್ವವಿದ್ಯಾನಿಲಯ ಪ್ರಾರಂಭಿಸುವ ಬಗ್ಗೆ,About launching the university at Raichur,ಬೋಸ್‌ರಾಜು .ಎನ್.ಎಸ್,Bosaraju N S
2684,17/03/2017,ಗ್ರಾಮೀಣಾಭಿವೃದ್ಧಿ ಮತ್ತು ಪಂಚಾಯತ್ ರಾಜ್,Rural Development and Panchayat Raj,ರಾಯಚೂರು ಜಿಲ್ಲೆಯಲಿ ಬಹುಗ್ರಾಮ ಕುಡಿಯುವ ನೀರಿನ ಯೋಜನೆಗಳ ಬಗ್ಗೆ,About multi-drinking drinking water projects in Raichur district,ಬೋಸ್‌ರಾಜು .ಎನ್.ಎಸ್,Bosaraju N S
2685,17/03/2017,ಬೃಹತ್ ಮತ್ತು ಮಧ್ಯಮ ಕೈಗಾರಿಕೆ,Large and medium enterprise,ಮುನಿರಾಬಾದ್-ಮೆಹಿಬೂಬನಗರದ ರೈಲ್ವೆ ವಲಯ ಹಾಗೂ ರಾಯಚೂರಿನಲ್ಲಿ ವಿಮಾನ ನಿಲ್ದಾಣ ನಿರ್ಮಾಣದ ಬಗ್ಗೆ,About the construction of the airport at Munirabad-Mehibobanagar railway line and Raichur,ಬೋಸ್‌ರಾಜು .ಎನ್.ಎಸ್,Bosaraju N S
2686,17/03/2017,ಬೃಹತ್ ಕೈಗಾರಿಕೆ,Huge industry,ರಾಯಚೂರು ನಗರದಲ್ಲಿ ಕೈಗಾರಿಕೆ ಸ್ಥಾಪನೆ ಬಗ್ಗೆ,About Industrial Establishments in Raichur,ಬೋಸ್‌ರಾಜು .ಎನ್.ಎಸ್,Bosaraju N S
2687,17/03/2017,ವಸತಿ,Housing,ನಿವೇಶನ ರಹಿತ ಮತ್ತು ವಸತಿ ರಹಿತ ಪಟ್ಟಿ ವಿಚಾರ,Site-free and non-residential listing,ಭಾನುಪ್ರಕಾಶ,Bhanu Prakasha
2688,17/03/2017,ಗ್ರಾಮೀಣಾಭಿವೃಧ್ಧಿ ಮತ್ತು ಪಂಚಾಯತ್ ರಾಜ್,Rural Development and Panchayat Raj,ಗ್ರಾಮ ಪಂಚಾಯತಗಳಲ್ಲಿ ಹಳ್ಳಿ ಸಂತೆ ವಿಚಾರ,Village Panchayat in Gram Panchayats,ಭಾನುಪ್ರಕಾಶ್,Bhanu Prakasha
2689,17/03/2017,ಸಾರಿಗೆ,Transport,ಅವಧಿ ಮೀರಿದ ಬಸ್‌ಗಳ ಸಂಚಾರವನ್ನು ತಡೆದು ಹೊಸ ಬಸ್‌ಗಳ ಕಾರ್ಯ ಜಾರಿಗೆ ಬಗ್ಗೆ,Concerned about the implementation of the new buses bypassing the timely buses,ಸುನಿಲ್ ಸುಬ್ರಮಣಿ .ಎಂ.ಪಿ,Sunil Subramani M P
2690,17/03/2017,ಸಾರಿಗೆ,Transport,ಹೊರ ರಾಜ್ಯದಿಂದ ಬರುವ ವಾಹನಗಳಿಗೆ ಪರವಾನಿಗೆ ಶುಲ್ಕ ನಿಗಧಿ ಮಾಡುವ ಬಗ್ಗೆ,Making a license fee for vehicles coming from outer state,ಸುನಿಲ್ ಸುಬ್ರಮಣಿ .ಎಂ.ಪಿ,Sunil Subramani M P
2691,17/03/2017,ಗ್ರಾಮೀಣಾಭಿವೃದ್ಧಿ ಮತ್ತು ಪಂಚಾಯತ್ ರಾಜ್,Rural Development and Panchayat Raj,ಜಲಸಂಗ್ರಹಣಾ ಟ್ಯಾಂಕ್ಗಳನ್ನು ನಿರ್ಮಿಸಲು ವಿಳಂಬ ಮಾಡುತ್ತಿರುವ ಬಗ್ಗೆ,About delaying building tanks,ಸಯದ್ ಮುಧೀರ್ ಅಗಾ,Syed Madir Aga
2692,17/03/2017,ಸಾರಿಗೆ,Transport,ಬೆಂಗಳೂರು ಮಹಾನಗರ ಸಾರಿಗೆ ಬಸ್ಸುಗಳ ಸಂಚಾರದ ಬಗ್ಗೆ,About Bangalore Metropolitan Transport Buses,ಸಯದ್ ಮುಧೀರ್ ಅಗಾ,Syed Madir Aga
2693,17/03/2017,ಉನ್ನತ ಶಿಕ್ಷಣ,Higher education,೦೧-೦೬-೧೯೮೭ ರ ನಂತರ ಪ್ರಾರಂಭವಾದ ಖಾಸಗಿ ಪ್ರಥಮ ದರ್ಜೆ ಕಾಲೇಜುಗಳನ್ನು ಅನುದಾನಕ್ಕೆ ಒಳಪಡಿಸುವ ಕುರಿತು,About granting private first-class colleges started after 01-06-1987,ಸಂಕನೂರ .ಎಸ್.ವ್ಹಿ,Sankanura S V
2694,17/03/2017,ಪ್ರಾಥಮಿಕ ಮತ್ತು ಪ್ರೌಢ ಶಿಕ್ಷಣ,Primary and Secondary Education,ಸರಕಾರಿ ಪ್ರೌಢ ಶಾಲೆಗಳಲ್ಲಿ ಕಾಯ ನಿರ್ವಹಿಸುತ್ತಿರುವ ಸಹ ಶಿಕ್ಷಕರು ಹಾಗೂ ದೈಹಿಕ ಶಿಕ್ಷಕರ ಪದೋನ್ನತಿ ಕುರಿತು,Concerns about co-teachers and physically-motivated teachers in government high schools,ಸಂಕನೂರ .ಎಸ್.ವ್ಹಿ,Sankanura S V
2695,17/03/2017,ಉನ್ನತ ಶಿಕ್ಷಣ,Higher education,ಕೆ.ಎಸ್.ಓ.ಯು. ಮೈಸೂರು ಇದರ ಮಾನ್ಯತೆ ಹಾಗೂ ಕಾರ್ಯವೈಖರಿ ಬಗ್ಗೆ,KSOU Mysore is about its recognition and performance,ಸೋಮಣ್ಣ .ವಿ,Somanna V
2696,17/03/2017,ಬೃಹತ್ ಕೈಗಾರಿಕೆ,Huge industry,"ಕೈಗಾರಿಕೆಯನ್ನು ಉತ್ತೇಜಿಸಲು ""ಇನ್‌ವೆಸ್ಟ್ ಕರ್ನಾಟಕ” ಎಂಬ ಕಂಪನಿ ರಚಿಸುವ ಬಗ್ಗೆ","About creating a company named ""Invest Karnataka"" to promote industry",ಸೋಮಣ್ಣ .ವಿ,Somanna V
2697,17/03/2017,ಗ್ರಾಮೀಣಾಭಿವೃದ್ಧಿ ಮತ್ತು ಪಂಚಾಯತ್ ರಾಜ್,Rural Development and Panchayat Raj,"ಗ್ರಾಮ ಪಂಚಾಯಿತಿ ಖಾಯಂ ಹುದ್ದೆಗಳು ಮತ್ತು ವೇತನ, ಯೋಜನೆ, ಅನುಷ್ಠಾನದ ಬಗ್ಗೆ","Grama Panchayat Permanent Posts and Registration of Pay, Plan and Implementation",ನಾರಾಯಣಸ್ವಾಮಿ .ಎಂ,Narayanaswamy M
2698,17/03/2017,ವಸತಿ,Housing,ವಿವಿಧ ವಸತಿ ಯೋಜನೆಯಡಿಯಲ್ಲಿ ಮಂಜೂರಾದ ಮನೆಗಳ ಬಗ್ಗೆ,About houses sanctioned under various housing schemes,ನಾರಾಯಣಸ್ವಾಮಿ .ಎಂ,Narayanaswamy M
2699,17/03/2017,ಪ್ರಾಥಮಿಕ ಮತ್ತು ಪ್ರೌಢ ಶಿಕ್ಷಣ,Primary and Secondary Education,ಸರ್ಕಾರಿ ಖಾಸಗಿ ಅನುದಾನಿತ ಮತ್ತು ಅನುದಾನ ರಹಿತ ಶಾಲೆಗಳ,Government Private Aided and Unaided Schools,ನಾರಾಯಣಸ್ವಾಮಿ .ಎಂ,Narayanaswamy M
2700,17/03/2017,ಸರಿಗೆ,The cargo,ಸರಕಾರಿ ಸಾರಿಗೆ ಸಂಸ್ಥೆಯ ಬಸ್ಸುಗಳಲ್ಲಿ ಪ್ರಯಾಣಿಕರ ಸುರಕ್ಷತೆಯ ಬಗ್ಗೆ,About passenger safety in government transport buses,ನಾರಾಯಣಸ್ವಾಮಿ .ಎಂ,Narayanaswamy M
2701,17/03/2017,ಪ್ರಾಥಮಿಕ ಮತ್ತು ಪ್ರೌಢ ಶಿಕ್ಷಣ,Primary and Secondary Education,ಪದವಿ ಪೂರ್ವ ಕಾಲೇಜುಗಳಲ್ಲಿ ಖಾಲಿ ಇರುವ ಉಪನ್ಯಾಸಕರ ಹುದ್ದೆಗಳ ಬಗ್ಗೆ,About vacant lecturers posts in undergraduate colleges,ನಾರಾಯಣಸ್ವಾಮಿ .ಎಂ,Narayanaswamy M
2702,17/03/2017,ಗ್ರಾಮೀಣಾಭಿವೃದ್ಧಿ ಮತ್ತು ಪಂಚಾಯತ್ ರಾಜ್,Rural Development and Panchayat Raj,ಸಹಾಯಕ ನಿರ್ದೇಶಕರು ಮತ್ತು ಕಾರ್ಯನಿರ್ವಾಹಕ ಅಧಿಕಾರಿಗಳ ಪದೋನ್ನತಿ ಬಗ್ಗೆ,About the promotion of Assistant Director and Executive Officers,ನಾರಾಯಣಸ್ವಾಮಿ .ಕ.ವಿ,Narayanaswamy K V
2703,17/03/2017,ಪ್ರಾಥಮಿಕ ಮತ್ತು ಪ್ರೌಢ ಶಿಕ್ಷಣ,Primary and Secondary Education,ಪ್ರಾಥಮಿಕ ಶಾಲೆಯ ದಾಖಲಾತಿಗೆ ಮಕ್ಕಳ ವಯೋಮಿತಿಯ ಬಗ್ಗೆ,Regarding the age of children for admission to primary school,ನಾರಾಯಣಸ್ವಾಮಿ .ಕ.ವಿ,Narayanaswamy K V
2704,17/03/2017,ವಸತಿ,Housing,ಗ್ರಾಮೀಣ ವಸತಿ ಯೋಜನೆಯ ಅನುಷ್ಠಾನ ಮತ್ತು ಮೇಲ್ವಿಚಾರಣೆ,Implementation and Supervision of Rural Housing Scheme,ನಾರಾಯಣಸ್ವಾಮಿ .ಕೆ.ವಿ,Narayanaswamy K V
2705,17/03/2017,ಸರಿಗೆ,The cargo,ತಾರಕಾ ಗ್ರಾಮದಲ್ಲಿ ಬಸ್ ನಿಲ್ದಾಣ,Bus Station in Taraka Village,ನಾಗರಾಜ್ .ಎಸ್,Nagaraja S
2706,17/03/2017,ಗ್ರಾಮೀಣಾಭಿವೃದ್ಧಿ ಮತ್ತು ಪಂಚಾಯತ್ ರಾಜ್,Rural Development and Panchayat Raj,ಮೈಸೂರಿನ ಕೂರ್ಗಹಳ್ಲಿ ಕೆರೆಯಲ್ಲಿ ಖಾಸಗಿ ವ್ಯಕ್ತಿಗಳು ಅನಧಿಕೃತವಾಗಿ ಮಣ್ಣು ತೆಗೆದು ಸಾಗಿಸುತ್ತಿರುವ ಬಗ್ಗೆ,About private persons unauthorized removal of soil in Coorg's lake in Mysore,ನಾಗರಾಜ್ .ಎಸ್,Nagaraja S
2707,17/03/2017,ವಸತಿ,Housing,ಮೈಸೂರಿನ ಮಂಡಕಳ್ಲಿ ಬಳಿ ಆಶ್ರಯ ಮನೆಗಳ ಬಗ್ಗೆ,About shelter houses near Mandalli in Mysore,ನಾಗರಾಜ್ .ಎಸ್,Nagaraja S
2708,17/03/2017,ಉನ್ನತ ಶಿಕ್ಷಣ,Higher education,ಕರ್ನಾಟಕ ರಾಜ್ಯದಲ್ಲಿರುವ ಸರ್ಕಾರಿ/ಖಾಸಗಿ ಪದವಿ ಕಾಲೇಜುಗಳ ಬಗ್ಗೆ,About Government / Private Degree Colleges in Karnataka State,ಪ್ರಸನ್ನ ಕುಮಾರ್ .ಆರ್,Prasanna Kumar R
2709,17/03/2017,ಗಣಿ ಮತ್ತು ಭೂವಿಜ್ಞಾನ,Mine and geology,ರಾಜ್ಯದಲ್ಲಿರುವ ಖ್ವಾರೆಗಳ ಬಗ್ಗೆ,About the quarries in the state,ಪ್ರಸನ್ನ ಕುಮಾರ್ .ಆರ್,Prasanna Kumar R
2710,17/03/2017,ಪ್ರಾಥಮಿಕ ಮತ್ತು ಪ್ರೌಢಶಿಕ್ಷಣ,Primary and secondary education,ಶತಮಾನ ಪೂರೈಸಿದ ಕನ್ನಡ ಶಾಲೆಗಳ ಕುರಿತು,About Century Kannada Schools,ಪ್ರದೀಪ್ ಶೆಟ್ಟರ್,Pradeep Shettar
2711,17/03/2017,ವಸತಿ,Housing,ವಿವಿಧ ವಸತಿ ಯೋಜನೆಗಳ ಕುರಿತು,About various housing schemes,ಪ್ರದೀಪ್ ಶೆಟ್ಟರ್,Pradeep Shettar
2712,17/03/2017,ಗ್ರಾಮೀಣಾಭಿವೃದ್ಧಿ ಮತ್ತು ಪಂಚಾಯತ್ ರಾಜ್,Rural Development and Panchayat Raj,ಗ್ರಾಮ ಪಂಚಾಯತ್ ಮತ್ತು ಪಿ.ಡಿ.ಓ..ಗಳ ಕುರಿತು,About Gram Panchayat and PDOs,ಪ್ರದೀಪ್ ಶೆಟ್ಟರ್,Pradeep Shettar
2713,17/03/2017,ಗಮೀಣಾಭಿವೃದ್ಧಿ ಮತ್ತು ಪಂಚಾಯತ್ ರಾಜ್,Rural Development and Panchayat Raj,ಹೊಸ ಗ್ರಾಮ ಪಂಚಾಯತ್ ಹಾಗೂ ಕಟ್ಟಡಗಳ ಕುರಿತು,About the new Gram Panchayat and Buildings,ಪ್ರದೀಪ್ ಶೆಟ್ಟರ್,Pradeep Shettar
2714,17/03/2017,ಬೃಹತ್ ಮತ್ತು ಮಧ್ಯಮ ಕೈಗಾರಿಕೆ,Large and medium enterprise,"ಹುಬ್ಬಳ್ಳಿ ತಾಲ್ಲೂಕು, ಬೇಲೂರು ಕೈಗಾರಿಕಾ ಪ್ರದೇಶದ ಕುರಿತು","About Hubli Taluk, Belur Industrial Area",ಪ್ರದೀಪ್ ಶೆಟ್ಟರ್,Pradeep Shettar
2715,17/03/2017,ಗಮೀಣಾಭಿವೃದ್ಧಿ ಮತ್ತು ಪಂಚಾಯತ್ ರಾಜ್,Rural Development and Panchayat Raj,"ಪಿ.ಡಿ.ಓ ಹುದ್ದೆಯನ್ನು ಗ್ರೂಪ್ ""ಬಿ’ ಹುದ್ದೆಗೆ ಉನ್ನತೀಕರಿಸುವ ಬಗ್ಗೆ","About raising the PDO post to the Group ""B"" post",ಪ್ರಾಣೇಶ್ .ಎಂ.ಕೆ,Pranesha M K
2716,17/03/2017,ಮಾನ್ಯ ಸಾರಿಗೆ,Valid transportation,ಪ್ರಯಾಣಿಕರಿಗೆ ಕುಡಿಯುವ ನೀರಿನ ವ್ಯವಸ್ಥೆ ಕುರಿತು,About drinking water system for passengers,ಪ್ರಾಣೇಶ್ .ಎಂ.ಕೆ,Pranesha M K
2717,17/03/2017,ಉನ್ನತ ಶಿಕ್ಷಣ,Higher education,"ವಿ,ಬಿ,ಡಿ,ಟಿ, ದಾವಣಗೆರೆ ಕಾಲೇಜಿನ ಭೋದಕೇತರ ಸಿಬ್ಬಂದಿಗಳ","V, B, D, T, Non-teaching staff of Davangere College",ಪ್ರಾಣೇಶ್ .ಎಂ.ಕೆ,Pranesha M K
2718,17/03/2017,ಗ್ರಾಮೀಣಾಭಿವೃದ್ಧಿ ಮತ್ತು ಪಂಚಾಯತ್ ರಾಜ್,Rural Development and Panchayat Raj,ಶುದ್ಧ ಕುಡಿಯುವ ನೀರಿನ ಘಟಕಗಳ ಕುರಿತು,About Pure Drinking Water Units,ಪ್ರಾಣೇಶ್ .ಎಂ.ಕೆ,Pranesha M K
2719,17/03/2017,ಗ್ರಾಮೀಣಾಭಿವೃಧ್ಧಿ ಮತ್ತು ಪಂಚಾಯತ್ ರಾಜ್,Rural Development and Panchayat Raj,ರಾಜ್ಯದಲ್ಲಿ ಬಹುಗ್ರಾಮ ಘನ ತ್ಯಾಜ್ಯಾ ವಿಲೇವಾರಿ ಘಟಕ ಪ್ರಾರಂಭಿಸುವ ಕುರಿತು,About launching the MultiGritical Solid Waste Disposal Unit in the State,ಪ್ರತಾಪಚಂದ್ರ ಶೆಟ್ಟಿ .ಕೆ,Pratapachandra Shetty K
2720,17/03/2017,ಉನ್ನತ ಶಿಕ್ಷಣ,Higher education,ಹೈದ್ರಾಬಾದ್-ಕರ್ನಾಟಕ ಭಾಗದಲ್ಲಿನ ಸರ್ಕಾರಿ ಪ್ರಥಮ ದರ್ಜೆ ಕಾಲೇಜುಗಳ ಮೂಲಭೂತ ಸೌಕರ್ಯ ಕೊರತೆ ಹಾಗೊ ಹುದ್ದೆಗಳ ಬಗ್ಗೆ,The lack of basic infrastructure for government first-class colleges in Hyderabad-Karnataka,ಪ್ರತಾಪಚಂದ್ರ ಶೆಟ್ಟಿ .ಕೆ,Pratapachandra Shetty K
2721,17/03/2017,ಗ್ರಾಮೀಣಾಭಿವೃದ್ಧಿ ಮತ್ತು ಪಂಚಾಯತ್ ರಾಜ್,Rural Development and Panchayat Raj,ಪ್ರಧಾನ ಮಂತ್ರಿ ಗ್ರಾಮ ಸಡಕ್ ಮತ್ತು ಮುಖ್ಯ ಮಂತ್ತಿ ಗ್ರಾಮ ಸಡಕ್ ಯೋಜನೆ ರಸ್ತೆಯ ನಿರ್ವಹಣೆಯ ಬಗ್ಗೆ,Prime Minister Gram Sadak and Chief Manthi Gram Sadak Project on Road Management,ಪ್ರತಾಪಚಂದ್ರ ಶೆಟ್ಟಿ .ಕೆ,Pratapachandra Shetty K
2722,17/03/2017,ಗ್ರಾಮೀಣಾಭಿವೃದ್ಧಿ ಮತ್ತು ಪಂಚಾಯತ್ ರಾಜ್,Rural Development and Panchayat Raj,ಬಾಪೂಜಿ ಸೇವಾ ಕೇಂದ್ರಗಳಿಗೆ ಸಿಬ್ಬಂದಿ ಒದಗಿಸುವ ಬಗ್ಗೆ,About staffing of Bapuji service centers,ಪ್ರತಾಪಚಂದ್ರ ಶೆಟ್ಟಿ .ಕೆ,Pratapachandra Shetty K
2723,17/03/2017,ವಸತಿ,Housing,ವಸತಿ ಯೋಜನೆಯ ಫಲಾನುಭವಿಗಳ ಮರು ಆಯ್ಕೆಯ ಕುರಿತು,About re-choice of beneficiaries of the housing scheme,ಪ್ರತಾಪಚಂದ್ರ ಶೆಟ್ಟಿ .ಕೆ,Pratapachandra Shetty K
2724,17/03/2017,ಸಾರಿಗೆ,Transport,ಕುಂದಾಪುರ ಹಾಗೂ ಕಾರ್ಕಳ ಪುರಸಭೆಗೆ,For Kundapur and Karkala municipality,ಪ್ರತಾಪಚಂದ್ರ ಶೆಟ್ಟಿ .ಕೆ,Pratapachandra Shetty K
2725,17/03/2017,ವಸತಿ,Housing,ರಾಜ್ಯ ವಸತಿ ರಹಿತ/ನಿವೇಶನ ರಹಿತ ಕುಟುಂಬಗಳ ಬಗ್ಗೆ,About Non-State / Non-Resident Families,ಪುಟ್ಟಸ್ವಾಮಿ .ಬಿ.ಜೆ,Puttaswamy B J
2726,17/03/2017,ಗಮೀಣಾಭಿವೃದ್ಧಿ ಮತ್ತು ಪಂಚಾಯತ್ ರಾಜ್,Rural Development and Panchayat Raj,ಕಲಬುರಗಿ ಮತ್ತು ಯಾದಗಿರಿ ಜಿಲ್ಲೆಗಳಿಗೆ ಬಿಡುಗಡೆಯಾದ ಅನುದಾನದ ಬಗ್ಗೆ,About the grants released to Kalaburagi and Yadgir districts,ಪಾಟೀಲ್ .ಬಿ.ಜಿ,Patil B G
2727,17/03/2017,ಪ್ರಾಥಮಿಕ ಮತ್ತು ಪ್ರೌಢ ಶಿಕ್ಷಣ,Primary and Secondary Education,ಪಠ್ಯ ಪುಸ್ತಕ ರಚನೆಯ ಬಗ್ಗೆ,About text book creation,ಶರವಣ .ಟಿ.ಎ,Sharavana T A
2728,17/03/2017,ಸಾರಿಗೆ,Transport,ಹಳೆ ವಾಹನಗಳ ನಿಷೇಧದ ಬಗ್ಗೆ,About Old Vehicle Prohibition,ಶರವಣ .ಟಿ.ಎ,Sharavana T A
2729,17/03/2017,ಸಾರಿಗೆ,Transport,"ಜೆ,ಎನ್,ಯು,ಆರ್,ಎಮ್, ಯೋಜನೆ ಅಡಿಯಲ್ಲಿ ಬಸ್ಸುಗಳ ಖರೀದಿ ಬಗ್ಗೆ","J, N, U, R, M, About the purchase of buses under the scheme",ಶರವಣ .ಟಿ.ಎ,Sharavana T A
2730,17/03/2017,ಸಣ್ಣ ಕೈಗಾರಿಕೆ,Small industry,ಕೈಗಾರಿಕೆಗಳಿಗೆ ನೀಡಿರುವ ಸಾಲ ಮರುಪಾವತಿ ಬಾಕಿ ಬಗ್ಗೆ,About debt repayment pending for industries,ಶರವಣ .ಟಿ.ಎ,Sharavana T A
2731,17/03/2017,ಸಾರಿಗೆ,Transport,ವಿಕಲಚೇತನರ ಬಸ್ ಪಾಸ್ ದುರುಪಯೋಗದ ಬಗ್ಗೆ,About the abuser's bus pass abuse,ಶರವಣ .ಟಿ.ಎ,Sharavana T A
2732,17/03/2017,ಶಿಕ್ಷಣ,Education,ತಾಂತ್ರಿಕ ಶಿಕ್ಷಣ ಇಲಾಖೆಯಿಂದ ಕಾಲೇಜ್ ಆಫ್ ವಿಜ್ವ್ಯುಲ್ ಆಟ್ಸ್ ಗೆ ಅನುದಾನ ಬಿಡುಗಡೆ ಮಾಡುವ ಬಗ್ಗೆ,About grant of grant to the College of Vigilance Aats from the Department of Technical Education,ಶಾಣಪ್ಪ .ಕೆ.ಬಿ,Shaanappa K B
2733,17/03/2017,ಗ್ರಾಮೀಣಾಭಿವೃದ್ಧಿ ಮತ್ತು ಪಂಚಾಯತ್ ರಾಜ್,Rural Development and Panchayat Raj,ಶುದ ಕುಡಿಯುವ ನೀರಿನ ಘಟಕಗಳು,Clean drinking water units,ವಿವೇಕ್ರಾವ್ ವಸಂತ್ರಾವ್ ಪಾಟೀಲ್,Vivek Rao Vasanth Rao Patil
2734,17/03/2017,ಗ್ರಾಮೀಣಾಭಿವೃದ್ಧಿ ಮತ್ತು ಪಂಚಾಯತ್ ರಾಜ್,Rural Development and Panchayat Raj,ಕುಡಿಯುವ ನೀರಿನ ಓವರ್ ಹೆಡ್‌ಟ್ರಾಂಕ್‌ಗಳ ದುರಸ್ಥಿ ಕುರಿತು,Regarding the deterioration of overhead tanks over drinking water,ವೀಣಾ ಅಚ್ಚಯ್ಯ .ಎಸ್,Veena achchaiah S
2735,17/03/2017,ಪ್ರಾಥಮಿಕ ಮತ್ತು ಪ್ರೌಢ ಶಿಕ್ಷಣ,Primary and Secondary Education,ಶಾಲಾ ಮಕಳನ್ನು ಕರೆದೊಯ್ಯುವ ವಾಹನಗಳಿಗೆ ರೂಪಿಸಿರುವ ಸುರಕ್ಷಾ ಮಾನದಂಡಗಳ ಬಗ್ಗೆ,About safety standards for vehicles carrying school children,ವೀಣಾ ಅಚ್ಚಯ್ಯ .ಎಸ್,Veena achchaiah S
2736,17/03/2017,ಸಾರಿಗೆ,Transport,ನಿರ್ಭಯಾ ಫಂಡ್ ಮೂಲಕ ಅನುಷ್ಠಾನಗೊಳ್ಳುತ್ತಿರುವ ಕಾರ್ಯಕ್ರಮಗಳು,Programs implemented by the Nirbhaya Fund,ವೀಣಾ ಅಚ್ಚಯ್ಯ .ಎಸ್,Veena achchaiah S
2737,17/03/2017,ಮೂಲಭೂತ ಸೌಲಭ್ಯ,Basic Facility,ಕೊಡುಗು ಜಿಲ್ಲೆಯಲ್ಲಿ ಅನುಷ್ಠಾನಗೊಳ್ಳುತ್ತಿರುವ ಮೂಲಸೌಲಭ್ಯ ಅಭಿವೃದ್ಧಿ ಯೋಜನೆಗಳು,Infrastructure development projects implemented in Kodagu district,ವೀಣಾ ಅಚ್ಚಯ್ಯ .ಎಸ್,Veena achchaiah S
2738,17/03/2017,ಗ್ರಾಮೀಣಾಭಿವೃದ್ಧಿ ಮತ್ತು ಪಂಚಾಯತ್ ರಾಜ್,Rural Development and Panchayat Raj,ಅಂತರ್ಜಾಲ ಕಲ್ಪಿಸುವ ಕುರಿತು,About the Internet,ವೀಣಾ ಅಚ್ಚಯ್ಯ .ಎಸ್,Veena achchaiah S
2739,17/03/2017,ವಸತಿ,Housing,ಬೀದರ್ ಜಿಲ್ಲೆಯ ಬಸವ ರಾಜಿವ್ ಗಾಂಧಿ ಯೋಜನೆಯಿಂದ ಮನೆಗಳ ಹಂಚಿಕೆ ಬಗ್ಗೆ,Distribution of houses by the Basava Rajiv Gandhi project in Bidar district,ವಿಜಯ ಸಂಗ್,Vijay Singh
2740,17/03/2017,ಪ್ರಾಥಮಿಕ ಮತ್ತು ಪ್ರೌಢಶಿಕ್ಷಣ,Primary and secondary education,ಬೀದರ್ ಜಿಲ್ಲೆಯ ಸರ್ಕಾರಿ ಶಾಲೆಗಳ ಬಗ್ಗೆ,About government schools in Bidar district,ವಿಜಯ ಸಿಂಗ್,Vijay Singh
2741,17/03/2017,ಸಾರಿಗೆ,Transport,ಬೀದರ್ ಜಿಲ್ಲೆಯ ಸಾರಿಗೆ ಬಸ್ಸುಗಳ ಬಗ್ಗೆ,About transport buses in Bidar district,ವಿಜಯ ಸಿಂಗ್,Vijay Singh
2742,17/03/2017,ಗ್ರಾಮೀಣಾಭಿವೃದ್ಧಿ ಮತ್ತು ಪಂಚಾಯತ್ ರಾಜ್,Rural Development and Panchayat Raj,ಬೀದರ್ ಜಿಲ್ಲೆಯ ಶುದ್ಧ ಕುಡಿಯುವ ನೀರಿನ ಘಟಕ ಸ್ಥಾಪನೆ ಬಗ್ಗೆ,About the establishment of a clean drinking water unit in Bidar district,ವಿಜಯ ಸಿಂಗ್,Vijay Singh
2743,17/03/2017,ಪ್ರಾಥಮಿಕ ಮತ್ತು ಪ್ರೌಡ ಶಿಕ್ಷಣ,Primary and secondary education,ರಾಜ್ಯದಲ್ಲಿರುವ ಸರ್ಕಾರಿ ಪ್ರಾಥಮಿಕ ಹಾಗೂ ಪ್ರೌಢ ಶಿಕ್ಷಣ ಶಾಲೆಗಳಲ್ಲಿ ಕಾರ್ಯನಿರ್ವಹಿಸುತ್ತಿರುವ ಬಗ್ಗೆ,About working in government primary and secondary education schools in the state,ಬಸನಗೌಡ ಆರ್ ಪಾಟೀಲ್,Basanagowda R Patil
2744,17/03/2017,ವಸತಿ,Housing,ವಿಜಯಪುರದಲ್ಲಿ ನಿರ್ಮಾಣವಾಗಿರುವ ಮನೆಗಳ ಹಂಚಿಕೆ,Distribution of houses built in Vijayapur,ಬಸನಗೌಡ ಆರ್ ಪಾಟೀಲ್,Basanagowda R Patil
2745,17/03/2017,ಗ್ರಾಮೀಣಾಭಿವೃದ್ಧಿ ಮತ್ತು ಪಂಚಾಯತ್ ರಾಜ್,Rural Development and Panchayat Raj,ಗ್ರಾಮೀಣಾಭಿವೃದ್ಧಿ ಇಲಾಖೆಯಲ್ಲಿ ರಸ್ತೆ ಅಭೀವೃದ್ಧಿ ಬಗ್ಗೆ,Road Improvement in Rural Development Department,ಬಸನಗೌಡ ಆರ್ ಪಾಟೀಲ್,Basanagowda R Patil
2746,17/03/2017,ಸಾರಿಗೆ,Transport,ಚಾಲಕರಿಗೆ/ನಿರ್ವಾಹಕರಿಗೆ ನೀಡುವ ಸೌಲಭ್ಯದ ಬಗ್ಗೆ,About the facility offered to drivers / administrators,ಬಸನಗೌಡ ಆರ್ ಪಾಟೀಲ್,Basanagowda R Patil
2747,17/03/2017,ವಕ್ಛ್,Vachch,ವಕ್ಫ್ ಆಸ್ತಿ ಬಗ್ಗೆ,About Wakf Property,ಬಸನಗೌಡ ಆರ್ ಪಾಟೀಲ್,Basanagowda R Patil
2748,17/03/2017,ಪ್ರಾಥಮಿಕ ಮತ್ತು ಪ್ರೌಢ ಶಿಕ್ಷಣ,Primary and Secondary Education,"ದೈಹಿಕ ಶಿಕ್ಷಕರು, ಟಿ.ಜಿ.ಟಿ ಶಿಕ್ಷಕರು, ವೃತ್ತಿ ಶಿಕ್ಷಕರು ಹಾಗೂ ಇತರರಿಗೆ ಹೆಚ್ಚುವರಿ ವೇತನ ಬಡ್ತಿ ಮಂಜೂರು ಮಾಡುವ ಬಗ್ಗೆ","About granting extra pay promotion to physical teachers, TGT teachers, career teachers and others",ಬಸವರಾಜ ಶಿವಲಿಂಗಪ್ಪ ಹೊರಟ್ಟಿ,Basavaraja Shivalingappa Horatti
2749,17/03/2017,ಉನ್ನತ ಶಿಕ್ಷಣ,Higher education,"ರಾಜ್ಯದ ವಿಶ್ವವಿದ್ಯಾಲಯಗಳಲ್ಲಿ ಗುತ್ತಿಗೆ, ಸಂಚಿತ ವೇತನ, ಹೊರ ಗುತ್ತಿಗೆ ಹಾಗೂ ಇತರೆ ವಿಧಾನಗಳಲ್ಲಿ ಕೆಲಸ ನಿರ್ವಹಿಸುತ್ತಿರುವ ಸಿಬ್ಬಂದಿಯನ್ನು ವಿಲೀನಗೊಳಿಸುವ ಬಗ್ಗೆ","About merging staff working in state universities, contracted salaries, outsourced and other ways",ಬಸವರಾಜ ಶಿವಲಿಂಗಪ್ಪ ಹೊರಟ್ಟಿ,Basavaraja Shivalingappa Horatti
2750,17/03/2017,ಪ್ರಾಥಮಿಕ ಮತ್ತು ಪ್ರೌಢ ಶಿಕ್ಷಣ,Primary and Secondary Education,ವತನ ತಡೆ ಹಿಡಿದಿರುವ ಬಗ್ಗೆ,About the barrier,ಬಸವರಾಜ ಶಿವಲಿಂಗಪ್ಪ ಹೊರಟ್ಟಿ,Basavaraja Shivalingappa Horatti
2751,17/03/2017,ಗ್ರಾಮೀಣಾಭಿವೃದ್ಧಿ ಮತ್ತು ಪಂಚಾಯತ್ ರಾಜ್,Rural Development and Panchayat Raj,ಗ್ರಾಮೀಣ ಪ್ರದೇಶದ ಜನ ಹಾಗೂ ಝಾನುವಾರುಗಳಿಗೆ ಕುಡಿಯುವ ನೀರು ಪೂರೈಸುವ ಬಗ್ಗೆ,About providing drinking water to rural people and livestock,ಬಸವರಾಜ ಶಿವಲಿಂಗಪ್ಪ ಹೊರಟ್ಟಿ,Basavaraja Shivalingappa Horatti
2752,17/03/2017,ಗ್ರಾಮೀಣಾಭಿವೃದ್ಧಿ ಮತ್ತು ಪಂಚಾಯತ್ ರಾಜ್,Rural Development and Panchayat Raj,ಕೆರೆಗಳ ಅಭಿವೃದ್ಧಿ ಕುರಿತು,About the development of lakes,ಬಸವರಾಜ ಪಾಟೀ ಇಟಗಿ,Basavaraja Patil Itagi
2753,17/03/2017,ಗಣಿ ಮತ್ತು ಭೂ ವಿಜ್ಞಾನ,Mine and geology,ಮರಳಿಗೆ ಕೃತಕ ಅಭಾವ ಸೃಷ್ಟಿಸಿರುವ ಬಗ್ಗೆ,About creating artificial deprivation for the sand,ಲಕ್ಷೀನಾರಾಯಣ .ಎಂ.ಡಿ,Lakshmi Narayana MD
2754,17/03/2017,ಗ್ರಾಮೀಣಾಭಿವೃದ್ಧಿ ಮತ್ತು ಪಂಚಾಯತ್ ರಾಜ್,Rural Development and Panchayat Raj,ಮಹಾತಗಾಂಧಿ ರಾಷ್ಟ್ರೀಯ ಗ್ರಾಮೀಣ ಉದ್ರೋಗ ಖಾತರಿ ಯೋಜನೆ ಬಗ್ಗೆ,About the Mahatma Gandhi National Rural Therapy Warranty Plan,ಲಕ್ಷೀನಾರಾಯಣ .ಎಂ.ಡಿ,Lakshmi Narayana MD
2755,17/03/2017,ಪ್ರಾಥಮಿಕ ಮತ್ತು ಪ್ರೌಢ ಶಿಕ್ಷಣ,Primary and Secondary Education,ತುಮಕೂರು ಜಿಲ್ಲೆಯಲ್ಲಿ ಸರ್ಕಾರಿ ಪ್ರಾಥಮಿಕ ಶಾಲೆಗಳ ತರಗತಿಯಲ್ಲಿನ ಹಾಜರಾತಿ ಕುರಿತು,About attendance in government primary schools in Tumkur district,ಲಕ್ಷೀನಾರಾಯಣ .ಎಂ.ಡಿ,Lakshmi Narayana MD
2756,17/03/2017,ಗ್ರಾಮೀಣಾಭಿವೃದ್ಧಿ ಮತ್ತು ಪಂಚಾಯತ್ ರಾಜ್,Rural Development and Panchayat Raj,ತುಮಕೂರು ಜಿಲ್ಲೆಯ ಗ್ರಾಮಗಳ ವಿವರ ಕುರಿತು,About the villages in Tumkur district,ಲಕ್ಷೀನಾರಾಯಣ .ಎಂ.ಡಿ,Lakshmi Narayana MD
2757,17/03/2017,ಅಲ್ಪಾಸಂಖ್ಯಾತರ ಕಲ್ಯಾಣ,Minorities Welfare,ಖಾಸಗಿಯವರು ನೆಡೆಸುತ್ತಿರುವ ಪ್ಲೇ ಹೋಂಗಳ ಬಗ್ಗೆ,"About Play Halls, which the private sector runs",ಲಕ್ಷೀನಾರಾಯಣ ಎಂ.ಡಿ,Lakshmi Narayana MD
2758,17/03/2017,ಪ್ರಾಥಮಿಕ ಮತ್ತು ಪ್ರೌಢ ಶಿಕ್ಷಣ,Primary and Secondary Education,ಸರ್ಕಾರಿ ಪದವಿ ಪೂರ್ವ ಕಾಲೇಜುಗಳ ಪ್ರಾಂಶುಪಾಲರ ಹುದ್ದೆಗಳನ್ನು ಭರ್ತಿ ಮಾಡುವ ಬಗ್ಗೆ,About filling up the posts of Principal's Government Colleges,ಶ್ರೀಕಂಠೇಗೌಡ .ಕೆ.ಟಿ,Srikantegowda KT
2759,17/03/2017,ಉನ್ನತ ಶಿಕ್ಷಣ,Higher education,ಅನುದಾನಿತ ಪಥಮ ದರ್ಜೆ ಕಾಲೇಜುಗಳಿಂದ ಬೇರ್ಪಟ್ಟ ಪದವಿ ಪೂರ್ವ ಕಾಲೇಜುಗಳ ಬಗ್ಗೆ,About Degree Pre-Colleges Separated from Aided First Class Colleges,ಶ್ರೀಕಂಠೇಗೌಡ .ಕೆ.ಟಿ,Srikantegowda KT
2760,17/03/2017,ಪ್ರಾಥಮಿಕ ಮತ್ತು ಪ್ರೌಢ ಶಿಕ್ಷಣ,Primary and Secondary Education,ಶಿಕ್ಷಕರ ಬಡ್ತಿಯ ಬಗ್ಗೆ,About Teachers' Promotion,ಶ್ರೀಕಂಠೇಗೌಡ .ಕೆ.ಟಿ,Srikantegowda KT
2761,17/03/2017,ಪ್ರಾಥಮಿಕ ಮತ್ತು ಪ್ರೌಡ ಶಿಕ್ಷಣ,Primary and secondary education,ಶಿಕ್ಷಕರ ಬಡ್ತಿಯ ಬಗ್ಗೆ,About Teachers' Promotion,ಶ್ರೀಕಂಠೇಗೌಡ .ಕೆ.ಟಿ,Srikantegowda KT
2762,17/03/2017,ಪ್ರಾಥಮಿಕ ಮತ್ತು ಪ್ರೌಢ ಶಿಕ್ಷಣ,Primary and Secondary Education,೧೯೯೫ರ ನಂತರ ಪ್ರಾರಂಭವಾದ ಕನ್ನಡ ಮಾದ್ಯಮ ಶಾಲಾ-ಕಾಲೇಜುಗಳ ವೇತನಾನುದಾನದ ಬಗ್ಗೆ,About the pedagogy of Kannada medium school-colleges that began in 1995,ಶ್ರೀಕಂಠೇಗೌಡ .ಕೆ.ಟಿ,Srikantegowda KT
2763,17/03/2017,ಸಾರಿಗೆ,Transport,ಮದ್ದೂರು ತಾಲ್ಲೂಕು ಕೊಪ್ಪ ಗ್ರಾಮದ ಬಸ್ ನಿಲ್ದಾಣದ ಬಗ್ಗೆ,Maddur taluk about the bus station of Koppa village,ಶ್ರೀಕಂಠೇಗೌಡ .ಕೆ.ಟಿ,Srikantegowda KT
2764,17/03/2017,ಗ್ರಾಮೀಣಾಭಿವೃದ್ಧಿ ಮತ್ತು ಪಂಚಾಯತ್ ರಾಜ್,Rural Development and Panchayat Raj,ರಾಜ್ಯದಲ್ಲಿ ಹೊಸದಾಗಿ ಸೃಜಿಸಲಾದ ಗ್ರಾಮ ಪಂಚಾಯತಿಗಳ ಬಗ್ಗೆ,About newly created village panchayats in the state,ಮೋಟಮ್ಮ,Motamma
2765,17/03/2017,ವಸತಿ,Housing,ಚಿಕ್ಕಮಗಳೂರು ಜಿಲ್ಲೆಯಲ್ಲಿರುವ ವಸತಿ ರಹಿತ ಜನರ ಬಗ್ಗೆ,About Non-Resident People in Chikmagalur District,ಮೋಟಮ್ಮ,Motamma
2766,17/03/2017,ಗಣಿ ಮತ್ತು ಭೂ ವಿಜ್ಙಾನ,Mine and landscape,ಮಂಡ್ಯ ಜಿಲ್ಲೆಯಲ್ಲಿ ಗಣಿಗಾರಿಕೆ ಬಗ್ಗೆ,About mining in Mandya district,ಅಪ್ಪಾಜಿಗೌಡ .ಎನ್,Appajigowda N
2767,17/03/2017,ಪ್ರಾಥಮಿಕ ಮತ್ತು ಪ್ರೌಢ ಶಿಕ್ಷಣ,Primary and Secondary Education,ಪಠ್ಯಪುಸ್ತಕ ಪರಿಷ್ಕರಣೆ ಕುರಿತು,About textbook revision,ಅರುಣ ಶಹಾಪುರ,Aruna Shahaapura
2768,17/03/2017,ಪ್ರಾಥಮಿಕ ಮತ್ತು ಪ್ರೌಡ ಶಿಕ್ಷಣ,Primary and secondary education,ಸರ್ಕಾರಿ ಪದವಿ ಪೂರ್ವ ಕಾಲೇಜು ಕಟ್ಟಡ ಶಿಥಿಲಗೊಂಡಿರುವ ಬಗ್ಗೆ,About Degradation of Government Degree College Building,ಜಯಮ್ಮ,Jayamma
2769,17/03/2017,ವಸತಿ,Housing,ಗೊಲ್ಲರ ಹಟ್ಟಿಗಳಿಗೆ ವಸತಿ ಸೌಕರ್ಯ ಕಲ್ಪಿಸುವ ಬಗ್ಗೆ,About housing housing facilities,ಜಯಮ್ಮ,Jayamma
2770,17/03/2017,ಗಮೀಣಾಭಿವೃದ್ಧಿ ಮತ್ತು ಪಂಚಾಯತ್ ರಾಜ್,Rural Development and Panchayat Raj,ಇ-ಸ್ವತ್ತು ಕುರಿತು,About e-asset,ಜಯಮಾಲ ರಾಮಚಂದ್ರ,Jayamala Ramachandra
2771,17/03/2017,ಪ್ರಾಥಮಿಕ ಮತ್ತು ಪ್ರೌಢಶಿಕ್ಷಣ,Primary and secondary education,ಸರ್ಕಾರಿ ಶಾಲೆಗಳಲ್ಲಿ ಖಾಲಿ ಇರುವ ದೈಹಿಕ ಶಿಕ್ಷಕರ ಹುದ್ದೆಗಳನ್ನು ಭರ್ತಿ ಮಾಡುವ ಬಗ್ಗೆ,Filling of vacant physical teachers posts in government schools,ರಾಮಚಂದ್ರಗೌಡ,Ramachandra Gowda
2772,17/03/2017,ಪ್ರಾಥಮಿಕ ಮತ್ತು ಪ್ರೌಢ ಶಿಕ್ಷಣ,Primary and Secondary Education,ಆರ್ ಟಿ ಇ ಸೀಟುಗಳ ಪ್ರದೇಶಕ್ಕೆ ಪರೀಕ್ಷಾರ್ಥ ಅರ್ಜಿ ಸ್ವೀಕಾರ ಪ್ರಕ್ರಿಯೆಯಲ್ಲಿ ತಾಂತ್ರಿಕ ದೋಷ ಉಂಟಾಗಿರುವ ಕುರಿತು,Regarding a technical error in the application form acceptance process for area of ​​RTE seats,ರಾಮಚಂದ್ರಗೌಡ,Ramachandra Gowda
2773,17/03/2017,ಪ್ರಾಥಮಿಕ ಮತ್ತು ಪ್ರೌಡ ಶಿಕ್ಷಣ,Primary and secondary education,ಸರ್ಕಾರಿ ಅನುದಾನಿತ ಶಾಲೆಗಳ ಮಕ್ಕಳಿಗೂ ಸಮವಸ್ತ್ರ ಮತ್ತು ಷೂ ಗಳನ್ನು ನೀಡುವ ಬಗ್ಗೆ,Providing uniforms and shoes for children of government-funded schools,ರಾಮಚಂದ್ರಗೌಡ,Ramachandra Gowda
2774,17/03/2017,ಪ್ರಾಥಮಿಕ ಮತ್ತು ಪ್ರೌಡ ಶಿಕ್ಷಣ,Primary and secondary education,"ಶಲಾ ಮಕ್ಕಳ ಪುಸ್ತಕಗಳ ಚೀಲದ ತೂಕವು ಅತ್ಯಂತ ಜಾಸ್ತಿಯಿದ್ದು, ಇದರಿಂದ ಮಕ್ಕಳಲ್ಲಿ ಉಂಟಾದಗಿರಿರುವ ದೈಹಿಕ ತೊಂದರೆಯ ಕುರಿತು","The weight of the bag of Shala children's books is extremely high, and it is about the physical disorder caused by children",ರಾಮಚಂದ್ರಗೌಡ,Ramachandra Gowda
2775,17/03/2017,ಪ್ರಾಥಮಿಕ ಮತ್ತು ಪ್ರೌಢ ಶಿಕ್ಷಣ,Primary and Secondary Education,ಪ್ರೌಡ ಶಾಲೆ ಮತ್ತು ಪಿ.ಯು. ಕಾಲೇಜುಗಳಲ್ಲಿ ಖಾಲಿ ಹುದ್ದೆ ತುಂಬುವ ಕುರಿತು,High School and PU About filling up vacancy in colleges,ರಮೇಶ್ ಬಾಬು,Ramesha Babu
2776,17/03/2017,ಉನ್ನತ ಶಿಕ್ಷಣ,Higher education,ರಾಷ್ಟ್ರೀಯ ಉಚ್ಚತಾ ಶಿಕ್ಷಣ ಅಭಿಯಾನದ ಅನುದಾನದ ಕುರಿತು,About the National Utility Education Campaign,ರಮೇಶ್ ಬಾಬು,Ramesha Babu
2777,17/03/2017,ಪ್ರಾಥಮಿಕ ಮತ್ತು ಪ್ರೌಡ ಶಿಕ್ಷಣ,Primary and secondary education,ಚಿತ್ರದುರ್ಗ ತಾಲ್ಲೂಕಿನ ಸರ್ಕಾರಿ ಶಾಲೆಗಳಲ್ಲಿ ಇಂಗ್ಲೀಷ್ ಶಿಕ್ಷಕರ ಹುದ್ದೆ ಕುರಿತು,About English Teachers' Education in Government Schools in Chitradurga Taluk,ರಘು ಆಚಾರ್ .ಜಿ,Raghu Achar G
2778,17/03/2017,ಗ್ರಾಮೀಣಾಭಿವೃದ್ಧಿ ಮತ್ತು ಪಂಚಾಯತ್ ರಾಜ್,Rural Development and Panchayat Raj,ಪಂಚಾಯ್ತಿಗಳ ವ್ಯಾಪ್ತಿಗೆ ಬರುವ ಬೀದಿ ದೀಪಗಳಿಗೆ ಎಲ್‌ಇಡಿ ದೀಪಗಳ ಅಳವಡಿಕೆ ಕುರಿತು,About installing LED lights for street lights coming under the purview of arbitrage,ರಘು ಆಚಾರ್ .ಜಿ,Raghu Achar G
2779,17/03/2017,ಗಮೀಣಾಭಿವೃದ್ಧಿ ಮತ್ತು ಪಂಚಾಯತ್ ರಾಜ್,Rural Development and Panchayat Raj,ನಿರ್ಮಲ ಭಾರತ ಅಭಿಯಾನ ಯೋಜನೆ,Nirmala India campaign plan,ರಘುನಾಥ ರಾವ್ ಮಲ್ಕಾಪೂರೆ,Raghunath Rao Malkapore
2780,17/03/2017,ಪ್ರಾಥಮಿಕ ಮತ್ತು ಪ್ರೌಢ ಶಿಕ್ಷಣ,Primary and Secondary Education,ಗಣಿತ ಉಪನ್ಯಾಸಕರನ್ನು ವೇತನ ಅನುದಾನಕ್ಕೆ ಒಳಪಡಿಸುವ ಬಗ್ಗೆ,About granting math lecturers a wage grant,ರಘುನಾಥ ರಾವ್ ಮಲ್ಕಾಪೂರೆ,Raghunath Rao Malkapore
2781,17/03/2017,ಪ್ರಾಥಮಿಕ ಮತ್ತು ಪ್ರೌಢ ಶಿಕ್ಷಣ,Primary and Secondary Education,ಶೌಚಾಲಯಗಳ ಕೊರತೆ,Lack of toilets,ರಘುನಾಥ ರಾವ್ ಮಲ್ಕಾಪೂರೆ,Raghunath Rao Malkapore
2782,17/03/2017,ವಸತಿ,Housing,ವಸತಿ ರಹಿತರ ಸಮೀಕ್ಷೆ,Non-Housing Survey,ರಘುನಾಥ ರಾವ್ ಮಲ್ಕಾಪೂರೆ,Raghunath Rao Malkapore
2783,17/03/2017,ಗ್ರಾಮೀಣಾಭಿವೃದ್ಧಿ ಮತ್ತು ಪಂಚಾಯತ್ ರಾಜ್,Rural Development and Panchayat Raj,ಬೀದರ್ ಜಿಲ್ಲೆಯಲ್ಲಿ ಗ್ರಾಮ ಪಂಚಾಯತಿ ಸಿಬ್ಬಂದಿಗಳನ್ನು ಖಾಯಂ ಮಾಡುವ ಬಗ್ಗೆ,Regarding the Panchayat staff permanent in Bidar district,ರಘುನಾಥ ರಾವ್ ಮಲ್ಕಾಪೂರೆ,Raghunath Rao Malkapore
2784,17/03/2017,ಗಣಿ ಮತ್ತು ಭೂವಿಜ್ಞಾನ,Mine and geology,ರಾಜ್ಯದಾದ್ಯಂತ ಅಕ್ರಮ ಮರಳುಗಾರಿಕೆ ಬಗ್ಗೆ,About illegal sanding across the state,ಐವಾನ್ ಡಿ ಸೋಜಾ,Ivan Disoza
2785,17/03/2017,ಉನ್ನತ ಶಿಕ್ಷಣ,Higher education,ಮಂಗಳೂರಿನಲ್ಲಿ ಸಂಜೆ ಪಾಲಿಟೆಕ್ನಿಕ್ ಸ್ಥಾಪಿಸುವ ಬಗ್ಗೆ,About setting up polytechnic in Mangalore,ಐವಾನ್ ಡಿ ಸೋಜಾ,Ivan Disoza
2786,17/03/2017,ಪ್ರಾಥಮಿಕ ಮತ್ತು ಪ್ರೌಢಶಿಕ್ಷಣ,Primary and secondary education,ಕ್ರೈಸ್ತ ಅಲ್ಪಸಂಖ್ಯಾತರ ಸಮುದಾಯದಿಂದ ನಡೆಸಲ್ಪಟ್ಟ ಶಿಕ್ಷಣ ಸಂಸ್ಥೆಗಳ ಬಗ್ಗೆ,About educational institutions run by the Community Minority Community,ಐವಾನ್ ಡಿ ಸೋಜಾ,Ivan Disoza
2787,17/03/2017,ಸಾರಿಗೆ,Transport,ಕೇಂದ್ರ ಸರ್ಕಾರ ಜಾರಿಗೆ ತರಲು ಉದ್ದೇಶಿಸಿದ ರೋಡ್ ಟ್ರಾನ್ಸ್‌ಪೋರ್ಟ್ ಮತ್ತು ಸೇಪ್ಟಿ ಬಿಲ್ ಬಗ್ಗೆ,About Road Transport and the Safety Bill intended to be implemented by the Central Government,ಐವಾನ್ ಡಿ ಸೋಜಾ,Ivan Disoza
2788,17/03/2017,ಸಾರಿಗೆ,Transport,ಕರಾವಳಿ ಜಿಲ್ಲೆಗಳಲ್ಲಿ ಖಾಸಗಿ ಸಾರಿಗೆಯನ್ನು ರಾಷ್ಟ್ರೀಕರಣಗೊಳಿಸುವ ಬಗ್ಗೆ,Nationalization of Private Transport in Coastal Districts,ಐವಾನ್ ಡಿ ಸೋಜಾ,Ivan Disoza
2789,17/03/2017,ಉನತ ಶಿಕ್ಷಣ,Education,ಅತಿಥಿ ಉಪನ್ಯಾಸಕರಿಗೆ ಗೌರವಧನ ಹೆಚ್ಚಿಸುವ ಪ್ರಸ್ತಾವನೆ ಬಗ್ಗೆ,About promotion of renewal for guest lecturers,ಕ್ಯಾಪ್ಟನ್ ಗಣೇಶ್ ಕಾರ್ಣಿಕ್,Capt. Ganesh Karnik
2790,17/03/2017,ಪ್ರಾಥಮಿಕ ಮತ್ತು ಪ್ರೌಢ ಶಿಕ್ಷಣ,Primary and Secondary Education,ಅಭ್ಯರ್ಥಿಗಳಿಗೆ ಬಿ.ಎಡ್ ಪದವಿಯನ್ನು ಪೂರೈಸಲು ಅವಕಾಶ ಕಲ್ಪಿಸುವ ಕುರಿತು,About allowing candidates to fulfill the B.Ed degree,ಕ್ಯಾಪ್ಟನ್ ಗಣೇಶ್ ಕಾರ್ಣಿಕ್,Capt. Ganesh Karnik
2791,17/03/2017,ಉನ್ನತ ಶಿಕ್ಷಣ,Higher education,ಮಂಳೂರು ಮಹಾನಗರ ವ್ಯಾಪ್ತಿಯಲ್ಲಿರುವ ಸರ್ಕಾರಿ ಮಹಿಳಾ ಪಾಲಿಟೆಕ್ನಿಕ್ ಹಾಸ್ಟೆಲ್ ಹಾಗೂ ಶೌಚಾಲಯ ಸೇರಿದಂತೆ ಕಟ್ಟಡಗಳು ದುಸ್ತಿತಿಯಲ್ಲಿರುವ ಬಗ್ಗೆ,Buildings including government women's polytechnic hostel and toilet in Manlur metropolitan area,ಕ್ಯಾಪ್ಟನ್ ಗಣೇಶ್ ಕಾರ್ಣಿಕ್,Capt. Ganesh Karnik
2792,17/03/2017,ಪ್ರಾಥಮಿಕ ಮತ್ತು ಪ್ರೌಢ ಶಿಕ್ಷಣ,Primary and Secondary Education,ಪ್ರೊ: ವೈದ್ಯನಾಥನ್ ವರದಿಯ ಅನುಷ್ಠಾನ ಕುರಿತಂತೆ ಪದವಿ ಪೂರ್ವ ಇಲಾಖೆಯಿಂದ ದೈಯಿಕ ಶಿಕ್ಷಕರನ್ನು ನೇಮಕ ಮಾಡುವ ಬಗ್ಗೆ,Prof.: Appointment of Divine Teachers from the Department of Diversity on the implementation of the Vidyanathan Report.,ಕ್ಯಾಪ್ಟನ್ ಗಣೇಶ್ ಕಾರ್ಣಿಕ್,Capt. Ganesh Karnik
2793,17/03/2017,ಪ್ರಾಥಮಿಕ ಮತ್ತು ಪ್ರೌಢ ಶಿಕ್ಷಣ,Primary and Secondary Education,ಪ್ರಾಥಮಿಕ ಹಾಗೂ ಪ್ರೌಡ ಶಾಲೆಯ ಶಿಕ್ಷಕರಿಗೆ ತಿಂಗಳ ಸಂಬಳ ಬಡವಾಡೆ ತಡವಾಗುತ್ತಿರುವ ಬಗ್ಗೆ,About preparing monthly salaries for primary and high school teachers,ಕ್ಯಾಪ್ಟನ್ ಗಣೇಶ್ ಕಾರ್ಣಿಕ್,Capt. Ganesh Karnik
2794,17/03/2017,ವಸತಿ,Housing,ಕಾನೂನು ತೊಡಕುಗಳಿಂದಾಗಿ ವಸತಿ ಯೋಜನೆಗಳು ನೆನೆಗುದಿಗೆ ಬೀಳುತ್ತಿರುವ ಬಗ್ಗೆ,Concerns about housing schemes falling to the ground due to legal difficulties,ಕವಟಗಿಮಠ ಮಹಂತೇಶ ಮಲ್ಲಿಕಾರ್ಜುನ,Kavatimata Mahantesha Mallikarjuna
2795,17/03/2017,ಸಣ್ಣ ಕೈಗಾರಿಕೆ,Small industry,ರಾಜ್ಯದಲ್ಲಿ ಮಹಿಳಾ ಉದ್ಯಮಿಗಳನ್ನು ಮುಖ್ಯವಾಹಿನಿಗೆ ತರುವಲ್ಲಿ ವಿಫಲವಾಗಿರುವ ಬಗ್ಗೆ,About failing to bring women entrepreneurs to the mainstream in the state,ಕವಟಗಿಮಠ ಮಹಂತೇಶ ಮಲ್ಲಿಕಾರ್ಜುನ,Kavatimata Mahantesha Mallikarjuna
2796,17/03/2017,ಗ್ರಾಮೀಣಾಭಿವೃದ್ಧಿ ಮತ್ತು ಪಂಚಾಯತ್ ರಾಜ್,Rural Development and Panchayat Raj,ಗ್ರಾಮೀಣ ಭಾಗದಲ್ಲಿ ಕುಡಿಯುವ ನೀರಿನ ಸಮಸ್ಯೆ ಬಗೆಹರಿಸುವ ಬಗ್ಗೆ,About solving drinking water problems in rural areas,ಕವಟಗಿಮಠ ಮಹಂತೇಶ ಮಲ್ಲಿಕಾರ್ಜುನ,Kavatimata Mahantesha Mallikarjuna
2797,17/03/2017,ಗಣಿ ಮತ್ತು ಭೂ ವಿಜ್ಞಾನ,Mine and geology,ರಾಜ್ಯದಲ್ಲಿ ಅಕ್ರಮ ಮರಳು ದಂಧೆಯಿಂದ ಮರಳು ದುಬಾರಿಯಾಗಿರುವ ಬಗ್ಗೆ,"In the state, the sand is expensive from illegal sand dunes",ಕವಟಗಿಮಠ ಮಹಂತೇಶ ಮಲ್ಲಿಕಾರ್ಜುನ,Kavatimata Mahantesha Mallikarjuna
2798,17/03/2017,ಪ್ರಾಥಮಿಕ ಮತ್ತು ಪ್ರೌಢ ಶಿಕ್ಷಣ,Primary and Secondary Education,ರಾಜ್ಯದಲ್ಲಿ ಎಂಟನೇ ತರಗತಿ ಮಕ್ಕಳಿಗೆ ವಿತರಿಸುವ ಸೈಕಲ್‌ಗಳನ್ನು ಕಳಪೆಯಾಗಿರುವ ಕುರಿತು,About the poor grades of eighth grade children in the state are poor,ಕವಟಗಿಮಠ ಮಹಂತೇಶ ಮಲ್ಲಿಕಾರ್ಜುನ,Kavatimata Mahantesha Mallikarjuna
2799,17/03/2017,ಗಣಿ ಮತ್ತು ಭೂ ವಿಜ್ಞಾನ,Mine and geology,ರಾಜಧನದ ಶೇ. ೨೫ ರಷ್ಟು ಸ್ಥಳೀಯ ಸಂಸ್ಥೆಗಳಿಗೆ ನೀಡುವ ಕುರಿತು,% Of royalty About 25% of local organizations,ಕೋಟ ಶ್ರೀನಿವಾಸ ಪೂಜಾರಿ,Kota Srinivasa Pujari
2800,17/03/2017,ಮೂಲಭೂತ ಸೌಲಭ,Basic easy,ಬೆಂಗಳೂರು-ಹಾಸನ-ಮಂಗಳೂರು-ಉಡುಪಿ-ಕಾರವಾರ-ಮಾರ್ಗದಲ್ಲಿ ಹೊಸ ರೈಲು,New train on Bangalore-Hassan-Mangalore-Udupi-Karwar route,ಕೋಟ ಶ್ರೀನಿವಾಸ ಪೂಜಾರಿ,Kota Srinivasa Pujari
2801,17/03/2017,ಗ್ರಾಮೀಣಾಭಿವೃದ್ಧಿ ಮತ್ತು ಪಂಚಾಯತ್ ರಾಜ್,Rural Development and Panchayat Raj,"ಗ್ರಾಮೀಣಾಭಿವೃದ್ಧಿ ಮತ್ತು ಪಂಚಾಯತ್ ರಾಜ್,ಜಿಲ್ಲಾ ಪಂಚಾಯತ್ನಲ್ಲಿ ಕಾರ್ಯನಿರ್ವಯಿಸುತ್ತಿರುವ ತಾತ್ಕಾಲಿಕ ನೌಕರರನ್ನು ಖಾಯಂಗೊಳಿಸುವ ಕುರಿತು","Rural Development and Panchayat Raj, for Implementing Temporary Employees Executing Zilla Panchayat",ಕೋಟ ಶ್ರೀನಿವಾಸ ಪೂಜಾರಿ,Kota Srinivasa Pujari
2802,17/03/2017,ಪ್ರಾಥಮಿಕ ಮತ್ತು ಪ್ರೌಢ ಶಿಕ್ಷಣ,Primary and Secondary Education,ಪ್ರೌಢ ಶಾಲಾ ಶಿಕ್ಷಕರ ನೇಮಕಾತಿ,Appointment of High School Teachers,ಕೋಟ ಶ್ರೀನಿವಾಸ ಪೂಜಾರಿ,Kota Srinivasa Pujari
2803,17/03/2017,ವಸತಿ,Housing,ವಸತಿ ಯೋಜನೆ ಅನುಷ್ಠಾನದಲ್ಲಿನ ಗೊಂದಲ ಹಾಗೂ ಒತ್ತಡಗಳ ಕುರಿತು,Concerns about confusion and pressures in the implementation of housing schemes,ಕೋಟ ಶ್ರೀನಿವಾಸ ಪೂಜಾರಿ,Kota Srinivasa Pujari
2804,17/03/2017,ಗ್ರಾಮೀಣಾಭಿವೃದ್ಧಿ ಮತ್ತು ಪಂಚಾಯತ್ ರಾಜ್,Rural Development and Panchayat Raj,ಗಮೀಣಾಭಿವೃದ್ಧಿ ಮತ್ತು ಪಂಚಾಯತ್ ರಾಜ್ ಇಲಾಖೆಯ ಹುದ್ದೆಗಳ ಕುರಿತು,Regarding the posts of Department of Rural Development and Panchayat Raj,ssಸೋಮಣ್ಣ ಮ ಬೇವಿನಮರದ,Somanna Ma Bevinamara
2805,17/03/2017,ಗ್ರಾಮೀಣಾಭಿವೃದ್ಧಿ ಮತ್ತು ಪಂಚಾಯತ್ ರಾಜ್,Rural Development and Panchayat Raj,ತುಂಗಭದ್ರಾ ನದಿ ಪಾತ್ರದ ಹಳ್ಳಿಗಳಲ್ಲಿ ಕುಡಿಯುವ ನೀರಿಗೆ ತೊಂದರೆಯಾಗಿರುವ ಬಗ್ಗೆ,Tungabhadra river villages have problems with drinking water,ತಾರಾಅನೂರಾಧ,Tara Anuradha
2806,17/03/2017,ಸಾರಿಗೆ,Transport,ರಾಜ್ಯ ರಸ್ತೆ ಸಾರಿಗೆ ಸಂಸ್ಥೆಯಲ್ಲಿ ಹೊಸ ಬಸ್ಸುಗಳನ್ನು ಖರೀದಿಸುವ ಬಗ್ಗೆ,About buying new buses at State Road Transport Corporation,ತಾರಾಅನೂರಾಧ,Tara Anuradha
2807,17/03/2017,ಸಾರಿಗೆ,Transport,ರಾಜ್ಯ ರಸ್ತೆ ಸಾರಿಗೆ ಸಂಸ್ಥೆಯ ಬಸ್ಸುಗಳ್ಲಲಿ ಅಗ್ನಿಶಮನ ಉಪಕರಣ ಅಳವಡಿಸುವ ಬಗ್ಗೆ,About the implementation of fire-fighting equipment from state road transport buses,ತಾರಾಅನೂರಾಧ,Tara Anuradha
2808,17/03/2017,ಪ್ರಾಥಮಿಕ ಮತ್ತು ಪ್ರೌಢಶಿಕ್ಷಣ,Primary and secondary education,ಬಿಸಿಯೂಟ ಯೋಜನೆಯ ಬೇಳೆಕಾಳು ಹಾಗೂ ಅಕ್ಕಿಯನ್ನು ಹಾಡು ಹಗಲೇ ದರೋಡೆ ಮಾಡುತ್ತಿರುವ ಗ್ಗೆ,Gingerbread and rice are being robbed by the song,ಘೋಟ್ನೆಕರ ಶ್ರೀಕಾಂತ ಲಕ್ಷ್ಮಣ,Ghotnekara Srikanta Lakshmana
2809,17/03/2017,ಪ್ರಾಥಮಿಕ ಮತ್ತು ಪ್ರೌಢ ಶಿಕ್ಷಣ,Primary and Secondary Education,ಶಾಲಾ ಸಮವಸ್ತ್ರ ಖರೀದಿಯಲ್ಲಿ ಅವ್ಯವಹಾರ ಕುರಿತು,Discussion on school uniform purchase,ಘೋಟ್ನೆಕರ ಶ್ರೀಕಾಂತ ಲಕ್ಷ್ಮಣ,Ghotnekara Srikanta Lakshmana
2810,17/03/2017,ಗ್ರಾಮೀಣಾಭಿವೃದ್ಧಿ ಮತ್ತು ಪಂಚಾಯತ್ ರಾಜ್,Rural Development and Panchayat Raj,ಕುಡಿಯುವ ನೀರಿನ ಘಟಕಕ್ಕೆ ನೀಡಿರುವ ಅನುದಾನದಲ್ಲಿರುವ ಅವ್ಯವಹಾರದ ಕುರಿತು,Concerns over the disadvantage given to the drinking water unit,ಘೋಟ್ನೆಕರ ಶ್ರೀಕಾಂತ ಲಕ್ಷ್ಮಣ,Ghotnekara Srikanta Lakshmana
2811,17/03/2017,ಪ್ರಾಥಮಿಕ ಮತ್ತು ಪ್ರೌಢ ಶಿಕ್ಷಣ,Primary and Secondary Education,ಕಾರವಾರ ಜಿಲ್ಲೆಯ ಶಿಕ್ಷಣ ಇಲಾಖೆಯಲ್ಲಿ ಬೆಂಚ್ / ಡೆಸ್ಕ್ ಖರೀದಿಯಲ್ಲಿ ಆದ ಅವ್ಯವಹಾರದ ಬಗ್ಗೆ,Concerns about the bench / desk buyer in the Department of Education in Karwar district,ಘೋಟ್ನೆಕರ ಶ್ರೀಕಾಂತ ಲಕ್ಷ್ಮಣ,Ghotnekara Srikanta Lakshmana
2812,17/03/2017,ಪ್ರಾಥಮಿಕ ಮತ್ತು ಪ್ರೌಢ ಶಿಕ್ಷಣ,Primary and Secondary Education,ಶಿಕಣ ಇಲಾಖೆಯಲ್ಲಿ ಅತಿಥಿ ಶಿಕ್ಷಕರಿಗೆ ೫ ತಿಂಗಳುಗಳಿಂದ ವೇತನ ದೊರೆಯದೆ ಇರುವ ಬಗ್ಗೆ,Guest teachers have not been paid for 5 months in the Department of Education,ಘೋಟ್ನೆಕರ ಶ್ರೀಕಾಂತ ಲಕ್ಷ್ಮಣ,Ghotnekara Srikanta Lakshmana
2813,17/03/2017,ಗ್ರಾಮೀಣಾಭಿವೃದ್ಧಿ ಮತ್ತು ಪಂಚಾಯತ್ ರಾಜ್,Rural Development and Panchayat Raj,ಗ್ರಾಮ ವಿಕಾಸ ಯೋಜನೆ,Village evolution plan,ಚೌಡರೆಡ್ಡಿ ತೂಪಲ್ಲಿ .ಆರ್,Chowdareddy Tupalli R
2814,17/03/2017,ಉನ್ನತ ಶಿಕ್ಷಣ,Higher education,ಅತಿಥಿ ಉಪನ್ಯಾಸಕರ ಬಗ್ಗೆ,About Guest Lecturers,ಚೌಡರೆಡ್ಡಿ ತೂಪಲ್ಲಿ .ಆರ್,Chowdareddy Tupalli R
2815,17/03/2017,ಉನ್ನತ ಶಿಕ್ಷಣ,Higher education,ಕಾಲ್ಪನಿಕ ವೇತನದ ಬಗ್ಗೆ,About fictional pay,ಚೌಡರೆಡ್ಡಿ ತೂಪಲ್ಲಿ .ಆರ್,Chowdareddy Tupalli R
2816,17/03/2017,ಗ್ರಾಮೀಣಾಭಿವೃದ್ಧಿ ಮತ್ತು ಪಂಚಾಯತ್ ರಾಜ್,Rural Development and Panchayat Raj,ಜಿಲ್ಲಾ ಪಂಚಾಯತ್ ನೌಕರರ ಬಗ್ಗೆ,About Zilla Panchayat Employees,ಚೌಡರೆಡ್ಡಿ ತೂಪಲ್ಲಿ .ಆರ್,Chowdareddy Tupalli R
2817,17/03/2017,ಪ್ರಾಥಮಿಕ ಮತ್ತು ಪ್ರೌಢ ಶಿಕ್ಷಣ,Primary and Secondary Education,ಶಿಕ್ಷಣ ಸಂಸ್ಥೆಗಳನ್ನು ವೇತನಾನುದಾನಕ್ಕೆ ಒಳಪಡಿಸುವ ಬಗ್ಗೆ,About placing education institutions,ಚೌಡರೆಡ್ಡಿ ತೂಪಲ್ಲಿ .ಆರ್,Chowdareddy Tupalli R
2818,17/03/2017,ಪ್ರಾಥಮಿಕ ಮತ್ತು ಪ್ರೌಡ ಶಿಕ್ಷಣ,Primary and secondary education,ಪದವಿ ಕಾಲೇಜುಗಳಲ್ಲಿ ದೈಹಿಕ ಶಿಕ್ಷಣ ನೀಡುವ ಬಗ್ಗೆ,Physical education in graduate colleges,ಧರ್ಮಸೇನ .ಆರ್,Dharmasena R
2819,17/03/2017,ಪ್ರಾಥಮಿಕ ಮತ್ತು ಪ್ರೌಢ ಶಿಕ್ಷಣ,Primary and Secondary Education,ಶಾಲಾ ಮಕ್ಕಳ ಬಿಸಿಯೂಟಕ್ಕೆ ಪ್ರತ್ಯೇಕ ವ್ಯವಸ್ಥೆ,Separate arrangement for school children's feeding,ಧರ್ಮಸೇನ .ಆರ್,Dharmasena R
2820,17/03/2017,ವಸತಿ,Housing,ಕೊಳೆಗೇರಿ ನಿವಾಸಿಗಳಿಗೆ ನಿವೇಶನ ಹಂಚಿಕೆ ಬಗ್ಗೆ,Slum dwellers are talking about sharing of land,ಧರ್ಮಸೇನ .ಆರ್,Dharmasena R
2821,20/03/2017,ಆರೋಗ್ಯ,Health,ರಾಯಚೂರು ಜಿಲ್ಲೆಯಲ್ಲಿ ವೈದ್ಯರ ಕೊರತೆ ಕುರಿತು,Doctors lacking in Raichur district,ಬೋಸರಾಜು ಎನ್.ಎಸ್,Bosaraju N S
2822,20/03/2017,ಯೋಜನೆ ಮತ್ತು ಸಾಂಖ್ಯಿಕ,Plan and Numerical,೨೦೧೬-೧೭ ರಲ್ಲಿ ಹೈದ್ರಾಬಾದ್-ಕರ್ನಾಟಕ ಪ್ರವೇಶಾಭಿವೃದ್ಧಿ ಮಂಡಳಿಯಿಂದ ವಿವಧ ಜಿಲ್ಲೆಗಳಿಗೆ ನೀಡಿರುವ ಅನುದಾನದ ಬಗ್ಗೆ,About Grants to the Districts by the Hyderabad-Karnataka Entrepreneurship Board in 2016-17,ಬೋಸ್‌ರಾಜು .ಎನ್.ಎಸ್,Bosaraju N S
2823,20/03/2017,ಪ್ರವಾಸೋದ್ಯಮ,Tourism,ಹೈದ್ರಾಬಾದ್-ಕರ್ನಾಟಕ ಪ್ರದೇಶದ ಪ್ರವಾಸೋದ್ಯಮಗಳ ಅಭಿವೃದ್ಧಿ,Development of tourism in the Hyderabad-Karnataka region,ಬೋಸ್‌ರಾಜು .ಎನ್.ಎಸ್,Bosaraju N S
2824,20/03/2017,ಸಮಾಜ ಕಲ್ಯಾಣ,Social Welfare,ರಾಯಚೂರು ಜಿಲ್ಲೆಯಲ್ಲಿ ವಸತಿ ನಿಲಯಗಳ ಕೊರತೆ ಬಗ್ಗೆ,About the lack of hostels in Raichur district,ಬೋಸ್‌ರಾಜು .ಎನ್.ಎಸ್,Bosaraju N S
2825,20/03/2017,ಆಹಾರ ಮತ್ತು ನಾಗರಿಕ ಸರಬರಾಜು,Food and Civil Supplies,ರಾಯಾಚೂರು ಜಿಲ್ಲೆಯಲ್ಲಿರುವ ಬಿಪಿಎಲ್ ಮತ್ತು ಎಪಿಎಲ್ ಕಾರ್ಡುದಾರರ ಬಗ್ಗೆ,About BPL and APL Cardiards in Raichur District,ಬೋಸ್‌ರಾಜು .ಎನ್.ಎಸ್,Bosaraju N S
2826,20/03/2017,ಆರೋಗ್ಯ ಮತ್ತು ಕುಟುಂಬ ಕಲ್ಯಾಣ,Health and family welfare,ರಾಜ್ಯದಲ್ಲಿರುವ ಆಯುರ್ವೇದ ಆಸ್ಪತ್ರೆಳಿಗೆ ಉತ್ತೇಜನ ನೀಡುವ ಬಗ್ಗೆ,About promoting Ayurvedic hospital in the state,ಸುನಿಲ್ ಸುಬ್ರಮಣಿ .ಎಂ.ಪಿ,Sunil Subramani M P
2827,20/03/2017,ಸಮಾಜ ಕಲ್ಯಾಣ,Social Welfare,ಮೊರಾರ್ಜಿ ದೇಸಾಯಿ ಮತ ಕಿತ್ತೂರು ರಾಣಿ ಚೆನ್ನಮ್ಮ ವಸತಿ ಶಾಲೆಗಳ ಬಗ್ಗೆ,Morarji Desai Vote About Kittur Rani Chennamma Housing Schools,ಸಯದ್ ಮಧೀರ್ ಆಗಾ,Syed Madir Aga
2828,20/03/2017,ಆರೋಗ್ಯ ಮತ್ತು ಕುಟುಂಬ ಕಲ್ಯಾಣ,Health and family welfare,ಕರ್ನಾಟಕ ವದ್ಯಕೀಯ ಮಂಡಳಿ ಬಗ್ಗೆ,About Karnataka Vocational Board,ಸಮಣ್ಣ ಮ ಬೇವಿನಮರದ,Samanna Ma Bevinamara
2829,20/03/2017,ಸಮಾಜ ಕಲ್ಯಾಣ,Social Welfare,ಸರ್ಕಾರಿ ವಸತಿ ಶಿಕ್ಷಣ ಸಂಸ್ಥೆಗಳಲ್ಲಿ ಸಂಗೀತ ಶಿಕ್ಷಕರ ಬಗ್ಗೆ,About Music Teacher at Government Housing Institutions,ಸಮಣ್ಣ ಮ ಬೇವಿನಮರದ,Samanna Ma Bevinamara
2830,20/03/2017,ಆರೋಗ್ಯ ಮತ್ತು ಕುಟುಂಬ ಕಲ್ಯಾಣ,Health and family welfare,ವೈದ್ಯರ ಮೇಲೆ ಹಲ್ಲೆ ವಿಚಾರ,The assault on the doctor,ಸಮಣ್ಣ ಮ ಬೇವಿನಮರದ,Samanna Ma Bevinamara
2831,20/03/2017,ಸಮಾಜ ಕಲ್ಯಾಣ,Social Welfare,ಸಮಾಜ ಕಲ್ಯಾಣ ಇಲಾಖೆಯಿಂದ ಜಾರಿ ಮಾಡಿದ ಯೋಜನೆಗಳ ಬಗ್ಗೆ,About projects implemented by the Social Welfare Department,ಸಮಣ್ಣ ಮ ಬೇವಿನಮರದ,Samanna Ma Bevinamara
2832,20/03/2017,ಮಹಿಳಾ ಮತ್ತು ಮಕ್ಕಳ ಅಭಿವೃದ್ಧಿ,Women and Child Development,೨೦೧೩ ರಿಂದ ಹಾವೇರಿ ಜಿಲ್ಲೆಯಲ್ಲಿ ಭಾಗ್ಯಲಕ್ಷ್ಮೀ ಯೋಜನೆ ಬಗ್ಗೆ,About Bhagyalakshmi Scheme in Haveri district since 2013,ಸಮಣ್ಣ ಮ. ಬೇವಿನಮರದ,Samanna Ma Bevinamara
2833,20/03/2017,ಯೋಜನೆ ಮತ್ತು ಸಾಂಖ್ಯಿಕ,Plan and Numerical,ಮಲೆನಾಡು ಪ್ರದೇಶಾಭಿವೃದ್ಧಿ ಮತ್ತು ಬಯಲು ಪ್ರದೇಶಾಭಿವೃದ್ಧಿ ಅನುದಾನದ ಬಗ್ಗೆ,About Malnad Region Development and Plain Area Development,ಸಮಣ್ಣ ಮ. ಬೇವಿನಮರದ,Samanna Ma Bevinamara
2834,20/03/2017,ಆರೋಗ್ಯ ಮತ್ತು ಕುಟುಂಬ ಕಲ್ಯಾಣ,Health and family welfare,ರಾಜ್ಯ ಸರ್ಕಾರ ಹಾಗೂ ಕೇಂದ್ರ ಸರ್ಕಾರದ ಎನ್.ಹೆಚ್.ಎಂ. ಯೋಜನೆಯಡಿ ಕಾರ್ಯನಿರ್ವಹಿಸುತ್ತಿರುವ ಆಯುಷ್ ವೈದ್ಯರುಗಳ ಕುರಿತು,State Government and Central Government NHM About Ayush doctors working under the scheme,ಸಮಣ್ಣ ಮ. ಬೇವಿನಮರದ,Samanna Ma Bevinamara
2835,20/03/2017,ಆರೋಗ್ಯ ಮತ್ತು ಕುಟುಂಬ ಕಲ್ಯಾಣ,Health and family welfare,ರಾಜ್ಯದಲ್ಲಿ ಸ್ವಾಸ್ಥ್ಯ ಬೀಮಾ ಯೋಜನೆಯ ಬಗ್ಗೆ,About the Wellness Beima Project in the State,ಸಮಣ್ಣ ಮ. ಬೇವಿನಮರದ,Samanna Ma Bevinamara
2836,20/03/2017,ಆಹಾರ ಮತ್ತು ನಾಗರಿಕ ಸರಬರಾಜು,Food and Civil Supplies,ಸಾಮಾನ್ಯ ವರ್ಗದ ಜನರಿಗೆ ಎಲ್.ಪಿ.ಜಿ. ಸಂಪರ್ಕ ಕುರಿತು,LPG is for people of common class About contact,ಸೋಮಣ್ಣ .ವಿ,Somanna V
2837,20/03/2017,ಸಮಾಜ ಕಲ್ಯಾಣ,Social Welfare,ಬೆಂಗಳೂರು ಜಲ್ಲೆಯ ಪುರುಷ ಮತ್ತು ಮಹಿಳಾ ವಸತಿ ನಿಲಯಗಳ ಕುರಿತು,About Male and Women Hostels in Bangalore District,ನಾರಾಯಣಸ್ವಾಮಿ .ಎಂ,Narayanaswamy M
2838,20/03/2017,ಮಹಿಳಾ ಮತ್ತು ಮಕ್ಕಳ ಅಭಿವೃದ್ಧಿ,Women and Child Development,ಅಂಗನವಾಡಿ ಕಂದ್ರಗಳಿಗೆ ಪೂರೈಸುವ ಆಹಾರ ಸರಬರಾಜು ಕುರಿತು,About food supplies supplied to anganwadi centers,ನಾರಾಯಣಸ್ವಾಮಿ .ಎಂ,Narayanaswamy M
2839,20/03/2017,ಆರೋಗ್ಯ ಮತ್ತು ಕುಟುಂಬ ಕಲ್ಯಾಣ,Health and family welfare,ಪ್ರಾಥಮಿಕ ಆರೋಗ್ಯ ಮತ್ತು ರಕ್ತ ನಿಧಿ ಘಟಕಗಳ ಬಗ್ಗೆ,About Primary Health and Blood Funding Units,ನಾರಾಯಣಸ್ವಾಮಿ .ಎಂ,Narayanaswamy M
2840,20/03/2017,ಕನ್ನಡ ಮತ್ತು ಸಂಸ್ಕೃತಿ,Kannada and culture,ಕಲಾ ತಂಡಗಳ ಬಗ್ಗೆ,About Art Teams,ನಾರಾಯಣಸ್ವಾಮಿ .ಎಂ,Narayanaswamy M
2841,20/03/2017,ಮಹಿಳಾ ಮತ್ತು ಮಕ್ಕಳ ಅಭಿವೃದ್ಧಿ,Women and Child Development,ಮಹಿಳಾ ಸ್ವ ಸಹಾಯ ಸಂಘಗಳ ಬಗ್ಗೆ,About Women's Self Help Societies,ನಾರಾಯಣಸ್ವಾಮಿ .ಎಂ,Narayanaswamy M
2842,20/03/2017,ಸಮಾಜ ಕಲ್ಯಾಣ,Social Welfare,ಮೈಸೂರು ಮತ್ತು ಚಾಮರಾಜನಗರ ಜಿಲ್ಲೆಯ ವಸತಿ ಶಾಲೆಗಳಲ್ಲಿ ಅಡುಗೆ ಸಹಾಯಕರ ಕೊರತೆ ಬಗ್ಗೆ,About the lack of catering helpers in residential schools in Mysore and Chamarajanagar district,ನಾಗರಾಜ್ .ಎಸ್,Nagaraja S
2843,20/03/2017,ಆರೋಗ್ಯ ಮತ್ತು ಕುಟುಂಬ ಕಲ್ಯಾಣ,Health and family welfare,ಚಾಮರಾಜನಗರ ಜಿಲ್ಲೆಯ ವೈದ್ಯರ ವೈದ್ಯಕೀಯ ಸಿಬ್ಬಂದಿಯ ಕೊರತೆ,Lack of doctors' medical staff in Chamarajanagar district,ನಾಗರಾಜ್ .ಎಸ್,Nagaraja S
2844,20/03/2017,ಸಮಾಜ ಕಲ್ಯಾಣ,Social Welfare,ಚಾಮರಾಜನಗರ ಜಿಲ್ಲೆಯ ಮೊರಾರ್ಜಿ ವಸತಿ ಶಾಲೆಗಳ ಬಗ್ಗೆ,About Morarji Housing Schools in Chamarajanagar District,ನಾಗರಾಜ್ .ಎಸ್,Nagaraja S
2845,20/03/2017,ಸಮಾಜ ಕಲ್ಯಾಣ,Social Welfare,ಚಾಮರಾಜನಗರ ಜಿಲ್ಲೆಯ ಮೊರಾರ್ಜಿ ವಸತಿ ಶಾಲೆಗಳ ಬಗ್ಗೆ,About Morarji Housing Schools in Chamarajanagar District,ನಾಗರಾಜ್ .ಎಸ್,Nagaraja S
2846,20/03/2017,ಸಮಾಜ ಕಲ್ಯಾಣ,Social Welfare,ಕುಳಗೇರಿ ನವೋದಯ ವಸತಿ ಶಾಲೆ ಕುರಿತು,About Cuddalore Renaissance Housing School,ನಿರಾಣಿ ಹನುಮಂತ್ ರುದ್ರಪ್ಪ,Nirani Hanumanth Rudrappa
2847,20/03/2017,ಹಿಂದುಳಿದ ವರ್ಗಗಳ ಕಲ್ಯಾಣ,Welfare of Backward Classes,ಗಂಗಾ ಕಲ್ಯಾಣ ಯೋಜನೆ ಕುರಿತು,About Ganga Welfare Scheme,ನಿರಾಣಿ ಹನುಮಂತ್ ರುದ್ರಪ್ಪ,Nirani Hanumanth Rudrappa
2848,20/03/2017,ಆರೋಗ್ಯ ಮತ್ತು ಕುಟುಂಬ ಕಲ್ಯಾಣ,Health and family welfare,ವೈದಧಿಕಾರಿಗಳ ಕುರಿತು,About the bosses,ನಿರಾಣಿ ಹನುಮಂತ್ ರುದ್ರಪ್ಪ,Nirani Hanumanth Rudrappa
2849,20/03/2017,ಆರೋಗ್ಯ,Health,ದಡಾರ ಮತ್ತು ರುಭೆಲ್ಲಾ ಎಂಬ ಕಾಯಿಲೆ ಬಗ್ಗೆ,About the disease called measles and rubella,ಪ್ರಸನ್ನ ಕುಮಾರ್ .ಆರ್,Prasanna Kumar R
2850,20/03/2017,ವಾರ್ತಾ ಮತ್ತು ಪ್ರಚಾರ,News and promotion,ಕನಟಕ ವಸ್ತು ಪ್ರದರ್ಶನ ಮತ್ತು ಇದರ ವ್ಯಾಪ್ತಿ ಕಾರ್ಯನಿರ್ವಹಣೆಯ ಬಗ್ಗೆ,The object of the dream object and its range of functionality,ಪ್ರಸನ್ನ ಕುಮಾರ್ .ಆರ್,Prasanna Kumar R
2851,20/03/2017,ಪ್ರವಾಸೋದ್ಯಮ,Tourism,ಪ್ರವಾಸಿ ತಾಣಗಳ ಬಗ್ಗೆ,About tourist destinations,ಪ್ರದೀಪ್ ಶೆಟ್ಟರ್,Pradeep Shettar
2852,20/03/2017,ಮಹಿಳಾ ಮತ್ತು ಮಕ್ಕಳ ಅಭಿವೃದ್ಧಿ,Women and Child Development,ಕರ್ನಾಟಕ ಮಹಿಳಾ ಅಭಿವೃದ್ಧಿ ನಿಗಮದ ಸೌಲಭ್ಯಗಳ ಕುರಿತು,About the facilities of the Karnataka Women's Development Corporation,ಪ್ರದೀಪ್ ಶೆಟ್ಟರ್,Pradeep Shettar
2853,20/03/2017,ಸಮಾಜ ಕಲ್ಯಾಣ,Social Welfare,ವಾಲ್ಮೀಕಿ ಅಭಿವೃದ್ಧಿ ನಿUಮದ ಸೌಲಭ್ಯಗಳ ಕುರಿತು,About Valmiki Development,ಪ್ರದೀಪ್ ಶೆಟ್ಟರ್,Pradeep Shettar
2854,20/03/2017,ಆಹಾರ ಮತ್ತು ನಾಗರಿಕ ಸರಬರಾಜು,Food and Civil Supplies,ನ್ಯಾಯಬೆಲೆ ಅಂಗಡಿಗಳ ಕುರಿತು,About Fair Price Shops,ಪ್ರದೀಪ್ ಶೆಟ್ಟರ್,Pradeep Shettar
2855,20/03/2017,ಆರೋಗ್ಯ ಮತ್ತು ಕುಟುಂಬ ಕಲ್ಯಾಣ,Health and family welfare,ಪ್ರಾಥಮಿಕ ಆರೋಗ ಕೇಂದ್ರ/ಸಮುದಾಯ ಆರೋಗ್ಯ ಕೇಂದ್ರಗಳ ಸೌಲಭ್ಯಗಳ ಕುರಿತು,About Primary Facility Center / Community Health Centers,ಪ್ರದೀಪ್ ಶೆಟ್ಟರ್,Pradeep Shettar
2856,20/03/2017,ಆಹಾರ ಮತ್ತು ನಾಗರೀಕ ಸರಬರಾಜು,Food and Civil Supplies,ಹೆಸರುಕಾಳು ಪ್ಯಾಕೇಟ್ ವಿತರಣೆಯಲ್ಲಿನ ಲೋಪಗಳ ಬಗ್ಗೆ,About the omissions in namesake packet delivery,ಪ್ರಾಣೇಶ್ .ಎಂ.ಕೆ,Pranesha M K
2857,20/03/2017,ಹಿಂದುಳಿದ ವರ್ಗಗಳ ಕಲ್ಯಾಣ,Welfare of Backward Classes,ಗಿರಿಜನರಿಗೆ ವಿತರಿಸುವ ಪೌಷ್ಠಿಕಾಂಶ ಆಹಾರದ ಕುರಿತು,About Nutrition Food Delivery to Girlyes,ಪ್ರಾಣೇಶ್ .ಎಂ.ಕೆ,Pranesha M K
2858,20/03/2017,ಸಮಾಜ ಕಲ್ಯಾಣ,Social Welfare,ಗಿರಿಜನರಿಗೆ ವಿತರಿಸುವ ಪೌಷ್ಠಿಕಾಂಶ ಆಹಾರದ ಕುರಿತು,About Nutrition Food Delivery to Girlyes,ಪ್ರಾಣೇಶ್ .ಎಂ.ಕೆ,Pranesha M K
2859,20/03/2017,ಹಿಂದುಳಿದ ವರ್ಗಗಳ ಕಲ್ಯಾಣ,Welfare of Backward Classes,ಧನಹಕ್ಕಿ ಆಹಾರದ ಅನುದಾನದ ಕುರಿತು,About the grants of food grains,ಪ್ರಾಣೇಶ್ .ಎಂ.ಕೆ,Pranesha M K
2860,20/03/2017,ಹಿಂದುಳಿದ ವರ್ಗಗಳ ಕಲ್ಯಾಣ,Welfare of Backward Classes,ಗಂಗಾ ಕಲ್ಯಾಣ ಯೋಜನೆಯಡಿ ಕೊಳವೆ ಬಾವಿ ಕೊರೆಯಿಸುವ ಬಗ್ಗೆ,About bore well drilling under the Ganga Welfare Program,ಪ್ರಾಣೇಶ್ .ಎಂ.ಕೆ,Pranesha M K
2861,20/03/2017,ಸಮಾಜ ಕಲ್ಯಾಣ,Social Welfare,ವಿದ್ಯಾರ್ಥಿಗಳ ವೇತನ ಭಾಕಿಯಿರುವ ಬಗ್ಗೆ,About student pay wages,ಪ್ರಾಣೇಶ್ .ಎಂ.ಕೆ,Pranesha M K
2862,20/03/2017,ವಿಕಲ ಚೇತನರ ಸಬಲೀಕರಣ,Empowerment of Disabled Persons,ಬುದ್ಧಿಮಾಂದ್ಯ ವಿಕಲಚೇತನರಿಗೆ ವರಮಾನ ಮಿತಿಯಿಂದ ವಿನಾಯಿತಿಯ ಬಗ್ಗೆ,Discrimination on deductions for dementia disability,ಪ್ರತಾಪಚಂದ್ರ ಶೆಟ್ಟಿ .ಕ,Pratapachandra Shetty K
2863,20/03/2017,ಯೋಜನೆ ಮತ್ತು ಸಾಂಖ್ಯಿಕ,Plan and Numerical,ಸರ್ಕಾರದ ಯೋಜನೆಗಳಲ್ಲಿ ಆಪ್ ಬಳಕೆಯ ಬಗ್ಗೆ,About the use of AAP in government plans,ಪ್ರತಾಪಚಂದ್ರ ಶೆಟ್ಟಿ .ಕ,Pratapachandra Shetty K
2864,20/03/2017,ಆಹಾರ ಮತ್ತು ನಾಗರಿಕ ಸರಬರಾಜು,Food and Civil Supplies,ಸರ್ಕಾರದ ಉಜ್ವಲ ಯೋಜನೆಯ ಕುರಿತು,About the government's bright plan,ಪ್ರತಾಪಚಂದ್ರ ಶೆಟ್ಟಿ .ಕ,Pratapachandra Shetty K
2865,20/03/2017,ಸಮಾಜ ಕಲ್ಯಾಣ,Social Welfare,ಕುಂದಾಪುರದಲ್ಲಿನ ಮೊರಾರ್ಜಿ ದೇಸಾಯಿ ವಸತಿ ಶಾಲೆಯ ಕುರಿತು,About Morarji Desai Residential School in Kundapur,ಪ್ರತಾಪಚಂದ್ರ ಶೆಟ್ಟಿ .ಕೆ,Pratapachandra Shetty K
2866,20/03/2017,ಆರೋಗ್ಯ ಮತ್ತು ಕುಟುಂಬ ಕಲ್ಯಾಣ,Health and family welfare,ಹೊರಗುತ್ತಿಗೆ ಆಧಾರದಲ್ಲಿ ಉಡುಪಿ ಜಿಲ್ಲೆ ಆರೋಗ್ಯ ಮತ್ತು ಕುಟುಂಬ ಕಲ್ಯಾಣ ಇಲಾಖೆ ಕಾರ್ಯನಿರ್ವಹಿಸುತ್ತಿರುವ ನೌಕರರುಗಳಿಗೆ ಇಪಿಎಫ್ ಮತ್ತು ಇಎಸ್‌ಐಯನ್ನು ನೀಡದೆ ಇರುತ್ತಿರುವ ಕುರಿತು,Udupi District Health and Family Welfare Department employees are not giving EPF and ESI to outsourced outsourcing basis,ಪ್ರತಾಪಚಂದ್ರ ಶೆಟ್ಟಿ .ಕೆ,Pratapachandra Shetty K
2867,20/03/2017,ಹಿಂದುಳಿದ ವರ್ಗಗಳ ಕಲ್ಯಾಣ,Welfare of Backward Classes,ಹಿಂದುಳಿದ ವರ್ಗಗಳ ಕಲ್ಯಾಣ,Welfare of Backward Classes,ಪುಟ್ಟಸ್ವಾಮಿ .ಬಿ.ಜೆ,Puttaswamy B J
2868,20/03/2017,ಸಮಾಜ ಕಲ್ಯಾಣ,Social Welfare,ಮೊರಾರ್ಜಿ ದೇಸಾಯಿ ಮತ್ತು ಕಿತ್ತೂರು ರಾಣಿ ಚೆನ್ನಮ್ಮ ವಿದ್ಯಾರ್ಥಿ ನಿಲಯಗಳ ಬಗ್ಗೆ,About Morarji Desai and Kittur Rani Chennamma Student Stations,ಪುಟ್ಟಸ್ವಾಮಿ .ಬಿ.ಜೆ,Puttaswamy B J
2869,20/03/2017,ಸಮಾಜ ಕಲ್ಯಾಣ,Social Welfare,ದೇವರಾಜ ಅರಸು ನಿಗಮದ ಯೋಜನೆಗಳ ಬಗ್ಗೆ,About Devaraja Arrows Corporation's plans,ಪುಟ್ಟಸ್ವಾಮಿ .ಬಿ.ಜೆ,Puttaswamy B J
2870,20/03/2017,ಮಹಿಳಾ ಮತ್ತು ಮಕ್ಕಳ ಅಭಿವೃದ್ಧಿ,Women and Child Development,ಭಾಗ್ಯಲಕ್ಷ್ಮಿ ಯೋಜನೆಯ ಬಗ್ಗೆ,About Bhagyalaxmi Project,ಪುಟ್ಟಸ್ವಾಮಿ .ಬಿ.ಜೆ,Puttaswamy B J
2871,20/03/2017,ಹಿಂದುಳಿದ ವರ್ಗಗಳ ಕಲ್ಯಾಣ,Welfare of Backward Classes,ಹಿಂದುಳಿದ ವರ್ಗಗಳಿಗೆ ಸರ್ಕಾರ ಜಾರಿ ಮಾಡಿರುವ ಯೋಜನೆಗಳ ಬಗ್ಗೆ,About Government Plans for Backward Classes,ಪುಟ್ಟಸ್ವಾಮಿ .ಬಿ.ಜೆ,Puttaswamy B J
2872,20/03/2017,ಸಮಾಜ ಕಲ್ಯಾಣ,Social Welfare,ಕಲಬುರಗಿ ಮತ್ತು ಯಾದಗಿರಿ ಜಿಲ್ಲೆಗಳಲ್ಲಿರುವ ಹಾಸ್ಟೇಲ್ಗಳ ಬಗ್ಗೆ,About the hostels in Artillery and Yadgir districts,ಪಾಟೀಲ್ .ಬಿ.ಜಿ,Patil B G
2873,20/03/2017,ಸ್ಥಳೀಯ ಸಂಸ್ಥೆ,Local organization,ಹೈದಬಾದ್-ಕರ್ನಾಟಕ ಪ್ರದೇಶಾಭಿವೃದ್ಧಿ ವ್ಯಾಪ್ತಿಯಲ್ಲಿ ಬರುವ ಸ್ಥಳೀಯ ಸಂಸ್ಥೆಗಳ ಚುನಾಯಿತ ವಿಧಾನ ಪರಿಷತ್ತು ಸದಸ್ಯರಿಗೆ ಅನುದಾನ ನೀಡುವ ಬಗ್ಗೆ,About the granting of members to the elected legislative council of local bodies coming under the Hyderabad-Karnataka area development zone,ಪಾಟೀಲ್ .ಬಿ.ಜಿ,Patil B G
2874,20/03/2017,ಆರೋಗ್ಯ ಮತ್ತು ಕುಟುಂಬ ಕಲ್ಯಾಣ,Health and family welfare,ಬೆಳಗಾವಿ ಜಿಲ್ಲೆಯ ಪ್ರಾಥಮಿಕ ಆರೋಗ್ಯ ಕೇಂದ್ರಗಳ ಬಗ್ಗೆ,About Belgaum district's primary health centers,ವಿವೇಕ್ರಾವ್ ವಸಂತ್ರಾವ್ ಪಾಟೀಲ್,Vivek Rao Vasanth Rao Patil
2875,20/03/2017,ಪ್ರವಾಸೋದ್ಯಮ,Tourism,ಕೊಡಗು ಜಿಲ್ಲೆಯಲ್ಲಿನ ಪ್ರವಾಸಿ ತಾಣಗಳಿಗೆ ಬಿಡುಗಡೆಯಾದ ಅನುದಾನ ಕುರಿತು,Grants released to tourist destinations in Kodagu district,ವೀಣಾ ಅಚ್ಚಯ್ಯ .ಎಸ್,Veena achchaiah S
2876,20/03/2017,ಪ್ರವಾಸೋದ್ಯಮ,Tourism,ಕೊಡಗು ಜಿಲ್ಲೆಯಲ್ಲಿನ ಪ್ರವಾಸಿ ತಾಣಗಳಿಗೆ ಬಿಡುಗಡೆಯಾದ ಅನುದಾನ ಕುರಿತು,Grants released to tourist destinations in Kodagu district,ವೀಣಾ ಅಚ್ಚಯ್ಯ .ಎಸ್,Veena achchaiah S
2877,20/03/2017,ಮಹಿಳಾ ಮತ್ತು ಮಕ್ಕಳ ಅಭಿವೃದ್ಧಿ,Women and Child Development,ಬೀದರ್ ಜಿಲ್ಲೆಯ ಅಂಗನವಾಡಿ ಕೇಂದ್ರದ ಅನುದಾನದ ಬಗ್ಗೆ,About the grant of Anganwadi Center in Bidar district,ವಿಜಯ ಸಿಂಗ್,Vijay Singh
2878,20/03/2017,ವೈದ್ಯಕೀಯ ಶಿಕ್ಷಣ,Medical education,ಬೀದರ್ ವೈದ್ಯಕೀಯ (ಬ್ರಿಮ್ಸ್) ಕಾಲೇಜಿನ ಬಗ್ಗೆ,Bidar Medical (Brims) College,ವಿಜಯ ಸಿಂಗ್,Vijay Singh
2879,20/03/2017,ಹಿಂದುಳಿದ ವರ್ಗಗಳ ಕಲ್ಯಾಣ,Welfare of Backward Classes,ಬೀದರ್ ಜಿಲ್ಲೆಯ ಅಂಬೇಡ್ಕರ್ ಭವನಗಳ ಬಗ್ಗೆ,About Ambedkar Bhavan in Bidar district,ವಿಜಯ ಸಿಂಗ್,Vijay Singh
2880,20/03/2017,ಆಹಾರ ಮತ್ತು ನಾಗರಿಕ ಸರಬರಾಜು,Food and Civil Supplies,ಪಡಿತರ ವಿತರಣೆ ಬಗ್ಗೆ,About Ration Distribution,ಬಸನಗೌಡ ಆರ್ ಪಾಟೀಲ್,Basanagowda R Patil
2881,20/03/2017,ಆಹಾರ ಮತ್ತು ನಾಗರಿಕ ಸರಬರಾಜು,Food and Civil Supplies,ಆಹಾರ ನಿರೀಕ್ಷಕರ ಕಾರ್ಯ ಚಟುವಟಿಕೆ,Food Activist Activity Activity,ಬಸವನಗೌಡ ಆರ್ ಪಾಟೀಲ್,Basanagowda R Patil
2882,20/03/2017,ಆರೋಗ್ಯ ಮತ್ತು ಕುಟುಂಬ ಕಲ್ಯಾಣ,Health and family welfare,ಜಲ್ಲಾ ಆಸ್ಪತ್ರೆಗೆ ಜಾಗದ ಒತ್ತುವರಿ,Space enclosure for Jilla Hospital,ಬಸವನಗೌಡ ಆರ್ ಪಾಟೀಲ್,Basanagowda R Patil
2883,20/03/2017,ವೈದ್ಯಕೀಯ ಶಿಕ್ಷಣ,Medical education,ವೈದ್ಯಕೀಯ ಮಹಾವಿದ್ಯಾಲಯ ಪ್ರಾರಂಭ ಮಾಡುವ ಬಗ್ಗೆ,About starting medical college,ಬಸವನಗೌಡ ಆರ್ ಪಾಟೀಲ್,Basanagowda R Patil
2884,20/03/2017,ವಿಕಲ ಚೇತನರ ಸಬಲೀಕರಣ,Empowerment of Disabled Persons,ವಿಕಲಚೇತನ ಶಾಲೆಗಳ ಸಿಬ್ಬಂದಿಗೆ ೧೯೮೨ರ ಅಧಿನಿಯಮದಂತೆ ಅನುದಾನ ಒದಗಿಸುವ ಬಗ್ಗೆ,Providing grant to the staff of disability schools in accordance with the provisions of 1982,ಬಸವರಾಜ ಶಿವಲಿಂಗಪ್ಪ ಹೊರಟ್ಟಿ,Basavaraja Shivalingappa Horatti
2885,20/03/2017,ಆಹಾರ ಮತ್ತು ನಾಗರಿಕ ಸರಬರಾಜು,Food and Civil Supplies,ರೈತರಿಗೆ ಪಡಿತರ ವಿತರಣೆ,Distribution of rations to farmers,ಬಸವರಾಜ ಶಿವಲಿಂಗಪ್ಪ ಹೊರಟ್ಟಿ,Basavaraja Shivalingappa Horatti
2886,20/03/2017,ಸಮಾಜ ಕಲ್ಯಾಣ,Social Welfare,ವಸತಿ ನಿಲಯದ ಸಂಖ್ಯಾಬಲ ಹೆಚ್ಚಿಸುವ ಕುರಿತು,About raising the number of residential dormitories,ಬಸವರಾಜ ಪಾಟೀಲ್ ಇಟಗಿ,Basavaraja Patil Itagi
2887,20/03/2017,ಕನ್ನಡ ಮತ್ತು ಸಂಸ್ಕೃತಿ,Kannada and culture,ಧಾರವಾಡ ಕರ್ನಾಟಕ ವಿದ್ಯಾವರ್ಧಕ ಸಂಘದ ಸಿಬ್ಬಂದಿಯನ್ನು ವೇತನಾನುದಾನಕ್ಕೆ ಒಳಪಡಿಸುವ ಬಗ್ಗೆ,About casting staff of Dharwad Karnataka Vidya Vidhardha Sangha,ಬಸವರಾಜ ಶಿವಲಿಂಗಪ್ಪ ಹೊರಟ್ಟಿ,Basavaraja Shivalingappa Horatti
2888,20/03/2017,ಹಿಂದುಳಿದ ವರ್ಗಗಳ ಕಲ್ಯಾಣ,Welfare of Backward Classes,ಗಂಗಾ ಕಲ್ಯಾಣ ಯೋಜನೆಯಡಿ ಕೊರೆದ ಬೋರ್‌ವೆಲ್‌ಗಳ ಬಗ್ಗೆ,About the borewells drilled under the Ganga Welfare Program,ಲಕ್ಷೀನಾರಾಯಣ .ಎಂ.ಡಿ,Lakshmi Narayana MD
2889,20/03/2017,ಯೋಜನೆ ಮತ್ತು ಸಾಂಖ್ಯಿಕ,Plan and Numerical,ವಿಧಾನ ಪರಿಷತ್ತಿನ ಸದಸ್ಯರಿಗೆ ಸ್ಥಳೀಯ ಪ್ರದೇಶಾಭಿವೃದ್ಧಿ ಅನುದಾನ ಬಗ್ಗೆ,About Local Area Development for Members of the Legislative Council,ಲಕ್ಷ್ಮಿನಾರಾಂiiಣ .ಎಂ.ಡಿ,Lakshmi Narayana MD
2890,20/03/2017,ಆರೋಗ್ಯ ಮತ್ತು ಕುಟುಂಬ ಕಲ್ಯಾಣ,Health and family welfare,ಡಯಾಲಿಸಿಸ್ ಯಂತ್ರಗಳ ಕುರಿತು,About dialysis machines,ಲಕ್ಷ್ಮಿನಾರಾಂiiಣ .ಎಂ.ಡಿ,Lakshmi Narayana MD
2891,20/03/2017,ಯೋಜನೆ ಮತ್ತು ಸಾಂಖ್ಯಿಕ,Plan and Numerical,ಬಯಲು ಸೀಮೆ ಅಭಿವೃದ್ಧಿ ಪ್ರಾಧಿಕಾರ ಯೋಜನೆಗಳ ಬಗ್ಗೆ,About Plain Limit Development Authority Plans,ಲಕ್ಷ್ಮಿನಾರಾಂiiಣ .ಎಂ.ಡಿ,Lakshmi Narayana MD
2892,20/03/2017,ಆಹಾರ ಮತ್ತು ನಾಗರಿಕ ಸರಬರಾಜು,Food and Civil Supplies,ಬಿ.ಪಿ.ಎಲ್.ಕಾರ್ಡ್‌ಗಳನ್ನು ಒದಗಿಸುವ ಬಗ್ಗೆ,About providing BPL cards,ಲಕ್ಷ್ಮಿನಾರಾಂiiಣ .ಎಂ.ಡಿ,Lakshmi Narayana MD
2893,20/03/2017,ಪ್ರವಾಸೋದ್ಯಮ,Tourism,ಮೈಸೂರಿನ ಲಲಿತ ಮಹಲ್ ಅರಮನೆಯ ಬಗ್ಗೆ,About the Lalit Mahal palace of Mysore,ಶ್ರೀಕಂಠೇಗೌಡ .ಕೆ.ಟಿ,Srikantegowda KT
2894,20/03/2017,ಆರೋಗ್ಯ ಮತ್ತು ಕುಟುಂಬ ಕಲ್ಯಾಣ,Health and family welfare,ಉಚಿತ ಆರೋಗ್ಯ ಯೋಜನೆ ಹಿಂಪಡೆದುಕೊಂಡಿರುವ ಬಗ್ಗೆ,About the withdrawal of a free health plan,ಮಾನೆ ಶ್ರೀನಿವಾಸ್,Mane Srinivas
2895,20/03/2017,ಸಮಾಜ ಕಲ್ಯಾಣ,Social Welfare,ಚಿಕ್ಕಮಗಳೂರು ಜಿಲ್ಲೆಯ ಗಿರಿಜನ ಕುಟುಂಬಗಳ ಬಗೆ,What is the kind of families of the Chikmagalur district,ಮೋಟಮ್ಮ,Motamma
2896,20/03/2017,ಮಹಿಳಾ ಮತ್ತು ಮಕ್ಕಳ ಅಭಿವೃದ್ಧಿ,Women and Child Development,ರಾಜ್ಯದ ಅಂಗನವಾಡಿ ಕೇಂದ್ರಗಳ ಬಗ್ಗೆ,About State Anganwadi Centers,ಮೋಟಮ್ಮ,Motamma
2897,20/03/2017,ಆರೋಗ್ಯ,Health,ದಡಾರ ಲಸಿಕೆ ಬಗ್ಗೆ,About measles vaccine,ಅಬ್ದುಲ್ ಜಬ್ಬಾರ್ .ಕೆ,Abdul Jabbar K
2898,20/03/2017,ಸಮಾಜ ಕಲ್ಯಾಣ,Social Welfare,ಮೊರಾರ್ಜಿ ಹಾಗೂ ಕಿತ್ತೂರು ರಾಣಿ ಚೆನ್ನಮ್ಮ ಶಾಲೆಗಳಲ್ಲಿ ಕಾರ್ಯನಿರ್ವಹಿಸುತ್ತಿರುವ ಸಿಬ್ಬಂದಿಗೂ ಒಂದು ಹೆಚ್ಚುವರಿ ವೇತನ ಬಡ್ತಿ ಜಾರಿ ಕುರಿತು,The staff working at Morarji and Kittur Rani Chennamma Schools also have an additional pay promotion,ಅರುಣ ಶಹಾಪುರ,Aruna Shahaapura
2899,20/03/2017,ಮಹಿಳಾ ಮತ್ತು ಮಕ್ಕಳ ಅಭಿವೃದ್ಧಿ,Women and Child Development,ಅಂಗನವಾಡಿ ಕಟ್ಟಡಗಳ ಬಗ್ಗೆ,About Anganwadi Buildings,ಜಯಮ್ಮ,Jayamma
2900,20/03/2017,ಸಮಾಜ ಕಲ್ಯಾಣ,Social Welfare,ಭಕ್ಷಾಟನೆ ನಿಯಂತ್ರಣದ ಕುರಿತು,About Disease Control,ಜಯಮಾಲ ರಾಮಚಂದ್ರ,Jayamala Ramachandra
2901,20/03/2017,ಕನ್ನಡ ಮತ್ತು ಸಂಸ್ಕೃತಿ,Kannada and culture,ಸಾಂಸ್ಕೃತಿಕ ಭವನ ನಿರ್ಮಾಣ,Cultural Housing Construction,ರಾಮಪ್ಪ ತಿಮ್ಮಾಪೂರ,Ramappa Timmapura
2902,20/03/2017,ಆರೋಗ ಮತ್ತು ಕುಟುಂಬ ಕಲ್ಯಾಣ,Aaron and family welfare,ಚೈನೀಸ್ ರೆಸ್ಟೋರಂಟ್ ಗಳಲ್ಲಿ ಹಾಗೂ ಬೀದಿ ಬದಿಯಲ್ಲಿ ಮಾಡುವ ಗೋಬಿ ಮಂಚೂರಿ ಮತ್ತು ಪ್ರೈಡ್ ರೈಸ್ ಮೊದಲಾದ ಆಹಾರಗಳಲ್ಲಿ ರಾಸಾಯನಿಕ ವಸ್ತುಗಳ ಬಳಕೆ ಬಗ್ಗೆ,In Chinese restaurants and on the street side Gobi Manchuri and Pride Rice are about the use of chemicals in foods,ರಾಮಚಂದ್ರಗೌಡ,Ramachandra Gowda
2903,20/03/2017,ಆರೋಗ್ಯ ಮತ್ತು ಕುಟುಂಬ ಕಲ್ಯಾಣ,Health and family welfare,ತುರ್ತು ಆರೋಗ್ಯ ಸೇವೆ ಒದಗಿಸುವ ೧೦೮ ಆಂಬ್ಯುಲೆನ್ಸ್ ಸಿಬ್ಬಂದಿಗಳಿಗೆ ಭವಿಷ್ಯನಿಧಿ ಹಾಗೂ ಹೆಚ್ಚುವರಿ ಕೆಲಸದ ಭತ್ಯೆ ನೀಡುವ ಕುರಿತು,About 108 Ambulance Staff Providers Emergency Health Service Providing Future and Additional Work Permit,ರಾಮಚಂದ್ರಗೌಡ,Ramachandra Gowda
2904,20/03/2017,ಆಹಾರ ಮತ್ತು ನಾಗರಿಕ ಸರಬರಾಜು,Food and Civil Supplies,ಬಿ.ಪಿ.ಎಲ್. ಕಾರ್ಡುದಾರರಿಗೆ ಪಡಿತರ ಬದಲು ನಗದು ಕೂಪನ್ಗಳನ್ನು ನೀಡಲು ಸರ್ಕಾರ ಮುಂದಾಗಿರುವ ಕುರಿತು,BPL The government is planning to give cash coupons instead of ration cards to the cardholder,ರಾಮಚಂದ್ರಗೌಡ,Ramachandra Gowda
2905,20/03/2017,ಆರೋಗ್ಯ ಮತ್ತು ಕುಟುಂಬ ಕಲ್ಯಾಣ,Health and family welfare,"ಬೌರಿಂಗ್ ಮತ್ತು ಲೇಡಿ ಕರ್ಜನ್ ಆಸ್ಪತ್ರೆಯ ಆವರಣದಲ್ಲಿನ ನರ್ಸಿಂಗ್ ಕಾಲೇಜನ್ನು ಕೆದುವುತ್ತಿರುವುದರಿಂದ, ವಿದ್ಯಾರ್ಥಿಗಳಿಗೆ ಪರ್ಯಾಯ ವ್ಯವಸ್ತೆ ಮಾಡುವ ಕುರಿತು","As the Bouring and Lady Curzon disperse the Nursing College in the campus of the hospital, students make an alternative arrangement",ರಾಮಚಂದ್ರಗೌಡ,Ramachandra Gowda
2906,20/03/2017,ಆರೋಗ್ಯ ಮತ್ತು ಕುಟುಂಬ ಕಲ್ಯಾಣ,Health and family welfare,"ರಾಜ್ಯದ ಪ್ರಮುಖ ಆಸ್ಪತ್ರೆಗಳು, ಜಿಲ್ಲಾ ಆಸ್ಪತ್ರೆಗಳು ಹಾಗೂ ತಾಲ್ಲೂಕು ಆಸ್ಪತ್ರೆಗಳಲ್ಲಿ ನಗದು ರಹಿತ ಪಾವತಿಯ ವ್ಯವಸ್ಥೆ ಕಲ್ಪಿಸುವ","Cashless payment system will be provided at state hospitals, district hospitals and taluk hospitals",ರಾಮಚಂದ್ರಗೌಡ,Ramachandra Gowda
2907,20/03/2017,ಯೋಜನೆ ಮತ್ತು ಸಾಂಖ್ಯಿಕ,Plan and Numerical,ಬಯಲು ಸೀಮೆ ಅಭಿವೃದ್ಧಿ ಮಂಡಳಿಯ ಕಾರ್ಯ ಕುರಿತು,About the work of the Plain Limit Development Board,ರಮೇಶ್ ಬಾಬು,Ramesha Babu
2908,20/03/2017,ವೈದ್ಯಕೀಯ,Medical,ಚಿತ್ರದುರ್ಗ ಜಿಲ್ಲಾ ಸರ್ಕಾರಿ ವೈದ್ಯಕೀಯ ಕಾಲೇಜು ಆರಂಭದ ಬಗ್ಗೆ,About the start of Chitradurga District Government Medical College,ರಘು ಆಚಾರ್ .ಜಿ,Raghu Achar G
2909,20/03/2017,ಮಹಿಳಾ ಮತ್ತು ಮಕ್ಕಳ ಅಭಿವೃದ್ಧಿ,Women and Child Development,ಚಿತ್ರದುರ್ಗ ಜಿಲ್ಲೆಯ ಅಂಗನವಾಡಿಗಳ ಕುರಿತು,About Anganwadi in Chitradurga District,ರಘು ಆಚಾರ್ .ಜಿ,Raghu Achar G
2910,20/03/2017,ಆರೋಗ್ಯ ಮತ್ತು ಕುಟುಂಬ ಕಲ್ಯಾಣ,Health and family welfare,ದಾವಣಗೆರೆ ಜಿಲ್ಲಾ ಆಯುಷ್ ಇಂಟಿಗ್ರೆಟೆಡ್ ಆಸ್ಪತ್ರೆ ಬಗ್ಗೆ,About the Ayush Integrated Hospital of Davanagere District,ರಘು ಆಚಾರ್ .ಜಿ,Raghu Achar G
2911,20/03/2017,ವೈದಕೀಯ ಶಿಕ್ಷಣ,Vedic Education,ಸ್ವಾಯತ್ತ ಸಂಸ್ಥೆಗಳಡಿ ಬರುವ ಶುಶ್ರೂಷಕರ ವರ್ಗಾವಣೆ ಬಗ್ಗೆ,About the transfer of nurses coming under the autonomous bodies,ರಘು ಆಚಾರ್ .ಜಿ,Raghu Achar G
2912,20/03/2017,ಆರೋಗ್ಯ ಮತ್ತು ಕುಟುಂಬ ಕಲ್ಯಾಣ,Health and family welfare,ಜಿಲ್ಲಾ ಆಸ್ಪತ್ರೆಗಳಲ್ಲಿ ರೋಗಿಗಳಿಗೆ ಕಿರುಕುಳದ ಬಗ್ಗೆ,Concerns about harassment in district hospitals,ರಘುನಾಥ ರಾವ್ ಮಲ್ಕಾಪೂರೆ,Raghunath Rao Malkapore
2913,20/03/2017,ಆರೋಗ್ಯ ಮತ್ತು ಕುಟುಂಬ ಕಲ್ಯಾಣ,Health and family welfare,ಬೋಧಕ ಸಿಬ್ಬಂದಿ ವರ್ಗದವರ ಪದೋನ್ನತಿಯ ಬಗ್ಗೆ,About the rise of faculty staff,ರಘುನಾಥ ರಾವ್ ಮಲ್ಕಾಪೂರೆ,Raghunath Rao Malkapore
2914,20/03/2017,ಮಹಿಳಾ ಮತ್ತು ಮಕ್ಕಳ ಅಭಿವೃದ್ಧಿ,Women and Child Development,ಮಹಿಳಾ ನಿಗಮದಿಂದ ನೀಡುತಿರುವ ಸೌಲಭ್ಯಗಳ ಬಗ್ಗೆ,About the facilities offered by the women's corporation,ರಘುನಾಥ ರಾವ್ ಮಲ್ಕಾಪೂರೆ,Raghunath Rao Malkapore
2915,20/03/2017,ಮಹಿಳಾ ಮತ್ತು ಮಕ್ಕಳ ಅಭಿವೃದ್ಧಿ,Women and Child Development,ಅಂಗನವಾಡಿ ಕೇಂದ್ರಗಳಿಗೆ ಬಿಡುಗಡೆ ಮಾಡಿದ ಅನುದಾನ,Grants released to Anganwadi Centers,ರಘುನಾಥ ರಾವ್ ಮಲ್ಕಾಪೂರೆ,Raghunath Rao Malkapore
2916,20/03/2017,ಪ್ರವಾಸೋದ್ಯಮ,Tourism,ಪ್ರವಾಸೋದಮ ಇಲಾಖೆಗೆ ಬಿಡುಗಡೆಯಾದ ಮತ್ತು ವೆಚ್ಚದ ಬಗ್ಗೆ,About the release and cost of the Tropical Department,ರಘುನಾಥ ರಾವ್ ಮಲ್ಕಾಪೂರೆ,Raghunath Rao Malkapore
2917,20/03/2017,ಪ್ರವಾಸೋದ್ಯಮ,Tourism,ಹೈದರಾಬಾದ್ ಮತ್ತು ಮುಂಬಯಿ ಕರ್ನಾಟಕ ಭಾಗದಲ್ಲಿ ಪ್ರವಾಸೋದ್ಯಮ ಕೇಂದ್ರಗಳು,Tourism Centers in Hyderabad and Mumbai Karnataka,ಉಗಪ್ಪ .ವಿ.ಎಸ್,Ugrappa VS
2918,20/03/2017,ಮಹಿಳಾ ಮತ್ತು ಮಕ್ಕಳ ಅಭಿವೃದ್ಧಿ,Women and Child Development,ದೇವದಾಸಿಯರ ಸಬಲೀಕರಣ,Devadasis Empowerment,ಉಗಪ್ಪ .ವಿ.ಎಸ್,Ugrappa VS
2919,20/03/2017,ಕನ್ನಡ ಮತ್ತು ಸಂಸ್ಕೃತಿ,Kannada and culture,ವೀರ ಯೋಧನ ಸ್ಮಾರಕ ನಿರ್ಮಾಣ,The monument of the heroic warrior was built,ಉಗಪ್ಪ .ವಿ.ಎಸ್,Ugrappa VS
2920,20/03/2017,ಕನ್ನಡ ಮತ್ತು ಸಂಸ್ಕೃತಿ,Kannada and culture,ಸಾಹಿತ್ಯ ಅಕಾಡೆಮಿಗಳಿಗೆ ಬಿಡುಗಡೆಯಾದ ಅನುದಾನ ಕುರಿತು,About grant of grant to literary academies,ಉಗಪ್ಪ .ವಿ.ಎಸ್,Ugrappa VS
2921,20/03/2017,ಕನ್ನಡ ಮತ್ತು ಸಂಸ್ಕೃತಿ,Kannada and culture,ಆನೆಗುಂದಿ ಸಂಸ್ಥಾನದ ಪಳಿಯುಳಿಕೆಗಳ ಸಂರಕ್ಷಣೆ,Preservation of fossils of the elephant state,ಉಗ್ರಪ್ಪ .ವಿ.ಎಸ್,Ugrappa VS
2922,20/03/2017,ಕನ್ನಡ ಮತ್ತು ಸಂಸ್ಕೃತಿ,Kannada and culture,ಸಂತ ಕನಕದಾಸರು ಮತ್ತು ಅವರ ಕರ್ಮಭೂಮಿ ಕಾಗಿನೆಲೆ ಅಭಿವೃದ್ಧಿ,Saint Kanakadas and his Karma Bhoomi development developed,ಉಗ್ರಪ್ಪ .ವಿ.ಎಸ್,Ugrappa VS
2923,20/03/2017,ಹಿಂದುಳಿದ ವರ್ಗಗಳ ಕಲ್ಯಾಣ,Welfare of Backward Classes,ಹಿಂದುಳಿದ ವರ್ಗಗಳ ಹಾಸ್ಟೆಲ್‌ಗಳ ವಸತಿಯ ಬಗ್ಗೆ,About the housing of backward classes hostels,ಐವಾನ್ ಡಿ ಸೋಜಾ,Ivan Disoza
2924,20/03/2017,ಆರೋಗ್ಯ ಮತ್ತು ಕುಟುಂಬ ಕಲ್ಯಾಣ,Health and family welfare,ಉಡುಪಿ ಜಿಲ್ಲಾ ಸರ್ಕಾರಿ ಆಸ್ಪತ್ರೆ/ಮಕ್ಕಳ ಆಸ್ಪತ್ರೆ ಅಭಿವೃದ್ಧಿ ಪಡಿಸುವ ಬಗ್ಗೆ,Udupi District Government Hospital / Child Development Hospital,ಐವಾನ್ ಡಿ ಸೋಜಾ,Ivan Disoza
2925,20/03/2017,ಪ್ರವಾಸೋದ್ಯಮ,Tourism,ಕರಾವಳಿ ಜಿಲ್ಲೆಗಳ್ಲಲಿ ಪ್ರವಾಸೋದ್ಯಮ ಅಭಿವೃದ್ಧಿಪಡಿಸುವ ಬಗ್ಗೆ,About developing tourism in coastal districts,ಐವಾನ್ ಡಿ ಸೋಜಾ,Ivan Disoza
2926,20/03/2017,ಕನ್ನಡ ಮತ್ತು ಸಂಸ್ಕೃತಿ,Kannada and culture,ಕೊಂಕಣಿ ಭವನ ಸ್ಥಾಪಿಸಲು ಕೊಂಕಣಿ ಸಾಹಿತ್ಯ ಅಕಾಡೆಮಿಯವರ ಪ್ರಸ್ತಾವನೆ ಬಗ್ಗೆ,Konkani Sahitya Academy's proposal to set up Konkani Bhavan,ಐವಾನ್ ಡಿ ಸೋಜಾ,Ivan Disoza
2927,20/03/2017,ಪ್ರಾಥಮಿಕ ಮತ್ತು ಪ್ರೌಢಶಿಕ್ಷಣ,Primary and secondary education,ಪಿ.ಯು.ಸಿ. ಯಲ್ಲಿ ಕೊಂಕಣಿ ಸಿಲೆಬಸ್ ತಯಾರಿಸುವ ಬಗ್ಗೆ,PUC About Making Konkani Sillebus,ಐವನ್ ಡಿ ಸೋಜಾ,Ivan Disoza
2928,20/03/2017,ಮಹಿಳಾ ಮತ್ತು ಮಕ್ಕಳ ಅಭಿವೃದ್ಧಿ,Women and Child Development,"ಕಂದ್ರ ಸರ್ಕಾರ ನಿಯೊಜಿಸಿದ ""ಸಬಲಾ"" ಕಾರ್ಯಕ್ರಮದ ಅನುಷ್ಠಾನದ ಬಗ್ಗೆ","The implementation of the ""Sabala"" program by the Gandhinagar government",ಕ್ಯಾಪ್ಟನ್ ಗಣೇಶ್ ಕಾರ್ಣಿಕ್,Capt. Ganesh Karnik
2929,20/03/2017,ಆರೋಗ್ಯ ಮತ್ತು ಕುಟುಂಬ ಕಲ್ಯಾಣ,Health and family welfare,ರಾಜ್ಯದಲ್ಲಿ ಜನೌಷಧಾಲಾಯ ಕೇಂದ್ರಗಳನ್ನು ಸ್ಥಾಪಿಸುವ ಬಗ್ಗೆ,About establishing junction centers in the state,ಕ್ಯಾಪ್ಟನ್ ಗಣೇಶ್ ಕಾರ್ಣಿಕ್,Capt. Ganesh Karnik
2930,20/03/2017,ಆಹಾರ ಮತ್ತು ನಾಗರಿಕ ಸರಬರಾಜು,Food and Civil Supplies,ಧಾರವಾಡದಲ್ಲಿ ರಾಷ್ಟ್ರ ಮಟ್ಟದ ಗ್ರಾಹಕರ ಸಂಶೋಧನೆ ಮತ್ತು ತರಬೇತಿ ಕೇಂದ್ರವನ್ನು ಸ್ಥಾಪಿಸುವ ಬಗ್ಗೆ,About establishing a nation-wide customer research and training center at Dharwad,ಕ್ಯಾಪ್ಟನ್ ಗಣೇಶ್ ಕಾರ್ಣಿಕ್,Capt. Ganesh Karnik
2931,20/03/2017,ವೈದ್ಯಕೀಯ ಶಿಕ್ಷಣ,Medical education,ರಾಜ್ಯದಲ್ಲಿ ಹೊಸ ವೈದ್ಯಕೀಯ ಕಾಲೇಜುಗಳನ್ನು ಆರಂಬಿಸುವ ಬಗ್ಗೆ,About establishing new medical colleges in the state,ಕ್ಯಾಪ್ಟನ್ ಗಣೇಶ್ ಕಾರ್ಣಿಕ್,Capt. Ganesh Karnik
2932,20/03/2017,ಮಹಿಳಾ ಮತ್ತು ಮಕ್ಕಳ ಅಭಿವೃದ್ಧಿ,Women and Child Development,ರಾಜ್ಯದಲದಲಿ ಶಾಲೆ ಮ್ತತು ಅಂಗನವಾಡಿಗಳಿಗೆ ತಲುಪಬೇಕಾದ ಹಾಲು ಮತ್ತು ಹಾಲಿನ ಪುಡಿ ಸರಬರಾಜಿನಲ್ಲಿ ಆಗುವ ಅಕ್ರಮದ ಬಗ್ಗೆ,Regarding the law of the milk and milk powder supplied by the state and the auxiliaries of the state,ಕ್ಯಾಪ್ಟನ್ ಗಣೇಶ್ ಕಾರ್ಣಿಕ್,Capt. Ganesh Karnik
2933,20/03/2017,ಮಹಿಳಾ ಮತ್ತು ಮಕ್ಕಳ ಅಭಿವೃದ್ಧಿ,Women and Child Development,ಬೆಳಗಾವಿ ಜಿಲ್ಲೆಯ ಅಂಗನವಾಡಿ ಕೇಂದ್ರಗಳಿಗೆ ಸ್ವಂತ ಕಟ್ಟಡಗಳಿಲ್ಲದೇ ಇರುವುದು ಹಾಗೂ ಇರುವ ಕಟ್ಟಡಗಳು ಶಿಥಿಲವಾಗಿರುವ ಬಗ್ಗೆ,The Anganwadi centers in Belgaum district have no own buildings and the buildings are dormant,ಕವಟಗಿಮಠ ಮಹಂತೇಶ ಮಲ್ಲಿಕಾರ್ಜುನ,Kavatimata Mahantesha Mallikarjuna
2934,20/03/2017,ಆಹಾರ ಮತ್ತು ನಾಗರಿಕ ಸರಬರಾಜು,Food and Civil Supplies,ಬಡವರಿಗೆ ನಿಗಧಿತ ಸಮಯಕ್ಕೆ ಪಡಿತರ ವಿತರಣೆ ಆಗದಿರುವ ಕುರಿತು,Regardless of the distribution of rationes to the poor for a limited time,ಕವಟಗಿಮಠ ಮಹಂತೇಶ ಮಲ್ಲಿಕಾರ್ಜುನ,Kavatimata Mahantesha Mallikarjuna
2935,20/03/2017,ವೈದ್ಯಕೀಯ ಶಿಕ್ಷಣ,Medical education,ಬೆಳಗಾವಿ ವೈದ್ಯಕೀಯ ಕಾಲೇಜಿನ (ಬಿಮ್ಸ್) ವಿದ್ಯಾರ್ಥಿಗಳು ಹಾಸ್ಟೆಲ್ ಸಮಸ್ಯೆಯಿಂದ ಹೈರಾಣಾಗುತ್ತಿರುವ ವಿಚಾರ,The Belgaum Medical College (BIMS) students are struggling with the hostel problem,ಕವಟಗಿಮಠ ಮಹಂತೇಶ ಮಲ್ಲಿಕಾರ್ಜುನ,Kavatimata Mahantesha Mallikarjuna
2936,20/03/2017,ಆರೋಗ್ಯ ಮತ್ತು ಕುಟುಂಬ ಕಲ್ಯಾಣ,Health and family welfare,ಬೆಳಗಾವಿ ಜಿಲ್ಲೆ ನಂದೇಶ್ವರ Uಮದ ಉಪ ಆರೋಗ್ಯ ಕೇಂದ್ರವನ್ನು ಮುಚ್ಚಿರುವ ಬಗ್ಗೆ,Belgaum District Nandeshwar U Madam Deputy Health Center is closed,ಕವಟಗಿಮಠ ಮಹಂತೇಶ ಮಲ್ಲಿಕಾರ್ಜುನ,Kavatimata Mahantesha Mallikarjuna
2937,20/03/2017,ಆಹಾರ ಮತ್ತು ನಾಗರಿಕ ಸರಬರಾಜು,Food and Civil Supplies,ರಾಜ್ಯದಲ್ಲಿರುವ ಬಿ.ಪಿ.ಎಲ್. ಮತ್ತು ಎ.ಪಿ.ಎಲ್. ಕಾರ್ಡ್‌ಗಳ ಬಗ್ಗೆ,BPL in the state And APL. About cards,ಕಾಂತರಾಜು,Kantaraju
2938,20/03/2017,ಹಿಂದುಳಿದ ವರ್ಗಗಳ ಕಲ್ಯಾಣ,Welfare of Backward Classes,ಹಿಂದುಳಿದ ವರ್ಗಗಳ ಕಲ್ಯಾಣ ಇಲಾಖೆಗೆ ಅನುದಾನ ನೀಡಿರುವ,Grants to the Backward Classes Welfare Department,ಕಾಂತರಾಜು,Kantaraju
2939,20/03/2017,ವೈದ್ಯಕೀಯ ಶಿಕ್ಷಣ,Medical education,ವೈದಕೀಯ ಕಾಲೇಜುಗಳ ತೆರೆಯುವ ಬಗ್ಗೆ,About Opening Vedic Colleges,ಕಾಂತರಾಜು,Kantaraju
2940,20/03/2017,ಆರೋಗ್ಯ ಮತ್ತು ಕುಟುಂಬ ಕಲ್ಯಾಣ,Health and family welfare,ಬೈಕ್ ಆಂಬ್ಯುಲೆನ್ಸ್ ಸೇವೆ ಕುರಿತು,About Bike Ambulance Service,ಕೋಟ ಶ್ರೀನಿವಾಸ ಪೂಜಾರಿ,Kota Srinivasa Pujari
2941,20/03/2017,ಸಮಾಜ ಕಲ್ಯಾಣ,Social Welfare,ವಸತಿ ನಿಲಯ/ವಸತಿ ಶಾಲೆಯಲ್ಲಿನ ಅವ್ಯವಸ್ಥೆ ಕುರಿತು,About the disaster in the residential / residential school,ಕೋಟ ಶ್ರೀನಿವಾಸ ಪೂಜಾರಿ,Kota Srinivasa Pujari
2942,20/03/2017,ಆಹಾರ ಮತ್ತು ನಾಗರಿಕ ಸರಬರಾಜು,Food and Civil Supplies,ಪಡಿತರ ಚೀಟಿ ಕೂಪನ್ ವಿತರಣೆಯಲ್ಲಿನ ಅವ್ಯವಹಾರ ಮತ್ತು ಗೊಂದಲ,Ration cards and confusion in coupon delivery,ಕೋಟ ಶ್ರೀನಿವಾಸ ಪೂಜಾರಿ,Kota Srinivasa Pujari
2943,20/03/2017,ಕನ್ನಡ ಮತ್ತು ಸಂಸ್ಕೃತಿ,Kannada and culture,ಕನ್ನಡ ಮತ್ತು ಸಂಸ್ಕೃತಿ ಇಲಾಖೆಯ ಅನುದಾನದ ಬಗ್ಗೆ,About the Department of Kannada and Culture Department,ಕೋಟ ಶ್ರೀನಿವಾಸ ಪೂಜಾರಿ,Kota Srinivasa Pujari
2944,20/03/2017,ಪ್ರವಾಸೋದ್ಯಮ,Tourism,ಪ್ರವಾಸೋದ್ಯಮ ಇಲಾಖೆಯ ಅನುದಾನದ ಬಗ್ಗೆ,About the Department of Tourism,ಕೋಟ ಶ್ರೀನಿವಾಸ ಪೂಜಾರಿ,Kota Srinivasa Pujari
2945,20/03/2017,ಮಹಿಳಾ ಮತ್ತು ಮಕ್ಕಳ ಅಭಿವೃದ್ಧಿ,Women and Child Development,ಅಂಗನವಾಡಿ ಸಮಸ್ಯೆಗಳ ಬಗ್ಗೆ,About Anganwadi Problems,ಕೊಂಡಯ್ಯ .ಕೆ.ಸಿ,Kondaiah KC
2946,20/03/2017,ವೈದ್ಯಕೀಯ ಶಿಕ್ಷಣ,Medical education,ರಾಜ್ಯದ ಪತಿ ಜಿಲ್ಲೆಯಲ್ಲೂ ವೈದ್ಯಕೀಯ ಕಾಲೇಜು ಸ್ಥಾಪಿಸುವ ಬಗ್ಗೆ,About establishing a medical college in the state's husband district,ತಾರಾಅನೂರಾಧ,Tara Anuradha
2947,20/03/2017,ಆರೋಗ್ಯ ಮತ್ತು ಕುಟುಂಬ ಕಲ್ಯಾಣ,Health and family welfare,ಬೆಂಗಳೂರು ನಗರದಲ್ಲಿ ವರದಿಯಾದ ಹೆಚ್೧ಎನ್೧ ಪ್ರಕರಣಗಳ ಬಗ್ಗೆ,About H1N1 cases reported in Bangalore city,ತಾರಾಅನೂರಾಧ,Tara Anuradha
2948,20/03/2017,ಮಹಿಳಾ ಮತ್ತು ಮಕ್ಕಳ ಅಭಿವೃದ್ಧಿ,Women and Child Development,ಬಾಲ್ಯ ವಿವಾಹ ತಡೆಗಟ್ಟುವ ಬಗ್ಗೆ,About Child Marriage Prevention,ತಾರಾಅನೂರಾಧ,Tara Anuradha
2949,20/03/2017,ವೈದ್ಯಕೀಯ ಶಿಕ್ಷಣ,Medical education,ರಾಜ್ಯದ ವೈದ್ಯಕೀಯ ಕಾಲೇಜುಗಳಲ್ಲಿ ಹೃದ್ರೋಗ ವಿಷಯದಲ್ಲಿ ಸೀಟುಗಳು ಭರ್ತಿಯಾಗದಿರುವ ಬಗ್ಗೆ,Seats are not filled in cardiology in state medical colleges,ತಾರಾಅನೂರಾಧ,Tara Anuradha
2950,20/03/2017,ಮಹಿಳಾ ಮತ್ತು ಮಕ್ಕಳ ಅಭಿವೃದ್ಧಿ,Women and Child Development,ಜಿಲ್ಲೆಯ ಮಹಿಳಾ ಸಾಂತ್ವನ ಕೇಂದ್ರಗಳಲ್ಲಿ ದಾಖಲಾದ ದೌರ್ಜನ್ಯ ಪ್ರಕರಣಗಳ ಬಗ್ಗೆ,Regarding harassment cases registered at the women's soliloquy centers in the district,ಘೋಟ್ನೆಕರ ಶ್ರೀಕಾಂತ ಲಕ್ಷ್ಮಣ,Ghotnekara Srikanta Lakshmana
2951,20/03/2017,ಸಮಾಜ ಕಲ್ಯಾಣ,Social Welfare,ಮರಾಠಾ ಸಮಾಜವನ್ನು ೩ಬಿ ಯಿಂದ ೨ಎ ಗೆ ಸೇರಿಸುವ ಬಗ್ಗೆ,About Maratha Society from 3B to 2A,ಘೋಟ್ನೆಕರ ಶ್ರೀಕಾಂತ ಲಕ್ಷ್ಮಣ,Ghotnekara Srikanta Lakshmana
2952,20/03/2017,ಹಿಂದುಳಿದ ವರ್ಗಗಳ ಕಲ್ಯಾಣ,Welfare of Backward Classes,ಕುಣಬಿ ಜನಾಂಗವನ್ನು ಪರಿಶಿಷ್ಟ ಪಂಗಡಕ್ಕೆ ಸೇರಿಸುವ ಕುರಿತು,Concerns about the Scheduled Castes,ಘೋಟ್ನೆಕರ ಶ್ರೀಕಾಂತ ಲಕ್ಷ್ಮಣ,Ghotnekara Srikanta Lakshmana
2953,20/03/2017,ಯೋಜನೆ ಮತ್ತು ಸಾಂಖ್ಯಿಕ,Plan and Numerical,ಬಯಲು ಸೀಮೆ ಪ್ರದೇಶಾಭಿವೃದ್ಧಿ ಬಗ್ಗೆ,About plate territory development,ಚೌಡರೆಡ್ಡಿ ತೂಪಲ್ಲಿ .ಆರ್,Chowdareddy Tupalli R
2954,20/03/2017,ಆಹಾರ ಮತ್ತು ನಾಗರಿಕ ಸರಬರಾಜು,Food and Civil Supplies,ನ್ಯಾಯಬೆಲೆ ಅಂಗಡಿಗಳ ಬಗ್ಗೆ,About fair price shops,ಚೌಡರೆಡ್ಡಿ ತೂಪಲ್ಲಿ .ಆರ್,Chowdareddy Tupalli R
2955,20/03/2017,ಕರ್ಮಿಕ,The work,ಕೆ.ಎಸ್.ಟಿ.ಡಿ.ಸಿ. ಯಲ್ಲಿ ಗುತ್ತಿಗೆ ನೌಕರರನ್ನು ನೇಮಕ ಮಾಡಿಕೊಳ್ಳುವ ಬಗ್ಗೆ,KSDDC About recruiting contract workers,ಚೌಡರೆಡ್ಡಿ ತೂಪಲ್ಲಿ .ಆರ್,Chowdareddy Tupalli R
2956,20/03/2017,ಕನ್ನಡ ಮತ್ತು ಸಂಸ್ಕೃತಿ,Kannada and culture,ಕನ್ನಡ ಮತ್ತು ಸಂಸ್ಕೃತಿ ಇಲಾಖೆಯ ಕಾರ್ಯಕ್ರಮಗಳು,Kannada and Culture Department programs,ಧರ್ಮಸೇನ .ಆರ್,Dharmasena R
2957,20/03/2017,ಮಹಿಳಾ ಮತ್ತು ಮಕ್ಕಳ ಅಭಿವೃದ್ಧಿ,Women and Child Development,ಮಹಿಳೆಯರ ಅಭಿವೃದ್ಧಿ ಕಾರ್ಯಕ್ರಮಗಳು,Women Development Programs,ಧರ್ಮಸೇನ .ಆರ್,Dharmasena R
2958,20/03/2017,ಹಿಂದುಳಿದ ವರ್ಗಗಳ ಕಲ್ಯಾಣ,Welfare of Backward Classes,ಗಂಗಾ ಕಲ್ಯಾಣ ಯೋಜನೆಯಡಿ ಕೊರೆಸಿರುವ ಕೊಳವೆ ಬಾವಿಗಳ,Pipe wells drilled under the Ganga Welfare Program,ಧರ್ಮಸೇನ .ಆರ್,Dharmasena R
2959,21/03/2017,ಇಂಧನ,Fuel,ರಾಯಚೂರು ಜಿಲ್ಲೆಯಲ್ಲಿರುವ ವಿದ್ಯುತ್ ಯೋಜನೆಗಳ ಮತ್ತು ನೀರಾವರಿ ಪಂಪ್ ಸೆಟ್‌ಗಳ ಬಗ್ಗೆ,About power projects and irrigation pump sets in Raichur district,ಬೋಸರಾಜು ಎನ್.ಎಸ್,Bosaraju N S
2960,21/03/2017,ಲೋಕೋಪಯೋಗಿ,Public service,ರಾಜ್ಯ ಹೆದ್ದಾರಿಗಳನ್ನು ರಾಷ್ಟ್ರೀಯ ಹೆದ್ದಾರಿಗಳನ್ನು ರಾಷ್ಟ್ರೀಯ ಹೆದ್ದಾರಿಗಳನ್ನಾಗಿ ಪರಿವರ್ತಿಸುವ ಬಗ್ಗೆ,Convert State Highways to National Highways into National Highways,ಬೋಸರಾಜು ಎನ್.ಎಸ್,Bosaraju N S
2961,21/03/2017,ಕೃಷಿ,Agriculture,ಕೃಷಿ ಇಚಿಜಿನೀಯರಿಂಗ್ ಪದವೀಧರರನ್ನು ಸರ್ಕಾರಿ ಇಲಾಖೆಗಳಲ್ಲಿ ನೇಮಕಾತಿ ಮಾಡಿ ಕೊಳ್ಳುವ ಬಗ್ಗೆ,About recruitment of agricultural engineering graduates in government departments,ಬೋಸರಾಜು ಎನ್.ಎಸ್,Bosaraju N S
2962,21/03/2017,ಪೌರಾಡಳಿತ,Municipality,ನಗರಸಭೆ. ಪುರಸಭೆ ಹಾಗೂ ಪಟ್ಟಣ ಪಂಚಾಯಿತಿಗಳ ಕುರಿತು,Municipality. About municipalities and town panchayats,ಬೋಸರಾಜು ಎನ್.ಎಸ್,Bosaraju N S
2963,21/03/2017,ಪಶುಸಂಗೋಪನೆ,Animal husbandry,ರಾಯಚೂರು ಜಿಲ್ಲೆಯಲ್ಲಿರುವ ಪಶು ಆಸ್ಪತ್ರೆಗಳ ಬಗ್ಗೆ,About Veterinary Hospitals in Raichur District,ಬೋಸರಾಜು ಎನ್.ಎಸ್,Bosaraju N S
2964,21/03/2017,ಕೃಷಿ,Agriculture,ರಯಚೂರು ಜಿಲ್ಲೆಗೆ ಮಂಜೂರಾಗಿರುವ ’ಕೃಷಿಹೊಂಡ’ ಗಳ ಬಗ್ಗೆ,About Ranchur District,ಬೋಸರಾಜು ಎನ್.ಎಸ್,Bosaraju N S
2965,21/03/2017,ಕೃಷಿ,Agriculture,ಸುವರ್ಣ ಕೃಷಿ ಗ್ರಾಮ ಯೋಜನೆ ಬಗ್ಗೆ,About the Golden Agricultural Village Project,ಭಾನುಪ್ರಕಾಶ,Bhanu Prakasha
2966,21/03/2017,ಪೌರಾಡಳಿv,Mesmerizing v,ಕಂದಾಯ ಅಧಿಕಾರಿಗಳು/ವ್ಯವಸ್ಥಾಪಕರು/ಹಿರಿಯ ಆರೋಗ್ಯ ನಿರೀಕ್ಷರನ್ನು ಕೆ.ಎಮ್.ಎ.ಎಸ್. ಗೆ ವಿಲೀನಗೊಳಿಸುವ ವಿಚಾರ,Revenue Officers / Managers / Senior Health Inspectors KMAS Think about merging,ಭಾನುಪ್ರಕಾಶ,Bhanu Prakasha
2967,21/03/2017,ಪರಾಡಳಿತ,Militancy,ಘನ ತ್ಯಾಜ್ಯ ನಿರ್ವಹಣೆ ವಿಚಾರ,Solid Waste Management,ಭಾನುಪ್ರಕಾಶ,Bhanu Prakasha
2968,21/03/2017,ಪಶುಸಂಗೋಪನೆ,Animal husbandry,ಪಶುಸಂಗೋಪನೆ ಇಲಾಖೆಯಲ್ಲಿನ ಯೋಜನೆ ಕಾರ್ಯಕ್ರಮಗಳ ಬಗ್ಗೆ,About Project Programs in Animal Husbandry Department,ಸುನಿಲ್ ಸುಬ್ರಮಣಿ .ಎಂ.ಪಿ,Sunil Subramani M P
2969,21/03/2017,ಇಂಧನ,Fuel,ವಿದ್ಯುತ್ ಎಕ್ಸ್‌ಪ್ರೆಸ್ ಲೈನ್‌ಗಳ ಕಾಮಗಾರಿಗಳು ಕುಂಠಿತ ಗೊಂಡಿರುವ ಬಗ್ಗೆ,About the construction of electric express lines is stagnant,ಸುನಿಲ್ ಸುಬ್ರಮಣಿ .ಎಂ.ಪಿ,Sunil Subramani M P
2970,21/03/2017,ಪೌರಾಡಳಿತ,Municipality,"ನಗರಸಭೆ, ಪುರಸಭೆ, ಪಟ್ಟಣ ಪಂಚಾಯಿತಿಗಳ ಖಾಲಿ ಹುದ್ದೆ ಭರ್ತಿ ಮಾಟುವ ಬಗ್ಗೆ","About filling up the vacancies of municipalities, municipalities and town panchayats",ಸುನೀಲ್ ಸುಬ್ರಮಣಿ .ಎಂ.ಪಿ,Sunil Subramani M P
2971,21/03/2017,ಲೋಕೋಪಯೋಗಿ,Public service,ಲೋಕೋಪಯೋಗಿ ಇಲಾಖೆಯಿಂದ ಬಿಟುಗಡೆ ಮಾಡಿದ ಹಣದ ಬಗ್ಗೆ,About the money left by the Public Works Department,ಸಯದ್ ಮುಧೀರ್ ಅಗಾ,Syed Madir Aga
2972,21/03/2017,ಕೃಷಿ,Agriculture,ಕೃಷಿ ಇಲಾಖೆಯಿಂದ ಅನುದಾನ ನೀಡಿರುವ ಬಗ್ಗೆ,Grants from the Department of Agriculture,ಸಯದ್ ಮುಧೀರ್ ಅಗಾ,Syed Madir Aga
2973,21/03/2017,ಪೌರಾಡಳಿv,Mesmerizing v,ಗದಗ ಜಿಲ್ಲೆ ವ್ಯಾಪ್ತಿಯ ಗಜೇಂದ್ರಗಢ ಪುರಸಭೆಯ ಕುಡಿಯುವ ನೀರಿನ ಸಮಸ್ಯೆ ಕುರಿತು,About Gajendragarh Municipal drinking water issue in Gadag district,ಸಂಕನೂರ .ಎಸ್.ವ್ಹಿ,Sankanura S V
2974,21/03/2017,ಸಾರ್ವಜನಿಕ ಉದ್ದಿಮೆ,Public enterprise,ಸಣ್ಣ ಪಟ್ಟಣ ಮತ್ತು ಮಧ್ಯಮ ಪಟ್ಟಣ ಯೋಜನೆಯಡಿ ಮೂಲಭೂತ ಸೌಕರ್ಯ,Basic infrastructure under a small town and a middle town project,ಸಮಣ್ಣ ಮ. ಬೇವಿನಮರದ,Samanna Ma Bevinamara
2975,21/03/2017,ಕೃಷಿ,Agriculture,೨೦೧೩ ರಂದ ೨೦೧೭ರವರೆಗೆ ಹಾವೇರಿ ಜಿಲ್ಲೆಗೆ ಕೃಷಿ ಇಲಾಖೆಯ ಎಸ್.ಸಿ.ಪಿ/ಟಿ.ಎಸ್.ಪಿ. ಯೋಜನೆಯ ಬಗ್ಗೆ,"From 2013 to 2017, the SCP / TSP of the Department of Agriculture to Haveri District. About the project",ಸಮಣ್ಣ ಮ. ಬೇವಿನಮರದ,Samanna Ma Bevinamara
2976,21/03/2017,ಕೃಷಿ,Agriculture,ಹಾವೇರಿ ಜಿಲ್ಲೆಯಲ್ಲಿ ರೈತ ಸಂಘಟನೆಗಳು ಬೆಳೆ ವಿಮೆ ಬಗ್ಗೆ ಪ್ರತಿಭಟಿಸುವ ಬಗ್ಗೆ,Farmer organizations in Haveri district are protesting about crop insurance,ಸಮಣ್ಣ ಮ. ಬೇವಿನಮರದ,Samanna Ma Bevinamara
2977,21/03/2017,ಕೃಷಿ,Agriculture,ಸಂಕಷ್ಟದಲ್ಲಿರುವ ರೈತರ ಸಾಲ ಮನ್ನಾ ಮತ್ತು ಸುರಕ್ಷತೆ ಕುರಿತು,Concerns about the debt waiver and safety of farmers in distress,ಸೋಮಣ್ಣ .ವಿ,Somanna V
2978,21/03/2017,ಪಶುಸಂಗೋಪನೆ,Animal husbandry,ಹಾವೇರಿ ಜಿಲ್ಲೆಯಲ್ಲಿ ೨೦೧೩ ರಿಂದ ೨೦೧೭ ರವರೆಗೆ ಸತ್ತ ಕುರಿ ಮೇಕೆ ಆಕಳುಗಳ ಬಗ್ಗೆ,About sheep goat cows from Haveri district from 2013 to 2017,ಸೋಮಣ್ಣ ಮ ಬೇವಿನಮರದ,Samanna Ma Bevinamara
2979,21/03/2017,ಕೃಷಿ,Agriculture,ಹವೇರಿ ಜಿಲ್ಲೆಯಲ್ಲಿ ೨೦೧೫ ರಿಂದ ೨೦೧೭ ರವರೆಗೆ ಬೆಳೆ ವಿಮೆ ಮಾಡಿದ ರೈತರ ಸಂಖ್ಯೆ ಬಗ್ಗೆ,About the number of farmers who have crop insurance from 2015 to 2017 in Haveri district,ಸೋಮಣ್ಣ ಮ ಬೇವಿನಮರದ,Samanna Ma Bevinamara
2980,21/03/2017,ಲೋಕೋಪಯೋಗಿ,Public service,ಹಾವೇರಿ ಜಲ್ಲೆಯ ಲೋಕೋಪಯೋಗಿ ಇಲಾಖೆಗೆ ಕೇಂದ್ರ ಮತ್ತು ರಾಜ್ಯ ಸರ್ಕಾರದಿಂದ ಅನುದಾನ ಬಿಡುಗಡೆಯಾದ ಬಗ್ಗೆ,About grant of funds from the Central and State Government to the Department of Public Works in Haveri District,ಸೋಮಣ್ಣ ಮ ಬೇವಿನಮರದ,Samanna Ma Bevinamara
2981,21/03/2017,ಪೌರಾಡಳಿತ,Municipality,ನೂತನವಾಗಿ ರಚಿಸಿರುವ ಪುರಸಭೆ ಮತ್ತು ಪಟ್ಟಣ ಪಂಚಾಯಿತಿಗಳ ಕುರಿತು,About newly created municipalities and town panchayats,ನಾರಾಯಣಸ್ವಾಮಿ .ಎಂ,Narayanaswamy M
2982,21/03/2017,ಪಶುಸಂಗೋಪನೆ,Animal husbandry,ಪಶು ಭಾಗ್ಯ ಯೋಜನೆಯ ಕುರಿತು,About the Pasu Bhagya Project,ನಾರಾಯಣಸ್ವಾಮಿ .ಎಂ,Narayanaswamy M
2983,21/03/2017,ಪೌರಾಡಳಿv,Mesmerizing v,"ಪುರಸಭೆ, ನಗರಸಭೆ ಮತ್ತು ಪಟ್ಟಣ ಪಂಚಾಯಿತಿ ಸಿಬ್ಬಂದಿಯ ಕುರಿತು","About municipal council, municipal council and town panchayat staff",ನಾರಾಯಣಸ್ವಾಮಿ .ಎಂ,Narayanaswamy M
2984,21/03/2017,ಪಶುಸಂಗೋಪನೆ,Animal husbandry,ಪಶು ಆಸ್ಪತ್ರೆಗಳಲ್ಲಿ ಚಿಕಿತ್ಸೆಯ ಕುರಿತು,About treatment in veterinary hospitals,ನಾರಾಯಣಸ್ವಾಮಿ .ಎಂ,Narayanaswamy M
2985,21/03/2017,ಪಶುಸಂಗೋಪನೆ,Animal husbandry,ಪಶು ವೈದ್ಯಕೀಯ ಆಸ್ಪತ್ರೆಗಳ ಕುರಿತು,About Veterinary Hospitals,ನಾರಾಯಣಸ್ವಾಮಿ .ಎಂ,Narayanaswamy M
2986,21/03/2017,ಲೋಕೋಪಯೋಗಿ,Public service,ಟಿ.ನರಸೀಪುರ ನೂತನ ಕಪಿಲಾ ಸೇತುವೆಯ ಮೇಲೆ ದೀಪಗಳನ್ನು ಅಳವಡಿಸುವುದು,Insert lamps on the new Kapila Bridge in T. Narasipura,ನಾಗರಾಜ್ .ಎಸ್,Nagaraja S
2987,21/03/2017,ನಗರಾಭಿವೃದ್ಧಿ,Urban development,ಹುಣಸೂರು ಪಟ್ಟಣಕ್ಕೆ ಒಳಚರಂಡಿ ವ್ಯವಸ್ಥೆ,Drainage system for Hunasur town,ನಾಗರಾಜ್ .ಎಸ್,Nagaraja S
2988,21/03/2017,ಲೋಕೋಪಯೋಗಿ,Public service,ರಸ ನಿರ್ಮಾಣ ಕಾಮಗಾರಿ ಕುರಿತು,About juice construction work,ಪ್ರದೀಪ್ ಶೆಟ್ಟರ್,Pradeep Shettar
2989,21/03/2017,ಕೃಷಿ,Agriculture,ಕೃಷಿ ರೈತರಿಗೆ ನೀಡುವ ಟಾರ್ಪಾಲ್‌ಗಳ ಕುರಿತು,About the Tarpals for Agricultural Farmers,ಪ್ರದೀಪ್ ಶೆಟ್ಟರ್,Pradeep Shettar
2990,21/03/2017,ಕೃಷಿ,Agriculture,ಕೃಷಿ ಹೊಂಡಗಳ ಕುರಿತು,About farm ponds,ಪ್ರದೀಪ್ ಶೆಟ್ಟರ್,Pradeep Shettar
2991,21/03/2017,ಕೃಷಿ ಮಾರುಕಟ್ಟೆ,Agricultural Market,ಹಳ್ಳಿ-ಸಂತೆ ಯೋಜನೆಯ ಕುರಿತು,About the village-centric project,ಪ್ರದೀಪ್ ಶೆಟ್ಟರ್,Pradeep Shettar
2992,21/03/2017,ಕೃಷಿ,Agriculture,ಪ್ರಧಾನಮಂತ್ರಿ ಫಸಲ್ ಭೀಮಾ ಯೋಜನೆ ಕುರಿತು,About the Prime Minister's Faisal Bhima plan,ಪ್ರಾಣೇಶ್ .ಎಂ.ಕೆ,Pranesha M K
2993,21/03/2017,ಪಶುಸಂಗೋಪನೆ,Animal husbandry,ಅಮೃತ್ ಮಹಲ್ ತಳಿ ಸಂವರ್ಧನಾ ಕೇಂದ್ರಗಳ ಬಗ್ಗೆ,About Amrit Mahal Breeding Centers,ಪ್ರಾಣೇಶ್ .ಎಂ.ಕೆ,Pranesha M K
2994,21/03/2017,ಸಾರ್ವಜನಿಕ ಉದ್ದಿಮೆ,Public enterprise,ಸ್ವೈಪಿಂಣ್ ಮಿಷಿನ್ ಮತ್ತು ಆನ್‌ಲೈನ್ ವ್ಯವಸ್ಥೆ ಕುರಿತು,About Swipe Machine and Online System,ಪ್ರಾಣೇಶ್ .ಎಂ.ಕೆ,Pranesha M K
2995,21/03/2017,ಇಂಧನ,Fuel,ಫೀಡರ್ ಎಕ್ಸ್‌ಪ್ರೆಸ್ ಮಾರ್ಗ ಕುರಿತು,About Feeder Express Route,ಪ್ರಾಣೇಶ್ .ಎಂ.ಕೆ,Pranesha M K
2996,21/03/2017,ತೋಟಗಾರಿಕೆ,Gardening,ತಟಗಾರಿಕೆ ವಿಶ್ವವಿದ್ಯಾಲಯದ ಕುರಿತು,About the University of Draining,ಪ್ರಾಣೇಶ್ .ಎಂ.ಕೆ,Pranesha M K
2997,21/03/2017,ಪಶುಸಂಗೋಪನೆ,Animal husbandry,"ರಾಜ್ಯದಲ್ಲಿನ ಗೋಮಾಳಗಳ ರಕ್ಷಣೆ, ಬಳಕೆ ಪಶುಸಂಗೋಪನಾ ಇಲಾಖೆಗೆ ನೀಡುವ ಕುರಿತು",About the protection of the pastures in the state and the use of the Animal Husbandry Department,ಪ್ರತಾಪಚಂದ್ರ ಶೆಟ್ಟಿ .ಕೆ,Pratapachandra Shetty K
2998,21/03/2017,ಇಂಧನ,Fuel,ರಾಜ್ಯದಲ್ಲಿ ವಿದತ್ ಅಪಘಾತದಲ್ಲಿ ಮರಣ,Death in Vidhath accident in the state,ಪ್ರತಾಪಚಂದ್ರ ಶೆಟ್ಟಿ .ಕೆ,Pratapachandra Shetty K
2999,21/03/2017,ಕೃಷಿ,Agriculture,ರಾಜ್ಯದಲ್ಲಿನ ಕೃಷಿ ವಿಶ್ವವಿದ್ಯಾನಿಲಯಗಳ ಕುರಿತು,About Agricultural Universities in the State,ಪ್ರತಾಪಚಂದ್ರ ಶೆಟ್ಟಿ .ಕೆ,Pratapachandra Shetty K
3000,21/03/2017,ಲೋಕೋಪಯೋಗಿ,Public service,ಪ್ರಧಾನ ಮಂತ್ರಿ Uಮ ಸಡಕ್ ಮತ್ತು ಮುಖ್ಯ ಮಂತ್ರಿ ಗ್ರಾಮ ಸಡಕ್ ಯೋಜನೆಯ ರಸ್ತೆಗಳ ನಿರ್ವಹಣೆಯ ಬಗ್ಗೆ,Prime Minister U Maa Sadak and Chief Minister Gram Sadak project management of roads,ಪ್ರತಾಪಚಂದ್ರ ಶೆಟ್ಟಿ .ಕೆ,Pratapachandra Shetty K
3001,21/03/2017,ಕೃಷಿ,Agriculture,ರಾಜ್ಯದಲ್ಲಿ ಕಷಿಕರಿಗೆ ಅಂತರಗಂಗೆಯಿಂದಾಗುತ್ತಿರುವ ತೊಂದರೆ ಕುರಿತು,Concerns about intercourse problems in the state,ಪ್ರತಾಪಚಂದ್ರ ಶೆಟ್ಟಿ .ಕೆ,Pratapachandra Shetty K
3002,21/03/2017,ಪಶುಸಂಗೋಪನೆ,Animal husbandry,ಹಾಲು ಉತ್ಪಾದಕರಿಗೆ ಪ್ರೋತ್ಸಾಹಧನ ನೀಡುವ ಬಗ್ಗೆ,About promoting milk producers,ಪುಟ್ಟಸ್ವಾಮಿ .ಬಿ.ಜೆ,Puttaswamy B J
3003,21/03/2017,ಕೃಷಿ,Agriculture,ರೈತರ ಅಭಿವೃದ್ಧಿಗೆ ಸರ್ಕಾರದ ಯೋಜನೆಗಳ ಬಗ್ಗೆ,About government plans for farmers' development,ಪುಟ್ಟಸ್ವಾಮಿ .ಬಿ.ಜೆ,Puttaswamy B J
3004,21/03/2017,ಕೃಷಿ,Agriculture,ಕೃಷಿ ಸಂಬಂಧಿ ಕಾರ್ಯಕ್ರಮಗಳ/ ಯೋಜನೆಗಳ ಬಗ್ಗೆ,About Agricultural Programs / Projects,ಪುಟ್ಟಸ್ವಾಮಿ .ಬಿ.ಜೆ,Puttaswamy B J
3005,21/03/2017,ಕೃಷಿ,Agriculture,ರೈತರ ಕೃಷಿ ಜಮೀನಿಗಳಲ್ಲಿ ಮಣ್ಣಿನ ಪರೀಕ್ಷೆಯ ಬಗ್ಗೆ,About soil testing in farmers' farmland,ಪುಟ್ಟಸ್ವಾಮಿ .ಬಿ.ಜೆ,Puttaswamy B J
3006,21/03/2017,ಕೃಷಿ,Agriculture,ಬೆಳೆ ವಿಮೆ ಯೋಜನೆಗಳ ಬಗ್ಗೆ,About crop insurance plans,ಪುಟ್ಟಸ್ವಾಮಿ .ಬಿ.ಜೆ,Puttaswamy B J
3007,21/03/2017,ಕೃಷಿ,Agriculture,"ಕಲಬುರಗಿ ಮತ್ತು ಯಾದಗಿರಿ ಜಿಲ್ಲೆಗಳಿಗೆ ೨೦೧೫-೧೬, ೨೦೧೬-೧೭ನೇ ಸಾಲಿನಲ್ಲಿ ಬಿಡುಗಡೆ ಅನುದಾನದ ಬಗ್ಗೆ","Issue of release on 2015-16, 2016-17 to Kaluburgi and Yadgir districts",ಪಾಟೀಲ್ .ಬಿ.ಜಿ,Patil B G
3008,21/03/2017,ಇಂಧನ,Fuel,ಹೊಸ ಟ್ರಾನ್ಸಫಾರ್ಮರ್ ಅಳವಡಿಕೆ ಕುರಿತು,About installing a new transformer,ಶರವಣ .ಟಿ.ಎ,Sharavana T A
3009,21/03/2017,ಇಂಧನ,Fuel,ವಿದತ್ ಉತ್ಪಾದನೆ ಕೊರತೆಯ ಬಗ್ಗೆ,Vidhut production deficit,ಶರವಣ .ಟಿ.ಎ,Sharavana T A
3010,21/03/2017,ತೋಟಗಾರಿಕೆ,Gardening,ರಾಜ್ಯದ ತೋಟಗಾರಿಕಾ ಫಾರಂಗಳ ಕುರಿತು,About State Horticultural Fertilizers,ಶರವಣ .ಟಿ.ಎ,Sharavana T A
3011,21/03/2017,ಲೋಕೋಪಯೋಗಿ,Public service,ಲೋಕೋಪಯೋಗಿ ಇಲಾಖೆಯಲ್ಲಿ ಕಾರ್ಯನಿರ್ವಹಿಸುತ್ತಿರುವ ಡಿಪ್ಲೋಮಾ ವಿದ್ಯಾರ್ಥಿ ಹೊಂದಿರುವ ಸಹಾಯಕ ಕಾರ್ಯನಿರ್ವಾಹಕ ಅಭಿಯಂತರರ ಪದೋನ್ನತಿ ಬಗ್ಗೆ,About Diploma Student Assistant Executive Engineer Applying for Public Works Department,ಶಾಣಪ್ಪ .ಕೆ.ಬಿ,Shaanappa K B
3012,21/03/2017,ಕೃಷಿ,Agriculture,ಹನಿ ನೀರಾವರಿ ಬಗ್ಗೆ,About Honey Irrigation,ವಿವೇಕ್‌ರಾವ್ ವಸಂತ್‌ರಾವ್ ಪಾಟೀಲ್,Vivek Rao Vasanth Rao Patil
3013,21/03/2017,ಕೃಷಿ,Agriculture,ಹನಿ ನೀರಾವರಿ ಬಗ್ಗೆ,About Honey Irrigation,ವಿವೇಕ್‌ರಾವ್ ವಸಂತ್‌ರಾವ್ ಪಾಟೀಲ್,Vivek Rao Vasanth Rao Patil
3014,21/03/2017,ಇಂಧನ,Fuel,ಸೌರ ವಿದ್ಯುತ್ ಘಟಕಗಳನ್ನು ಸ್ಥಾಪಿಸುವ ಕುರಿತು,About establishing solar power plants,ವೀರಯ್ಯ .ಡಿ.ಎಸ್,Veerayya D S
3015,21/03/2017,ಲೋಕೋಪಯೋಗಿ,Public service,ವಂದ ಮತ್ತು ನೇಮಕಾತಿ ನಿಯಮ ಪರಿಷ್ಕರಣೆ ಕುರಿತು,Regarding greeting and recruitment rule,ವೀರಯ್ಯ .ಡಿ.ಎಸ್,Veerayya D S
3016,21/03/2017,ಪಶುಸಂಗೋಪನೆ,Animal husbandry,ಕೊಡಗು ಜಿಲ್ಲೆಯಲ್ಲಿನ ಪಶುಭಾಗ್ಯ ಯೋಜನೆಯ ಫಲಾನುಭವಿಗಳ ಕರಿತು,The beneficiaries of the scheme are the beneficiaries of the Kodagu district,ವೀಣಾ ಅಚ್ಚಯ್ಯ .ಎಸ್,Veena achchaiah S
3017,21/03/2017,ಲೋಕೋಪಯೋಗಿ,Public service,ಕೊಡಗು ಜಿಲ್ಲೆಯ ರಸ್ತೆಗಳ ಕುರಿತು,About roads in Kodagu district,ವೀಣಾ ಅಚ್ಚಯ್ಯ .ಎಸ್,Veena achchaiah S
3018,21/03/2017,ಕೃಷಿ,Agriculture,ಕೊಡಗು ಜಿಲ್ಲೆಯಲ್ಲಿ ಬೆಳೆ ವಿಮೆ ಕುರಿತು,About crop insurance in Kodagu district,ವೀಣಾ ಅಚ್ಚಯ್ಯ .ಎಸ್,Veena achchaiah S
3019,21/03/2017,ಕೃಷಿ ಮಾರುಕಟ್ಟೆ,Agricultural Market,ಬೀದರ್ ಜಿಲ್ಲೆಯಲ್ಲಿ ತೊಗರಿ ಖರೀದಿ ಮಾಡುವ ಬಗ್ಗೆ,About buying cakes in Bidar district,ವಿಜಯ ಸಂಗ್,Vijay Singh
3020,21/03/2017,ಇಂಧನ,Fuel,ಬೀದರ್ ಜಿಲ್ಲೆಯಲ್ಲಿ ಪಂಪ್‌ಸೆಟ್ಗಳಿಗೆ ಟ್ರಾನ್ಸಫಾರಂ ಅಳವಡಿಸುವ ಬಗ್ಗೆ,About installing transmitter to pumpets in Bidar district,ವಿಜಯ ಸಂಗ್,Vijay Singh
3021,21/03/2017,ಲೋಕೋಪಯೋಗಿ,Public service,ಬೀದರ್ ಜಿಲ್ಲೆಯ ತಾಲ್ಲೂಕು ರಸ್ತೆಗಳ ಬಗ್ಗೆ,About Taluk Roads in Bidar District,ವಿಜಯ ಸಿಂಗ್,Vijay Singh
3022,21/03/2017,ಲೋಕೋಪಯೋಗಿ,Public service,ಹೆದ್ದಾರಿಗಳಲ್ಲಿ ಅಪಘಾತದ ಬಗ್ಗೆ,About the accident on the highways,ಬಸನಗೌಡ ಆರ್ ಪಾಟೀಲ್,Basanagowda R Patil
3023,21/03/2017,ಲೋಕೋಪಯೋಗಿ,Public service,ರಸ್ತೆಗಳ ಅಭಿವೃದ್ಧಿ ಕುರಿತು,About road development,ಬಸವರಾಜ ಪಾಟೀಲ್ ಇಟಗಿ,Basavaraja Patil Itagi
3024,21/03/2017,ಕೃಷಿ ಮಾರುಕಟ್ಟೆ,Agricultural Market,ಕೃಷಿ ಉತ್ಪನ್ನ ಬೆಳೆಗಳಿಗೆ ಬೆಲೆ ನಿಗಧಿ ಪಡಿಸುವ ಕುರಿತು,Regarding pricing for agricultural product crops,ಬಸವರಾಜ ಪಾಟೀಲ್ ಇಟಗಿ,Basavaraja Patil Itagi
3025,21/03/2017,ಇಂಧನ,Fuel,ಹೆಸ್ಕಾಂ ವಿಭಾಗದಲ್ಲಿ ಅನೇಕ ವರ್ಷಗಳಿಂದ ಕೆಲಸ ನಿರ್ವಹಿಸುತ್ತಿರುವ ನೌಕರರ ವಿವರ ಸಲ್ಲಿಸುವ ಬಗ್ಗೆ,About submitting the details of employees working for Hescom for many years,ಬಸವರಾಜ ಶಿವಲಿಂಗಪ್ಪ ಹೊರಟ್ಟಿ,Basavaraja Shivalingappa Horatti
3026,21/03/2017,ಇಂಧನ,Fuel,ರಾಜ್ಯದಲ್ಲಿ ರೈತರ ಜಮೀನುಗಳಿಗೆ ವಿದ್ಯುತ್ ಸರಬರಾಜು ಕಂಪನಿಗಳಿಂದ ನೀರಾವರಿ ಪಂಪ್‌ಸೆಟ್ಗಳಿಗೆ ವಿದ್ಯುತ್ ಸಂಪರ್ಕ ಕಲ್ಪಿಸುವ ಕುರಿತು,About power supply for irrigation pumpsets from electricity suppliers to farmers' lands in the state,ಬಸವರಾಜ ಶಿವಲಿಂಗಪ್ಪ ಹೊರಟ್ಟಿ,Basavaraja Shivalingappa Horatti
3027,21/03/2017,ಕೃಷಿ,Agriculture,ಜಲಾನಯನ ಯೋಜನೆಯಲ್ಲಿ ನಡೆದ ಭ್ರಷ್ಟಾಚಾರಕ್ಕೆ ಅಧಿಕಾರಿಗಳ ವಿರುದ್ಧ ಕ್ರಿಮಿನಲ್ ಕೇಸ್ ದಾಖಲಿಸಲು ಶಿಫಾರಸ್ಸು ಮಾಡುವ ಬಗ್ಗೆ,Recommendation for filing a criminal case against the authorities for corruption in the watershed project,ಬಸವರಾಜ ಶಿವಲಿಂಗಪ್ಪ ಹೊರಟ್ಟಿ,Basavaraja Shivalingappa Horatti
3028,21/03/2017,ಸ್ಥಳೀಯ ಸಂಸ್ಥೆ,Local organization,ರಾಜ್ಯದಲ್ಲಿನ ನಗರ ಸ್ಥಳೀಯ ಸಂಸ್ಥೆಗಳ ಬಗ್ಗೆ,About urban local bodies in the state,ಬಸವರಾಜ ಶಿವಲಿಂಗಪ್ಪ ಹೊರಟ್ಟಿ,Basavaraja Shivalingappa Horatti
3029,21/03/2017,ಕಷಿ,Cookie,ರಾಜ್ಯದ ಕೃಷಿ ವಿಶ್ವವಿದ್ಯಾಲಯಗಳ ಅರೆಕಾಲಿಕ ಸಿಬ್ಬಂದಿಯನ್ನು ಸೇವೆಯಲ್ಲಿ ವಿಲೀನಗೊಳಿಸುವ ಬಗ್ಗೆ,The merger of part-time staff of state agricultural universities in the service,ಬಸವರಾಜ ಶಿವಲಿಂಗಪ್ಪ ಹೊರಟ್ಟಿ,Basavaraja Shivalingappa Horatti
3030,21/03/2017,ಇಂಧನ,Fuel,ರಾಜ್ಯದ ಉಷ್ಣ ವಿದ್ಯುತ್ ಸ್ಥಾವರಗಳಲಿ ಹಾರುಬೂದಿ ನಿರ್ವಹಣೆಯ ಬಗ್ಗೆ,About spacecraft management in the state's thermal power plants,ಲಹರ್ ಸಿಂಗ್ ಸಿರೋಯ,Lahar Singh Siroya
3031,21/03/2017,ತೋಟಗಾರಿಕೆ,Gardening,ಹಾಪ್ಕಾಮ್ಸ್ ಮಳಿಗೆ ಪ್ರಾರಂಭಿಸುವುದು,Hopcams Shop Launches,ಲಕ್ಷ್ಮಿನಾರಾಯಣ. ಎಂ.ಡಿ,Lakshmi Narayana MD
3032,21/03/2017,ಪಶುಸಂಗೋಪನೆ,Animal husbandry,ಅಮೃತ ಮಹಲ್ ಕಾವಲ್ ಜಾಗವನ್ನು ರೈತರಿಗೆ ಮಂಜೂರು ಮಾಡುವ ಬಗ್ಗೆ,Amrita Mahal Caval space is allocated to the farmers,ಲಕ್ಷ್ಮೀನಾರಾಯಣ .ಎಂ.ಡಿ,Lakshmi Narayana MD
3033,21/03/2017,ಸಾರ್ವಜನಿಕ ಉದ್ದಿಮೆ,Public enterprise,ಸಾರ್ವಜನಿಕ ಉದ್ದಿಮೆಗಳ ಕಾರ್ಯನಿರ್ವಹಣೆ ಬಗ್ಗೆ,About the performance of public enterprises,ಲಕ್ಷ್ಮೀನಾರಾಯಣ .ಎಂ.ಡಿ,Lakshmi Narayana MD
3034,21/03/2017,ಕೃಷಿ,Agriculture,ರೈತರ ಅಧ್ಯಯನ ಪ್ರವಾಸದ ಬಗ್ಗೆ,About Farmers' Study Tour,ಲಕ್ಷ್ಮೀನಾರಾಯಣ .ಎಂ.ಡಿ,Lakshmi Narayana MD
3035,21/03/2017,ಲೋಕೋಪಯೋಗಿ,Public service,ಅನದಿಕೃತ ರಸ್ತೆ ಉಬ್ಬುಗಳ ಬಗ್ಗೆ,About unofficial road bumps,ಲಕ್ಷ್ಮೀನಾರಾಯಣ .ಎಂ.ಡಿ,Lakshmi Narayana MD
3036,21/03/2017,ಪೌರಾಡಳಿತ,Municipality,ಪುರಸಭಾ ವ್ಯಾಪ್ತಿಯಲ್ಲಿ ಮನೆ ಕಂದಾಯದ ಬಗ್ಗೆ,About House Taxes in the Municipal Council,ಮನೋಹರ .ಸಿ.ಆರ್,Manohara CR
3037,21/03/2017,ಪೌರಾಡಳಿತ,Municipality,ಕೆ.ಡಿ.ಪಿ. ವರದಿ ಅಭಿವೃದ್ಧಿ ಪಡಿಸುವ ಬಗ್ಗೆ,KDP About developing the report,ಮಾನೆ ಶ್ರೀನಿವಾಸ್,Mane Srinivas
3038,21/03/2017,ಪಶುಸಂಗೋಪನೆ,Animal husbandry,ಪಶುಸಂಗೋಪನಾ ಇಲಾಖೆಯ ಕಾರ್ಯಕ್ರಮಗಳ ಬಗ್ಗೆ,About animal husbandry department programs,ಮೋಟಮ್ಮ,Motamma
3039,21/03/2017,ಕೃಷಿ,Agriculture,ಚಕ್ಕಮಗಳೂರು ಜಿಲ್ಲೆಯ ಕೃಷಿ ಭಾಗ್ಯ ಯೋಜನೆಯ ಬಗ್ಗೆ,About the Agriculture Bhagya Scheme in Chakkamagalur District,ಮೋಟಮ್ಮ,Motamma
3040,21/03/2017,ಕೃಷಿ ಮಾರುಕಟ್ಟೆ,Agricultural Market,ಕೃಷಿ ಉತ್ಪನ್ನ ಮಾರುಕಟ್ಟೆ ಸೆಸ್ ಶೇ ೧.೫ ಆವರ್ತಕ ನಿಧಿ ಬಗ್ಗೆ,About 1.5 Periodic Fund for Agricultural Product Market Cess,ಅಮರನಾಥ ಪಾಟೀಲ್,Amaranatha Patil
3041,21/03/2017,ಪಶುಸಂಗೋಪನೆ,Animal husbandry,ಪಶು ಚಿಕಿತ್ಸಾಲಯ ಸ್ಥಾಪಿಸುವ ಬಗ್ಗೆ,About establishing veterinary clinics,ಜಯಮ್ಮ,Jayamma
3042,21/03/2017,ಇಂಧನ,Fuel,ಸೋಲಾರ್ ವಿದತ್ ಉತ್ಪಾದನೆ ಬಗ್ಗೆ,About solar production,ಜಯಮಾಲ ರಾಮಚಂದ್ರ,Jayamala Ramachandra
3043,21/03/2017,ಇಂಧನ,Fuel,ವಿದ್ಯುತ್ ಉಳಿಸುವ ವಿಶೇಷ ಎಲ್.ಇ.ಡಿ. ಬಲ್ಬುಗಳ ವತರಣೆಯಿಂದ ಬೆಸ್ಕಾಂಗೆ ಆಗಿರುವ ಆರ್ಥಿಕ ಹೊರೆ ಮತ್ತು ಅವುಗಳಿಂದ ಆಗಿರುವ ವಿದ್ಯುತ್ ಉಳಿತಾಯ ಕುರಿತಂತೆ,Power Saving Special LED The financial burden of BESCOM from the bulb distribution and the power saving from them,ರಾಮಚಂದ್ರಗೌಡ,Ramachandra Gowda
3044,21/03/2017,ಕೃಷಿ,Agriculture,೧೩ನೇ ಕೃಷಿ ವಿಜ್ಞಾನ ಸಮಾವೇಶದಲ್ಲಿ ತೆಗೆದು ಕೊಂಡ ನಿರ್ಣಯಗಳು ಹಾಗೂ ಬರಗಾಲವನ್ನು ಎದುರಿಸಲು ಸರ್ಕಾರಕ್ಕೆ ನೀಡಿರುವ ಸಲಹೆಯ ಕುರಿತು,Regarding the government's advice to combat droughts and famine at the 13th Agriculture Science Conference,ರಾಮಚಂದ್ರಗೌಡ,Ramachandra Gowda
3045,21/03/2017,ಲೋಕೋಪಯೋಗಿ,Public service,ಚನ್ನಪಟ್ಟಣ ತಾಲ್ಲೂಕಿನ ಹೊಂಗನೂರು ಕೆರೆ ಏರಿ ರಸ್ತೆ ಅಗಲೀಕರಣ ಬೇಡಿಕೆ ಇರುವ ಕುರಿತು,About the demand for road widening of the Hongurur lake in Channapatna taluk,ರಾಮಚಂದ್ರಗೌಡ,Ramachandra Gowda
3046,21/03/2017,ಕೃಷಿ,Agriculture,ರಾಜ್ಯದಲ್ಲಿ ಅತಿವೃಷ್ಟ ಮತ್ತು ಅನಾವೃಷ್ಟಿ ತಡೆಗಟ್ಟಲು ಸರ್ಕಾರವೇ ವಿಮೆ ಮಾಡಿಸುವ ಕುರಿತು,The government is insured to prevent livelihood and disenchantment in the state,ರಾಮಚಂದ್ರಗೌಡ,Ramachandra Gowda
3047,21/03/2017,ಪಶುಸಂಗೋಪನೆ,Animal husbandry,ರಾಜ್ಯದ ದನಕರುಗಳಿಗೆ ಬೇಸಿಗೆಯ ಬರಗಾಲದಲ್ಲಿ ಸೂಕ್ತ ಮೇವು ಒದಗಿಸಲು ತೆಗೆದುಕೊಳ್ಳಬೇಕಾದ ಕ್ರಮದ ಬಗ್ಗೆ,Regarding the way cattle should be provided to provide suitable fodder for summer famine,ರಾಮಚಂದ್ರಗೌಡ,Ramachandra Gowda
3048,21/03/2017,ಕೃಷಿ ಮಾರುಕಟ್ಟೆ,Agricultural Market,ಚಿತ್ರದುರ್ಗ ದಾವಣಗೆರೆ ಜಿಲ್ಲೆಗಳಲ್ಲಿ ಈರುಲ್ಲಿ ಬೆಳೆ ಪರಿಹಾರ,Crop solution here in Davangere districts of Chitradurga,ರಘು ಆಚಾರ್ .ಜಿ,Raghu Achar G
3049,21/03/2017,ಕೃಷಿ,Agriculture,ಕೃಷಿ ಭಗ್ಯ ಯೋಜನೆ ಫಲಾನುಭವಿಗಳ ಬಗ್ಗೆ,About Agricultural Benefit Scheme beneficiaries,ರಘು ಆಚಾರ್ .ಜಿ,Raghu Achar G
3050,21/03/2017,ಸ್ಥಳೀಯ ಸಂಸ್ಥೆ,Local organization,"ನಗರ, ಪುರಸಭೆ, ಪಟ್ಟಣ ಪಂಚಾಯತ್‌ಗಳ ವ್ಯಾಪ್ತಿಯ ಎಲ್.ಇ.ಡಿ. ಲೈಟಿಂಗ್ ಅಳವಡಿಕೆ ಬಗ್ಗೆ","Led by the city, municipal and town panchayats. About Lighting Adaptation",ರಘು ಆಚಾರ್ .ಜಿ,Raghu Achar G
3051,21/03/2017,ಕೃಷಿ,Agriculture,ಟಾರ್ಪಾಲ್ಗಳನ್ನು ವಿತರಿಸಲು ಬಿಡುಗಡೆಯಾದ ಅನುದಾನದ ಬಗ್ಗೆ,Release of funds to distribute torpals,ರಘುನಾಥ ರಾವ್ ಮಲ್ಕಾಪೂರೆ,Raghunath Rao Malkapore
3052,21/03/2017,ಕೃಷಿ,Agriculture,ಹನಿ ನೀರಾವರಿ ಬಗ್ಗೆ,About Honey Irrigation,ರಘುನಾಥ ರಾವ್ ಮಲ್ಕಾಪೂರೆ,Raghunath Rao Malkapore
3053,21/03/2017,ಗ್ರಾಮೀಣಾಭಿವೃದ್ಧಿ ಮತ್ತು ಪಂಚಾಯತ್ ರಾಜ್,Rural Development and Panchayat Raj,ಪ್ರಧಾನ ಮಂತ್ರಿ ಗ್ರಾಮ ಸಡಕ್ ಯೋಜನೆಗಳ ಬಗ್ಗೆ,About Prime Minister Gram Sadak's plans,ರಘುನಾಥ ರಾವ್ ಮಲ್ಕಾಪೂರೆ,Raghunath Rao Malkapore
3054,21/03/2017,ಪೌರಾಡಳಿv,Mesmerizing v,ಸ್ವಚ್ಛತೆಗಾಗಿ ಪೌರ ಕಾರ್ಮಿಕರನ್ನು ನೇಮಿಸುವ ಬಗ್ಗೆ,About appointing civic workers for cleanliness,ರಘುನಾಥ ರಾವ್ ಮಲ್ಕಾಪೂರೆ,Raghunath Rao Malkapore
3055,21/03/2017,ಲೋಕೋಪಯೋಗಿ,Public service,ರಸ್ತೆ ನಿರ್ವಹಣೆ ಕಾಮಗಾರಿಗಳಲ್ಲಿ ಅವ್ಯವಹಾರ,Disadvantages of road maintenance work,ರಘುನಾಥ ರಾವ್ ಮಲ್ಕಾಪೂರೆ,Raghunath Rao Malkapore
3056,21/03/2017,ಲೋಕೋಪಯೋಗಿ,Public service,"ರಾಷ್ಟ್ರೀಯ, ರಾಜ್ಯ ಮತ್ತು ಜಿಲ್ಲಾ ಮುಖ್ಯ ರಸ್ತೆಗಳು","National, State and District Main Roads",ಉಗಪ್ಪ .ವಿ.ಎಸ್,Ugrappa VS
3057,21/03/2017,ಪಶುಸಂಗೋಪನೆ,Animal husbandry,ಕಲಬೆರಕೆ ಹಾಲಿನ ಬಗ್ಗೆ,About mashed milk,ರಿಜ್ವಾನ್ ಅರ್ಷದ್,Rizwan Harshad
3058,21/03/2017,ಕೃಷಿ,Agriculture,ಕರಾವಳಿ ಪ್ರದೇಶದಲ್ಲಿ ಭತ್ತದ ಕೃಷಿ ಬೇಡಿಕೆ ಬಗ್ಗೆ,About the demand for paddy cultivation in coastal areas,ಐವಾನ್ ಡಿ ಸೋಜಾ,Ivan Disoza
3059,21/03/2017,ಇಂಧನ,Fuel,ಸೋಲಾರ್ ರೋಪ್‌ಟಾಪ್ ಮೇಲ್ಚಾವಣಿ ಬಗ್ಗೆ,About the Solar Roptop Roof,ಐವಾನ್ ಡಿ ಸೋಜಾ,Ivan Disoza
3060,21/03/2017,ಲೋಕೋಪಯೋಗಿ,Public service,ಶಿರಾಡಿ ಘಾಟ್ ೨ನೇ ಹಂತದ ಕಾಮಗಾರಿಗಳ ಬಗ್ಗೆ,About Shiradi Ghat 2nd Stage Works,ಐವನ್ ಡಿ ಸೋಜಾ,Ivan Disoza
3061,21/03/2017,ಪಶುಸಂಗೋಪನೆ,Animal husbandry,ದಕ್ಷಿಣ ಕನ್ನಡ ಜಿಲ್ಲೆಯ ಪುತ್ತೂರು ತಾಲ್ಲೂಕಿನ ಕೊಯಿಲಾದಲ್ಲಿ ಪಶುವೈದ್ಯಕೀಯ ಕಾಲೇಜು ಬಗ್ಗೆ,"About Veterinary College in Koilah, Puttur Taluk, Dakshina Kannada District",ಐವನ್ ಡಿ ಸೋಜಾ,Ivan Disoza
3062,21/03/2017,ತೋಟಗಾರಿP,Horticultural P,ಮಲ್ಲಿಗೆ ಹೂವಿನ ಕೃಷಿಯನ್ನು ಪ್ರೋತ್ಸಾಹಿಸುವ ಬಗ್ಗೆ,Jasmine encourages flower cultivation,ಐವನ್ ಡಿ ಸೋಜಾ,Ivan Disoza
3063,21/03/2017,ಲೋಕೋಪಯೋಗಿ,Public service,"ರಾಜ್ಯ ಹೆದ್ದಾರಿ, ಜಿಲ್ಲಾ ಮುಖ್ಯ ರಸ್ತೆಗಳಲ್ಲಿ ಇರುವ ಟಾರ್ ಆಗದೆ ಇರುವಂತಹ ಚರಂಡಿ ಮತ್ತು ರಸ್ತೆಗಳ ಬಗ್ಗೆ","State Highways, Sewage and Roads which are not tar on district main roads",ಕ್ಯಾಪ್ಟನ್ ಗಣೇಶ್ ಕಾರ್ಣಿಕ್,Capt. Ganesh Karnik
3064,21/03/2017,ಇಂಧನ,Fuel,ಬೃಹತ್ ಬೆಂಗಳೂರು ಮಹಾನಗರ ಪಾಲಿಕೆ ವ್ಯಾಪ್ತಿಯಲ್ಲಿ ಮತ್ತು ಇತರೆ ಮಹಾನಗರ ಪಾಲಿಕೆಗಳಲ್ಲಿ ಸೌರ ವಿದ್ಯುತ್ ಉತ್ಪಾದನೆ ಕಾರ್ಯಕ್ರಮದ ಬಗ್ಗೆ,About the Solar Power Production Program in the Big Bangalore Metropolitan Area and other Metropolitan Polities,ಕ್ಯಾಪ್ಟನ್ ಗಣೇಶ್ ಕಾರ್ಣಿಕ್,Capt. Ganesh Karnik
3065,21/03/2017,ಲೋಕೋಪಯೋಗಿ,Public service,ಲೋಕೋಪಯೋಗಿ ಇಲಾಖೆಯ ಅತಿಥಿ ಗೃಹಗಳನ್ನು ನಿರ್ಮಿಸಲು ಇರುವ ಮಾನದಂಡ ಬಗ್ಗೆ,The criteria for constructing guest houses of the public sector department,ಕ್ಯಾಪ್ಟನ್ ಗಣೇಶ್ ಕಾರ್ಣಿಕ್,Capt. Ganesh Karnik
3066,21/03/2017,ಕೃಷಿ,Agriculture,ರಾಜ್ಯದಲ್ಲಿ ಯುವಕರಿಗೆ ಕೃಷಿ ಕಸುಬನ್ನು ಒಂದು ರ್ಕಷಲ್ಯವನ್ನಾಗಿ ಗುರುತಿಸಿ ನೀಡುವ ಬಗ್ಗೆ,About recognizing the cultivation as a potential for young people in the state,ಕ್ಯಾಪ್ಟನ್ ಗಣೇಶ್ ಕಾರ್ಣಿಕ್,Capt. Ganesh Karnik
3067,21/03/2017,ಪಶುಸಂಗೋಪನೆ,Animal husbandry,ತಳಿ ಸಂವರ್ಧನ ಉಪಕೇಂದ್ರದ ಬಗ್ಗೆ,About Breed Analysis Subcategory,ಕ್ಯಾಪ್ಟನ್ ಗಣೇಶ್ ಕಾರ್ಣಿಕ್,Capt. Ganesh Karnik
3068,21/03/2017,ಕೃಷಿ,Agriculture,ಸಾವಿರಾರು ಜನ ಸಾಲಾಗಿ ಆತ್ಮಹತ್ಯೆ ಮಾಡಿಕೊಳ್ಲುತ್ತಿರುವ ಬಗ್ಗೆ,Thousands of people commit suicide in a row,ಕವಟಗಿಮಠ ಮಹಂತೇಶ ಮಲ್ಲಿಕಾರ್ಜುನ,Kavatimata Mahantesha Mallikarjuna
3069,21/03/2017,ಪಶುಸಂಗೋಪನೆ,Animal husbandry,ರಾಜ್ಯದಲ್ಲಿ ಕಲಬೆರಕೆ ಹಾಲಿನ ದಂಧೆಯು ಅವ್ಯಾಹತವಾಗಿ ನಡೆಯುತ್ತಿರುವ ಬಗ್ಗೆ,"In the state, mash of milk is about to go unnoticed",ಕವಟಗಿಮಠ ಮಹಂತೇಶ ಮಲ್ಲಿಕಾರ್ಜುನ,Kavatimata Mahantesha Mallikarjuna
3070,21/03/2017,ಲೋಕೋಪಯೋಗಿ,Public service,ಟೋಲ್ ಸಂಗಹ ಕೇಂದ್ರಗಳಲ್ಲಿ ಟ್ರಾಫಿಕ್ ಜಾಮ್ ಹಾಗೂ ಸಾರ್ವಜನಿಕರೊಂದಿಗೆ ಗೂಂಡ ವರ್ತನೆಯ ಬಗ್ಗೆ,Toll jam on the toll convention centers and the behavior of the goond with the public,ಕವಟಗಿಮಠ ಮಹಂತೇಶ ಮಲ್ಲಿಕಾರ್ಜುನ,Kavatimata Mahantesha Mallikarjuna
3071,21/03/2017,ಪಶುಸಂಗೋಪನೆ,Animal husbandry,ರಾಜ್ಯದಲ್ಲಿ ಪ್ರಾಣಿದಯಾ ಕೇಂದ್ರ ಮತ್ತು ಗೋಶಾಲೆಗಳು ಆರ್ಥಿಕ ಸಂಕಷ್ಟದಲ್ಲಿರುವ ಬಗ್ಗೆ,"In the state, the Pranaya Center and the Goshalas are in the financial crisis",ಕವಟಗಿಮಠ ಮಹಂತೇಶ ಮಲ್ಲಿಕಾರ್ಜುನ,Kavatimata Mahantesha Mallikarjuna
3072,21/03/2017,ಪಶುಸಂಗೋಪನೆ,Animal husbandry,೨೦೧೬-೧೭ನೇ ಪಶು ಭಾಗ್ಯ ಯೋಜನೆಯ ಬಗ್ಗೆ,About 2016-17 Pasupagya Project,ಕಾಂತರಾಜು,Kantaraju
3073,21/03/2017,ಲೋಕೋಪಯೋಗಿ,Public service,ರಾಷ್ಟ್ರೀಯ ಹೆದ್ದಾರಿ ಬಗ್ಗೆ,About the National Highway,ಕಾಂತರಾಜು,Kantaraju
3074,21/03/2017,ಸ್ಥಳೀಯ ಸಂಸ್ಥೆಗಳು,Local Organizations,ರಾಜ್ಯದ ಸ್ಥಳೀಯ ಸಂಸ್ಥೆಗೆ ೨೦೧೬-೧೭ನೇ ಸಾಲಿನಲ್ಲಿ ಬಿಡುಗಡೆ ಮಾಡಿರುವ ಅನುದಾನದ ಬಗ್ಗೆ,About the grant released to the local local body in 2016-17,ಕಾಂತರಾಜು,Kantaraju
3075,21/03/2017,ಪಶುಸಂಗೋಪನೆ,Animal husbandry,ಗೋಶಾಲೆಯನ್ನು ತೆರೆಯುವ ಬಗ್ಗೆ ಮಾಹಿತಿ,Information about opening the gosh,ಕಾಂತರಾಜು,Kantaraju
3076,21/03/2017,ಕಾರ್ಮಿಕ,Labor,ರಾಜ್ಯದಲ್ಲಿರುವ ಗಾರ್ಮೆಟ್ಸ್‌ಗಳ ಬಗ್ಗೆ,About Garmets in the State,ಕಾಂತರಾಜು,Kantaraju
3077,21/03/2017,ತೋಟಗಾರಿಕೆ,Gardening,ತೆಂಗಿನ ಮರಗಳಿಗೆ ಬಿಳಿ ಹುಳುಗಳ ಹಾವಳಿ ಬಗ್ಗೆ,About the worms of white worms to coconut trees,ಕಾಂತರಾಜು,Kantaraju
3078,21/03/2017,ತೋಟಗಾರಿಕೆ,Gardening,ನೀರಾ ಮತ್ತು ಉತ್ಪಾದನೆಗೆ ಪ್ರೋತ್ಸಾಹ ನೀಡುವ ಬಗ್ಗೆ,About Nirra and encouraging production,ಕೋಟ ಶ್ರೀನಿವಾಸ ಪೂಜಾರಿ,Kota Srinivasa Pujari
3079,21/03/2017,ತೋಟಗಾರಿಕೆ,Gardening,ನೀರಾ ಮತ್ತು ಉತ್ಪಾದನೆಗೆ ಪ್ರೋತ್ಸಾಹ ನೀಡುವ ಬಗ್ಗೆ,About Nirra and encouraging production,ಕೋಟ ಶ್ರೀನಿವಾಸ ಪೂಜಾರಿ,Kota Srinivasa Pujari
3080,21/03/2017,ಲೋಕೋಪಯೋಗಿ,Public service,ಶಿರಾಡಿಘಾಟ್ ಸುರಂಗ ಮಾರ್ಗ ಯೋಜನೆ ಅನುಷ್ಠಾನದ ಕುರಿತು,About the implementation of the Shiradi Ghat Tunneling Project,ಕೋಟ ಶ್ರೀನಿವಾಸ ಪೂಜಾರಿ,Kota Srinivasa Pujari
3081,21/03/2017,ಕೃಷಿ,Agriculture,ಕೃಷಿ ಇಲಾಖೆಯ ಖಾಲಿ ಹುದ್ದೆಗಳ ಮತ್ತು ಕಾರ್ಯಕ್ರಮ ಅನುಷ್ಟಾನದ ಕುರಿತು,About the vacancies and program implementation of the Agriculture Department,ಕೋಟ ಶ್ರೀನಿವಾಸ ಪೂಜಾರಿ,Kota Srinivasa Pujari
3082,21/03/2017,ಪೌರಾಡಳಿv,Mesmerizing v,ಖಾಲಿ ಇರುವ ಹುದ್ದೆಗಳ ಕುರಿತು,About vacant posts,ಕೋಟ ಶ್ರೀನಿವಾಸ ಪೂಜಾರಿ,Kota Srinivasa Pujari
3083,21/03/2017,ಪೌರಾಡಳಿv,Mesmerizing v,ನಗರಸಭೆ. ಪುರಸಭೆ ಹಾಗೂ ಪಟ್ಟಣ ಪಂಚಾಯಿತಿಗಳ ಬಗ್ಗೆ,Municipality. About municipalities and town panchayats,ಕೋಟ ಶ್ರೀನಿವಾಸ ಪೂಜಾರಿ,Kota Srinivasa Pujari
3084,21/03/2017,ಕೃಷಿ,Agriculture,ರಸಗೊಬ್ಬರ ಮತ್ತು ಕೀಟನಾಶಕಗಳ ಔಷಧಿ ಅಂಗಡಿಗಳ ಕುರಿತು,About fertilizer and pesticide drug stores,ಗೋಪಾಲಸ್ವಾಮಿ .ಎಂ.ಎ,Gopalaswamy MA
3085,21/03/2017,ಪಶುಸಂಗೋಪನೆ,Animal husbandry,ಅಮೃತ್ ಮಹಲ್‌ಗಳ ವಿವರ ನೀಡುವ ಬಗ್ಗೆ,About the details of the Amrit Mahals,ಗೋಪಾಲಸ್ವಾಮಿ .ಎಂ.ಎ,Gopalaswamy MA
3086,21/03/2017,ಇಂಧನ,Fuel,ಸೋಲಾರ್ ವಿದ್ಯುತ್ ಘಟಕಗಳ ಸ್ಥಾಪನೆ ಕುರಿತು,About installing solar power plants,ತಾರಾಅನೂರಾಧ,Tara Anuradha
3087,21/03/2017,ಲೋಕೋಪಯೋಗಿ,Public service,ಲೋಕೋಪಯೋಗಿ ಇಲಾಖೆಯಲ್ಲಿ ವಿವಿಧ ಕಾಮಗಾರಿಗಳಿಗೆ ಬಂದಿರುವ ಅನುದಾನದ ಬಗ್ಗೆ,Provision of funds for various works in Public Works Department,ಘೋಟ್ನೆಕರ ಶ್ರೀಕಾಂತ ಲಕ್ಷ್ಮಣ,Ghotnekara Srikanta Lakshmana
3088,21/03/2017,ಲೋಕೋಪಯೋಗಿ,Public service,ಹಳಿಯಾಳ ತಾಲ್ಲೂಕಿನ ಸರ್ಕಾರದಿಂದ ದಾಂಡೇಲಿವರೆಗೆ ರಸ್ತೆಯು ಕಳಪೆ ಕಾಮಗಾರಿಯ ಕುರಿತು,Road to poor work from Haleyala taluk to Dandeli,ಘೋಟ್ನೆಕರ ಶ್ರೀಕಾಂತ ಲಕ್ಷ್ಮಣ,Ghotnekara Srikanta Lakshmana
3089,21/03/2017,ಆರ್ಥಿಕ,Economy,ಉತ್ತರ ಕನ್ನಡ ಜಿಲ್ಲೆಯ ಜೋಯಿಢಾ ಥಾಲ್ಲೂಕಿನ ಬಾಚಣಕೆ ಹತ್ತಿರ ತಂತಿ ಬೇಲಿಯ ಅನುದಾನ ಬಳಕೆಯಾಗದೆ ಇರುವ ಕುರಿತು,About the use of wire belli near Jaffna Thaluki in Uttara Kannada district,ಘೋಟ್ನೆಕರ ಶ್ರೀಕಾಂತ ಲಕ್ಷ್ಮಣ,Ghotnekara Srikanta Lakshmana
3090,21/03/2017,ಪಶುಸಂಗೋಪನೆ,Animal husbandry,ಪಶು ಚಿಕಿತ್ಸಾಲಯಗಳಲ್ಲಿ ಖಾಲಿ ಇರುವ ಹುದ್ದೆಗಳು,Vacant posts in veterinary clinics,ಚೌಡರೆಡ್ಡಿ ತೂಪಲ್ಲಿ .ಆರ್,Chowdareddy Tupalli R
3091,21/03/2017,ಪಶುಸಂಗೋಪನೆ,Animal husbandry,ಪಶುಚಿಕಿತ್ಸಾಲಯ ಸೌಲಭ್ಯಗಳ ಬಗ್ಗೆ,About Veterinary Hospital Facilities,ಚೌಡರೆಡ್ಡಿ ತೂಪಲ್ಲಿ .ಆರ್,Chowdareddy Tupalli R
3092,21/03/2017,ಸಿಬ್ಬಂದಿ ಮತ್ತು ಆಡಳಿತ ಸುಧಾರಣೆ,Staff and administrative reform,ಅನುಕಂಪ ಆಧಾರಿತ ಕೆಲಸ,Pity-based work,ಚೌಡರೆಡ್ಡಿ ತೂಪಲ್ಲಿ .ಆರ್,Chowdareddy Tupalli R
3093,21/03/2017,ಇಂಧನ,Fuel,ಸೋಲಾರ್ ವಿದ್ಯುತ್ ಉತ್ಪಾದನೆ,Solar power generation,ಚೌಡರೆಡ್ಡಿ ತೂಪಲ್ಲಿ .ಆರ್,Chowdareddy Tupalli R
3094,21/03/2017,ಸಾರ್ವಜನಿಕ ಉದ್ದಿಮೆ,Public enterprise,ಸಾರ್ವಜನಿಕ ಉದ್ದಿಮೆಗಳ ಆಡಳಿತ ನಿರ್ವಹಣೆ,Administration of public enterprises,ಚೌಡರೆಡ್ಡಿ ತೂಪಲ್ಲಿ .ಆರ್,Chowdareddy Tupalli R
3095,21/03/2017,ಲೋಕೋಪಯೋಗಿ,Public service,ಟೋಲ್ ಸಂಗ್ರಹಣೆಯಿಂದ ತೊಂದರೆ,Trouble with toll collection,ಧರ್ಮಸೇನ .ಆರ್,Dharmasena R
3096,21/03/2017,ಕೃಷಿ,Farming,ಕೃಷಿ ಭೂಮಿ ಬಳಕೆಯ ಬಗ್ಗೆ,About the use of agricultural land,ಧರ್ಮಸೇನ .ಆರ್,Dharmasena R
3097,21/03/2017,ಕೃಷಿ ಮಾರುಕಟ್ಟೆ,Agricultural Market,ಎ.ಪಿ.ಎಂ.ಸಿ ಮಳಿಗೆಳು,APMC Shop,ಧರ್ಮಸೇನ .ಆರ್,Dharmasena R
3098,22/03/2017,ಭಾರಿ ಮತ್ತು ಮಧ್ಯಮ ನೀರಾವರಿ,Heavy and medium irrigation,"ರಾಯಚೂರು ಜಿಲ್ಲೆಯ ಕಾಲುವೆಗಳ ಸರ್ವೀಸ್ ರಸ್ತೆಗಳು, ಹಾಗೂ ಕೆರೆಗಳ ಬಗ್ಗೆ","About the service roads, and lakes of the canals in Raichur district",ಬೋಸರಾಜು ಎನ್.ಎಸ್,Bosaraju N S
3099,22/03/2017,ಅರಣ್ಯ,Forest,ರಾಯಚೂರು ಜಿಲ್ಲೆಯಲ್ಲಿರುವ ಅರಣ್ಯ ಪ್ರದೇಶಗಳ ಬಗ್ಗೆ,About Forest Areas in Raichur District,ಬೋಸ್‌ರಾಜು .ಎನ್.ಎಸ್,Bosaraju N S
3100,22/03/2017,ಕಂದಾಯ,Revenue,ಮಾನ್ವಿ ಪಟ್ಟಣದಲ್ಲಿ ಮಿನಿ ವಿಧಾನಸೌಧದ ನಿರ್ಮಾಣ ಮಾಡುವ ಬಗ್ಗೆ,About building mini-mansion in Manvi town,ಬೋಸ್‌ರಾಜು .ಎನ್.ಎಸ್,Bosaraju N S
3101,22/03/2017,ಕಾನೂನು,The law,ರಾಯಚೂರು ಜಿಲ್ಲೆಯ ಮಾನ್ವಿಯಲ್ಲಿ ನ್ಯಾಯಾಲಯಗಳ ಸಂಕೀರ್ಣ ನಿರ್ಮಾಣ ಮಾಡುವ ಬಗ್ಗೆ,"About building a complex of courts in Manwy, Raichur district",ಬೋಸ್‌ರಾಜು .ಎನ್.ಎಸ್,Bosaraju N S
3102,22/03/2017,ಸಣ್ಣ ನೀರಾವರಿ,Small irrigation,ಮಾನ್ವಿ ತಾಲ್ಲೂಕಿನ ಏತ ನೀರಾವರಿ ಯೋಜನೆಗಳ ಬಗ್ಗೆ,About irrigation projects in Manvi taluk,ಬೋಸ್‌ರಾಜು .ಎನ್.ಎಸ್,Bosaraju N S
3103,22/03/2017,ಕಂದಾಯ,Revenue,ಸರ್ಕಾರಿ ಜಾಗಗಳಲ್ಲಿ ಕಟ್ಟಿರುವ ಮನೆಗಳಿಗೆ ಹಕ್ಕು ಪತ್ರ ನೀಡುವ ಬಗ್ಗೆ,Issuing of rights to houses constructed in government spaces,ಭಾನುಪ್ರಕಾಶ,Bhanu Prakasha
3104,22/03/2017,ಭಾರಿ ಮತ್ತು ಮಧ್ಯಮ ನೀರಾವರಿ,Heavy and medium irrigation,ಕಾವೇರಿ ನದಿ ನೀರಿಗೆ ನಗರ ಪಟ್ಟಣ ಕಲುಷಿತ ನೀರು ಸೇರಿ ಹಾಳಾಗದಂತೆ ತಡೆಯುವ ಬಗ್ಗೆ,About the Cauvery river water to prevent city-contaminated water from damaging,ಸುನಿಲ್ ಸುಬ್ರಮಣಿ .ಎಂ.ಪಿ,Sunil Subramani M P
3105,22/03/2017,ಕಂದಾಯ,Revenue,ಸಾಮಾನ್ಯ ವರ್ಗದ ಕೆಲವು ಜಾತಿಗಳಿಗೆ ಜಾತಿ ದೃಡೀಕರಣ ಪತ್ರ ನೀಡಿರುವ ಬಗ್ಗೆ,About caste certification letter to some species of the common class,ಸುನಿಲ್ ಸುಬ್ರಮಣಿ .ಎಂ.ಪಿ,Sunil Subramani M P
3106,22/03/2017,ಕಂದಾಯ,Revenue,ಕರ್ನಾಟಕ ಭೂ ಸುಧಾರಣಾ ಕಾಯ್ದೆ ೧೯೬೧ರಲ್ಲಿನ ಭೂ ಮಂಜೂರಾತಿ ಬಗ್ಗೆ,"Land Acquisition in Karnataka Land Reforms Act, 1961",ಸುನಿಲ್ ಸುಬ್ರಮಣಿ .ಎಂ.ಪಿ,Sunil Subramani M P
3107,22/03/2017,ಕಂದಾಯ,Revenue,ರುದ್ರಭೂಮಿಯಲ್ಲಿ ಶವಸಂಸ್ಕಾರಕ್ಕೆ ಇರುವ ಸಿಬ್ಬಂದಿಗಳಿಗೆ ಉತ್ತಮ ಸೌಲಭ್ಯಗಳನ್ನು ನೀಡುವ ಬಗ್ಗೆ,About providing fun facilities for staffing funerals at the cemetery,ಸುನಿಲ್ ಸುಬ್ರಮಣಿ .ಎಂ.ಪಿ,Sunil Subramani M P
3108,22/03/2017,ಅರಣ್ಯ,Forest,ಅರಣ್ಯದಲ್ಲಿನ ವನ್ಯ ಜೀವಿಗಳಿಗೆ ಮೇವು ಹಾಗೂ ನೀರಿನ ಅಭಾವ ಉಂಟಾಗಿರುವ ಬಗ್ಗೆ,About wildlife and deprivation of water to wildlife in the forest,ಸುನೀಲ್ ಸುಬ್ರಮಣಿ .ಎಂ.ಪಿ,Sunil Subramani M P
3109,22/03/2017,ಭಾರಿ ಮತ್ತು ಮಧ್ಯಮ ನೀರಾವರಿ,Heavy and medium irrigation,ಜಲಸಂಪನ್ಮೂಲ ಇಲಾಖೆಯಿಂದ ಬಿಡುಗಡೆಯಾದ ಹಣದ ಬಗ್ಗೆ,About the money released from the Water Resources Department,ಸಯದ್ ಮುಧೀರ್ ಅಗಾ,Syed Madir Aga
3110,22/03/2017,ಸಣ್ಣ ನೀರಾವರಿ,Small irrigation,ಸಣ್ಣ ನೀರಾವರಿ ಇಲಾಖೆಯಿಂದ ಕೆರೆಗಳ ಅಭಿವೃದ್ಧಿ ಬಗ್ಗೆ,About the development of lakes from the Department of Small Irrigation,ಸಯದ್ ಮುಧೀರ್ ಅಗಾ,Syed Madir Aga
3111,22/03/2017,ಕಂದಾಯ,Revenue,ರಮನಗರ ಹಾಗೂ ಚಾಮರಾಜನಗರ ಜಿಲ್ಲೆಗಳ ಬರದ ಬಗ್ಗೆ,About the departure of Ramanagaram and Chamarajanagar districts,ಸಯದ್ ಮುಧೀರ್ ಅಗಾ,Syed Madir Aga
3112,22/03/2017,ಅರಣ್ಯ,Forest,ಅರಣ್ಯ ಪದೇಶದ ಕಾಡ್ಗಿಚ್ಚಿನ ಬಗ್ಗೆ,About Wild Forest Wildlife,ಸಯದ್ ಮುಧೀರ್ ಅಗಾ,Syed Madir Aga
3113,22/03/2017,ಅರಣ್ಯ,Forest,ಅರಣ್ಯ ಭೂಮಿಯಲ್ಲಿ ಸಾಗುವಳಿ ಮಾಡುತ್ತಿರುವವರಿಗೆ ಸಾಗುವಳಿ ಚೀಟಿ ನೀಡುವ ಬಗ್ಗೆ,Providing cultivation cards for those who cultivate in forest land,ಸಯದ್ ಮುಧೀರ್ ಅಗಾ,Syed Madir Aga
3114,22/03/2017,ಆರ್ಥಿಕ,Economy,"ಸರಕಾರದಿಂದ ವಿಕಲಚೇತನರು, ವಿಧವೆಯರು ಮತ್ತು ವೃದ್ಧಾಪ್ಯ ವೇತನದ ಬಗ್ಗೆ","About Government, Disabled, Widows and Older Persons",ಸಮಣ್ಣ ಮ. ಬೇವಿನಮರದ,Samanna Ma Bevinamara
3115,22/03/2017,ಕಂದಾಯ,Revenue,ಹವೇರಿ ಜಿಲ್ಲೆಯಲ್ಲಿ ಭೂಮಾಪಕರಿಂದ ತೊಂದರೆಯಾಗುತ್ತಿರುವ ಬಗ್ಗೆ,About disaster by the earthquake in Hewari district,ಸಮಣ್ಣ ಮ. ಬೇವಿನಮರದ,Samanna Ma Bevinamara
3116,22/03/2017,ಕಂದಾಯ,Revenue,ರಾಜ್ಯದಲ್ಲಿ ಗೋಮಾಳ ಇರುವ ಜಮೀನು ಬಗ್ಗೆ,About the land of pasture in the state,ಸಮಣ್ಣ ಮ. ಬೇವಿನಮರದ,Samanna Ma Bevinamara
3117,22/03/2017,ಮಧ್ಯಮ ನೀರಾವರಿ,Medium irrigation,ನೀರಾವರಿ ಯೋಜನೆಗಳ ಆಧುನಿಕರಣ ಕುರಿತು,About the modernization of irrigation projects,ಸೋಮಣ್ಣ .ವಿ,Somanna V
3118,22/03/2017,ಅರಣ್ಯ,Forest,ಆನೆ ಖಾರಿಡಾರ‍್ಗಳ ಪುಮರ್ ಸ್ಥಾಪನೆ ಬಗ್ಗೆ,About the establishment of the Pumar of Elephant Kharidars,ಸೋಮಣ್ಣ .ವಿ,Somanna V
3119,22/03/2017,ಕಂದಾಯ,Revenue,ತೀವ್ರತರದ ಬರ ಮತ್ತು ಪರಿಹಾರೋಪಾಯ ಕುರಿತು,About extreme drought and remedies,ಸೋಮಣ್ಣ .ವಿ,Somanna V
3120,22/03/2017,ಕಾರ್ಮಿಕ,Labor,ಕೇಂದ್ರ ಸರ್ಕಾರದ ಅನುದಾನದ ಬಳಕೆ ಕುರಿತು,About Central Government Grants,ಸೋಮಣ್ಣ .ವಿ,Somanna V
3121,22/03/2017,ಅರಣ್ಯ,Forest,ಅರಣ್ಯಕ್ಕೆ ಹಾಕುತ್ತಿರುವ ಬೆಂಕಿ ಮತ್ತು ಸಮಸ್ಯೆಗೊಳಗಾದವರಿಗೆ ಪರಿಹಾರ,Fire to forest and relief for those affected,ಸೋಮಣ್ಣ .ವಿ,Somanna V
3122,22/03/2017,ಕಂದಾಯ,Revenue,೨೦೧೫-೧೬ ಮತ್ತು ೨೦೧೬-೧೭ ರವರೆಗೆ ಹಾವೇರಿ ಜಿಲ್ಲೆಯಲ್ಲಿ ರೈತರ ಆತ್ಮಹತ್ಯೆ ವಿವರದ ಬಗ್ಗೆ,About the details of farmers' suicides in Haveri district from 2015-16 and 2016-17,ಸೋಮಣ್ಣ ಮ ಬೇವಿನಮರದ,Samanna Ma Bevinamara
3123,22/03/2017,ಕಂದಾಯ,Revenue,ಬಗರ್ ಹುಕುಂ ಸಾಗುವಳಿಯ ಬಗ್ಗೆ,About burger hukum cultivation,ನಾರಾಯಣಸ್ವಾಮಿ .ಎಂ,Narayanaswamy M
3124,22/03/2017,ಮುಜರಾಯಿ,Muzarai,ತಿರುಪತಿ ದೇವಸ್ಥಾನದ ಬಗ್ಗೆ,About Tirupati Temple,ನಾರಾಯಣಸ್ವಾಮಿ .ಎಂ,Narayanaswamy M
3125,22/03/2017,ಯುವಜನ ಸಬಲೀಕರಣ ಮತ್ತು ಕ್ರೀಡೆ,Youth Empowerment and Sports,ಒಳಾಂಗಣ ಕ್ರೀಡಾಂಗಣಗಳ ಅಭಿವೃದ್ಧಿ ಬಗ್ಗೆ,About the development of indoor stadiums,ನಾರಾಯಣಸ್ವಾಮಿ .ಎಂ,Narayanaswamy M
3126,22/03/2017,ಕರ್ಮಿಕ,The work,ಗಾರ್ಮೆಂಟ್ಸ್ ಕಾರ್ಖಾನೆಗಳ ಬಗ್ಗೆ,About Garments factories,ನಾರಾಯಣಸ್ವಾಮಿ .ಎಂ,Narayanaswamy M
3127,22/03/2017,ಕಂದಾಯ,Revenue,ಪೋಡಿ ಪ್ರಕ್ರಿಯೆ ಬಗ್ಗೆ,About the coding process,ನಾರಾಯಣಸ್ವಾಮಿ .ಎಂ,Narayanaswamy M
3128,22/03/2017,ಮುಜರಾಯಿ,Muzarai,ಮುಜರಾಯಿ ದೇವಾಲಯಗಳ ಮೂಲಭೂತ ಸೌಕರ್ಯ ಕುರಿತು,About the infrastructure of the Muzrai temples,ನಾರಾಯಣಸ್ವಾಮಿ .ಕೆ.ವಿ,Narayanaswamy K V
3129,22/03/2017,ಮುಜರಾಯಿ,Muzarai,ಮುಜರಾಯಿ ಇಲಾಖೆಯ ಆದಾಯ ಮತ್ತು ವೆಚ್ಚದ ಬಗ್ಗೆ,About the revenue and expenditure of the Muzrai Department,ನಾರಾಯಣಸ್ವಾಮಿ .ಕೆ.ವಿ,Narayanaswamy K V
3130,22/03/2017,ಅರಣ್ಯ,Forest,ಅರಣ್ಯಕ್ಕೆ ಮೇಯಲು ಜಾನುವಾರುಗಳನ್ನು ಬಿಡುವ ಬಗ್ಗೆ,About livestock feeding for the forest,ನಾಗರಾಜ್ .ಎಸ್,Nagaraja S
3131,22/03/2017,ಕಂದಾಯ,Revenue,ಬರಗಾಲದಲ್ಲಿ ಜಾನುವಾರುಗಳ ಸಂರಕ್ಷಣೆ ಕುರಿತು,About conservation of livestock during drought,ನಿರಾಣಿ ಹನುಮಂತ್ ರುದ್ರಪ್ಪ,Nirani Hanumanth Rudrappa
3132,22/03/2017,ಅರಣ್ಯ,Forest,ರಾಜ್ಯದಲ್ಲಿ ಅರಣ್ಯ ಇಲಾಖೆಯಿಂದ ರಾಜ್ಯ ಹೆದ್ದಾರಿ ಹಾಗೂ ರಾಷ್ಟ್ರೀಯ ಹೆದ್ದಾರಿಗಳಲ್ಲಿ ಗಿಡ ನೆಟ್ಟಿರುವ ಬಗ್ಗೆ,About the State Highway in the State and the State Highways and National Highways,ಪಸನ್ನ ಕುಮಾರ .ಆರ್,Prasanna Kumar R
3133,22/03/2017,ಮೀನುಗಾರಿಕೆ,Fishing,ಕರ್ನಾಟಕ ಸಹಕಾರ ಮೀನುಗಾರಿಕೆ ಮಹಾಮಂಡಳಿ ಮೈಸೂರು ವತಿಯಿಂದ ಮೀನು ಮಾರಾಟ ಮಳಿಗೆ ಮಂಜೂರಾತಿ ಬಗ್ಗೆ,"Karnataka Co-operative Fisheries Federation, Mysore, for approving fish sales department",ಪ್ರಸನ್ನಕುಮಾರ್ .ಆರ್,Prasanna Kumar R
3134,22/03/2017,ಮೀನುಗಾರಿಕೆ,Fishing,"ರಾಜ್ಯದಲ್ಲಿ ಮೀನುಗಾರಿಕೆಗೆ ಸಂಬಂಧಿಸಿದಂತೆ, ಮೀನುಗಾರಿಕೆ ವಿಶ್ವವಿದ್ಯಾಲಯಗಳು ಎಷ್ಟು",How many fishing universities are in the state for fishing,ಪ್ರಸನ್ನಕುಮಾರ್ .ಆರ್,Prasanna Kumar R
3135,22/03/2017,ಮುಜರಾಯಿ,Muzarai,ರಾಜ್ಯದಲ್ಲಿರುವ ಮುಜರಾಯಿ ದೇವಸ್ಥಾನಗಳ ಬಗ್ಗೆ,About the Muzirai temples in the state,ಪ್ರಸನ್ನಕುಮಾರ್ .ಆರ್,Prasanna Kumar R
3136,22/03/2017,ಮೀನುಗಾರಿಕೆ,Fishing,ರಾಜ್ಯ ಒಲಂಪಿಕ್ ಕ್ರೀಡಾಕೂಟದಲ್ಲಿ ಮೃತಪಟ್ಟ ಕ್ರೀಡಾಪಟು ಕುಟುಂಬಕ್ಕೆ ಪರಿಹಾರ ನೀಡಿರುವ ಬಗ್ಗೆ,The athlete who died at the State Olympic Games relief for the family,ಪ್ರದೀಪ್ ಶೆಟ್ಟರ್,Pradeep Shettar
3137,22/03/2017,ಅರಣ್ಯ,Forest,ಕಪ್ಪತ್ತಗುಡ್ಡ ಅರಣ್ಯ ಪ್ರದೇಶದ ಕುರಿತು,About the forest area of ​​Kapaddaguda,ಪ್ರದೀಪ್ ಶೆಟ್ಟರ್,Pradeep Shettar
3138,22/03/2017,ಅರಣ್ಯ,Forest,ಅರಣ್ಯ ಇಲಾಖೆಯಿಂದ ಕೈಗೊಂಡಿರುವ ಕಾರ್ಯಕ್ರಮಗಳ ಕುರಿತು,About programs taken by the Forest Department,ಪ್ರದೀಪ್ ಶೆಟ್ಟರ್,Pradeep Shettar
3139,22/03/2017,ಮುಜರಾಯಿ,Muzarai,ಪುರಾತನ ಕಾಲದ ದೇವಸ್ಥಾನಗಳ ಜೀರ್ಣೋದ್ಧಾರ ಕುರಿತು,Concerning the restoration of ancient temples,ಪ್ರದೀಪ್ ಶೆಟ್ಟರ್,Pradeep Shettar
3140,22/03/2017,ಕಂದಾಯ,Revenue,ಕುದುರೆಮುಖ ಐರನ್ ಕಂಪನಿ ಕುರಿತು,About Kudremukh Iron Company,ಪ್ರಾಣೇಶ ಎಂ.ಕೆ.,Pranesha M K
3141,22/03/2017,ಅರಣ್ಯ,Forest,ಕಾಡು ಪ್ರಾಣಿಗಳಿಗೆ ಕುಡಿಯುವ ನೀರಿನ ವ್ಯವಸ್ಥೆ ಕುರಿತು,About drinking water systems for wild animals,ಪ್ರಾಣೇಶ್ .ಎಂ.ಕೆ,Pranesha M K
3142,22/03/2017,ಕಂದಾಯ,Revenue,ಬರ ಪೀಡಿತ ತಾಲ್ಲೂಕುಗಳ ಬಗ್ಗೆ,About drought affected taluks,ಪ್ರಾಣೇಶ್ .ಎಂ.ಕೆ,Pranesha M K
3143,22/03/2017,ಕಂದಾಯ,Revenue,ಕಂದಾಯ ಇಲಾಖಾಧಿಕಾರಿಗಳು ಮಾಡುವ ತಪಿನಿಂದ ಜನ ಸಾಮಾನ್ಯರಿಗೆ ತೊಂದರೆ ಆಗುವ ಕುರಿತು,People from general tapping to the general public are concerned about trouble,ಪ್ರತಾಪಚಂದ್ರ ಶೆಟ್ಟಿ .ಕೆ,Pratapachandra Shetty K
3144,22/03/2017,ಕಂದಾಯ,Revenue,ದಕ್ಷಿಣ ಕನಡ ಮತ್ತು ಉಡುಪಿ ಜಿಲ್ಲೆಗಳ ಕಂದಾಯ ಭೂಮಿಯ ಡೀಮ್ಡ್ ಫಾರೆಸ್ಟ್ ಎಂದು ನಮೂದಿಸಿದರಿಂದ ಆಗುವ ಅನಗತ್ಯ ತೊಂದರೆ ಕುರಿತು,Regarding the unnecessary problems that have been mentioned as the land deemed forest of South Kanada and Udupi districts,ಪ್ರತಾಪಚಂದ್ರ ಶೆಟ್ಟಿ .ಕೆ,Pratapachandra Shetty K
3145,22/03/2017,ಅರಣ್ಯ,Forest,ದಕ್ಷಿಣ ಕನ್ನಡ ಮತ್ತು ಉಡುಪಿ ಜಿಲ್ಲೆಯಲ್ಲಿ ಡೀಮ್ಡ್ ಫಾರೆಸ್ಟ್ ಎಂಬ ಹೆಸರಿನಲ್ಲಿ ಆಗುವ ತೊಂದರೆಗಳ ಕುರಿತು,About the problems in the name of Deamed Forest in Dakshina Kannada and Udupi district,ಪ್ರತಾಪಚಂದ್ರ ಶೆಟ್ಟಿ .ಕೆ,Pratapachandra Shetty K
3146,22/03/2017,ಭಾರಿ ಮತ್ತು ಮಧ್ಯಮ ನೀರಾವರಿ,Heavy and medium irrigation,ವರಾಹಿ ನೀರಾವರಿ ಯೋಜನೆಯಲ್ಲಿ ರೈತರು ಮತ್ತು ಖಾಸಗಿ ವಿದ್ಯುತ್ ಉತ್ಪದಕರ ನಡುವಿನ ಸಂಘರ್ಷದ ಕುರಿತು,About the conflict between farmers and private power producers in the Varahi Irrigation Project,ಪ್ರತಾಪಚಂದ್ರ ಶೆಟ್ಟಿ .ಕೆ,Pratapachandra Shetty K
3147,22/03/2017,ಕಾರ್ಮಿಕ,Labor,ರಾಜ್ಯದಲ್ಲಿನ ಕಾರ್ಮಿಕ ಇಲಾಖಾ ಕಛೇರಿ ಹಾಗೂ ಮಂಜೂರಾದ ಹುದ್ದೆಗಳ ಕುರಿತು,About the Labor Department's office and the sanctioned posts in the state,ಪ್ರತಾಪಚಂದ್ರ ಶೆಟ್ಟಿ .ಕೆ,Pratapachandra Shetty K
3148,22/03/2017,ಭಾರಿ ಮತ್ತು ಮಧ್ಯಮ ನೀರಾವರಿ,Heavy and medium irrigation,ರಾಜ್ಯದ ನೀರಾವರಿಯ ಬಗ್ಗೆ,About the state irrigation,ಪುಟ್ಟಸ್ವಾಮಿ .ಬಿ.ಜೆ,Puttaswamy B J
3149,22/03/2017,ಕಂದಾಯ,Revenue,ಭೀಕರ ಬರಗಾಲದ ಬಗ್ಗೆ,About the dire drought,ಪುಟ್ಟಸ್ವಾಮಿ .ಬಿ.ಜೆ,Puttaswamy B J
3150,22/03/2017,ಕಾರ್ಮಿಕ,Labor,ಕಾರ್ಮಿಕರ ಸೌಲಭ್ಯಗಳ ಹಾಗೂ ಕಾರ್ಮಿಕ ನಿಧಿಯ ಬಗ್ಗೆ,About Labor Facilities and Labor Funds,ಪುಟ್ಟಸ್ವಾಮಿ .ಬಿ.ಜೆ,Puttaswamy B J
3151,22/03/2017,ಕಂದಾಯ,Revenue,ಬರ ಮತ್ತು ಅತಿವೃಷ್ಟಿಗೆ ಕೇಂದ್ರ ಸರ್ಕಾರದ ಅನುದಾನದ ಬಗ್ಗೆ,Central Government grants for drought and overdose,ಪುಟ್ಟಸ್ವಾಮಿ .ಬಿ.ಜೆ,Puttaswamy B J
3152,22/03/2017,ಸಣ್ಣ ನೀರಾವರಿ,Small irrigation,ಕಲಬುರಗಿ ಮತ್ತು ಯಾದಗಿರಿ ಜಿಲ್ಲೆಯ ಕೆರೆ ಹೂಳು ತೆಗೆಯುವ ಮತ್ತು ಜೀರ್ಣೋದ್ಧಾರದ ಬಗ್ಗೆ,About the sinking and rehabilitation of the lake and the Yadgir district,ಪಾಟೀಲ್ .ಬಿ.ಜಿ,Patil B G
3153,22/03/2017,ಕಂದಾಯ,Revenue,ಮೇವು ನೀರಿಲ್ಲದೆ ದನಕರುಗಳು ಸಂಕಷ್ಟಕ್ಕೆ ಸಿಲುಕಿರುವ ಬಗ್ಗೆ,About the cattle suffering from fodder,ಶರವಣ .ಟಿ.ಎ,Sharavana T A
3154,22/03/2017,ಮುಜರಾಯಿ,Muzarai,ಬಸವನಗುಡಿ ಕಾರಂಜಿ ಆಚಿಜನೇಯ ಸ್ವಾಮಿ ದೇವಾಲಯದ ಬಗ್ಗೆ,About Basavangudi Karanji Achichanayya Swami Temple,ಶರವಣ .ಟಿ.ಎ,Sharavana T A
3155,22/03/2017,ಸಣ್ಣ ನೀರಾವರಿಯ,Small irrigation,ಕೆರೆ ಸಂಜೀವಿನಿ-೨ ಯೋಜನೆಯ ಬಗ್ಗೆ,About the Kere Sanjeevini -2 project,ಶರವಣ .ಟಿ.ಎ,Sharavana T A
3156,22/03/2017,ಭಾರಿ ಮತ್ತು ಮಧ್ಯಮ ನೀರಾವರಿ,Heavy and medium irrigation,ಕಾವೇರಿ ನೀರಾವರಿ ನಿUಮದ ವ್ಯಾಪ್ತಿಯ ಕಾಮಗಾರಿಗಳ ಬಗ್ಗೆ,About Cauvery Irrigation Water Supply Works,ಶರವಣ .ಟಿ.ಎ,Sharavana T A
3157,22/03/2017,ಮುಜರಾಯಿ,Muzarai,ಮುಜರಾಯಿ ದೇವಾಲಯಗಳ ಬಗ್ಗೆ,About Muzirai Temples,ಶರವಣ .ಟಿ.ಎ,Sharavana T A
3158,22/03/2017,ಅರಣ್ಯ,Forest,ಬೆಳಗಾವಿಯ ಕಿತ್ತೂರು ರಾಣಿ ಚೆನ್ನಮ್ಮ ವನ್ಯಧಾಮವನ್ನು ಮೇಲ್ದರ್ಜೆಗೇರಿಸುವ ಬಗ್ಗೆ,"About upgrading the Rani Chennamma Wildlife Sanctuary in Kittur, Belgaum",ವಿವೇಕ್‌ರಾವ್ ವಸಂತರಾವ್ ಪಾಟೀಲ್,Vivek Rao Vasanth Rao Patil
3159,22/03/2017,ಅರಣ್ಯ,Forest,ಅರಣ್ಯಗಳಲ್ಲಿ ಸಸಿ ನೆಡುವ ಬಗ್ಗೆ,About planting in the forest,ವಿವೇಕ್‌ರಾವ್ ವಸಂತರಾವ್ ಪಾಟೀಲ್,Vivek Rao Vasanth Rao Patil
3160,22/03/2017,ಕಂದಾಯ,Revenue,ಭೂಮಾಪಕರ ಹುದ್ದೆಗಳ ಬಗ್ಗೆ,About the landowners' posts,ವಿವೇಕ್‌ರಾವ್ ವಸಂತರಾವ್ ಪಾಟೀಲ್,Vivek Rao Vasanth Rao Patil
3161,22/03/2017,ಕಂದಾಯ,Revenue,ಕೊಡಗು ಜಿಲ್ಲೆಯ ಪಹಣಿಯಲ್ಲಿರುವ ಟನ್ಯೂರ‍್ಗಳ ಕುರಿತು,About the tunires in Pahani in the Kodagu district,ವೀಣಾ ಅಚ್ಚಯ್ಯ .ಎಸ್,Veena achchaiah S
3162,22/03/2017,ಕಂದಾಯ,Revenue,ಕೊಡಗು ಜಿಲ್ಲೆಯಲ್ಲಿರುವ ಕಂದಾಯ Uಮಗಳ/ಉಪಗ್ರಾಮಗಳ ಕುರಿತು,Regarding the Revenue U / Ugrahas in Kodagu district,ವೀಣಾ ಅಚ್ಚಯ್ಯ .ಎಸ್,Veena achchaiah S
3163,22/03/2017,ಕಂದಾಯ,Revenue,ಕೊಡಗು ಜಿಲ್ಲೆಯಲ್ಲಿನ ರೆಸಾರ್ಟ್‌ಗಳಿಗಾಗಿ ಭೂಪರಿವರ್ತಿಸಿ ಮಾಡಿರುವ ಕುರಿತು,About landing for resorts in Kodagu district,ವೀಣಾಅಚ್ಚಯ್ಯ .ಎಸ್,Veena achchaiah S
3164,22/03/2017,ಕಂದಾಯ,Revenue,ಕೊಡಗು ಜಿಲ್ಲೆಯ ರೆರ್ಟ್‌ಗಳಿಗೆ ಜಿಲ್ಲಾಡಳಿತ ನೀಡಿರುವ ಅನುಮತಿ ಕುರಿತು,About the permission given by the district administration to the wards in Kodagu district,ವೀಣಾಅಚ್ಚಯ್ಯ .ಎಸ್,Veena achchaiah S
3165,22/03/2017,ಮುಜರಾಯಿ,Muzarai,ಮುಜರಾಯಿ ದೇವಸ್ಥಾನಗಳ ಅಭಿವೃದ್ಧಿ ಬಗ್ಗೆ,About the development of Muzrai temples,ವಿಜಯ್ ಸಂಗ್,Vijay Singh
3166,22/03/2017,ಕಂದಾಯ,Revenue,ಬೀದರ್ ಜಿಲ್ಲೆಯ ಕಂದಾಯ ಇಲಾಖೆಯಲ್ಲಿ ಖಾಲಿ ಇರುವ ಹದ್ದೆಗಳ ಬಗ್ಗೆ,Regarding vacancy in the revenue department of Bidar district,ವಿಜಯ್ ಸಂಗ್,Vijay Singh
3167,22/03/2017,ಕಾರ್ಮಿಕ,Labor,ಬೀದರ್ ಜಿಲ್ಲೆಯಲ್ಲಿ ಕಾರ್ಮಿಕ ಇಲಾಖೆಗೆ ಉದ್ಯೋಗಕ್ಕಾಗಿ ಅರ್ಜಿ ಬಂದ ಬಗ್ಗೆ,Applying for employment to the Labor Department in Bidar district,ವಿಜಯ್ ಸಂಗ್,Vijay Singh
3168,22/03/2017,ಅರಣ್ಯ,Forest,ಬರಪೀಡಿತ ಜಿಲ್ಲೆಗಳಲ್ಲಿ ವೆರ ಕಡಿಯುತ್ತಿರುವ ಬಗ್ಗೆ,About burning in drought-hit districts,ಬಸವನಗೌಡ ಆರ್ ಪಾಟೀಲ್,Basanagowda R Patil
3169,22/03/2017,ಕಂದಾಯ,Revenue,ಗೋಮಾಳಕ್ಕಾಗಿ ಕಾಯ್ದಿರಿಸಿದ ಜಾಗದ ಬಗ್ಗೆ,About the reserved space for the pasture,ಬಸವನಗೌಡ ಆರ್ ಪಾಟೀಲ್,Basanagowda R Patil
3170,22/03/2017,ಕರ್ಮಿಕ,The work,ಕರ್ಮಿಕ ಅಸಂಘಟಿತ ವಲಯ,Organic Unorganized Sector,ಬಸವರಾಜ ಶಿವಲಿಂಗಪ್ಪ ಹೊರಟ್ಟಿ,Basavaraja Shivalingappa Horatti
3171,22/03/2017,ಸಣ್ಣ ನೀರಾವರಿ,Small irrigation,ರಾಜ್ಯದಲ್ಲಿ ಅಂತರ್‌ಜಲ ಮಟ್ಟ ಹೆಚ್ಚಿಸಲು ಜಲಮರುಪೂರಣ ಯೋಜನೆಯನ್ನು ಅನುಷ್ಠಾನಗೊಳಿಸುವ ಬಗ್ಗೆ,About implementing a hydroelectric project to increase groundwater level in the state,ಬಸವರಾಜ ಶಿವಲಿಂಗಪ್ಪ ಹೊರಟ್ಟಿ,Basavaraja Shivalingappa Horatti
3172,22/03/2017,ಸಣ್ಣ ನೀರಾವರಿ,Small irrigation,ಸಣ್ಣ ನೀರಾವರಿ ಇಲಾಖೆಯಿಂದ ಕೆರೆಗಳನ್ನು ಅಭಿವೃದ್ಧಿಪಡಿಸುವ ಬಗ್ಗೆ,Developing lakes from the Department of Small Irrigation,ಬಸವರಾಜ ಪಾಟೀಲ್ ಇಟಗಿ,Basavaraja Patil Itagi
3173,22/03/2017,ಸಣ್ಣ ನೀರಾವರಿ,Small irrigation,ಬ್ಯಾರೇಜ್ ಗೇಟ್ ನಿರ್ವಾಹಣೆ ಬಗ್ಗೆ,About Barage Gate Management,ಬಸವರಾಜ ಪಾಟೀಲ್ ಇಟಗಿ,Basavaraja Patil Itagi
3174,22/03/2017,ಮುಜರಾಯಿ,Muzarai,ದೇವಸ್ಥಾನಕ್ಕೆ ಅನುದಾನ ನೀಡುವ ಕುರಿತು,About granting the temple,ಬಸವರಾಜ ಪಾಟೀಲ್ ಇಟಗಿ,Basavaraja Patil Itagi
3175,22/03/2017,ಸಣ್ಣ ನೀರಾವರಿ,Small irrigation,"ಗುತ್ತಿಗೆ, ಸಂಚಿತ ವೇತನ, ಹೊರಗುತ್ತಿಗೆ ಹಾಗೂ ಇತರೆ ವಿಧಾನಗಳಲ್ಲಿ ಕೆಲಸ ನಿರ್ವಹಿಸುತ್ತಿರುವ ಸಿಬ್ಬಂದಿಯನ್ನು ವಿಲೀನಗೊಳಿಸುವ ಬಗ್ಗೆ","About merging staff who work in contract, salary, outsourcing, and other ways",ಬಸವರಾಜ್ ಶಿವಲಿಂಗಪ್ಪ ಹೊರಟ್ಟಿ,Basavaraja Shivalingappa Horatti
3176,22/03/2017,ಅರಣ್ಯ,Forest,ಕಚ್ಚಾ ಸಾಮಗ್ರಿ ಬೆಳೆಯಲು ಅರಣ್ಯ ಭೂಮಿ ನೀಡುವ ಬಗ್ಗೆ,About providing forest land to grow raw material,ಬಸವರಾಜ್ ಶಿವಲಿಂಗಪ್ಪ ಹೊರಟ್ಟಿ,Basavaraja Shivalingappa Horatti
3177,22/03/2017,ಅರಣ್ಯ,Forest,ಬೆಂಗಳೂರಿನ ವಿಬ್‌ಗಯಾರ್ ಶಾಲೆಗೆ ಚಿರತೆ ದಾಳಿ ಮಾಡಿರುವ ಬಗ್ಗೆ,"Leopard attack on Vibhayar School, Bangalore",ಲಹರ್ ಸಿಂಗ್ ಸಿರೋಯಾ,Lahar Singh Siroya
3178,22/03/2017,ಅರಣ್ಯ,Forest,ಅರಣ್ಯ ಇಲಾಖೆಯಲ್ಲಿ ವನ್ಯಜೀವಿ ಪರಿಪಾಲಕರನ್ನು ನೇಮಿಸುವ ಬಗ್ಗೆ,About appointing wildlife conservationists in forest department,ಲಹರ್ ಸಿಂಗ್ ಸಿರೋಯಾ,Lahar Singh Siroya
3179,22/03/2017,ಭಾರಿ ಮತ್ತು ಮಧ್ಯಮ ನೀರಾವರಿ,Heavy and medium irrigation,ರಾಜ್ಯದಲ್ಲಿರುವ ಜಲಾಶಯಗಳ ಬಗ್ಗೆ,About the reservoirs in the state,ಲಹರ್ ಸಿಂಗ್ ಸಿರೋಯಾ,Lahar Singh Siroya
3180,22/03/2017,ಭಾರಿ ಮತ್ತು ಮಧ್ಯಮ ನೀರಾವರಿ,Heavy and medium irrigation,ರಾಜ್ಯದಲ್ಲಿರುವ ಅಣೆಕಟ್ಟುಗಳ ಮಾಹಿತಿ ಬಗ್ಗೆ,About information on dams in the state,ಲಹರ್ ಸಿಂಗ್ ಸಿರೋಯಾ,Lahar Singh Siroya
3181,22/03/2017,ಮುಜರಾಯಿ,Muzarai,ನೇಕಾರರಿಗೆ ಚೈನಾ ದೇಶದಲ್ಲಿ ತರಬೇತಿ ಕೊಡಿಸುವ ಬಗ್ಗೆ,About weaning training in China,ಲಕ್ಷ್ಮಿನಾರಾಯಣ .ಎಂ.ಡಿ,Lakshmi Narayana MD
3182,22/03/2017,ಮೀನುಗಾರಿಕೆ,Fishing,ಮೀನುಗಾರರ ಅಭಿವೃದ್ಧಿ ಯೋಜನೆಗಳ ನಗ್ಗೆ,Fishermen Development Projects,ಲಕ್ಷ್ಮಿನಾರಾಯಣ .ಎಂ.ಡಿ,Lakshmi Narayana MD
3183,22/03/2017,ಕಂದಾಯ,Revenue,ಯಾದಗಿರಿಯಲ್ಲಿ ಹೈಟೆಕ್ ಟೆಕ್ಸಟೈಲ್ ಟ್ರೈನಿಂಗ್ ಸಂಟರ್ ಬಗ್ಗೆ,About High Tech Textile Training Sector at Yadgir,ಲಕ್ಷ್ಮಿನಾರಾಯಣ .ಎಂ.ಡಿ,Lakshmi Narayana MD
3184,22/03/2017,ಮುಜರಾಯಿ,Muzarai,ಎಸ್.ಸಿ.ಪಿ. ಯೋಜನೆ ಅಡಿಯಲ್ಲಿ ಪರಿಶಿಷ್ಠ ಜಾತಿ/ ಪರಿಶಿಷ್ಠ ಜಾತಿ/ಪರಿಶಿಷ್ಠ ವರ್ಗದವರಿಗೆ ಸೌಲಭ್ಯದ ಬಗ್ಗೆ,SCP About Scheduled Castes / Scheduled Caste / Scheduled Tribes Facilities under the scheme,ಲಕ್ಷ್ಮಿನಾರಾಯಣ .ಎಂ.ಡಿ,Lakshmi Narayana MD
3185,22/03/2017,ಭಾರಿ ಮತ್ತು ಮಧ್ಯಮ ನೀರಾವರಿ,Heavy and medium irrigation,ಭಾರಿ ಮತ್ತು ಮಧ್ಯಮ ನೀರಾವರಿ ಇಲಾಖೆಯಿಂದ ಕೈಗೊಂಡಿರುವ ಕಾಮಗಾರಿ ಬಗ್ಗೆ,About the work taken by the Department of Massive and Medium Irrigation,ಲಕ್ಷ್ಮಿನಾರಾಯಣ. ಎಂ.ಡಿ,Lakshmi Narayana MD
3186,22/03/2017,ಭಾರಿ ಮತ್ತು ಮಧ್ಯಮ ನೀರಾವರಿ,Heavy and medium irrigation,ಕೆ.ಆರ್.ಎಸ್.ನ.ವಿ.ಸಿ. ನಾಲಾಗಳ ಬಗ್ಗೆ,KRSVVC About Naalu,ಶ್ರೀಕಂಠೇಗೌಡ .ಕೆ.ಟಿ,Srikantegowda KT
3187,22/03/2017,ಯುವ ಸಬಲೀಕರಣ ಮತ್ತು ಕ್ರೀಡಾ,Youth empowerment and sport,ಮಂಡ್ಯದಲ್ಲಿ ನಿರ್ಮಾಣವಾಗುತ್ತಿರುವ ಒಳಾಂಗಣ ಕ್ರೀಡಾಂಗಣದ ಬಗ್ಗೆ,About the indoor stadium in Mandya,ಶ್ರೀಕಂಠೇಗೌಡ .ಕೆ.ಟಿ,Srikantegowda KT
3188,22/03/2017,ಅರಣ್ಯ,Forest,ಬಂಡೀಪುರ ಮತ್ತು ನಾಗರಹೊಳೆ ಅರಣ್ಯದ ಬಗ್ಗೆ,About the Bandipur and Nagarhole Forest,ಶ್ರೀಕಂಠೇಗೌಡ .ಕೆ.ಟಿ,Srikantegowda KT
3189,22/03/2017,ಸಣ್ಣ ನೀರಾವರಿ,Small irrigation,ಸಣ್ಣ ನೀರಾವರಿ ಇಲಾಖೆಯಿಂದ ಬಿಡುಗಡೆಯಾದ ಅನುದಾನ ಬಗ್ಗೆ,About the grant released from the Department of Small Irrigation,ಮನೋಹರ್ .ಸಿ.ಆರ್,Manohara CR
3190,22/03/2017,ಸಣ್ಣ ನೀರಾವರಿ,Small irrigation,ಕೆರೆಗಳ ಅಭಿವೃದ್ಧಿಗಾಗಿ ಬಿಡುಗಡೆಯಾದ ಅನುದಾನದ ಬಗ್ಗೆ,Support for the release of lakes,ಮನೋಹರ್ .ಸಿ.ಆರ್,Manohara CR
3191,22/03/2017,ಕಂದಾಯ,Revenue,ಬರ ನಿರ್ವಹಣೆಗೆ ತಾಲ್ಲೂಕುಗಳ ಆಯ್ಕೆ ಬಗ್ಗೆ,About the selection of taluks for drought management,ಮನೋಹರ್ .ಸಿ.ಆರ್,Manohara CR
3192,22/03/2017,ಮೀನುಗಾರಿಕೆ,Fishing,ಯುವಜನ ಸಬಲೀಕರಣ ಮತ್ತು ಕ್ರೀಡಾ ಇಲಾಖೆಯಿಂದ ಬಿಡುಗಡೆಯಾದ ಅನುದಾನದ ಬಗ್ಗೆ,Provision of youth release from Empowerment and Sports Department,ಮನೋಹರ್ .ಸಿ.ಆರ್,Manohara CR
3193,22/03/2017,ಮೀನುಗಾರಿಕೆ,Fishing,ಚಿಕ್ಕಮಗಳೂರು ಜಿಲ್ಲೆಯಲ್ಲಿ ಮೀನುಗಾರರ ಅಭಿವೃದ್ಧಿಯ ಬಗ್ಗೆ,About Fisheries Development in Chikkamagaluru District,ಮೋಟಮ್ಮ,Motamma
3194,22/03/2017,ಯುವಜನ ಸಬಲೀಕರಣ ಮತ್ತು ಕ್ರೀಡೆ,Youth Empowerment and Sports,ಚಿಕ್ಕಮಗಳೂರು ಜಿಲ್ಲೆಯ ಯುವ ಸಬಲೀಕರಣ ಮತ್ತು ಕ್ರೀಡಾ ಇಲಾಖೆಯ ಬಗ್ಗೆ,About Youth Empowerment and Sports Department in Chikkamagaluru District,ಮೋಟಮ್ಮ,Motamma
3195,22/03/2017,ಕಂದಾಯ,Revenue,ಮೂಡಿಗೆರೆ ತಾಲ್ಲೂಕಿನ - ಸಕ್ರಮ ಸಮಿತಿಯ ಸಭೆಗಳ ಬಗ್ಗೆ,Moodigere Taluk - About Meetings of the Committee of the Committee,ಮೋಟಮ್ಮ,Motamma
3196,22/03/2017,ಭಾರಿ ಮತ್ತು ಮಧ್ಯಮ ನೀರಾವರಿ,Heavy and medium irrigation,"ಮಂಡ್ಯ ಜಿಲ್ಲೆಯ, ಕೆರೆಗೋಡು ಹೋಬಳಿ ಚಿಕ್ಕಬಳ್ಳಿ ಪಿಕಪ್ ನಾಲಾ ಅಭಿವೃದ್ಧಿ","Development of Hubli Chikkaballi Pickup Nala in Mandya district, Keregudu",ಅಪ್ಪಾಜಿಗೌಡ .ಎನ್,Appajigowda N
3197,22/03/2017,ಕಂದಾಯ,Revenue,"ಗೊಲ್ಲರ ಹಟ್ಟಿ, ಲಂಬಾಣಿ ತಾಂಡಾಗಳನ್ನು ಕಂದಾಯ ಗ್ರಾಮಗಳನ್ನಾಗಿ ಮಾಡುವ ಬಗ್ಗೆ","Gollar Hutti, about making Lambani Tandas as revenue villages",ಜಯಮ್ಮ,Jayamma
3198,22/03/2017,ಭಾರಿ ಮತ್ತು ಮಧ್ಯಮ ನೀರಾವರಿ,Heavy and medium irrigation,ಭದ್ರಾ ಮೇಲ್ದಂಡೆ ಯೋಜನೆ ಬಗ್ಗೆ,About Bhadra Upstairs Project,ಜಯಮ್ಮ,Jayamma
3199,22/03/2017,ಭಾರಿ ಮತ್ತು ಮಧ್ಯಮ ನೀರಾವರಿ,Heavy and medium irrigation,ಅಂತರ್‌ಜಲ ಕುಸಿದಿರುವ ಬಗ್ಗೆ,About groundwater decline,ಜಯಮ್ಮ,Jayamma
3200,22/03/2017,ಮುಜರಾಯಿ,Muzarai,ಕೊಪ್ಪಳ ಜಿಲ್ಲೆಯ ಕುಷ್ಟಗಿ ತಾಲ್ಲೂಕಿನ ಪುರ ಎಂಬಲ್ಲಿನ ಕೋಟಿ ಲಿಂಗದೇವಾಲಯವನ್ನು ಅಭಿವೃದ್ಧಿಪಡಿಸುವ ಕುರಿತು,"Developing a crore linguistic area in Pura, Kuththagi taluk in Koppal district",ರಾಮಚಂದ್ರಗೌಡ,Ramachandra Gowda
3201,22/03/2017,ಮುಜರಾಯಿ,Muzarai,ಮುಜರಾಯಿ ಇಲಾಖೆಗೆ ಸೇರಿದ ದೇವಸ್ಥಾನಗಳ ಅಭಿವೃದ್ಧಿಗೆ ವಿನಿಯೋಗಿಸುವ ಕುರಿತು,About devoting to the development of temples belonging to the Muzirai Department,ರಾಮಚಂದ್ರಗೌಡ,Ramachandra Gowda
3202,22/03/2017,ಅರಣ್ಯ,Forest,ಬಂಡೀಪುರ ರಾಷ್ಟ್ರೀಯ ಉದ್ಯಾನದಲ್ಲಿ ಬೆಂಕಿ ಪಹರೆ ಗೋಪುರಗಳನ್ನು ಹೊಸದಾಗಿ ನಿರ್ಮಿಸುವ ಹಾಗೂ ಹೆಚ್ಚುವರಿ ಸಿಬ್ಬಂದಿ ನೇಮಿಸುವ ಹಾಗೂ ಬೆಂಕಿ ನಂದಿಸಲು ಸಮರ್ಪಕ ವ್ಯವಸ್ಥೆ ಮಾಡಿಕೊಳ್ಳುವ ಕುರಿತು,About building fresh fire towers at the Bandipur National Park and applying additional staff and conducting proper firearms,ರಾಮಚಂದ್ರಗೌಡ,Ramachandra Gowda
3203,22/03/2017,ಅರಣ್ಯ,Forest,ಚಿಕ್ಕಮಗಳೂರು ಮತ್ತು ಕೊಪ್ಪ ವಿಭಾಗದ ಅರಣ್ಯ ವ್ಯಾಪ್ತಿಯಲ್ಲಿ ಥಿನ್ನಿಂಗ್ ಹೆಸರಿನಲ್ಲಿ ಸಾವಿರಾರು ಮರಗಳನ್ನು ಕಡಿದಿರುವ ಕುರಿತು,Thousands of trees have been cut off in the name of thinning in Chikmagalur and Koppa division,ರಾಮಚಂದ್ರಗೌಡ,Ramachandra Gowda
3204,22/03/2017,ಅರಣ್ಯ,Forest,ಅರಣ್ಯ ಪ್ರದೇಶಗಳಲ್ಲಿ ಅಕೇಶಿಯಾ ಹಾಗೂ ನೀಲಗಿರಿ ಮರಗಳನ್ನು ನೆಡುವುದನ್ನು ನಿಷೇಧಿಸುವ ಕುರಿತು,Prohibiting planting of acacia and eucalypts in forest areas,ರಾಮಚಂದ್ರಗೌಡ,Ramachandra Gowda
3205,22/03/2017,ಕಂದಾಯ,Revenue,ಬರಪರಿಹಾರ ಕಾಮಗಾರಿ ಕುರಿತು,About Drought Work,ರಮೇಶ್ ಬಾಬು,Ramesha Babu
3206,22/03/2017,ಕಂದಾಯ,Revenue,ರಾಜ್ಯದಲ್ಲಿ ಕಂದಾಯ ಅದಾಲತ್ ನಡೆಸುತ್ತಿರುವ ಬಗ್ಗೆ,About Revenue Adalat in the State,ರವಣ್ಣ .ಹೆಚ್.ಎಂ,Revanna H M
3207,22/03/2017,ಆರ್ಥಿಕ,Economy,ಚಿತ್ರದುರ್ಗ ತಾಲ್ಲೂಕಿನಲ್ಲಿ ವಿವಿಧ ಪಿಂಚಣಿ ಮಾಸಾಶನಗಳ ಬಗ್ಗೆ,About various pension payments in the Chitradurga taluk,ರಘು ಆಚಾರ್ .ಜಿ,Raghu Achar G
3208,22/03/2017,ಕಂದಾಯ,Revenue,ಜಾತಿ ಪ್ರಮಾಣ ಪತ್ರ ನೀಡಲೂ ವಿಳಂಬವಾಗುತ್ತಿರುವ ಬಗ್ಗೆ,About delaying the caste certificates,ರಘುನಾಥ ರಾವ್ ಮಲ್ಕಾಪೂರೆ,Raghunath Rao Malkapore
3209,22/03/2017,ಕಂದಾಯ,Revenue,ವಿವಿಧ ಯೋಜನೆಗಳಿಗಾಗಿ ಭೂ ಹಂಚಿಕೆ,Land distribution for various schemes,ರಘುನಾಥ ರಾವ್ ಮಲ್ಕಾಪೂರೆ,Raghunath Rao Malkapore
3210,22/03/2017,ಅರಣ್ಯ,Forest,ಹಸಿರು ಗ್ರಾಮ ಯೋಜನೆಯಡಿ ಆಯ್ಕೆಯಾದ Uಮಗಳು,U daughter selected under Green Village scheme,ರಘುನಾಥ ರಾವ್ ಮಲ್ಕಾಪೂರೆ,Raghunath Rao Malkapore
3211,22/03/2017,ಅರಣ್ಯ,Forest,ಅರಣ್ಯ ಅಭಿವೃದ್ಧಿ ನಿಗಮದ ಕಾರ್ಯಕ್ರಮಗಳು,Forest Development Corporation Programs,ರಘುನಾಥ ರಾವ್ ಮಲ್ಕಾಪೂರೆ,Raghunath Rao Malkapore
3212,22/03/2017,ಕಂದಾಯ,Revenue,ಅಕ್ರಮ-ಸಕ್ರಮ ಯೋಜನೆ ಬಗ್ಗೆ,About illegal-legal planning,ರಘುನಾಥ ರಾವ್ ಮಲ್ಕಾಪೂರೆ,Raghunath Rao Malkapore
3213,22/03/2017,ಭಾರಿ ಮತ್ತು ಮಧ್ಯಮ ನೀರಾವರಿ,Heavy and medium irrigation,ಮಹಾದಾಯಿ ನ್ಯಾಯಮಂಡಳಿ ಮತ್ತು ಪರಿಹಾರ,Mahadai tribunal and compensation,ಉಗ್ರಪ್ಪ .ವಿ.ಎಸ್,Ugrappa VS
3214,22/03/2017,ಭಾರಿ ಮತ್ತು ಮಧ್ಯಮ ನೀರಾವರಿ,Heavy and medium irrigation,ಮಹಾದಾಯಿ ನದಿ ಪಾತ್ರ,Mahadai river character,ಉಗ್ರಪ್ಪ .ವಿ.ಎಸ್,Ugrappa VS
3215,22/03/2017,ಕಂದಾಯ,Revenue,ಸ.ನಂ.೯೭ ಮತ್ತು ೯೮ ಜಮೀನಿನ ಭೂ ಸ್ವಾಧೀನದ ಬಗ್ಗೆ,Land Acquisition of Land No.97 and 98,ಉಗ್ರಪ್ಪ .ವಿ.ಎಸ್,Ugrappa VS
3216,22/03/2017,ಭಾರಿ ಮತ್ತು ಮಧ್ಯಮ ನೀರಾವರಿ,Heavy and medium irrigation,ಕೃಷ್ಣ ಮೇಲ್ದಂಡೆ ಯೋಜನೆಯಲ್ಲಿ ಮುಳುಗಡೆ ಯಾಗಿರುವ ಗ್ರಾಮಗಳ ಬಗ್ಗೆ,About the villages that are sinking in the Krishna Updunde project,ರಿಜ್ವಾನ್ ಅರ್ಷದ್,Rizwan Harshad
3217,22/03/2017,ಅರಣ್ಯ,Forest,ಅರಣ್ಯ ಇಲಾಖೆಯ ಪ್ರಕೃತಿ ವನಗಳ ಬಗ್ಗೆ,About Forest Department Nature,ರಿಜ್ವಾನ್ ಹರ್ಷದ್,Rizwan Harshad
3218,22/03/2017,ಕಾರ್ಮಿಕ,Labor,ರಾಜ್ಯದಲ್ಲಿ ಬೀಡಿ ಕಾರ್ಮಿಕರಿಗೆ ನೀಡುತ್ತಿರುವ ಸಂಬಳ ಮತ್ತು ಭತ್ಯೆಯ ಬಗ್ಗೆ,About salary and allowance paid to beedi workers in the state,ಐವಾನ್ ಡಿ ಸೋಜಾ,Ivan Disoza
3219,22/03/2017,ಅರಣ್ಯ,Forest,ಕಸ್ತೂರಿ ರಂಗನ್ ವರದಿಯ ಬಗ್ಗೆ,About the Kasturi Rangan report,ಐವಾನ್ ಡಿ ಸೋಜಾ,Ivan Disoza
3220,22/03/2017,ಕಂದಾಯ,Revenue,ಮೂಲ ಗೇಣಿದಾರರ ಬಗ್ಗೆ,About the original gamers,ಐವಾನ್ ಡಿ ಸೋಜಾ,Ivan Disoza
3221,22/03/2017,ಕಂದಾಯ,Revenue,ಅಕಮ-ಸಕ್ರಮ ೯೪ಸಿ ಸಿ.ಸಿ. ಮೂಲಿ ಹಕ್ಕುಗಳ ಬಗ್ಗೆ,Akama-Sarakka 94 cc cc About Third Rights,ಐವಾನ್ ಡಿ ಸೋಜಾ,Ivan Disoza
3222,22/03/2017,ಭಾರಿ ಮತ್ತು ಮಧ್ಯಮ ನೀರಾವರಿ,Heavy and medium irrigation,ಕೃಷ್ಣ ಮೇಲ್ದಂಡೆ ಯೋಜನೆ ವಸತಿ ಕೇಂದ್ರಗಳಿಗೆ ಮೂಲಭೂತ ಸೌಕರ್ಯದ ಬಗ್ಗೆ,Krishna Overhead Project About infrastructure for residential centers,ಹಣಮಂತ. ಆರ್. ನಿರಾಣಿ,Hanamanta R Nirani
3223,22/03/2017,ಭಾರಿ ಮತ್ತು ಮಧ್ಯಮ ನೀರಾವರಿ,Heavy and medium irrigation,ಕೃಷ ಮೇಲ್ದಂಡೆ ಯೋಜನೆಯ ಸಮಿತಿ ರಚಿಸುವ ಬಗ್ಗೆ,About creating a project overview project committee,ಹಣಮಂತ. ಆರ್. ನಿರಾಣಿ,Hanamanta R Nirani
3224,22/03/2017,ಭಾರಿ ಮತ್ತು ಮಧ್ಯಮ ನೀರಾವರಿ,Heavy and medium irrigation,ಜಮೀನುಗಳಿಗೆ ಏಕರೂಪದ ಬೆಲೆ ನಿರ್ಧರಿಸುವ ಬಗ್ಗೆ,About determining the price of the uniform for lands,ಹಣಮಂತ. ಆರ್. ನಿರಾಣಿ,Hanamanta R Nirani
3225,22/03/2017,ಅರಣ್ಯ,Forest,ಅರಣ್ಯ ಪ್ರದೇಶದಲ್ಲಿ ಕಾಡ್ಗಿಚ್ಚಿನಿಂದಾಗುವ ಹಾನಿಯನ್ನು ತಡೆಗಟ್ಟಲು ತೆಗೆದುಕೊಂಡ ಕ್ರಮದ ಬಗ್ಗೆ,About the action taken to prevent the damage caused by wildlife in the forest,ಕ್ಯಾಪ್ಟನ್ ಗಣೇಶ್ ಕಾರ್ಣಿಕ್,Capt. Ganesh Karnik
3226,22/03/2017,ಸಣ್ಣ ನೀರಾವರಿ,Small irrigation,ಕೆರೆಗಳ ಹೂಳೆತ್ತುವ ಯೋಜನೆ ಬಗ್ಗೆ,About the lakes project,ಕ್ಯಾಪ್ಟನ್ ಗಣೇಶ್ ಕಾರ್ಣಿಕ್,Capt. Ganesh Karnik
3227,22/03/2017,ಅರಣ್ಯ,Forest,ಗದಗ ಜಿಲ್ಲೆಯ ಕಪ್ಪತಗುಡ್ಡ ಅರಣ್ಯ ಪ್ರದೇಶದ ವ್ಯಾಪ್ತಿಯಲ್ಲಿ ಗಣಿಗಾರಿಕೆ ನಡೆಸುವ ಬಗ್ಗೆ,About mining at Kappataguda forest area in Gadag district,ಕ್ಯಾಪ್ಟನ್ ಗಣೇಶ್ ಕಾರ್ಣಿಕ್,Capt. Ganesh Karnik
3228,22/03/2017,ಭಾರಿ ಮತ್ತು ಮಧ್ಯಮ ನೀರಾವರಿ,Heavy and medium irrigation,ರಾಜಯದಲ್ಲಿ ಮೇಕೆದಾಟು ಯೋಜನೆಯ ಅನುಷ್ಠಾನದ ಬಗ್ಗೆ,About the implementation of the Mekedatu project in the state,ಕ್ಯಾಪ್ಟನ್ ಗಣೇಶ್ ಕಾರ್ಣಿಕ್,Capt. Ganesh Karnik
3229,22/03/2017,ಕಂದಾಯ,Revenue,ದನಕರುಗಳಿಗೆ ನೀರು ಹಾಗೂ ಮೇವು ಸಿಗದೆ ಇರುವ ಬಗ್ಗೆ,About cattle and water can not be fed,ಕ್ಯಾಪ್ಟನ್ ಗಣೇಶ್ ಕಾರ್ಣಿಕ್,Capt. Ganesh Karnik
3230,22/03/2017,ಅರಣ್ಯ,Forest,ರಾಜ್ಯದಲ್ಲಿ ನಿಷೇಧಿತ ಅಕೇಷಿಯಾ ಹಾಗೂ ನೀಲಗಿರಿಯನ್ನು ಬೆಳೆಸಲು ಅರಣ್ಯ ಅಭಿವೃದ್ಧಿ ನಿUಮವು ಆದೇಶಿಸಿರುವ ಬಗ್ಗೆ,Concerned about forest conservation for the development of banned acacia and nilgiris in the state,ಕವಟಗಿಮಠ ಮಹಂತೇಶ ಮಲ್ಲಿಕಾರ್ಜುನ,Kavatimata Mahantesha Mallikarjuna
3231,22/03/2017,ಅರಣ್ಯ,Forest,ಬೆಳಗಾವಿ ಜಿಲ್ಲೆಯ ಭೀಮಗಡ ಅಭಯಾರಣ್ಯದ ಬಳಿ ಅಕ್ರಮ ರೆಸಾರ್ಟ್ ಹೋಟೆಲ್ ತಲೆ ಎತ್ತಿರುವ ಕುರಿತು,The head of the illegal resort hotel near the Bhimagada Sanctuary in Belgaum district,ಕವಟಗಿಮಠ ಮಹಂತೇಶ ಮಲ್ಲಿಕಾರ್ಜುನ,Kavatimata Mahantesha Mallikarjuna
3232,22/03/2017,ಸಣ್ಣ ನೀರಾವರಿ,Small irrigation,ಬೆಳಗಾವಿ ಜಿಲ್ಲೆಯ ಮಂಗೋತ್ರಿ ತೊರೆಯ ಕಿಣಯೆ ಡ್ಯಾಂ ನ ಕಾಮಗಾರಿ ಕುಂಟುತ್ತಾ ಸಾಗಿರುವ ಬಗ್ಗೆ,About the construction of the Kinye Dam damaged in Mangriti village in Belgaum district,ಕವಟಗಿಮಠ ಮಹಂತೇಶ ಮಲ್ಲಿಕಾರ್ಜುನ,Kavatimata Mahantesha Mallikarjuna
3233,22/03/2017,ಕಾರ್ಮಿಕ,Labor,ರಾಜ್ಯದಲ್ಲರುವ ಗಾರ್ಮೆಂಟ್ಸ್‌ಗಳ ಬಗ್ಗೆ,About the garments in the state,ಕಾಂತರಾಜು,Kantaraju
3234,22/03/2017,ಸಣ್ಣ ನೀರಾವರಿ,Small irrigation,ಭದ್ರಾ ಮೇಲ್ದಂಡೆ ಮತ್ತು ಎತ್ತಿನ ಹೊಳೆ ಯೋಜನೆ ಬಗ್ಗೆ,About the Bhadra Upstairs and Oaks Glacier Project,ಕಾಂತರಾಜು,Kantaraju
3235,22/03/2017,ಸಣ್ಣ ನೀರಾವರಿ,Small irrigation,ರಾಜ್ಯದಲ್ಲಿರುವ ಸಣ್ಣ ನೀರಾವರಿ ಇಲಾಖೆ ವ್ಯಾಪ್ತಿಗೆ ಬರುವ ಕೆರೆಗಳು,Lakes covered by the Department of Small Irrigation in the State,ಕಾಂತರಾಜು,Kantaraju
3236,22/03/2017,ಕಂದಾಯ,Revenue,ರಾಜ್ಯದಲ್ಲಿರುವ ಸರ್ಕಾರಿ ಜಮೀನಿನ ಬಗ್ಗೆ,About government land in the state,ಕಾಂತರಾಜು,Kantaraju
3237,22/03/2017,ಸಣ್ಣ ನೀರಾವರಿ,Small irrigation,ತುಂಗಭದ್ರಾ ಜಲಾಶಯದಿಂದ ಶಾಶ್ವತ ಕುಡಿಯುವ ನೀರಿನ ಯೋಜನೆ ಬಗ್ಗೆ,About Permanent Drinking Water Project from the Tungabhadra Dam,ಕಾಂತರಾಜು,Kantaraju
3238,22/03/2017,ಅರಣ್ಯ,Forest,ಉಡುಪಿ ಮತ್ತು ದಕ್ಷಿಣ ಕನ್ನಡ ಜಿಲ್ಲೆಯ ಡೀಮ್ಟ್ ಫಾರೆಸ್ಟ್ ವಿರಹಿತಪಡಿಸುವ ಕುರಿತು,Udupi and the dismantling of Deemed Forest in Dakshina Kannada district,ಕೋಟ ಶ್ರೀನಿವಾಸ ಪೂಜಾರಿ,Kota Srinivasa Pujari
3239,22/03/2017,ಕಂದಾಯ,Revenue,ಕಂದಾಯ ಇಲಾಖೆಯಲ್ಲಿನ ಖಾಲಿ ಹುದ್ದೆ ಮತ್ತು ಹುದ್ದೆಗಳ ಭರ್ತಿಯ ಕುರಿತು,Regarding the vacancies and vacancies in the Revenue Department,ಕೋಟ ಶ್ರೀನಿವಾಸ ಪೂಜಾರಿ,Kota Srinivasa Pujari
3240,22/03/2017,ಕಂದಾಯ,Revenue,ಗ್ರಾಮ ಪಂಚಾಯತ್‌ಗಳಿಗೆ ನಿವೇಶನ ಹಸ್ತಾಂತರದಲ್ಲಿ ವಿಳಂಬವಾಗುತ್ತಿರುವ ಕುರಿತು,About delaying the transfer of land to Gram Panchayats,ಕೋಟ ಶ್ರೀನಿವಾಸ ಪೂಜಾರಿ,Kota Srinivasa Pujari
3241,22/03/2017,ಕಂದಾಯ,Revenue,"೯೪(೧೦೭೯), ೯೪(ಸಿಸಿ) ಯೋಜನೆಯಲ್ಲಿನ ವಿಳಂಬದ ಕುರಿತು","94 (1079), 94 (CC) project delay",ಕೋಟ ಶ್ರೀನಿವಾಸ ಪೂಜಾರಿ,Kota Srinivasa Pujari
3242,22/03/2017,ಕಂದಾಯ,Revenue,ಉಡುಪಿ ಮತ ದಕ್ಷಿಣ ಕನ್ನಡ ಜಿಲ್ಲೆಯಲ್ಲಿ ಕುಮ್ಕಿ ಭೂಮಿಯನ್ನು ರೈತರಿಗೆ ನೀಡುವ ಕುರಿತು,Udupi Voters talk about giving Kumki land to farmers in Dakshina Kannada district,ಕೋಟ ಶ್ರೀನಿವಾಸ ಪೂಜಾರಿ,Kota Srinivasa Pujari
3243,22/03/2017,ಅರಣ್ಯ,Forest,ಅರಣ್ಯಗಳಿಗೆ ಬೆಂಕಿ ಕಾಣಿಸಿಕೊಂಡಿರುವ ಕುರಿತು,Looking for fire in the forests,ತಾರಾಅನೂರಾಧ,Tara Anuradha
3244,22/03/2017,ಮೀನುಗಾರಿಕೆ,Fishing,ಚಿತದುರ್ಗ ತಾಲ್ಲೂಕು ಗೋನೂರು ಕೆರೆಯಲ್ಲಿ ಸಾವಿರಾರು ಮೀನುಗಳು ಸಾವನ್ನಪ್ಪಿರುವ ಕುರಿತು,Chitradurga taluk about thousands of fish killed in Gonuru lake,ತಾರಾಅನುರಾಧ,Tara Anuradha
3245,22/03/2017,ಕಾರ್ಮಿಕ,Labor,ಅಸಂಘಟಿತ ಕಾರ್ಮಿಕರ ಸವಲತ್ತುಗಳ ಕುರಿತು,About the unorganized workers' benefits,ತಾರಾಅನುರಾಧ,Tara Anuradha
3246,22/03/2017,ಮುಜರಾಯಿ ರಾಜ್ಯ,Muzirai State,ಸೊರಬ ತಾಲಲ್ಲೂಕಿನ ರೇಣುಕಾಂಬ ದೇವಸ್ಥಾನದ ಆದಾಯ,Revenue of Renukaam Temple in Sorab Taluk,ತಾರಾಅನುರಾಧ,Tara Anuradha
3247,22/03/2017,ಅರಣ್ಯ,Forest,ಜೋಯಿಡಾ ತಾಲ್ಲೂಕು ಪರಿಸರ ಸೂಕ್ಷ್ಮ ವಲಯವೆಂದು ಘೋಷಣೆ ಕುರಿತು,About the announcement of the Joyada Taluk Ecological Zone,ಘೋಟ್ನೆಕರ ಶ್ರೀಕಾಂತ ಲಕ್ಷ್ಮಣ,Ghotnekara Srikanta Lakshmana
3248,22/03/2017,ಕಂದಾಯ,Revenue,ಗಮ ಸಹಾಯಕರ ಮಾಸಿಕ ವೇತನ,Monthly Salary of Gym Assistants,ಚೌಡರೆಡ್ಡಿ ತೂಪಲ್ಲಿ .ಆರ್,Chowdareddy Tupalli R
3249,22/03/2017,ಮುಜರಾಯಿ,Muzarai,ಮುಜರಾಯೇತರ ದೇವಸ್ಥಾನಗಳ ಅಭಿವೃದ್ಧಿ,The development of non-musical temples,ಚೌಡರೆಡ್ಡಿ ತೂಪಲ್ಲಿ .ಆರ್,Chowdareddy Tupalli R
3250,22/03/2017,ಸಣ್ಣ ನೀರಾವರಿ,Small irrigation,ಎತ್ತಿನ ಹೊಳೆ ಯೋಜನೆ,Project of oxidation,ಚೌಡರೆಡ್ಡಿ ತೂಪಲ್ಲಿ .ಆರ್,Chowdareddy Tupalli R
3251,22/03/2017,ಅರಣ್ಯ,Forest,ಆನೆ ಕಾರಿಡಾರ್ ವ್ಯಾಪ್ತಿಯ Uಮಗಳು,U daughter of elephant corridor range,ಚೌಡರೆಡ್ಡಿ ತೂಪಲ್ಲಿ .ಆರ್,Chowdareddy Tupalli R
3252,22/03/2017,ಕಾರ್ಮಿಕ,Labor,ಬಾಲ ಕಾರ್ಮಿಕರ ನೇಮಕಾತಿ ವಿರುದ್ಧಕ್ರಮ,Recruitment Against Child Labor,ಧರ್ಮಸೇನ .ಆರ್,Dharmasena R
3253,22/03/2017,ಮೀನುಗಾರಿಕೆ,Fishing,ಮೀನುಗಾರಿಕಾ ಅಭಿವೃದ್ಧಿ ಯೋಜನೆಗಳು,Fisheries Development Projects,ಧರ್ಮಸೇನ .ಆರ್,Dharmasena R
3254,22/03/2017,ಕಂದಾಯ,Revenue,ಗೋಮಾಳ ಜಮೀನಿನ ರಕ್ಷಣೆ,Protection of pasture land,ಧರ್ಮಸೇನ .ಆರ್,Dharmasena R
3255,23/03/2017,ಅಬಕಾರಿ,Excise,ರಾಜ್ಯದಲ್ಲಿರುವ ಅಬಕಾರಿ ಇಲಾಖೆಗಳ ಬಗ್ಗೆ,About Excise Departments in the State,ಬೋಸರಾಜು ಎನ್.ಎಸ್,Bosaraju N S
3256,23/03/2017,ಗೃಹ,Home,ರಾಜ್ಯದಲದಲಿರುವ ಗುಪ್ತದಳವನ್ನು ಬಲಿಷ್ಟಗೊಳಿಸುವ ಕುರಿತು,About strengthening the secret within the state,ಬೋಸ್‌ರಾಜು .ಎನ್.ಎಸ್,Bosaraju N S
3257,23/03/2017,ಸಹಕಾರ,Cooperation,ರಾಜ್ಯ ಸರಕಾರ ಕೈಗೆತ್ತಿಕೊಂಡಿರು ಜನಪರ ಯೋಜನೆಗಳ ಕುರಿತು,About the people's projects taken by the state government,ಬೋಸ್‌ರಾಜು .ಎನ್.ಎಸ್,Bosaraju N S
3258,23/03/2017,ಹಜ್,Haj,ಹಜ್ ಯಾತ್ರಿಗಳ ಕುರಿತು,About Haj pilgrims,ಬೋಸ್‌ರಾಜು .ಎನ್.ಎಸ್,Bosaraju N S
3259,23/03/2017,ಗೃಹ,Home,ರಾಜ್ಯದಲ್ಲಿ ಕರ್ತವ್ಯ ನಿರ್ವಹಿಸುತ್ತಿರುವ ಪೊಲೀಸ್ ಸಿಬ್ಬಂದಿಗ ಬಗ್ಗೆ,About the police personnel who work in the state,ಬೋಸ್‌ರಾಜು .ಎನ್.ಎಸ್,Bosaraju N S
3260,23/03/2017,ವಾರ್ತಾ ಮತ್ತು ಪ್ರಚಾರ,News and promotion,ಜಾಹೀರಾತು ತೆರಿಗೆ ವಿಚಾರ,Advertising Tax Target,ಭಾನುಪ್ರಕಾಶ,Bhanu Prakasha
3261,23/03/2017,ಸಣ್ಣ ನೀರಾವರಿ,Small irrigation,ಪ್ರಾಧಿಕಾರಗಳಲ್ಲಿ ವಸೂಲಿ ಮಾಡುತ್ತಿರುವ ಕೆರೆ ಅಭಿವೃದ್ಧಿ ಸೆಸ್ ಬಗ್ಗೆ,About lake development cess in the authorities,ಭಾನುಪ್ರಕಾಶ,Bhanu Prakasha
3262,23/03/2017,ನಗರಭಿವೃದ್ಧಿ,Urban development,ಮೊಬೈಲ್ ಸೇವಾ ಕಂಪನಿಗಳು ಟವರ‍್ಗಳನ್ನು ಸ್ಥಾಪಿಸಲು ಅನುಸರಿಸುವ ಮಾರ್ಗಗಳ ಬಗ್ಗೆ,About the way mobile service companies follow towers to install towers,ಸುನಿಲ್ ಸುಬ್ರಮಣಿ .ಎಂ.ಪಿ,Sunil Subramani M P
3263,23/03/2017,ಗೃಹ,Home,ರಾಜ್ಯದ ಕಾರಾಗೃಹಗಳಲ್ಲಿರುವ ಸಿಬ್ಬಂದಿಗಳ ಕೊರತೆ ಬಗ್ಗೆ,About the lack of staff in state prisons,ಸುನೀಲ್ ಸುಬ್ರಮಣಿ .ಎಂ.ಪಿ,Sunil Subramani M P
3264,23/03/2017,ನಗರಾಭಿವೃದ್ಧಿ,Urban development,ಉದ್ಯಾನವನ ನಿರ್ಮಾಣದ ಬಗ್ಗೆ,About the construction of the park,ಸಯದ್ ಮಧೀರ್ ಆಗಾ,Syed Madir Aga
3265,23/03/2017,ನಗರಾಭಿವೃದ್ಧಿ,Urban development,ಹೊಸ ಬಡಾವಣೆಗಳ ನಿರ್ಮಾಣ ಮತ್ತು ನಿವೇಶನ ಹಂಚಿಕೆ ಬಗ್ಗೆ,About the construction of new areas and the distribution of land,ಸಯದ್ ಮಧೀರ್ ಆಗಾ,Syed Madir Aga
3266,23/03/2017,ಗೃಹ,Home,ಮೂಢನಂಬಿಕೆ ಬಗ್ಗೆ,About superstition,ಸಯದ್ ಮುಧೀರ್ ಅಗಾ,Syed Madir Aga
3267,23/03/2017,ನಗರ ಯೋಜನಾ,City planning,ಎನ್.ಯು.ಎಲ್.ಎಮ್. ಯೋಜನೆಯಲ್ಲಿ ಬೀದಿಬದಿ ವ್ಯಾಪಾರಿಗಳ ಬಗ್ಗೆ,NUML About street vendors in the project,ಸಯದ್ ಮುಧೀರ್ ಅಗಾ,Syed Madir Aga
3268,23/03/2017,ನಗರ ಯೋಜನಾ,City planning,ಬೆಂಗಳೂರು ಅಭಿವೃದ್ಧಿ ಪ್ರಾಧಿಕಾರ ಫ್ಲಾಟ್ ನಿರ್ಮಾಣದ ಬಗ್ಗೆ,Bangalore Development Authority is about flat construction,ಸೋಮಣ್ಣ .ವಿ,Somanna V
3269,23/03/2017,ಆರ್ಥಿಕ,Economy,ಕೃಷಿ ಸಾಲಗಳ ಅಸಲಿನ ಮೇಲಿನ ಬಡ್ಡಿ ಮನ್ನಾ ಬಗ್ಗೆ,About interest on the principal of agricultural loans,ಸೋಮಣ್ಣ .ವಿ,Somanna V
3270,23/03/2017,ಗೃಹ,Home,ಹಾವೇರಿ ಜಿಲ್ಲೆಯಲ್ಲಿರುವ ಪೊಲೀಸ್ ಠಾಣೆಗಳ ಬಗ್ಗೆ,About police stations in Haveri district,ಸೋಮಣ್ಣ ಮ ಬೇವಿನಮರದ,Samanna Ma Bevinamara
3271,23/03/2017,ಸಹಕಾರಿ,Cooperative,ರಾಜ್ಯದ ರೈತರು ಸಹಕಾರಿ ವಿವಿಧ ಬ್ಯಾಂಕ್ಗಳಿಂದ ಪಡೆದ ಸಾಲದ ಬಗ್ಗೆ,State Farmers Cooperative Debt from various banks,ಸೋಮಣ್ಣ ಮ ಬೇವಿನಮರದ,Samanna Ma Bevinamara
3272,23/03/2017,ನಗರ ಯೋಜನಾ,City planning,ನಗರತ್ಥಾನ ಯೋಜನೆಯ ಬಗ್ಗೆ,About the Urban Project,ಸೋಮಣ್ಣ ಮ ಬೇವಿನಮರದ,Samanna Ma Bevinamara
3273,23/03/2017,ಹಜ್,Haj,ಹಾವೇರಿ ನಗರದಲ್ಲಿ ೨೦೧೬-೧೭ರಲ್ಲಿ ಎಸ್.ಸಿ.ಪಿ./ಟಿ.ಎಸ್.ಪಿ. ಬಗ್ಗೆ,2016-17 in Haveri City SCP / TSP About,ಸೋಮಣ್ಣ ಮ ಬೇವಿನಮರದ,Samanna Ma Bevinamara
3274,23/03/2017,ಸಹಕಾರಿ,Cooperative,ಹಾವೇರಿ ಜಿಲ್ಲೆಯಲ್ಲಿರುವ ಹಾಲು ಉತ್ಪಾದಕರ ಸಹಕಾರಿ ಸಂಘಗಳ ಬಗ್ಗೆ,About Milk Producers Cooperative Societies in Haveri District,ಸೋಮಣ್ಣ ಮ ಬೇವಿನಮರದ,Samanna Ma Bevinamara
3275,23/03/2017,ನಗರ ಯೋಜನಾ,City planning,ಖಾಸಗಿ ವಾಣಿಜ್ಯ ಸಂಕೀರ್ಣಗಳ ಕುರಿತು,About private commerce complexes,ನಾರಾಯಣಸ್ವಾಮಿ .ಎಂ,Narayanaswamy M
3276,23/03/2017,ಗೃಹ,Home,ಹುಕ್ಕಾ ಬಾರ‍್ಗಳ ಕುರಿತು,About Hookah Bars,ನಾರಾಯಣಸ್ವಾಮಿ .ಎಂ,Narayanaswamy M
3277,23/03/2017,ಸಿಬ್ಬಂದಿ ಮತ್ತು ಆಡಳಿತ ಸುಧಾರಣೆ,Staff and administrative reform,ಸರ್ಕಾರಿ ನೌಕರರಿಗೆ ಕಂಪ್ಯೂಟರ್ ಸಾಕ್ಷರತಾ ಪರೀಕ್ಷೆ ಕುರಿತು,About Computer Literacy Testing for Government Employees,ನಾರಾಯಣಸ್ವಾಮಿ .ಕೆ.ವಿ,Narayanaswamy K V
3278,23/03/2017,ಆರ್ಥಿಕ,Economy,ಸಹಕಾರಿ ಸಂಘಗಳ ಮಾಹಿತಿಯನ್ನು ಷೇರುದಾರರು ಪಡೆಯುವ ಕುರಿತು,Shareholders get information about cooperative societies,ನಾರಾಯಣಸ್ವಾಮಿ .ಕೆ.ವಿ,Narayanaswamy K V
3279,23/03/2017,ನಗರ ಯೋಜನಾ,City planning,ಬೃಹತ್ ಬೆಂಗಳೂರು ಮಹಾನಗರ ಪಾಲಿಕೆಯಲ್ಲಿ ಸಿಬ್ಬಂದಿಯ ಕೊರತೆ,Lack of staff in large Bangalore metropolitan corporation,ನಾರಾಯಣಸ್ವಾಮಿ .ಕೆ.ವಿ,Narayanaswamy K V
3280,23/03/2017,ನಗರಭಿವೃದ್ಧಿ,Urban development,ಮೈಸೂರು ಮಾಲ್‌ನಿಂದ ತೆರಿಗೆ ವಂಚನೆ,Tax fraud from Mysore mall,ನಾಗರಾಜ್ .ಎಸ್,Nagaraja S
3281,23/03/2017,ನಗರಭಿವೃದ್ಧಿ,Urban development,ಮೃಸೂರು ನಗರದಲ್ಲಿ ಹೆಚ್ಚುವರಿ ತ್ಯಾಜ್ಯ ನಿರ್ವಹಣಾ ಘಟಕ ಸ್ಥಾಪನೆ,Establishment of additional waste management unit in Mrs.,ನಾಗರಾಜ್ .ಎಸ್,Nagaraja S
3282,23/03/2017,ಸಿಬ್ಬಂದಿ ಮತ್ತು ಆಡಳಿತ ಸುಧಾರಣೆ,Staff and administrative reform,ಖಾಲಿ ಇರುವ ಹುದ್ದೆಗಳ ಬಗ್ಗೆ,About vacant posts,ನಿರಾಣಿ ಹಣಮಂತ್ ರುದ್ರಪ್ಪ,Nirani Hanumanth Rudrappa
3283,23/03/2017,ಸಿಬ್ಬಂದಿ ಮತ್ತು ಆಡಳಿತ ಸುಧಾರಣೆ,Staff and administrative reform,ರಾಜ್ಯದಲ್ಲಿ ನಿರುದ್ಯೋಗಿಗಳ ಸಂಖ್ಯೆ ಹೆಚ್ಚುತಿರುವ ಬಗ್ಗೆ,About the number of unemployed in the state,ನಿರಾಣಿ ಹಣಮಂತ್ ರುದ್ರಪ್ಪ,Nirani Hanumanth Rudrappa
3284,23/03/2017,ಗೃಹ,Home,ಸಿಯಚಿನ್ ಯುದ್ಧ ಬೋಮಿಯಲ್ಲಿ ಮೃತಪಟ್ಟ ಯೋಧರ ಕುರಿತು,About the warriors who died in the Battle of Siachine,ಪ್ರದೀಪ್ ಶೆಟ್ಟರ್,Pradeep Shettar
3285,23/03/2017,ಗೃಹ,Home,ಪೊಲೀಸರಿಗೆ ನೀಡುತ್ತಿರುವ ವಾರದ ರಜೆ ಕುರಿತು,About the weekly leave offered to the police,ಪ್ರದೀಪ್ ಶೆಟ್ಟರ್,Pradeep Shettar
3286,23/03/2017,ಗೃಹ,Home,ಪೊಲೀಸರಿಗೆ ನೀಡುತ್ತಿರುವ ವಾರದ ರಜೆ ಕುರಿತು,About the weekly leave offered to the police,ಪ್ರದೀಪ್ ಶೆಟ್ಟರ್,Pradeep Shettar
3287,23/03/2017,ಸಹಕಾರ,Cooperation,ವ್ಯವಸಾಯ ಸಹಕಾರ ಸಂಘಗಳ ಕುರಿತು,About Agriculture Co-operative Societies,ಪ್ರದೀಪ್ ಶೆಟ್ಟರ್,Pradeep Shettar
3288,23/03/2017,ಸಹಕಾರಿ,Cooperative,ವ್ಯವಸಾಯ ಸಹಕಾರ ಸಂಘಗಳ ಕುರಿತು,About Agriculture Co-operative Societies,ಪ್ರದೀಪ್ ಶೆಟ್ಟರ್,Pradeep Shettar
3289,23/03/2017,ಅಬಕಾರಿ,Excuse,ಅಬಕಾರಿ ಮೂಲಗಳ ಕುರಿತು,About excise sources,ಪ್ರದೀಪ್ ಶೆಟ್ಟರ್,Pradeep Shettar
3290,23/03/2017,ಕೃಷಿ,Agriculture,ರೈತ ಆರೋಗ್ಯ ರಕ್ಷಣಾ ಯೋಜನೆ ಕುರಿತು,About the farmer's health care plan,ಪ್ರದೀಪ್ ಶೆಟ್ಟರ್,Pradeep Shettar
3291,23/03/2017,ಗೃಹ,Home,ರಾಜ್ಯದಲ್ಲಿ ಕರ್ತವ ನಿರ್ವಹಿಸುತ್ತಿರುವ ಹೋಂಗಾರ್ಡ್‌ಗಳ ಕುರಿತು,About the homings that the Lord maintains in the state,ಪ್ರತಾಪಚಂದ್ರ ಶೆಟ್ಟಿ .ಕೆ,Pratapachandra Shetty K
3292,23/03/2017,ನಗರ ಯೋಜನಾ,City planning,ಬೃಹತ್ ಬೆಂಗಳೂರು ಮಹಾನಗರ ಪಾಲಿಕೆ ವ್ಯಾಪ್ತಿಯಲ್ಲಿನ ಬಹುಮಹಡಿ ಕಟ್ಟಡಗಳ ಗುಣಮಟ್ಟ ನಿಯಂತ್ರಣದ ಕುರಿತು,About the quality control of multi-storey buildings in the huge Bangalore Metropolitan Area,ಪ್ರತಾಪಚಂದ್ರ ಶೆಟ್ಟಿ .ಕೆ,Pratapachandra Shetty K
3293,23/03/2017,ಆರ್ಥಿಕ,Economy,ದಕ್ಷಿಣ ಕನ್ನಡ ಮತ್ತು ಉಡುಪಿ ಜಿಲ್ಲೆಗಳಲ್ಲಿ ಆರ್ಥಿಕ ಅಪರಾಧದಡಿ ಪ್ರಕರಣ ಎದುರಿಸುತ್ತಿರುವ ಸಹಕಾರಿ ಹಾಗೂ ಅಧಿಕಾರಿಗಳ ಕುರಿತು,About Co-operatives and Officers facing Case Under Economic Crimes in Dakshina Kannada and Udupi Districts,ಪ್ರತಾಪಚಂದ್ರ ಶೆಟ್ಟಿ. .ಕೆ,Pratapachandra Shetty K
3294,23/03/2017,ಸಿಬ್ಬಂದಿ ಮತ್ತು ಆಡಳಿತ ಸುಧಾರಣೆ,Staff and administrative reform,ರಾಜ್ಯದಲ್ಲಿ ಕಾರ್ಯನಿರ್ವಹಿಸುತ್ತಿರುವ ಅಬಕಾರಿ ಇಲಾಖಾ ಕಛೇರಿಗಳ ಕುರಿತು,About Excise Department Offices in the State,ಪ್ರತಾಪಚಂದ್ರ ಶೆಟ್ಟಿ. .ಕೆ,Pratapachandra Shetty K
3295,23/03/2017,ನಗರ ಯೋಜನಾ,City planning,ಬಿ.ಬಿ.ಎಂ.ಪಿ. ವ್ಯಾಪ್ತಿಯಲ್ಲಿ ನೀಡಲಾಗುತ್ತಿರುವ ಪಿ.ಐ.ಡಿ. ಸಂಖ್ಯೆಯ ಕುರಿತು,BBMP PID is being offered in the range. About the number,ಪ್ರತಾಪಚಂದ್ರ ಶೆಟ್ಟಿ. .ಕೆ,Pratapachandra Shetty K
3296,23/03/2017,ಸಿಬ್ಬಂದಿ ಮತ್ತು ಆಡಳಿತ ಸುಧಾರಣೆ,Staff and administrative reform,ವಿವಿಧ ಇಲಾಖೆಗಳ ಜಾಲತಾಣಗಳ ಬಗ್ಗೆ,About the various departments of websites,ಪುಟ್ಟಸ್ವಾಮಿ .ಬಿ.ಜೆ,Puttaswamy B J
3297,23/03/2017,ನಗರ ಯೋಜನಾ,City planning,ಬಿ.ಬಿ.ಎಂ.ಪಿ. ವ್ಯಾಪ್ತಿಯಲ್ಲಿರುವ ಉದ್ಯಾನವನಗಳ ಬಗ್ಗೆ,BBMP About parks in range,ಪುಟ್ಟಸ್ವಾಮಿ .ಬಿ.ಜೆ,Puttaswamy B J
3298,23/03/2017,ನಗರ ಯೋಜನಾ,City planning,ಒಳಚರಂಡಿಯಿಂದ ಬರುವ ನೀರಿನ ಸಂಸ್ಕರಣೆಯ ಬಗ್ಗೆ,About water treatment from the drainage,ಪುಟ್ಟಸ್ವಾಮಿ .ಬಿ.ಜೆ,Puttaswamy B J
3299,23/03/2017,ಸಿಬ್ಬಂದಿ ಮತ್ತು ಆಡಳಿತ ಸುಧಾರಣೆ,Staff and administrative reform,ಸ್ಥಳೀಯ ಸಂಸ್ಥೆಗಳಿಂದ ಚುನಾಯಿತರಾದ ವಿಧಾನ ಪರಿಷತ್ ಸದಸ್ಯರಿಗೆ ಫಲಾನುಭವಿಗಳ ಆಯ್ಕೆ ಮತ್ತು ಅನುದಾನ ನೀಡುವ ಬಗ್ಗೆ,The selection and grant of beneficiaries to the Legislative Council members elected by local bodies,ಪಾಟೀಲ್ .ಬಿ.ಜಿ,Patil B G
3300,23/03/2017,ಆರ್ಥಿಕ,Economy,ಕಲಬುರ್ಗಿ ಮತ್ತು ಯಾದಗಿರಿ ಜಿಲ್ಲೆಗಳಿಗೆ ೨೦೧೩ ರಿಂದ ೨೦೧೬ ರವರೆಗೆ ನೀಡಿದ ಅನುದಾನದ ಬಗ್ಗೆ,Grants for Kaluburgi and Yadgir Districts from 2013 to 2016,ಪಾಟೀಲ್ .ಬಿ.ಜಿ,Patil B G
3301,23/03/2017,ಗೃಹ,Home,ವಿದ್ಯಾರ್ಥಿನಿಯರನ್ನು ಚುಡಾಯಿಸುವ ಪ್ರಕರಣದ ಬಗ್ಗೆ,Regarding the case of girls being trapped,ಶರವಣ .ಟಿ.ಎ,Sharavana T A
3302,23/03/2017,ಗೃಹ,Home,ಬೆಂಗಳೂರು ನಗರದಲ್ಲಿ ಮಾದಕವಸ್ತು ಮಾರಾಟವಾಗುತ್ತಿರುವ ಬಗ್ಗೆ,About sale of drugs in Bangalore,ಶರವಣ .ಟಿ.ಎ,Sharavana T A
3303,23/03/2017,ಸಿಬ್ಬಂದಿ ಮತ್ತು ಆಡಳಿತ ಸುಧಾರಣೆ,Staff and administrative reform,ಅಬಕಾರಿ ರಕ್ಷಕರಿಂದ ಉಪ ನಿರೀಕ್ಷಕರಿಗೆ ಬಡ್ತಿ ಕುರಿತು,About promotions for supervisors by excise guardians,ವೀರಯ್ಯ .ಡಿ.ಎಸ್,Veerayya D S
3304,23/03/2017,ಗೃಹ,Home,ಬೆಂಗಳೂರು ನಗರದಲ್ಲಿ ಹೆಚ್ಚುತಿರುವ ಅಪರಾಧಗಳ ಬಗ್ಗೆ,Bangalore is the worst crime case in the city,ವೀರಯ್ಯ .ಡಿ.ಎಸ್,Veerayya D S
3305,23/03/2017,ನಗರ ಯೋಜನಾ,City planning,ಬೆಂಗಳೂರು ಅಭಿವೃದ್ಧಿ ಪ್ರಾಧಿಕಾರದ ವತಿಯಿಂದ ಕೆಂಪೇಗೌಡ ಬಡಾವಣೆಗೆ ಜಮೀನು ಕುರಿತು,About Land for Kempegowda Layout by Bangalore Development Authority,ವೀರಯ್ಯ .ಡಿ.ಎಸ್,Veerayya D S
3306,23/03/2017,ಗೃಹ,Home,ರಾಜ್ಯದಲ್ಲಿ ಪೊಲೀಸ್ ಇಲಾಖೆಯ ಹುದ್ದೆಗಳನ್ನು ತುಂಬುವ ಕುರಿತು,About filling up the police department posts in the state,ವೀಣಾ ಅಚ್ಚಯ್ಯ .ಎಸ್,Veena achchaiah S
3307,23/03/2017,ನಗರ ಯೋಜನಾ,City planning,ಬೆಂಗಳೂರು ಮೆಟ್ರೋ ರೈಲುಗಳಲ್ಲಿ ಪ್ರಯಾಣಿಕರ ದಟ್ಟಣೆ ಕುರಿತು,About passenger traffic in Bangalore Metro trains,ವೀಣಾ ಅಚ್ಚಯ್ಯ .ಎಸ್,Veena achchaiah S
3308,23/03/2017,ನಗರಾಭಿವೃದ್ಧಿ,Urban development,೨೦೧೫-೨೦೧೬ ಮತ್ತು ೨೦೧೬-೨೦೧೭ನೇ ಸಾಲಿನಲ್ಲಿ ಬೀದರ್ ಜಿಲ್ಲೆಯಲ್ಲಿ ಕೈಗೊಂಡ ಕಾಮಗಾರಿಗಳ ಬಗ್ಗೆ,About works carried out in Bidar district on 2015-2016 and 2016-2017,ವಿಜಯ ಸಿಂಗ್,Vijay Singh
3309,23/03/2017,ಗೃಹ,Home,ಬೀದರ್ ಜಲ್ಲೆಯ ಗೃಹ ಇಲಾಖೆ ಬಗ್ಗೆ,About the Department of Home Affairs in Bidar,ವಿಜಯ ಸಿಂಗ್,Vijay Singh
3310,23/03/2017,ಸಹಕಾರಿ,Cooperative,೨೦೧೫-೨೦೧೬ನೇ ಸಾಲಿನ ಸಹಕಾರಿ ಸಂಘಗಳ ಬಗ್ಗೆ,About Co-operative Societies for 2015-2016,ವಿಜಯ ಸಿಂಗ್,Vijay Singh
3311,23/03/2017,ಗೃಹ,Home,ಜಿಲ್ಲಾಧಿಕಾರಿಗಳ ಅಛೇರಿಯಿಂದ ಆಯುಧ ಲೈಸೆನ್ಸ್ ನೀಡಲು ವಿಳಂಬವಾಗುತ್ತಿರುವ ಬಗ್ಗೆ,About delaying the issuance of a weapon license from the Deputy Commissioner's office,ಬಸನಗೌಡ ಆರ್ ಪಾಟೀಲ್,Basanagowda R Patil
3312,23/03/2017,ಸಿಬ್ಬಂದಿ ಮತ್ತು ಆಡಳಿತ ಸುಧಾರಣೆ,Staff and administrative reform,ಕರ್ನಾಟಕ ಲೋಕಾಯುಕ್ತದಲ್ಲಿ ಬಾಕಿ ಇರುವ ಪ್ರಕರಣಗಳ ಬಗ್ಗೆ,About the pending cases in the Karnataka Lokayukta,ಬಸನಗೌಡ ಆರ್ ಪಾಟೀಲ್,Basanagowda R Patil
3313,23/03/2017,ನಗರ ಯೋಜನೆ,City planning,ಸರ್ಕಾರಿ ಜಾಗವನ್ನು ಖಾಸಗಿಯವರಿಗೆ ಮಾರಾಟ ಮಾಡಿರುವ ಬಗ್ಗೆ,About selling government space to private people,ಬಸನಗೌಡ ಆರ್ ಪಾಟೀಲ್,Basanagowda R Patil
3314,23/03/2017,ನಗರ ಯೋಜನಾ,City planning,ವಸತಿ ಸಂಕೀರ್ಣಗಳಲ್ಲಿ ಎಸ್ಟಿಪಿ ಘಟಕ ಕಡ್ಡಾಯಗೊಳಿಸುವ ಬಗ್ಗೆ,About STP unit mandatory in residential complexes,ಬಸವರಾಜ ಶಿವಲಿಂಗಪ್ಪ ಹೊರಟ್ಟಿ,Basavaraja Shivalingappa Horatti
3315,23/03/2017,ನಗರ ಯೋಜನಾ,City planning,ಕಾಕ್ಸ್‌ಟೌನ್‌ನಲ್ಲಿರುವ ಜಿಮ್‌ಖಾನ ಕ್ಲಬ್‌ನ ಜಾಗವನ್ನು ಅತಿಕ್ರಮಿಸಿಕೊಂಡಿರುವ ಬಗ್ಗೆ,Concerned over the gymkhana club's space in Kaxtown,ಬಸವರಾಜ ಶಿವಲಿಂಗಪ್ಪ ಹೊರಟ್ಟಿ,Basavaraja Shivalingappa Horatti
3316,23/03/2017,ಶಿಕ್ಷಣ,Education,ಐ.ಟಿ.ಐ ಕಾಲೇಜುಗಳ ಬಗ್ಗೆ,About ITI Colleges,ಬಸವರಾಜ ಪಾಟೀಲ್ ಇಟಗಿ,Basavaraja Patil Itagi
3317,23/03/2017,ನಗರ ಯೋಜನಾ,City planning,ಬೆಂಗಳೂರು ನಗರದಲ್ಲಿರುವ ಪ್ಲೈಓವರ‍್ಗಳ ಮಾಹಿತಿ ಬಗ್ಗೆ,About information on flyovers in Bangalore city,ಲಹರ್ ಸಿಂಗ ಸಿರೋಯಾ,Lahar Singh Siroya
3318,23/03/2017,ಸಿಬ್ಬಂದಿ ಮತ್ತು ಆಡಳಿತ ಸುಧಾರಣೆ,Staff and administrative reform,ವಿಧಾನಸೌಧವನ್ನು ಪ್ರವಾಸಿ ತಾಣವೆಂದು ವರ್ಗೀಕರಿಸಿದ ಮಾಹಿತಿ ಬಗ್ಗೆ,The information system is classified as a tourist destination,ಲಹರ್ ಸಿಂಗ್ ಸಿರೋಯಾ,Lahar Singh Siroya
3319,23/03/2017,ಸಿಬ್ಬಂದಿ ಮತ್ತು ಆಡಳಿತ ಸುಧಾರಣೆ,Staff and administrative reform,ರಾಜ್ಯದಲ್ಲಿ ಕರ್ಯನಿರ್ವಹಿಸುತ್ತಿರುವ ವೈನರಿಗಳ ಮಾಹಿತಿ ಬಗ್ಗೆ,About the information of Wineries operating in the state,ಲಹರ್ ಸಿಂಗ್ ಸಿರೋಯಾ,Lahar Singh Siroya
3320,23/03/2017,ನಗರ ಯೋಜನಾ,City planning,ಬೆಂಗಳೂರು ನಗರದ ನೇಕಾರರಿಗೆ ರೂಪಿಸಲಾಗಿರುವ ಯೋಜನೆಗಳ ಬಗ್ಗೆ,About projects designed for weavers of Bangalore city,ಲಕ್ಷ್ಮೀನಾರಾಯಣ .ಎಂ.ಡಿ,Lakshmi Narayana MD
3321,23/03/2017,ನಗರ ಯೋಜನಾ,City planning,ಬೆಂಗಳೂರು ನಗರದ ನೇಕಾರರಿಗೆ ರೂಪಿಸಲಾಗಿರುವ ಯೋಜನೆಗಳ ಬಗ್ಗೆ,About projects designed for weavers of Bangalore city,ಲಕ್ಷ್ಮೀನಾರಾಯಣ .ಎಂ.ಡಿ,Lakshmi Narayana MD
3322,23/03/2017,ಗೃಹ,Home,ತುಮಕೂರು ಜಿಲ್ಲೆಯಲ್ಲಿನ ಕಳ್ಳತನ ಪ್ರಕರಣಗಳ ಬಗ್ಗೆ,About theft cases in Tumkur district,ಲಕ್ಷ್ಮೀನಾರಾಯಣ .ಎಂ.ಡಿ,Lakshmi Narayana MD
3323,23/03/2017,ಗೃಹ,Home,ತುಮಕೂರು ಜಿಲ್ಲೆಯಲ್ಲಿನ ಕಳ್ಳತನ ಪ್ರಕರಣಗಳ ಬಗ್ಗೆ,About theft cases in Tumkur district,ಲಕ್ಷ್ಮೀನಾರಾಯಣ .ಎಂ.ಡಿ,Lakshmi Narayana MD
3324,23/03/2017,ಗೃಹ,Home,ತುಮಕೂರು ಜಿಲ್ಲೆಯಲ್ಲಿರುವ ಪೊಲೀಸ್ ವಸತಿ ಗೃಹಗಳ ದುರಸ್ತಿ ಬಗ್ಗೆ,About repair of police housing in Tumkur district,ಲಕ್ಷ್ಮೀನಾರಾಯಣ .ಎಂ.ಡಿ,Lakshmi Narayana MD
3325,23/03/2017,ಗೃಹ,Home,ತುಮಕೂರು ಜಿಲ್ಲೆಯಲ್ಲಿರುವ ಪೊಲೀಸ್ ವಸತಿ ಗೃಹಗಳ ದುರಸ್ತಿ ಬಗ್ಗೆ,About repair of police housing in Tumkur district,ಲಕ್ಷ್ಮೀನಾರಾಯಣ .ಎಂ.ಡಿ,Lakshmi Narayana MD
3326,23/03/2017,ನಗರ ಯೋಜನಾ,City planning,ಬೆಂಗಳೂರು ನಗರದ ಉದ್ಯಾನವನಗಳು,Bangalore City Parks,ಲಕ್ಷ್ಮೀನಾರಾಯಣ .ಎಂ.ಡಿ,Lakshmi Narayana MD
3327,23/03/2017,ಆರ್ಥಿಕ,Economy,ರಾಜ್ಯ ಬಡನೇಕಾರರಿಗೆ ಕೌಶಲ್ಯ ಅಭಿವೃದ್ಧಿ ಉದ್ಯಮ ನೀಡುವ ಬಗ್ಗೆ,About providing skill development industry to state poor people,ಲಕ್ಷ್ಮೀನಾರಾಯಣ .ಎಂ.ಡಿ,Lakshmi Narayana MD
3328,23/03/2017,ಸಿಬ್ಬಂದಿ ಮತ್ತು ಆಡಳಿತ ಸುಧಾರಣೆ,Staff and administrative reform,ವಿಧಾನಸೌಧದ ಕ್ಯಾಂಟೀನ್ ಮೇಲ್ದರ್ಜೆಗೇರಿಸುವ ಬಗ್ಗೆ,About upgrading the canteen of the mosque,ಶ್ರೀಕಂಠೇಗೌಡ .ಕೆ.ಟಿ,Srikantegowda KT
3329,23/03/2017,ವಸತಿ,Housing,ಕರ್ನಾಟಕ ವಿಧಾನಮಂಡಲ ನೌಕರರ ಗೃಹ ನಿರ್ಮಾಣ ಸಂಘದ ನಿವೇಶನ ಹಂಚಿಕೆ ಬಗ್ಗೆ,About the allocation of land of the Karnataka Legislative Employees Home Construction Association,ಶ್ರೀಕಂಠೇಗೌಡ .ಕೆ.ಟಿ,Srikantegowda KT
3330,23/03/2017,ಗೃಹ,Home,ನಶಿಸುತ್ತಿರುವ ಸಮುದ್ರ ಬಾಳೆ ಬಗ್ಗೆ,About the deteriorating sea banana,ಮಾನೆ ಶ್ರೀನಿವಾಸ್,Mane Srinivas
3331,23/03/2017,ಗೃಹ,Home,ಚಾರ್ಜ್‌ಶೀಟ್ ಹಾಕದೆ ೧ ವರ್ಷ ಕಳೆದ ಎಸಿಬಿ ಬಗ್ಗೆ,About 1 year ACB without charge sheet,ಮಾನೆ ಶ್ರೀನಿವಾಸ್,Mane Srinivas
3332,23/03/2017,ಗೃಹ,Home,ಗೃಹ ಇಲಾಖೆಯಲ್ಲಿ ಪರಿಶಿಷ್ಠ ಜಾತಿ/ ಪರಿಶಿಷ್ಠ ಪಂಗಡಕ್ಕೆ ಸೇರಿದ ಪೊಲೀಸ್ ಇನ್ಸ್‌ಪೆಕ್ಟ್‌ರ್ ಮತ್ತು ಡಿ.ವೈ.ಎಸ್.ಪಿ. ಗಳ ಬಗ್ಗೆ,"In the Home Department, a special caste / subcommittee of police inspector and DYSP. About",ಮೋಟಮ್ಮ,Motamma
3333,23/03/2017,ಸಿಬ್ಬಂದಿ ಮತ್ತು ಆಡಳಿತ ಸುಧಾರಣೆ,Staff and administrative reform,ಸಚಿವಾಲಯದ ಇಲಾಖೆಗಳಲ್ಲಿ ಕಡತಗಳ ವಿಲೇವಾರಿಯ ಬಗ್ಗೆ,About the disposal of files in the Ministry's Departments,ಮೋಟಮ್ಮ,Motamma
3334,23/03/2017,ಸಹಕಾರ,Cooperation,ರಾಜ್ಯದಲ್ಲಿರುವ ರೈತರು ಸಹಕಾರ ಸಂಘಗಳಿಂದ ಮತ್ತು ಬ್ಯಾಂಕ್‌ಗಳಿಂದ ಪಡೆಯುವ ಸಾಲದ ಬಗ್ಗೆ,Farmers in the State are concerned about loans from co-operative societies and banks,ಮೋಟಮ್ಮ,Motamma
3335,23/03/2017,ಆರ್ಥಿಕ,Economy,ರಾಜ್ಯದಲ್ಲಿ ಇತ್ತೀಚೆಗೆ ನಡೆದಿರುವ ಆದಾಯ ತೆರಿಗೆ ಇಲಾಖೆಯ ದಾಳಿಗಳ ಬಗ್ಗೆ,About the recent IT tax attacks in the state,ಮೋಟಮ್ಮ,Motamma
3336,23/03/2017,ಆರ್ಥಿಕ,Economy,ಕರ್ನಾಟಕ ರಾಜ್ಯ ಹಣಕಾಸು ಸಂಸ್ಥೆಯಿಂದ ಪರಿಶಿಷ್ಠ ಜಾತಿ / ಪರಿಶಿಷ್ಠ ಪಂಗಡ ವರ್ಗದ ಉದ್ದಿಮೆ ದಾರರ ಬಗ್ಗೆ,About Scheduled Caste / Scheduled Tribe Entrepreneurs from Karnataka State Financial Institution,ಮೋಟಮ್ಮ,Motamma
3337,23/03/2017,ಸಾರ್ವಜನಿಕ ಸಂಬಂಧ,Public relations,"ಹೈದ್ರಾಬಾದ್-ಕರ್ನಾಟಕ ಭಾಗದಲ್ಲಿ ""ಉದ್ಯೋಗ ವಿನಿಮಯ ಕೇಂದ್ರ"" ನೋದಾವಣಿಯಾದ ಪದವೀಧರರ ಬಗ್ಗೆ","About the graduate graduates of the ""Employment Exchange"" in Hyderabad-Karnataka",ಅಮರನಾಥ ಪಾಟೀಲ್,Amaranatha Patil
3338,23/03/2017,ಸರಿಗೆ,The cargo,ಚಾಲಕರಲ್ಲಿ ಪಥ ಚಾಲನೆ ಶಿಸ್ತನ್ನು ಮೂಡಿಸುವ ಕುರಿತು,About driving a trail driver on the driver,ಜಯಮಾಲ ರಾಮಚಂದ್ರ,Jayamala Ramachandra
3339,23/03/2017,ಗೃಹ,Home,ರಾಜ್ಯದಲ್ಲಿ ಬಿಟ್ ಕಾಯಿನ್ ದಂಧೆ ಹೆಚ್ಚುತ್ತಿರುವ ಕುರಿತು ಹಾಗೂ ಇದನ್ನು ತಡೆಗಟ್ಟಲು ತೆಗೆದುಕೊಂಡಿರುವ ಕ್ರಮ ಕುರಿತು,Regarding the rise of bit coin in the state and the action taken to prevent this,ರಾಮಚಂದ್ರಗೌಡ,Ramachandra Gowda
3340,23/03/2017,ನಗರ ಯೋಜನಾ,City planning,ಬೆಂಗಳೂರು ಬಸವೇಶ್ವರ ವೃತ್ತದಿಂದ ಹೆಬ್ಬಾಳದ ಮೇಲ್ಸೇತುವೆವರೆಗೆ ಉಕ್ಕಿನ ಸೇತುವೆ ನಿರ್ಮಿಸುವ ಯೋಜನೆ ಕೈಬಿಟ್ಟಿರುವ ಕುರಿತು,About dropping plans to build a steel bridge from Bangalore Basaveshwara Circle to Hebbal,ರಾಮಚಂದ್ರಗೌಡ,Ramachandra Gowda
3341,23/03/2017,ಆರ್ಥಿಕ,Economy,ರಾಜ್ಯದ ಮೇಲಿನ ಸಾಲದ ಹೊರೆ ಹೆಚ್ಚಾಗುತ್ತಿರುವ ಕುರಿತು ಹಾಗೂ ಗ್ರೋಸ್ ಸ್ಟೇಟ್ ಡೊಮೆಸ್ಟಿಕ್ ಪ್ರೋಡಕ್ಟ್ ಬೆಳವಣಿಗೆಯು ಕುಂಠಿತವಾಗುತ್ತಿರುವ ಕುರಿತು,Concerns about growing state debt debt and Gross State Domestic Product growth stagnation,ರಾಮಚಂದ್ರಗೌಡ,Ramachandra Gowda
3342,23/03/2017,ನಗರ ಯೋಜನಾ,City planning,ಬಿಡಿಎ ನಿರ್ಮಾಣದ ಅರ್ಕಾವತಿ ಬಡಾವಣೆ (ರಾಚೇನಹಳ್ಳಿ)ಯಲ್ಲಿ ಮೂಲಭೂತ ಸೌಕರ್ಯಗಳ ಕೊರತೆ ಬಗ್ಗೆ,The lack of infrastructure in the BDA-built Arkavati Layout (Rachenahalli),ರಾಮಚಂದ್ರಗೌಡ,Ramachandra Gowda
3343,23/03/2017,ವಾರ್ತಾ ಮತ್ತು ಪ್ರಚಾರ,News and promotion,ನಾಗರಿಕ ಸ್ನೇಹಿ ಇ-ಆಡಳಿತ ಮತ್ತು ವೆಬ್‌ಸೈಟ್ ನಿರ್ವಹಣೆ ಕುರಿತು,About civilian friendly e-governance and website management,ರಮೇಶ್ ಬಾಬು,Ramesha Babu
3344,23/03/2017,ಗೃಹ,Home,ರಾಜ್ಯದಲ್ಲಿ ಲೈಂಗಿಕ ದೌರ್ಜನ್ಯ ಮೊಕದ್ದಮೆ ದಾಖಲಾಗಿರುವ ಬಗ್ಗೆ,Sexual harassment lawsuit filed in the state,ರವಣ್ಣ .ಹೆಚ್.ಎಂ,Revanna H M
3345,23/03/2017,ಗೃಹ,Home,"ರಾಜ್ಯದಲ್ಲಿ ಹೆಚ್ಚುತಿರುವ ಮಹಿಳೆ, ಮಕ್ಕಳು ಮೇಲಿನ ಲೈಂಗಿಕ ಪ್ರಕರಣಗಳ ಬಗ್ಗೆ",A woman who is more in the state and children about the upper sex cases,ರಘುನಾಥ ರಾವ್ ಮಲ್ಕಾಪೂರೆ,Raghunath Rao Malkapore
3346,23/03/2017,ಹಜ್,Haj,ಸಿ.ಎ. ಸೈಟುಗಳ ಹಂಚಿಕೆ,CA Sharing of Sites,ರಘುನಾಥ ರಾವ್ ಮಲ್ಕಾಪೂರೆ,Raghunath Rao Malkapore
3347,23/03/2017,ಗೃಹ,Home,ಹೈದ್ರಾಬಾದ್-ಕರ್ನಾಟಕದಲ್ಲಿ ಜಾತಿ ನಿಂದನೆ ದಾಖಲಾಗಿರುವ ಮೊಕದ್ದಮೆಗಳ ಬಗ್ಗೆ,About the lawsuits filed against caste in Hyderabad-Karnataka,ರೇವಣ್ಣ .ಹೆಚ್.ಎಂ,Revanna H M
3348,23/03/2017,ನಗರ ಯೋಜನಾ,City planning,"ಬೆಂಗಳೂರು ನಗರದ ಮಾಗಡಿ ರಸ್ತೆ, ಕರ್ನಾಟಕ ಹೌಸಿಂಗ್ ಬೋರ್ಡ್ ಹತ್ತಿರ ಕೆಳಸೇತುವೆ ಬಗ್ಗೆ","Bangalore City Magadi Road, near the Karnataka Housing Board",ರೇವಣ್ಣ .ಹೆಚ್.ಎಂ,Revanna H M
3349,23/03/2017,ಸಹಕಾರ,Cooperation,ರಾಜ್ಯದಲ್ಲಿರುವ ನೋಂದಾಯಿತ ಗೃಹ ನಿರ್ಮಾಣ ಸಹಕಾರ ಸಂಘಗಳ ಬಗ್ಗೆ,Registered Home Construction Cooperative Societies in the State,ರೇವಣ್ಣ .ಹೆಚ್.ಎಂ,Revanna H M
3350,23/03/2017,ನಗರ ಯೋಜನಾ,City planning,ನಮ್ಮ ಮೆಟ್ರೊ ಯೋಜನೆಯನ್ನು ಮಾಗಡಿ ರಸ್ತೆ ಯಿಂದ ತಾವರೆಕೆರೆಗೆ ವಿಸ್ತರಿಸುವ ಬಗ್ಗೆ,About expanding our Metro project from Magadi Road to Thavakere,ರೇವಣ್ಣ .ಹೆಚ್.ಎಂ,Revanna H M
3351,23/03/2017,ಗೃಹ,Home,ಮಕ್ಕಳ ಮೇಲಿನ ಲೈಂಗಿಕ ದೌರ್ಜನ್ಯದ ಬಗ್ಗೆ,About Child Sexual Abuse,ರಿಜ್ವಾನ್ ಅರ್ಷದ್,Rizwan Harshad
3352,23/03/2017,ಉನ್ನತ ಶಿಕ್ಷಣ,Higher education,ಐ.ಟಿ.ಐ. ಕಾಲೇಜು ಮತ್ತು ಕಟ್ಟಡಗಳ ಬಗ್ಗೆ,ITI About college and buildings,ರಿಜ್ವಾನ್ ಅರ್ಷದ್,Rizwan Harshad
3353,23/03/2017,ಸಿಬ್ಬಂದಿ ಮತ್ತು ಆಡಳಿತ ಸುಧಾರಣೆ,Staff and administrative reform,ಕೆ.ಪಿ.ಎಸ್.ಸಿ. ಮೂಲಕ ನೇಮಕಗೊಂಡವರಿಗೆ ಇನ್ನು ನೇಮಕಾತಿ ಆದೇಶ ನೀಡದಿರುವ ಬಗ್ಗೆ,KPSC Regarding not recruiting recruiters to recruiters,ರಿಜ್ವಾನ್ ಅರ್ಷದ್,Rizwan Harshad
3354,23/03/2017,ನಗರ ಯೋಜನಾ,City planning,ಅನಧಿಕೃತ ಕಟ್ಟಡ ನಿರ್ಮಾಣ ಕುರಿತು,About construction of unauthorized buildings,ರಿಜ್ವಾನ್ ಅರ್ಷದ್,Rizwan Harshad
3355,23/03/2017,ಸಾರ್ವಜನಿಕ ಸಂಬಂಧಗಳು,Public Relations,"ರಾಜ್ಯದಲ್ಲಿ ಖಾಸಗಿ, ಅನುದಾನಿತ ಸರ್ಕಾರಿ ಐ.ಟಿ.ಐ. ವಿದ್ಯಾರ್ಥಿಗಳ ಬಗ್ಗೆ","Private, Aided Government ITI in State About Students",ಐವಾನ್ ಡಿ ಸೋಜಾ,Ivan Disoza
3356,23/03/2017,ಗೃಹ,Home,ದಕ್ಷಿಣ ಕನಡ ಜಿಲ್ಲೆಯಲ್ಲಿ ಜಿಲ್ಲಾ ಕಾರಾಗೃಹವನ್ನು ನಗರದಿಂದ ಹೊರವಲಯಕ್ಕೆ ಸ್ಥಳಾಂತರಿಸುವ ಬಗ್ಗೆ,Moving the district prisons from the city to the outskirts of South Kanada district,ಐವಾನ್ ಡಿ ಸೋಜಾ,Ivan Disoza
3357,23/03/2017,ನಗರಾಭಿವೃದ್ಧಿ,Urban development,ಮಂಗಳೂರು ಮಹಾನನಗರ ಪಾಲಿಕೆ ಸ್ಮಾರ್ಟ್ ಸಿಟಿ ಆಯ್ಕೆಗೊಂಡ ಬಗ್ಗೆ,About Mangalore City Corporation City Smart City Selected,ಐವಾನ್ ಡಿ ಸೋಜಾ,Ivan Disoza
3358,23/03/2017,ನಗರಾಭಿವೃದ್ಧಿ,Urban development,ಮಂಗಳೂರು ನಗರದ ಕುಡಿಯುವ ನೀರಿನ ಸಮಸ್ಯೆ ಬಗ್ಗೆ,About Mangalore City drinking water problem,ಐವಾನ್ ಡಿ ಸೋಜಾ,Ivan Disoza
3359,23/03/2017,ನಗರಾಭಿವೃದ್ಧಿ,Urban development,ಮಹಾನಗರ ಪಾಲಿಕೆ ವ್ಯಾಪ್ತಿಯ ಬೀದಿ ಬದಿ ವ್ಯಾಪಾರಸ್ಥರ ಬಗ್ಗೆ,About street vendors of metropolitan areas,ಐವಾನ್ ಡಿ ಸೋಜಾ,Ivan Disoza
3360,23/03/2017,ಗೃಹ,Home,ರಾಜ್ಯದಲಲ್ಲಿ ಪೊಲೀಸ್ ಇಲಾಖೆಯಲ್ಲಿರುವ ಸಿಬ್ಬಂದಿಗಳ ಬಗ್ಗೆ,About staff in police department in the state,ಕ್ಯಾಪ್ಟನ್ ಗಣೇಶ್ ಕಾರ್ಣಿಕ್,Capt. Ganesh Karnik
3361,23/03/2017,ನಗರ ಯೋಜನಾ,City planning,ನಗರಗಳು ವೇಗವಾಗಿ ಬೆಳೆಯುತ್ತಿರುವ ಹಿನ್ನೆಲೆಯಲ್ಲಿ ನಾಗರಿಕರಿಗೆ ಉತ್ತಮ ಸೌಲಭ್ಯಗಳನ್ನು ಒದಗಿಸುವ ಬಗ್ಗೆ,About providing better facilities to citizens in the wake of rapid growth of cities,ಕ್ಯಾಪ್ಟನ್ ಗಣೇಶ್ ಕಾರ್ಣಿಕ್,Capt. Ganesh Karnik
3362,23/03/2017,ನಗರ ಯೋಜನಾ,City planning,ಕಳೆದ ೩ ವರ್ಷದ ಅವಧಿಯಲ್ಲಿ ಬೃಹತ್ ಬೆಂಗಳೂರು ಮಹಾನಗರ ಪಾಲಿಕೆ ವ್ಯಾಪ್ತಿಯಲ್ಲಿ ತೆರಿಗೆ ದರರಿಂದ ಸಂಗ್ರಹಿಸಿದ್ದ ಹಣದ ಬಗ್ಗೆ,About the money collected by taxpayers at the huge Bangalore Metropolitan Area during the last 3 years,ಕ್ಯಾಪ್ಟನ್ ಗಣೇಶ್ ಕಾರ್ಣಿಕ್,Capt. Ganesh Karnik
3363,23/03/2017,ಸಿಬ್ಬಂದಿ ಮತ್ತು ಆಡಳಿತ ಸುಧಾರಣೆ,Staff and administrative reform,೨೦೧೧ರಲ್ಲಿ ಗೆಜೆಟೆಡ್ ಪ್ರೊಬೆಷನರ್ ಹುದ್ದೆಗಳ ನೇಮಕಾತಿಯಲ್ಲಿ ಬಾರಿ ಆಕ್ರಮ ನಡೆದಿರುವ ಬಗ್ಗೆ,About Occupation Occupations During the appointment of Gazetted Probationer posts in 2011,ಕ್ಯಾಪ್ಟನ್ ಗಣೇಶ್ ಕಾರ್ಣಿಕ್,Capt. Ganesh Karnik
3364,23/03/2017,ನಗರ ಯೋಜನಾ,City planning,ಕೇಂದ್ರ ಪುರಸ್ಕೃತ ಅಟಲ್‌ನಗರ ಪರಿವರ್ತನಾ ಪುನರುಜ್ಜೀವನ ಯೋಜನೆಯ ಅನುಷ್ಠಾನದ ಬಗ್ಗೆ,About the implementation of Central Received Atalanagar Transitional Renewal Project,ಕ್ಯಾಪ್ಟನ್ ಗಣೇಶ್ ಕಾರ್ಣಿಕ್,Capt. Ganesh Karnik
3365,23/03/2017,ನಗರಾಭಿವೃದ್ಧಿ,Urban development,ಮಹಾನಗರಗಳಲ್ಲಿ ಕುಡಿಯುವ ನೀರಿನ ಸಮಸ್ಯೆ ತೀರಾ ಉಲ್ಭಣವಾಗಿರುವ ಬಗ್ಗೆ,The problem of drinking water in metropolitan areas is the worst,ಕವಟಗಿಮಠ ಮಹಂತೇಶ ಮಲ್ಲಿಕಾರ್ಜುನ,Kavatimata Mahantesha Mallikarjuna
3366,23/03/2017,ನಗರ ಯೋಜನಾ,City planning,ಟೆಂಡರ್ ಶ್ಯೂರ್ ರಸ್ತೆಗಳ ಕಾಮಗಾರಿಗಳಿಗೆ ಕೋಟ್ಯಾಂತರ ಹಣ ವ್ಯಯಿಸಿದ್ದರು ರಸ್ತೆ ಗುಂಡಿಗಳು ಹಾಗೆ ಇರುವ ಬಗ್ಗೆ,Tender Shirur roads have been spent on crores of rupees about street buttons,ಕವಟಗಿಮಠ ಮಹಂತೇಶ ಮಲ್ಲಿಕಾರ್ಜುನ,Kavatimata Mahantesha Mallikarjuna
3367,23/03/2017,ಗೃಹ,Home,"ವಿವಧ ಹೋರಾಟಗಳಲ್ಲಿ ಭಾಗಿಯಾದ ರೈತರು ದಿನವೂ ಪೊಲೀಸ್ ಠಾಣೆ, ಕೋರ್ಟ್, ಕಛೇರಿಗಳಿಗೆ ಅಲೆಯುತ್ತಿರುವ ಬಗ್ಗೆ","Farmers participating in the welfare campaigns are still storming police stations, courts and offices daily",ಕವಟಗಿಮಠ ಮಹಂತೇಶ ಮಲ್ಲಿಕಾರ್ಜುನ,Kavatimata Mahantesha Mallikarjuna
3368,23/03/2017,ಗೃಹ,Home,ವಸತಿ ಗೃಹಗಳಿಲ್ಲದೇ ಇರುವ ಬಗ್ಗೆ,About the housing housing,ಕವಟಗಿಮಠ ಮಹಂತೇಶ ಮಲ್ಲಿಕಾರ್ಜುನ,Kavatimata Mahantesha Mallikarjuna
3369,23/03/2017,ನಗರ ಯೋಜನಾ,City planning,ಸ್ಮಾರ್ಟ್ ಸಿಟಿಗಳಂತೆ ಸ್ಮಾರ್ಟ್ ವಲ್ಭೆಜ್‌ಗಳ ನಿರ್ಮಾಣದ ಬಗ್ಗೆ,Smart smartbags like smart cities,ಕಾಂತರಾಜು,Kantaraju
3370,23/03/2017,ಗೃಹ,Home,ರಾಜ್ಯದಲ್ಲಿ ಮತ್ತು ತುಮಕೂರಿನಲ್ಲಿರುವ ಪೊಲೀಸ್ ಸಿಬ್ಬಂದಿಗಳ ಬಗ್ಗೆ,Regarding police personnel in the state and Tumkur,ಕಾಂತರಾಜು,Kantaraju
3371,23/03/2017,ನಗರಭಿವೃದ್ಧಿ,Urban development,ರಾಜ್ಯದಲ್ಲಿ ಅಟಲ್ ನಗರ ಪರಿವರ್ತನಾ ಅಭಿಯಾನ ಬಗ್ಗೆ,About the Atal City Transition Campaign in the State,ಕಾಂತರಾಜು,Kantaraju
3372,23/03/2017,ಆರ್ಥಿಕ,Economy,ತುಮಕೂರು ಮಹಾನಗರ ಪಾಲಿಕೆಗೆ ಒದಗಿಸಿರುವ ಅನುದಾನದ ಬಗ್ಗೆ,About the grant provided to the Tumkur Metropolitan Corporation,ಕಾಂತರಾಜು,Kantaraju
3373,23/03/2017,ಆರ್ಥಿಕ,Economy,ರೈತರ ಸಾಲ ಮನ್ನಾ ಬಗ್ಗೆ,About farmers' debt waiver,ಕಾಂತರಾಜು,Kantaraju
3374,23/03/2017,ಗೃಹ,Home,ಮಹಿಳಾ ಮತ್ತು ಮಕ್ಕಳ ಮೇಲಿನ ದೌರ್ಜನ್ಯ ತಡೆಯುವಲ್ಲಿ ಇಲಾಖೆ ವಿಫಲವಾಗಿರುವ ಕುರಿತು,The Department has failed to prevent the assault on women and children,ಕೋಟ ಶ್ರೀನಿವಾಸ ಪೂಜಾರಿ,Kota Srinivasa Pujari
3375,23/03/2017,ನಗರ ಯೋಜನಾ,City planning,ಸಮುದ್ರ ನೀರನ್ನು ಶುದ್ಧೀಕರಿಸುವ ಯೋಜನೆ ಜಾರಿಗೊಳಿಸುವ ಕುರಿತು,About implementing a plan to cleanse sea water,ಕೋಟ ಶ್ರೀನಿವಾಸ ಪೂಜಾರಿ,Kota Srinivasa Pujari
3376,23/03/2017,ನಗರ ಯೋಜನಾ,City planning,ಬೃಹತ್ ಬೆಂಗಳೂರು ಮಹಾನಗರ ಪಾಲಿಕೆಯಲ್ಲಿನ ಹಗರಣ/ ಅವ್ಯವಹಾರದ ತನಿಖೆ ಕಾಲಮಿತಿಯಲ್ಲಿ ಪೂರ್ಣಗೊಳಿಸುವ ಕುರಿತು,Concerns about completing the scandal / irregularities in time frame in the Bangalore Metropolitan Corporation,ಕೋಟ ಶ್ರೀನಿವಾಸ ಪೂಜಾರಿ,Kota Srinivasa Pujari
3377,23/03/2017,ಸಿಬ್ಬಂದಿ ಮತ್ತು ಆಡಳಿತ ಸುಧಾರಣೆ,Staff and administrative reform,ಹೆಚ್ಚೆಚ್ಚು ಉದ್ಯೋಗ ಮೇಳ ಏರ್ಪಾಡು ಮಾಡುವ ಬಗ್ಗೆ,About setting up more jobs,ಕೋಟ ಶ್ರೀನಿವಾಸ ಪೂಜಾರಿ,Kota Srinivasa Pujari
3378,23/03/2017,ನಗರ ಯೋಜನಾ,City planning,ಹದ್ರಾಬಾದ್ ಕರ್ನಾಟಕ ಪ್ರದೇಶಗಳಲ್ಲಿ ಮೂಲಭೂತ ಸೌಕರ್ಯ ಅಭಿವೃದ್ಧಿ ನಿUಮ ಚಟುವಟಿಕೆ ಕುರಿತು,Development of infrastructure development in Hyderabad areas of Karnataka,ಕೊಂಡಯ್ಯ .ಕೆ.ಸಿ,Kondaiah KC
3379,23/03/2017,ನಗರ ಯೋಜನಾ,City planning,ಪಾರ್ಕಿಂಗ್ ಕಾಂಪ್ಲೆಕ್ಸ್‌ಗಳ ನಿರ್ಮಾಣ,Construction of parking complexes,ಕೊಂಡಯ್ಯ .ಕೆ.ಸಿ,Kondaiah KC
3380,23/03/2017,ಆರ್ಥಿಕ,Economy,ಕರ್ನಾಟಕ ರಾಜ್ಯ ಹಣಕಾಸು ನಿಗಮದ ಬಗ್ಗೆ,About Karnataka State Finance Corporation,ಕೊಂಡಯ್ಯ .ಕೆ.ಸಿ,Kondaiah KC
3381,23/03/2017,ಸಿಬ್ಬಂದಿ ಮತ್ತು ಆಡಳಿತ ಸುಧಾರಣೆ,Staff and administrative reform,"ಗ್ರಾಮೀಣ ಪ್ರದೇಶಗಳಲ್ಲಿ ಕೌಶಲ್ಯಾಭೀವೃದ್ಧಿ, ಉದ್ಯಮ ಶೀಲತೆ ಮತ್ತು ಜಿವನೋಪಾಯ ಮಾರ್ಗದರ್ಶನ","Guidance, Business, and Guidance Guidance in rural areas",ಕೊಂಡಯ್ಯ .ಕೆ.ಸಿ,Kondaiah KC
3382,23/03/2017,ನಗರ ಯೋಜನಾ,City planning,ಗೃಹ ನಿರ್ಮಾಣ ಸಹಕಾರ ಸಂಘಗಳಿಗೆ ಸಿ.ಎ. ನಿವೇಶನ ಮತ್ತು ಪಾರ್ಕ್‌ಗಳ ನೀಡುವ ಬಗ್ಗೆ,Home Construction Co-operative Societies CA About placing land and parks,ಗೋಪಾಲಸ್ವಾಮಿ .ಎಂ.ಎ,Gopalaswamy MA
3383,23/03/2017,ಸಾರ್ವಜನಿಕ ಸಂಬಂಧ,Public relations,"ಕೌಶಲ್ಯಾಭಿವೃದ್ಧಿ, ಉಧ್ಯಮ ಶೀಲತೆ ಮತ್ತು ಜೀವನೋಪಾಯ ಇಲಾಖೆಯ ಸಂರಚನೆ ಕುರಿತು","Concerns about the skill development of the Department of Development, the Ministry of Labor and the Livelihoods",ತಾರಾನೂರಾಧ,Tara Anuradha
3384,23/03/2017,ನಗರ ಯೋಜನಾ,City planning,ಅನಧಿಕತ ಕಟ್ಟಡ ನಿರ್ಮಾಣ ಕುರಿತು,About construction of unauthorized buildings,ತಾರಾಅನೂರಾಧ,Tara Anuradha
3385,23/03/2017,ವಾರ್ತಾ ಮತ್ತು ಪ್ರಚಾರ,News and promotion,ಸಾಮಾಜಿಕ ಜಾಲತಾಣಗಳಲ್ಲಿ ಪ್ರಕಟವಾಗುವ ಆಕ್ಷೇಪಾರ್ಹ ಬರಹಗಳ ಬಗ್ಗೆ,About objectionable articles published on social networking sites,ತಾರಾಅನೂರಾಧ,Tara Anuradha
3386,23/03/2017,ಗೃಹ,Home,ರೈತರ ಮೇಲಿನ ದಾವೆಗಳ ಕುರಿತು,About the lawsuits on farmers,ತಾರಾಅನೂರಾಧ,Tara Anuradha
3387,23/03/2017,ನಗರಾಭಿವೃದ್ಧಿ,Urban development,ತುಮಕೂರು ನಗರ ಅಭಿವೃದ್ಧಿ ಬಗ್ಗೆ,About Tumkur Urban Development,ಚೌಡರೆಡ್ಡಿ ತೂಪಲ್ಲಿ .ಆರ್,Chowdareddy Tupalli R
3388,23/03/2017,ಸಿಬ್ಬಂದಿ ಮತ್ತು ಆಡಳಿತ ಸುಧಾರಣೆ,Staff and administrative reform,ಸರ್ಕಾರದಲ್ಲಿರುವ ಆಡಳಿತ ಇಲಾಖೆಗಳು,Administration departments in government,ಚೌಡರೆಡ್ಡಿ ತೂಪಲ್ಲಿ .ಆರ್,Chowdareddy Tupalli R
3389,23/03/2017,ವಾರ್ತಾ ಮತ್ತು ಪ್ರಚಾರ,News and promotion,ವಾರ್ತಾ ಇಲಾಖೆ ಯೋಜನೆಗಳು,News department projects,ಚೌಡರೆಡ್ಡಿ ತೂಪಲ್ಲಿ .ಆರ್,Chowdareddy Tupalli R
3390,23/03/2017,ಆರ್ಥಿಕ,Economy,ಪಿ.ಎಲ್.ಡಿ. ಬ್ಯಾಂಕ್ ಅಭಿವೃದ್ಧಿ ಬಗ್ಗೆ,PLD About Bank Development,ಚೌಡರೆಡ್ಡಿ ತೂಪಲ್ಲಿ .ಆರ್,Chowdareddy Tupalli R
3391,23/03/2017,ಸಿಬ್ಬಂದಿ ಮತ್ತು ಆಡಳಿತ ಸುಧಾರಣೆ,Staff and administrative reform,ಪೊಲೀಸ್ ಗುಪ್ತಚರ ವಿಭಾಗವನ್ನು ಚುರುಕುಗೊಳಿಸುವ ಬಗ್ಗೆ,About activating police intelligence,ಧರ್ಮಸೇನ .ಆರ್,Dharmasena R
3392,23/03/2017,ಗೃಹ,Home,ಸಾರ್ವಜನಿಕ ಸ್ಥಳಗಳಲ್ಲಿ ಧೂಮಪಾನ ನಿಷೇಧ ಕಾನೂನು,Smoking ban law in public places,ಧರ್ಮಸೇನ .ಆರ್,Dharmasena R
3393,23/03/2017,ಸಿಬ್ಬಂದಿ ಮತ್ತು ಆಡಳಿತ ಸುಧಾರಣೆ,Staff and administrative reform,ನಿವೃತ್ತ ನೌಕರರಿಗೂ ನಗದು ರಹಿತ ವೈದ್ಯಕೀಯ ಸೌಲಭ್ಯದ ಬಗ್ಗೆ,Non-cash medical facilities for retired employees,ಧರ್ಮಸೇನ .ಆರ್,Dharmasena R
3394,24/03/2017,ಸಣ್ಣ ಕೈಗಾರಿಕೆ,Small industry,ರಾಯಚೂರು ಜಿಲ್ಲೆಯಲ್ಲಿ ಸಣ್ಣ ಕೈಗಾರಿಕೆಗಳನ್ನು ಸ್ಥಾಪಿಸುವ ಬಗ್ಗೆ,About establishing small industries in Raichur district,ಬೋಸರಾಜು ಎನ್.ಎಸ್,Bosaraju N S
3395,24/03/2017,ಸಾರಿಗೆ,Transport,ರಾಯಚೂರು ಜಿಲ್ಲೆಯಲ್ಲಿ ಂ/ಅ ಬಸ್ಸ್‌ಗಳನ್ನು ಪ್ರಾರಂಭಿಸುವ ಬಗ್ಗೆ,About opening of buses in Raichur district,ಬೋಸ್‌ರಾಜು .ಎನ್.ಎಸ್,Bosaraju N S
3396,24/03/2017,ಪ್ರಾಥಮಿಕ ಮತ್ತು ಪ್ರೌಢ ಶಿಕ್ಷಣ,Primary and Secondary Education,"ರಾಯಚೂರು ಜಿಲ್ಲೆಯ ಪ್ರಾಥಮಿಕ, ಪ್ರೌಢ ಶಾಲೆಗಳು ಹಾಗೂ ಉರ್ದು ಪದವಿ ಪೂರ್ವ ಕಾಲೇಜುಗಳ ಬಗ್ಗೆ",About Primary and High Schools in Raichur District and Urdu Pre-Colleges,ಬೋಸ್‌ರಾಜು .ಎನ್.ಎಸ್,Bosaraju N S
3397,24/03/2017,ಪ್ರಾಥಮಿಕ ಮತ್ತು ಪ್ರೌಢ ಶಿಕ್ಷಣ,Primary and Secondary Education,ರಾಜ್ಯದಲ್ಲಿ ಮುಂದಿನ ಶೈಕ್ಷಣಿಕ ವರ್ಷದಿಂದ ೧ನೇ ತರಗತಿಯಿಂದಲೇ ಕ್ರೀಡೆ ವಿಷಯವನ್ನು ಅನುಷ್ಠಾನಗೊಳಿಸುವ ಬಗ್ಗೆ,About implementing sports content from the 1st academic year in the state from 1st grade,ಬೋಸ್‌ರಾಜು .ಎನ್.ಎಸ್,Bosaraju N S
3398,24/03/2017,ಗಣಿ ಮತ್ತು ಭೂವಿಜ್ಞಾನ,Mine and geology,ಹಟ್ಟಿ ಚಿನ್ನದ ಗಳಿ ಕಂಪನಿಯಲ್ಲಿ ಕರ್ತವ್ಯನಿರ್ವಹಿಸುತ್ತಿರುವ ಕಾರ್ಮಿಕ ಬಗ್ಗೆ,About the worker who is hiring the Hutti Gold Company,ಬೋಸ್‌ರಾಜು ಎನ್.ಎಸ್,Bosaraju N S
3399,24/03/2017,ಬೃಹತ್ ಮತ್ತು ಮಧ್ಯಮ ಕೈಗಾರಿಕೆ,Large and medium enterprise,ರಾಜ್ಯದಲ್ಲಿ ಒದಗಿಸಿರುವ ಮೂಲ ಸೌಲಭ್ಯಗಳ ವಿಚಾರ,About the basic facilities provided in the state,ಭಾನುಪ್ರಕಾಶ,Bhanu Prakasha
3400,24/03/2017,ಗ್ರಾಮೀಣಾಭಿವೃಧ್ಧಿ ಮತ್ತು ಪಂಚಾಯತ್ ರಾಜ್,Rural Development and Panchayat Raj,ಗ್ರಾಮೀಣ ಪ್ರದೇಶಗಳಲ್ಲಿ ಕುಡಿಯುವ ನೀರಿನ ಪೂರೈಕೆ ಬಗ್ಗೆ,About drinking water supply in rural areas,ಭಾನುಪ್ರಕಾಶ,Bhanu Prakasha
3401,24/03/2017,ವಸತಿ,Housing,ನಿರ್ಮಿತಿ ಕೇಂದ್ರಗಳ ಸ್ಥಾಪನೆ ವಿಚಾರ,Thinking of establishment of construction centers,ಭಾನುಪ್ರಕಾಶ,Bhanu Prakasha
3402,24/03/2017,ಸಾರಿಗೆ,Transport,ರಾಜ್ಯದ ಆರ್.ಟಿ.ಓ. ಕಛೇರಿಗಳಲ್ಲಿ ಖಾಲಿ ಇರುವ ಹುದ್ದೆಗಳ ಬಗ್ಗೆ,State RTO About vacancies in the offices,ಸುನೀಲ್ ಸುಬ್ರಮಣಿ .ಎಂ.ಪಿ,Sunil Subramani M P
3403,24/03/2017,ಗ್ರಾಮೀಣಾಭಿವೃಧ್ಧಿ ಮತ್ತು ಪಂಚಾಯತ್ ರಾಜ್,Rural Development and Panchayat Raj,ಜಿಲ್ಲಾ ಮತ್ತು ತಾಲ್ಲೂಕು ಪಂಚಾಯತ್‌ಗಳಲ್ಲಿನ ಹೊರಗುತ್ತಿಗೆ ನೌಕರರಿಗೆ ಸಮಾನ ವೇತನ ನೀಡುವ ಬಗ್ಗೆ,Providing equal pay for outsourced employees in the district and taluk panchayats,ಸುನೀಲ್ ಸುಬ್ರಮಣಿ .ಎಂ.ಪಿ,Sunil Subramani M P
3404,24/03/2017,ಗ್ರಾಮೀಣಾಭಿವೃಧ್ಧಿ ಮತ್ತು ಪಂಚಾಯತ್ ರಾಜ್,Rural Development and Panchayat Raj,ಗ್ರಾಮ ಪಂಚಾಯತ್ ವ್ಯಾಪ್ತಿಯ ಬತ್ತಿದ ತೆರೆದ ಬಾವಿಗಳ ಡೀಪನಿಂಗ್ ಕಾರ್ಯ ಮಾಡುವ ಬಗ್ಗೆ,About working on the Deep Opening of open wells in the Gram Panchayat range,ಸುನೀಲ್ ಸುಬ್ರಮಣಿ .ಎಂ.ಪಿ,Sunil Subramani M P
3405,24/03/2017,ವಕ್ಛ್,Vachch,ಅಲ್ಪ ಸಂಖ್ಯಾತರ ಕಲ್ಯಾಣ ಮತ್ತು ವಕ್ಛ್ ಇಲಾಖೆಯಿಂದ ಸಬ್ಸಿಡಿ ಸಾಲ ಮಂಜೂರು ಬಗ್ಗೆ,About subsidy loan sanctions from minority welfare and welfare department,ಸಯದ್ ಮುಧೀರ್ ಅಗಾ,Syed Madir Aga
3406,24/03/2017,ಗ್ರಾಮೀಣಾಭಿವೃದ್ಧಿ ಮತ್ತು ಪಂಚಾಯತ್ ರಾಜ್,Rural Development and Panchayat Raj,ಶುದ್ಧ ಕುಡಿಯುವ ನೀರಿನ ಘಟಕಗಳ ನಿರ್ಮಾಣದ ಬಗ್ಗೆ,About the construction of clean drinking water plants,ಸಯದ್ ಮುಧೀರ್ ಅಗಾ,Syed Madir Aga
3407,24/03/2017,ಗ್ರಾಮೀಣಾಭಿವೃದ್ಧಿ ಮತ್ತು ಪಂಚಾಯತ್ ರಾಜ್,Rural Development and Panchayat Raj,ಗ್ರಾಮೀಣಾಭಿವೃದ್ಧಿ ಮತ್ತು ಮಂಚಾಯತ್ ರಾಜ್ ಇಲಾಖೆಯಿಂದ ಬಿಡುಗಡೆಯಾದ ಅನುದಾನ,Grants from Rural Development and Manchayat Raj Department,ಸಯದ್ ಮುಧೀರ್ ಅಗಾ,Syed Madir Aga
3408,24/03/2017,ಸಾರಿಗೆ,Transport,ಬಿ.ಎಂ.ಟಿ.ಸಿ. ಬಸ್ಸುಗಳ ಸುಸ್ಥಿತಿಯ ಬಗ್ಗೆ,BMTC About the status of buses,ಸಯದ್ ಮುಧೀರ್ ಆಗಾ,Syed Madir Aga
3409,24/03/2017,ವಸತಿ,Housing,ವಸತಿ ಯೋಜನೆಗಳಡಿ ಮಂಜೂರಾದ ಮನೆಗಳ ಬಗ್ಗೆ,About houses sanctioned under housing schemes,ಸಯದ್ ಮುಧೀರ್ ಆಗಾ,Syed Madir Aga
3410,24/03/2017,ಪ್ರಾಥಮಿಕ ಮತ್ತು ಪ್ರೌಢ ಶಿಕ್ಷಣ,Primary and Secondary Education,ಸರ್ಕಾರಿ ಪದವಿ ಪೂರ್ವ ಕಾಲೇಜುಗಳಲ್ಲಿ ದೈಹಿಕ ಶಿಕ್ಷಣ ಉಪನ್ಯಾಸಕರನ್ನು ನೇಮಕ ಮಾಡಿಕೊಳ್ಳುವ ಕುರಿತು,About appointing a physical education lecturer at Government Graduate Colleges,ಸಂಕನೂರ .ಎಸ್.ವ್ಹಿ,Sankanura S V
3411,24/03/2017,ಪ್ರಾಥಮಿಕ ಮತ್ತು ಪ್ರೌಢ ಶಿಕ್ಷಣ,Primary and Secondary Education,ಖಾಸಗಿ ಅನುದಾನಿತ ಪ್ರೌಢ ಹಾಗೂ ಪದವಿ ಪೂರ್ವ ಕಾಲೇಜುಗಳಲ್ಲಿ ನಿಧನ ಹಾಗೂ ನಿವೃತ್ತಿಯಿಂದ ಖಾಲಿ ಇರುವ ಒಂದು ಎಸ್.ಡಿ.ಸಿ. ಮತ್ತು ಒಂದು ಅಟೆಂಡರ್ ಹುದ್ದೆಗಳನ್ನು ಭರ್ತಿ ಮಾಡುವ ಕುರಿತು,Death and retirement from Private Aided and Senior Secondary Colleges And about filling up an attendant job,ಸಂಕನೂರ .ಎಸ್.ವ್ಹಿ,Sankanura S V
3412,24/03/2017,ವಸತಿ,Housing,ಗದಗ ಜಿಲ್ಲೆಯ ನರೇಗಲ್ ಪಟ್ಟಣ ಪಂಚಾಯಿತಿ ವತಿಯಿಂದ ರೂಪಿಸಲಾದ ರಾಜೀವ್ ಗಾಂಧಿ ವಸತಿ ಯೋಜನೆ ಕುರಿತು,"About Rajiv Gandhi Housing Scheme, designed by Naregal Town Panchayat in Gadag district",ಸಂಕನೂರ .ಎಸ್.ವ್ಹಿ,Sankanura S V
3413,24/03/2017,ಸಾರಿಗೆ,Transport,ನರೇಗ ಬಸ್ ನಿಲ್ದಾಣದಲ್ಲಿ ಮೂಲಭೂತ ಸೌಲಭ್ಯಗಳ ಕೊರತೆ,The lack of basic facilities at the bus stop,ಸಂಕನೂರ .ಎಸ್.ವ್ಹಿ,Sankanura S V
3414,24/03/2017,ಪ್ರಾಥಮಿಕ ಮತ್ತು ಪ್ರೌಢ ಶಿಕ್ಷಣ,Primary and Secondary Education,ಖಾಸಗಿ ಅನುದಾನಿತ ಪದವಿ ಪೂರ್ವ ಕಾಲೇಜುಗಳಲ್ಲಿ ವಿದ್ಯಾರ್ಥಿಗಳಿಂದ ಪಡೆಯುತ್ತಿರುವ ಬೋಧನಾ ಶುಲ್ಕ ಕುರಿತು,About teaching fees received by students in private aided graduate colleges,ಸಂಕನೂರು .ಎಸ್.ವ್ಹಿ,Sankanura S V
3415,24/03/2017,ಗ್ರಾಮೀಣಾಭಿವೃಧ್ಧಿ ಮತ್ತು ಪಂಚಾಯತ್ ರಾಜ್,Rural Development and Panchayat Raj,ಹವೇರಿ ಜಿಲ್ಲೆಯಲ್ಲಿರುವ ಓವರ್‌ಹೆಡ್ ನೀರಿನ ಟ್ಯಾಂಕ್‌ಗಳ ಬಗ್ಗೆ,About overhead water tanks in Haveri district,ಸಮಣ್ಣ ಮ. ಬೇವಿನಮರದ,Samanna Ma Bevinamara
3416,24/03/2017,ವಸತಿ,Housing,ಹಾವೇರಿ ಜಿಲ್ಲೆಯಲ್ಲಿ ಕಲ್ಲು ಕ್ವಾರಿ ನಡೆಸಲು ಅನುಮತಿ ಬಗ್ಗೆ,About permission to conduct a stone quarry in Haveri district,ಸಮಣ್ಣ ಮ. ಬೇವಿನಮರದ,Samanna Ma Bevinamara
3417,24/03/2017,ವಸತಿ,Housing,ಹಾವೇರಿ ಜಿಲ್ಲೆಯ ನಿರ್ಮಿತಿ ಕೇಂದ್ರದ ಯೋಜನಾ ವ್ಯವಸ್ಥಾಪಕರ ಹಾಗೂ ಇತರರ ಬಗ್ಗೆ,About Project Manager and others at the Center for Harmony,ಸಮಣ್ಣ ಮ. ಬೇವಿನಮರದ,Samanna Ma Bevinamara
3418,24/03/2017,ವಸತಿ,Housing,ಹಾವೇರಿ ಜಿಲ್ಲಾ ನಿರ್ಮಿತಿ ಕೇಂದ್ರ ಹಾಗೂ ಸಿಬ್ಬಂದಿಗಳ ಬಗ್ಗೆ,About Haveri District Construction Center and staff,ಸಮಣ್ಣ ಮ. ಬೇವಿನಮರದ,Samanna Ma Bevinamara
3419,24/03/2017,ಪ್ರಾಥಮಿಕ ಮತ್ತು ಪ್ರೌಢ ಶಿಕ್ಷಣ,Primary and Secondary Education,ಅನುದಾನಿತ ಪ್ರಾಥಮಿಕ ಮತ್ತು ಪ್ರೌಢ ಶಾಲೆಗಳಲ್ಲಿ ನಿವೃತ್ತಿ ಸ್ವಯಂ ನಿವೃತ್ತಿ ಹಾಗೂ ಖಾಲಿ ಇರುವ ಹುದ್ದೆಗಳ ಬಗ್ಗೆ,Retirement Self-retirement and vacant posts in Aided Primary and High Schools,ಸಮಣ್ಣ ಮ. ಬೇವಿನಮರದ,Samanna Ma Bevinamara
3420,24/03/2017,ಪ್ರಾಥಮಿಕ ಮತ್ತು ಪ್ರೌಢ ಶಿಕ್ಷಣ,Primary and Secondary Education,ಸರ್ಕಾರಿ ಶಾಲೆಗಳಲ್ಲಿ ಶಿಕ್ಷಣದ ಗುಣಮಟ್ಟದ ಕುರಿತು,About the quality of education in government schools,ಸೋಮಣ್ಣ .ವಿ,Somanna V
3421,24/03/2017,ಪ್ರಾಥಮಿಕ ಮತ್ತು ಪ್ರೌಢ ಶಿಕ್ಷಣ,Primary and Secondary Education,ಪ್ರಾಥಮಿಕ ಮತ ಪ್ರೌಡ ಶಿಕ್ಷಣ ಇಲಾಖೆಯ ವೆಚ್ಚದ ವಿವರ ಕುರಿತು,Regarding the cost of primary school education department,ಸೋಮಣ್ಣ .ವಿ,Somanna V
3422,24/03/2017,ಗ್ರಾಮೀಣಾಭಿವೃದ್ಧಿ ಮತ್ತು ಪಂಚಾಯತ್ ರಾಜ್,Rural Development and Panchayat Raj,ನಮ್ಮ ಗ್ರಾಮ ನಮ್ಮ ರಸ್ತೆ ಯೋಜನೆಗಳ ಕುರಿತು,Our village is about our road projects,ಸೋಮಣ್ಣ .ವಿ,Somanna V
3423,24/03/2017,ಗ್ರಾಮೀಣಾಭಿವೃಧ್ಧಿ ಮತ್ತು ಪಂಚಾಯತ್ ರಾಜ್,Rural Development and Panchayat Raj,ಬೆಂಗಳೂರು ನಗರ ಜಿಲ್ಲಾ ಪಂಚಾಯತ್ ವ್ಯಾಪ್ತಿಯಲ್ಲಿನ ಅನುದಾನ ಕುರಿತು,About Grants in Bangalore Urban Zilla Panchayat,ನಾರಾಯಣಸ್ವಾಮಿ .ಎಂ,Narayanaswamy M
3424,24/03/2017,ಬೃಹತ್ ಮತ್ತು ಮಧ್ಯಮ ಕೈಗಾರಿಕೆ,Large and medium enterprise,ಕರ್ನಾಟಕ ಕೈಗಾರಿಕಾ ಪ್ರದೇಶಾಭಿವೃದ್ಧಿ ಮಂಡಳಿ ಜಾಗದಲ್ಲಿ ವಸತಿ ಮತ್ತು ಮಳಿಗೆಗಳನ್ನು ನಿರ್ಮಿಸುವ ಬಗ್ಗೆ,About the construction of residential and outlets in the Karnataka Industrial Area Development Board,ನಾರಾಯಣಸ್ವಾಮಿ .ಎಂ,Narayanaswamy M
3425,24/03/2017,ಸಾರಿಗೆ,Transport,ಬೆಂಗಳೂರು ಮಹಾನಗರ ಸಾರಿಗೆ ಬಸ್‌ಗಳ ಮೇಲೆ ಜಾಹೀರಾತು ಪ್ರದರ್ಶಿಸುವ ಕುರಿತು,About Advertising on Bangalore Metropolitan Transport Buses,ನಾರಾಯಣಸ್ವಾಮಿ .ಎಂ,Narayanaswamy M
3426,24/03/2017,ಗ್ರಾಮೀಣಾಭಿವೃಧ್ಧಿ ಮತ್ತು ಪಂಚಾಯತ್ ರಾಜ್,Rural Development and Panchayat Raj,ವಿವಿಧ ಯೋಜನೆಗಳಡಿ ಗ್ರಾಮ ಪಂಚಾಯತ್‌ಗಳಿಗೆ ಬಂದಿರುವ ಅನುದಾನದ ಕುರಿತು,Grants to Gram Panchayats under various schemes,ನಾರಾಯಣಸ್ವಾಮಿ .ಎಂ,Narayanaswamy M
3427,24/03/2017,ಗ್ರಾಮೀಣಾಭಿವೃದ್ಧಿ ಮತ್ತು ಪಂಚಾಯತ್ ರಾಜ್,Rural Development and Panchayat Raj,ಗ್ರಾಮೀಣಾಭಿವೃದ್ಧಿ ಇಲಾಖೆಯಲ್ಲಿ ನಡೆದಿರುವ ಸಾವಿರಾರು ಕೋಟಿ ಅವ್ಯವಹಾರ ಕುರಿತು,About thousands of crores of rupees in Rural Development Department,ನಾರಾಯಣಸ್ವಾಮಿ .ಕೆ.ವಿ,Narayanaswamy K V
3428,24/03/2017,ಗ್ರಾಮೀಣಾಭಿವೃದ್ಧಿ ಮತ್ತು ಪಂಚಾಯತ್ ರಾಜ್,Rural Development and Panchayat Raj,ಗ್ರಾಮೀಣಾಭಿವೃದ್ಧಿ ಇಲಾಖೆಯಲ್ಲಿ ನಡೆದಿರುವ ಸಾವಿರಾರು ಕೋಟಿ ಅವ್ಯವಹಾರ ಕುರಿತು,About thousands of crores of rupees in Rural Development Department,ನಾರಾಯಣಸ್ವಾಮಿ .ಕೆ.ವಿ,Narayanaswamy K V
3429,24/03/2017,ಗ್ರಾಮೀಣಾಭಿವೃಧ್ಧಿ ಮತ್ತು ಪಂಚಾಯತ್ ರಾಜ್,Rural Development and Panchayat Raj,ಗ್ರಾಮಠಾಣಾ ವ್ಯಾಪ್ತಿಯನ್ನು ವಿಸ್ತರಿಸುವ ಬಗ್ಗೆ,About expanding the village limits,ನಾರಾಯಣಸ್ವಾಮಿ ಕೆ.ವಿ.,Narayanaswamy K V
3430,24/03/2017,ವಸತಿ,Housing,ಮೈಸೂರು ಮತ್ತು ಚಾಮರಾಜನಗರ ಜಿಲ್ಲೆಗಳಲ್ಲಿ ಹೌಸಿಂಗ್ ಬೋರ್ಡ್‌ನಿಂದ ಮನೆಗಳ ನಿರ್ಮಾಣ,Construction of houses by the Housing Board in Mysore and Chamarajanagar Districts,ನಾಗರಾಜ್ .ಎಸ್,Nagaraja S
3431,24/03/2017,ಸರಿಗೆ,The cargo,ಹಾಸನದಿಂದ ಮೇಲುಕೋಟೆಗೆ ಬಸ್ ಸೌಲಭ್ಯ,Bus facility from Hassan to Mela,ನಾಗರಾಜ್ .ಎಸ್,Nagaraja S
3432,24/03/2017,ಪ್ರಾಥಮಿಕ ಮತ್ತು ಪ್ರೌಢ ಶಿಕ್ಷಣ,Primary and Secondary Education,ಅತಿಥಿ ಉಪನ್ಯಾಸPರ ಗೌರವಧನ ಕುರಿತು,About the Honor of Guest Lecture P,ನಿರಾಣಿ ಹನಮಂತ್ ರುದ್ರಪ್ಪ,Nirani Hanumanth Rudrappa
3433,24/03/2017,ಸರಿಗೆ,The cargo,ಹಾಸ್ಟೆಲ್‌ಗಳ ವಿದ್ಯಾರ್ಥಿಗಳಿಗೆ ಬಸ್ ಪಾಸ್ ಒದಗಿಸುವ ಬಗ್ಗೆ,About providing bus pass for students of hostels,ನಿರಾಣಿ ಹಣಮಂತ್ ರುದ್ರಪ್ಪ,Nirani Hanumanth Rudrappa
3434,24/03/2017,ಉನ್ನತ ಶಿಕ್ಷಣ,Higher education,ರಾಜ್ಯದಲ್ಲಿ ಇರುವ ವಿಶ್ವ ವಿದ್ಯಾನಿಲಯಗಳ ಸಂಖ್ಯೆ ಎಷ್ಟು,Number of universities in the state,ಪ್ರಸನ್ನ ಕುಮಾರ್ .ಆರ್,Prasanna Kumar R
3435,24/03/2017,ಉನ್ನತ ಶಿಕ್ಷಣ,Higher education,ರಾಜ್ಯದಲ್ಲಿ ಇರುವ ಕೇಂದ್ರಿಯ ವಿದ್ಯಾನಿಲಯಗಳ ಸಂಖ್ಯೆ ಎಷ್ಟು,How much number of central universities in the state,ಪ್ರಸನ್ನ ಕುಮಾರ್ .ಆರ್,Prasanna Kumar R
3436,24/03/2017,ಬೃಹತ್ ಮತ್ತು ಮಧ್ಯಮ ಕೈಗಾರಿಕೆ,Large and medium enterprise,ಕರ್ನಾಟಕ ಕೈಗಾರಿಕಾ ಪದೇಶಾಭಿವೃದ್ಧಿ ಮಂಡಳಿ ಕುರಿತು,About Karnataka Industrial Development Board,ಪ್ರದೀಪ್ ಶೆಟ್ಟರ್,Pradeep Shettar
3437,24/03/2017,ಗಣಿ ಮತ್ತು ಭೂ ವಿಜ್ಞಾನ,Mine and geology,ಮರಳು ದಾಸ್ತಾನು ಕುರಿತು,About sand storage,ಪ್ರದೀಪ್ ಶೆಟ್ಟರ್,Pradeep Shettar
3438,24/03/2017,ಬೃಹತ್ ಮತ್ತು ಮಧ್ಯಮ ಕೈಗಾರಿಕೆ,Large and medium enterprise,ಎನ್.ಜಿ.ಇ.ಎಫ್.(ಹುಬ್ಬಳ್ಳಿ) ಇದರ ಕುರಿತು,NGEF (Hubli) about this,ಪ್ರದೀಪ್ ಶೆಟ್ಟರ್,Pradeep Shettar
3439,24/03/2017,ಸಣ್ಣ ಕೈಗಾರಿಕೆ,Small industry,ಸಣ್ಣ ಕೈಗಾರಿಕೆ ಅಭಿವೃದ್ಧಿ ನಿಗಮದ ಸೌಲಭ್ಯಗಳ ಕುರಿತು,About Small Business Development Corporation Facilities,ಪ್ರದೀಪ್ ಶೆಟ್ಟರ್,Pradeep Shettar
3440,24/03/2017,ವಸತಿ,Housing,ವಸತಿ ಯೋಜನೆಗಳ ಕುರಿತು,About Real Estate Plans,ಪ್ರದೀಪ್ ಶೆಟ್ಟರ್,Pradeep Shettar
3441,24/03/2017,ಗ್ರಾಮೀಣಾಭಿವೃಧ್ಧಿ ಮತ್ತು ಪಂಚಾಯತ್ ರಾಜ್,Rural Development and Panchayat Raj,ಗ್ರಾಮ ಪಂಚಾಯತ್‌ಗಳಲ್ಲಿ ಸ್ವೈಪಿಂಗ್ ಮಿಷಿನ್ ಮತ್ತು ಆನ್‌ಲೈನ್ ವ್ಯವಸ್ಥೆ ಕುರಿತು,About Swimming Machine and Online System in Gram Panchayats,ಪ್ರಾಣೇಶ್ .ಎಂ.ಕೆ,Pranesha M K
3442,24/03/2017,ಗ್ರಾಮೀಣಾಭಿವೃಧ್ಧಿ ಮತ್ತು ಪಂಚಾಯತ್ ರಾe,Rural Development and Panchayat RA e,ಗ್ರಾಮ ವಿಕಾಸ ಯೋಜನೆ ಕುರಿತು,About the Village Evolution Project,ಪ್ರಾಣೇಶ್ .ಎಂ.ಕೆ,Pranesha M K
3443,24/03/2017,ಗ್ರಾಮೀಣಾಭಿವೃಧ್ಧಿ ಮತ್ತು ಪಂಚಾಯತ್ ರಾಜ್,Rural Development and Panchayat Raj,ನಮ್ಮ ರಸ್ತೆ ನಮ್ಮ ಗ್ರಾಮ ಯೋಜನೆ ಕುರಿತು,Our Road About Our Village Plan,ಪ್ರಾಣೇಶ್ .ಎಂ.ಕೆ,Pranesha M K
3444,24/03/2017,ಪ್ರಾಥಮಿಕ ಮತ್ತು ಪ್ರೌಢ ಶಿಕ್ಷಣ,Primary and Secondary Education,ಬಸವನಹಳ್ಳಿ ಸರ್ಕಾರಿ ಪದವಿ ಪೂರ್ವ ಕಾಲೇಜಿನಲ್ಲಿ ಉಪನ್ಯಾಸಕರ ಕೊರತೆ ಬಗ್ಗೆ,About Lecturers at Basavanahalli Government Degree College,ಪ್ರಾಣೇಶ್ .ಎಂ.ಕೆ,Pranesha M K
3445,24/03/2017,ಗ್ರಾಮೀಣಾಭಿವೃಧ್ಧಿ ಮತ್ತು ಪಂಚಾಯತ್ ರಾಜ್,Rural Development and Panchayat Raj,ರಾಜ್ಯದಲ್ಲಿ ಗ್ರಾಮ ಪಂಚಾಯತ್‌ಗಳ ವ್ಯಾಪ್ತಿಯಲ್ಲಿ ಡಂಪಿಂಗ್ ಯಾರ್ಡ್ ನಿರ್ಮಿಸುವ ಬಗ್ಗೆ,About building a dumping yard in the village gram panchayats,ಪ್ರಾಣೇಶ್ .ಎಂ.ಕೆ,Pranesha M K
3446,24/03/2017,ವಸತಿ,Housing,ರಾಜ್ಯದಲ್ಲಿ ಕಳೆದ ಮೂರು ವರ್ಷಗಳಲ್ಲಿ ಮಂಜೂರಾದ ನಿವೇಶನಗಳ ಕುರಿತು,About the allotted sites in the state over the last three years,ಪ್ರತಾಪಚಂದ್ರ ಶೆಟ್ಟಿ .ಕೆ,Pratapachandra Shetty K
3447,24/03/2017,ಪ್ರಾಥಮಿಕ ಮತ್ತು ಪ್ರೌಢ ಶಿಕ್ಷಣ,Primary and Secondary Education,ರಾಜ್ಯದಲ್ಲಿ ಕಿರಿಯ ಪ್ರಾಥಮಿಕ ಶಾಲೆಗಳನ್ನು ಹಿರಿಯ ಪ್ರಾಥಮಿಕ ಶಾಲೆಗಳಾಗಿ ಮೇಲ್ದರ್ಜೆಗೇರಿಸಲು ಇರುವ ಮಾನದಂಡಗಳ ಕುರಿತು,Concerns about standards for upgrading the junior primary schools to senior primary schools in the state,ಪ್ರತಾಪಚಂದ್ರ ಶೆಟ್ಟಿ .ಕೆ,Pratapachandra Shetty K
3448,24/03/2017,ಗ್ರಾಮೀಣಾಭಿವೃಧ್ಧಿ ಮತ್ತು ಪಂಚಾಯತ್ ರಾಜ್,Rural Development and Panchayat Raj,ಉಡುಪಿ ಜಿಲ್ಲೆಯಲ್ಲಿ ಗ್ರಾಮ ಪಂಚಾಯತ್ ಪಿ.ಡಿ.ಓ ಗಳಿಂದ ನೀಡಿದ ದೂರಿನ ಕುರಿತು,About complaint by Gram Panchayat PDOs in Udupi district,ಪ್ರತಾಪಚಂದ್ರ ಶೆಟ್ಟಿ .ಕೆ,Pratapachandra Shetty K
3449,24/03/2017,ಉನ್ನತ ಶಿಕ್ಷಣ,Higher education,ರಾಜ್ಯದಲ್ಲಿರುವ ಸರ್ಕಾರಿ ಮತ್ತು ಖಾಸಗಿ ತಾಂತ್ರಿಕ ಶಿಕ್ಷಣ ಸಂಸ್ಥೆಗಳ ಕುರಿತು,About Government and Private Technical Education Institutions in the State,ಪ್ರತಾಪಚಂದ್ರ ಶೆಟ್ಟಿ .ಕೆ,Pratapachandra Shetty K
3450,24/03/2017,ಗ್ರಾಮೀಣಾಭಿವೃಧ್ಧಿ ಮತ್ತು ಪಂಚಾಯತ್ ರಾಜ್,Rural Development and Panchayat Raj,ಗ್ರಾಮ ಪಂಚಾಯತ್‌ಗಳ ವ್ಯಾಪ್ತಿಯಲ್ಲಿ ಗಣಿಗಾರಿಕೆಗೆ ಗ್ರಾಮ ಪಂಚಾಯತ್ ಎನ್.ಓ.ಸಿ ಕಡ್ಡಾಯಗೊಳಿಸುವ ಕುರಿತು,About Gram Panchayat NOC Compensation for Mining in Gram Panchayats,ಪ್ರತಾಪಚಂದ್ರ ಶೆಟ್ಟಿ .ಕೆ,Pratapachandra Shetty K
3451,24/03/2017,ಪ್ರಾಥಮಿಕ ಮತ್ತು ಪ್ರೌಢ ಶಿಕ್ಷಣ,Primary and Secondary Education,೨೦೦೮ರ ನೇಮಕಾತಿ ಹೊಂದಿರುವ ಶಿಕ್ಷಕರಿಗೆ ವಿಶೇಷ ಭತ್ಯ ನೀಡುವ ಬಗ್ಗೆ,Special allowance for teacher recruitment 2008,ಪುಟ್ಟಣ್ಣ,Puttanna
3452,24/03/2017,ಉನ್ನತ ಶಿಕ್ಷಣ,Higher education,ಯು.ಜಿ.ಸಿ. ಬಾಕಿ ವೇತನ ನೀಡುವ ಬಗ್ಗೆ,UGC About paying outstanding pay,ಪುಟ್ಟಣ್ಣ,Puttanna
3453,24/03/2017,ಪ್ರಾಥಮಿಕ ಮತ್ತು ಪ್ರೌಢ ಶಿಕ್ಷಣ,Primary and Secondary Education,ಅನುದಾನ ರಹಿತ ಪೂರ್ವ ಕಾಲೇಜುಗಳ ಮಾಹಿತಿ ನೀಡುವ ಬಗ್ಗೆ,Providing information on unpaid pre-colleges,ಪುಟ್ಟಣ್ಣ,Puttanna
3454,24/03/2017,ಪ್ರಾಥಮಿಕ ಮತ್ತು ಪ್ರೌಢ ಶಿಕ್ಷಣ,Primary and Secondary Education,ಅನುದಾನಿತ ಖಾಲಿ ಹುದ್ದೆಗಳನ್ನು ಭರ್ತಿ ಮಾಡಲು ಅನುಮತಿ ನೀಡುವ ಬಗ್ಗೆ,About permitting filling up of vacant vacancies,ಪುಟ್ಟಣ್ಣ,Puttanna
3455,24/03/2017,ಗ್ರಾಮೀಣಾಭಿವೃದ್ಧಿ ಮತ್ತು ಪಂಚಾಯತ್ ರಾಜ್,Rural Development and Panchayat Raj,"ಕಲಬುರಗಿ ಮತ್ತು ಯಾದಗಿರಿ ಜಿಲ್ಲೆಗಳಲ್ಲಿ ಕುಡಿಯುವ ನೀರಿಗೆ ೨೦೧೫-೧೬,೨೦೧೬-೧೭ರ ಅನುದಾನ ಬಗ್ಗೆ","About Grants 2015-16,2016-17 for Drinking Water in Artillery and Yadgir Districts",ಪಾಟೀಲ್ .ಬಿ.ಜಿ,Patil B G
3456,24/03/2017,ಗ್ರಾಮೀಣಾಭಿವೃಧ್ಧಿ ಮತ್ತು ಪಂಚಾಯತ್ ರಾಜ್,Rural Development and Panchayat Raj,ಆದರ್ಶ ಗ್ರಾಮ ಯೋಜನೆ ಬಗ್ಗೆ,About ideal village planning,ಶರವಣ .ಟಿ.ಎ,Sharavana T A
3457,24/03/2017,ಪ್ರಾಥಮಿಕ ಮತ್ತು ಪ್ರೌಢ ಶಿಕ್ಷಣ,Primary and Secondary Education,ದೈಹಿಕ ಶಿಕಕರ ಖಾಲಿ ಹುದ್ದೆ ಬಗ್ಗೆ,About Employee Employee Vacancies,ಶರವಣ .ಟಿ.ಎ,Sharavana T A
3458,24/03/2017,ಪ್ರಾಥಮಿಕ ಮತ್ತು ಪ್ರೌಢ ಶಿಕ್ಷಣ,Primary and Secondary Education,ಪದವಿ ಪೂರ್ವ ಶಿಕ್ಷಣ ಇಲಾಖೆಯಲ್ಲಿನ ವಿದ್ಯಾರ್ಥಿಗಳ ಕಡ್ಡಾಯ ಹಾಜರಾತಿ ಬಗ್ಗೆ,Regarding the mandatory attendance of students in the pre-education department,ಶರವಣ .ಟಿ.ಎ,Sharavana T A
3459,24/03/2017,ಪ್ರಾಥಮಿಕ ಮತ್ತು ಪ್ರೌಢ ಶಿಕ್ಷಣ,Primary and Secondary Education,ಬೆಂಗಳೂರು ನಗರದ ಸರ್ಕಾರಿ ಪ್ರಾಥಮಿಕ ಮತ್ತು ಪ್ರೌಢಶಾಲೆಗಳ ಬಗ್ಗೆ,About Bangalore Government Primary and High Schools,ಶರವಣ .ಟಿ.ಎ,Sharavana T A
3460,24/03/2017,ಉನ್ನತ ಶಿಕ್ಷಣ,Higher education,ರಾಜ್ಯದ ವಿಶ್ವವಿದ್ಯಾಲಯಗಳಲ್ಲಿ ನಡೆದ ಅವ್ಯವಹಾರಗಳ ಬಗ್ಗೆ,About Disputes in State Universities,ಶರವಣ .ಟಿ.ಎ,Sharavana T A
3461,24/03/2017,ಉನ್ನತ ಶಿಕ್ಷಣ,Higher education,ಹದ್ರಾಬಾದ್ ಕರ್ನಾಟಕ ಭಾಗದ ಪದವಿ ಕಾಲೇಜುಗಳಲ್ಲಿ ಖಾಲಿ ಇರುವ ಬೋಧಕ / ಬೋಧಕೇತರ ಹುದ್ದಗಳ ಬಗ್ಗೆ,About vacant / non-teaching post graduates in Karnataka degree graduate colleges,ಶರಣಪ್ಪ ಮಟ್ಟೂರ,Sharanappa Mattura
3462,24/03/2017,ವಕ್ಛ್,Vachch,ಹೈದ್ರಾಬಾದ್ ಕರ್ನಾಟಕ ಭಾಗದಲ್ಲಿರುವ ಪ್ರೌಢ ಶಾಲಾ / ಪದವಿ ಪೂರ್ವ ಕಾಲೇಜುಗಳಲ್ಲಿ ಖಾಲಿ ಇರುವ ಬೋಧಕ / ಬೋಧಕೇತರ ಹುದ್ದೆಗಳ ಬಗ್ಗೆ,About vacant teacher / non-teaching posts in high school / undergraduate colleges in Hyderabad Karnataka,ಶರಣಪ್ಪ ಮಟ್ಟೂರು,Sharanappa Mattura
3463,24/03/2017,ಗಣಿ ಮತ್ತು ಭೂ ವಿಜ್ಞಾನ,Mine and geology,ಅಕಮ ಮರಳು ಗಣಿಗಾರಿಕೆಯನ್ನು ತಡೆಗಟ್ಟುವ ಬಗ್ಗೆ,About preventing Akama sand mining,ವೀರಯ್ಯ .ಡಿ.ಎಸ್,Veerayya D S
3464,24/03/2017,ವಸತಿ,Housing,ವಸತಿ ಯೋಜನೆ ಅಟಿಯಲ್ಲಿ ಮನೆ ನಿರ್ಮಿಸುವ ಕುರಿತು,About building a home in a housing project,ವೀರಯ್ಯ .ಡಿ.ಎಸ್,Veerayya D S
3465,24/03/2017,ಪ್ರಾಥಮಿಕ ಮತ ಪ್ರೌಡ ಶಿಕ್ಷಣ,Primary Voting Education,ಆರ್.ಟಿ.ಇ. ಅಡಿಯಲ್ಲಿ ಅರ್ಜಿ ಸ್ವೀಕರಿಸಲು ವಿಳಂಬವಾಗುತ್ತಿರುವ ಬಗ್ಗೆ,RTE About delay to accept the application under,ವೀರಯ್ಯ .ಡಿ.ಎಸ್,Veerayya D S
3466,24/03/2017,ಶಿಕ್ಷಣ,Education,ಉನ್ನತ ಶಿಕ್ಷಣದ ವಿದ್ಯಾರ್ಥಿಗಳಿಗೆ ಲ್ಯಾಪ್‌ಟಾಪ್ ವಿತರಣೆ ಕುರಿತು,Laptop Distribution for Higher Education Students,ವೀರಯ್ಯ .ಡಿ.ಎಸ್,Veerayya D S
3467,24/03/2017,ಉನ್ನತ ಶಿಕ್ಷಣ,Higher education,ಕೊಡಗು ಜಿಲ್ಲೆಯಲ್ಲಿ ಖಾಲಿ ಇರುವ ಪದವಿ ಪೂರ್ವ ಉಪನ್ಯಾಸಕರ ಹುದ್ದೆ ಕುರಿತು,About the post graduate pre-lecturer in Kodagu district,ವೀಣಾ ಅಚ್ಚಯ್ಯ .ಎಸ್,Veena achchaiah S
3468,24/03/2017,ಸಣ್ಣ ಕೈಗಾರಿಕೆ,Small industry,ರಾಜ್ಯದಲ್ಲಿ ಮಹಿಳಾ ಉದ್ಯಮಿಗಳಿಗೆ ಸಣ್ಣ ಕೈಗಾರಿಕೆಗಳನ್ನು ಸ್ಥಾಪಿಸಲು ವಿಶೇಷ ಸವಲತ್ತುಗಳನ್ನು ನೀಡುವ ಕುರಿತು,About providing special privileges to establish small industries for women entrepreneurs in the state,ವೀಣಾ ಅಚ್ಚಯ್ಯ .ಎಸ್,Veena achchaiah S
3469,24/03/2017,ಗ್ರಾಮೀಣಾಭಿವೃದ್ಧಿ ಮತ್ತು ಪಂಚಾಯತ್ ರಾಜ್,Rural Development and Panchayat Raj,ತಾಲ್ಲೂಕು ಯೋಜನಾಧಿಕಾರಿ ಹುದ್ದೆಯನ್ನು ಪಂಚಾಯತ್ ಅಭಿವೃದ್ಧಿ ಅಧಿಕಾರಿಗಳ ವೃಂದದಿಂದ ತುಂಬುವ ಕುರಿತು,Talking about filling up the Planning Commissioner's post with a team of panchayat development officials,ವೀಣಾ ಅಚ್ಚಯ್ಯ .ಎಸ್,Veena achchaiah S
3470,24/03/2017,ಉನ್ನತ ಶಿಕ್ಷಣ,Higher education,ಕೊಡಗು ಜಿಲ್ಲೆಯಲ್ಲಿ ಪದವಿ / ಸ್ನಾತಕೋತ್ತರ ಅಧ್ಯಯನ ಕೇಂದ್ರಗಳ ಖಾಲಿ ಹುದ್ದೆ ತುಂಬುವ ಕುರಿತು,About filling up the vacant post graduate / postgraduate studies centers in Kodagu district,ವೀಣಾ ಅಚ್ಚಯ್ಯ .ಎಸ್,Veena achchaiah S
3471,24/03/2017,ವಸತಿ,Housing,ಕೊಡಗು ಜಿಲ್ಲೆಯಲ್ಲಿ ವಸತಿ/ ನಿವೇಶನ ರಹಿತರಿಗೆ ವಸತಿ ನಿವೇಶನ ಕಲ್ಪಿಸುವ ಕುರಿತು,Concerned about providing housing for resident / non-resident in Kodagu district,ವೀಣಾ ಅಚ್ಚಯ್ಯ .ಎಸ್,Veena achchaiah S
3472,24/03/2017,ಉನ್ನತ ಶಿಕ್ಷಣ,Higher education,ಬೀದರ್ ಸರ್ಕಾರಿ ಇಂಜಿನಿಯರಿಂಗ್ ಕಾಲೇಜಿನ ಬಗ್ಗೆ,Bidar About Government Engineering College,ವಿಜಯ ಸಂಗ್,Vijay Singh
3473,24/03/2017,ಪ್ರಾಥಮಿಕ ಮತ ಪ್ರೌಡ ಶಿಕ್ಷಣ,Primary Voting Education,ಬೀದರ್ ಜಿಲ್ಲೆಯ ಸರ್ಕಾರಿ ಶಾಲೆಗಳ ದಾಖಲಾತಿಗಳ ಬಗ್ಗೆ,Registration of government schools in Bidar district,ವಿಜಯ ಸಂಗ್,Vijay Singh
3474,24/03/2017,ಗ್ರಾಮೀಣಾಭಿವೃದ್ಧಿ ಮತ್ತು ಪಂಚಾಯತ್ ರಾಜ್,Rural Development and Panchayat Raj,ಬೀದರ್ ಜಿಲ್ಲೆಯ ಗ್ರಾಮೀಣ ಅಭಿವೃದ್ಧಿ ಮತ್ತು ಪಂಚಾಯತ್ ರಾಜ್ ಕಾಮಗಾರಿಗಳ ಬಗ್ಗೆ,About rural development and panchayat raj works in Bidar district,ವಿಜಯ ಸಿಂಗ್,Vijay Singh
3475,24/03/2017,ಬೃಹತ್ ಮತ್ತು ಮಧ್ಯಮ ಕೈಗಾರಿಕೆ,Large and medium enterprise,ಕೈಗಾರಿಕಾ ಪ್ರದೇಶದ ಜಮೀನಿನ ಬಗ್ಗೆ,About the land of the industrial area,ಬಸನಗೌಡ ಆರ್ ಪಾಟೀಲ್,Basanagowda R Patil
3476,24/03/2017,ಗ್ರಾಮೀಣಾಭಿವೃಧ್ಧಿ ಮತ್ತು ಪಂಚಾಯತ್ ರಾಜ್,Rural Development and Panchayat Raj,ಪರಿಹಾರ ನೀಡಲು ವಿಳಂಬ,Delay to deliver,ಬಸನಗೌಡ ಆರ್ ಪಾಟೀಲ್,Basanagowda R Patil
3477,24/03/2017,ಗ್ರಾಮೀಣಾಭಿವೃದ್ಧಿ ಮತ್ತು ಪಂಚಾಯತ್ ರಾಜ್,Rural Development and Panchayat Raj,ಶೌಚಾಲಯ ನಿರ್ಮಾಣದ ಬಗ್ಗೆ,About toilet construction,ಬಸನಗೌಡ ಆರ್ ಪಾಟೀಲ್,Basanagowda R Patil
3478,24/03/2017,ಉನ್ನತ ಶಿಕ್ಷಣ,Higher education,ರಾಜ್ಯದ ವಿಶ್ವವಿದ್ಯಾಲಯಗಳಲ್ಲಿ ನಡೆದ ಅವ್ಯವಹಾರಗಳ ಬಗ್ಗೆ,About Disputes in State Universities,ಬಸವರಾಜ ಶಿವಲಿಂಗಪ್ಪ ಹೊರಟ್ಟಿ,Basavaraja Shivalingappa Horatti
3479,24/03/2017,ಸಾರಿಗೆ,Transport,ಸಾರಿಗೆ ನೌಕರರ ವರ್ಗಾವಣೆ ಕುರಿತು,About Transfer of Transport Employees,ಬಸವರಾಜ ಪಾಟೀಲ್ ಇಟಗಿ,Basavaraja Patil Itagi
3480,24/03/2017,ಪ್ರಾಥಮಿಕ ಮತ್ತು ಪ್ರೌಢ ಶಿಕ್ಷಣ,Primary and Secondary Education,ವಕ್ಫ್ ಇಲಾಖೆ ಅನುದಾನ ಬಗ್ಗೆ,About Wakf Department Grants,ಬಸವರಾಜ ಪಾಟೀಲ್ ಇಟಗಿ,Basavaraja Patil Itagi
3481,24/03/2017,ಸರಿಗೆ,The cargo,ವಾಯುವ್ಯ ಕರ್ನಾಟಕ ಸಾರಿಗೆ ಸಂಸ್ಥೆಯ ಹಾನಿ ಕುರಿತು,About Northwest Karnataka Transport Company's Damage,ಬಸವರಾಜ ಶಿವಲಿಂಗಪ್ಪ ಹೊರಟ್ಟಿ,Basavaraja Shivalingappa Horatti
3482,24/03/2017,ಸರಿಗೆ,The cargo,ವಾಯುವ್ಯ ಕರ್ನಾಟಕ ಸಾರಿಗೆ ಸಂಸ್ಥೆಯ ಹಾನಿ ಕುರಿತು,About Northwest Karnataka Transport Company's Damage,ಬಸವರಾಜ ಶಿವಲಿಂಗಪ್ಪ ಹೊರಟ್ಟಿ,Basavaraja Shivalingappa Horatti
3483,24/03/2017,ಉನ್ನತ ಶಿಕ್ಷಣ,Higher education,ಅನುದಾನಿತ ಪದವಿ ಕಾಲೇಜುಗಳ:ಲ್ಲಿನ ಬೋಧಕ ವೃಂದದ ಹುದ್ದೆಗಳನ್ನು ಭರ್ತಿಗೊಳಿಸಲು ಅನುಮತಿ ನೀಡುವ ಕುರಿತು,About Permission to fill up the faculty's posts in Aided Degree Colleges:,ಬಸವರಾಜ ಶಿವಲಿಂಗಪ್ಪ ಹೊರಟ್ಟಿ,Basavaraja Shivalingappa Horatti
3484,24/03/2017,ಗ್ರಾಮೀಣಾಭಿವೃಧ್ಧಿ ಮತ್ತು ಪಂಚಾಯತ್ ರಾಜ್,Rural Development and Panchayat Raj,ರಾಜ್ಯದಲ್ಲಿ ಕುಢಿಯುವ ನೀರಿನ ಪ್ರಯೋಗಾಲಯಗಳ ಸ್ಥಾಪಿಸಿರುವ ಕುರಿತು,About establishing drainage water laboratories in the state,ಬಸವರಾಜ ಶಿವಲಿಂಗಪ್ಪ ಹೊರಟ್ಟಿ,Basavaraja Shivalingappa Horatti
3485,24/03/2017,ಉನ್ನತ ಶಿಕ್ಷಣ,Higher education,೧೯೯೪-೯೫ನೇ ಸಾಲಿನವರೆಗೆ ಪ್ರಾರಂಭಿಸಿದ ಪ್ರಥಮ ದರ್ಜೆ ಕಾಲೇಜುಗಳನ್ನು ಅನುದಾನಕ್ಕೆ ಒಳಪಡಿಸುವ ಕುರಿತು,About granting first-class colleges starting from 1994-95,ಬಸವರಾಜ ಶಿವಲಿಂಗಪ್ಪ ಹೊರಟ್ಟಿ,Basavaraja Shivalingappa Horatti
3486,24/03/2017,ಗ್ರಾಮೀಣಾಭಿವೃದ್ಧಿ ಮತ್ತು ಪಂಚಾಯತ್ ರಾಜ್,Rural Development and Panchayat Raj,ಮಹಾತ್ಮಾಗಾಂಧಿ ರಾಷ್ಟ್ರೀಯ ಗ್ರಾಮೀಣ ಉದ್ಯೋಗ ಖಾತರಿ ಯೋಜನೆಯಡಿ ಕಾಮಗಾರಿಗಳನ್ನು ಕೈಗೊಂಡಿರುವ ಬಗ್ಗೆ,About the works under the Mahatma Gandhi National Rural Employment Guarantee Scheme,ಲಹರ್‌ಸಿಂಗ್,Lahar Singh Siroya
3487,24/03/2017,ಬೃಹತ್ ಮತ್ತು ಮಧ್ಯಮ ಕೈಗಾರಿಕೆ,Large and medium enterprise,ನೂತನ ಕೈಗಾರಿಕಾ ನೀತಿಗಳ ಬಗ್ಗೆ,About new industrial policies,ಲಕ್ಷ್ಮಿನಾರಾಯಣ. ಎಂ.ಡಿ,Lakshmi Narayana MD
3488,24/03/2017,ಕನ್ನಡ ಮತ್ತು ಸಂಸ್ಕೃತಿ,Kannada and culture,ತುರುವೇಕೆರೆ ತಾಲ್ಲೂಕಿನ ಕನ್ನಡ ಭವನಕ್ಕೆ ವಾಚನಾಲಯ ಮಂಜೂರು ಮಾಡುವ ಬಗ್ಗೆ,About sanctioning of Vachanalaya to Kannada Bhavan in Trivikere Taluk,ಲಕ್ಷ್ಮೀನಾರಾಯಣ .ಎಂ.ಡಿ,Lakshmi Narayana MD
3489,24/03/2017,ಸಾರಿಗೆ,Transport,ತುಮಕೂರು ಜಿಲ್ಲೆಯ ಗ್ರಾಮಗಳಿಗೆ ಬಸ್ ಸೌಕರ್ಯ ಕಲ್ಪಿಸುವ ಬಗ್ಗೆ,Bus facilities for villages in Tumkur district,ಲಕ್ಷ್ಮೀನಾರಾಯಣ .ಎಂ.ಡಿ,Lakshmi Narayana MD
3490,24/03/2017,ಸಣ್ಣ ಕೈಗಾರಿಕೆ,Small industry,ನಕಾರರಿಗೆ ಉದ್ಯೋಗ ಮಾಡಲು ಜಮೀನು ಮಂಜೂರು ಮಾಡುವ ಬಗ್ಗೆ,About granting land to shameless workers,ಲಕ್ಷ್ಮೀನಾರಾಯಣ .ಎಂ.ಡಿ,Lakshmi Narayana MD
3491,24/03/2017,ಸಾರಿಗೆ,Transport,ವೋಲ್ವೋ ಬಸ್‌ಗಳಲ್ಲಿ ನೀರಿನ ಸೌಲಭ್ಯ ಕಡಿತಗೊಳಿಸುವ ಬಗ್ಗೆ,About reduction of water facility on Volvo buses,ಲಕ್ಷ್ಮೀನಾರಾಯಣ .ಎಂ.ಡಿ,Lakshmi Narayana MD
3492,24/03/2017,ಉನ್ನತ ಶಿಕ್ಷಣ,Higher education,ಸರ್ಕಾರಿ ಪ್ರಥಮ ದರ್ಜೆ ಕಾಲೇಜುಗಳಲ್ಲಿ ಖಾಲಿ ಇರುವ ಹುದ್ದೆಗಳ ಬಗ್ಗೆ,About vacant posts in government first-class colleges,ಶ್ರೀಕಂಠೇಗೌಡ .ಕೆ.ಟಿ,Srikantegowda KT
3493,24/03/2017,ಉನ್ನತ ಶಿಕ್ಷಣ,Higher education,ವಸೂರಿನಲ್ಲಿ ಆಯುಕ್ತಾಲಯವನ್ನು ಆರಂಬಿಸುವ ಬಗ್ಗೆ,About raising a commission in Vasur,ಶ್ರೀಕಂಠೇಗೌಡ .ಕೆ.ಟಿ,Srikantegowda KT
3494,24/03/2017,ಉನ್ನತ ಶಿಕ್ಷಣ,Higher education,ಖಾಸಗಿ ಅನುದಾನಿತ ಪಾಲಿಟೆಕ್ನಿಕ್ ಕಾಲೇಜುಗಳ ವೇತನಾನುದಾನಕ್ಕೆ ಒಳಪಡಿಸುವ ಬಗ್ಗೆ,About Placing Private Aided Polytechnic Colleges,ಶ್ರೀಕಂಠೇಗೌಡ .ಕೆ.ಟಿ,Srikantegowda KT
3495,24/03/2017,ಗ್ರಾಮೀಣಾಭಿವೃದ್ಧಿ ಮತ್ತು ಪಂಚಾಯತ್ ರಾಜ್,Rural Development and Panchayat Raj,ಶುದ್ಧ ಕುಡಿಯುವ ನೀರಿನ ಘಟಕಗಳನ್ನು ಸ್ಥಾಪಿಸುವ ಬಗ್ಗೆ,About establishing clean drinking water plants,ಮನೋಹರ .ಸಿ.ಆರ್,Manohara CR
3496,24/03/2017,ಪ್ರಾಥಮಿಕ ಮತ್ತು ಪ್ರೌಢ ಶಿಕ್ಷಣ,Primary and Secondary Education,ವಾಣಿಜ್ಯ ಪರೀಕ್ಷೆಗಳಾದ ಬೆರಳಚ್ಚು ಮತ್ತು ಶೀಘ್ರಲಿಪಿ ಪರೀಕ್ಷೆಗಳ ಮೌಲ್ಯ ಮಾಪನ ಕೇಂದ್ರಗಳ ಬಗ್ಗೆ,About the evaluation centers of the value of fingerprint and switcher tests such as commercial tests,ಮನೋಹರ್ .ಸಿ.ಆರ್,Manohara CR
3497,24/03/2017,ಬೃಹತ್ ಮತ್ತು ಮಧ್ಯಮ ಕೈಗಾರಿಕೆ,Large and medium enterprise,ಕೋಲಾರ ಮತ್ತು ಚಿಕ್ಕಬಳ್ಳಾಪುರ ಜಿಲ್ಲೆಗಳಲ್ಲಿರುವ ಕೈಗಾರಿಕೆಗಳ ಬಗ್ಗೆ,About Industries in Kolar and Chikkaballapur Districts,ಮನೋಹರ್ .ಸಿ.ಆರ್,Manohara CR
3498,24/03/2017,ಗ್ರಾಮೀಣಾಭಿವೃಧ್ಧಿ ಮತ್ತು ಪಂಚಾಯತ್ ರಾಜ್,Rural Development and Panchayat Raj,ಗ್ರಾಮೀಣಾಭಿವೃದ್ಧಿ ಮತ್ತು ಪಂಚಾಯತ್ ರಾಜ್ ಇಲಾಖೆಯಿಂದ ಬಿಡುಗಡೆಯಾದ ಅನುದಾನ,Grants released from Rural Development and Panchayat Raj Department,ಮನೋಹರ್ .ಸಿ.ಆರ್,Manohara CR
3499,24/03/2017,ವಸತಿ,Housing,ವಸತಿ ಯೋಜನೆಗಳಡಿ ಮಂಜೂರಾದ ಮನೆಗಳ ಬಗ್ಗೆ,About houses sanctioned under housing schemes,ಮನೋಹರ್ .ಸಿ.ಆರ್,Manohara CR
3500,24/03/2017,ಉನ್ನತ ಶಿಕ್ಷಣ,Higher education,ನೂತನ ಕಾಲೇಜು ಪ್ರಾರಂಭಿಸುವ ಬಗ್ಗೆ,About starting a new college,ಮಾನೆ ಶ್ರೀನಿವಾಸ,Mane Srinivas
3501,24/03/2017,ವಸತಿ,Housing,ಸಿನಿಮಾ ಕಲಾವಿದರಿಗೆ ದರದಲ್ಲಿ ನಿವೇಶನ ನೀಡುವ ಬಗ್ಗೆ,About providing space for movie artists,ಮಾನೆ ಶ್ರೀನಿವಾಸ,Mane Srinivas
3502,24/03/2017,ಸಾರಿಗೆ,Transport,ಓಲಾ-ಉಬರ್ ಟ್ಯಾಕ್ಸಿಗಳಿಗೆ ನಿಗದಿಯಾಗಿರುವ ಕನಿಷ್ಠ ದರದ ಬಗ್ಗೆ,About the minimum rate fixed for Ola-Uber taxis,ಮಾನೆ ಶ್ರೀನಿವಾಸ್,Mane Srinivas
3503,24/03/2017,ಗ್ರಾಮೀಣಾಭಿವೃಧ್ಧಿ ಮತ್ತು ಪಂಚಾಯತ್ ರಾಜ್,Rural Development and Panchayat Raj,ಚಿಕ್ಕಮಂಗಳೂರು ಜಿಲ್ಲೆಯ ಗ್ರಾಮ ಪಂಚಾಯತಿಗಳ ರಸ್ತೆ ಕಾಮಗಾರಿಗಳ ಬಗ್ಗೆ,About road works of Gram Panchayats in Chikmagalur district,ಮೋಟಮ್ಮ,Motamma
3504,24/03/2017,ಗ್ರಾಮೀಣಾಭಿವೃಧ್ಧಿ ಮತ್ತು ಪಂಚಾಯತ್ ರಾಜ್,Rural Development and Panchayat Raj,ಮೂಡಗೆರೆ ಕ್ಷೇತ್ರ ವ್ಯಾಪ್ತಿಯಲ್ಲಿ ಗ್ರಾಮೀಣಾಭಿವೃದ್ಧಿಗೆ ಬರುವ ಲೂಪ್ ರಸ್ತೆಗಳ ಬಗ್ಗೆ,About Loop Roads to Rural Development in Moodager Ground,ಮೋಟಮ್ಮ,Motamma
3505,24/03/2017,ಅಲ್ಪ ಸಂಖ್ಯಾತರ ಕಲ್ಯಾಣ,Minority Welfare,ಕರ್ನಾಟಕ ಅಲ್ಪಸಂಖ್ಯಾತರ ಇಲಾಖೆಯಲ್ಲಿ ವಿವಿಧ ಯೋಜನೆಗಳ ಅನುಷ್ಠಾನದ ಬಗ್ಗೆ,About the implementation of various schemes in Karnataka Minorities Department,ಅಬ್ದುಲ್ ಜಬ್ಬಾರ್ .ಕೆ,Abdul Jabbar K
3506,24/03/2017,ಪ್ರಾಥಮಿಕ ಮತ್ತು ಪ್ರೌಢ ಶಿಕ್ಷಣ,Primary and Secondary Education,ಸರ್ಕಾರದಿಂದ ಅನುದಾನಕ್ಕೆ ಒಳಪಟ್ಟಂತಹ ಶಾಲಾ ಮತ್ತು ಕಾಲೇಜುಗಳ ಖಾಲಿ ಹುದ್ದೆಗಳ sರ್ತಿಯ ಬಗ್ಗೆ,Regarding the vacancies of school and college vacancies sanctioned by the Government,ಅಮರನಾಥs ಪಾಟೀಲ್,Amaranatha Patil
3507,24/03/2017,ಉನ್ನತ ಶಿಕ್ಷಣ,Higher education,ಬಡ್ತಿ ಹೊಂದಿರುವ ಶಿಕ್ಷಕ/ ಉಪನ್ಯಾಸಕರ ವೇತನ ಕುರಿತು,About paying teacher / lecturer's salary,ಅರುಣ ಶಹಾಪುರ,Aruna Shahaapura
3508,24/03/2017,ಗ್ರಾಮೀಣಾಭಿವೃಧ್ಧಿ ಮತ್ತು ಪಂಚಾಯತ್ ರಾಜ್,Rural Development and Panchayat Raj,ಗ್ರಾಮೀಣ ಭಾಗದ ಕುಡಿಯುವ ನೀರಿನ ಬಗ್ಗೆ,About drinking water in rural areas,ಜಯಮ್ಮ,Jayamma
3509,24/03/2017,ಪ್ರಾಥಮಿಕ ಮತ್ತು ಪ್ರೌಢ ಶಿಕ್ಷಣ,Primary and Secondary Education,ಹೊಸ ಪ್ರೌಢ ಶಾಲೆಗಳನ್ನು ಪ್ರಾರಂಭಿಸುವ ಬಗ್ಗೆ,About launching new high schools,ಜಯಮ್ಮ,Jayamma
3510,24/03/2017,ಉನ್ನತ ಶಿಕ್ಷಣ ಸಚಿವರು,Higher Education Minister,ಕ.ಎಸ್.ಓ.ಯು ಕುರಿತು,About KSO,ಜಯಮಾಲ ರಾಮಚಂದ್ರ,Jayamala Ramachandra
3511,24/03/2017,ಸಾರಿಗೆ,Transport,ಅಟೋ ಮತ್ತು ಟ್ಯಾಕ್ಸಿಗಳಲ್ಲಿ ಮಹಿಳೆಯರ ಬಗ್ಗೆ ಅಸಹ್ಯಕರ ಬರವಣಿಗೆ ಕುರಿತು,About abusive writing about women in auto and taxi,ಜಯಮಾಲ ರಾಮಚಂದ್ರ,Jayamala Ramachandra
3512,24/03/2017,ಗ್ರಾಮೀಣಾಭಿವೃದ್ಧಿ ಮತ್ತು ಪಂಚಾಯತ್ ರಾಜ್,Rural Development and Panchayat Raj,ಕಲಬುರಗಿ ಜಿಲ್ಲೆಯ Uಮ ವಿಕಾಸ ಯೋಜನೆಯ ಅಭಿವೃದ್ಧಿಗೆ ಸಂಬಂಧಿಸಿದಂತೆ,Regarding the development of the UM Vikas Scheme in Kalaburagi district,ಇಕ್ಬಾಲ್ ಅಹ್ಮದ್ ಸರಡಗಿ,Ikbal Ahmad Sadaragi
3513,24/03/2017,ಪ್ರಾಥಮಿಕ ಮತ್ತು ಪ್ರೌಢ ಶಿಕ್ಷಣ,Primary and Secondary Education,ರಾಜ್ಯ ಸರ್ಕಾರ ಪದವಿ ಮೂರ್ವ ಕಾಲೇಜು ಉಪನ್ಯಾಸಕರ ಪ್ರಾಂಶುಪಾಲರ ಹಾಗೂ ಪ್ರೌಢ ಶಾಲಾ ಶಿಕ್ಷಕರ ವೇತನ ತಾರತಮ್ಯ ಸರಿಪಡಿಸಲು ೨ನೇ ವೇತನ ಬಡ್ತಿ ನೇಡುವಲ್ಲಿ ವಿಳಂಬವಾಗಿರುವ ಕುರಿತು,State Government Due to delay in placing second pay promotion to fix pay discrimination on principal and high school teacher's degree in higher education,ರಾಮಚಂದ್ರಗೌಡ,Ramachandra Gowda
3514,24/03/2017,ಪ್ರಾಥಮಿಕ ಮತ್ತು ಪ್ರೌಢ ಶಿಕ್ಷಣ,Primary and Secondary Education,ಸರ್ಕಾರಿ ಶಾಲೆಗಳ ಶಿಕ್ಷಕರು ಮತ್ತು ವಿದ್ಯಾರ್ಥಿಗಳಲ್ಲಿ ೧:೩೦ ಅನುಪಾತವಿರುವಂತೆ ಸರ್ಕಾರಿ ಶಾಲೆಗಳಿಗೂ ೧:೩೦ ಅನುಪಾತವನ್ನು ಮಾನ್ಯ ಉಚ್ಛ ನ್ಯಾಯಾಲಯದ ತೀರ್ಪಿನ ಪ್ರಕಾರ ನೀಡುವ ಕುರಿತು,About government schools with a ratio of 1:30 in teachers and students of government schools to the ratio of 1:30 ratio to a valid high court judgment,ರಾಮಚಂದ್ರಗೌಡ,Ramachandra Gowda
3515,24/03/2017,ಪ್ರಾಥಮಿಕ ಮತ್ತು ಪ್ರೌಢ ಶಿಕ್ಷಣ,Primary and Secondary Education,ಸರ್ಕಾರಿ ಶಾಲೆಗಳಿಗೆ ೬ನೇ ತರಗತಿಯಿಂದ ಆಂಗ್ಲ ಮಾಧ್ಯಮದಲ್ಲಿ ಶಿಕ್ಷಣ ನೀಡಲು ಅನುಮತಿ ನೀಡುತ್ತಿರುವ ರೀತಿಯಲ್ಲಿಯೇ ಆಪೇಕ್ಷಿತ ಅನುದಾನಿತ ಖಾಸಗಿ ಶಾಲೆಗಳಿಗೂ ಅನುಮತಿ ನೀಡುವ ಕುರಿತು,About granting permission to government-run private schools in the same way as granting education to the English medium from the 6th standard.,ರಾಮಚಂದ್ರಗೌಡ,Ramachandra Gowda
3516,24/03/2017,ಉನ್ನತ ಶಿಕ್ಷಣ,Higher education,೨೦೦೬ ಕ್ಕಿಂತ ಮೊದಲು ನೇಮಕಗೊಂಡ ೨೦೦೮ ರಲ್ಲಿ ಅನುಮೋದನೆಗೊಂಡ ಅನುದಾನಿತ ವಿದ್ಯಾಲಯಗಳ ಬೋಧಕ ಮತ್ತು ಬೋಧಕೇತರ ನೌಕರರಿಗೆ ಪಿಂಚಣಿ ಸೌಲಭ್ಯ ನೀಡುವ ಕುರಿತು,"About Pensions for Instructor and Non-teaching Employees of Aided Institutions Approved 2008, Appointed Before 2006",ರಾಮಚಂದ್ರಗೌಡ,Ramachandra Gowda
3517,24/03/2017,ಉನ್ನತ ಶಿಕ್ಷಣ,Higher education,ಬೆಂಗಳೂರು ಸೆಚಿಟ್ರಲ್ ಹಾಗೂ ಬೆಂಗಳೂರು ಉತ್ತರ ವಿಶ್ವವಿದ್ಯಾಲಯಗಳಿಗೆ ಮೂಲಭೂತ ಸೌಕರ್ಯಗಳಿಗೆ ಹಣ ಬಿಡುಗಡೆ ವಿಳಂಬವಾಗಿರುವ ಬಗ್ಗೆ,The delay in releasing funding for infrastructure to Bangalore Secretariat and Bangalore North Universities,ರಾಮಚಂದ್ರಗೌಡ,Ramachandra Gowda
3518,24/03/2017,ಪ್ರಾಥಮಿಕ ಮತ್ತು ಪ್ರೌಢ ಶಿಕ್ಷಣ,Primary and Secondary Education,೧೯೯೪-೯೫ರ ಅವಧಿಯವರೆಗೆ ಅನುದಾನಕ್ಕೊಳಪಟ್ಟಿರುವ ಪದವಿ ಪೂರ್ವ ಕಾಲೇಜಿನ ದೈಹಿಕ ಶಿಕ್ಷಕರ ಹುದ್ದೆಗಳನ್ನು ಭರ್ತಿ ಮಾಡಿರುವ ಕುರಿತು,"Regarding filling up of Physical Teachers posts in Graduate Graduate College, 1994-95",ರಮೇಶ ಬಾಬು,Ramesha Babu
3519,24/03/2017,ಗ್ರಾಮೀಣಾಭಿವೃಧ್ಧಿ ಮತ್ತು ಪಂಚಾಯತ್ ರಾಜ್,Rural Development and Panchayat Raj,ಗ್ರಾಮೀಣಾಭಿವೃದ್ಧಿ ಮತ ಪಂಚಾಯತ್ ರಾಜ್ ಇಲಾಖೆಯಲ್ಲಿ ಆಯವ್ಯಯದ ಅನುದಾನದ ಬಗ್ಗೆ,Rural Development Vote Panchayat Raj Department of Financial Assistance,ರವಣ್ಣ .ಹೆಚ್.ಎಂ,Revanna H M
3520,24/03/2017,ಸಾರಿಗೆ,Transport,ರಾಜ್ಯದ ರಾಷ್ಟ್ರೀಯ ಹೆದ್ದಾರಿ ಸಂಚಾರದ ಬಗ್ಗೆ,About the state highway,ರವಣ್ಣ .ಹೆಚ್.ಎಂ,Revanna H M
3521,24/03/2017,ಉನ್ನತ ಶಿಕ್ಷಣ,Higher education,ಬೆಂಗಳೂರು ವಿಶ್ವವಿದ್ಯಾಯಲಯದ ಎಂ.ಎ. ಎಂ.ಕಾಂ. ಎಂ.ಎಸ್ಸಿ. ಫಲಿತಾಂಶದ ಬಗ್ಗೆ,MA University of Bangalore University M.C. M.Sc. About the outcome,ರವಣ್ಣ .ಹೆಚ್.ಎಂ,Revanna H M
3522,24/03/2017,ಪ್ರಾಥಮಿಕ ಮತ್ತು ಪ್ರೌಢ ಶಿಕ್ಷಣ,Primary and Secondary Education,ಪ್ರಾಥಮಿಕ ಮತ್ತು ಪ್ರೌಢ ಶಿಕ್ಷಣ ಇಲಾಖೆ ಜಂಟಿ ನಿರ್ದೇಶಕರು ಉಪ ನಿರ್ದೇಶಕರು ಕ್ಷೇತ್ರ ಶಿಕ್ಷಣಾಧಿಕಾರಿಗಳ ಹುದ್ದೆಗಳ ಬಗ್ಗೆ,Deputy Director of Primary and Secondary Education Joint Director Deputy Director of Posts,ರವಣ್ಣ .ಹೆಚ್.ಎಂ,Revanna H M
3523,24/03/2017,ಉನ್ನತ ಶಿಕ್ಷಣ,Higher education,ಬೆಂಗಳೂರು ವಿಭಜಿತ ವಿಶ್ವವಿದ್ಯಾಲಯ ಆರಂಭ ಕುರಿತು,About Bengaluru Split University,ರಘು ಆಚಾರ್ .ಜಿ,Raghu Achar G
3524,24/03/2017,ಬೃಹತ್ ಮತ್ತು ಮಧ್ಯಮ ಕೈಗಾರಿಕೆ,Large and medium enterprise,ದೊಡ್ಡ ಪ್ರಮಾಣದ ಕೈಗಾರಿಕೆ,Large industry,ರಘುನಾಥ ರಾವ್ ಮಲ್ಕಾಪೂರೆ,Raghunath Rao Malkapore
3525,24/03/2017,ಗ್ರಾಮೀಣಾಭಿವೃಧ್ಧಿ ಮತ್ತು ಪಂಚಾಯತ್ ರಾಜ್,Rural Development and Panchayat Raj,ನಕಲಿ ಬಿಲ್ ತಯಾರಿಸಿ ಹಣ ದುರುಪಯೋಗ ಮಾಡಿರುವ ಬಗ್ಗೆ,Making a duplicate bill and misuse of money,ರಘುನಾಥ ರಾವ್ ಮಲ್ಕಾಪೂರೆ,Raghunath Rao Malkapore
3526,24/03/2017,ಗ್ರಾಮೀಣಾಭಿವೃಧ್ಧಿ ಮತ್ತು ಪಂಚಾಯತ್ ರಾಜ್ ಸಚಿವರು,Rural Development and Panchayat Raj ministers,ಕಾಮಗಾರಿಗಳಿಗೆ ತಗಲುವ ವೆಚ್ಚ,Cost to work,ರಘುನಾಥ ರಾವ್ ಮಲ್ಕಾಪೂರೆ,Raghunath Rao Malkapore
3527,24/03/2017,ಉನ್ನತ ಶಿಕ್ಷಣ,Higher education,ಬೀದರ್‌ನಲ್ಲಿ ತಾಂತ್ರಿಕ ಮಹಾವಿದ್ಯಾಲಯ ಪ್ರಾರಂಬಿಸುವ ಬಗ್ಗೆ,About launching a technical college in Bidar,ರಘುನಾಥ ರಾವ್ ಮಲ್ಕಾಪೂರೆ,Raghunath Rao Malkapore
3528,24/03/2017,ಪ್ರಾಥಮಿಕ ಮತ್ತು ಪ್ರೌಢ ಶಿಕ್ಷಣ,Primary and Secondary Education,ಶತಮಾನ ಕಂಡ ಸರ್ಕಾರಿ ಕನ್ನಡ ಶಾಲೆಗಳು,Government Kannada Schools Centenary,ರಘುನಾಥ ರಾವ್ ಮಲ್ಕಾಪೂರೆ,Raghunath Rao Malkapore
3529,24/03/2017,ಗಣಿ ಮತ್ತು ಭೂ ವಿಜ್ಞಾನ,Mine and geology,ಮಾಗಡಿ ತಾಲ್ಲೂಕಿನಲ್ಲಿ ಸರ್ಕಾರಿ ಜಮೀನಿನಲ್ಲಿ ಕಲ್ಲು ಗಣಿಗಾರಿಕೆ ಮಾಡುವ ಬಗ್ಗೆ,About stone mining on government land in Magadi taluk,ರೇವಣ್ಣ .ಹೆಚ್.ಎಂ,Revanna H M
3530,24/03/2017,ಪ್ರಾಥಮಿಕ ಮತ್ತು ಪ್ರೌಢ ಶಿಕ್ಷಣ,Primary and Secondary Education,ಗಡಿ ಪ್ರದೇಶದ ತಾಲ್ಲೂಕುಗಳು ಲತ್ತು ಶಾಲಾ-ಕಾಲೇಜುಗಳು,Border Talks are Late School-Colleges,ಉಗ್ರಪ್ಪ .ವಿ.ಎಸ್,Ugrappa VS
3531,24/03/2017,ಪ್ರಾಥಮಿಕ ಮತ್ತು ಪ್ರೌಢ ಶಿಕ್ಷಣ,Primary and Secondary Education,ಆರ್.ಟಿ.ಇ. ಸೀಟುಗಳ ಹಂಚಿಕೆ ಬಗ್ಗೆ,RTE About sharing of seats,ರಿಜ್ವಾನ ಅರ್ಷದ್,Rizwan Harshad
3532,24/03/2017,ಉನ್ನತ ಶಿಕ್ಷಣ,Higher education,ಬೆಂಗಳೂರು ವಿ.ವಿ.ಯಲ್ಲಿನ ಪದವಿ ಕೋರ್ಸಗಳ ಮೌಲ್ಯಮಾಪನದ ಬಗ್ಗೆ,About Evaluation of Degree Courses in Bangalore University,ರಿಜ್ವಾನ ಅರ್ಷದ್,Rizwan Harshad
3533,24/03/2017,ಬೃಹತ್ ಮತ್ತು ಮಧ್ಯಮ ಕೈಗಾರಿಕೆ,Large and medium enterprise,ಹೂಡಿಕೆದಾರರ ಸಮಾವೇಶ ಮತ್ತು ಬಂಡವಾಳ ಹೂಡಿಕೆ ಬಗ್ಗೆ,About Investor Convention and Investment,ರಿಜ್ವಾನ ಅರ್ಷದ್,Rizwan Harshad
3534,24/03/2017,ಪ್ರಾಥಮಿಕ ಮತ್ತು ಪ್ರೌಢ ಶಿಕ್ಷಣ,Primary and Secondary Education,ಮಕ್ಕಳ ಸುರಕ್ಷತಾ ನೀತಿ ಜಾರಿ ಬಗ್ಗೆ,About Child Safety Policy Enforcement,ರಿಜ್ವಾನ್ ಅರ್ಷದ್,Rizwan Harshad
3535,24/03/2017,ಮೂಲಸೌಲಭ್ಯ ಅಭಿವೃದ್ಧಿ,Infrastructure Development,ವಿಮಾನ ನಿಲ್ದಾಣಕ್ಕೆ ಮಂಗಳೂರಿನಲ್ಲಿ ಭೂಮಿ ನೀಡದಿರುವ ಬಗ್ಗೆ,About landing at Mangalore airport,ಐವಾನ್ ಡಿ ಸೋಜಾ,Ivan Disoza
3536,24/03/2017,ಪಥಮಿಕ ಮತ್ತು ಪ್ರೌಢ ಶಿಕ್ಷಣ,Primary and Secondary Education,ಸರ್ಕಾರಿ ಶಾಲೆಗಳಿಗೆ ಮೂಲ ಸೌಲಭ್ಯಗಳು ಹಾಗೂ ಶೈಕ್ಷಣಿಕ ಕೊರತೆಯ ಬಗ್ಗೆ,Government schools have basic facilities and educational shortcomings,ಐವಾನ್ ಡಿ ಸೋಜಾ,Ivan Disoza
3537,24/03/2017,ಮೂಲಸೌಲಭ್ಯ ಅಭಿವೃದ್ಧಿ,Infrastructure Development,ಮಂಗಳೂರಿನಲ್ಲಿ ಇನ್‌ವೆಸ್ಟ್ ಕರ್ನಾಟಕದ ಕಾರ್ಯಕ್ರಮವನ್ನು ನಡೆಸುವ ಬಗ್ಗೆ,About conducting Invest Karnataka in Mangalore,ಐವಾನ್ ಡಿ ಸೋಜಾ,Ivan Disoza
3538,24/03/2017,ಸಾರಿಗೆ,Transport,ಆರ್.ಟಿ.ಓ. ಕಛೇರಿಯನ್ನು ತೆರೆಯುವ ಬಗ್ಗೆ,RTO About opening office,ಐವಾನ್ ಡಿ ಸೋಜಾ,Ivan Disoza
3539,24/03/2017,ಉನ್ನತ ಶಿಕ್ಷಣ,Higher education,ಮಂಗಳೂರಿನ ವಿಶ್ವವಿದ್ಯಾಲಯದ ಅಧ್ಯಯನ ಪೀಠದ ಬಗ್ಗೆ,About University Study Pvt,ಐವಾನ್ ಡಿ ಸೋಜಾ,Ivan Disoza
3540,24/03/2017,ಪ್ರಾಥಮಿಕ ಮತ್ತು ಪ್ರೌಢ ಶಿಕ್ಷಣ,Primary and Secondary Education,ರಾಜ್ಯದಲ್ಲಿ ಪ್ರೌಢ ಶಾಲಾ ಸಹ ಶಿಕ್ಷಕರಿಗೆ ಹಾಗೂ ಪ್ರೌಢ ಶಾಲಾ ಮುಖ್ಯೋಪಾಧ್ಯಾಯರಿಗೆ ಪ್ರತಿ ತಿಂಗಳ ವಿಶೇಷ ಭತ್ಯೆ ಮಂಜೂರಾತಿ ಬಗ್ಗೆ,Special Allowance Approval for each month for high school teachers and high school headmasters in the state,ಕ್ಯಾಪ್ಟನ್ ಗಣೇಶ್ ಕಾರ್ಣಿಕ್,Capt. Ganesh Karnik
3541,24/03/2017,ಪ್ರಾಥಮಿಕ ಮತ್ತು ಪ್ರೌಢ ಶಿಕ್ಷಣ,Primary and Secondary Education,ರಾಜ್ಯದಲ್ಲಿ ಕನ್ನಡ ಮಾಧ್ಯಮ ಪ್ರಾಥಮಿಕ ಪ್ರೌಢ ಮತ್ತು ಪದವಿ ಪೂರ್ವ ಶಿಕ್ಷಣ ಸಂಸ್ಥೆಗಳ ಕುರಿತು,About Kannada medium primary masters and graduate education institutions in the state,ಕ್ಯಾಪ್ಟನ್ ಗಣೇಶ್ ಕಾರ್ಣಿಕ್,Capt. Ganesh Karnik
3542,24/03/2017,ಪ್ರಾಥಮಿಕ ಮತ್ತು ಪ್ರೌಢ ಶಿಕ್ಷಣ,Primary and Secondary Education,"ರಾಜ್ಯದಲ್ಲಿ ""ಆದರ್ಶ ವಿದ್ಯಾಮಂದಿರ"" ಎನ್ನುವ ಮಾದರಿ ಶಾಲೆಯನ್ನು ಪ್ರಾರಂಭಿಸುವ ಬಗ್ಗೆ","About starting a model school called ""Idea Vidya Mandir"" in the state",ಕ್ಯಾಪ್ಟನ್ ಗಣೇಶ್ ಕಾರ್ಣಿಕ್,Capt. Ganesh Karnik
3543,24/03/2017,ಪ್ರಾಥಮಿಕ ಮತ್ತು ಪ್ರೌಢ ಶಿಕ್ಷಣ,Primary and Secondary Education,ಸರ್ಕಾರವು ದೈಹಿಕ ಶಿಕ್ಷಕರಿಗೆ ಉನ್ನತ ಶಿಕ್ಷಣ ನೀಡುವಂತಾಗಲು ಅವಕಾಶ ಕಲ್ಪಿಸುವ ಬಗ್ಗೆ,About allowing the government to give higher education to physical teachers,ಕ್ಯಾಪ್ಟನ್ ಗಣೇಶ್ ಕಾರ್ಣಿಕ್,Capt. Ganesh Karnik
3544,24/03/2017,ಗಣಿ ಮತ್ತು ಭೂವಿಜ್ಞಾನ,Mine and geology,ರಾಜ್ಯದೊಳಗೆ ಅಕ್ರಮವಾಗಿ ಮರಳು ಸಾಗಾಣಿಕೆಯಾಗುತ್ತಿರುವ ಬಗ್ಗೆ,About illegal sand transport in the state,ಕವಟಗಿಮಠ ಮಹಂತೇಶ ಮಲ್ಲಿಕಾರ್ಜುನ,Kavatimata Mahantesha Mallikarjuna
3545,24/03/2017,ಗ್ರಾಮೀಣಾಭಿವೃಧ್ಧಿ ಮತ್ತು ಪಂಚಾಯತ್ ರಾಜ್,Rural Development and Panchayat Raj,ಗ್ರಾಮೀಣಾಭಿವದ್ಧಿ ಮತ್ತು ಪಂಚಾಯತ್ ಇಲಾಖೆಯ ಅಭಿವೃದ್ಧಿ ಕಾರ್ಯಗಳು ಅನುದಾನ ಕೊರತೆಯಿಂದ ಅಪೂರ್ಣವಾಗಿರುವ ಬಗ್ಗೆ,Developmental activities of the Rural Development and Panchayat Department are incomplete with the lack of funds,ಕವಟಗಿಮಠ ಮಹಂತೇಶ ಮಲ್ಲಿಕಾರ್ಜುನ,Kavatimata Mahantesha Mallikarjuna
3546,24/03/2017,ವಸತಿ,Housing,ಬೆಳಗಾವಿ ಜಿಲ್ಲೆಯ ಕೊಳಗೇರಿ ಪ್ರದೇಶಗಳು ಅಭಿವೃದ್ಧಿಯಾಗದೆ ಇರುವ ಬಗ್ಗೆ,The slums of the Belgaum district are not developed,ಕವಟಗಿಮಠ ಮಹಂತೇಶ ಮಲ್ಲಿಕಾರ್ಜುನ,Kavatimata Mahantesha Mallikarjuna
3547,24/03/2017,ಸಾರಿಗೆ,Transport,ನಗರಗಳಲ್ಲಿ ವಾಹನ ದಟ್ಟಣೆ ಅತಿಯಾಗಿ ರಸ್ತೆಯಲ್ಲಿ ಸಮಯ ಮತ್ತು ಅಮೂಲ್ಯ ಇಂಧನ ಪೋಲಾಗುತ್ತಿರುವ ಬಗ್ಗೆ,Vehicle traffic in cities is overwhelmingly about street time and precious fuel,ಕವಟಗಿಮಠ ಮಹಂತೇಶ ಮಲ್ಲಿಕಾರ್ಜುನ,Kavatimata Mahantesha Mallikarjuna
3548,24/03/2017,ಪ್ರಾಥಮಿಕ ಮತ್ತು ಪ್ರೌಢ ಶಿಕ್ಷಣ,Primary and Secondary Education,ಗ್ರಾಮೀಣ ಭಾಗದ ಸರ್ಕಾರಿ ಶಾಲೆಗಳಲ್ಲಿ ಓದುತ್ತಿರು ವಿದ್ಯಾರ್ಥಿಗಳ ಕಲಿಕಾ ಮಟ್ಟ ತೀವ್ರವಾಗಿ ಕುಸಿಯುತ್ತಿರುವ ಬಗ್ಗೆ,Readers in rural areas of government schools are about to dramatically decrease the level of student learning,ಕವಟಗಿಮಠ ಮಹಂತೇಶ ಮಲ್ಲಿಕಾರ್ಜುನ,Kavatimata Mahantesha Mallikarjuna
3549,24/03/2017,ಗ್ರಾಮೀಣಾಭಿವೃಧ್ಧಿ ಮತ್ತು ಪಂಚಾಯತ್ ರಾಜ್,Rural Development and Panchayat Raj,ರಾಜ್ಯದಲ್ಲಿರುವ ಗ್ರಾಮ ಪಂಚಾಯತ್‌ಗಳ ಸ್ವಂತ ಕಟ್ಟಡಗಳ ಬಗ್ಗೆ,About Gram Panchayats Own Buildings in the State,ಕಾಂತರಾಜು,Kantaraju
3550,24/03/2017,ಸಾರಿಗೆ,Transport,ತುಮಕೂರು ನಗರದ ಬಸ್ ನಿಲ್ದಾಣವನ್ನು ನಿರ್ಮಿಸುವ ಬಗ್ಗೆ,About building a bus station in Tumkur,ಕಾಂತರಾಜು,Kantaraju
3551,24/03/2017,ಪ್ರಾಥಮಿಕ ಮತ್ತು ಪ್ರೌಢ ಶಿಕ್ಷಣ,Primary and Secondary Education,ಪಢ ಶಾಲೆಗಳಲ್ಲಿ ಮಾಹಿತಿ ಸಿಂಧು ಯೋಜನೆ ಬಗ್ಗೆ,About Information Indu Planning in Schools,ಕಾಂತರಾಜು,Kantaraju
3552,24/03/2017,ಗ್ರಾಮೀಣಾಭಿವೃಧ್ಧಿ ಮತ್ತು ಪಂಚಾಯತ್ ರಾಜ್,Rural Development and Panchayat Raj,ಗ್ರಾಮೀಣಾಭಿವೃದ್ಧಿ ಇಲಾಖೆಯ ಅಡಿಯಲ್ಲಿ ಸಾರ್ವಜನಿಕ ಸೌಲಭ್ಯ ನೀಡುವ ಬಗ್ಗೆ,Public Provision under Rural Development Department,ಕಾಂತರಾಜು,Kantaraju
3553,24/03/2017,ಗ್ರಾಮೀಣಾಭಿವೃಧ್ಧಿ ಮತ್ತು ಪಂಚಾಯತ್ ರಾಜ್,Rural Development and Panchayat Raj,ತುಮಕೂರು ತಾಲ್ಲೂಕು ಊರಕೆರೆ ಗ್ರಾಮ ಪಂಚಾಯತಿಗೆ ಸೇರಿದ ರಸ್ತೆ ಬಗ್ಗೆ,About road from Umarkere Gram Panchayat in Tumkur taluk,ಕಾಂತರಾಜು,Kantaraju
3554,24/03/2017,ಪ್ರಾಥಮಿಕ ಮತ್ತು ಪ್ರೌಢ ಶಿಕ್ಷಣ,Primary and Secondary Education,ಹೈದ್ರಾಬಾದ್-ಕರ್ನಾಟಕ ಪ್ರದೇಶದ ವ್ಯಾಪ್ತಿಯಲ್ಲಿರುವ ಪ್ರಾಥಮಿಕ ಶಾಲೆಗಳು,Primary Schools within the Hyderabad-Karnataka Area,ಕಂಡಯ್ಯ .ಕೆ.ಸಿ,Kondaiah KC
3555,24/03/2017,ಪ್ರಾಥಮಿಕ ಮತ್ತು ಪ್ರೌಢ ಶಿಕ್ಷಣ,Primary and Secondary Education,ಸರ್ಕಾರಿ ಶಾಲೆಗಳಿಗೆ ಸಮವಸ್ತ್ರ ಪೂರೈಕೆ ಕುರಿತು,About uniform supplies to government schools,ಕಂಡಯ್ಯ .ಕೆ.ಸಿ,Kondaiah KC
3556,24/03/2017,ವಸತಿ,Housing,ಗ್ರಾಮೀಣ ವಸತಿ ಯೋಜನೆಗಳ ಅನುಷ್ಠಾನದಲ್ಲಿನ ಗೊಂದಲಗಳ ಕುರಿತು,Concerns about the implementation of rural housing schemes,ಕೋಟ ಶ್ರೀನಿವಾಸ ಪೂಜಾರಿ,Kota Srinivasa Pujari
3557,24/03/2017,ಸಾರಿಗೆ,Transport,ಉಡುಪಿ ನಗರದಲ್ಲಿ ಸುಸಜ್ಜಿತ ಸರಕಾರಿ ಬಸ್ ನಿಲ್ದಾಣ ನಿರ್ಮಾಣ ಮಾಡುವ ಕುರಿತು,About building a well-equipped government bus stand in Udupi,ಕೋಟ ಶ್ರೀನಿವಾಸ ಪೂಜಾರಿ,Kota Srinivasa Pujari
3558,24/03/2017,ಗ್ರಾಮೀಣಾಭಿವೃಧ್ಧಿ ಮತ್ತು ಪಂಚಾಯತ್ ರಾಜ್,Rural Development and Panchayat Raj,ಪಿ.ಡಿ.ಓ. ಹುದ್ದೆ ಮೇಲ್ದರ್ಜೆಗೇರಿಸುವುದು ಮತ್ತು ಆರ್.ಡಿ.ಓ ಹಾಗೂ ಸಹಾಯ ನಿರ್ದೇಶಕರ ಹೆಚ್ಚುವರಿ ಹುದ್ದೆ ಸೃಜನೆ ನೇಮಕಾತಿ,PDO Appointment of Appointment and Appointment of RTO and Assistant Directors Creation,ಕೋಟ ಶ್ರೀನಿವಾಸ ಪೂಜಾರಿ,Kota Srinivasa Pujari
3559,24/03/2017,ಗ್ರಾಮೀಣಾಭಿವೃಧ್ಧಿ ಮತ್ತು ಪಂಚಾಯತ್ ರಾಜ್,Rural Development and Panchayat Raj,ಗ್ರಾಮ ಪಂಚಾಯತ್‌ಗಳು ತೆರಿಗೆ ವಿಧಿಸಿ ವಸೂಲಿ ಮಾಡುವಲ್ಲಿ ವಿಫಲವಾಗುತ್ತಿರುವ ಕುರಿತು ಮತ್ತು ಆದಾಯ ಕೋರಿಕೆ ಕುರಿತು,Gram Panchayats are failing to pay taxes and seek income,ಕೋಟ ಶ್ರೀನಿವಾಸ ಪೂಜಾರಿ,Kota Srinivasa Pujari
3560,24/03/2017,ಪ್ರಾಥಮಿಕ ಮತ್ತು ಪ್ರೌಢ ಶಿಕ್ಷಣ,Primary and Secondary Education,ಶಿಕ್ಷಣ ಹಕ್ಕು ಅನುಷ್ಠಾನದಲ್ಲಿನ ಗೊಂದಲಗಳ ಕುರಿತು,About confusion in the implementation of Right to Education,ಕೋಟ ಶ್ರೀನಿವಾಸ ಪೂಜಾರಿ,Kota Srinivasa Pujari
3561,24/03/2017,ಸಾರಿಗೆ,Transport,ಹಸದಾಗಿ ನಿರ್ಮಿಸುತ್ತಿರುವ ಬಸ್ ನಿಲ್ದಾಣಗಳ ಬಗ್ಗೆ,About bus stops building bushes,ಗೋಪಾಲಸ್ವಾಮಿ .ಎಂ.ಎ,Gopalaswamy MA
3562,24/03/2017,ವಕ್ಛ್,Vachch,ರಾಜ್ಯದ ವಕ್ಫ ಮಂಡಳಿಗೆ ನಕಲಿ ದಾಖಲೆ ನೀಡಿ ಕೋಟ್ಯಾಂತರ ಹಣ ವಂಚಿಸಿರುವ ಬಗ್ಗೆ,The fake record of the state Wakf Board is about to spoil money,ತಾರಾಅನೂರಾಧ,Tara Anuradha
3563,24/03/2017,ಪ್ರಾಥಮಿಕ ಮತ್ತು ಪ್ರೌಢ ಶಿಕ್ಷಣ,Primary and Secondary Education,ಅನುದಾನಿತ ಪದವಿ ಕಾಲೇಜುಗಳಲ್ಲಿ ಹಾಲಿ ಹಾಗೂ ಖಾಲಿ ಹುದ್ದೆಗಳ ಕುರಿತು,About vacant and vacant posts in aided graduate colleges,ತಾರಾಅನುರಾಧ,Tara Anuradha
3564,24/03/2017,ಪ್ರಾಥಮಿಕ ಮತ್ತು ಪ್ರೌಢ ಶಿಕ್ಷಣ,Primary and Secondary Education,ಮಕ್ಕಳ ಶಾಲಾ ಚೀಲ ಕಾಯ್ದೆ ಕುರಿತು,About Children's School Bag Act,ತಾರಾಅನುರಾಧ,Tara Anuradha
3565,24/03/2017,ಪ್ರಾಥಮಿಕ ಮತ ಪ್ರೌಡ ಶಿಕ್ಷಣ,Primary Voting Education,ಶಲಾ ಕಟ್ಟಡಗಳ ದುರಸ್ಥಿ ಬಗ್ಗೆ,About the ruin of Shala buildings,ತಾರಾಅನುರಾಧ,Tara Anuradha
3566,24/03/2017,ಗ್ರಾಮೀಣಾಭಿವೃದ್ಧಿ ಮತ್ತು ಪಂಚಾಯತ್ ರಾಜ್,Rural Development and Panchayat Raj,ಸೊರಬ ತಾಲ್ಲೂಕಿನ ಗ್ರಾಮದ ಡಾಂಬರೀಕರಣ ಬಗ್ಗೆ,About the perfection of the village of Sorab taluk,ತಾರಾಅನುರಾಧ,Tara Anuradha
3567,24/03/2017,ಪ್ರಾಥಮಿಕ ಮತ್ತು ಪ್ರೌಢ ಶಿಕ್ಷಣ,Primary and Secondary Education,ಅಕ್ಷರ ದಾಸೋಹ ಯೋಜನೆಯಿಂದ ಅಗ್ನಿನಂದಕ (ಫೈಯರ್ ಪ್ರೂಪ್) ಏಪ್ರಾನ್ ಖರೀದಿಸುವಲ್ಲಿ ಸವ್ಯವಹಾರ ಕುರಿತು,About the purchase of firefighter (fireproof) apron from the Charter Dasoha project,ಘೋಟ್ನೇಕರ ಶ್ರೀಕಾಂತ ಲಕ್ಷ್ಮಣ,Ghotnekara Srikantha Lakshmana
3568,24/03/2017,ಪ್ರಾಥಮಿಕ ಮತ್ತು ಪ್ರೌಢ ಶಿಕ್ಷಣ,Primary and Secondary Education,ಕರ್ನಾಟಕ ವಸತಿ ಶಿಕ್ಷಣ ಸಂಸ್ಥೆಗಳ ಸಂಘದ ಅಡಿಯಲ್ಲಿ ಕರ್ತವ್ಯನಿರ್ವಹಿಸುತ್ತಿರುವ ನೌಕರರ ಭದ್ರತೆಯ ಕುರಿತು,About the security of the employees who are working under the Association of Karnataka Housing Institutions,ಘೋಟ್ನೇಕರ ಶ್ರೀಕಾಂತ ಲಕ್ಷ್ಮಣ,Ghotnekara Srikantha Lakshmana
3569,24/03/2017,ಸಣ್ಣ ಕೈಗಾರಿಕೆ,Small industry,ಸಣ್ಣ ಕೈಗಾರಿಕೆಗಳಿಗೆ ಪ್ರೋತ್ಸಾಹ,Encourage small industries,ಧರ್ಮಸೇನ .ಆರ್,Dharmasena R
3570,24/03/2017,ಪ್ರಾಥಮಿಕ ಮತ್ತು ಪ್ರೌಢ ಶಿಕ್ಷಣ,Primary and Secondary Education,ಮಾತೃ ಭಾಷೆಯಲ್ಲಿ ಶಿಕ್ಷಣ ನೀಡುವ ಬಗ್ಗೆ,About education in mother tongue,ಧರ್ಮಸೇನ .ಆರ್,Dharmasena R
3571,24/03/2017,ಪ್ರಾಥಮಿಕ ಮತ್ತು ಪ್ರೌಢ ಶಿಕ್ಷಣ,Primary and Secondary Education,ಶಾಲೆಗಳಲ್ಲಿ ಸಾಂಸ್ಕೃತಿಕ ಕಲೆಗಳ ತರಬೇತಿ,Cultural Arts Training in Schools,ಧರ್ಮಸೇನ .ಆರ್,Dharmasena R
3572,27/03/2017,ಯೋಜನೆ ಮತ್ತು ಸಾಂಖ್ಯಿಕ,Plan and Numerical,ಹೈದ್ರಾಬಾದ-ಕರ್ನಾಟಕ ಪ್ರದೇಶಾಭಿವೃದ್ಧಿ ಮಂಡಳಿ ಕುರಿತು,About the Hyderabad-Karnataka Area Development Board,ಬೋಸ್‌ರಾಜು .ಎನ್.ಎಸ್,Bosaraju N S
3573,27/03/2017,ಸಮಾಜ ಕಲ್ಯಾಣ,Social Welfare,ರಾಯಚೂರು ಜಿಲ್ಲೆಗೆ ಸಮಾಜ ಕಲ್ಯಾಣ ಇಲಾಖೆಯಿಂದ ಮಂಜೂರಾಗಿರುವ ಅನುದಾನದ ಬಗ್ಗೆ,About sanction sanctioned by the Social Welfare Department to Raichur district,ಬೋಸ್‌ರಾಜು .ಎನ್.ಎಸ್,Bosaraju N S
3574,27/03/2017,ಆರೋಗ್ಯ ಮತ್ತು ಕುಟುಂಬ ಕಲ್ಯಾಣ,Health and family welfare,ತಾಲ್ಲೂಕಾ ಆಸ್ಪತ್ರೆ ಹಾಗೂ ಪ್ರಾಥಮಿಕ ಆರೋಗ್ಯ ಕೇಂದ್ರಗಳಲ್ಲಿ ವೈದ್ಯರ ಕೊರತೆ,Doctor's lack of taluk hospital and primary health centers,ಬೋಸ್‌ರಾಜು .ಎನ್.ಎಸ್,Bosaraju N S
3575,27/03/2017,ವೈದ್ಯಕೀಯ ಶಿಕ್ಷಣ,Medical education,ರಾಯಚೂರಿನಲ್ಲಿರುವ ರಾಜೀವ್‌ಗಾಂಧಿ ಸೂಪರ್ ಸ್ಪೆಷಲಿಸ್ಟ್ ಆಸ್ಪತ್ರೆ ಹಾಗೂ ಆರ್.ಆಯ್.ಎಂ.ಎಸ್. ಬಗ್ಗೆ,Rajiv Gandhi Super Specialist Hospital in Raichur and R.MSMS. About,ಬೋಸ್‌ರಾಜು .ಎನ್.ಎಸ್,Bosaraju N S
3576,27/03/2017,ಮಹಿಳಾ ಮತ್ತ ಮಕ್ಕಳ ಅಭಿವೃದ್ಧಿ,Women and Child Development,ರಾಯಚೂರು ಜಿಲ್ಲೆಯಲ್ಲಿರುವ ಅಂಗನವಾಡಿ ಕೇಂದ್ರಗಳ ಬಗ್ಗೆ,About Anganwadi Centers in Raichur District,ಬೋಸ್‌ರಾಜು .ಎನ್.ಎಸ್,Bosaraju N S
3577,27/03/2017,ಆರೋಗ್ಯ ಮತ್ತು ಕುಟುಂಬ ಕಲ್ಯಾಣ,Health and family welfare,ಖಾಸಗಿ ಮತ್ತು ಸರ್ಕಾರಿ ನೇತ್ರ ಬ್ಯಾಂಕುಗಳ ಬಗ್ಗೆ,About Private and Government Eye Banks,ಭಾನುಪ್ರಕಾಶ,Bhanu Prakasha
3578,27/03/2017,ಸಮಾಜ ಕಲ್ಯಾಣ,Social Welfare,ಸೋಷಿಯಲ್ ಆಡಿಟ್ ಕೋಶ ವಿಚಾರ,Social audit cell reference,ಭಾನುಪ್ರಕಾಶ್,Bhanu Prakasha
3579,27/03/2017,ಆಹಾರ ಮತ್ತು ನಾಗರಿಕ ಸರಬರಾಜು,Food and Civil Supplies,ರಾಜ್ಯದಲ್ಲಿ ಪಡಿತರ ಸಾಮಗ್ರಿಗಳು ಸಮರ್ಪಕವಾಗಿ ವಿತರಣೆಯಾಗುತ್ತಿಲ್ಲದಿರುವ ಬಗ್ಗೆ,About rationing materials in the state are not adequately distributed,ಸುನೀಲ್ ಸುಬ್ರಮಣಿ .ಎಂ.ಪಿ,Sunil Subramani M P
3580,27/03/2017,ಸಮಾಜ ಕಲ್ಯಾಣ,Social Welfare,ಕನಟಕ ವಸತಿ ಶಿಕ್ಷಣ ಸಂಸ್ಥೆಗಳ ಸಂಘದ ವತಿಯಿಂದ ಪ್ರಾರಂಭಿಸಲಾದ ಹೊಸ ಶಾಲೆಗಳ ಬಗ್ಗೆ,About new schools launched by the Association of Kanaka Housing Institutions,ಸುನೀಲ್ ಸುಬ್ರಮಣಿ .ಎಂ.ಪಿ,Sunil Subramani M P
3581,27/03/2017,ಹಿಂದುಳಿದ ವರ್ಗಗಳ ಕಲ್ಯಾಣ,Welfare of Backward Classes,ಐ.ಸಿ.ಪಿ. ಮತ್ತು ಎಸ್.ಟಿ.ಪಿ. ಹಾಗೂ ಹಿಂದೂಳಿದ ವರ್ಗಗಳ ಅಭಿವೃದ್ಧಿ ಬಗ್ಗೆ,I.C.P. And STP. And about the development of Hindu classes,ಸಯದ್ ಮುಧೀರ್ ಅಗಾ,Syed Madir Aga
3582,27/03/2017,ವಿಜ್ಞಾನ ಮತ್ತು ತಂತ್ರಜ್ಞಾನ,Science and Technology,ವಿಜ್ಞಾನ-ತಂತ್ರಜ್ಞಾನ ಇಲಾಖೆಯ ೨೦೧೬-೧೭ ನೇ ಸಾಲಿನ ಅನುದಾನ ಬಳಕೆಯ ಕುರಿತು,About the use of Grants 2016-17 of Science and Technology Department,ಸಂಕನೂರ .ಎಸ್.ವ್ಹಿ,Sankanura S V
3583,27/03/2017,ಸಮಾಜ ಕಲ್ಯಾಣ,Social Welfare,ಕರ್ನಾಟಕ ವಸತಿ ಶಿಕ್ಷಣ ಸಂಸ್ಥೆಗಳ ಸಂಘದ ಮೊರಾರ್ಜಿ ದೇಸಾಯಿ/ಏಕಲವ್ಯ; ಕಿತ್ತೂರು ರಾಣಿ ಚೆನ್ನಮ್ಮ ಹಾಗೂ ಮುಂತಾದ ವಸತಿ ಶಾಲೆಗಳ ನೌಕರರಿಗೆ ಕೆ.ಜಿ.ಐ.ಡಿ. ಮತ್ತು ಇ.ಜಿ.ಐ.ಎಸ್. ಸೌಲಭ್ಯ ಕುರಿತು,Morarji Desai / Ekalavya of the Karnataka Housing Institutions Association; KGIDD for employees of residential schools like Kittur Rani Chennamma and others. And EGIS. About the facility,ಸಂಕನೂರ .ಎಸ್.ವ್ಹಿ,Sankanura S V
3584,27/03/2017,ವೈದ್ಯಕೀಯ ಶಿಕ್ಷಣ,Medical education,ರಾಜ್ಯದಲ್ಲಿ ಎಂ.ಬಿ.ಬಿ.ಎಸ್. ಸೀಟುಗಳ ಕುರಿತು,MBBS in the state About Seats,ಸಮಣ್ಣ .ವಿ,Somanna V
3585,27/03/2017,ಸಮಾಜ ಕಲ್ಯಾಣ,Social Welfare,ಡಾ: ಬಾಬು ಜಗಜೀವನರಾವ್ ಸಂಶೋಧನಾ ಸಂಸ್ಥೆ ಸ್ಥಾಪನೆ ಬಗ್ಗೆ,Dr. Babu Jagjivan Rao is about establishing a research institute,ಸಮಣ್ಣ .ವಿ,Somanna V
3586,27/03/2017,ಆರೋಗ್ಯ ಮತ್ತು ಕುಟುಂಬ ಕಲ್ಯಾಣ,Health and family welfare,"ಗರ್ಭಿಣಿ, ಬಾನಂತಿಯರಿಗೆ ಪುಷ್ಟೀವರ್ಧಿನಿ ಯೋಜನೆ ಕುರಿತು",Pregnant and Granny Pushveworthini Project,ಸಮಣ್ಣ .ವಿ,Somanna V
3587,27/03/2017,ಆರೋಗ್ಯ ಮತ್ತು ಕುಟುಂಬ ಕಲ್ಯಾಣ,Health and family welfare,ಡಯಾಗ್ನೋಸ್ಟಿಕ್ ಸೆಚಿಟರ್‌ಗಳಲ್ಲಿನ ಶುಲ್ಕದ ಗೊಂದಲದ ಬಗ್ಗೆ,About the disturbance of fees in diagnostic seaters,ಸೋಮಣ್ಣ .ವಿ,Somanna V
3588,27/03/2017,ಆಹಾರ ಮತ್ತು ನಾಗರಿಕ ಸರಬರಾಜು,Food and Civil Supplies,ರಾಜ್ಯದಲ್ಲಿ ಒಟ್ಟು ನ್ಯಾಯ ಬೆಲೆ ಅಂಗಡಿ ಹಾಗೂ ಎಪಿಎಲ್ ಕಾರ್ಡುಗಳ ಬಗ್ಗೆ,About the total justice pricing store and APL cards in the state,ಸೋಮಣ್ಣ ಮ ಬೇವಿನಮರದ,Samanna Ma Bevinamara
3589,27/03/2017,ವೈದ್ಯಕೀಯ ಶಿಕ್ಷಣ,Medical education,ವೈದ್ಯಕೀಯ ಶಿಕ್ಷಣ ಇಲಾಖೆಯಲ್ಲಿ ಪ್ರಸ್ತುತ ಖಾಲಿ ಇರುವ ಹುದ್ದೆಗಳ ಬಗ್ಗೆ,Currently vacant posts in the Department of Medical Education,ಸೋಮಣ್ಣ ಮ ಬೇವಿನಮರದ,Samanna Ma Bevinamara
3590,27/03/2017,ಮಹಿಳಾ ಮತ್ತು ಮಕ್ಕಳ ಅಭಿವೃದ್ಧಿ,Women and Child Development,ಅಂಗನವಾಡಿ ಕೇಂದ್ರಗಳಲ್ಲಿ ಕಳಪೆ ಮಟ್ಟದ ಆಹಾರ ಧಾನ್ಯಗಳ ವಿತರಣೆ ಹಾಗೂ ನಿಗಧಿತ ಪ್ರಮಾಣದಲ್ಲಿ ಆಹಾರ ಧಾನ್ಯಗಳನ್ನು ಒದಗಿಸದಿರುವ ಬಗ್ಗೆ,Distribution of poor food grains at Anganwadi Centers and not providing foodgrains at fixed rates,ಸೋಮಣ್ಣ ಮ ಬೇವಿನಮರದ,Samanna Ma Bevinamara
3591,27/03/2017,ಆಹಾರ ಮತ್ತು ನಾಗರಿಕ ಸರಬರಾಜು,Food and Civil Supplies,ರಾಜ್ಯದಲ್ಲಿ ಬಿ.ಪಿ.ಎಲ್. ಕಾರ್ಡುದಾರರಿಗೆ ಆಧಾರ್ ನಂಬರ್ ಲಿಂಕ್ ಮಾಡುವ ಬಗ್ಗೆ,BPL in the state Linking Aadhaar Number to Cardholders,ಸೋಮಣ್ಣ ಮ ಬೇವಿನಮರದ್,Samanna Ma Bevinamara
3592,27/03/2017,ಹಿರಿಯ ನಾಗರಿಕರ ಸಬಲೀಕರಣ,Empowerment of Senior Citizens,ಹಿರಿಯ ನಾಗರಿಕರ ಸೌಲಭ್ಯಗಳ ಕುರಿತು,About Senior Citizens' Provisions,ನಾರಾಯಣಸ್ವಾಮಿ .ಎಂ,Narayanaswamy M
3593,27/03/2017,ವೈದ್ಯಕೀಯ ಶಿಕ್ಷಣ,Medical education,ಶೈಕ್ಷಣಿಕ ಸೌಲಭ್ಯಗಳ ಬಗ್ಗೆ,About educational facilities,ನಾರಾಯಣಸ್ವಾಮಿ .ಎಂ,Narayanaswamy M
3594,27/03/2017,ಆರೋಗ್ಯ ಮತ್ತು ಕುಟುಂಬ ಕಲ್ಯಾಣ,Health and family welfare,ಪಥಮಿಕ ಆರೋಗ್ಯ ಕೇಂದ್ರಗಳಲ್ಲಿ ಔಷಧ ಸಂಗ್ರಹಿಸುವ ಕುರಿತು,About collecting drugs at primary health centers,ನಾರಾಯಣಸ್ವಾಮಿ .ಎಂ,Narayanaswamy M
3595,27/03/2017,ಪ್ರವಾಸೋದ್ಯಮ,Tourism,ಪ್ರವಾಸಿ ತಾಣಗಳ ಕುರಿತು,About Travel Destinations,ನಾರಾಯಣಸ್ವಾಮಿ .ಎಂ,Narayanaswamy M
3596,27/03/2017,ಪ್ರವಾಸೋದ್ಯಮ,Tourism,ಪ್ರವಾಸೋದ್ಯಮ ಅಭಿವೃದ್ಧಿ ಬಗ್ಗೆ,About Tourism Development,ನಾಗರಾಜ .ಎಸ್,Nagaraja S
3597,27/03/2017,ಆರೋಗ್ಯ ಮತ್ತು ಕುಟುಂಬ ಕಲ್ಯಾಣ,Health and family welfare,ರೋಗಿಗಳಿಗೆ ೧೦೮ ವಾಹನ ಚಾಲಕರಿಂದ ಹಾಗೂ ಯಶಸ್ವಿನಿ ಕಾರ್ಡ್‌ದಾರರಿಗೆ ಖಾಸಗಿ ಆಸ್ಪತ್ರೆಗಳಿಂದ ಆಗುತ್ತಿರುವ ತೊಂದರೆ ಬಗ್ಗೆ,About 108 motorists and victims of cardiac problems with private hospitals,ನಾಗರಾಜು .ಎಸ್,Nagaraja S
3598,27/03/2017,ಆಹಾರ ಮತ್ತು ನಾಗರಿಕ ಸರಬರಾಜು,Food and Civil Supplies,ಪಡಿತರ ಚೀಟಿಗಳ ವಿತರಣೆ,Distribution of Ration cards,ನಾಗರಾಜು .ಎಸ್,Nagaraja S
3599,27/03/2017,ಮಹಿಳಾ ಮತ್ತು ಮಕ್ಕಳ ಅಭಿವೃದ್ಧಿ,Women and Child Development,ಸಂತ ಸೇವಾಲಾಲ ಜಯಂತಿಯನ್ನು ಆಚರಣೆ ಮಾಡಲು ಕುರಿತು,About Celebrating the Feast of St. Sevala,ನಿರಾಣಿ ಹಣಮಂತ್ ರುದ್ರಪ್ಪ,Nirani Hanumanth Rudrappa
3600,27/03/2017,ಸಮಾಜ ಕಲ್ಯಾಣ,Social Welfare,ಭವನಗಳ ನಿರ್ಮಾಣ ಕುರಿತು,About Building Buildings,ಪದೀಪ್ ಶೆಟ್ಟರ್,Pradeep Shettar
3601,27/03/2017,ಕನ್ನಡ ಮತ್ತು ಸಂಸ್ಕೃತಿ,Kannada and culture,ರಂಗಮಂದಿರ ಹಾಗೂ ಸಾಂಸ್ಕೃತಿಕ ಭವನಗಳ ಕುರಿತು,Theater and Cultural Houses,ಪದೀಪ್ ಶೆಟ್ಟರ್,Pradeep Shettar
3602,27/03/2017,ಸಮಾಜ ಕಲ್ಯಾಣ,Social Welfare,ನಿಗಮಗಳ ವತಿಯಿಂದ ಕೊಳವೆ ಬಾವಿಗಳ ಮಂಜೂರಾತಿ ಕುರಿತು,About sanction of tube wells by corporations,ಪದೀಪ್ ಶೆಟ್ಟರ್,Pradeep Shettar
3603,27/03/2017,ಹಿಂದುಳಿದ ವರ್ಗಗಳ ಕಲ್ಯಾಣ,Welfare of Backward Classes,ಭೂ ರಹಿತರಿಗೆ ಸರ್ಕಾರದಿಂದ ಭೂಮಿ ಹಂಚಿಕೆ ಕುರಿತು,About land distribution from land to landless people,ಪದೀಪ್ ಶೆಟ್ಟರ್,Pradeep Shettar
3604,27/03/2017,ಆರೋಗ್ಯ ಮತ್ತು ಕುಟುಂಬ ಕಲ್ಯಾಣ,Health and family welfare,ಪ್ರಾಥಮಿಕ ಆರೋಗ್ಯ ಕೇಂದ್ರದ ಮೂಲಭೂತ ಸೌಲಭ್ಯ ಕುರಿತು,Basic Facility of Primary Health Center,ಪದೀಪ್ ಶೆಟ್ಟರ್,Pradeep Shettar
3605,27/03/2017,ಕನ್ನಡ ಮತ್ತು ಸಂಸ್ಕೃತಿ,Kannada and culture,ರಜ್ಯದ ಆಯಾಯ ಜಿಲ್ಲೆಯ ಜಿಲ್ಲಾ ಉತ್ಸವ ನಡೆಸುವ ಬಗ್ಗೆ,About conducting district festival in the district of Ayyam district,ಪ್ರಸನ್ನ ಕುಮಾರ .ಆರ್,Prasanna Kumar R
3606,27/03/2017,ಆಹಾರ ಮತ್ತು ನಾಗರಿಕ ಸರಬರಾಜು,Food and Civil Supplies,ಬಡ ಕುಟುಂಬಬವರಿಗೆ ಸಹಾಯ ಧನದ ಮೂಲಕ ಅಡುಗೆ ಅನಿಲ ಸಿಲಿಂಡರ್‌ಗಳನ್ನು ಒದಗಿಸುವ ಬಗ್ಗೆ,Providing cooking gas cylinders through the help of poor families,ಪ್ರಸನ್ನ ಕುಮಾರ .ಆರ್,Prasanna Kumar R
3607,27/03/2017,ಹಿಂದುಳಿದ ವರ್ಗಗಳ ಕಲ್ಯಾಣ,Welfare of Backward Classes,ಶಿವಮೊಗ್ಗ ಜಿಲ್ಲೆಯಲ್ಲಿ ಪರಿಶಿಷ್ಠ ಪಂಗಡ ಅಲ್ಪಸಂಖ್ಯಾತರ ಮೆಟ್ರಿಕ್ ಹಾಸ್ಟೆಲ್‌ಗಳ ಬಗ್ಗೆ,About Scheduled Tribe Minority Metric Hostels in Shimoga District,ಪ್ರಸನ್ನ ಕುಮಾರ .ಆರ್,Prasanna Kumar R
3608,27/03/2017,ಸಮಾಜ ಕಲ್ಯಾಣ,Social Welfare,"ಮಾನಸಿಕ ಅಸ್ವಸ್ಥರು, ವೃದ್ಧರು, ಭಿಕ್ಷಾಟಣೆ ಮಾಡುತ್ತಿರುವ ಬಗ್ಗೆ","About mental illness, elderly, begging",ಪ್ರಾಣೇಶ್ .ಎಂ.ಕೆ,Pranesha M K
3609,27/03/2017,ಸಮಾಜ ಕಲ್ಯಾಣ,Social Welfare,ದೇವರಾಜ ಅರಸು ನಿಗಮದಿಂದ ಕೊಳವೆ ಬಾವಿ ಕೊರೆಯಿಸುವ ಬಗ್ಗೆ,About boring well with the Devaraja King Corporation,ಪ್ರಾಣೇಶ್ .ಎಂ.ಕೆ,Pranesha M K
3610,27/03/2017,ಪ್ರವಾಸೋದ್ಯಮ,Tourism,ಪ್ರವಾಸಿ ಟ್ಯಾಕ್ಸಿ ಯೋಜನೆಯ ಕುರಿತು,About the tourist taxi project,ಪ್ರಾಣೇಶ್ .ಎಂ.ಕೆ,Pranesha M K
3611,27/03/2017,ಸಮಾಜ ಕಲ್ಯಾಣ,Social Welfare,ರಾಜ್ಯದಲ್ಲಿ ಸಮಾಜ ಕಲ್ಯಾಣ ಇಲಾಖೆಯಡಿ ನೀಡಲಾಗುವ ವಿದ್ಯಾರ್ಥಿ ವೇತನ ಕುರಿತು,Regarding scholarship payments under Social Welfare Department in the State,ಪ್ರತಾಪಚಂದ್ರ ಶೆಟ್ಟಿ .ಕೆ,Pratapachandra Shetty K
3612,27/03/2017,ಆರೋಗ್ಯ ಮತ್ತು ಕುಟುಂಬ ಕಲ್ಯಾಣ,Health and family welfare,ದಕ್ಷಿಣ ಕನ್ನಡ ಮತ್ತು ಉಡುಪಿ ಜಿಲ್ಲೆಯಲ್ಲಿ ಪ್ರಾಥಮಿಕ ಆರೋಗ್ಯ ಕೇಂದ್ರ ಮತ್ತು ಸಮುದಾಯ ಆರೋಗ್ಯ ಕೇಂದ್ರಗಳ ಕುರಿತು.,About Primary Health Center and Community Health Centers in Dakshina Kannada and Udupi District.,ಪ್ರತಾಪಚಂದ್ರ ಶೆಟ್ಟಿ .ಕೆ,Pratapachandra Shetty K
3613,27/03/2017,ಆಹಾರ ಮತ್ತು ನಾಗರಿಕ ಸರಬರಾಜು,Food and Civil Supplies,ರಾಜ್ಯದಲ್ಲಿನ ಮಾಲ್‌ಗಳಲ್ಲಿನ ಮಾರಾಟ ಸಾಮಗ್ರಿಗಳ ಮೇಲೆ ಸರ್ಕಾರಕ್ಕಿರುವ ನಿಯಂತ್ರಣಗಳ ಕುರಿತು,Regulations regarding government control over sale materials in malls in the state,ಪ್ರತಾಪಚಂದ್ರ ಶೆಟ್ಟಿ .ಕೆ,Pratapachandra Shetty K
3614,27/03/2017,ವೈದ್ಯಕೀಯ ಶಿಕ್ಷಣ,Medical education,ರಾಜ್ಯದಲ್ಲಿರುವ ಸರ್ಕಾರಿ ಹಾಗೂ ಖಾಸಗಿ ವೈದ್ಯಕೀಯ ಶಿಕ್ಷಣ ಸಂಸ್ಥೆಗಳ ಕುರಿತು,About Government and Private Medical Education Institutions in the State,ಪ್ರತಾಪಚಂದ್ರ ಶೆಟ್ಟಿ .ಕೆ,Pratapachandra Shetty K
3615,27/03/2017,ಮಹಿಳಾ ಮತ್ತ್ತು ಮಕ್ಕಳ ಅಭಿವೃದ್ಧಿ,Women and Child Development,ದಕ್ಷಿಣ ಕನ್ನಡ ಮತ್ತು ಉಡುಪಿ ಜಿಲ್ಲೆಯಲ್ಲಿ ಕಾರ್ಯನಿರ್ವಹಿಸುತ್ತಿರುವ ಅಂಗನವಾಡಿಗಳ ಕುರಿತು,About Anganwadi Workers in Dakshina Kannada and Udupi District,ಪ್ರತಾಪಚಂದ್ರ ಶೆಟ್ಟಿ .ಕೆ,Pratapachandra Shetty K
3616,27/03/2017,ಪ್ರವಾಸೋದ್ಯಮ,Tourism,ಪ್ರವಾಸೋದಮ ಇಲಾಖೆಗೆ ಕೇಂದ್ರ ಸರ್ಕಾರ ಅನುದಾನದ ಬಗ್ಗೆ,Provision of Central Government to Tribunal Department,ಪುಟ್ಟಸ್ವಾಮಿ .ಬಿ.ಜೆ,Puttaswamy B J
3617,27/03/2017,ಆಹಾರ ಮತ್ತು ನಾಗರಿಕ ಸರಬರಾಜು,Food and Civil Supplies,ಅನ್ನ ಭಾಗ್ಯ ಯೋಜನೆಯ ಬಗ್ಗೆ,About Anna Bhagya Scheme,ಪುಟ್ಟಸ್ವಾಮಿ .ಬಿ.ಜೆ,Puttaswamy B J
3618,27/03/2017,ವೈದ್ಯಕೀಯ ಶಿಕ್ಷಣ,Medical education,ಕಲಬುರಗಿಯಲ್ಲಿ ರಾಜೀವ್‌ಗಾಂಧಿ ಆರೋಗ್ಯ ವಿಜ್ಞಾನ ವಿಶ್ವವಿದ್ಯಾಲಯದ ಪ್ರಾದೇಶಿಕ ಕಚೇರಿ ಸ್ಥಾಪಿಸುವ ಬಗ್ಗೆ,Regional Office of Rajiv Gandhi University of Health Sciences in Kalburagi,ಪಾಟೀಲ್ .ಬಿ.ಜಿ,Patil B G
3619,27/03/2017,ಯೋಜನೆ ಮತ್ತು ಸಾಂಖ್ಯಿಕ,Plan and Numerical,ಘೋರ್ಪಡೆ ಸೌಧ’ ನಿರ್ಮಾಣದ ಬಗ್ಗೆ,Gorpade Sauda 'about construction,ಪಾಟೀಲ್ .ಬಿ.ಜಿ,Patil B G
3620,27/03/2017,ಆರೋಗ್ಯ ಮತ್ತು ಕುಟುಂಬ ಕಲ್ಯಾಣ,Health and family welfare,ಆರೋಗ ವಿಮೆ ಬಗ್ಗೆ,About car insurance,ಶರವಣ .ಟಿ.ಎ,Sharavana T A
3621,27/03/2017,ಆರೋಗ್ಯ ಮತ್ತು ಕುಟುಂಬ ಕಲ್ಯಾಣ,Health and family welfare,ದಡಾರ ಮತ್ತು ರುಬೆಲ್ಲಾ ಲಸಿಕೆಯ ಬಗ್ಗೆ,About measles and rubella vaccine,ಶರವಣ .ಟಿ.ಎ,Sharavana T A
3622,27/03/2017,ಆರೋಗ್ಯ ಮತ್ತು ಕುಟುಂಬ ಕಲ್ಯಾಣ,Health and family welfare,ಸಾಂಕ್ರಾಮಿಕ ರೋಗಗಳ ಬಗ್ಗೆ,About infectious diseases,ಶರವಣ .ಟಿ.ಎ,Sharavana T A
3623,27/03/2017,ಮಾಹಿತಿ ತಂತ್ರಜ್ಞಾನ ಮತ್ತು ಜೈವಿಕ ತಂತ್ರಜ್ಞಾನ,Information Technology and Biotechnology,ರಾಜ್ಯದ ಐ.ಟಿ-ಬಿ.ಟಿ. ಕ್ಷೇತ್ರಕ್ಕೆ ಸಂಬಂಧಿಸಿದಂತೆ,State IT-BT Regarding the field,ಶರವಣ .ಟಿ.ಎ,Sharavana T A
3624,27/03/2017,ಆರೋಗ್ಯ ಮತ್ತು ಕುಟುಂಬ ಕಲ್ಯಾಣ,Health and family welfare,ಭ್ರೂಣ ಹತ್ಯೆಯ ಬಗ್ಗೆ,About feticide,ಶರವಣ ಟಿ.ಎ.,Sharavana T A
3625,27/03/2017,ಆರೋಗ್ಯ ಮತ್ತು ಕುಟುಂಬ ಕಲ್ಯಾಣ,Health and family welfare,ರಾಜ್ಯದಲ್ಲಿ ಡೆಂಗ್ಯೂ ಜ್ವರ ವ್ಯಾಪಿಸುತ್ತಿರುವ ಬಗ್ಗೆ,About the spread of dengue fever in the state,ವೀರಯ್ಯ .ಡಿ.ಎಸ್,Veerayya D S
3626,27/03/2017,ಕನ್ನಡ ಮತ್ತು ಸಂಸ್ಕೃತಿ,Kannada and culture,ಕನ್ನಡ ಸಂಸ್ಕೃತ ಇಲಾಖೆಯಿಂದ ಕಾರ್ಯಕ್ರಮಗಳ ಅನುಷ್ಠಾನ ಕುರಿತು,About the implementation of programs from Kannada Sanskrit Department,ವೀರಯ್ಯ .ಡಿ.ಎಸ್,Veerayya D S
3627,27/03/2017,ಸಮಾಜ ಕಲ್ಯಾಣ,Social Welfare,ಹೋಬಳಿಗೊಂದು ವಸತಿ ಶಾಲೆ ತೆರೆಯುವ ಬಗ್ಗೆ,About opening a residential school for Hobli,ವೀರಯ್ಯ .ಡಿ.ಎಸ್,Veerayya D S
3628,27/03/2017,ಹಿಂದುಳಿದ ವರ್ಗಗಳ ಕಲ್ಯಾಣ,Welfare of Backward Classes,ದಲಿತರಿಗೆ ಸಾಮಾಜಿಕ ಬಹಿಷ್ಕಾರ ಹಾಕಿರುವ ಕುರಿತು,About social boycott of Dalits,ವೀರಯ್ಯ .ಡಿ.ಎಸ್,Veerayya D S
3629,27/03/2017,ಸಮಾಜ ಕಲ್ಯಾಣ,Social Welfare,ಅಂತರ್‌ಜಾತಿ ವಿವಾಹ ಪ್ರೋತ್ಸಾಹಧನ ಕುರಿತು,About Introductory Marriage Promotion,ವೀರಯ್ಯ .ಡಿ.ಎಸ್,Veerayya D S
3630,27/03/2017,ಮಾಹಿತಿ ತಂತ್ರಜ್ಞಾನ,Information technology,ರಾಜ್ಯದಲ್ಲಿ ಮಾಹಿತಿ ತಂತ್ರಜ್ಞಾನ ಮತ್ತು ಜೈವಿಕ ತಂತ್ರಜ್ಞಾನವನ್ನು ಕೆಳಹಂತದ ನಗರಗಳಿಗೆ ವಿಸ್ತರಿಸುವ ಕುರಿತು,About expanding information technology and biotechnology into lower cities in the state,ವೀಣಾ ಅಚ್ಚಯ್ಯ .ಎಸ್,Veena achchaiah S
3631,27/03/2017,ಆರೋಗ್ಯ ಮತ್ತು ಕುಟುಂಬ ಕಲ್ಯಾಣ,Health and family welfare,ಕೊಡಗು ಜಿಲ್ಲೆಯ ಆಸ್ಪತ್ರೆಗಳಲ್ಲಿ ಖಾಲಿ ಇರುವ ಹುದ್ದೆಗಳನ್ನು ತುಂಬುವ ಕುರಿತು,About filling vacancies in hospitals in Kodagu district,ವೀಣಾ ಅಚ್ಚಯ್ಯ .ಎಸ್,Veena achchaiah S
3632,27/03/2017,ಹಿಂದುಳಿದ ವರ್ಗಗಳ ಕಲ್ಯಾಣ,Welfare of Backward Classes,ಕೊಡಗು ಜಿಲ್ಲೆಯಲ್ಲಿ ಹಿಂದುಳಿದ ವರ್ಗಗಳ ಕಲ್ಯಾಣ ಯೋಜನೆಗಳ ಕುರಿತು,About Backward Classes Welfare Projects in Kodagu District,ವೀಣಾ ಅಚ್ಚಯ್ಯ .ಎಸ್,Veena achchaiah S
3633,27/03/2017,ಸಮಾಜ ಕಲ್ಯಾಣ,Social Welfare,ಕೊಡಗು ಜಿಲ್ಲೆಯ ಸಮಾಜ ಕಲ್ಯಾಣ ವಸತಿ ನಿಲಯಗಳ ಕುರಿತು,About Social Welfare Residences in Kodagu District,ವೀಣಾ ಅಚ್ಚಯ್ಯ .ಎಸ್,Veena achchaiah S
3634,27/03/2017,ಯೋಜನೆ ಮತ್ತು ಸಾಂಖ್ಯಿಕ,Plan and Numerical,ಬೀದರ್ ಜಿಲ್ಲೆಯ ಹೈದ್ರಾಬಾದ್-ಕರ್ನಾಟಕ ಪ್ರದೇಶಾಭಿವೃದ್ಧಿ ಅನುದಾನದ ಬಗ್ಗೆ,About Hyderabad-Karnataka area development in Bidar district,ವಿಜಯ ಸಂಗ್,Vijay Singh
3635,27/03/2017,ಆರೋಗ್ಯ ಮತ್ತು ಕುಟುಂಬ ಕಲ್ಯಾಣ,Health and family welfare,ಬೀದರ್ ಜಿಲ್ಲೆಯ ಪ್ರಾಥಮೀಕ ಆರೋಗ್ಯ ಕೇಂದ್ರವನ್ನು ಮೇಲ್ದರ್ಜೆಗೇರಿಸುವ ಬಗ್ಗೆ,Upgrading the Primitive Health Center in Bidar district,ವಿಜಯ ಸಿಂಗ್,Vijay Singh
3636,27/03/2017,ಹಿಂದುಳಿದ ವರ್ಗಗಳ ಕಲ್ಯಾಣ,Welfare of Backward Classes,ಬೀದರ್ ಜಿಲ್ಲೆಯಲ್ಲಿ ಹಿಂದುಳಿದ ವರ್ಗಗಳ ವಸತಿ ನಿಲಯಗಳ ಬಗ್ಗೆ,Backward Classes Hostels in Bidar District,ವಿಜಯ ಸಿಂಗ್,Vijay Singh
3637,27/03/2017,ಮಹಿಳಾ ಮತ್ತು ಮಕ್ಕಳ ಅಭಿವೃದ್ಧಿ,Women and Child Development,ಭಾಗಲಕ್ಷ್ಮೀ ಬಾಚಿಡ್ ವಿತರಣೆ ಬಗ್ಗೆ,About Bhagalaxmi Bachit Distribution,ವಿಜಯ ಸಿಂಗ್,Vijay Singh
3638,27/03/2017,ಆಹಾರ ಮತ್ತು ನಾಗರಿಕ ಸರಬರಾಜು,Food and Civil Supplies,ಹೊಸ ಪಡಿತರ ಚೀಟಿ ವಿತರಣೆ ಬಗ್ಗೆ,New Ration Card Issue,ಬಸನಗೌಡ ಆರ್ ಪಾಟೀಲ್,Basanagowda R Patil
3639,27/03/2017,ಸಮಾಜ ಕಲ್ಯಾಣ,Social Welfare,ಸಮಾಜ ಕಲ್ಯಾಣ ಇಲಾಖೆಯಿಂದ ಮೀಸಲಿಟ್ಟಿರುವ ಹಣ,Dedicated money from the Social Welfare Department,ಬಸನಗೌಡ ಆರ್ ಪಾಟೀಲ್,Basanagowda R Patil
3640,27/03/2017,ಕನ್ನಡ ಮತ್ತು ಸಂಸ್ಕೃತಿ,Kannada and culture,ಸಂಸ್ಕೃತಿ ಉತ್ಸವ ಹಾಗೂ ಬೃಹತ್ ಜಾತ್ರಾ ಮಹೋತ್ಸವಕ್ಕೆ ಸಹಾಯಧನ ಒದಗಿಸುವ ಬಗ್ಗೆ,Concerns about the Culture Festival and the Big Jatra Jubilee,ಬಸನಗೌಡ ಆರ್ ಪಾಟೀಲ್,Basanagowda R Patil
3641,27/03/2017,ಸಮಾಜ ಕಲ್ಯಾಣ,Social Welfare,ಭೂ ಒಡೆತನ ಯೋಜನೆಯಲ್ಲಿನ ಅವ್ಯವಹಾರದ ಬಗ್ಗೆ,About Dispute In The Land Owner's Plan,ಬಸನಗೌಡ ಆರ್ ಪಾಟೀಲ್,Basanagowda R Patil
3642,27/03/2017,ವೈದ್ಯಕೀಯ ಶಿಕ್ಷಣ,Medical education,ಹೊಸ ಪಿಂಚಣಿ ಯೋಜನೆಯನ್ನು ಅಳವಡಿಸುವುದು,Implementation of a new pension plan,ಬಸವರಾಜ ಶಿವಲಿಂಗಪ್ಪ ಹೊರಟ್ಟಿ,Basavaraja Shivalingappa Horatti
3643,27/03/2017,ಆರೋಗ್ಯ ಮತ್ತು ಕುಟುಂಬ ಕಲ್ಯಾಣ,Health and family welfare,ಹಾವೇರಿ ಜಿಲ್ಲಾ ಕ್ಷಯ ರೋಗ ಹಾಗೂ ಏಡ್ಸ್ ನಿಯಂತ್ರಣಾಧಿಕಾರಿಗಳ ಅವ್ಯವಹಾರಗಳ ತನಿಕೆ ನಡೆಸುವ ಬಗ್ಗೆ,How to investigate the disproportionate assets of Haveri District Tuberculosis and AIDS Regulatory Authorities,ಬಸವರಾಜ ಶಿವಲಿಂಗಪ್ಪ ಹೊರಟ್ಟಿ,Basavaraja Shivalingappa Horatti
3644,27/03/2017,ಸಮಾಜ ಕಲ್ಯಾಣ,Social Welfare,ರಾಜ್ಯದಲ್ಲಿ ಜಾತಿ ಗಣತಿ ವರದಿ ಪ್ರಕಟಿಸುವ ಬಗ್ಗೆ,About publishing caste census report in state,ಬಸವರಾಜ ಶಿವಲಿಂಗಪ್ಪ ಹೊರಟ್ಟಿ,Basavaraja Shivalingappa Horatti
3645,27/03/2017,ಮಹಿಳಾ ಮತ್ತು ಮಕ್ಕಳ ಅಭಿವೃದ್ಧಿ,Women and Child Development,ರಾಜ್ಯದಲ್ಲಿರುವ ಹಳೆಯ ಕಟ್ಟಡಗಳನ್ನು ಪಾರಂಪರಿಕ ಕಟ್ಟಡ ಎಂದು ಘೋಷಿಸುವ ಬಗ್ಗೆ,About proclaiming old buildings in the state as a heritage building,ಲಹರ್ ಸಿಂಗ್ ಸಿರೋಯ,Lahar Singh Siroya
3646,27/03/2017,ಆಹಾರ ಮತ್ತು ನಾಗರಿಕ ಸರಬರಾಜು,Food and Civil Supplies,ವಿಕಲ ಚೇತನ ಸಂಸ್ಥೆಗಳಿಗೆ ಬಿ.ಪಿ.ಎಲ್. ದರದಲ್ಲಿ ಆಹಾರಧಾನ್ಯ ನೀಡುವ ಬಗ್ಗೆ,BPLL for Disabled Spirit Institutions Providing food at a rate,ಲಕ್ಷ್ಮೀನಾರಾಯಣ .ಎಂ.ಡಿ,Lakshmi Narayana MD
3647,27/03/2017,ಸಮಾಜ ಕಲ್ಯಾಣ,Social Welfare,ಶ್ರೀ ಪುಷ್ಟಾಂಡಜ ಮಹರ್ಷಿ ಗುರುಪೀಠಕ್ಕೆ ಬಿಡುಗಡೆ ಬಗ್ಗೆ,About the release of Sri Pushtantaja Maharishi Gurupet,ಲಕ್ಷ್ಮೀನಾರಾಯಣ .ಎಂ.ಡಿ,Lakshmi Narayana MD
3648,27/03/2017,ಕಂದಾಯ,Revenue,ಜಾತಿ ಮತ್ತು ಪ್ರಮಾಣ ಪತ್ರ ನೀಡುವ ಬಗ್ಗೆ,About caste and certificates,ಲಕ್ಷ್ಮೀನಾರಾಯಣ .ಎಂ.ಡಿ,Lakshmi Narayana MD
3649,27/03/2017,ಹಿಂದುಳಿದ ವರ್ಗಗಳ ಕಲ್ಯಾಣ,Welfare of Backward Classes,ಅನುಸೂಚಿತ ಜಾತಿ ಪಂಗಡಗಳ ಉಪಯೋಜನೆ ಕಾಯ್ದೆ-೨೦೧೩ರ ಬಗ್ಗೆ,About Scheduled Castes Subdivision Act - 2013,ಶ್ರೀಕಂಠೇಗೌಡ .ಕೆ.ಟಿ,Srikantegowda KT
3650,27/03/2017,ಹಿಂದುಳಿದ ವರ್ಗಗಳ ಕಲ್ಯಾಣ,Welfare of Backward Classes,ಪರಿಶಿಷ್ಟ ಜಾತಿ ಮತ್ತು ಪರಿಶಿಷ್ಠ ಪಂಗಡದವರ ಬ್ಯಾಕ್‌ಲಾಗ್ ಹುದ್ದೆಗಳ ಭರ್ತಿ ಮಾಡುವ ಬಗ್ಗೆ,The filling of Scheduled Castes and Scheduled Tribes Backlog posts,ಶ್ರೀಕಂಠೇಗೌಡ .ಕೆ.ಟಿ,Srikantegowda KT
3651,27/03/2017,ಸಮಾಜ ಕಲ್ಯಾಣ,Social Welfare,ಸಮುದಾಯ ಭವನಗಳ ಬಗ್ಗೆ,About community halls,ಶ್ರೀಕಂಠೇಗೌಡ .ಕೆ.ಟಿ,Srikantegowda KT
3652,27/03/2017,ಆರೋಗ್ಯ ಮತ್ತು ಕುಟುಂಬ ಕಲ್ಯಾಣ,Health and family welfare,ಔ.ಖಿ ಖಿeಛಿhಟಿiಛಿiಚಿಟಿ ಎಂಬ ಅರೆ ವೈದ್ಯಕೀಯ ಸಿಬ್ಬಂದಿಗಳ ಬಗ್ಗೆ,About semi-medical personnel Auqi ki e chi h ti chi i chiti,ಶ್ರೀಕಂಠೇಗೌಡ .ಕೆ.ಟಿ,Srikantegowda KT
3653,27/03/2017,ಆಹಾರ ಮತ್ತು ನಾಗರಿಕ ಸರಬರಾಜು,Food and Civil Supplies,ವಿವಿಧ ಆರೋಗ್ಯ ಯೋಜನೆಗಳನ್ನು ವಿಲೀನಗೊಳಿಸುತ್ತಿರುವ ಬಗ್ಗೆ,About merging various health plans,ಶ್ರೀಕಂಠೇಗೌಡ .ಕೆ.ಟಿ,Srikantegowda KT
3654,27/03/2017,ಮಹಿಳಾ ಮತ್ತ ಮಕ್ಕಳ ಅಭಿವೃದ್ಧಿ,Women and Child Development,ಭಗ್ಯಲಕ್ಷ್ಮಿ ಬಾಚಿಡ್‌ಗಳ ವಿತರಣೆ ಬಗ್ಗೆ,About Bhagyalakshmi Bacheds Distribution,ಮಾನೆ ಶ್ರೀನಿವಾಸ,Mane Srinivas
3655,27/03/2017,ಹಿಂದುಳಿದ ವರ್ಗಗಳ ಕಲ್ಯಾಣ,Welfare of Backward Classes,ಚಿಕ್ಕಮಂಗಳೂರು ಜಿಲ್ಲೆಯ ಗಿರಿಜನ ಅಭಿವೃದ್ಧಿ ಯೋಜನೆಯಡಿ ನೀಟಲಾಗಿರುವ ವಿಶೇಷ ಪ್ಯಾಕೇಜ್‌ನ ಬಗ್ಗೆ,About a special package set up under the Girijana Development Program in Chikmagalur district,ಮೋಟಮ್ಮ,Motamma
3656,27/03/2017,ಹಿಂದುಳಿದ ವರ್ಗಗಳ ಕಲ್ಯಾಣ,Welfare of Backward Classes,ಚಿಕಮಗಳೂರು ಜಿಲ್ಲೆಯಲ್ಲಿ ಮಂಜೂರಾದ ಡಾ:ಬಿ.ಆರ್. ಅಂಬೇಡ್ಕರ್ ಭವನಗಳ ಬಗ್ಗೆ,"Dr. Chiranjeevi, who was granted sanction in Chikamagaluru district, About Ambedkar Bhavan",ಮೋಟಮ್ಮ,Motamma
3657,27/03/2017,ಸಮಾಜ ಕಲ್ಯಾಣ,Social Welfare,ಸಮಾಜ ಕಲ್ಯಾಣ ಇಲಾಖೆಯ ವತಿಯಿಂದ ಪರಿಶಿಷ್ಠ ಜಾತಿ/ಪರಿಶಿಷ್ಠ ಪಂಗಡಗಳ ವಿದ್ಯಾರ್ಥಿಗಳಿಗೆ ನೀಡುತ್ತಿರುವ ವಿದ್ಯಾರ್ಥಿ ವೇತನ ಬಗ್ಗೆ,About the scholarships paid to SC / ST students from Social Welfare Department,ಮೋಟಮ್ಮ,Motamma
3658,27/03/2017,ಆರೋಗ್ಯ ಮತ್ತು ಕುಟುಂಬ ಕಲ್ಯಾಣ,Health and family welfare,ಡಯಾಲಿಸಿಸ್ ಕೇಂದ್ರಗಳನ್ನು ಖಾಸಗಿ ಸಹಭಾಗಿತ್ವದಲ್ಲಿ ನಡೆಸುವ ಬಗ್ಗೆ,About conducting dialysis centers in private partnership,ಅಬ್ದುಲ್ ಜಬ್ಬಾರ್ .ಕೆ,Abdul Jabbar K
3659,27/03/2017,ಆರೋಗ್ಯ ಮತ್ತು ಕುಟುಂಬ ಕಲ್ಯಾಣ,Health and family welfare,"ಸರ್ಕಾರಿ ಜಿಲ್ಲಾ ಆಸ್ಪತ್ರೆಗಳಲ್ಲಿ ರೋಗಿಗಳಿಗೆ ಔಷಧಿ ಒದಗಿಸುವ ವ್ಯವಸ್ಥೆ ಹಾಗೂ ""ಸ್ಟಂಟ್""ಗಳ ದರಗಳ ಬಗ್ಗೆ","Regarding the medicines for patients in government district hospitals and the prices of ""stunt""",ಅಮರನಾಥ ಪಾಟೀಲ್,Amaranatha Patil
3660,27/03/2017,ಮಹಿಳಾ ಮತ್ತ ಮಕ್ಕಳ ಅಭಿವೃದ್ಧಿ,Women and Child Development,ಉದ್ಯೋಗಿನಿ ಮತ್ತಿತರೆ ಕಿರುಸಾಲ ಯೊಜನೆಗಳ ಬಗ್ಗೆ,About employee and other microfinance projects,ಜಯಮಾಲ ರಾಮಚಂದ್ರ,Jayamala Ramachandra
3661,27/03/2017,ಮಹಿಳಾ ಮತ್ತು ಮಕ್ಕಳ ಅಭಿವೃದ್ಧಿ,Women and Child Development,ಕಲಬುರಗಿ ಜಿಲ್ಲೆಯಲ್ಲಿನ ಮಾಶಾಶನ ಫಲಾನುಭವಿಗಳ ಕುರಿತು,About Beneficiaries in Kalaburagi District,ಇಕ್ಬಾಲ್ ಅಹ್ಮದ್ ಸರಡಗಿ,Ikbal Ahmad Sadaragi
3662,27/03/2017,ಕನ್ನಡ ಮತ್ತು ಸಂಸ್ಕೃತಿ,Kannada and culture,ಕಲಬುರಗಿ ಜಿಲ್ಲೆಯಲ್ಲಿನ ಪುಸ್ತಕ ಮಾರಾಟ ಮಳಿಗೆಗಳ ಬಗ್ಗೆ,About bookstore stores in Kalaburagi district,ಇಕ್ಬಾಲ್ ಅಹ್ಮದ್ ಸರಡಗಿ,Ikbal Ahmad Sadaragi
3663,27/03/2017,ಪ್ರವಾಸೋದ್ಯಮ,Tourism,ಪರಿಶಿಷ್ಟ ಜಾತಿ ಮತ್ತು ಪರಿಶಿಷ್ಠ ಪಂಗಡಗಳ ಯುವಕರಿಗೆ ಟ್ಯಾಕ್ಸಿ ಖರೀದಿಸಲು ಸಬ್ಸಿಡಿ ನೀಡುತ್ತಿರುವ ಬಗ್ಗೆ,About subsidizing a taxi for Scheduled Caste and Scheduled Tribes youth,ರಾಮಪ್ಪ ತಿಮ್ಮಾಪೂರ,Ramappa Timmapura
3664,27/03/2017,ಯೋಜನೆ ಮತ್ತು ಸಾಂಖ್ಯಿಕ,Plan and Numerical,ಶಾಸಕರ ಪ್ರದೇಶಾಭಿವೃದ್ಧಿ ಕಾಮಗಾರಿಗಳ ಬಗ್ಗೆ,About MLAs Developmental Works,ರಾಮಪ್ಪ ತಿಮ್ಮಾಪೂರ,Ramappa Timmapura
3665,27/03/2017,ಆಹಾರ ಮತ್ತು ನಾಗರಿಕ ಸರಬರಾಜು,Food and Civil Supplies,ರಾಯಚೂರು ಜಿಲ್ಲೆಯ ನ್ಯಾಯಬೆಲೆ ಅಂಗಡಿಗಳ ಬಗ್ಗೆ,About Justice Shops in Raichur District,ರಾಮಪ್ಪ ತಿಮ್ಮಾಪೂರ,Ramappa Timmapura
3666,27/03/2017,ಸಮಾಜ ಕಲ್ಯಾಣ,Social Welfare,ವಸತಿ ನಿಲಯಗಳ ಬಗ್ಗೆ,About Hostels,ರಾಮಪ್ಪ ತಿಮ್ಮಾಪೂರ,Ramappa Timmapura
3667,27/03/2017,ಪ್ರವಾಸೋದ್ಯಮ,Tourism,ಯಾತ್ರಿ ನಿಲಯಗಳ ನಿರ್ಮಾಣ ಬಗ್ಗೆ,About the construction of pilgrimages,ರಾಮಪ್ಪ ತಿಮ್ಮಾಪುರ,Ramappa Timmapura
3668,27/03/2017,ಆರೋಗ್ಯ ಮತ್ತು ಕುಟುಂಬ ಕಲ್ಯಾಣ,Health and family welfare,ಸ್ಕಿನ್ ಬ್ಯಾಂಕ್ ಕೇಂದ್ರಗಳನ್ನು ವಿಸ್ತರಿಸುವ ಕುರಿತು,About expanding Skin Bank Centers,ರಮಚಂದ್ರಗೌಡ,Ramachandra Gowda
3669,27/03/2017,ಆರೋಗ್ಯ ಮತ್ತು ಕುಟುಂಬ ಕಲ್ಯಾಣ,Health and family welfare,’ಶುಚಿ’ ಯೋಜನೆ ಸಮರ್ಪಕವಾಗಿ ಅನುಷ್ಠಾನಗೊಳ್ಳದ ಇರುವ ಬಗ್ಗೆ,The 'clean' plan is not adequately implemented,ರಾಮಚಂದ್ರಗೌಡ,Ramachandra Gowda
3670,27/03/2017,ಮಹಿಳಾ ಮತ್ತು ಮಕ್ಕಳ ಅಭಿವೃದ್ಧಿ,Women and Child Development,ಸ್ಪರ್ಧಾ ಚೇತನ ಯೋಜನೆಯನ್ನು ಅನುಷ್ಠಾನಗೊಳಿಸುವ ಬಗ್ಗೆ,About implementing the competitive spirit plan,ರಾಮಚಂದ್ರಗೌಡ,Ramachandra Gowda
3671,27/03/2017,ಆರೋಗ್ಯ ಮತ್ತು ಕುಟುಂಬ ಕಲ್ಯಾಣ,Health and family welfare,ಮಡಿಲು ಯೊಜನೆಯನ್ನು ಮುಂದುವರೆಸುವ ಬಗ್ಗೆ,Regarding continuing the Folding Program,ರಾಮಚಂದ್ರಗೌಡ,Ramachandra Gowda
3672,27/03/2017,ಆರೋಗ್ಯ ಮತ್ತು ಕುಟುಂಬ ಕಲ್ಯಾಣ,Health and family welfare,ಜಿಲ್ಲಾ ಕೇಂದ್ರಗಳಲ್ಲಿ Suಠಿeಡಿ Sಠಿeಛಿiಚಿಟiಣಥಿ ಆಸ್ಪತ್ರೆಯ ಕುರಿತು,About the hospital and the hospital in the district centers,ರಮೇಶ ಬಾಬು,Ramesha Babu
3673,27/03/2017,ಪ್ರವಾಸೋದ್ಯಮ,Tourism,ರಾಜ್ಯ ಪ್ರವಾಸೋಧ್ಯಮ ಯೊಜನೆ ಕುರಿತು,About State Tourism Project,ರಮೇಶ ಬಾಬು,Ramesha Babu
3674,27/03/2017,ಆಹಾರ ಮತ್ತು ನಾಗರಿಕ ಸರಬರಾಜು,Food and Civil Supplies,ಪಡಿತರ ವ್ಯವಸ್ಥೆಯ ಕುರಿತು,About the ration system,ರಮೇಶ ಬಾಬು,Ramesha Babu
3675,27/03/2017,ಮಹಿಳಾ ಮತ್ತು ಮಕ್ಕಳ ಅಭಿವೃದ್ಧಿ,Women and Child Development,ಪ್ರಾಧಿಕಾರದ ಅಧ್ಯಕ್ಷರ ನೇಮಕಾತಿ ಕುರಿತು,About the appointment of the President of the Authority,ರಮೇಶ ಬಾಬು,Ramesha Babu
3676,27/03/2017,ಆರೋಗ್ಯ ಮತ್ತು ಕುಟುಂಬ ಕಲ್ಯಾಣ,Health and family welfare,ಚಿತ್ರದುರ್ಗ ಸರ್ಕಾರಿ ಆಸ್ಪತ್ರೆಯಲ್ಲಿ ಮೂಲಭೂತ ಸೌಕರ್ಯದ ಬಗ್ಗೆ,About infrastructure at Chitradurga Government Hospital,ರಘು ಆಚಾರ್ .ಜಿ,Raghu Achar G
3677,27/03/2017,ಆರೋಗ್ಯ ಮತ್ತು ಕುಟುಂಬ ಕಲ್ಯಾಣ,Health and family welfare,ಚಿತ್ರದುರ್ಗ ಜಿಲ್ಲಾ ಆಸ್ಪತ್ರೆಗಳ ವೈದ್ಯರ ಕೊರತೆ ಬಗ್ಗೆ,About the lack of doctors in Chitradurga district hospitals,ರಘು ಆಚಾರ್ .ಜಿ,Raghu Achar G
3678,27/03/2017,ಪ್ರವಾಸೋದ್ಯಮ,Tourism,ಚಿತದುರ್ಗ ಕಲ್ಲಿನ ಕೋಟೆ ಪ್ರವಾಸಿಗರ ಮೂಲಸೌಕರ್ಯ ಕುರಿತು,Chitradurga Stone Fort About Traveler Infrastructure,ರಘು ಆಚಾರ್ .ಜಿ,Raghu Achar G
3679,27/03/2017,ಸಮಾಜ ಕಲ್ಯಾಣ,Social Welfare,ಹಾಸ್ಟೆಲ್ ಮಕ್ಕಳಿಗೆ ಊಟದ ವ್ಯವಸ್ಥೆಗೆ ಅನುದಾನ ಬಿಡುಗಡೆ ಬಗ್ಗೆ,Hostel children are about to release grants to the dining system,ರಘುನಾಥ ರಾವ್ ಮಲ್ಕಾಪೂರೆ,Raghunath Rao Malkapore
3680,27/03/2017,ಸಮಾಜ ಕಲ್ಯಾಣ,Social Welfare,ವಿಶೇಷ ಘಟಕ ಯೋಜನೆಯಲ್ಲಿ ಖರ್ಚಾಗದೆ ಇರುವ ಹಣದ ಬಗ್ಗೆ,About the money that is not spent on a special unit plan,ರಘುನಾಥ ರಾವ್ ಮಲ್ಕಾಪೂರೆ,Raghunath Rao Malkapore
3681,27/03/2017,ವೈದ್ಯಕೀಯ ಶಿಕ್ಷಣ,Medical education,ವೈದಕೀಯ ಕಾಲೇಜಿನ ಕಾಮಗಾರಿ,Works of Vedic College,ರಘುನಾಥ ರಾವ್ ಮಲ್ಕಾಪೂರೆ,Raghunath Rao Malkapore
3682,27/03/2017,ಆರೋಗ್ಯ ಮತ್ತು ಕುಟುಂಬ ಕಲ್ಯಾಣ,Health and family welfare,ಖಾಸಗಿ ಆಯುರ್ವೇದಿಕ್ ಆಸ್ಪತ್ರೆ,Private Ayurvedic Hospital,ರಘುನಾಥ ರಾವ್ ಮಲ್ಕಾಪೂರೆ,Raghunath Rao Malkapore
3683,27/03/2017,ಆಹಾರ ಮತ್ತು ನಾಗರಿಕ ಸರಬರಾಜು,Food and Civil Supplies,ಅನರ್ಹರ ಬಳಿ ಇರುವ ಬಿ.ಪಿ.ಎಲ್. ಕಾರ್ಡುಗಳು,BPL near disqualification. Cards,ರಘುನಾಥ ರಾವ್ ಮಲ್ಕಾಪೂರೆ,Raghunath Rao Malkapore
3684,27/03/2017,ಕನ್ನಡ ಮತ್ತು ಸಂಸ್ಕೃತಿ,Kannada and culture,ಕನ್ನಡ ಮತ್ತು ಸಂಸ್ಕೃತಿ ಇಲಾಖೆಯಲ್ಲಿ ಮಂದಿರಗಳನ್ನು ಮಂಜೂರು ಮಾಡಿರುವ ಬಗ್ಗೆ,About sanctioning of Mandir at the Department of Kannada and Culture,ರೇವಣ್ಣ .ಹೆಚ್.ಎಂ,Revanna H M
3685,27/03/2017,ಹಿಂದುಳಿದ ವರ್ಗಗಳ ಕಲ್ಯಾಣ,Welfare of Backward Classes,ವಿಶ್ವವಿದ್ಯಾಲಯಗಳಲ್ಲಿ ಹಿಂದುಳಿದ ವರ್ಗಗಳ ಘಟಕ ಕಾರ್ಯನಿರ್ವಹಿಸುವ ಬಗ್ಗೆ,About working with the Backward Classes Unit in Universities,ರೇವಣ್ಣ .ಹೆಚ್.ಎಂ,Revanna H M
3686,27/03/2017,ಕನ್ನಡ ಮತ್ತು ಸಂಸ್ಕೃತಿ,Kannada and culture,ಕನ್ನಡ ಮತ್ತು ಸಂಸ್ಕೃತಿ ಇಲಾಖೆಯಲ್ಲಿ ಸಂಸ್ಕೃತಿ ನೀಡಿ ಘೋಷಣೆ ಮಾಡಿರುವ ಬಗ್ಗೆ,Culture and Culture of the Department of Kannada and Culture,ರೇವಣ್ಣ .ಹೆಚ್.ಎಂ,Revanna H M
3687,27/03/2017,ಸಮಾಜ ಕಲ್ಯಾಣ,Social Welfare,ರಾಜ್ಯದಲ್ಲಿ ಅಲೆಮಾರಿ ಮತ್ತು ಅರೆ ಅಲೆಮಾರಿ ಸಮುದಾಯದ ಜನಾಂಗಕ್ಕೆ ರೂಪಿಸಿರುವ ಕಾರ್ಯಕ್ರಮಗಳ ಬಗ್ಗೆ,Regarding programs designed for the race of nomadic and semi-nomadic communities in the state,ರೇವಣ್ಣ .ಹೆಚ್.ಎಂ,Revanna H M
3688,27/03/2017,ಹಿಂದುಳಿದ ವರ್ಗಗಳ ಕಲ್ಯಾಣ,Welfare of Backward Classes,ಪರಿಶಿಷ್ಠ ಜಾತಿ ಪರಿಶಿಷ್ಠ ಪಂಗಡ ಜನಾಂಗದ ಬಗ್ಗೆ,Scheduled Caste Scheduled Tribes,ಉಗ್ರಪ್ಪ .ವಿ.ಎಸ್,Ugrappa VS
3689,27/03/2017,ಆರೋಗ್ಯ ಮತ್ತು ಕುಟುಂಬ ಕಲ್ಯಾಣ,Health and family welfare,ಅಲ್ಟ್ರಾಸ್ಕ್ಯಾನಿಂಗ್ ಸೆಂಟರ್‌ಗಳು ಮತ್ತು ಅವುಗಳ ನಿಯಂತ್ರಣ,Ultrascaning centers and their control,ಉಗ್ರಪ್ಪ .ವಿ.ಎಸ್,Ugrappa VS
3690,27/03/2017,ಪ್ರವಾಸೋದ್ಯಮ,Tourism,ಪ್ರವಾಸೋದ್ಯಮ ಕೇಂದ್ರಗಳು ಮತ್ತು ಅಲ್ಲಿನ ಮೂಲ ಸೌಕರ್ಯಗಳ,Tourism Centers and Basic Facilities,ಉಗ್ರಪ್ಪ .ಎಸ್.ವಿ,Ugrappa VS
3691,27/03/2017,ಸಮಾಜ ಕಲ್ಯಾಣ,Social Welfare,ಹಡಿಗಳ ಅಭಿವೃದ್ಧಿ,The development of the beds,ಉಗ್ರಪ್ಪ .ಎಸ್.ವಿ,Ugrappa VS
3692,27/03/2017,ಕನ್ನಡ ಮತ್ತು ಸಂಸ್ಕೃತಿ,Kannada and culture,ಹಂಪಿ ಪ್ರಾಚೀನ ಸ್ಮಾರಕಗಳ ಸಂರಕ್ಷಣೆ,Conservation of Hampi Ancient Monuments,ಉಗ್ರಪ್ಪ .ಎಸ್.ವಿ,Ugrappa VS
3693,27/03/2017,ವೈದ್ಯಕೀಯ ಶಿಕ್ಷಣ,Medical education,ದಕ್ಷಿಣ ಕನ್ನಡ ಜಿಲ್ಲೆಯಲ್ಲಿ ವೈದ್ಯಕೀಯ ಕಾಲೇಜು ಪ್ರಾರಂಭಿಸುವ ಬಗ್ಗೆ,About launching a medical college in Dakshina Kannada district,ಐವಾನ ಡಿ ಸೋಜಾ,Ivan Disoza
3694,27/03/2017,ಆರೋಗ್ಯ ಮತ್ತು ಕುಟುಂಬ ಕಲ್ಯಾಣ,Health and family welfare,ರಾಜ್ಯದ ಪ್ರಾಥಮೀಕ ಆರೋಗ್ಯ ಕೇಂದ್ರಗಳನ್ನು ಉನ್ನತೀಕರಿಸುವ ಬಗ್ಗೆ,Upgrading the state's primary health centers,ಐವಾನ ಡಿ ಸೋಜಾ,Ivan Disoza
3695,27/03/2017,ಆಹಾರ ಮತ್ತು ನಾಗರಿಕ ಸರಬರಾಜು,Food and Civil Supplies,ಆಧಾರ್ ಕಾರ್ಡ್ ಇಲ್ಲದೆ ಇರುವ ಕುಟುಂಬಗಳಿಗೆ ಪಡಿತರ ಸಾಮಾಗ್ರಿಗಳನ್ನು ನೀಡುವ ಬಗ್ಗೆ,Providing ration materials for families without Aadhar Card,ಐವಾನ ಡಿ ಸೋಜಾ,Ivan Disoza
3696,27/03/2017,ಕನ್ನಡ ಮತ್ತು ಸಂಸ್ಕೃತಿ,Kannada and culture,ಮಂಗಳೂರಿನ ರಂಗಮಂದಿರದ ಕಾಮಗಾರಿಗಳ ಬಗ್ಗೆ,About the theater works of Mangalore,ಐವಾನ ಡಿ ಸೋಜಾ,Ivan Disoza
3697,27/03/2017,ಪ್ರವಾಸೋದ್ಯಮ,Tourism,ಜಿಲ್ಲೆಗಳಲ್ಲಿ ಧ್ವನಿ-ಬೆಳಕು ಕಾರ್ಯಕ್ರಮದ ಅನುಷ್ಠಾನದ ಬಗ್ಗೆ,About the implementation of the voice-light program in the districts,ಕ್ಯಾಪ್ಟನ್ ಗಣೇಶ್ ಕಾರ್ಣಿಕ್,Capt. Ganesh Karnik
3698,27/03/2017,ಆಹಾರ ಮತ್ತು ನಾಗರಿಕ ಸರಬರಾಜು,Food and Civil Supplies,ನ್ಯಾಯ ಬೆಲೆ ಅಂಗಡಿಗಲಲ್ಲಿ ನಕಲಿ ಕೂಪನ್‌ಗಳಲ್ಲಿ ಸೃಷ್ಟಿಸಿ ಪಡಿತರ ಸಾಮಗ್ರಿಗಳನ್ನ ಪಡೆಯುತ್ತಿರುವ ಬಗ್ಗೆ,Concerned about creating rationale items in fake coupons in justice pricing agencies,ಕ್ಯಾಪ್ಟನ್ ಗಣೇಶ್ ಕಾರ್ಣಿಕ್,Capt. Ganesh Karnik
3699,27/03/2017,ಮಹಿಳಾ ಮತ್ತು ಮಕ್ಕಳ ಅಭಿವೃದ್ಧಿ,Women and Child Development,ರಾಜ್ಯ ಸರ್ಕಾರ ನಡೆಸುವ ವೃದ್ಧಾಶ್ರಮಗಳ ಬಗ್ಗೆ,About the state government's old age homes,ಕ್ಯಾಪ್ಟನ್ ಗಣೇಶ್ ಕಾರ್ಣಿಕ್,Capt. Ganesh Karnik
3700,27/03/2017,ಪ್ರವಾಸೋದ್ಯಮ,Tourism,೨೦೧೬-೧೭ನೇ ಸಾಲಿನ ಆಯವ್ಯಯದಲ್ಲಿ ಘೋಷಿಸಿರುವಂತೆ ರಾಷ್ಟ್ರೀಯ ಹೆದ್ದಾರಿಗಲಲ್ಲಿ ಕುಟೀರ ಯೊಜನೆ ಕುರಿತು,About the Citizenship Program on National Highways as announced in the 2016-17 Budget,ಕ್ಯಾಪ್ಟನ್ ಗಣೇಶ್ ಕಾರ್ಣಿಕ್,Capt. Ganesh Karnik
3701,27/03/2017,ಮಹಿಳಾ ಮತ್ತ ಮಕ್ಕಳ ಅಭಿವೃದ್ಧಿ,Women and Child Development,ರಾಜ್ಯದಲ್ಲಿ ಬಾಲ್ಯ ವಿವಾಹ ನಿಷೇಧ ಕಾಯ್ದೆ ಕುರಿತು,About the Child Marriage Prohibition Act in the State,ಕ್ಯಾಪ್ಟನ್ ಗಣೇಶ್ ಕಾರ್ಣಿಕ್,Capt. Ganesh Karnik
3702,27/03/2017,ಆರೋಗ್ಯ ಮತ್ತು ಕುಟುಂಬ ಕಲ್ಯಾಣ,Health and family welfare,ರಾಜ್ಯದಲ್ಲಿ ಮಾರಣಾಂತಿಕ ಸೋಂಕಿನ ಖಾಯಿಲೆಗಳು ಹೆಚ್ಚುತ್ತಿರುವ ಬಗ್ಗೆ,About increasing the risk of deadly infectious diseases in the state,ಕವಟಗಿಮಠ ಮಹಾಂತೇಶ ಮಲ್ಲಿಕಾರ್ಜುನ,Kavatimata Mahantesha Mallikarjuna
3703,27/03/2017,ಆಹಾರ ಮತ್ತು ನಾಗರಿಕ ಸರಬರಾಜು,Food and Civil Supplies,ರಾಜ್ಯದಲ್ಲಿ ಬಡವರಿಗೆ ಪಡಿತರ ಸಮರ್ಪಕವಾಗಿ ವಿತರಣೆಯಾಗದೆ ಇರುವ ಬಗ್ಗೆ,About the poor distribution of ration to the poor in the state,ಕವಟಗಿಮಠ ಮಹಾಂತೇಶ ಮಲ್ಲಿಕಾರ್ಜುನ,Kavatimata Mahantesha Mallikarjuna
3704,27/03/2017,ಸಮಾಜ ಕಲ್ಯಾಣ,Social Welfare,ರಾಜ್ಯದ ಹಾಸ್ಟೆಲ್‌ಗಳಲ್ಲಿ ವಿದ್ಯಾರ್ಥಿಗಳು ಕಲುಷಿತ ಆಹಾರ ಸೇವಿಸಿ ಅಸ್ವಸ್ಥರಾಗುತ್ತಿರುವ ಬಗ್ಗೆ,Students in the state hostels are getting sick and eating disorders,ಕವಟಗಿಮಠ ಮಹಾಂತೇಶ ಮಲ್ಲಿಕಾರ್ಜುನ,Kavatimata Mahantesha Mallikarjuna
3705,27/03/2017,ಮಹಿಳಾ ಮತ್ತು ಮಕ್ಕಳ ಅಭಿವೃದ್ಧಿ,Women and Child Development,ರಾಜ್ಯದಲ್ಲಿ ಮಹಿಳೆಯರು ಮತ್ತು ಹೆಣ್ಣು ಮಕ್ಕಳ ಲೈಂಗಿಕ ಶೋಷಣೆಗೊಳಗಾಗುತ್ತಿರುವ ಬಗ್ಗೆ,Regarding sexual exploitation of women and girls in the state,ಕವಟಗಿಮಠ ಮಹಾಂತೇಶ ಮಲ್ಲಿಕಾರ್ಜುನ,Kavatimata Mahantesha Mallikarjuna
3706,27/03/2017,ಪ್ರವಾಸೋದ್ಯಮ,Tourism,ಪವಾಸೋದ್ಯಮ ಅಭಿವೃದ್ಧಿ ಸಮಿತಿಗಳ ಅನುದಾನ ಹೆಚ್ಚಿಸುವ ಬಗ್ಗೆ,About raising funding for Housing Development Committees,ಕಾಂತರಾಜು,Kantaraju
3707,27/03/2017,ಸಮಾಜ ಕಲ್ಯಾಣ,Social Welfare,ತುಮಕೂರು ನಗರದಲ್ಲಿ ವಿದ್ಯಾರ್ಥಿನಿಲಯಗಳನ್ನು ಸ್ಥಾಪಿಸುವ ಬಗ್ಗೆ,About establishing a student in Tumkur,ಕಾಂತರಾಜು,Kantaraju
3708,27/03/2017,ಆರೋಗ್ಯ ಮತ್ತು ಕುಟುಂಬ ಕಲ್ಯಾಣ,Health and family welfare,ತಾಲ್ಲೂಕು ಆಸ್ಪತ್ರೆಗಲಲ್ಲಿ ಡಯಾಲಿಸಿಸ್ ಸೌಲಭ್ಯ ನೀಡುವ ಬಗ್ಗೆ,About dialysis facility at Taluk Hospital,ಕಾಂತರಾಜು,Kantaraju
3709,27/03/2017,ಆರೋಗ್ಯ ಮತ್ತು ಕುಟುಂಬ ಕಲ್ಯಾಣ,Health and family welfare,ತಿಪಟೂರಿನಲ್ಲಿರುವ ಸಾರ್ವಜನಿಕ ಆಸ್ಪತ್ರೆಯ ಬಗ್ಗೆ,About a public hospital in Tiptur,ಕಾಂತರಾಜು,Kantaraju
3710,27/03/2017,ಪ್ರವಾಸೋದ್ಯಮ,Tourism,ರಾಜ್ಯದಲ್ಲಿರುವ ಪುರಾತನ ಮತ್ತು ಪ್ರವಾಸಿ ಸ್ಥಳಗಳಲ್ಲಿರುವ ದೇವಸ್ಥಾನಗಳಿಗೆ ಅನುದಾನ ನೀಡಿರುವ ಬಗ್ಗೆ,About granting funds to temples in ancient and tourist places of the state,ಕಾಂತರಾಜು,Kantaraju
3711,27/03/2017,ಮಹಿಳಾ ಮತ್ತ ಮಕ್ಕಳ ಅಭಿವೃದ್ಧಿ,Women and Child Development,ಮಕ್ಕಳ ಹಕ್ಕು ರಕ್ಷಣೆ ಕುರಿತಾದ ಸರಕಾರದ ಕ್ರಮಗಳು,Government actions on child rights protection,ಕಂಡಯ್ಯ .ಕೆ.ಸಿ,Kondaiah KC
3712,27/03/2017,ಆಹಾರ ಮತ್ತು ನಾಗರೀಕರ ಸರಬರಾಜು,Food and Civil Supplies,"ಪಡಿತರ ವಿತರಣೆಯಲ್ಲಿನ ಅವ್ಯವಸ್ಥೆ, ಕಾರ್ಡ್‌ಬ್ಲಾಕ್, ಕೂಪನ್ ಪದ್ಧತಿಯಲ್ಲಿನ ಲೋಪದ ಕುರಿತು","Discussion on rationale in ration distribution, cardblock and coupon system",ಕೋಟ ಶ್ರೀನಿವಾಸ ಪೂಜಾರಿ,Kota Srinivasa Pujari
3713,27/03/2017,ಆಹಾರ ಮತ್ತು ನಾಗರಿಕ ಸರಬರಾಜು,Food and Civil Supplies,ಪಡಿತರ ಚೀಟಿ ಅರ್ಜಿ ಶುಲ್ಕ Uಮ ಪಂಚಾಯತ್‌ಗಳಿಗೆ ನೀಡುವ ಕುರಿತು,Registration of Ration Card Application Fee U U Panchayats,ಕೋಟ ಶ್ರೀನಿವಾಸ ಪೂಜಾರಿ,Kota Srinivasa Pujari
3714,27/03/2017,ಸಮಾಜ ಕಲ್ಯಾಣ ಹಾಗೂ ಹಿಂದುಳಿದ ವರ್ಗಗಳ ಕಲ್ಯಾಣ,Welfare of Social Welfare and Backward Classes,ಕರ್ನಾಟಕ ವಸತಿ ಶಿಕ್ಷಣ ಸಂಸ್ಥೆಗಳ ಸಂಘದ ವ್ಯಾಪ್ತಿಯಲ್ಲಿನ ವಸತಿ ಶಾಲೆಗಳ ಅವ್ಯವಸ್ಥೆಯ ಕುರಿತು,Concerns about the disaster of residential schools in the Karnataka Housing Institutions Association,ಕೋಟ ಶ್ರೀನಿವಾಸ ಪೂಜಾರಿ,Kota Srinivasa Pujari
3715,27/03/2017,ಆರೋಗ್ಯ ಮತ್ತು ಕುಟುಂಬ ಕಲ್ಯಾಣ,Health and family welfare,ಆರೋಗ್ಯ ಇಲಾಖೆಯಡಿ ಆಹಾರ ಸುರಕ್ಷತಾ ಕಾಯಿದೆ ಅನುಷ್ಠಾನದ ಕುರಿತು,About the implementation of the Food Safety Act under the Department of Health,ಕೋಟ ಶ್ರೀನಿವಾಸ ಪೂಜಾರಿ,Kota Srinivasa Pujari
3716,27/03/2017,ಹಿಂದುಳಿದ ವರ್ಗಗಳ ಕಲ್ಯಾಣ,Welfare of Backward Classes,ಹಿಂದುಳಿದ ವರ್ಗಗಳ ಶೈಕ್ಷಣಿಕ ಅಭಿವೃದ್ಧಿಗಾಗಿ ಜನಪ್ರಿಯ ಯೋಜನೆಗಳು,Popular projects for educational development of backward classes,ಕೊಂಡಯ್ಯ .ಕೆ.ಸಿ,Kondaiah KC
3717,27/03/2017,ಮಹಿಳಾ ಮತ್ತು ಮಕ್ಕಳ ಅಭಿವೃದ್ಧಿ,Women and Child Development,ಮಂಗಳಮುಖಿಯರಿಗಾಗಿ ಪುನರ್ವಸತಿ ಕೇಂದ್ರಗಳ ಹಾಗೂ ಭಿಕ್ಷಾಟನೆ ನಿಮೂಲನೆ ಬಗ್ಗೆ,About the rehabilitation centers and begging for Mars,ಕೊಂಡಯ್ಯ .ಕೆ.ಸಿ,Kondaiah KC
3718,27/03/2017,ಆಹಾರ ಮತ್ತು ನಾಗರಿಕ ಸರಬರಾಜು,Food and Civil Supplies,ಎಂ.ಎಸ್.ಪಿ.ಟಿ.ಸಿ. ವತಿಯಿಂದ ಆಹಾರ ಸರಬರಾಜುದಾರರಿಗೆ ಹಣ ನೀಡುವ ಬಗ್ಗೆ,MSPTC About paying food suppliers,ಗೋಪಾಲಸ್ವಾಮಿ .ಎಂ.ಎ,Gopalaswamy MA
3719,27/03/2017,ಹಿಂದುಳಿದ ವರ್ಗಗಳ ಕಲ್ಯಾಣ,Welfare of Backward Classes,ಗಂಗಾ ಕಲ್ಯಾಣ ಯೋಜನೆಯಡಿ ಬಾವಿ ಕೊರೆದಿರುವ ಬಗ್ಗೆ,Regarding the well-being under the Ganga Welfare Program,ಗೋಪಾಲಸ್ವಾಮಿ .ಎಂ.ಎ,Gopalaswamy MA
3720,27/03/2017,ಯೋಜನೆ ಮತ್ತು ಸಾಂಖ್ಯಿಕ,Plan and Numerical,ಬಯಲುಸೀಮೆ ಅಭಿವೃದ್ಧಿ ಮಂಡಳಿಯಿಂದ ಅನುದಾನ ಬಿಡುಗಡೆ,Grants from the Platform Development Board,ಚೌಡರೆಡ್ಡಿ ತೂಪಾಲ್ಲಿ .ಆರ್,Chowdareddy Tupalli R
3721,27/03/2017,ಸಮಾಜಕಲ್ಯಾಣ,Social Welfare,ಜಾತಿ ಗಣತಿ ಬಗ್ಗೆ,About Caste Census,ಚೌಡರೆಡ್ಡಿ ತೂಪಾಲ್ಲಿ .ಆರ್,Chowdareddy Tupalli R
3722,27/03/2017,ಆರೋಗ್ಯ ಮತ್ತು ಕುಟುಂಬ ಕಲ್ಯಾಣ,Health and family welfare,ಎನ್.ಆರ್.ಹೆಚ್.ಎಂ. ಯೋಜನೆ ಬಗ್ಗೆ,NRHM About the project,ಚೌಡರೆಡ್ಡಿ ತೂಪಾಲ್ಲಿ .ಆರ್,Chowdareddy Tupalli R
3723,27/03/2017,ಮಾಹಿತಿ ತಂತ್ರಜ್ಞಾನ,Information technology,ಜಲ್ಲಾ ಸಮಾಲೋಚಕರ ನೇಮಕಾತಿ,Appointment of Jilla Consultants,ಚೌಡರೆಡ್ಡಿ ತೂಪಾಲ್ಲಿ .ಆರ್,Chowdareddy Tupalli R
3724,27/03/2017,ಸಮಾಜಕಲ್ಯಾಣ,Social Welfare,ಹೊರಸಂಪನ್ಮೂಲ ಏಜೆನ್ಸಿಯಿಂದ ಕಾರ್ಯನಿರ್ವಹಿಸುತ್ತಿರುವ ಸಹ ಶಿಕ್ಷಕರು,Co-teachers working with the emerging agency,ಚೌಡರೆಡ್ಡಿ ತೂಪಾಲ್ಲಿ .ಆರ್,Chowdareddy Tupalli R
3725,27/03/2017,ಸಮಾಜ ಕಲ್ಯಾಣ,Social Welfare,ಸಮಾಜ ಕಲ್ಯಾಣ ಇಲಾಖೆಯ ಹಾಸ್ಟೆಲ್‌ಗಳ ವ್ಯವಸ್ಥೆ ಬಗ್ಗೆ,About the system of social welfare department hostels,ಧರ್ಮಸೇನೆ .ಆರ್,Dharmasena R
3726,27/03/2017,ಮಾಹಿತಿ ತಂತ್ರಜ್ಞಾನ,Information technology,ಐ.ಟಿ. ಉದ್ಯಮಗಳನ್ನು ಬೇರೆ ಬೇರೆ ಜಿಲ್ಲೆಗಳಲ್ಲಿ ಸ್ಥಾಪಿಸುವ ಬಗ್ಗೆ,IT About establishing businesses in different districts,ಧರ್ಮಸೇನೆ .ಆರ್,Dharmasena R
3727,28/03/2017,ಇಂಧನ,Fuel,"ರಾಯಚೂರು ಜಿಲ್ಲೆಂiiಲ್ಲಿರುವ ವೈ.ಟಿ.ಪಿ.ಸ್, ನೀರಾವರಿ ಪಂಪ್‌ಸೆಟ್‌ಗಳು,ಸಬ್‌ಸ್ಟೇಷನ್‌ಗಳ ಕುರಿತು","About YTPS, Irrigation Pumpsets and Substations in Raichur District II",ಬೋಸ್‌ರಾಜು .ಎನ್.ಎಸ್,Bosaraju N S
3728,28/03/2017,ಲೋಕೋಪಯೋಗಿ,Public service,ರಾಯಚೂರು ಜಿಲ್ಲೆಯ ವಿವಿಧ ರಸ್ತೆಗಳ ಅಭಿವೃಧ್ದಿ ಬಗ್ಗೆ,About the development of various roads in Raichur district,ಬೋಸ್‌ರಾಜು .ಎನ್.ಎಸ್,Bosaraju N S
3729,28/03/2017,ಕೃಷಿ,Agriculture,ರಾಯಚೂರು ಜಿಲ್ಲೆಗೆ ಸರಬರಾಜಾಗಿರುವ ರಸಗೊಬ್ಬರ ಬಿತ್ತನೆ ಬೀಜಗಳ ಬಗ್ಗೆ,About fertilizer seeding seeds supplied to Raichur district,ಬೋಸ್‌ರಾಜು .ಎನ್.ಎಸ್,Bosaraju N S
3730,28/03/2017,ಕೃಷಿ ಮಾರುಕಟ್ಟೆ,Agricultural Market,ರಾಯಚೂರು ಜಿಲ್ಲೆಯ ವಿವಿಧ ಕೃಷಿ ಮಾರುಕಟ್ಟೆಗಳ ಬಗ್ಗೆ,About various agricultural markets in Raichur district,ಬೋಸ್‌ರಾಜು .ಎನ್.ಎಸ್,Bosaraju N S
3731,28/03/2017,ಪೌರಾಡಳಿv,Mesmerizing v,"ನಗರಸಭೆ, ಪುರಸಭೆ, ಪಟ್ಟಣ ಪಂಚಾಯತ್‌ಗಳಲ್ಲಿ ಕುಡಿಯುವ ನೀರಿನ ಕೊರತೆ ಇರುವುದರ ಬಗ್ಗೆ","About lack of drinking water in municipalities, municipalities and town panchayats",ಬೋಸ್‌ರಾಜು ಎನ್.ಎಸ್.,Bosaraju N S
3732,28/03/2017,ಕೃಷಿ,Agriculture,ರಜ್ಯದಲ್ಲಿ ಮಾರಾಟವಾಗುತ್ತಿರುವ ನಕಲಿ ಕೀಟನಾಶಕಗಳ ತೆಡೆಗಟ್ಟುವ ಬಗ್ಗೆ,Concern about fake pesticides sold in the state,ಸುನೀಲ್ ಸುಬ್ರಮಣಿ .ಎಂ.ಪಿ,Sunil Subramani M P
3733,28/03/2017,ಸ್ಥಳೀಯ ಸಂಸ್ಥೆ,Local organization,ಸ್ಥಳೀಯ ಸಂಸ್ಥೆಗಳಿಗೆ ಯು.ಜಿ.ಡಿ. ಕಾಮಗಾರಿಗಳಿಗೆ ಬಿಡುಗಡೆ ಮಾಡಲಾದ ಹಣದ ಬಗ್ಗೆ,UGD for local bodies About the money released to work,ಸಯದ್ ಮುಧೀರ್ ಅಗಾ,Syed Madir Aga
3734,28/03/2017,ಪೌರಾಡಳಿತ,Municipality,ಗದಗ-ಬೆಟಗೇರಿ ನಗರಸಭೆಯ ಅಮೃತ ಯೊಜನೆಗಳ ಕುರಿತು,About Amrita Yojana of Gadag-Batori Municipality,ಸಂಕನೂರು .ಎಸ್.ವ್ಹಿ,Sankanura S V
3735,28/03/2017,ಇಂಧನ,Fuel,ಕುಪ್ಪಗಡ್ಡೆ ಗ್ರಾಮದಲ್ಲಿ ೧೧೦ ಕೆ.ವಿ ಸ್ಟೇಷನ್ ಪ್ರಾರಂಭಿಸುವ ಬಗ್ಗೆ,About opening 110 KV station in Kuppagadde village,ಸೋಮಣ್ಣ ಮ ಬೇವಿನಮರದ,Samanna Ma Bevinamara
3736,28/03/2017,ಇಂಧನ,Fuel,ಹಾವೇರಿ ಜಿಲ್ಲೆಯಲ್ಲಿ ವಿದ್ಯುತ್ ಸರಬರಾಜು ಬಗ್ಗೆ,About Electricity Supply at Haveri District,ಸೋಮಣ್ಣ ಮ ಬೇವಿನಮರದ,Samanna Ma Bevinamara
3737,28/03/2017,ಇಂಧನ,Fuel,ಅಕ್ರಮ ವಿದ್ಯುತ್ ಸಂಪರ್ಕ ಪೆಡೆದವರಿಗೆ ಅಕ್ರಮ-ಸಕ್ರಮದ ಬಗ್ಗೆ,Illegal power connections are illegal,ಸೋಮಣ್ಣ ಮ ಬೇವಿನಮರದ,Samanna Ma Bevinamara
3738,28/03/2017,ಕೃಷಿ ಮಾರುಕಟ್ಟೆ,Agricultural Market,ಹಾವೇರಿ ಜಿಲ್ಲೆಯ ಕೃಷಿ ಉತ್ಪನ್ನ ಮಾರುಕಟ್ಟೆ ಅಭಿವೃದ್ಧಿ ಬಗ್ಗೆ,About Agricultural Product Market Development in Haveri District,ಸೋಮಣ್ಣ ಮ ಬೇವಿನಮರದ,Samanna Ma Bevinamara
3739,28/03/2017,ಕೃಷಿ ಮಾರುಕಟ್ಟೆ,Agricultural Market,ಹಾವೇರಿ ಜಿಲ್ಲೆಯಲ್ಲಿ ಎ.ಪಿ.ಎಂ.ಸಿ.ಯಿಂದಾದ ಕಾಮಗಾರಿ ಬಗ್ಗೆ,About the work of APMC in Haveri district,ಸೋಮಣ್ಣ ಮ ಬೇವಿನಮರದ,Samanna Ma Bevinamara
3740,28/03/2017,ಕೃಷಿ,Agriculture,ಹನಿ ನೀರಾವರಿ ಮೇಲಿನ ಸಬ್ಸಿಡಿ ಕುರಿತು,About the subsidy on drip irrigation,ನಾರಾಯಣಸ್ವಾಮಿ .ಎಂ,Narayanaswamy M
3741,28/03/2017,ಇಂಧನ,Fuel,ಪಂಪ್‌ಸೆಟ್‌ಗಳಿಗೆ ವಿದ್ಯುತ್ ಸಂಪರ್ಕ,Electrical connection to pumpets,ನಾರಾಯಣಸ್ವಾಮಿ .ಎಂ,Narayanaswamy M
3742,28/03/2017,ಕೃಷಿ ಮಾರುಕಟ್ಟೆ,Agricultural Market,ಬೆಂಗಳೂರು ನಗರ ಜೆಲ್ಲೆಯ ಕೃಷಿ ಉತ್ಪನ್ನ ಮಾರುಕಟ್ಟೆಗಳ ಕುರಿತು,About Agricultural Product Markets in Bangalore Urban Jilla,ನಾರಾಯಣಸ್ವಾಮಿ .ಎಂ,Narayanaswamy M
3743,28/03/2017,ರೇಷ್ಮೆ,Silk,ಬೆಂಗಳೂರು ಜಿಲ್ಲಾ ಪಂಚಾಯತಿ ವ್ಯಾಪ್ತಿಯಲ್ಲಿರುವ ರೇಷ್ಮೆ ಹುಳುಗಳು ಮತ್ತು ಸಾಕಾಣಿಕೆ ಮನೆಗಳ ಕುರಿತು,About silk worms and farming houses within the Bangalore Zilla Panchayat,ನಾರಾಯಣಸ್ವಾಮಿ .ಎಂ,Narayanaswamy M
3744,28/03/2017,ಪಶುಸಂಗೋಪನೆ,Animal husbandry,ಹೈನುಗಾರಿಕೆ ಸೌಲಭ್ಯ ಹಾಗೂ ಅನುದಾನಗಳ ಕುರಿತು,About the dairy facility and subsidies,ಪದೀಪ್ ಶೆಟ್ಟರ್,Pradeep Shettar
3745,28/03/2017,ಕೃಷಿ,Agriculture,ಪ್ರಧಾನಮಂತ್ರಿ ಕೃಷಿ ಸಂಚನ ಯೋಜನೆ ಕುರಿತು,About Prime Minister's Agriculture Planning Scheme,ಪದೀಪ್ ಶೆಟ್ಟರ್,Pradeep Shettar
3746,28/03/2017,ತೋಟಗಾರಿಕೆ,Gardening,ಸಮಗ್ರ ತೋಟಗಾರಿಕೆ ಅಭಿವೃದ್ಧಿ ಯೋಜನೆ ಕುರಿತು,About the Integrated Horticulture Development Plan,ಪದೀಪ್ ಶೆಟ್ಟರ್,Pradeep Shettar
3747,28/03/2017,ತೋಟಗಾರಿಕೆ,Gardening,ತೋಟಗಾರಿಕೆ ಬೆಳೆಗಳ ಕುರಿತು,About gardening crops,ಪದೀಪ್ ಶೆಟ್ಟರ್,Pradeep Shettar
3748,28/03/2017,ಲೋಕೋಪಯೋಗಿ,Public service,ಹುಬ್ಬಳ್ಳಿ-ಧಾರವಾಡ ಮಹಾನಗರದಲ್ಲಿನ ರಸ್ತೆ ನಿರ್ಮಾಣದ ಕುರಿತು,About road construction in Hubli-Dharwad city,ಪ್ರದೀಪ್ ಶೆಟ್ಟರ್,Pradeep Shettar
3749,28/03/2017,ತೋಟಗಾರಿಕೆ,Gardening,ಕೆಮ್ಮಣ್ಣಗುಂಡಿ ಪ್ರದೇಶ ಅಭಿವೃದ್ಧಿ ಕುರಿತು,About the development of the Kemmannugundi area,ಪ್ರಾಣೇಶ್ .ಎಂ.ಕೆ,Pranesha M K
3750,28/03/2017,ರೇಷ್ಮೆ,Silk,ರಾಜ್ಯದಲ್ಲಿ ಸರ್ಕಾರಿ ಮತ್ತು ಖಾಸಗಿ ಉತ್ಪಾದನಾ ಘಟಕಗಳ ಕುರಿತು,About government and private manufacturing plants in the state,ಪ್ರತಾಪಚಂದ್ರ ಶೆಟ್ಟಿ .ಕೆ,Pratapachandra Shetty K
3751,28/03/2017,ಲೋಕೋಪಯೋಗಿ,Public service,ರಾಜ್ಯ ರಸ್ತೆ ಹಾಗೂ ಜಿಲ್ಲಾ ಮುಖ್ಯ ರಸ್ತೆಗಳನ್ನು ನಿರ್ಮಿಸುವಾಗ ಅಗಲಗೂಳಿಸುವ ಕುರಿತು,About widening of roads and district roads,ಪ್ರತಾಪಚಂದ್ರ ಶೆಟ್ಟಿ .ಕೆ,Pratapachandra Shetty K
3752,28/03/2017,ಪರಾಡಳಿv,Paras v,"ದಕ್ಷಿಣ ಕನ್ನಡ ಮತ್ತು ಉಡುಪಿ ನಗರಸಭೆ, ಪುರಸಭೆ, ಪಟ್ಟಣ ಪಂಚಾಯಿತಿಗಳಲ್ಲಿ ಮಂಜೂರಾದ ನಿವೇಶಗಳ ಕುರಿತು","About the sanctioned seats in Dakshina Kannada and Udupi municipal council, municipal and town panchayats.",ಪ್ರತಾಪಚಂದ್ರ ಶೆಟ್ಟಿ .ಕೆ,Pratapachandra Shetty K
3753,28/03/2017,ಕೃಷಿ,Agriculture,ರಾಜ್ಯದಲ್ಲಿ ಕೃಷಿ ವಿಶ್ವವಿದ್ಯಾನಿಲಯಗಳು ಸಾಧಿಸಿದ ಸಾಧನೆಗಳ ಕುರಿತು,About the achievements achieved by Agricultural Universities in the State,ಪ್ರತಾಪಚಂದ್ರ ಶೆಟ್ಟಿ .ಕೆ,Pratapachandra Shetty K
3754,28/03/2017,ತೋಟಗಾರಿಕೆ,Gardening,ದಕ್ಷಿಣ ಕನ್ನಡ ಮತ್ತು ಉಡುಪಿ ಜಿಲ್ಲೆಯಲ್ಲಿನ ತೋಟಗಾರಿಕಾ ಕಛೇರಿ ಸಿಬ್ಬಂದಿಗಳ ಕುರಿತು,About Horticulture Office Staff in Dakshina Kannada and Udupi District,ಪ್ರತಾಪಚಂದ್ರ ಶೆಟ್ಟಿ .ಕೆ,Pratapachandra Shetty K
3755,28/03/2017,ಕೃಷಿ,Agriculture,ಹನಿ ನೀರಾವರಿ ಯೋಜನೆಯ ಬಗ್ಗೆ,About the Honey Irrigation Project,ಪುಟ್ಟಸ್ವಾಮಿ .ಬಿ.ಜೆ,Puttaswamy B J
3756,28/03/2017,ಪಶುಸಂಗೋಪನೆ,Animal husbandry,ಪಶುಸಂಗೋಪನೆ ಯೋಜನೆಗಳ ಬಗ್ಗೆ,About Animal Husbandry Projects,ಪುಟ್ಟಸ್ವಾಮಿ .ಬಿ.ಜೆ,Puttaswamy B J
3757,28/03/2017,ಪಶುಸಂಗೋಪನೆ,Animal husbandry,ಹೈನುಗಾರಿಕೆಗೆ ಉತ್ತೇಜನ ನೀಡುವ ಬಗ್ಗೆ,About promoting dairy farming,ಪಾಟೀಲ್ .ಬಿ.ಜಿ,Patil B G
3758,28/03/2017,ಕೃಷಿ,Agriculture,ಕೃಷಿ ಇಲಾಖೆಯಲ್ಲಿ ಖಾಲಿ ಇರುವ ಹುದ್ದೆಗಳನ್ನು ಭರ್ತಿ ಮಾಡುವ ಬಗ್ಗೆ,Filling out vacant posts in Agriculture Department,ಪಾಟೀಲ್ .ಬಿ.ಜಿ,Patil B G
3759,28/03/2017,ತೋಟಗಾರಿಕೆ,Gardening,ತೋಟಗಾರಿಕೆ ಕಾಲೇಜು ಪ್ರಾರಂಭಿಸುವ ಬಗ್ಗೆ,About starting a gardening college,ಪಾಟೀಲ್ .ಬಿ.ಜಿ,Patil B G
3760,28/03/2017,ಸಾರ್ವಜನಿಕ ಉದ್ದಿಮೆ,Public enterprise,ರಾಜ್ಯದಲ್ಲಿರುವ ಸಾರ್ವಜನಿಕ ಉದ್ದಿಮೆಗಳ ಕುರಿತು,About Public Enterprises in the State,ವೀಣಾ ಅಚ್ಚಯ್ಯ .ಎಸ್,Veena achchaiah S
3761,28/03/2017,ತೋಟಗಾರಿಕೆ,Gardening,ಕೊಡಗು ಜಿಲ್ಲೆಯಲ್ಲಿ ಸಾವಯವ ತೋಟಗಾರಿಕೆ ಬೆಳೆಗಳ ಕುರಿತು,About Organic Gardening Crops in Kodagu District,ವೀಣಾ ಅಚ್ಚಯ್ಯ .ಎಸ್,Veena achchaiah S
3762,28/03/2017,ಪೌರಾಡಳಿತ,Municipality,ಮಡಿಕೇರಿ ನಗರದ ಅಭಿವೃದ್ಧಿಗಾಗಿ ಅನುದಾನ ಬಿಡುಗಡೆ ಕುರಿತು,About the release of funds for the development of Madikeri city,ವೀಣಾ ಅಚ್ಚಯ್ಯ .ಎಸ್,Veena achchaiah S
3763,28/03/2017,ಪೌರಾಡಳಿತ,Municipality,ಪುರಸಭೆ ಹಾಗೂ ನಗರಸಭೆಗಳ ಸೆಸ್‌ಗಳ ಬಗ್ಗೆ,About municipalities and municipalities,ಬಸನಗೌಡ ಆರ್ ಪಾಟೀಲ್,Basanagowda R Patil
3764,28/03/2017,ಕೃಷಿ ಮಾರುಕಟ್ಟೆ,Agricultural Market,ಬೆಂಬಲ ಬೆಲೆಯಲ್ಲಿ ರಾಜ್ಯದ ರೈತರಿಂದ ಖರೀದಿಸಿದ ಉಳ್ಳಾಗಡ್ಡಿಯ (ಈರುಳ್ಳಿ) ಬಾಕಿ ಪಾವತಿಸುವ ಬಗ್ಗೆ,About paying a pumpkin (onion) balance purchased by state farmers at support prices,ಬಸವರಾಜ ಶಿವಲಿಂಗಪ್ಪ ಹೂರಟ್ಟಿ,Basavaraja Shivalingappa Horatti
3765,28/03/2017,ಪಶುಸಂಗೋಪನೆ,Animal husbandry,ನರೆಯ ರಾಜ್ಯಗಳಿಗೆ ಮೇವು ಸಾಗಿಸುವುದನ್ನು ನಿರ್ಭಂಧಿಸುವ ಕುರಿತು,Concerns about restricting fodder to nerve states,ಬಸವರಾಜ ಶಿವಲಿಂಗಪ್ಪ ಹೂರಟ್ಟಿ,Basavaraja Shivalingappa Horatti
3766,28/03/2017,ಪಶುಸಂಗೋಪನೆ,Animal husbandry,ಗೋಶಾಲೆಗಳಲ್ಲಿ ಜಾನುವಾರುಗಳಿಗಗೆ ಸಾಕಾಗುವಷ್ಟು ಮೇವು ಪೂರೈಸುವ ಬಗ್ಗೆ,About grazing livestock feeding is enough,ಬಸವರಾಜ ಶಿವಲಿಂಗಪ್ಪ ಹೊರಟ್ಟಿ,Basavaraja Shivalingappa Horatti
3767,28/03/2017,ಕೃಷಿ,Agriculture,ರಾಜ್ಯದಲ್ಲಿರುವ ಕೃಷಿ ಭೂಮಿ ಬಗ್ಗೆ,About Agricultural Land in the State,ಲಹರ್ ಸಿಂಗ್ ಸಿರೋಯಾ,Lahar Singh Siroya
3768,28/03/2017,ಕೃಷಿ,Agriculture,ರಾಜ್ಯದ ಜಲಾನಯನ ಪ್ರದೇಶಗಳಲ್ಲಿ ಬೆಳೆ ಬೆಳೆಯುವ ಬಗ್ಗೆ,About growing crops in the state watershed,ಲಹರ್ ಸಿಂಗ್ ಸಿರೋಯಾ,Lahar Singh Siroya
3769,28/03/2017,ತೋಟಗಾರಿಕೆ,Gardening,ರಾಜ್ಯದಲ್ಲಿ ಅಡಿಕೆ ಬೆಳೆ ಬೆಳೆಯುವ ಬಗ್ಗೆ,About growing nut crop in the state,ಲಹರ್ ಸಿಂಗ್ ಸಿರೋಯಾ,Lahar Singh Siroya
3770,28/03/2017,ಲೋಕೋಪಯೋಗಿ,Public service,ಮುಡಿಗೆರೆ-ಬೈರಾಪುರ-ಶಿಶಿಲ ಮಾರ್ಗದಲ್ಲಿ ರಸ್ತೆ ನಿರ್ಮಾಣದ ಬಗ್ಗೆ,Road construction on Mudigere-Byrapur-Shishila route,ಲಹರ್ ಸಿಂಗ್ ಸಿರೋಯಾ,Lahar Singh Siroya
3771,28/03/2017,ಪೌರಾಡಳಿv,Mesmerizing v,ತುರುವೇಕೆರೆ ಪಟ್ಟಣ ಪಂಚಾಯಿತಿಗೆ ವಿಶೇಷ ಅನುದಾನದ ಬಗ್ಗೆ,Special grant to the Trivacere town panchayat,ಲಕ್ಷೀನಾರಾಯಣ .ಎಂ.ಡಿ,Lakshmi Narayana MD
3772,28/03/2017,ಕೃಷಿ,Agriculture,ತುಮಕೂರು ಜಿಲ್ಲೆಯ ಬೆಳೆಗಾರರಿಗೆ ಪರಿಹಾರ ಕುರಿತು,About compensation for growers in Tumkur district,ಲಕ್ಷೀನಾರಾಯಣ .ಎಂ.ಡಿ,Lakshmi Narayana MD
3773,28/03/2017,ಇಂಧನ,Fuel,ರಾಜ್ಯದಲ್ಲಿ ವಿದತ ಅಭಾವದ ಬಗ್ಗೆ,About the state of deprivation in the state,ಲಕ್ಷೀನಾರಾಯಣ .ಎಂ.ಡಿ,Lakshmi Narayana MD
3774,28/03/2017,ಇಂಧನ,Fuel,ಹರಿದಾಸನಹಳ್ಳಿಗೆ ನೂತನ ಎಂ.ವೈ. ಸ್ಟೇಷನ್ ಮಾಡುವ ಬಗ್ಗೆ,Haridasanahalli's new MY About the station,ಲಕ್ಷೀನಾರಾಯಣ .ಎಂ.ಡಿ,Lakshmi Narayana MD
3775,28/03/2017,ಉನ್ನತ ಶಿಕ್ಷಣ,Higher education,ಜೆ.ಓ.ಸಿ. ವಿದ್ಯಾರ್ಥಿಗಳಿಗೆ ನೇಮಕಾತಿಯಲ್ಲಿ ೫ವರ್ಷ ವಯೋಮಿತಿ ಸಡಿಲಿಕೆಯನ್ನು ನೀಡುವ ಬಗ್ಗೆ,J.C.C. About 5 years of age relaxation in the recruitment of students,ಲಕ್ಷೀನಾರಾಯಣ .ಎಂ.ಡಿ,Lakshmi Narayana MD
3776,28/03/2017,ಲೋಕೋಪಯೋಗಿ,Public service,ಬೆಂಗಳೂರು-ಮೈಸೂರು ರಾಷ್ಟೀಯ ಹೆದ್ದಾರಿ ಕಾಮಗಾರಿ ಬಗ್ಗೆ,About Bangalore-Mysore National Highway Works,ಶ್ರೀಕಂಠೇಗೌಡ .ಕೆ.ಟಿ,Srikantegowda KT
3777,28/03/2017,ಇಂಧನ,Fuel,ಸೋಲಾರ್ ವಿದ್ಯುತ್ ಉತ್ಪಾದನೆಗೆ ಅಯ್ಕೆಗೊಂಡಿರುವ ತಾಲ್ಲೂಕುಗಳ ಬಗ್ಗೆ,About talks selected for solar power generation,ಮನೋಹರ್ .ಸಿ.ಆರ್,Manohara CR
3778,28/03/2017,ಲೋಕೋಪಯೋಗಿ,Public service,ಲೋಕೋಪಯೋಗಿ ಇಲಾಖೆಯಿಂದ ಬಿಡುಗಡೆಯಾದ ಅನುದಾನದ ಬಗ್ಗೆ,About the grant of release from Public Works Department,ಮನೋಹರ್ .ಸಿ.ಆರ್,Manohara CR
3779,28/03/2017,ತೋಟಗಾರಿಕೆ,Gardening,ಮಾವು ಮತ್ತು ದ್ರಾಕ್ಷಿ ಬೆಳೆಗಳ ಬಗ್ಗೆ,About Mango and Grape Crops,ಮನೋಹರ್ .ಸಿ.ಆರ್,Manohara CR
3780,28/03/2017,ಪರಾಡಳಿತ,Militancy,ಪಟ್ಟಣ ಪಂಚಾಯತ್‌ನಲ್ಲಿ ಹೊರಗುತ್ತಿಗೆ ನೌಕರರ ಸಮಸ್ಯೆಗಳ ಬಗ್ಗೆ,Outsourcing of the town panchayat about employees' problems,ಮಾನೆ ಶ್ರೀನಿವಾಸ್,Mane Srinivas
3781,28/03/2017,ಇಂಧನ,Fuel,ವಿದ್ಯುತ್ ವಿತರಣಾ ಕೇಂದ್ರಗಳ ಸ್ಥಾಪನೆ ಬಗ್ಗೆ,About the establishment of power distribution centers,ಮೋಟಮ್ಮ,Motamma
3782,28/03/2017,ಇಂಧನ,Fuel,ರಾಜ್ಜದಲ್ಲಿ ವಿದ್ಯುತ್ ಅಭಾವ ಉಂಟಾಗಿರುವ ಬಗ್ಗೆ,About the power loss in the Raja,ಮೋಟಮ್ಮ,Motamma
3783,28/03/2017,ಲೋಕೋಪಯೋಗಿ,Public service,ಚಕ್ಕಮಂಗಳೂರು ಜಿಲ್ಲೆಯ ಲೋಕೋಪಯೋಗಿ ಇಲಾಖೆಯಿಂದ ಕೈಗೊಂಡ ಕಾಮಗಾರಿಗಳ ಬಗ್ಗೆ,About the works taken by the Public Works Department in Chakmangalore district,ಮೋಟಮ್ಮ,Motamma
3784,28/03/2017,ತೋಟಗಾರಿಕೆ,Gardening,ಹನಿ ನೀರಾವರಿ ಯೋಜನೆಯ ಬಗ್ಗೆ,About the Honey Irrigation Project,ಅಪ್ಪಾಜಿಗೌಡ .ಎನ್,Appajigowda N
3785,28/03/2017,ಇಂಧನ,Fuel,ವಿದ್ಯುತ್ ಟ್ರಾನ್ಸ್‌ಫಾರ್ಮರ್‌ಗಳ ದುರಸ್ಥಿ ಕೇಂದ್ರದ ಬಗ್ಗೆ,About the center of the power of power transformers,ಜಯಮ್ಮ,Jayamma
3786,28/03/2017,ಪಶುಸಂಗೋಪನೆ,Animal husbandry,ಪಶು ಭಾಗ್ಯ ಯೋಜನೆ ಕುರಿತು,About the Cattle Bhagya Scheme,ಜಯಮಾಲ ರಾಮಚಂದ್ರ,Jayamala Ramachandra
3787,28/03/2017,ಇಂಧನ,Fuel,ರೈತರ ಅಕ್ರಮ ಪಂಪ್‌ಸೆಟ್‌ಗಳನ್ನು ಸಕ್ರಮಗೊಳಿಸುವ ಬಗ್ಗೆ,About the legalization of farmers' illegal pumpets,ರಾಮಪ್ಪ ತಿಮ್ಮಾಪೂರ,Ramappa Timmapura
3788,28/03/2017,ಲೋಕೋಪಯೋಗಿ,Public service,"ಬಾಗಲಕೋಟೆ ಜಿಲ್ಲೆಯಲ್ಲಿ ರಾಜ್ಯ ಹೆದ್ದಾರಿ, ಜಿಲ್ಲಾ ಮುಖ್ಯ ರಸ್ತೆಗಳ ಬಗ್ಗೆ","State Highways in Bagalkot district, District Highways",ರಮಪ್ಪ ತಿಮ್ಮಾಪೂರ,Ramappa Timmapura
3789,28/03/2017,ಲೋಕೋಪಯೋಗಿ,Public service,"ಸರ್ಕ್ಯೂಟ್ ಹೌಸ್ ಹಾಗೂ ಐ,ಬಿ.ಗಳ ನವೀಕರಣಗಳ ಬಗ್ಗೆ",About Circuit House and Updates of I & Bs,ರಮಪ್ಪ ತಿಮ್ಮಾಪೂರ,Ramappa Timmapura
3790,28/03/2017,ಲೋಕೋಪಯೋಗಿ,Public service,ಬೈ-ಪಾಸ್ ರಸ್ತೆ ಕಾಮಗಾರಿ ನರ್ಮಾಣದ ಬಗ್ಗೆ,Bye-pass road construction workshops,ರಮಪ್ಪ ತಿಮ್ಮಾಪೂರ,Ramappa Timmapura
3791,28/03/2017,ಇಂಧನ,Fuel,ರಯಚೂರು ವಿದ್ಯುತ್ ಉಪಕೇಂದ್ರಗಳ ಬಗ್ಗೆ,About Ryachur Electric Sub Centers,ರಮಪ್ಪ ತಿಮ್ಮಾಪೂರ,Ramappa Timmapura
3792,28/03/2017,ಇಂಧನ,Fuel,ರಾಜ್ಯದಲ್ಲಿ ವಿದ್ಯುತ್ ಪೂರೈಕೆಯಲ್ಲಿ ಅಗುವ ಕೂರೆತಯನ್ನು ನೀಗಿಸುವ ಕುರಿತು ಹಾಗೂ ವಿದ್ಯುತ್ ದರ ಹೆಚ್ಚಳಕ್ಕೆ ಮುಂದಾಗಿರುವ ಕುರಿತು,Regarding the elimination of power supply in the state and the increase in power prices,ರಾಮಚಂದ್ರಗೌಡ,Ramachandra Gowda
3793,28/03/2017,ತೋಟಗಾರಿಕೆ,Gardening,ತೋಟಗಾರಿಕೆ ಬೆಳೆಗಳನ್ನು ಸಂರಕ್ಷಿಸಲು ಶೈತ್ಯಾಗಾರಗಳನ್ನು ನಿರ್ಮಿಸುವ ಬಗ್ಗೆ,About building coolants to preserve gardening crops,ರಾಮಚಂದ್ರಗೌಡ,Ramachandra Gowda
3794,28/03/2017,ತೋಟಗಾರಿಕೆ,Gardening,ನಂದಿ ಗಿರಿಧಾಮದಲ್ಲಿ ತೋಟಗಾರಿಕಾ ಇಲಾಖೆಯ ಕೇಂದ್ರದಲ್ಲಿ ಶುದ್ದ ಕುಡಿಯುವ ನೀರಿನ ಘಟಕ ನಿರ್ಮಿಸುವ ಬಗ್ಗೆ,About building a clean drinking water unit at the Horticultural Department's center at Nandi Hills,ರಾಮಚಂದ್ರಗೌಡ,Ramachandra Gowda
3795,28/03/2017,ತೋಟಗಾರಿಕೆ,Gardening,ಕೃಷಿ ವಿಜ್ಞಾನಿ ಡಾ:ಎಸ್.ಭಾಸ್ಕರ್‌ರವರು ಅಡಿಕೆ ಮತ್ತು ತೆಂಗಿನ ಬೆಳೆಗೆ ಅವಿಷ್ಕರಿಸಿರುವ ಶೂನ್ಯ ನೀರಾವರಿ ಪದ್ಧತಿಯನ್ನು ಪ್ರೋತ್ಸಾಹಿಸುವ ಕುರಿತು,Agricultural scientist Dr. S. Bhaskar has been encouraged to encourage nut irrigation systems that have been identified for coconut and coconut crops.,ರಾಮಚಂದ್ರಗೌಡ,Ramachandra Gowda
3796,28/03/2017,ಕೃಷಿ,Agriculture,ರಾಜ್ಯದಲ್ಲಿ ಸಿರಿಧಾನ್ಯಗಳನ್ನು ಬೆಳೆಯಲು ಪ್ರೋತ್ಸಾಹಿಸುವ ಕುರಿತು,About encouraging cultivation in the state,ರಾಮಚಂದ್ರಗೌಡ,Ramachandra Gowda
3797,28/03/2017,ಇಂಧನ,Fuel,ಕರ್ನಾಟಕ ರಾಜ್ಯ ಉಗ್ರಾಣ ನಿUಮದ ಮಾದರಿಯಲ್ಲಿ ಸೌರ ವಿದ್ಯುತ್ ಪ್ಯಾನಲ್ ಅಳವಡಿಸುವ ಬಗ್ಗೆ,About setting up solar power panel in Karnataka State Warehouse model,ರಮೇಶ ಬಾಬು,Ramesha Babu
3798,28/03/2017,ಲೋಕೋಪಯೋಗಿ,Public service,ಬೀದರ್ ಜಿಲ್ಲೆಯಲ್ಲಿ ಲೋಕೋಪಯೋಗಿಯ ರಸ್ತೆಗಳು ಹಾಳಾಗಿರುವ ಬಗ್ಗೆ,About the destruction of public roads in Bidar district,ರಘುನಾಥ್ ರಾವ್ ಮಲ್ಕಾಪೂರೆ,Raghunath Rao Malkapore
3799,28/03/2017,ಕೃಷಿ,Agriculture,ಕೃಷಿ ಹೊಂಡಗಳನ್ನು ನಿರ್ಮಿಸುವ ಬಗ್ಗೆ,About building farm ponds,ರಘುನಾಥ್ ರಾವ್ ಮಲ್ಕಾಪೂರೆ,Raghunath Rao Malkapore
3800,28/03/2017,ಪೌರಾಡಳಿv,Mesmerizing v,ಒಳಚರಂಡಿ ನೀರು ಬಾವಿಗಳಲ್ಲಿ ಹರಿಯುತ್ತಿರುವ ಬಗ್ಗೆ,Drainage is about flowing into the wells,ರಘುನಾಥ್ ರಾವ್ ಮಲ್ಕಾಪೂರೆ,Raghunath Rao Malkapore
3801,28/03/2017,ಲೋಕೋಪಯೋಗಿ,Public service,ಮಾಗಡಿ ಮುಖ್ಯರಸ್ತೆಯಿಂದ ಮಾಗಡಿ ಪಟ್ಟಣದವರೆಗೆ ರಸ್ತೆ ಅಗಲೀಕರಣದ ಬಗ್ಗೆ,About road widening from Magadi mainstream to Magadi town,ರೇವಣ್ಣ .ಹೆಚ್.ಎಂ,Revanna H M
3802,28/03/2017,ಪೌರಾಡಳಿv,Mesmerizing v,ಪೌರ ಕಾರ್ಮಿಕರಿಗೆ ಹೆಚ್ಚುವರಿ ವೇತನ ಪಾವತಿ ಬಗ್ಗೆ,About paying extra salaries for civic workers,ರಿಜ್ವಾನ್ ಅರ್ಷದ್,Rizwan Harshad
3803,28/03/2017,ಲೋಕೋಪಯೋಗಿ,Public service,ಮಂಗಳೂರು ನಗರದ ನಂತೂರು ಜಂಕ್ಷನ್ ನಾಲ್ಕು ಪಥ ರಸ್ತೆ ಬಗ್ಗೆ,"The four-lane road to Nantur Junction, Mangalore city",ಐವನ್ ಡಿ ಸೋಜಾ,Ivan Disoza
3804,28/03/2017,ಕೃಷಿ ಮಾರುಕಟ್ಟೆ,Agricultural Market,ಮಂಗಳೂರು ಬೈಕಂಪಾಡಿಯಲ್ಲಿರುವ ಎ.ಪಿ.ಎಂ.ಸಿ.ನಲ್ಲಿರುವ ವರ್ತಕರ ಬಗ್ಗೆ,About merchants at APMC in Mangalore Baikampady,ಐವನ್ ಡಿ ಸೋಜಾ,Ivan Disoza
3805,28/03/2017,ಇಂಧನ,Fuel,ರಾಜ್ಯದಲ್ಲಿ ಸರಶಕ್ತಿ ಉತ್ಪಾದಿಸುವ ಬಗ್ಗೆ,About producing power in the state,ಐವನ್ ಡಿ ಸೋಜಾ,Ivan Disoza
3806,28/03/2017,ಕೃಷಿ ಮಾರುಕಟ್ಟೆ,Agricultural Market,ಅಡಿಕೆ ಮಂಡಳಿ ರಚಿಸುವ ಬಗ್ಗೆ,About creating a nut board,ಐವನ್ ಡಿ ಸೋಜಾ,Ivan Disoza
3807,28/03/2017,ಲೋಕೋಪಯೋಗಿ,Public service,ಮಂಗಳೂರು ವಿಮಾನ ನಿಲ್ದಾಣದ ಬಗ್ಗೆ,About Mangalore Airport,ಐವನ್ ಡಿ ಸೋಜಾ,Ivan Disoza
3808,28/03/2017,ಪಶುಸಂಗೋಪನೆ,Animal husbandry,ಡಾ:ಹೆಚ್.ಬಸವರಾಜು ವರದಿಯ ಅನುಷ್ಠಾನದ ಬಗ್ಗೆ,Dr. H. Basavaraju's report on implementation,ಕ್ಯಾಪ್ಟನ್ ಗಣೇಶ್ ಕಾರ್ಣಿಕ್,Capt. Ganesh Karnik
3809,28/03/2017,ಕೃಷಿ,Agriculture,ಅಧುನಿಕ ಕೃಷಿ ಅಳವಡಿಕೆಯಿಂದ ಆಗುತ್ತಿರುವ ದುಷ್ಪರಿಣಾಮಗಳ ಬಗ್ಗೆ,About the effects of modern agricultural adoption,ಕ್ಯಾಪ್ಟನ್ ಗಣೇಶ್ ಕಾರ್ಣಿಕ್,Capt. Ganesh Karnik
3810,28/03/2017,ಕೃಷಿ,Agriculture,ಗ್ರಾಮೀಣ ಪ್ರದೇಶಧ ವಿವಿಧ ಕೃಷಿ ಚಟುವಟಿಕೆಗಳು ಒಂದೇ ವಿಶ್ವವಿದ್ಯಾಲಯದ ಅಧೀನದಲ್ಲಿ ಕಾರ್ಯಕ್ರಮಗಳನ್ನು ಹಮ್ಮಿಕೊಳ್ಳವ ಬಗ್ಗೆ,Rural Area Various Agricultural Activities About Programs Under the Single Universities,ಕ್ಯಾಪ್ಟನ್ ಗಣೇಶ್ ಕಾರ್ಣಿಕ್,Capt. Ganesh Karnik
3811,28/03/2017,ಇಂಧನ,Fuel,ರಾಜ್ಯದಲ್ಲಿ ವಿದ್ಯುತ್ ಜಾಗದಿಂದ ಪ್ರಸರಣ ಮತ್ತು ಹಂಚಿಕೆ ಮಾಡುವಾಗ ಆಗುತ್ತಿರುವ ನಷ್ಟದ ಬಗ್ಗೆ,About the loss of the transmission and distribution of electricity in the state,ಕ್ಯಾಪ್ಟನ್ ಗಣೇಶ್ ಕಾರ್ಣಿಕ್,Capt. Ganesh Karnik
3812,28/03/2017,ಪೌರಾಡಳಿv,Mesmerizing v,ರಾಜ್ಯದ ಸ್ಥಳೀಯ ಸಂಸ್ಥೆಗಳಾದ ಪಟ್ಟಣ ಪಂಚಾಯಿತಿ ಪುರಸಭೆ ನಗರಸಭೆ ಹಾಗೂ ಮಹಾನಗರ ಪಾಲಿಕೆಗಳಲ್ಲಿ ಒಳಚರಂಡಿ ವ್ಯವಸ್ಥೆ ಬಗ್ಗೆ‘,About the sewage system in the state's local bodies such as Town Panchayat Municipal Corporation and Municipalities',ಕ್ಯಾಪ್ಟನ್ ಗಣೇಶ್ ಕಾರ್ಣಿಕ್,Capt. Ganesh Karnik
3813,28/03/2017,ಕೃಷಿ ಮಾರುಕಟ್ಟೆ,Agricultural Market,ಕೃಷಿ ಮಾರುಕಟ್ಟೆಗಳ ಬಗ್ಗೆ,About the farm markets,ಕ್ಯಾಪ್ಟನ್ ಗಣೇಶ್ ಕಾರ್ಣಿಕ್,Capt. Ganesh Karnik
3814,28/03/2017,ಇಂಧನ,Fuel,ಬೆಳಗಾವಿ ಜಿಲ್ಲೆಯಲ್ಲಿ ಹಳೆಯ ವಿದ್ಯುತ್ ಕಂಬಗಳು ಅಪಾಯದಲ್ಲಿರುವ ಬಗ್ಗೆ,The old power pillars in Belgaum district are at risk,ಕವಟಮಠ ಮಹಂತೇಶ ಮಲ್ಲಿಕಾರ್ಜುನ,Kavatimata Mahantesha Mallikarjuna
3815,28/03/2017,ಪೌರಾಡಳಿv,Mesmerizing v,ಬೆಳಗಾವಿ ಜಿಲ್ಲೆಯ ಚಿಕ್ಕೋಡಿ ನಗರದ ನಾಲೆಯ ಮಧ್ಯಭಾಗದಲ್ಲಿ ಅವೈಜ್ಞಾನಿಕವಾಗಿ ವಾಣಿಜ್ಯ ಮಳಗೆ ನಿರ್ಮಿಸುತ್ತಿರುವ ಬಗ್ಗೆ,About the illusion of commercial rainfall in the middle of the Chikkodi city of Belgaum district,ಕವಟಮಠ ಮಹಂತೇಶ ಮಲ್ಲಿಕಾರ್ಜುನ,Kavatimata Mahantesha Mallikarjuna
3816,28/03/2017,ಕೃಷಿ,Agriculture,ಕೃಷಿ ಭಾಗ್ಯ ಯೋಜನೆಯಡಿ ನಿರ್ಮಿಸುವ ನೆರಳು ಪರದೆ (ಪಾಲಿ ಹೌಸ್) ನಿರ್ಮಾಣದಲ್ಲಿ ಕೋಟ್ಯಾಂತರ ರೂಪಾಯಿ ಅಕ್ರಮ ನಡೆದಿರುವ ಬಗ್ಗೆ,About the alleged irregularities in the construction of a shadow screen (poly house) constructed under the Agriculture Bhagya Scheme,ಕವಟಮಠ ಮಹಂತೇಶ ಮಲ್ಲಿಕಾರ್ಜುನ,Kavatimata Mahantesha Mallikarjuna
3817,28/03/2017,ಕೃಷಿ,Agriculture,ಭೀಕರ ಬರಗಾಲದಿಂದ ತತ್ತರಿಸಿರುವ ಬೆಳಗಾವಿ ರೈತರಿಗೆ ಬೆಳೆ ಪರಿಹಾರ ನೀಡದಿರುವ ಬಗ್ಗೆ,Belgaum farmers who have been struck by dire famine,ಕವಟಮಠ ಮಹಂತೇಶ ಮಲ್ಲಿಕಾರ್ಜುನ,Kavatimata Mahantesha Mallikarjuna
3818,28/03/2017,ಪೌರಾಡಳಿv,Mesmerizing v,ಬೆಳಗಾವಿ ಜಿಲ್ಲೆಯ ಸ್ಥಳೀಯ ಸಂಸ್ಥೆಗಳಲ್ಲಿ ಸಿಬ್ಭಂದಿಗಳ ಕೊರತೆ ಇರುವ ಬಗ್ಗೆ,About lack of staff in local bodies in Belgaum district,ಕವಟಗಿಮಠ ಮಹಂತೇಶ ಮಲ್ಲಿಕಾರ್ಜುನ,Kavatimata Mahantesha Mallikarjuna
3819,28/03/2017,ಇಂಧನ,Fuel,ರಾಜ್ಯದ ವಿದ್ಯುತ ಕಂಪನಿಗಳಲ್ಲಿ ಖಾಲಿ ಇರುವ ಹುದ್ದೆಗಳ ಬಗ್ಗೆ,About vacancies in state power companies,ಕಾಂತರಾಜು,Kantaraju
3820,28/03/2017,ಕೃಷಿ,Agriculture,ರಾಜ್ಯದಲ್ಲಿ ಅಳವಡಿಸಿರುವ ಕೃಷಿ ಯೋಜನೆಗಳ ಬಗ್ಗೆ,Regarding agricultural schemes implemented in the state,ಕಾಂತರಾಜು,Kantaraju
3821,28/03/2017,ಲೋಕೋಪಯೋಗಿ,Public service,ನೆಲಮಂಗಲ-ತುಮಕೂರು ರಸ್ತೆಯನ್ನು ೬ ಪಥದ ರಸ್ತೆಯನ್ನಾಗಿ ರೂಪಿಸುವ ಬಗ್ಗೆ,About building Nelamangala-Tumkur road as a 6-lane road,ಕಾಂತರಾಜು,Kantaraju
3822,28/03/2017,ಇಂಧನ,Fuel,ವಿದತ್ ಪರಿವರ್ತಕಗಳನ್ನು ವಿತರಣೆ ಮಾಡುವ ಬಗ್ಗೆ,Distributing Vidhid Transformers,ಕಾಂತರಾಜು,Kantaraju
3823,28/03/2017,ಇಂಧನ,Fuel,ಸೌರ ವಿದ್ಯುತ್ ಪಾರ್ಕ್ ಯೋಜನೆ ಬಗ್ಗೆ,About solar power park planning,ಕಾಂತರಾಜು,Kantaraju
3824,28/03/2017,ಇಂಧನ,Fuel,ಗ್ರಾಮೀಣ ಪ್ರದೇಗಳಲ್ಲಿ ವಿದ್ಯುತ್ ಸಂಪರ್ಕ ನೀಡಲು ನಿರಾಕ್ಷೇಪಣಾ ಪತ್ರದಿಂದ ವಿನಾಯಿತಿ ನೀಡುವ ಕುರಿತು,About exemption from a refusal letter to provide electricity connections in rural areas,ಕೋಟ ಶೀನಿವಾಸ್ ಪೂಜಾರಿ,Kota Srinivasa Pujari
3825,28/03/2017,ಕೃಷಿ,Agriculture,ಬೆಳೆ ವಿಮೆ ವಿಸ್ತರಿಸುವ ಕುರಿತು ಮತ್ತು ಮಣ್ಣು ಆರೋಗ್ಯ ಕಾರ್ಡ್ ಶೀಘ್ರ ವಿತರಣೆ ಕುರಿತು,About expanding crop insurance and rapid distribution of soil health card,ಕೋಟ ಶೀನಿವಾಸ್ ಪೂಜಾರಿ,Kota Srinivasa Pujari
3826,28/03/2017,ಕೃಷಿ,Agriculture,ಕೃಷಿ ಹೊಂಡದಲ್ಲಿ ಬಿದ್ದು ಮೃತಪಟ್ಟ ರೈತರಿಗೆ ಪರಿಹಾರ ನೀಡುವ ಕುರಿತು,About compensation for farmers who have fallen into a farm pond,ಕೋಟ ಶೀನಿವಾಸ್ ಪೂಜಾರಿ,Kota Srinivasa Pujari
3827,28/03/2017,ಇಂಧನ,Fuel,ರಜ್ಯದ ಎಸ್ಕಾಂಗಳ ಕುರಿತು,About Escalation of the State,ಕೋಟ ಶೀನಿವಾಸ್ ಪೂಜಾರಿ,Kota Srinivasa Pujari
3828,28/03/2017,ಕೃಷಿ,Agriculture,ರೈತರ ಅತ್ಮಹತ್ಯೆ,Farmers' Suicide,ತಾರಾಅನುರಾಧ,Tara Anuradha
3829,28/03/2017,ಇಂಧನ,Fuel,’ನಿರಂತರ ಜ್ಯೋತಿ” ಯೋಜನೆ,Continuous Jyothi' Project,ದsರ್ಮಸೇನ .ಆರ್,Dharmasena R
3830,28/03/2017,ಕೃಷಿ ಮಾರುಕಟ್ಟೆ,Agricultural Market,ಕೃಷಿ ಉತ್ಪನ್ನಗಳಿಗೆ ಬೆಂಬಲ ಬೆಲೆ.,Support price for agricultural products.,ಚೌಡರೆಡ್ಡಿ ತೂಪಾಲ್ಲಿ .ಆರ್,Chowdareddy Tupalli R
3831,28/03/2017,ರೇಷ್ಮೆ,Silk,ರೇಷ್ಮೆ ಉತ್ಪಾದನೆ ಬಗ್ಗೆ,About silk production,ಚೌಡರೆಡ್ಡಿ ತೂಪಲ್ಲಿ .ಆರ್,Chowdareddy Tupalli R
3832,28/03/2017,ಲೋಕೋಪಯೋಗಿ,Public service,ರಸ್ತೆ ನಿರ್ಮಾಣ,Road construction,ಚೌಡರೆಡ್ಡಿ ತೂಪಲ್ಲಿ .ಆರ್,Chowdareddy Tupalli R
3833,28/03/2017,ಸಾರ್ವಜನಿಕ ಉದ್ದಿಮೆ,Public enterprise,ನಷ್ಟದಲ್ಲಿರುವ ಸಾರ್ವಜನಿಕ ಉದ್ದಿಮೆಗಳು,Public Enterprises at Loss,ಧsರ್ಮಸೇನ .ಆರ್,Dharmasena R
3834,28/03/2017,ಕೃಷಿ,Farming,ಸಾವಯವ ಕೃಷಿಗೆ ಉತ್ತೇಜನ,Promote Organic Farming,ಧsರ್ಮಸೇನ .ಆರ್,Dharmasena R
3835,06/06/2017,ನಗರಾಭಿವೃದ್ಧಿ,Urban development,ರಾಯಚೂರು ಜಿಲ್ಲೆಯಲ್ಲಿರುವ ನಗರೋತ್ಥಾನ ಯೋಜನೆಗಳ ಬಗ್ಗೆ,About Nagaurthana Projects in Raichur District,ಬೋಸ್‌ರಾಜು .ಎನ್.ಎಸ್,Bosaraju N S
3836,06/06/2017,ಲೋಕೋಪಯೋಗಿ,Public service,ರಾಯಚೂರು ಜಲ್ಲೆಯಲ್ಲರುವ ರಾಷ್ಟ್ರೀಯ ಹೆದ್ದಾರಿಯ ಬಗ್ಗೆ,About National Highways in Raichur District,ಬೋಸ್‌ರಾಜು .ಎನ್.ಎಸ್,Bosaraju N S
3837,06/06/2017,ಇಂಧನ,Fuel,ಸರ್ಕಾರದ ಅಧೀನದಲ್ಲಿರುವ ವಿದ್ಯುತ್ ಕಂಪನಿ ಹಾಗೂ ಖಾಸಗಿ ಕಂಪನಿಗಳಿಂದ ಖರೀದಿಸಿರುವ ವಿದ್ಯುತ್ ಬಗ್ಗೆ,About the power purchased by the government-owned power company and private companies,ಬೋಸ್‌ರಾಜು .ಎನ್.ಎಸ್,Bosaraju N S
3838,06/06/2017,ಲೋಕೋಪಯೋಗಿ,Public service,ಲೋಕೋಪಯೋಗಿ ಇಲಾಖೆಗೆ ಕೇಂದ್ರ ಮತ್ತು ರಾಜ್ಯ ಸರ್ಕಾರದಿಂದ ಬಿಡುಗಡೆಯಾದ ಅನುದಾನದ ಬಗ್ಗೆ,About Publications released by the Center and State Government for Public Works Department,ಭಾನುಪ್ರಕಾಶ,Bhanu Prakasha
3839,06/06/2017,ಸರ್ವಜನಿಕ ಉದ್ದಿಮೆ,Public enterprise,ನಗರ ಸ್ಥಳೀಯ ಸಂಸ್ಥೆಗಳಲ್ಲಿನ ಕರಗಳ ವಿಚಾರ,About Corals in Urban Local Organizations,ಭಾನುಪ್ರಕಾಶ,Bhanu Prakasha
3840,06/06/2017,ಸಾರ್ವಜನಿಕ ಉದ್ದಿಮೆ,Public enterprise,ನಗರ ಸಳೀಯ ಸಂಸ್ಥೆಗಳಿಗೆ ಕೇಂದ್ರ ಮತ್ತು ರಾಜ್ಯ ಸರ್ಕಾರದಿಂದ ಬಿಡುಗಡೆಯಾದ ಅನುದಾನದ ಬಗ್ಗೆ,About the grant released by the Central and State Government to Urban Local Authorities,ಭಾನುಪ್ರಕಾಶ,Bhanu Prakasha
3841,06/06/2017,ಕೃಷಿ,Agriculture,ಕೃಷಿ ಭೂಮಿಯನ್ನು ವಿಂಗಡಿಸಿ ಬೆಳೆಗಳನ್ನು ನಿರ್ದಿಷ್ಟ ಪಡಿಸುವ ಬಗ್ಗೆ,Describing the crops to be distinguished by the agricultural land,ಸುನೀಲ್ ಸುಬ್ರಮಣಿ .ಎಂ.ಪಿ,Sunil Subramani M P
3842,06/06/2017,ಕೃಷಿ ಮಾರುಕಟ್ಟೆ,Agricultural Market,ಹಪ್ಕಾಮ್ಸನಲ್ಲಿ ಮಾರಾಟ ಮಾಡಲಾಗುತ್ತಿರುವ ಹಣ್ಣುಗಳನ್ನು ಮಾಗಿಸಲು ರಾಸಾಯನಿಕಗಳನ್ನು ಬಳಸುತ್ತಿರುವ ಬಗ್ಗೆ,About using chemicals to breed the fruits sold in the Hupcoms,ಸುನೀಲ್ ಸುಬ್ರಮಣಿ .ಎಂ.ಪಿ,Sunil Subramani M P
3843,06/06/2017,ಕೃಷಿ,Agriculture,ರಾಜ್ಯದಲ್ಲಿ ಕೃಷಿ ಹೊಂಡ ನಿರ್ಮಾಣದ ಕುರಿತು,About farm pond construction in the state,ಸಂಕನೂರ .ಎಸ್.ವ್ಹಿ,Sankanura S V
3844,06/06/2017,ತೋಟಗಾರಿಕೆ,Gardening,ತೊಗರಿ ಬೆಳೆಗೆ ಬೆಂಬಲ ಬೆಲೆ ಮತ್ತು ಸರ್ಕಾರದ ಕ್ರಮ ಕುರಿತು,Support price for the tin crop and government action,ಸೋಮಣ್ಣ .ವಿ,Somanna V
3845,06/06/2017,ಪಶುಸಂಗೋಪನೆ,Animal husbandry,ಪಶುಸಂಗೋಪನೆ ಇಲಾಖೆಯ ವಿವಿಧ ಯೋಜನೆಗಳ ಬಗ್ಗೆ,About various schemes of the Animal Husbandry Department,ಸೋಮಣ್ಣ ಮ ಬೇವಿನಮರದ,Samanna Ma Bevinamara
3846,06/06/2017,ಇಂಧನ,Fuel,ಬಾಗ್ಯಜ್ಯೋತಿ ಮತ್ತು ಕುಟೀರ ಯೋಜನೆಗಳ ಬಗ್ಗೆ,About baagyajothi and cottage schemes,ಸೋಮಣ್ಣ ಮ ಬೇವಿನಮರದ,Samanna Ma Bevinamara
3847,06/06/2017,ಕೃಷಿ,Agriculture,೨೦೧೬-೧೭ ಮುಂಗಾರು ಹಿಂಗಾರುಗಳಲ್ಲಿ ಎಷ್ಟು ಹೆಕ್ಟೇರ್ ಬಿತ್ತನೆ ಬಗ್ಗೆ,How many hectares are sown in the monsoon rains 2016-17,ಸೋಮಣ್ಣ ಮ ಬೇವಿನಮರದ,Samanna Ma Bevinamara
3848,06/06/2017,ಕೃಷಿ,Agriculture,ಕೃಷಿ ಬದುಗಳು ಹಾಗೂ ಕೃಷಿ ಹೋಂಡಗಳ ನಿರ್ಮಾಣದ ಬಗ್ಗೆ,About farming and construction of agricultural huts,ಸೋಮಣ್ಣ ಮ ಬೇವಿನಮರದ,Samanna Ma Bevinamara
3849,06/06/2017,ಲೋಕೋಪಯೋಗಿ,Public service,ಕಾಮಗಾರಿಗಳ ಕುರಿತು,About works,ನಾರಾಯಣಸ್ವಾಮಿ .ಎಂ,Narayanaswamy M
3850,06/06/2017,ಕೃಷಿ,Agriculture,ಕೃಷಿ ಪಂಪ್ಸೆಟ್‌ಗಳಿಗೆ ವಿದ್ಯುತ್ ಕುರಿತು,About electricity for agricultural pumpsets,ನಾರಾಯಣಸ್ವಾಮಿ .ಎಂ,Narayanaswamy M
3851,06/06/2017,ಕೃಷಿ,Agriculture,ಕೃಷಿ ಸಲಕರಣೆಗಳ ಕುರಿತು,About agricultural equipment,ನಾರಾಯಣಸ್ವಾಮಿ .ಎಂ,Narayanaswamy M
3852,06/06/2017,ಕೃಷಿ,Agriculture,ವಿತರಿಸಲಾಗಿರುವ ಬೀಜ ಮತ್ತು ಗೊಬ್ಬರಗಳ ಕುರಿತು,About the seed and fertilizers distributed,ನಾರಾಯಣಸ್ವಾಮಿ .ಎಂ,Narayanaswamy M
3853,06/06/2017,ಜಲಸಾರಿಗೆ,Watering,ಚಾಮರಾಜನಗರ ಜೋಡಿ ರಸ್ತೆ ಕಾಮಗಾರಿಯಲ್ಲಿ ವಿಳಂಬದ ಬಗ್ಗೆ,About delay in Chamarajanagar twin road work,ನಾಗರಾಜ್ .ಎಸ್,Nagaraja S
3854,06/06/2017,ಜಲಸಾರಿಗೆ,Watering,"ಹಚ್.ಡಿ. ಕೋಟೆ ತಾಲ್ಲೂಕು, ಅಂತರಸಂತೆ-ಶೀರನಹುಂಡಿ ರಸ್ತೆ ಕಾಮಗಾರಿ ಬಗ್ಗೆ","H.D. Fort Taluk, Inter-Shiranahundi Road Works",ನಾಗರಾಜ್ .ಎಸ್,Nagaraja S
3855,06/06/2017,ಜಲಸಾರಿಗೆ,Watering,ಚಾಮರಾಜನಗರದ ಕರಿವರದರಾಜು ಬೆಟ್ಟದ ಮೆಟ್ಟಿಲು ಕಾಮಗಾರಿ ಬಗ್ಗೆ,About the construction of the Karivararaju hill stairs in Chamarajanagar,ನಾಗರಾಜ್ .ಎಸ್,Nagaraja S
3856,06/06/2017,ಪಶುಸಂಗೋಪನೆ,Animal husbandry,ಮೇವು ಸಂಗ್ರಹಣ ಕೇಂದ್ರ,Fodder collection center,ನಿರಾಣಿ ಹಣಮಂತ್ ರುದ್ರಪ್ಪ,Nirani Hanumanth Rudrappa
3857,06/06/2017,ಲೋಕೋಪಯೋಗಿ,Public service,ಕಾಮಗಾರಿಗಳ ಕುರಿತು,About works,ಪ್ರದೀಪ್ ಶೆಟ್ಟರ್,Pradeep Shettar
3858,06/06/2017,ಇಂಧನ,Fuel,ವಿದತ್ ಕ್ಷೇತ್ರದಲ್ಲಿ ಸಾಧಿಸಿದ ಗುರಿ ಮತ್ತು ಸಾಧನೆ ಕುರಿತು,About the achievement and achievement achieved in Vidhut field,ಪ್ರದೀಪ್ ಶೆಟ್ಟರ್,Pradeep Shettar
3859,06/06/2017,ಇಂಧನ,Fuel,ಗಾಳಿ ವಿದ್ಯುತ್ ಯಂತ್ರಗಳ ಕುರಿತು,About wind power plants,ಪ್ರದೀಪ್ ಶೆಟ್ಟರ್,Pradeep Shettar
3860,06/06/2017,ಇಂಧನ,Fuel,ವಿದ್ಯುತ್ ಕೊರತೆಯ ಕುರಿತು,About power shortages,ಪ್ರದೀಪ್ ಶೆಟ್ಟರ್,Pradeep Shettar
3861,06/06/2017,ಜಲಸಾರಿಗೆ,Watering,ಕೆ.ಸಿ.ಎಸ್.ಆರ್. ನಿಯಮ ಮೀರಿ ಮುಂಬಡ್ತಿ ನೀಡಿರುವ ಬಗ್ಗೆ,KCRR About the forthcoming rule,ಪ್ರಾಣೇಶ್ .ಎಂ.ಕೆ,Pranesha M K
3862,06/06/2017,ಇಂಧನ,Fuel,ಟ್ರಾನ್ಸ್‌ಫಾರ್ಮರ‍್ಗಳು ಕುರಿತು,About transformers,ಪ್ರಾಣೇಶ್ .ಎಂ.ಕೆ,Pranesha M K
3863,06/06/2017,ರೇಷ್ಮೆ,Silk,ಕಸಾಯಿ ಖಾನೆಗಳ ಕುರಿತು,About Slaughter Accounts,ಪ್ರಾಣೇಶ್ .ಎಂ.ಕೆ,Pranesha M K
3864,06/06/2017,ಸರ್ವಜನಿಕ ಉದ್ದಿಮೆ,Public enterprise,ಸಾರ್ವಜನಿಕ ವಲಯದ ಉದ್ದಿಮೆಗಳ ಬಗ್ಗೆ,About Public Sector Enterprises,ಪ್ರತಾಪಚಂದ್ರ ಶೆಟ್ಟಿ. .ಕೆ,Pratapachandra Shetty K
3865,06/06/2017,ಲೋಕೋಪಯೋಗಿ,Public service,ರಸ್ತೆಗಳನ್ನು ಮೇಲ್ದರ್ಜೆಗೇರಿಸುವ ಕುರಿತು,About upgrading roads,ಪ್ರತಾಪಚಂದ್ರ ಶೆಟ್ಟಿ. .ಕೆ,Pratapachandra Shetty K
3866,06/06/2017,ಪಶುಸಂಗೋಪನೆ,Animal husbandry,ಪಶು ಆಹಾರ ಉತ್ಪಾದಕ ಘಟಕ ಸ್ಥಾಪನೆ ಕುರಿತು,About the establishment of veterinary food producer units,ಪ್ರತಾಪಚಂದ್ರ ಶೆಟ್ಟಿ. .ಕೆ,Pratapachandra Shetty K
3867,06/06/2017,ಕೃಷಿ ಮಾರುಕಟ್ಟೆ,Agricultural Market,ಎ.ಪಿ.ಎಂ.ಸಿ. ಗಳ ತೆರಿಗೆ ಸಂಗ್ರಹ ಹಾಗೂ ಕಾಮಗಾರಿಗಳ ಕುರಿತು,APMC About tax collections and works,ಪ್ರತಾಪಚಂದ್ರ ಶೆಟ್ಟಿ. .ಕೆ,Pratapachandra Shetty K
3868,06/06/2017,ಕೃಷಿ,Agriculture,ಉಡುಪಿ ಜಿಲ್ಲೆಯ ರೈತರ ಅಗತ್ಯಕ್ಕೆ ಅನುಗುಣವಾಗಿ ಭತ್ತದ ಬೀಜ ಪೂರೈಕೆ ಕುರಿತು,About the seed supply of rice in accordance with the farmers' needs of Udupi district,ಪ್ರತಾಪಚಂದ್ರ ಶೆಟ್ಟಿ. .ಕೆ,Pratapachandra Shetty K
3869,06/06/2017,ಸರ್ವಜನಿಕ ಉದ್ದಿಮೆ,Public enterprise,ಕುಡಿಯುವ ನೀರಿನ ಯೋಜನೆಗಳಿಗೆ ಕೇಂದ್ರ ಅನುದಾನದ ಬಗ್ಗೆ,Central Provision for Drinking Water Plans,ಪುಟ್ಟಸ್ವಾಮಿ .ಬಿ.ಜೆ,Puttaswamy B J
3870,06/06/2017,ಸರ್ವಜನಿಕ ಉದ್ದಿಮೆ,Public enterprise,ಸಾರ್ವಜನಿಕ ಉದ್ದಿಮೆಗಳ ಬಗ್ಗೆ,About Public Enterprises,ಪುಟ್ಟಸ್ವಾಮಿ .ಬಿ.ಜೆ,Puttaswamy B J
3871,06/06/2017,ಕಷಿ,Cookie,ಪ್ರಧಾನಮಂತ್ರಿ ಕೃಷಿ ಸಂಚಾಯಿ ಯೋಜನೆಯ ಬಗ್ಗೆ,About Prime Minister's Agriculture Sanctuary Scheme,ಪುಟ್ಟಸ್ವಾಮಿ .ಬಿ.ಜೆ,Puttaswamy B J
3872,06/06/2017,ಆರ್ಥಿಕ,Economy,ಸುರಕ್ಷಾ ಪ್ರಧಾನಮಂತ್ರಿ ಫಸಲ್ ಭೀಮಾ ಯೋಜನೆಯ ಅನುದಾನದ ಬಗ್ಗೆ,About the provision of the Defense Minister Fasal Bhima Scheme,ಪುಟ್ಟಸ್ವಾಮಿ .ಬಿ.ಜೆ,Puttaswamy B J
3873,06/06/2017,ಪಶುಸಂಗೋಪನೆ,Animal husbandry,ಹಾಲಿನ ಭಾಗ್ಯ ಯೋಜನೆಯ ಪ್ರೋತ್ಸಾಹ ಧನದ ಬಗ್ಗೆ,About the incentives for milk development,ಪುಟ್ಟಸ್ವಾಮಿ .ಬಿ.ಜೆ,Puttaswamy B J
3874,06/06/2017,ಇಂಧನ,Fuel,ವಿದ್ಯುತ್ ದರದ ಬಗ್ಗೆ,About the power rate,ಶರವಣ .ಟಿ.ಎ,Sharavana T A
3875,06/06/2017,ರೇಷ್ಮೆ,Silk,ಎಸ್.ಸಿ.ಪಿ/ಟಿ.ಎಸ್.ಪಿ. ಅಡಿಯಲ್ಲಿ ನಿಗಧಿಪಡಿಸಿದ ಅನುದಾನದ ಬಗ್ಗೆ,SCP / TSP About Fixed Funds under,ವೀರಯ್ಯ .ಡಿ.ಎಸ್,Veerayya D S
3876,06/06/2017,ಇಂಧನ,Fuel,ಎಸ್.ಸಿ.ಪಿ/ಟಿ.ಎಸ್.ಪಿ. ಅಡಿಯಲ್ಲಿ ನಿಗಧಿಪಡಿಸಿದ ಅನುದಾನದ ಬಗ್ಗೆ,SCP / TSP About Fixed Funds under,ವೀರಯ್ಯ .ಡಿ.ಎಸ್,Veerayya D S
3877,06/06/2017,ಕೃಷಿ,Agriculture,SಅP/ಖಿSP ಅಡಿಯಲ್ಲಿ ನಿಗದಿಪಡಿಸಿದ ಅನುದಾನದ ಬಗ್ಗೆ,About the provision under S P / QI,ವೀರಯ್ಯ .ಡಿ.ಎಸ್,Veerayya D S
3878,06/06/2017,ತೋಟಗಾರಿಕೆ,Gardening,SಅP/ಖಿSP ಅಡಿಯಲ್ಲಿ ನಿಗದಿಪಡಿಸಿದ ಅನುದಾನದ ಬಗ್ಗೆ,About the provision under S P / QI,ವೀರಯ್ಯ .ಡಿ.ಎಸ್,Veerayya D S
3879,06/06/2017,ಲೋಕೋಪಯೋಗಿ,Public service,ಎಸ್.ಸಿ.ಪಿ./ಟಿ.ಎಸ್.ಪಿ. ಅಡಿಯಲ್ಲಿ ನಿಗದಿಪಡಿಸಿದ ಅನುದಾನದ ಬಗ್ಗೆ,SCP / TSP About the allocation of funds under,ವೀರಯ್ಯ. .ಡಿ.ಎಸ್,Veerayya D S
3880,06/06/2017,ಕೃಷಿ ಮಾರುಕಟ್ಟೆ,Agricultural Market,ಕೊಡಗು ಜಿಲ್ಲೆಯ ಕೃಷಿ ಮಾರುಕಟ್ಟೆ ಕೇಂದ್ರಗಳಲ್ಲಿ ಮೂಲಭೂತ ಸೌಕರ್ಯಗಳ ಕೊರತೆ ಕುರಿತು,The lack of infrastructure in the agricultural market centers in Kodagu district,ವೀಣಾ ಅಚ್ಚಯ್ಯ .ಎಸ್,Veena achchaiah S
3881,06/06/2017,ಕೃಷಿ,Agriculture,ಕೊಡಗ ಜಿಲ್ಲೆಯಲ್ಲಿ ಸಾವಯವ ಕೃಷಿ ಕುರಿತು,About Organic Farming in Kodagu district,ವೀಣಾ ಅಚ್ಚಯ್ಯ .ಎಸ್,Veena achchaiah S
3882,06/06/2017,ಸ್ಥಳೀಯ ಸಂಸ್ಥೆ,Local organization,ಕೊಡಗು ಜಿಲ್ಲೆಯ ನಗರ ಸ್ಥಳೀಯ ಸಂಸ್ಥೆಗಳಲ್ಲಿ ಹುದ್ದೆಗಳು ಖಾಲಿ ಇರುವ ಕುರಿತು,About vacancies in urban local bodies in Kodagu district,ವೀಣಾ ಅಚ್ಚಯ್ಯ .ಎಸ್,Veena achchaiah S
3883,06/06/2017,ತೋಟಗಾರಿಕೆ,Gardening,ಕೊಡಗ ಜಿಲ್ಲೆಯಲ್ಲಿ ತೋಟಗಾರಿಕಾ ಬೆಳೆಗಳಿಗೆ ಸಹಾಯಧನದ ಕುರಿತು,About subsidies for horticultural crops in Kodagu district,ವೀಣಾ ಅಚ್ಚಯ್ಯ .ಎಸ್,Veena achchaiah S
3884,06/06/2017,ಕೃಷಿ,Agriculture,ರಾಜ್ಯದ ರೈತ ಸಂಪರ್ಕ ಕೇಂದ್ರಗಳ ಕುರಿತು,About State Farm Communications Centers,ಬಸವನಗೌಡ ಆರ್ ಪಾಟೀಲ್,Basanagowda R Patil
3885,06/06/2017,ಇಂಧನ,Fuel,ಕೈಗಾ ವಿದ್ಯುತ್ ಸ್ಥಾವರದಿಂದ ವಿದ್ಯುತ್ ಉತ್ಪಾದನೆ ಕುರಿತು,Power generation from Kaiga power plant,ಬಸವನಗೌಡ ಆರ್ ಪಾಟೀಲ್,Basanagowda R Patil
3886,06/06/2017,ತೋಟಗಾರಿಕೆ,Gardening,ಕೋಲ್ಡ್ ಸ್ಟೋರೇಜ್‌ಗಳ ಕುರಿತು,About Cold Storage,ಬಸವನಗೌಡ ಆರ್ ಪಾಟೀಲ್,Basanagowda R Patil
3887,06/06/2017,ಲೋಕೋಪಯೋಗಿ,Public service,ವಿಜಯ ಪುರದಿಂದ ಸೋಲಾಪುರ ರಸ್ತೆ ನಾಲ್ಕು ಪಥವನ್ನಾಗಿ ಪರಿವರ್ತಿಸುವ ಕುರಿತು,About converting Solapur Road from Vijayapuri to four lanes,ಬಸವನಗೌಡ ಆರ್ ಪಾಟೀಲ್,Basanagowda R Patil
3888,06/06/2017,ಇಂಧನ,Fuel,ವಿಜಯಪುರ ಮತ್ತು ಬಾಗಲಕೋಟೆ ಜಿಲ್ಲೆಯ ವಿದ್ಯುತ್ ಪೋಲ್ ಮತ್ತು ತಂತಿಗಳ ಕುರಿತು,About Electric Poles and Strings in Vijayapur and Bagalkote District,ಬಸವನಗೌಡ ಆರ್. ಪಾಟೀಲ್,Basanagowda R Patil
3889,06/06/2017,ಲೋಕೋಪಯೋಗಿ,Public service,ಲೋಕೋಪಯೋಗಿ ಇಲಾಖೆಯಲ್ಲಿ ವೃಂದ ಮತ್ತು ನೇಮಕಾತಿ ನಿಯಮಗಳ ತಿದ್ದುಪಡಿ ಪ್ರಸ್ತಾವನೆ ಪ್ರಗತಿಯ ಬಗ್ಗೆ,About the progress of the Appointment of Amendment to the House and Appointment of Public Works Department,ಬಸವರಾಜ ಹೊರಟ್ಟಿ,Basavaraja Shivalingappa Horatti
3890,06/06/2017,ಇಂಧನ,Fuel,ವಿದ್ಯುತ್ ಪರಿವರ್ತಕಗಳನ್ನು ವಿತರಣೆ ಮಾಡುವ ಬಗ್ಗೆ,About distributing power transformers,ಲಕ್ಷ್ಮೀನಾರಾಯಣ .ಎಂ.ಡಿ,Lakshmi Narayana MD
3891,06/06/2017,ಇಂಧನ,Fuel,ಸರ ವಿದ್ಯುತ್ ಯೋಜನೆ,SAR power project,ಲಕ್ಷ್ಮೀನಾರಾಯಣ .ಎಂ.ಡಿ,Lakshmi Narayana MD
3892,06/06/2017,ತೋಟಗಾರಿಕೆ,Gardening,ಕೃಷಿ ಮಾರುಕಟ್ಟೆಯಲ್ಲಿ ಸೆಸ್ ಬಾಪ್ತು ಇರುವ ಹಣದ ಬಗ್ಗೆ,About Sesa's Money on the Agricultural Market,ಲಕ್ಷ್ಮೀನಾರಾಯಣ .ಎಂ.ಡಿ,Lakshmi Narayana MD
3893,06/06/2017,ಜಲಸಾರಿಗೆ,Watering,ಮೂನಿಯೂರು-ಸಂಪಿಗೆ ರಸ್ತೆ ಅಭಿವೃದ್ಧಿ ಬಗ್ಗೆ,About Mooniur-Sampige road development,ಲಕ್ಷ್ಮೀನಾರಾಯಣ .ಎಂ.ಡಿ,Lakshmi Narayana MD
3894,06/06/2017,ತೋಟಗಾರಿಕೆ,Gardening,ತೆಂಗು ಬೆಳೆ ಕುರಿತು,About Coconut Crop,ಲಕ್ಷ್ಮೀನಾರಾಯಣ .ಎಂ.ಡಿ,Lakshmi Narayana MD
3895,06/06/2017,ಲೋಕೋಪಯೋಗಿ,Public service,ಬೆಂಗಳೂರು-ಮೈಸೂರು ರಾಷ್ಟ್ರೀಯ ಹೆದ್ದಾರಿಯ ಅಷ್ಟಪಥ ಕಾಮಗಾರಿ ಬಗ್ಗೆ,About the Bangalore-Mysore National Highway,ಶ್ರೀಕಂಠೇಗೌಡ .ಕೆ.ಟಿ,Srikantegowda KT
3896,06/06/2017,ಇಂಧನ,Fuel,ಮೂಡಿಗೆರೆ ವಿಧಾನಸಭಾ ಕ್ಷೇತ್ರದ ವ್ಯಪ್ತಿಯಲ್ಲಿ ಹಾಲಿ ಇರುವ ವಿದ್ಯುತ್ ವಿತರಣಾ ಕೇಂದ್ರಗಳ ನಗ್ಗೆ,The Moodyare Assembly constituency is the largest power supply center in the country,ಮೋಟಮ್ಮ,Motamma
3897,06/06/2017,ತೋಟಗಾರಿಕೆ,Gardening,ಮುಡಿಗೆರೆ ತಾಲ್ಲೂಕಿನಲ್ಲಿ ತೋಟಗಾರಿಕೆ ವಿಶ್ವವಿದ್ಯಾಲಯ ಸ್ಥಾಪಿಸುವ ವಿಚಾರದ ಬಗ್ಗೆ,About the establishment of Horticulture University in Mundukere taluk,ಮೋಟಮ್ಮ,Motamma
3898,06/06/2017,ಕೃಷಿ,Agriculture,ಕೃಷಿ ಭಾಗ್ಯ ಯೋಜನೆಯಡಿ ತೆರೆದ ಕೃಷಿ ಹೊಂಡಗಳ ಕುರಿತು,About open agricultural ponds under Agricultural Bhagya Scheme,ಜಯಮಾಲ ರಾಮಚಂದ್ರ,Jayamala Ramachandra
3899,06/06/2017,ತೋಟಗಾರಿಕೆ,Gardening,ಬೆಂಗಳೂರಿನಲ್ಲಿ ಆಸ್ತಿಯಲ್ಲಿ ಬೆಳೆದಿರುವ ಬೆಳೆಗಳ ಬಗ್ಗೆ,About crops grown in Bangalore,ಜಯಮಾಲ ರಾಮಚಂದ್ರ,Jayamala Ramachandra
3900,06/06/2017,ಕೃಷಿ,Agriculture,ಬಿತ್ತನೆ ಬೀಜ ವಿತರಣೆ ಕುರಿತು,About seed distribution,ಜಯಮಾಲ ರಾಮಚಂದ್ರ,Jayamala Ramachandra
3901,06/06/2017,ತೋಟಗಾರಿಕೆ,Gardening,ಬೆಂಗಳೂರಿನ ಸುತ್ತಮುತ್ತಲಿನಲ್ಲಿ ಬೆಳೆದಿರುವ ಔಷಧಿ ಗುಣಗಳ್ಳುಳ್ಳ ಸಸ್ಯಗಳ ಬಗ್ಗೆ,About pharmaceutical plants grown around Bangalore,ಜಯಮಾಲ ರಾಮಚಂದ್ರ,Jayamala Ramachandra
3902,06/06/2017,ಕೃಷಿ,Agriculture,ದ್ವಿದಳ ಧಾನ್ಯಗಳ ವಿವರ,Detail of legumes,ಜಯಮಾಲ ರಾಮಚಂದ್ರ,Jayamala Ramachandra
3903,06/06/2017,ಜಲಸಾರಿಗೆ,Watering,ಕಲಬುರಗಿ ಜಿಲ್ಲೆಯ ಇಲಾಖಾ ಕಾಮಗಾರಿಗಳಿಗೆ ಸಂಬಂಧಿಸಿದಂತೆ,Regarding departmental works in the District of Kalaburagi,ಇಕ್ಬಾಲ್ ಅಹ್ಮದ್ ಸರಡಗಿ,Ikbal Ahmad Sadaragi
3904,06/06/2017,ಜಲಸಾರಿಗೆ,Watering,ಕಲಬುರಗಿ ಜಿಲ್ಲೆಯಲ್ಲಿನ ಎಸ್.ಸಿ.ಪಿ. ಮತ್ತು ಟಿ.ಎಸ್.ಪಿ. ಯೋಜನೆಯ ಕಾಮಗಾರಿಗಳಿಗೆ ಸಂಬಂಧಿಸಿದ ಬಗ್ಗೆ,SCP in Kalaburagi district. And TSP. About the project work,ಇಕ್ಬಾಲ್ ಅಹ್ಮದ್ ಸರಡಗಿ,Ikbal Ahmad Sadaragi
3905,06/06/2017,ಇಂಧನ,Fuel,ರಾಜ್ಯದಲ್ಲಿ ಸೋಲಾರ್ ಉತ್ಪಾದನೆ ಕುರಿತು,About solar production in the state,ರಾಮಪ ತಿಮ್ಮಾಪುರ,Ramappa Timmapura
3906,06/06/2017,ಲೋಕೋಪಯೋಗಿ,Public service,ಲೋಕೋಪಯೋಗಿ ಇಲಾಖೆ ಅಭಿಯಂತರರ ಕುರಿತು,About Public Works Department Engineers,ರಾಮಪ ತಿಮ್ಮಾಪುರ,Ramappa Timmapura
3907,06/06/2017,ಪಶುಸಂಗೋಪನೆ,Animal husbandry,"ರಾಜ್ಯದ ಜಾನುವಾರುಗಳು ಕಾಲು ಬಾಯಿ ಜ್ವರದಿಂದ ನರಳುತ್ತಿದ್ದು, ಅವುಗಳಿಗೆ ಸೂಕ್ತ ಲಸಿಕೆ ಹಾಕುವಲ್ಲಿ ವಿಳಂಬವಾಗಿರುವ ಮತ್ತು ಅಗತ್ಯ ಸಿಬ್ಬಂದಿ ಕೊರತೆಯ ಬಗ್ಗೆ","State livestock suffer from foot and mouth fever, delaying proper vaccination and lack of required staff",ರಾಮಚಂದ್ರಗೌಡ,Ramachandra Gowda
3908,06/06/2017,ರೇಷ್ಮೆ,Silk,ರೇಷ್ಮೆ ಮಾರುಕಟ್ಟೆಯಲ್ಲಿ ಮೂಲಭೂತ ಸೌಕರ್ಯಗಳನ್ನು ಕಲ್ಪಿಸುವ ಕುರಿತು,Looking for basic infrastructure in the silk market,ರಾಮಚಂದ್ರಗೌಡ,Ramachandra Gowda
3909,06/06/2017,ಪಶುಸಂಗೋಪನೆ,Animal husbandry,ಪಶು ಆಸ್ಪತ್ರೆಗಳಲ್ಲಿ ಜಾನುವಾರುಗಳಿಗೆ ಕುಡಿಯಲು ನೀರಿನ ತೊಟ್ಟಿಯನ್ನು ನಿರ್ಮಿಸುವ ಬಗ್ಗೆ,About building a tank for drinking livestock in veterinary hospitals,ರಾಮಚಂದ್ರಗೌಡ,Ramachandra Gowda
3910,06/06/2017,ತೋಟಗಾರಿಕೆ,Gardening,ದೃಡೀಕೃತವಲ್ಲದ ಕಳಪೆ ಪಟ್ಟದ ಹಾಗೂ ಕಲಬೆರಕೆ ಆಲೂಗಡ್ಡೆ ಬೀಜ ಮಾರಾಟ ಮಾಡುತ್ತಿರುವ ಬಗ್ಗೆ,About unofficial poor and mashed potato seed selling,ರಾಮಚಂದ್ರಗೌಡ,Ramachandra Gowda
3911,06/06/2017,ಇಂಧನ,Fuel,ವಿದ್ಯುತ್ ನಿUಮವು ನಷ್ಟದಲ್ಲಿರುವ ಬಗ್ಗೆ,About the loss of electricity,ರಾಮಚಂದ್ರಗೌಡ,Ramachandra Gowda
3912,06/06/2017,ಜಲಸಾರಿಗೆ,Watering,ಕೇಂದ್ರಿಯ ರಸ್ತೆ ನಿಧಿಯಿಂದ ಹಣ ಬಿಡುಗಡೆ ಆಗಿರುವ ಬಗ್ಗೆ,About releasing money from Central Road Fund,ರಮೇಶ್ ಬಾಬು,Ramesha Babu
3913,06/06/2017,ಸರ್ವಜನಿಕ ಉದ್ದಿಮೆ,Public enterprise,ಪೌರ ಕಾರ್ಮಿಕರ ಗೃಹ ಭಾಗ್ಯ ಯೋಜನೆಗಾಗಿ ಹಣ ಬಿಡುಗಡೆ ಬಗ್ಗೆ,About releasing money for the civic workers' home-based plan,ರಮೇಶ್ ಬಾಬು,Ramesha Babu
3914,06/06/2017,ಪಶುಸಂಗೋಪನೆ,Animal husbandry,ಪಶು ಆರೋಗ್ಯ ಮತ್ತು ವಿಸ್ತರಣಾ ಯೋಜನೆಯಡಿ ಬಿಡುಗಡೆಯಾದ ಅನುದಾನದ ಬಗ್ಗೆ,About the grant released under the Veterinary Health and Extension Program,ರಮೇಶ್ ಬಾಬು,Ramesha Babu
3915,06/06/2017,ಕೃಷಿ,Agriculture,ಕೃಷಿ ಂiಜನೆಗಳನ್ನು ರೂಪಿಸುವ ಬಗ್ಗೆ,Agriculture is about creating jars,ರಮೇಶ್ ಬಾಬು,Ramesha Babu
3916,06/06/2017,ತೋಟಗಾರಿಕೆ,Gardening,ವಾಣಿಜ್ಯ ಬೆಳೆ ಬೆಳೆಯಿತ್ತಿರುವ ಬಗ್ಗೆ,About growing commercial crop,ರಮೇಶ್ ಬಾಬು,Ramesha Babu
3917,06/06/2017,ಸರ್ವಜನಿಕ ಉದ್ದಿಮೆ,Public enterprise,ಸರ್ಕಾರಿ ಸ್ವತ್ತುಗಳನ್ನು ಗುತ್ತಿಗೆ ನೀಡಿರುವ ಬಗ್ಗೆ,About leasing government assets,ರಘುನಾಥರಾವ್ ಮಲ್ಕಾಪೂರೆ,Raghunath Rao Malkapore
3918,06/06/2017,ಕೃಷಿ,Agriculture,ಜಿಲ್ಲೆಯಲ್ಲಿರುವ ಕೃಷಿ ಭೂಮಿ ಬಗ್ಗೆ,About agricultural land in the district,ರಘುನಾಥರಾವ್ ಮಲ್ಕಾಪೂರೆ,Raghunath Rao Malkapore
3919,06/06/2017,ಪಶುಸಂಗೋಪನೆ,Animal husbandry,ಪಶುಸಂಗೋಪನೆ ಯೋಜನೆಗಳ ಕುರಿತು,About Animal Husbandry Projects,ರಘುನಾಥರಾವ್ ಮಲ್ಕಾಪೂರೆ,Raghunath Rao Malkapore
3920,06/06/2017,ಲೋಕೋಪಯೋಗಿ,Public service,ಲೋಕೋಪಯೋಗಿ ಇಲಾಖೆಯಿಂದ ಬಿಡುಗಡೆಯಾದ ಅನುದಾನದ ಬಗ್ಗೆ,About the grant of release from Public Works Department,ರಘುನಾಥರಾವ್ ಮಲ್ಕಾಪೂರೆ,Raghunath Rao Malkapore
3921,06/06/2017,ಸಾರಿಗೆ,Transport,ಗುತ್ತಿಗೆ ವಾಹನಗಳ ಬಗ್ಗೆ,About leasing vehicles,ರಘುನಾಥರಾವ್ ಮಲ್ಕಾಪೂರೆ,Raghunath Rao Malkapore
3922,06/06/2017,ಕಷಿ,Cookie,ಕೃಷಿಭಾಗ್ಯ ಯೋಜನೆ,Agriculture Plan,ರೇವಣ್ಣ .ಹೆಚ್.ಎಂ,Revanna H M
3923,06/06/2017,ಸರ್ವಜನಿಕ ಉದ್ದಿಮೆ,Public enterprise,"ರಮನಗರ ಜಿಲ್ಲೆ, ಮಾಗಡಿ ಪುರಸಭೆ ವ್ಯಾಪ್ತಿಯಲ್ಲಿ ಐ.ಡಿ.ಎಸ್.ಎಂ.ಟಿ. ಬಢಾವಣೆ ನಿರ್ಮಾಣ ಮಾಡಿರುವ ಬಗ್ಗೆ","Ramanagara District, Madras Municipal Corporation, IMSMT Concerns about building a badge",ರೇವಣ್ಣ .ಹೆಚ್.ಎಂ,Revanna H M
3924,06/06/2017,ಲೋಕೋಪಯೋಗಿ,Public service,ಬೆಂಗಳೂರು-ಮೈಸೂರು ಕಾರಿಡಾರ್ ರಸ್ತೆ ನಿರ್ಮಾಣ,Construction of Bangalore-Mysore Corridor Road,ಉಗ್ರಪ್ಪ .ವಿ.ಎಸ್,Ugrappa VS
3925,06/06/2017,ಸರ್ವಜನಿಕ ಉದ್ದಿಮೆ,Public enterprise,ಘನತ್ಯಾಜ್ಯ ಸಂಸ್ಕರಣಾ ಘಟಕಗಳು,Solid Waste Treatment Units,ಉಗ್ರಪ್ಪ .ವಿ.ಎಸ್,Ugrappa VS
3926,06/06/2017,ಇಂಧನ,Fuel,ವಿದ್ಯುತ್ ಉತ್ಪಾದನೆ ಬಗ್ಗೆ,About electricity generation,ರಿಜ್ವಾನ್ ಅರ್ಷದ್,Rizwan Harshad
3927,06/06/2017,ಕೃಷಿ,Agriculture,ತ್ಯಾಜ್ಯದಿಂದ ಉತ್ಪಾದಿಸಿದ ಗೊಬ್ಬರ ವಿತರಣೆ ಬಗ್ಗೆ,About the distribution of manures produced by waste,ರಿಜ್ವಾನ್ ಅರ್ಷದ್,Rizwan Harshad
3928,06/06/2017,ಜಲಸಾರಿಗೆ,Watering,ಶಿರಾಡಿ ಘಾಟ್ ೨ನೇ ಹಂತದ ಕಾಮಗಾರಿಗಳ ಬಗ್ಗೆ,About Shiradi Ghat 2nd Stage Works,ಐವನ್ ಡಿ ಸೋಜಾ,Ivan Disoza
3929,06/06/2017,ಇಂಧನ,Fuel,ರೂಪ್ ಟಾಪ್ ಸೋಲಾರ್ ವಿದ್ಯುತ್ ಉತ್ಪಾದಿಸುವ ಬಗ್ಗೆ,About producing rooftop solar power,ಐವನ್ ಡಿ ಸೋಜಾ,Ivan Disoza
3930,06/06/2017,ತೋಟಗಾರಿಕೆ,Gardening,ರಾಜ್ಯದಲ್ಲಿ ಉತ್ಪಾದಿಸುವ ಮಾವಿನಹಣ್ಣುಗಳ ಬಗ್ಗೆ,About mangoes produced in the state,ಐವನ್ ಡಿ ಸೋಜಾ,Ivan Disoza
3931,06/06/2017,ಲೋಕೋಪಯೋಗಿ,Public service,ದಕ್ಷಿಣ ಕನ್ನಡ ಜಿಲ್ಲೆಗೆ ಲೋಕೋಪಯೋಗಿ ಇಲಾಖೆಯಿಂದ ಬಿಡುಗಡೆ ಮಾಡಿದ ಅನುದಾನದ ಬಗ್ಗೆ,About the grant of release from the Public Works Department to Dakshina Kannada district,ಐವನ್ ಡಿ ಸೋಜಾ,Ivan Disoza
3932,06/06/2017,ಕಾರ್ಮಿಕ,Labor,"ರಜ್ಯದಲ್ಲಿರುವ ನಗರ ಪಂಚಾಯಿತಿ, ಪುರಸಭೆ ಹಾಗೂ ನಗರಸಭೆಗಳಲ್ಲಿರುವ ಪೌರಕಾರ್ಮಿಕರ ಬಗ್ಗೆ","Urban Panchayat, Municipality and civic workers in municipalities",ಐವನ್ ಡಿ ಸೋಜಾ,Ivan Disoza
3933,06/06/2017,ಇಂಧನ,Fuel,ರಾಜ್ಯದಲ್ಲಿ ವಿದ್ಯುತ್ ಜಾಗದಿಂದ ಪ್ರಸರಣ ಮತ್ತು ಹಂಚಿಕೆ ಮಾಡುವಾಗ ಆಗುತ್ತಿರುವ ನಷ್ಟದ ಬಗ್ಗೆ,About the loss of the transmission and distribution of electricity in the state,ಕ್ಯಾಪ್ಟನ್ ಗಣೇಶ್ ಕಾರ್ಣಿಕ್,Capt. Ganesh Karnik
3934,06/06/2017,ತೋಟಗಾರಿಕೆ,Gardening,"ರಾಜ್ಯದಲ್ಲಿ ಮಾವಿನ ಹಣ್ಣಿನ ಉತ್ಪಾದನೆ, ಸಂರಕ್ಷಣೆ,g ರಫ್ತು ಮಾಡುವ ಬಗ್ಗೆ","Manufacturing of Mango Fruit in the State, Conservation, and Export of g",ಕ್ಯಾಪ್ಟನ್ ಗಣೇಶ್ ಕಾರ್ಣಿಕ್,Capt. Ganesh Karnik
3935,06/06/2017,ತೋಟಗಾರಿಕೆ,Gardening,ರಾಜ್ಯದ ತೊಗರಿ ಬೆಳೆಯುವ ರೈತರಿಗೆ ಬೆಂಬಲ ಬೆಲೆ ನೀಡುವ ಬಗ್ಗೆ,Providing support price for farmers in the state,ಕ್ಯಾಪ್ಟನ್ ಗಣೇಶ್ ಕಾರ್ಣಿಕ್,Capt. Ganesh Karnik
3936,06/06/2017,ಕೃಷಿ,Agriculture,ರಾಜ್ಯದ ರೈತರಿಗೆ ಸುಧಾರಿತ ತಂತ್ರಜ್ಞಾನ ಅಳವಡಿಸಿಕೊಳ್ಳಲು ಪ್ರೋತ್ಸಾಧನ ನೀಡುವ ಬಗ್ಗೆ,Providing incentives for adopting advanced technology for state farmers,ಕ್ಯಾಪ್ಟನ್ ಗಣೇಶ್ ಕಾರ್ಣಿಕ್,Capt. Ganesh Karnik
3937,06/06/2017,ಕೃಷಿ,Agriculture,ರಾಜ್ಯದಲ್ಲಿ ಮುಂಗಾರು ಬೆಳೆಗಳಿಗೆ ಗೊಬ್ಬರದ ದಾಸ್ತಾನು ಬಗ್ಗೆ,About fertilizer storage for monsoon crops in the state,ಕ್ಯಾಪ್ಟನ್ ಗಣೇಶ್ ಕಾರ್ಣಿಕ್,Capt. Ganesh Karnik
3938,06/06/2017,ಪಶುಸಂಗೋಪನೆ,Animal husbandry,ಪಶುವೈದ್ಯ ಆಸ್ಪತ್ರೆಗಳಿಗೆ ಮೂಲಭೂತ ಸೌಕರ್ಯಗಳನ್ನು ಒದಗಿಸುವ ಬಗ್ಗೆ,About providing infrastructure to veterinary hospitals,ಕವಟಗಿಮಠ ಮಹಂತೇಶ ಮಲ್ಲಿಕಾರ್ಜುನ,Kavatimata Mahantesha Mallikarjuna
3939,06/06/2017,ತೋಟಗಾರಿಕೆ,Gardening,ಬೆಳಗಾವಿ ಜಿಲ್ಲೆಯಲ್ಲಿ ರಾಸಾಯನಿಕ ಮಿಶ್ರಿತ ಕೃತ್ರಿಮ ಮಾವು ಮಾರಾಟವಾಗುತ್ತಿರುವ ಬಗ್ಗೆ,About the sale of chemical mosaic mango in Belgaum district,ಕವಟಗಿಮಠ ಮಹಂತೇಶ ಮಲ್ಲಿಕಾರ್ಜುನ,Kavatimata Mahantesha Mallikarjuna
3940,06/06/2017,ಇಂಧನ,Fuel,ರೈತರ ಪಂಪ್ಸೆಟ್ಗಳಿಗೆ ಮೀಟರ್ ಅಳವಡಿಸಲು ಮುಂದಾಗುತ್ತಿರುವ ಬಗ್ಗೆ,Looking forward to installing meters for farmers' pumpsets,ಕವಟಗಿಮಠ ಮಹಂತೇಶ ಮಲ್ಲಿಕಾರ್ಜುನ,Kavatimata Mahantesha Mallikarjuna
3941,06/06/2017,ಸಾರ್ವಜನಿಕ ಉದ್ದಿಮೆ,Public enterprise,ರಾಜ್ಯದಲ್ಲಿ ಪೌರಕಾರ್ಮಿಕರು ಸುರಕ್ಷಾ ಸೌಲಭ್ಯವಿಲ್ಲದೆ ಅಪಾಯಕಾರಿ ಸ್ವಚ್ಛತಾ ಕಾರ್ಯ ಮಾಡುವಾಗ ಸಾವಿಗೀಡಾಗುತ್ತಿರುವ ಬಗ್ಗೆ,About the death of civic workers in the state when doing dangerous cleaning without the safety of the state,ಕವಟಗಿಮಠ ಮಹಂತೇಶ ಮಲ್ಲಿಕಾರ್ಜುನ,Kavatimata Mahantesha Mallikarjuna
3942,06/06/2017,ಕೃಷಿ,Agriculture,ಬೆಳೆ ವಿಮೆ ಯೋಜನೆ ಬಗ್ಗೆ,About Crop Insurance Scheme,ಕಾಂತರಾಜು,Kantaraju
3943,06/06/2017,ತೋಟಗಾರಿಕೆ,Gardening,ಹನಿ ನೀರಾವರಿ ಯೋಜನೆಯ ಬಗ್ಗೆ,About the Honey Irrigation Project,ಕಾಂತರಾಜು,Kantaraju
3944,06/06/2017,ಪಶುಸಂಗೋಪನೆ,Animal husbandry,ಅಮೃತ್ ಯೋಜನೆ ಬಗ್ಗೆ,About the Amrit Project,ಕಾಂತರಾಜು,Kantaraju
3945,06/06/2017,ತೋಟಗಾರಿಕೆ,Gardening,ಹಳ್ಳಿ ಸಂತೆ ಯೋಜನೆಯಡಿ ಮಾರುಕಟ್ಟೆ ಮತ್ತು ಪ್ರಾಂಗಣ ನಿರ್ಮಿಸುವ ಬಗ್ಗೆ,About building a market and stadium under the village sessions scheme,ಕಾಂತರಾಜು,Kantaraju
3946,06/06/2017,ಇಂಧನ,Fuel,ಬಜೆಟ್‌ನಲ್ಲಿ ಘೋಷಿಸಿದಂತೆ ಗ್ರಾಮ ಪಂಚಾತ್‌ಗಳ ವಿದ್ಯುತ್ ಬಿಲ್ಲು ಮನ್ನಾ ಮಾಡುವ ಬಗ್ಗೆ,Grant panchayats power bills as announced in the budget,ಕೋಟ ಶ್ರೀನಿವಾಸ ಪೂಜಾರಿ,Kota Srinivasa Pujari
3947,06/06/2017,ಇಂಧನ,Fuel,ಹತ್ತಾರು ವರ್ಷಗಳಿಂದ ಸರ್ಕಾರಿ ಭೂಮಿಯಲ್ಲಿ ಮನೆ ಕಟ್ಟಿಕೊಂಡಿರುವ ಮನೆಗಳಿಗೆ ವಿದ್ಯುತ್ ನೀಡುವ ಕುರಿತು,About power supply to homes built on government land for ten years,ಕೋಟ ಶ್ರೀನಿವಾಸ ಪೂಜಾರಿ,Kota Srinivasa Pujari
3948,06/06/2017,ಕಷಿ,Cookie,ಕೃಷಿ ಹೊಂಡ ನಿರ್ಮಾಣದ ಕುರಿತು,About farm pond construction,ಕೋಟ ಶ್ರೀನಿವಾಸ ಪೂಜಾರಿ,Kota Srinivasa Pujari
3949,06/06/2017,ಜಲಸಾರಿಗೆ,Watering,"ಬಂದರು, ಜೆಟ್ಟಿ ನಿರ್ಮಾಣ, ಹೂಳೆತ್ತುವ ಕಾಮಗಾರಿಗಳು ನೆನೆಗುದಿಗೆ ಬಿದ್ದಿರುವ ಬಗ್ಗೆ","The port, the jetty construction, the dredging work was about to fall",ಕೋಟ ಶ್ರೀನಿವಾಸ ಪೂಜಾರಿ,Kota Srinivasa Pujari
3950,06/06/2017,ಸಾರ್ವಜನಿಕ ಉದ್ದಿಮೆ,Public enterprise,ನಗರ ಸ್ಥಳೀಯ ಸಂಸ್ಥೆಗಳಲ್ಲಿನ ನೌಕರರ ಖಾಯಂಯಾತಿ ಮತ್ತು ಸಮಾನ ಕೆಲಸಕ್ಕೆ ಸಮಾನ ವೇತನ ಜಾರಿಗೆ,Equal wages for employee compensation and equal work in urban local bodies,ಕೋಟ ಶ್ರೀನಿವಾಸ ಪೂಜಾರಿ,Kota Srinivasa Pujari
3951,06/06/2017,ಲೋಕೋಪಯೋಗಿ,Public service,"""ಕಸ್ಡ್ ಟೋಲ್” ಅನ್ನು ರಾಷ್ಟ್ರೀಯ ಹೆದ್ದಾರಿಯಲ್ಲಿ ಜಾರಿಗೊಳಿಸುವ ಬಗ್ಗೆ","Implementing ""Caused Toll"" on National Highway",ತಾರಾಅನುರಾಧ,Tara Anuradha
3952,06/06/2017,ತೋಟಗಾರಿಕೆ,Gardening,ಕಾರ್ಬೈಡ್ ಯಿಕ್ತ ಹಣ್ಣುಗಳನ್ನು ಹಾಪ್ಕಾಮ್ಸ್‌ನಲ್ಲಿ ಮಾರಾಟ ಮಾಡುತ್ತಿರುವ ಬಗ್ಗೆ,Carbide is about selling yummy fruits in hopcams,ತಾರಾಅನುರಾಧ,Tara Anuradha
3953,06/06/2017,ರೇಷ್ಮೆ,Silk,ಕೃತಕ ಮೊಟ್ಟೆಗಳ ಮಾರಾಟ,Selling artificial eggs,ತಾರಾಅನುರಾಧ,Tara Anuradha
3954,06/06/2017,ಇಂಧನ,Fuel,ಸೋಲಾರ್ ವಿದ್ಯುತ್ ಉತ್ಪಾದನೆ ಯೋಜನೆ,Solar Power Production Plan,ಚೌಡರೆಡ್ಡಿ ತೂಪಲ್ಲಿ .ಆರ್,Chowdareddy Tupalli R
3955,06/06/2017,ರೇಷ್ಮೆ,Silk,ರೇಷ್ಮೆ ಇಲಾಖೆಯಡಿ ಬರುವ ಪ್ರಾಧಿಕಾರಗಳು,Authorities under the silk department,ಚೌಡರೆಡ್ಡಿ ತೂಪಲ್ಲಿ .ಆರ್,Chowdareddy Tupalli R
3956,06/06/2017,ತೋಟಗಾರಿಕೆ,Gardening,ತೋಟಗಾರಿಕೆ ಇಲಾಖೆಯ ಯೋಜನೆಗಳು,Horticulture Department's Plans,ಧರ್ಮಸೇನ .ಆರ್,Dharmasena R
3957,06/06/2017,ಕೃಷಿ,Farming,ಕೃಷಿ ಭಾಗ್ಯ ಯೋಜನೆ,Agricultural Budget Scheme,ಧರ್ಮಸೇನ .ಆರ್,Dharmasena R
3958,06/06/2017,ಸ್ಥಳೀಯ ಸಂಸ್ಥೆ,Local organization,ಸ್ಥಳೀಯ ಸಂಸ್ಥೆಗಳ ಅಭಿವೃದ್ಧಿ,Development of Local Organizations,ಧರ್ಮಸೇನ್.ಆರ್.,Dharmasena R
3959,07/06/2017,ಕಂದಾಯ,Revenue,ಜಿಲ್ಲಾ ಸಂಕೀರ್ಣ ನಿರ್ಮಾಣ ಮಾಡುವ ಬಗ್ಗೆ,About building a District Complex,ಬೋಸ್‌ರಾಜು .ಎನ್.ಎಸ್,Bosaraju N S
3960,07/06/2017,ಮುಜರಾಯಿ,Muzarai,ದೇವಸ್ಥಾನಗಳಿಗೆ ಮೂಲಭೂತ ಸೌಕರ್ಯ ಒದಗಿಸುವ ಬಗ್ಗೆ ಕುರಿತು,About providing infrastructure to temples,ಭಾನುಪ್ರಕಾಶ,Bhanu Prakasha
3961,07/06/2017,ಮುಜರಾಯಿ,Muzarai,ಹೊರ ರಾಜ್ಯಗಳಲ್ಲಿರುವ ಮುಜರಾಯಿ ಇಲಾಖೆಯ ಛತ್ರಗಳ ಗುಣಮಟ್ಟದ ಬಗ್ಗೆ,About the quality of the muzarai department's outer states,ಸುನೀಲ್ ಸುಬ್ರಮಣಿ .ಎಂ.ಪಿ,Sunil Subramani M P
3962,07/06/2017,ಕಂದಾಯ,Revenue,ಕಾವೇರಿ ನದಿಯ ಒತ್ತುವರಿ ತೆರವುಗೊಳಿಸಿ ಬದಲಿ ವ್ಯವಸ್ಥೆ ಕಲ್ಪಿಸುವ ಬಗ್ಗೆ,About the Cauvery River Enclosure Clear Replacement System,ಸುನೀಲ್ ಸುಬ್ರಮಣಿ .ಎಂ.ಪಿ,Sunil Subramani M P
3963,07/06/2017,ಅರಣ್ಯ,Forest,ಕೊಡಗು ಜಿಲ್ಲೆಯಲ್ಲಿನ ಆನೆ ದಾಳಿ ಮತ್ತು ಹುಲಿ ದಾಳಿಗಳ ಬಗ್ಗೆ,About elephant attacks and tiger attacks in Kodagu district,ಸುನೀಲ್ ಸುಬ್ರಮಣಿ .ಎಂ.ಪಿ,Sunil Subramani M P
3964,07/06/2017,ಕಂದಾಯ,Revenue,ರಾಜ್ಯದಲ್ಲಿರುವ ಭೂ ಮಾಪಕರ ಕಾರ್ಯಗಳಲ್ಲಿ ಲೋಪ ಹಾಗೂ ಕಾರ್ಯಗಳ ಬಗ್ಗೆ,About omissions and actions in the activities of the landowners in the state,ಸುನೀಲ್ ಸುಬ್ರಮಣಿ .ಎಂ.ಪಿ,Sunil Subramani M P
3965,07/06/2017,ಕಂದಾಯ,Revenue,ರಾಜ್ಯದಲ್ಲಿನ ಕಂದಾಯ ಭೂಮಿಗಳ ಸರ್ವೆ ಕಾರ್ಯ ಮಾಡುವ ಬಗ್ಗೆ,About Revenue Survey Surveys in the State,ಸುನೀಲ್ ಸುಬ್ರಮಣಿ .ಎಂ.ಪಿ,Sunil Subramani M P
3966,07/06/2017,ಯುವ ಸಬಲೀಕರಣ ಮತ್ತು ಕ್ರೀಡಾ,Youth empowerment and sport,ಹಾವೇರಿ ಜಿಲ್ಲೆಯ ಹಿರೇಕೆರೂರು ತಾಲ್ಲೂಕಿನ ಕ್ರೀಡಾಂಗಣ ಮತ್ತು ಅಲ್ಲಿ ಕೈಗೊಂಡಿರುವ ಒಳ ಕ್ರೀಡಾಂಗಣ ಕಾಮಗಾರಿ ಕುರಿತು,Stadium in Hirekeraru taluk in Haveri district and on the inner stadium construction there,ಸಂಕನೂರ .ಎಸ್.ವ್ಹಿ,Sankanura S V
3967,07/06/2017,ಮಧ್ಯಮ,Moderate,ನೂತನ ನೀರಾವರಿ ಯೋಜನೆ ಮತ್ತು ಅನುಷ್ಠಾನದ ಬಗ್ಗೆ,About the new irrigation project and implementation,ಸೋಮಣ್ಣ .ವಿ,Somanna V
3968,07/06/2017,ಕಂದಾಯ,Revenue,ತೀವ್ರ ಬರಗಾಲದಿಂದ ಉಂಟಾಗಿರುವ ಮೇವು ಸಮಸ್ಯೆ ಮತ್ತು ಪರಿಹಾರ ಕುರಿತು,About fodder problems and relief from severe drought,ಸೋಮಣ್ಣ .ವಿ,Somanna V
3969,07/06/2017,ಅರಣ್ಯ,Forest,ವನ್ಯ ಜೀವಿಗಳು ರೈತರ ಹೊಲಗಳಿಗೆ ಬರದಂತೆ ತಡೆಯುವ ಬಗ್ಗೆ,About preventing wildlife from falling into the fields of farmers,ಸೋಮಣ್ಣ ಮ ಬೇವಿನಮರದ,Samanna Ma Bevinamara
3970,07/06/2017,ಸಣ್ಣನೀರಾವರಿ,Small irrigation,ರಾಜ್ಯದಲ್ಲಿ ಕೆರೆಗಳ ಹೂಳೆತ್ತುವ ಬಗ್ಗೆ,About the dredging of lakes in the state,ಸೋಮಣ್ಣ ಮ ಬೇವಿನಮರದ,Samanna Ma Bevinamara
3971,07/06/2017,ಮೀನುಗಾರಿಕೆ,Fishing,ರೈತರು ಮೀನುಗಾರಿಕೆ ಕೃಷಿ ಮಾಡುವ ಬಗ್ಗೆ,Farmers are about fishing farming,ಸೋಮಣ್ಣ ಮ ಬೇವಿನಮರದ,Samanna Ma Bevinamara
3972,07/06/2017,ಕಂದಾಯ,Revenue,ಹಾವೇರಿ ಜಿಲ್ಲೆಯಲ್ಲಿ ಅಕ್ರಮ-ಸಕ್ಕರಮ ಯೋಜನೆಯ ಬಗ್ಗೆ,About the illegal-Sakkaram project in Haveri district,ಸೋಮಣ್ಣ ಮ ಬೇವಿನಮರದ,Samanna Ma Bevinamara
3973,07/06/2017,ಕಂದಾಯ,Revenue,ಡಿ-ನೋಟಿಫಿಕೇಷನ್ ಬಗ್ಗೆ,About de-notification,ಸೋಮಣ್ಣ ಮ ಬೇವಿನಮರದ,Samanna Ma Bevinamara
3974,07/06/2017,ಕಂದಾಯ,Revenue,ಪಹಣಿಯ ಕುರಿತು,About caution,ನಾರಾಯಣಸ್ವಾಮಿ .ಎಂ,Narayanaswamy M
3975,07/06/2017,ಕಂದಾಯ,Revenue,ಭೂಮಾಪಕರ ಹುದ್ದೆಗಳ ಕುರಿತು,About Earthquake Posts,ನಾರಾಯಣಸ್ವಾಮಿ .ಎಂ,Narayanaswamy M
3976,07/06/2017,ಕಾರ್ಮಿಕ,Labor,ಕಾರ್ಖಾನೆಯಲ್ಲಿ ದುಡಿಯುತ್ತಿರುವ ಮಹಿಳೆಯರ ಬಗ್ಗೆ,About women working in the factory,ನಾರಾಯಣಸ್ವಾಮಿ .ಎಂ,Narayanaswamy M
3977,07/06/2017,ಮುಜರಾಯಿ,Muzarai,ಜವಳಿ ಪಾರ್ಕ್‌ಗಳ ಬಗ್ಗೆ,About Textile Parks,ನಾರಾಯಣಸ್ವಾಮಿ .ಎಂ,Narayanaswamy M
3978,07/06/2017,ಭಾರಿ ಮತ ಮದ್ಯಮ ನೀರಾವರಿ,Massive vote medium irrigation,ಮಾಧವ ಮಂತ್ರಿ ಅಣೆಕಟ್ಟಿನ ದುರಸ್ತಿ,Madhava mining dam repair,ನಾಗರಾಜ್ .ಎಸ್,Nagaraja S
3979,07/06/2017,ಭಾರಿ ಮತ ಮದ್ಯಮ ನೀರಾವರಿ,Massive vote medium irrigation,ಚಾಮರಾಜನಗರ ಜಿಲ್ಲೆಯ ಕೆರೆಗಳಿಗೆ ನೀರು ತುಂಬಿಸುವುದು,Watering lakes in the Chamarajanagar district,ನಾಗರಾಜ್ .ಎಸ್,Nagaraja S
3980,07/06/2017,ಮುಜರಾಯಿ,Muzarai,ಚಾಮರಾಜೇಶ್ವರಿ ದೇವಾಲಯದ ಜೀರ್ನೋದ್ಧಾರದ ಬಗ್ಗೆ,About the Embroidery of the Chamarajeshwari Temple,ನಾಗರಾಜ್ .ಎಸ್,Nagaraja S
3981,07/06/2017,ನೀರಾವರಿ,Irrigation,ನೀರಿನ ಸಂಗ್ರಹಣೆ ಬಗ್ಗೆ,About water storage,ನಿರಾಣಿ ಹಣಮಂತ್ ರುದ್ರಪ್ಪ,Nirani Hanumanth Rudrappa
3982,07/06/2017,ಭಾರಿ ಮತ ಮದ್ಯಮ ನೀರಾವರಿ,Massive vote medium irrigation,ಆಲಮಟ್ಟಿ ಜಲಾಶಯದಿಂದ ಅವೈಜ್ಞಾನಿಕವಾಗಿ ನೀರನ್ನು ಬಿಟ್ಟಿರುವ ಬಗ್ಗೆ,About watering the water from the Alamatti reservoir,ನಿರಾಣಿ ಹಣಮಂತ್ ರುದ್ರಪ್ಪ,Nirani Hanumanth Rudrappa
3983,07/06/2017,ಭಾರಿ ಮತ ಮದ್ಯಮ ನೀರಾವರಿ,Massive vote medium irrigation,ಜಲಾಶಯಗಳ ನೀರಿನ ಮಟ್ಟ,Water level of reservoirs,ನಿರಾಣಿ ಹಣಮಂತ್ ರುದ್ರಪ್ಪ,Nirani Hanumanth Rudrappa
3984,07/06/2017,ಕಂದಾಯ,Revenue,ಗಶಾಲೆಗಳ ಬಗ್ಗೆ,About the garches,ನಿರಾಣಿ ಹಣಮಂತ್ ರುದ್ರಪ್ಪ,Nirani Hanumanth Rudrappa
3985,07/06/2017,ಭಾರಿ ಮತ ಮದ್ಯಮ ನೀರಾವರಿ,Massive vote medium irrigation,ಜಲಾಶಯದಲ್ಲಿ ನೀರಿನ ಸಂಗ್ರಹಣೆ,Water storage in the reservoir,ನಿರಾಣಿ ಹಣಮಂತ್ ರುದ್ರಪ್ಪ,Nirani Hanumanth Rudrappa
3986,07/06/2017,ಮಧ್ಯಮ ನೀರಾವರಿ,Medium irrigation,ಕೆರೆಗಳಿಗೆ ನೀರುಣಿಸುವ ಕುರಿತು,About watering the lakes,ಪ್ರದೀಪ್ ಶೆಟ್ಟರ್,Pradeep Shettar
3987,07/06/2017,ಕಂದಾಯ,Revenue,ರಾಷ್ಟ್ರೀಯ ಕುಟುಂಬ ನೆರವು ಯೋಜನೆ,National Family Assistance Scheme,ಪ್ರದೀಪ್ ಶೆಟ್ಟರ್,Pradeep Shettar
3988,07/06/2017,ಸಣ್ಣನೀರಾವರಿ,Small irrigation,ಕೆರೆ ನಿರ್ಮಾಣ ಮಾಡುವ ಕುರಿತು,About building a lake,ಪ್ರದೀಪ್ ಶೆಟ್ಟರ್,Pradeep Shettar
3989,07/06/2017,ಮುಜರಾಯಿ,Muzarai,ದವಸ್ಥಾನಗಳ ವ್ಯವಸ್ಥಾಪನಾ ಸಮಿತಿಗಳ ಕುರಿತು,About Dissociation Management Committees,ಪ್ರದೀಪ್ ಶೆಟ್ಟರ್,Pradeep Shettar
3990,07/06/2017,ಕಂದಾಯ,Revenue,ಪಹಣಿ ಪತ್ರಗಳನ್ನು ಪಡೆಯುವ ಕುರಿತು,About receiving papers,ಪ್ರದೀಪ್ ಶೆಟ್ಟರ್,Pradeep Shettar
3991,07/06/2017,ಕಂದಾಯ,Revenue,ನೋಂದಾಣಾಧಿಕಾರಿಗಳ ಕಛೇರಿಗಳ ಕುರಿತು,About Officers' Offices,ಪ್ರಾಣೇಶ್ .ಎಂ.ಕೆ,Pranesha M K
3992,07/06/2017,ಕಂದಾಯ,Revenue,ಹೇಮಾವತಿ ಜಲಾಶಯ ಯೋಜನೆಯಲ್ಲಿ ನಿರಾಶ್ರಿತರ ಕುರಿತು,About refugees in the Hemavathi reservoir project,ಪ್ರಾಣೇಶ್ .ಎಂ.ಕೆ,Pranesha M K
3993,07/06/2017,ಮುಜರಾಯಿ,Muzarai,ರಾಜ್ಯದ ದೇವಸ್ಥಾನಗಳ ಕುರಿತು,About State Temples,ಪ್ರಾಣೇಶ್ .ಎಂ.ಕೆ,Pranesha M K
3994,07/06/2017,ಕಂದಾಯ,Revenue,ಭೂ ಕಂದಾಯ ೧೯೬೪ ರಡಿ ದಾಖಲಾಗಿರುವ ಅರ್ಜಿಗಳ ಬಗ್ಗೆ,Registration of applications filed under Land Revenue 1964,ಪ್ರಾಣೇಶ್ .ಎಂ.ಕೆ,Pranesha M K
3995,07/06/2017,ಭಾರಿ ಮತ ಮದ್ಯಮ ನೀರಾವರಿ,Massive vote medium irrigation,ವಾರಾಹಿ ನೀರಾವರಿ ಯೋಜನೆಯ ಭೂ ಸ್ವಾಧೀನತೆಯ ಅವಶ್ಯಕತೆಯ ಕುರಿತು,About the Land Acquisition of the Varahi Irrigation Project,ಪ್ರತಾಪಚಂದ್ರ ಶೆಟ್ಟಿ .ಕೆ,Pratapachandra Shetty K
3996,07/06/2017,ಭಾರಿ ಮತ ಮದ್ಯಮ ನೀರಾವರಿ,Massive vote medium irrigation,ವಾರಾಹಿ ಯೋಜನೆಯನ್ನು ಕಾಲಮಿತಿಯಲ್ಲಿ ಪೂರ್ಣಗೊಳಿಸುವ ಕುರಿತು,About completing the Varahi project over time,ಪ್ರತಾಪಚಂದ್ರ ಶೆಟ್ಟಿ .ಕೆ,Pratapachandra Shetty K
3997,07/06/2017,ಕಂದಾಯ,Revenue,ದಕ್ಷಿಣ ಕನ್ನಡ ಜಿಲ್ಲೆಯ ಅಕ್ರಮ ಸಕ್ರಮ ಸಮಿತಿಯ ಸಭೆ ಕುರಿತು,About Meeting of the Illegal Secretariat Committee in Dakshina Kannada District,ಪ್ರತಾಪಚಂದ್ರ ಶೆಟ್ಟಿ .ಕೆ,Pratapachandra Shetty K
3998,07/06/2017,ಕಂದಾಯ,Revenue,ಉಡುಪಿ ಜಿಲ್ಲೆಯ ಅಕ್ರಮ ಸಕ್ರಮ ಸಮಿತಿಯ ಸಭೆ ಕುರಿತು,About Meeting of the illegal legal committee in Udupi district,ಪ್ರತಾಪಚಂದ್ರ ಶೆಟ್ಟಿ .ಕೆ,Pratapachandra Shetty K
3999,07/06/2017,ಸಣ್ಣನೀರಾವರಿ,Small irrigation,ಹಮ್ಮಾಡಿ ಕಟ್ ಬಂಟ್ವಾಡಿಯಲ್ಲಿರುವ ಉಪ್ಪು ನೀರು ತಡೆ ಕಿಂಡಿ ಅಣೆಕಟ್ಟೆಯ ಕುರಿತು,The salt water barrier canal dam on the Hammadi Cut Bantwada,ಪ್ರತಾಪಚಂದ್ರ ಶೆಟ್ಟಿ .ಕೆ,Pratapachandra Shetty K
4000,07/06/2017,ಕಾರ್ಮಿಕ,Labor,ಕಾರ್ಮಿಕರ ಕಲ್ಯಾಣ ಕುರಿತು,About Labor Welfare,ಪುಟ್ಟಸ್ವಾಮಿ .ಬಿ.ಜೆ,Puttaswamy B J
4001,07/06/2017,ಕಂದಾಯ,Revenue,ಭದ್ರತಾ ಯೋಜನೆಗಳ ಬಗ್ಗೆ,About Security Plans,ಪುಟ್ಟಸ್ವಾಮಿ .ಬಿ.ಜೆ,Puttaswamy B J
4002,07/06/2017,ಸಣ್ಣನೀರಾವರಿ,Small irrigation,ಸಣ್ಣ ನೀರಾವರಿ ಯೋಜನೆಗಳ ಬಗ್ಗೆ,About Small Irrigation Projects,ಪುಟ್ಟಸ್ವಾಮಿ .ಬಿ.ಜೆ,Puttaswamy B J
4003,07/06/2017,ಕರ್ಮಿಕ,The work,ಕಾರ್ಮಿಕರ ಕನಿಷ್ಠ ವೇತನದ ಬಗ್ಗೆ,About the minimum wage of workers,ಶರವಣ .ಟಿ.ಎ,Sharavana T A
4004,07/06/2017,ಅರಣ್ಯ,Forest,ವಿದ್ಯುತ್ ಆಘಾತದಿಂದ ಪ್ರಾಣಿಗಳು ಸಾವನ್ನಪ್ಪುತ್ತಿರುವ ಬಗ್ಗೆ,About the death of animals due to electric shock,ಶರವಣ .ಟಿ.ಎ,Sharavana T A
4005,07/06/2017,ಅರಣ್ಯ,Forest,ಪ್ರಾಣಿಗಳ ಅನುಮಾನಸ್ಪದ ಸಾವಿನ ಬಗ್ಗೆ,About the suspicious death of animals,ಶರವಣ .ಟಿ.ಎ,Sharavana T A
4006,07/06/2017,ಮುಜರಾಯಿ,Muzarai,ತಿರುಮಲ- ತಿರುಪತಿಯ ಕರ್ನಾಟಕ ಜಾಗದ ಬಗ್ಗೆ,About Tirumala Tirupati Karnataka,ಶರವಣ .ಟಿ.ಎ,Sharavana T A
4007,07/06/2017,ಮುಜರಾಯಿ,Muzarai,ಶ್ರೀ ಕಾರಂಜಿ ಆಚಿಜನೇಯಸ್ವಾಮಿ ದೇವಾಲಯದಲ್ಲಿ ಸಮುದಾಯ ಭವನ ನಿರ್ಮಾಣ ಬಗ್ಗೆ,About building a community hall at Sri Karanji Achanheneswamy Temple,ಶರವಣ .ಟಿ.ಎ,Sharavana T A
4008,07/06/2017,ಕಂದಾಯ,Revenue,ಸರ್ಕಾರದಿಂದ ಸಂಘ ಸಂಸ್ಥೆಗಳಿಗೆ ಮಂಜೂರಾದ ಜಮೀನು ಬಗ್ಗೆ,About the land sanctioned by the government by the Association,ವೀರಯ್ಯ .ಡಿ.ಎಸ್,Veerayya D S
4009,07/06/2017,ಸಣ್ಣನೀರಾವರಿ,Small irrigation,ಕರ್ನಾಟಕ ಭೂಸುಧಾರಣೆ ಕಾಯ್ದೆ ಅನುಷ್ಠಾನ ಕುರಿತು,About the implementation of Karnataka Land Reforms Act,ವೀರಯ್ಯ .ಡಿ.ಎಸ್,Veerayya D S
4010,07/06/2017,ಸಣ್ಣನೀರಾವರಿ,Small irrigation,ಕೆರೆಗಳ ಹೂಳೆತ್ತುವ ಕಾಮಗಾರಿಗೆ ನಿಗಧಿಪಡಿಸಿದ ಅನುದಾನದ ಬಗ್ಗೆ,Provision of fixed deposits for lakes and ponds,ವೀರಯ್ಯ .ಡಿ.ಎಸ್,Veerayya D S
4011,07/06/2017,ಅರಣ್ಯ,Forest,ಸರ್ಕಾರಿ ಜಮೀನನ್ನು ಅರಣ್ಯ ಇಲಾಖೆಗೆ ನೀಡುವ ಕುರಿತು,About granting government land to the Forest Department,ವೀರಯ್ಯ .ಡಿ.ಎಸ್,Veerayya D S
4012,07/06/2017,ಯುವ ಸಬಲೀಕರಣ ಮತ್ತು ಕ್ರೀಡಾ,Youth empowerment and sport,ಕೊಡಗು ಜಿಲ್ಲೆಯಲ್ಲಿರುವ ಹಾಕಿ ಪ್ರತಿಭೆಗಳನ್ನು ಪ್ರೋತ್ಸಾಹಿಸುವ ಕುರಿತು,About encouraging hockey talent in Kodagu district,ವೀಣಾ ಅಚ್ಚಯ್ಯ .ಎಸ್,Veena achchaiah S
4013,07/06/2017,ಮೀನುಗಾರಿಕೆ,Fishing,ಕೊಡಗು ಜಿಲ್ಲೆಯಲ್ಲಿ ಮೀನುಗಾರಿಕೆ ಅಭಿವೃದ್ಧಿ ಕುರಿತು,About fishing development in Kodagu district,ವೀಣಾ ಅಚ್ಚಯ್ಯ .ಎಸ್,Veena achchaiah S
4014,07/06/2017,ಮುಜರಾಯಿ,Muzarai,ಕೊಡಗು ಜಿಲ್ಲೆಯ ಮುಜರಾಯಿ ದೇವಸ್ಥಾನಗಳ ಕುರಿತು,About Muzarai Temples in Kodagu District,ವೀಣಾ ಅಚ್ಚಯ್ಯ .ಎಸ್,Veena achchaiah S
4015,07/06/2017,ಅರಣ್ಯ,Forest,ಕೊಡಗು ಜಿಲ್ಲೆಯ ಜೀವವೈವಿದ್ಯತೆ ಸಂರಕ್ಷಣೆ ಕುರಿತು,About Conservation of Biodiversity in Kodagu District,ವೀಣಾ ಅಚ್ಚಯ್ಯ .ಎಸ್,Veena achchaiah S
4016,07/06/2017,ಸಣ್ಣನೀರಾವರಿ,Small irrigation,ಕೊಡಗು ಜಿಲ್ಲೆಯ ಸಣ್ಣ ನೀರಾವರಿ ಇಲಾಖೆ ವ್ಯಾಪ್ತಿಯ ಕೆರೆಗಳ ಹೂಳು ತೆಗೆಯುವ ಕುರಿತು,About the sinking of lakes in the small irrigation department of Kodagu district,ವೀಣಾ ಅಚ್ಚಯ್ಯ .ಎಸ್,Veena achchaiah S
4017,07/06/2017,ಕಂದಾಯ,Revenue,ಮೋಜಣಿ ಕಾರ್ಯದ ಬಗ್ಗೆ,About Fun Work,ಬಸವನಗೌಡ ಆರ್ ಪಾಟೀಲ್,Basanagowda R Patil
4018,07/06/2017,ಕಂದಾಯ,Revenue,ಸಾಮಾಜಿಕ ಭದ್ರತೆ ಯೋಜನೆ ಅನುಷ್ಠಾನದ ಬಗ್ಗೆ,About Social Security Scheme Implementation,ಲಕ್ಷ್ಮೀನಾರಾಯಣ .ಎಂ.ಡಿ,Lakshmi Narayana MD
4019,07/06/2017,ಮುಜರಾಯಿ,Muzarai,ನೇಕಾರ ಸಮುದಾಯಗಳು ಎದುರುಸುತ್ತಿರುವ ಸಮಸ್ಯೆ ಬಗ್ಗೆ,About the problem facing weavers communities,ಲಕ್ಷ್ಮೀನಾರಾಯಣ .ಎಂ.ಡಿ,Lakshmi Narayana MD
4020,07/06/2017,ಮುಜರಾಯಿ,Muzarai,ಬೆಂಗಳೂರು ನಗರದಲ್ಲಿ ಶ್ರೀ ದೇವರ ದಾಸಿಮಯ್ಯ ಜವಳಿ ಡಿಪ್ಲೋಮಾ ಕಾಲೇಜು ಸ್ಥಾಪನೆ ಬಗ್ಗೆ,"About the establishment of Textile Diploma College in Dasiamayya, Sri",ಲಕ್ಷ್ಮೀನಾರಾಯಣ .ಎಂ.ಡಿ,Lakshmi Narayana MD
4021,07/06/2017,ಕಂದಾಯ,Revenue,ಗಣಕ ಯಂತ್ರಗಳ ಬಗ್ಗೆ,About computer machines,ಲಕ್ಷ್ಮೀನಾರಾಯಣ .ಎಂ.ಡಿ,Lakshmi Narayana MD
4022,07/06/2017,ಜವಳಿ,Textile,ರಾಜ್ಯದ ನೇಕಾರರಿಗೆ ಕೇಂದ್ರ ಸರ್ಕಾರದ ಯೋಜನೆಯ ಬಗ್ಗೆ,The state government's plan for the central government's plan,ಲಕ್ಷ್ಮೀನಾರಾಯಾಣ .ಎಂ.ಡಿ,Lakshmi Narayana MD
4023,07/06/2017,ಸಣ್ಣನೀರಾವರಿ,Small irrigation,ಸಣ್ಣ ನೀರಾವರಿ ವ್ಯಾಪ್ತಿಯ ಕೆರೆಗಳ ಬಗ್ಗೆ,About small irrigation ranges lakes,ಶ್ರೀಕಂಠೇಗೌಡ .ಕೆ.ಟಿ,Srikantegowda KT
4024,07/06/2017,ಸಣ್ಣನೀರಾವರಿ,Small irrigation,ಮಂಡ ಜಿಲ್ಲೆಯ ಬಿಂಡೇನಹಳ್ಳಿ ಕೆರೆ ಒತ್ತುವರಿ ಬಗ್ಗೆ,About Bindenahalli Lake Enclosure in Mandal District,ಶ್ರೀಕಂಠೇಗೌಡ .ಕೆ.ಟಿ,Srikantegowda KT
4025,07/06/2017,ಸಣ್ಣನೀರಾವರಿ,Small irrigation,ಮಂಡ್ಯ ಜಿಲ್ಲೆಯ ಬೋಳಾರೆ ಕೆರೆ ಒತ್ತುವರಿ ಬಗ್ಗೆ,About the Boere Lake Enclosure in Mandya district,ಶ್ರೀಕಂಠೇಗೌಡ .ಕೆ.ಟಿ,Srikantegowda KT
4026,07/06/2017,ಭಾರಿ ಮತ ಮದ್ಯಮ ನೀರಾವರಿ,Massive vote medium irrigation,ಮದ್ದೂರು ತಾಲ್ಲೂಕು ಕೊಪ್ಪ ಹೋಬಳಿ ಶ್ರೀ ಶಿಂಆನಾಲಾ ರೈತ ಹಿತರಕ್ಷಣಾ ಸಮಿತಿರವರ ಮನವಿ ಬಗ್ಗೆ,About the appeal of the Madurai Taluk Koppa Hobli Sri Shimanalai Farita Hitarakshana Samiti,ಶ್ರೀಕಂಠೇಗೌಡ .ಕೆ.ಟಿ,Srikantegowda KT
4027,07/06/2017,ಕಂದಾಯ,Revenue,"ಮೈಸೂರು ಜಿಲ್ಲೆ, ದ್ಯಾವನಹಳ್ಳಿಯಲ್ಲಿ ಬೆಂಕಿಯಿಂದ ಮೃತಪಟ್ಟ ಬಾಲಕನ ಬಗ್ಗೆ","About a boy who died in fire in Davanahalli, Mysore district",ಮಾನೆ ಶ್ರೀನಿವಾಸ್,Mane Srinivas
4028,07/06/2017,ಸಣ್ಣನೀರಾವರಿ,Small irrigation,ಸಣ್ಣ ನೀರಾವರಿ ಇಲಾಖೆಯಿಂದ ಪರಿಶಿಷ್ಟರಿಗೆ ಜಾತಿ/ಪರಿಶಿಷ್ಠ ಪಂಗಡದ ಕುಟುಂಬಗಳಿಗೆ ಕೊಳವೆ ಬಾವಿ ಕೊರೆಸುವ ಬಗ್ಗೆ,About Small Scrap Irrigation Department for Scheduled Castes / Scheduled Tribe Families,ಮೋಟಮ್ಮ,Motamma
4029,07/06/2017,ಮೀನುಗಾರಿಕೆ,Fishing,ಚಿಕ್ಕಮಗಳೂರು ಜಿಲ್ಲೆಯಲ್ಲಿ ಮೀನುಗಾರರ ಅಭಿವೃದ್ಧಿಯ ಬಗ್ಗೆ,About Fisheries Development in Chikkamagaluru District,ಮೋಟಮ್ಮ,Motamma
4030,07/06/2017,ಕಂದಾಯ,Revenue,"ಹೈದ್ರಾಬಾದ್-ಕರ್ನಾಟಕ ಭಾಗದ ಅಭೈಥಿಗಳಿಗೆ ""ಅರ್ಹತಾ ಪ್ರಮಾಣ ಪತ್ರ""ದ ಬಗ್ಗೆ","About ""Eligibility Certificate"" for the candidates of Hyderabad-Karnataka",ಅಮರನಾಥ ಪಾಟೀಲ್,Amaranatha Patil
4031,07/06/2017,ಕರ್ಮಿಕ,The work,ಬಾಲ ಕಾರ್ಮಿಕ ಪದ್ಧತಿ ಕುರಿತು,About child labor,ಜಯಮಾಲ ರಾಮಚಂದ್ರ,Jayamala Ramachandra
4032,07/06/2017,ಮೀನುಗಾರಿಕೆ,Fishing,ಮೀನುಮರಿ ಉತ್ಪಾದನಾ ಮತ್ತು ಪಾಲನಾ ಕೇಂದ್ರಗಳ ವಿವರ,Detail of Fisheries Production and Care Centers,ಜಯಮಾಲ ರಾಮಚಂದ್ರ,Jayamala Ramachandra
4033,07/06/2017,ಕಾರ್ಮಿಕ,Labor,ಬಾಲ ಕಾರ್ಮಿಕರ ಪುನರ್ವಸತಿ ಶಾಲೆಗಳ ಕುರಿತು,About Child Labor Rehabilitation Schools,ಜಯಮಾಲ ರಾಮಚಂದ್ರ,Jayamala Ramachandra
4034,07/06/2017,ಮೀನುಗಾರಿಕೆ,Fishing,ಮೀನುಗಾರಿಕೆ ಸಹಕಾರ ಸಂಘಗಳ ವಿವರ,Details of Fisheries Co-operative Societies,ಜಯಮಾಲ ರಾಮಚಂದ್ರ,Jayamala Ramachandra
4035,07/06/2017,ಕಂದಾಯ,Revenue,ಕಲಬುರಗಿ ಜಿಲ್ಲೆಯ ಬUರ್ ಹುಕುಂ ಸಾಗುವಳಿ ಸಕ್ರಮೀಕರಣದ ಬಗ್ಗೆ,About the Origination of Bauer Hukum cultivation in Kalubaragi district,ಇಕ್ಬಾಲ್ ಅಹಮದ್ ಸರಡಗಿ,Ikbal Ahmad Sadaragi
4036,07/06/2017,ಸಣ್ಣನೀರಾವರಿ,Small irrigation,ಕಲಬುರಗಿ ಜಿಲ್ಲೆಯ ಕೆರೆಗಳ ಅಭಿವೃದ್ಧಿ ಸಂಬಂಧಿಸಿದಂತೆ,Regarding the development of lakes in the artificial district,ಇಕ್ಬಾಲ್ ಅಹಮದ್ ಸರಡಗಿ,Ikbal Ahmad Sadaragi
4037,07/06/2017,ಸಣ್ಣನೀರಾವರಿ,Small irrigation,ಮುಧೋಳ ತಾಲ್ಲೂಕಿನ ಕೆರೆ ಅಭಿವೃದ್ಧಿ ಬಗ್ಗೆ,About Lake Development in Mudhol Taluk,ರಾಮಪ್ಪ ತಿಮ್ಮಾಪೂರ,Ramappa Timmapura
4038,07/06/2017,ಸಣ್ಣನೀರಾವರಿ,Small irrigation,ಕೆರೆಗಳ ಅಭಿವೃದ್ಧಿ ಬಗ್ಗೆ,About the development of lakes,ರಾಮಪ್ಪ ತಿಮ್ಮಾಪೂರ,Ramappa Timmapura
4039,07/06/2017,ಕಂದಾಯ,Revenue,ಮುದೋಳ ತಾಲ್ಲೂಕಿನ ಬೆಳಗಲಿ ಗ್ರಾಮ ಕಂದಾಯ ಭೂಮಿ ಬಗ್ಗೆ,About Belgaum village revenue land in Mudhol taluk,ರಾಮಪ್ಪ ತಿಮ್ಮಾಪೂರ,Ramappa Timmapura
4040,07/06/2017,ಅರಣ್ಯ,Forest,ಅರಣ್ಯ ವಾಸಿಗಳಗೆ Uಸ್ ಕಿಟ್ ನೀಡುವ ಬಗ್ಗೆ,About giving U's kit for forest dwellers,ರಾಮಪ್ಪ ತಿಮ್ಮಾಪೂರ,Ramappa Timmapura
4041,07/06/2017,ಕಾರ್ಮಿಕ,Labor,ದಕ್ಷಿಣ ಕನಡ ಜಿಲ್ಲೆಯ ಕಟ್ಟಡ ಮತ್ತು ಇತರ ನಿರ್ಮಾಣ ಕಾರ್ಮಿಕರಿಗೆ ಆದ ಸಮಸ್ಯೆ ಬಗ್ಗೆ,About the problem of building and other construction workers in South Kanada district,ರಾಮಪ್ಪ ತಿಮ್ಮಾಪೂರ,Ramappa Timmapura
4042,07/06/2017,ಮುಜರಾಯಿ,Muzarai,ಕೈಮಗ್ಗ ಅಭಿವೃದ್ಧಿ ನಿUಮವನ್ನು ವಿದ್ಯುತ್ ಮಗ್ಗ ಅಭಿವೃದ್ಧಿ ನಿUಮಕ್ಕೆ ವಿಲೀನಗೊಳಿಸದೆ ಅಭಿವೃದ್ಧಿ ಪಡಿಸುವ ಕುರಿತು,Improvement of handloom development with the development of the power plant in the developing world without merging,ರಮಚಂದ್ರಗೌಡ,Ramachandra Gowda
4043,07/06/2017,ಭಾರಿ ಮತ ಮದ್ಯಮ ನೀರಾವರಿ,Massive vote medium irrigation,"ನೀರು ಹರಿಸುತ್ತಿರುವ ಕಾಲುವೆಗಳು ಶಿಥಿಲಗೊಂಡಿದ್ದು, ಶೀಘ್ರ ದುರಸ್ಥಿಗೊಳಿಸುವ ಕುರಿತು",Watering canals are undermined and quick drainage,ರಮಚಂದ್ರಗೌಡ,Ramachandra Gowda
4044,07/06/2017,ಕಂದಾಯ,Revenue,ಅಯೋಧ್ಯಾ ನಗರ ಶಿವಾಚಾರ್ಯ ನಗರ್ತ ಜನಾಂಗದವರನ್ನು ಸೂಕ್ತ ಪ್ರವರ್ಗಕ್ಕೆ ಸೇರಿಸುವ ಕುರಿತು,Ayodhya city is about to introduce the people of Shivacharya to the appropriate species,ರಮಚಂದ್ರಗೌಡ,Ramachandra Gowda
4045,07/06/2017,ಮುಜರಾಯಿ,Muzarai,ಪ್ರಾಚೀನ ದೇವಸ್ಥಾನ ಅಭಿವೃದ್ಧಿ ಕಾರ್ಯವು ಅರ್ಧಕ್ಕೆ ನಿಂತಿದ್ದು ಪೂರ್ಣಗೊಳಿಸುವ ಕುರಿತು,About the completion of the ancient temple development work halfway up,ರಮಚಂದ್ರಗೌಡ,Ramachandra Gowda
4046,07/06/2017,ಸಣ್ಣನೀರಾವರಿ,Small irrigation,ಕೆರೆ ಹೊಳೆತ್ತುವ ಕಾಮಗಾರಿಗಳ ಬಗ್ಗೆ,About Lake Lakes,ರಮೇಶ ಬಾಬು,Ramesha Babu
4047,07/06/2017,ಮುಜರಾಯಿ,Muzarai,"ಸಿ” ಮತ್ತು ""ಡಿ"" ದರ್ಜೆ ಮುಜರಾಯಿ ದೇವಾಲಯಗಳ ಬಗ್ಗೆ","C ""and"" D ""in the dargah muzarai temples",ರಮೇಶ ಬಾಬು,Ramesha Babu
4048,07/06/2017,ಅರಣ್ಯ,Forest,ಸಾಮಾಜಿಕ ಮತ್ತು ಕೃಷಿ ಅರಣ್ಯ-ಅನುದಾನ ಇತರೆ ಬಗ್ಗೆ,Social and agricultural forestry grant,ರಮೇಶ ಬಾಬು,Ramesha Babu
4049,07/06/2017,ಕಂದಾಯ,Revenue,ಬರ ಪರಿಹಾರದಡಿ ಕಾಮಗಾರಿ ಅಭಿವೃದ್ಧಿ ಕುರಿತು,About development of works under drought relief,ರಮೇಶ ಬಾಬು,Ramesha Babu
4050,07/06/2017,ನೀರಾವರಿ,Irrigation,ಕೃಷ್ಣ ಮೇಲ್ದಂಡೆ ಯೋಜನೆ ೩ನೇ ಹಂತದ ಕಾಮಗಾರಿಗಳ ಬಗ್ಗೆ,About the 3rd phase of the Krishna Upenday project,ರಮೇಶ್ ಬಾಬು,Ramesha Babu
4051,07/06/2017,ಕಂದಾಯ,Revenue,ಸರ್ವೇಯರ್ ಹಾಗೂ ಸರ್ವೆ ಸೂಪರ್ ವೈಸರ್‌ಗಳ ಬಗ್ಗೆ,About Surveyor and Survey Super Viper,ರಘುನಾಥ ರಾವ್ ಮಲ್ಕಾಪೂರೆ,Raghunath Rao Malkapore
4052,07/06/2017,ಕಂದಾಯ,Revenue,ಸರ್ವೆ ಕಾರ್ಯ ಮಂದಗತಿಯಲ್ಲಿ ಸಾಗುತ್ತಿರುವ ಬಗ್ಗೆ,About the slowdown of the survey work,ರಘುನಾಥ ರಾವ್ ಮಲ್ಕಾಪೂರೆ,Raghunath Rao Malkapore
4053,07/06/2017,ಭಾರಿ ಮತ ಮದ್ಯಮ ನೀರಾವರಿ,Massive vote medium irrigation,ಭಾರಿ ಮತ್ತು ಮಧ್ಯಮ ನೀರಾವರಿ ಇಲಾಖೆಯಿಂದ ಕೈಗೊಂಡಿರುವ ಕಾಮಗಾರಿ ಬಗ್ಗೆ,About the work taken by the Department of Massive and Medium Irrigation,ರಘುನಾಥ ರಾವ್ ಮಲ್ಕಾಪೂರೆ,Raghunath Rao Malkapore
4054,07/06/2017,ಸಣ್ಣನೀರಾವರಿ,Small irrigation,ಜಿಲ್ಲೆಯ ಕೆರಗಳ ಅಭಿವೃದ್ಧಿ,Development of the district springs,ರಘುನಾಥ ರಾವ್ ಮಲ್ಕಾಪೂರೆ,Raghunath Rao Malkapore
4055,07/06/2017,ಕಾರ್ಮಿಕ,Labor,ಕಾರ್ಮಿಕ ನೈಪುಣ್ಯತೆ,Labor skills,ರೇವಣ್ಣ .ಹೆಚ್.ಎಂ,Revanna H M
4056,07/06/2017,ಸಣ್ಣನೀರಾವರಿ,Small irrigation,ಕೆರೆ ಅಭಿವೃದ್ಧಿ ಶ್ರೇಯೋಭಿವೃದ್ಧಿ ಯೋಜನೆ,Lake Development Strategy Project,ರೇವಣ್ಣ .ಹೆಚ್.ಎಂ,Revanna H M
4057,07/06/2017,ಮಧ್ಯಮ ನೀರಾವರಿ,Medium irrigation,ಕೃಷ್ಣ ಮೇಲ್ದಂಡೆ ಯೋಜನೆ ಬಗ್ಗೆ,About the Krishna Upstairs Project,ರೇವಣ್ಣ .ಹೆಚ್.ಎಂ,Revanna H M
4058,07/06/2017,ಯುವ ಸಬಲೀಕರಣ ಮತ್ತು ಕ್ರೀಡಾ,Youth empowerment and sport,ಕ್ರೀಡಾ ವಿದ್ಯಾರ್ಥಿ ನಿಲಯ,Sports student,ರೇವಣ್ಣ .ಹೆಚ್.ಎಂ,Revanna H M
4059,07/06/2017,ಸಣ್ಣ ನೀರಾವರಿ,Small irrigation,ಗ್ರಾಮಪಂಚಾಯಿತಿ ವ್ಯಾಪ್ತಿಯಲ್ಲಿ ಕೆರೆ-ಕುಂಟೆಗಳು,Lake-rugs in the village area,ಉಗ್ರಪ್ಪ .ವಿ.ಎಸ್,Ugrappa VS
4060,07/06/2017,ಭಾರಿ ಮತ ಮದ್ಯಮ ನೀರಾವರಿ,Massive vote medium irrigation,ಜಲಾಶಯಗಳ ನೀರಿನ ಪ್ರಮಾಣ,Water Reserves,ಉಗ್ರಪ್ಪ .ವಿ.ಎಸ್,Ugrappa VS
4061,07/06/2017,ಕಂದಾಯ,Revenue,ಬರ ಪೀಡಿತ ತಾಲ್ಲೂಕುಗಳ ಬಗ್ಗೆ,About drought affected taluks,ಉಗ್ರಪ್ಪ .ವಿ.ಎಸ್,Ugrappa VS
4062,07/06/2017,ಕಂದಾಯ,Revenue,ಗೋಶಾಲೆಗಳ ಬಗ್ಗೆ,About Goshels,ಉಗ್ರಪ್ಪ .ವಿ.ಎಸ್,Ugrappa VS
4063,07/06/2017,ಅರಣ್ಯ,Forest,ಅರಣ್ಯ ಪ್ರದೇಶದ ನಾಶ ಮತ್ತು ರಕ್ಷಣಾ ಕ್ರಮಗಳ ಬಗ್ಗೆ,About the destruction of forest areas and defense measures,ಉಗ್ರಪ್ಪ .ವಿ.ಎಸ್,Ugrappa VS
4064,07/06/2017,ಅರಣ್ಯ,Forest,ಅರಣ್ಯ ಪದೇಶದಲ್ಲಿ ದನಗಳನ್ನು ಮೇಯಿಸಲು ಅನುಮತಿ ನೀಡುವ ಬಗ್ಗೆ,About allowing cattle to feed on forest areas,ರಿಜ್ವಾನ್ ಅರ್ಷದ್,Rizwan Harshad
4065,07/06/2017,ಸಣ್ಣನೀರಾವರಿ,Small irrigation,ಪಶ್ಚಿಮವಾಹಿನಿ ಯೋಜನೆಯ ಬಗ್ಗೆ,About the Westwini Project,ಐವನ್ ಡಿ ಸೋಜಾ,Ivan Disoza
4066,07/06/2017,ಅರಣ್ಯ,Forest,ಕಸ್ತೂರಿ ರಂಗನ್ ವರದಿಯ ಶಿಫಾರಸ್ಸುಗಳನ್ನು ಅನುಷ್ಠಾನಗೊಳಿಸುವ ಬಗ್ಗೆ,Implementation of recommendations of the Kasturi Rangan report,ಐವನ್ ಡಿ ಸೋಜಾ,Ivan Disoza
4067,07/06/2017,ಕಂದಾಯ,Revenue,೯೪ಸಿಅನ್ನು ಮತ್ತು ೯೪ಸಿಸಿ ದಕ್ಷಿಣ ಕನ್ನಡ ಮತ್ತು ಉಡುಪಿ ಜಿಲ್ಲೆಗಳಲ್ಲಿ ಸ್ವೀಕರಿಸಿದ ಅರ್ಜಿಗಳ ಬಗ್ಗೆ,94 C and 94 CC applications received in Dakshina Kannada and Udupi districts,ಐವನ್ ಡಿ ಸೋಜಾ,Ivan Disoza
4068,07/06/2017,ಸಣ್ಣನೀರಾವರಿ,Small irrigation,ರಾಜ್ಯದಲ್ಲಿ ಕಾರ್ಯನಿರ್ವಹಿಸುತ್ತಿರುವ ಬಗ್ಗೆ,About working in the state,ಐವನ್ ಡಿ ಸೋಜಾ,Ivan Disoza
4069,07/06/2017,ಕಾರ್ಮಿಕ,Labor,ದಕ್ಷಿಣ ಕನ್ನಡ ಜಿಲ್ಲೆಯಲ್ಲಿ ಕಾರ್ಮಿಕರ ಭವನ ರಚಿಸುವ ಬಗ್ಗೆ,About creating a worker's house in Dakshina Kannada district,ಐವನ್ ಡಿ ಸೋಜಾ,Ivan Disoza
4070,07/06/2017,ಕಂದಾಯ,Revenue,ಬೆಳಗಾವಿ ಜಿಲ್ಲೆ ಚಿಕ್ಕೋಡಿ ತಾಲ್ಲೂಕಿನ ಗೋಶಾಲೆಗಳ ಮೂಲ ಸೌಲಭ್ಯಗಳಿಲ್ಲದೆ ನರಳುತ್ತಿರುವ ಬಗ್ಗೆ,Belgaum district is suffering from the lack of basic facilities of Gokhale in Chikkodi taluk,ಕವಟಗಿಮಠ ಮಹಂತೇಶ ಮಲ್ಲಿಕಾರ್ಜುನ,Kavatimata Mahantesha Mallikarjuna
4071,07/06/2017,ಅರಣ್ಯ,Forest,ಅರಣ್ಯ ಇಲಾಖೆಯು ಬೆಳಗಾವಿ ವಿಭಾಗದ ಅನುದಾನವನ್ನು ಹಿಂದಕ್ಕೆ ಪಡೆದಿರುವ ಬಗ್ಗೆ,The Forest Department has withdrawn the grant of Belgaum division,ಕವಟಗಿಮಠ ಮಹಂತೇಶ ಮಲ್ಲಿಕಾರ್ಜುನ,Kavatimata Mahantesha Mallikarjuna
4072,07/06/2017,ಕಂದಾಯ,Revenue,ಪ್ರಾಕೃತಿಕ ವಿಪತ್ತುಗಳನ್ನು ತಡೆಯುವಲ್ಲಿ ಕೈಗೊಂಡ ಮುಂಜಾಗ್ರತಾ ಕ್ರಮಗಳ ಬಗ್ಗೆ,About preventive measures taken to prevent natural disasters,ಕವಟಗಿಮಠ ಮಹಂತೇಶ ಮಲ್ಲಿಕಾರ್ಜುನ,Kavatimata Mahantesha Mallikarjuna
4073,07/06/2017,ಕಂದಾಯ,Revenue,ಜಮೀನಿನ ಹಕ್ಕು ಬದಲಾವಣೆ ಕೋರಿ ಬಂದಿರುವ ಅರ್ಜಿಗಳ ಬಗ್ಗೆ,Regarding applications for land transfer change,ಕಾಂತರಾಜು,Kantaraju
4074,07/06/2017,ಯುವ ಸಬಲೀಕರಣ ಮತ್ತು ಕ್ರೀಡಾ,Youth empowerment and sport,ತುಮಕೂರಿನಲ್ಲಿ ಕ್ರಿಕೆಟ್ ಕ್ರೀಡಾಂಗಣವನ್ನು ನಿರ್ಮಿಸುವ ಬಗ್ಗೆ,About building a cricket stadium in Tumkur,ಕಾಂತರಾಜು,Kantaraju
4075,07/06/2017,ಅರಣ್ಯ,Forest,ರಾಜ್ಯದಲ್ಲಿನ ಅರಣ್ಯದಂಚಿನ ನಿವಾಸಿಗಳ ಸೌಲಭ್ಯಗಳ ಬಗ್ಗೆ,About Forest Residents' Provides in the State,ಕಾಂತರಾಜು,Kantaraju
4076,07/06/2017,ಕಂದಾಯ,Revenue,ಕಂದಾಯ ಇಲಾಖೆಯ ಖಾಲಿ ಹುದ್ದೆಗಳನ್ನು ಶೀಘ್ರವಾಗಿ ನೇರ ನೇಮಕಾತಿ ಮೂಲಕ ಭರ್ತಿಮಾಡುವುದು,Immediate filling up of vacant posts vacant posts by direct recruitment,ಕೋಟ ಶ್ರೀನಿವಾಸ ಪೂಜಾರಿ,Kota Srinivasa Pujari
4077,07/06/2017,ಅರಣ್ಯ,Forest,ಕರಾವಳಿ ನಿಯಂತ್ರಣ ವಲಯ ಕಾಯ್ದೆ ಸರಳೀಕರಣಕ್ಕೆ ಪ್ರಸ್ತಾವನೆ ಸಲ್ಲಿಸುವ ಕುರಿತು,About submitting a proposal to simplify the Coastal Regulation Zone Act,ಕೋಟ ಶ್ರೀನಿವಾಸ ಪೂಜಾರಿ,Kota Srinivasa Pujari
4078,07/06/2017,ಕಂದಾಯ,Revenue,ಫಾರ್ಮ್‌ಹೌಸ್ ಅನುಮತಿಗೆ ನಿಯಮಾವಳಿ ರೂಪಿಸಿದೇ ವಿಳಂಬವಾಗಿರುವ ಕುರಿತು,The delay in formulating a formhouse permit is delayed,ಕೋಟ ಶ್ರೀನಿವಾಸ ಪೂಜಾರಿ,Kota Srinivasa Pujari
4079,07/06/2017,ಕಂದಾಯ,Revenue,೯೪ ಸಿ ಮತ್ತು ಸಿ ಸಿ ಯೋಜನೆ ಅನುಷ್ಠಾನದಲ್ಲಿನ ವಿಳಂಬ ನೀತಿ ಮತ್ತು ತೊಡಕು ನಿವಾರಿಸುವ ಕುರಿತು,Regarding delays and complications in the implementation of the 94C and CC Scheme,ಕೋಟ ಶ್ರೀನಿವಾಸ ಪೂಜಾರಿ,Kota Srinivasa Pujari
4080,07/06/2017,ಕಂದಾಯ,Revenue,ಉಡುಪಿ ಮತ್ತು ದಕ್ಷಣ ಕನ್ನಡ ಜಿಲ್ಲೆಯಲ್ಲಿ ರೈತರಿಗೆ ಕುಮ್ಮಿ ಹಕ್ಕು ಮಂಜೂರು ಮಾಡುವ ಬಗ್ಗೆ,Udupi and the granting of rights to farmers in immediate Kannada district,ಕೋಟ ಶ್ರೀನಿವಾಸ ಪೂಜಾರಿ,Kota Srinivasa Pujari
4081,07/06/2017,ಕಂದಾಯ,Revenue,ಪಟೇಲರು ಮತ್ತು ಶಾನುಬೋಗರಿಗೆ ನೀಡಲಾಗಿರುವ ಮಾಶಾಸನದ ವಿವರ,Details of the statements given to Patel and Shanboga,ಗೋಪಾಲಸ್ವಾಮಿ .ಎಂ.ಎ,Gopalaswamy MA
4082,07/06/2017,ಮೀನುಗಾರಿಕೆ,Fishing,ಕಂಠೀರವ ಸ್ಟೇಡಿಯಂ ಅನ್ನು ಅಥ್ಲೀಟ್ಗಳಿಗೆ ಮೀಸಲಿರಿಸುವ ಬಗ್ಗೆ,About setting up Kanteerava Stadium for athletes,ತಾರಾಅನುರಾಧ,Tara Anuradha
4083,07/06/2017,ಅರಣ್ಯ,Forest,ವನಜೀವಿಗಳಿಂದ ತೊಂದರೆಗೊಳಗಾದ ಜನರಿಗೆ ಪರಿಹಾರವನ್ನು ನೀಡುವ ಬಗ್ಗೆ,Providing solutions to people affected by wildlife,ತಾರಾಅನುರಾಧ,Tara Anuradha
4084,07/06/2017,ಅರಣ್ಯ,Forest,ಕೆರೆಗಳ ಸಂರಕ್ಷಣೆ,Lakes Conservation,ತಾರಾಅನುರಾಧ,Tara Anuradha
4085,07/06/2017,ಕಂದಾಯ,Revenue,ರಾಜ್ಯದಲ್ಲಿ ತೆರೆದ ಬೋರ‍್ವೆಲ್‌ಗಳನ್ನು ಮುಚ್ಚುವ ಬಗ್ಗೆ,About closing open borewells in the state,ತಾರಾಅನುರಾಧ,Tara Anuradha
4086,07/06/2017,ಅರಣ್ಯ,Forest,ಉತ್ತರ ಕನ್ನಡ ಜಿಲ್ಲೆಯ ಶಿರಸಿ ತಾಲ್ಲೂಕಿನಲ್ಲಿ ಗಂಧದ ಗಿಡಗಳ ಹಾಗೂ ದಾಲಚಿನ್ನಿ ಎಲೆ ತೊಗಟೆಗಳ ಕಳ್ಳತನ ಕುರಿತು,About theft of sandalwood and sapphire leaf barks in Sirasi taluk in Uttara Kannada district,ಘೋಟ್ನೇಕರ .ಎಸ್.ಎಲ್,Ghotnekara Srikantha Lakshmana
4087,07/06/2017,ಕಂದಾಯ,Revenue,ಶಾಸಕರ ನಿಧಿ ಬಳಕೆ ಬಗ್ಗೆ,About the use of legislators' funds,ಘೋಟ್ನೆಕರ ಶ್ರೀಕಾಂತ ಲಕ್ಷ್ಮಣ,Ghotnekara Srikanta Lakshmana
4088,07/06/2017,ಅರಣ್ಯ,Forest,ಆನೆ ಕಾರಿಡಾರ್ ಬಗ್ಗೆ,About Elephant Corridor,ಚೌಡರೆಡ್ಡಿ ತೂಪಲ್ಲಿ.ಆರ್.,Chowdareddy Tupalli R
4089,07/06/2017,ಸಣ್ಣ ನೀರಾವರಿ,Small irrigation,ಕರೆಗಳ ಆಭಿವೃದ್ಧಿ ಬಗ್ಗೆ,About the development of calls,ಧರ್ಮಸೇನ .ಆರ್,Dharmasena R
1,08/06/2017,ಸಿಬ್ಬಂಧಿ ಮತ್ತು ಆಡಳಿತ ಸುಧಾರಣೆ,Staff and administrative reform,ಹೈದರಾಬಾದ್-ಕರ್ನಾಟಕ ಪ್ರದೇಶಗಳಲ್ಲಿ ಹುದ್ದೆಗಳನ್ನು ತುಂಬುವ ಬಗ್ಗೆ,About filling up posts in Hyderabad-Karnataka areas,ಬೋಸರಾಜು .ಎನ್.ಎಸ್,Bosaraju N S
2,08/06/2017,ವಾರ್ತಾ ಮತ್ತು ಪ್ರಚಾರ,News and promotion,ಪತ್ರಕರ್ತರಿಗೆ ಆರೋಗ್ಯ ಭಾಗ್ಯ ಯೋಜನೆ ಬಗ್ಗೆ,About Journalists Health Benefit Plan,ಬೋಸರಾಜು .ಎನ್.ಎಸ್,Bosaraju N S
3,08/06/2017,ಸಣ್ಣ ನೀರಾವರಿ,Small irrigation,ಕುಡಿಯುವ ನೀರಿಗಾಗಿ ಕೆರೆ ನಿರ್ಮಾಣದ ಬಗ್ಗೆ,About lake construction for drinking water,ಬೋಸ್‌ರಾಜು.ಎನ್.ಎಸ್,Bosaraju N S
4,08/06/2017,ಸಿಬ್ಬಂಧಿ ಮತ್ತು ಆಡಳಿತ ಸುಧಾರಣೆ,Staff and administrative reform,ಹೈದ್ರಾಬಾದ್-ಕರ್ನಾಟಕ ಪ್ರದೇಶದಲ್ಲಿ ಖಾಲಿ ಇರುವ ಹುದ್ದೆಗಳು,Vacancies in the Hyderabad-Karnataka area,ಭಾನುಪ್ರಕಾಶ,Bhanu Prakasha
5,08/06/2017,ಮಾಹಿತಿ ಮತ್ತು ಸಾರ್ವಜನಿಕ ಸಂಬಂಧ,Information and public relations,ರಾಜ್ಯ ಮತ್ತು ರಾಷ್ಟ್ರೀಯ ಹೆದ್ದಾರಿಗಳ ಪಕ್ಕದಲ್ಲಿರುವ ಮದ್ಯದಂಗಡಿಗಳನ್ನು ತೆರವುಗೊಳಿಸುವ ಬಗ್ಗೆ,About clearing the liquor shops beside state and national highways,ಭಾನುಪ್ರಕಾಶ,Bhanu Prakasha
6,08/06/2017,ಆರ್ಥಿಕ,Economy,ಇಲಾಖೆಗಳಿಗೆ ಕೇಂದ್ರ ಮತ್ತು ರಾಜ್ಯ ಸರ್ಕಾರದಿಂದ ಬಿಡುಗಡೆಯಾದ ಅನುದಾನದ ಬಗ್ಗೆ,Dept. of releases from the Central and State Government to the Departments,ಭಾನುಪ್ರಕಾಶ,Bhanu Prakasha
7,08/06/2017,ಗೃಹ,Home,ರಾಜ್ಯದ ಗಡಿಗಳಲ್ಲಿ ಪೊಲೀಸ್ ಭದ್ರತೆ ಇಲ್ಲದಿರುವ ಬಗ್ಗೆ,About police security in state borders,ಸುನೀಲ್ ಸುಬ್ರಮಣಿ .ಎಂ.ಪಿ,Sunil Subramani M P
8,08/06/2017,ಆರ್ಥಿಕ,Economy,ರಾಜ್ಯದ ರೈತರಿಗೆ ಕೃಷಿ ಸಾಲವನ್ನು ಹೆಚ್ಚಳ ಮಾಡುವ ಬಗ್ಗೆ,Increasing agricultural credit to farmers in the state,ಸುನೀಲ್ ಸುಬ್ರಮಣಿ .ಎಂ.ಪಿ,Sunil Subramani M P
9,08/06/2017,ಸಿಬ್ಬಂಧಿ ಮತ್ತು ಆಡಳಿತ ಸುಧಾರಣೆ,Staff and administrative reform,ರಾಜ್ಯದ ಅಂತರ್ ರಾಜ್ಯ ಗಡಿಗಳಲ್ಲಿ ಸಿ.ಸಿ. ಕ್ಯಾಮರಾಗಳನ್ನು ಅಳವಡಿಸುವ ಬಗ್ಗೆ,CC in the Inter State Borders About installing cameras,ಸುನೀಲ್ ಸುಬ್ರಮಣಿ .ಎಂ.ಪಿ,Sunil Subramani M P
10,08/06/2017,ಸಿಬ್ಬಂಧಿ ಮತ್ತು ಆಡಳಿತ ಸುಧಾರಣೆ,Staff and administrative reform,ಕೌಶಲ್ಯ ಕರ್ನಾಟಕ” ಅಭಿವೃದ್ಧಿ ಯೋಜನೆ ಅಡಿ ಹಮ್ಮಿಕೊಳ್ಳಲು ಉದ್ದೇಶಿಸಿರುವ ಕಾರ್ಯಕ್ರಮಗಳ ಕುರಿತು,"Skills Karnataka ""on programs that are intended to be under development plan",ಸಂಕನೂರ .ಎಸ್.ವ್ಹಿ,Sankanura S V
11,08/06/2017,ಆರ್ಥಿಕ,Economy,ರಾಜ್ಯದ ಖಾಸಗಿ ಅನುದಾನಿತ ಐ.ಟಿ.ಐ ಕಾಲೇಜು ಸಿಬ್ಬಂದಿಗಳ ವೇತನ ಹಾಗೂ ಕಾಲಮಿತಿ ಬಡ್ತಿ ಸೌಲಭ್ಯ ಕುರಿತು,Payroll and Time Limit facility for Private Aided ITI College staff in the state,ಸಂಕನೂರ .ಎಸ್.ವ್ಹಿ,Sankanura S V
12,08/06/2017,ಗೃಹ,Home,ಸಬರ್ ಅಪರಾಧ ತನಿಖೆ ಮತ್ತು ಕೈಗೊಂಡ ಕ್ರಮದ ಬಗ್ಗೆ,About the order of the suburban investigation and investigation,ಸೋಮಣ್ಣ .ವಿ,Somanna V
13,08/06/2017,ನಗರಾಭಿವೃದ್ಧಿ,Urban development,ಮಹಾನಗರಗಳಲ್ಲಿ ಕಸದ ಸದ್ಭಳಕೆ ಮತ್ತು ವೆಚ್ಚದ ವಿವರ ಕುರಿತು,Concerns about waste disorder and expenditure in metropolitan cities,ಸೋಮಣ್ಣ .ವಿ,Somanna V
14,08/06/2017,ಗೃಹ,Home,ಮಹಿಳಾ ಪೊಲೀಸ್ ಠಾಣೆಗಳ ಬಗ್ಗೆ,About Women's Police Stations,ಸೋಮಣ್ಣ .ವಿ,Somanna V
15,08/06/2017,ಗ್ರಾಮೀಣಾಭಿವೃದ್ಧಿ ಮತ್ತು ಪಂಚಾಯತ್ ರಾಜ್,Rural Development and Panchayat Raj,"ಬಿ-ಖಾತಾ, ಗ್ರಾಮ ಪಂಚಾಯಿತಿ ವ್ಯಾಪ್ತಿಯಲ್ಲಿ ೧೧ಬಿ ನಮೂನೆ ಮತ್ತು ಹಿಂಪಡೆದ ಕುರಿತು","B-Khata, 11b pattern and withdrawal of Gram Panchayat limits",ಸೋಮಣ್ಣ .ವಿ,Somanna V
16,08/06/2017,ಕೃಷಿ,Agriculture,ಹಾವೇರಿ ಜಿಲ್ಲೆಯಲ್ಲಿ ಯಶಸ್ವಿನಿ ಯೋಜನೆಯಡಿ ನೊಂಧಾಯಿತ ರೈತಾಪಿ ಜನರ ಬಗ್ಗೆ,About Rural Agricultural Peasants under Hashivani Scheme in Haveri District,ಸೋಮಣ್ಣ ಮ ಬೇವಿನಮರದ,Samanna Ma Bevinamara
17,08/06/2017,ನಗರಯೋಜನಾ,Urban planning,ಎರವಲು ಸೇವೆಯಲ್ಲಿ ಕರ್ತವ್ಯ,Borrowing is duty in service,ಸೈಯದ್ ಮುಧೀರ್ ಅಗಾ,Syed Madir Aga
18,08/06/2017,ನಗರಾಭಿವೃದ್ಧಿ,Urban development,ಪಾಲಿಕೆಗಳ ಒಳಚರಂಡಿ ಯೋಜನೆ ಅಳವಡಿಸಿಕೊಳ್ಳುವ ಬಗ್ಗೆ,About adopting a sewer drainage project,ನಾರಾಯಣಸ್ವಾಮಿ .ಎಂ,Narayanaswamy M
19,08/06/2017,ಅಬಕಾರಿ,Excuse,ಬಾರ್ ಮತ್ತು ವೈನ್ ಸ್ಟೋರ್‌ಗಳ ಬಗ್ಗೆ,About bars and wine stores,ನಾರಾಯಣಸ್ವಾಮಿ .ಎಂ,Narayanaswamy M
20,08/06/2017,ಸಹಕಾರ,Cooperation,ಗಹ ನಿರ್ಮಾಣ ಸಹಕಾರ ಸಂಘಗಳ ಬಗ್ಗೆ,About the Co-operative Co-operative Societies,ನಾರಾಯಣಸ್ವಾಮಿ .ಎಂ,Narayanaswamy M
21,08/06/2017,ಗೃಹ,Home,ಮೈಸೂರು ನಗರದಲ್ಲಿರುವ ಅನಧಿಕೃತ ಆಟೋ ನಿಲ್ದಾಣದ ಬಗ್ಗೆ,About Unauthorized Auto Station in Mysore City,ನಾಗರಾಜ್ .ಎಸ್,Nagaraja S
22,08/06/2017,ನಗರಾಭಿವೃದ್ಧಿ,Urban development,ಮೈಸೂgರಿನಲ್ಲಿರುವ ಅಕ್ರಮ ಶುದ್ಧ ನೀರಿನ ಘಟಕಗಳು,Illegal pure water bodies in Mysore g Ri,ನಾಗರಾಜ್ .ಎಸ್,Nagaraja S
23,08/06/2017,ನಗರಾಭಿವೃದ್ಧಿ,Urban development,ಚಾಮರಾಜನಗರ ಖಾಸಗಿ ಬಸ್ ನಿಲ್ದಾಣದ ಅಭಿವೃದ್ಧಿ,Development of Chamarajanagar Private Bus Station,ನಾಗರಾಜ್ .ಎಸ್,Nagaraja S
24,08/06/2017,ವಾರ್ತಾ ಮತ್ತು ಪ್ರಚಾರ,News and promotion,ಜಾಹೀರಾತು ವಲಯದಿಂದ ಸಂಗ್ರಹವಾದ ತೆರಿಗೆ ಹಣದ ಕುರಿತು,About tax deductions from the advertising sector,ಪ್ರದೀಪ್ ಶೆಟ್ಟರ್,Pradeep Shettar
25,08/06/2017,ನಗರಾಭಿವೃದ್ಧಿ,Urban development,ಕುಡಿಯುವ ನೀರಿನ ಸೌಲಭ್ಯಗಳ ಕುರಿತು,About drinking water facilities,ಪ್ರದೀಪ್ ಶೆಟ್ಟರ್,Pradeep Shettar
26,08/06/2017,ಗೃಹ,Home,ಹುಬ್ಬಳ್ಳಿ-ಧಾರವಾಡ ನಗರಗಳ ಮಧ್ಯೆ ಹೆಚ್ಚುತ್ತಿರುವ ಲಾರಿ ಅಪಘಾತಗಳ ಬಗ್ಗೆ,About Lorry Accidents Between Hubli-Dharwad Cities,ಪ್ರದೀಪ್ ಶೆಟ್ಟರ್,Pradeep Shettar
27,08/06/2017,ಗೃಹ,Home,ಹುಬ್ಬಳ್ಳಿ-ಧಾರವಾಡ ನಗರದಲ್ಲಿನ ವಾಹನ ದಟ್ಟಣೆ ಕುರಿತು,Vehicle traffic in Hubli-Dharwad city,ಪ್ರದೀಪ್ ಶೆಟ್ಟರ್,Pradeep Shettar
28,08/06/2017,ನಗರಾಭಿವೃದ್ಧಿ,Urban development,ಅಮೃತ ಯೋಜನೆಯ ಕುರಿತು,About Amrita Scheme,ಪ್ರದೀಪ್ ಶೆಟ್ಟರ್,Pradeep Shettar
29,08/06/2017,ಗೃಹ,Home,ಸಿವಿಲ್ ವ್ಯಾಜ್ಯಗಳಲ್ಲಿ ಪೋಲೀಸ್ ಅಧಿಕಾರಿಗಳ ಹಸ್ತಕ್ಷೇಪ ಕುರಿತು,About the intervention of police officers in civil disputes,ಪ್ರಾಣೇಶ್ .ಎಂ.ಕೆ,Pranesha M K
30,08/06/2017,ಗೃಹ,Home,ಉಪ ಪೊಲೀಸ್ ಠಾಣೆಗಳನ್ನು ಮೇಲ್ದರ್ಜೆಗೇರಿಸುವ ಬಗ್ಗೆ,Upgrading of Deputy Police Stations,ಪ್ರಾಣೇಶ್ .ಎಂ.ಕೆ,Pranesha M K
31,08/06/2017,ಸಿಬ್ಬಂಧಿ ಮತ್ತು ಆಡಳಿತ ಸುಧಾರಣೆ,Staff and administrative reform,ರಾಜ್ಯದಲ್ಲಿ ಸವೆ ಸಲ್ಲಿಸುತ್ತಿರುವ ಕೆ.ಎ.ಎಸ್. ಅಧಿಕಾರಿಗಳ ಬಗ್ಗೆ,KA.S.S About the authorities,ಪ್ರತಾಪಚಂದ್ರ ಶೆಟ್ಟಿ .ಕೆ,Pratapachandra Shetty K
32,08/06/2017,ಕೃಷಿ,Agriculture,ರೈತರ ಕೃಷಿ ಸಾಲವನ್ನು ಮಾಡುವ ಕುರಿತು,About farmers' agricultural credit,ಪ್ರತಾಪಚಂದ್ರ ಶೆಟ್ಟಿ .ಕೆ,Pratapachandra Shetty K
33,08/06/2017,ಸಹಕಾರ,Cooperation,ಸಹಕಾರಿ ಸಂಘಗಳ ಸಿಬ್ಬಂದಿ ಮತ್ತು ನಿರ್ದೇಶಕರ ಮೇಲೆ ದಾಖಲಾಗಿರುವ ಪ್ರಕರಣಗಳ ಕುರಿತು,Regarding cases registered on Co-operative societies and directors,ಪ್ರತಾಪಚಂದ್ರ ಶೆಟ್ಟಿ .ಕೆ,Pratapachandra Shetty K
34,08/06/2017,ಗೃಹ,Home,ಸರ್ಕಾರಿ ನೌಕರರ ಕರ್ತವ್ಯಕ್ಕೆ ಅಡ್ಡಿಪಡಿಸಿದವರ ಪ್ರಕರಣಗಳ ಕುರಿತು,Concerns about the disruption of government employees' duties,ಪ್ರತಾಪಚಂದ್ರ ಶೆಟ್ಟಿ .ಕೆ,Pratapachandra Shetty K
35,08/06/2017,ನಗರ ಯೋಜನಾ,City planning,ಬೆಂಗಳೂರಿನ ಇಂಟರ್ ಮೀಡಿಯೇಟ್ ರಿಂಗ್ ರಸ್ತೆಯಲ್ಲಿ ಪಾದಾಚಾರಿ ಮೇಲು ಸೇತುವೆ ಬಗ್ಗೆ,"The pedestrian overbridge bridge in Intermediate ring road, Bangalore",ಪ್ರತಾಪಚಂದ್ರ ಶೆಟ್ಟಿ .ಕೆ,Pratapachandra Shetty K
36,08/06/2017,ಆರ್ಥಿಕ,Economy,ಕೇಂದ ಸರ್ಕಾರ ನೀಡುತ್ತಿರುವ ಅನುದಾನದ ಬಗ್ಗೆ,About the granting of the government,ಪುಟ್ಟಸ್ವಾಮಿ .ಬಿ.ಜೆ,Puttaswamy B J
37,08/06/2017,ನಗರಯೋಜನಾ,Urban planning,ನಮ್ಮ ಮೆಟ್ರೋ ಯೋಜನೆಯ ಬಗ್ಗೆ,About our Metro project,ಪುಟ್ಟಸ್ವಾಮಿ .ಬಿ.ಜೆ,Puttaswamy B J
38,08/06/2017,ನಗರಯೋಜನಾ,Urban planning,ಬೃಹತ್ ಬೆಂಗಳೂರು ಮಹಾನಗರ ಪಾಲಿಕೆಯಲ್ಲಿನ ಮೂಲಭೂತ ಸೌಕರ್ಯಗಳ ಬಗ್ಗೆ,About the infrastructure of the huge Bangalore Metropolitan Corporation,ಪುಟ್ಟಸ್ವಾಮಿ .ಬಿ.ಜೆ,Puttaswamy B J
39,08/06/2017,ಸಿಬ್ಬಂಧಿ ಮತ್ತು ಆಡಳಿತ ಸುಧಾರಣೆ,Staff and administrative reform,ಸರ್ಕಾರ ಅಧಿಕಾರಕ್ಕೆ ಬರುವ ಮುನ್ನ ನೀಡಿರುವ ಆಶ್ವಾಸನೆಗಳ ಬಗ್ಗೆ,About the assurances given before the government comes to power,ಪುಟ್ಟಸ್ವಾಮಿ .ಬಿ.ಜೆ,Puttaswamy B J
40,08/06/2017,ಮಾಹಿತಿ ಮತ್ತು ಸಾರ್ವಜನಿಕ ಸಂಬಂಧ,Information and public relations,ಅನುದಾನಿತ ಐ.ಟಿ.ಐ. ಸಂಸ್ಥೆಗಳ ನೌಕರರ ಸಮಸ್ಯೆಗಳ ಬಗ್ಗೆ,Subsidized ITI Concerns about the employees' issues,ಪುಟ್ಟಣ್ಣ,Puttanna
41,08/06/2017,ಸಿಬ್ಬಂಧಿ ಮತ್ತು ಆಡಳಿತ ಸುಧಾರಣೆ,Staff and administrative reform,ಸರ್ಕಾರದಲ್ಲಿ ಖಾಲಿ ಇರುವ ಹುದ್ದೆಗಳ ಬಗ್ಗೆ,About vacancies in government,ಶರವಣ .ಟಿ.ಎ,Sharavana T A
42,08/06/2017,ಗೃಹ,Home,ನಾಪತ್ತೆಯಾಗುತ್ತಿರುವ ಮಕ್ಕಳ ಮತ್ತು ಮಹಿಳೆಯರ ಬಗ್ಗೆ,About missing children and women,ಶರವಣ .ಟಿ.ಎ,Sharavana T A
43,08/06/2017,ನಗರ ಯೋಜನಾ,City planning,ಸ್ಕೈವಾಕ್‌ಗಳ ಬಗ್ಗೆ,About Skywalkers,ಶರವಣ .ಟಿ.ಎ,Sharavana T A
44,08/06/2017,ನಗರಯೋಜನಾ,Urban planning,ಬಿ.ಡಿ.ಎ. ಅಧಿಕಾರಿ/ನೌಕರರು ಬಿಡಿಎ ಅಸೋಸಿಯೇಷನ್ ರವರೊಡನೆ ಸೇರಿ ಅಕ್ರಮ ಎಸಗಿರುವ ಬಗ್ಗೆ,BDA Officers / employees are involved in the illegal involvement of the BDA association,ಶರಣಪ್ಪ ಮಟ್ಟೂರ,Sharanappa Mattura
45,08/06/2017,ನಗರಯೋಜನಾ,Urban planning,ಬಿ.ಡಿ.ಎ. ನೌಕರರ ಕ್ಷೇಮಾಭಿವೃದ್ಧಿ ಸಂಘದ ಅವ್ಯವಹಾರಗಳು,BDA Employees Welfare Association Disadvantages,ಶರಣಪ್ಪ ಮಟ್ಟೂರ,Sharanappa Mattura
46,08/06/2017,ಸಿಬ್ಬಂಧಿ ಮತ್ತು ಆಡಳಿತ ಸುಧಾರಣೆ,Staff and administrative reform,ವಿಧಾನ ಪರಿಷತ್ತಿನ ಸದಸ್ಯರ ಸ್ಥಳೀಯ ಪ್ರದೇಶಾಭಿವೃದ್ಧಿ ಅನುದಾನ ಹೆಚ್ಚಿಸುವ ಬಗ್ಗೆ,About raising local area development funding by members of the Legislative Council,ವಿವೇಕ್‌ರಾವ್ ವಸಂತ್‌ರಾವ್ ಪಾಟೀಲ್,Vivek Rao Vasanth Rao Patil
47,08/06/2017,ಗೃಹ,Home,ಪೊಲೀಸ್ ಸಿಬ್ಬಂದಿಗಳಿಗೆ ಸಾರ್ವತ್ರಿಕ ರಜೆಯ ವೇತನ ನೀಡುವ ಬಗ್ಗೆ,About paying a universal holiday salary to police personnel,ವೀರಯ್ಯ .ಡಿ.ಎಸ್,Veerayya D S
48,08/06/2017,ಸಿಬ್ಬಂಧಿ ಮತ್ತು ಆಡಳಿತ ಸುಧಾರಣೆ,Staff and administrative reform,ಸುಪ್ರಿಂ ಕೋರ್ಟ್‌ನ ಮೀಸಲಾತಿ ಆದೇಶ ಪಾಲನೆ ಕುರಿತು,About the reservation order of the Supreme Court,ವೀರಯ್ಯ .ಡಿ.ಎಸ್,Veerayya D S
49,08/06/2017,ಸಿಬ್ಬಂಧಿ ಮತ್ತು ಆಡಳಿತ ಸುಧಾರಣೆ,Staff and administrative reform,ಹೊರ ಗುತ್ತಿಗೆ ಆಧಾರದಲ್ಲಿ ನೇಮಕಗೊಂಡ ನೌಕರರ ಬಗ್ಗೆ,About employees employed on outsourcing basis,ವೀರಯ್ಯ .ಡಿ.ಎಸ್,Veerayya D S
50,08/06/2017,ನಗರಯೋಜನಾ,Urban planning,ಬೆಂಗಳೂರು ಅಭಿವದ್ಧಿ ಪ್ರಾಧಿಕಾರ ವತಿಯಿಂದ ನಿರ್ಮಿಸಿರುವ ವಾಣಿಜ್ಯ ಮಳಿಗೆಗಳ ಹಂಚಿಕೆ ಬಗ್ಗೆ,About the distribution of commercial outlets built by the Bangalore Development Authority,ವೀರಯ್ಯ .ಡಿ.ಎಸ್,Veerayya D S
51,08/06/2017,ಗೃಹ,Home,ರಾಜ್ಯದಲ್ಲಿ ಮಹಿಳಾ ಪೊಲೀಸ್ ಠಾಣೆಗಳನ್ನು ಹೆಚ್ಚಿಸುವ ಕುರಿತು,About raising women's police stations in the state,ವೀಣಾ ಅಚ್ಚಯ್ಯ .ಎಸ್,Veena achchaiah S
52,08/06/2017,ಸಿಬ್ಬಂಧಿ ಮತ್ತು ಆಡಳಿತ ಸುಧಾರಣೆ,Staff and administrative reform,ಏಳನೇ ವೇತನ ಆಯೋಗದ ರಚನೆ ಕುರಿತು,About the formation of the Seventh Pay Commission,ವೀಣಾ ಅಚ್ಚಯ್ಯ .ಎಸ್,Veena achchaiah S
53,08/06/2017,ಸಿಬ್ಬಂಧಿ ಮತ್ತು ಆಡಳಿತ ಸುಧಾರಣೆ,Staff and administrative reform,ಜ್ಯೋತಿ ಸಂಜೀವಿನಿ ಯೋಜನೆಯಲ್ಲಿ ಎಲ್ಲಾ ಖಾಯಿಲೆಗಳಿಗೆ ವೈದ್ಯಕೀಯ ಚಿಕಿತ್ಸೆಗೆ ಅವಕಾಶ ಕಲ್ಪಿಸುವ ಕುರಿತು,The Jyoti Sanjeevini project is about allowing medical treatment for all illnesses,ವೀಣಾ ಅಚ್ಚಯ್ಯ .ಎಸ್,Veena achchaiah S
54,08/06/2017,ಹಜ್,Haj,ವಿಜಯಪುರ ಮಹಾನಗರ ಪಾಲಿಕೆ ಮಾಸ್ಟರ್ ಪ್ಲಾನ್,Vijayapura Municipal Corporation Master Plan,ಬಸವನಗೌಡ ಆರ್ ಪಾಟೀಲ್,Basanagowda R Patil
55,08/06/2017,ನಗರಾಭಿವೃದ್ಧಿ,Urban development,ವಿಜಯಪುರ ಮಹಾನಗರ ಪಾಲಿಕೆ ಹಗರಣದ ಬಗ್ಗೆ,About the Vijayanagar City Corporation scam,ಬಸವನಗೌಡ ಆರ್ ಪಾಟೀಲ್,Basanagowda R Patil
56,08/06/2017,ಸಿಬ್ಬಂಧಿ ಮತ್ತು ಆಡಳಿತ ಸುಧಾರಣೆ,Staff and administrative reform,ವಿವಧ ಇಲಾಖೆಗಳಲ್ಲಿ ಉಪಯೋಗಕ್ಕೆ ಬಾರದೇ ಇರುವ ವಾಹನಗಳ ಬಗ್ಗೆ,About vehicles that are not used in the Dept. department,ಬಸವನಗೌಡ ಆರ್ ಪಾಟೀಲ್,Basanagowda R Patil
57,08/06/2017,ಸಿಬ್ಬಂಧಿ ಮತ್ತು ಆಡಳಿತ ಸುಧಾರಣೆ,Staff and administrative reform,ಮೀಸಲು ಬಡ್ತಿ ಬಗ್ಗೆ,About Reservation Promotion,ಬಸವರಾಜ ಶಿವಲಿಂಗಪ್ಪ ಹೊರಟ್ಟಿ,Basavaraja Shivalingappa Horatti
58,08/06/2017,ಸಿಬ್ಬಂಧಿ ಮತ್ತು ಆಡಳಿತ ಸುಧಾರಣೆ,Staff and administrative reform,ಬೆಂಗಳೂರು ಮೆಟ್ರೋ ರೈಲು ನಿUಮದ ನೌಕರರ ಬಗ್ಗೆ,About Bangalore Metro Rail,ಬಸವರಾಜ ಶಿವಲಿಂಗಪ್ಪ ಹೊರಟ್ಟಿ,Basavaraja Shivalingappa Horatti
59,08/06/2017,ನಗರಾಭಿವೃದ್ಧಿ,Urban development,ನಗರಾಭಿವೃದ್ಧಿ ಇಲಾಖೆಯಲ್ಲಿ ವೃಂದ ಮತ್ತು ನೇಮಕಾತಿ ನಿಯಮಗಳ ತಿದ್ದುಪಡಿ ಪ್ರಸ್ತಾವನೆ ಪ್ರಗತಿಯ ಬಗ್ಗೆ,Amendments to the Appointment of Tribes and Appointments in Urban Development Department on Progress,ಬಸವರಾಜ ಶಿವಲಿಂಗಪ್ಪ ಹೊರಟ್ಟಿ,Basavaraja Shivalingappa Horatti
60,08/06/2017,ನಗರಯೋಜನಾ,Urban planning,ರಕ್ಕಸೀ ಹಳ್ಳದ ಕಾಮಗಾರಿ ವಿಳಂಬದ ಬಗ್ಗೆ,About the delay in the construction of the Rakshasi river,ಲಕ್ಷ್ಮೀನಾರಾಯಣ .ಎಂ.ಡಿ,Lakshmi Narayana MD
61,08/06/2017,ನಗರಯೋಜನಾ,Urban planning,ಬೆಂಗಳೂರು ಅಭಿವೃದ್ಧಿ ಪ್ರಾಧಿಕಾರ ಸಾರ್ವಜನಿಕರಿಗೆ ಹಂಚಬೇಕಾದ ಫ್ಲಾಟ್‌ಗಳನ್ನು ಪ್ರಾಧಿಖಾರದಿಂದ ನೌಕರರಿಗೆ ಹಳೆ ದರದಲ್ಲಿ ನೀಡುತ್ತಿರುವ ಬಗ್ಗೆ,The Bangalore Development Authority is offering the flats to the public at the old rate of charge from the Authority,ಲಕ್ಷ್ಮೀನಾರಾಯಣ .ಎಂ.ಡಿ,Lakshmi Narayana MD
62,08/06/2017,ನಗರಯೋಜನಾ,Urban planning,ಬೆಂಗಳೂರು ನಗರದ ಉದ್ಯಾನವನ ನಿರ್ವಹಣೆ,Bangalore City Park Management,ಲಕ್ಷ್ಮೀನಾರಾಯಣ .ಎಂ.ಡಿ,Lakshmi Narayana MD
63,08/06/2017,ಗೃಹ,Home,ಬಂದಿಕಾನೆಗಳ ಸುಧಾರಣೆ ಬಗ್ಗೆ,About improvement of pandemics,ಲಕ್ಷ್ಮೀನಾರಾಯಣ .ಎಂ.ಡಿ,Lakshmi Narayana MD
64,08/06/2017,ಸಿಬ್ಬಂಧಿ ಮತ್ತು ಆಡಳಿತ ಸುಧಾರಣೆ,Staff and administrative reform,ರಜ್ಯದ ದಿನಗೂಲಿ ನೌಕರರನ್ನು ಖಾಯಂ ಮಾಡುವ ಬಗ್ಗೆ,About Permanent Working Day employees,ಲಕ್ಷ್ಮೀನಾರಾಯಣ .ಎಂ.ಡಿ,Lakshmi Narayana MD
65,08/06/2017,ಸಿಬ್ಬಂಧಿ ಮತ್ತು ಆಡಳಿತ ಸುಧಾರಣೆ,Staff and administrative reform,ರಾಜ್ಯ ಸರ್ಕಾರಿ ನೌಕರರಿಗೆ ೭ನೇ ವೇತನ ಆಯೋಗವನ್ನು ರಚಿಸುವ ಬಗ್ಗೆ,About creating a 7th Pay Commission for State Government Employees,ಶ್ರೀಕಂಠೇಗೌಡ .ಕೆ.ಟಿ,Srikantegowda KT
66,08/06/2017,ನಗರಾಭಿವೃದ್ಧಿ,Urban development,"ಜವಾಹರಲಾಲ್ ನೆಹರು ರಾಷ್ಟ್ರೀಯ, ನಗರ ನವೀಕರಣ ಆಭಿಯಾನ ಯೋಜನೆಯ ಬಗ್ಗೆ",About Jawaharlal Nehru National and Urban Renewal Mission,ಶ್ರೀಕಂಠೇಗೌಡ .ಕೆ.ಟಿ,Srikantegowda KT
67,08/06/2017,ಗಹ,Home,"ಮಹಿಳೆಯರು, ಹೆಣ್ನು ಮಕ್ಕಳ ನಾಪತ್ತೆ ಮತ್ತು ಕಳ್ಳ ಸಾಗಣಿ ಬಗ್ಗೆ","About women, missing children and missing a smuggler",ಶ್ರೀಕಂಠೇಗೌಡ .ಕೆ.ಟಿ,Srikantegowda KT
68,08/06/2017,ಸಾರ್ವಜನಿಕ ಸಂಬಂಧ,Public relations,ಕ್ಲಬ್‌ಗಳ ಬಗ್ಗೆ,About clubs,ಶ್ರೀಕಂಠೇಗೌಡ .ಕೆ.ಟಿ,Srikantegowda KT
69,08/06/2017,ಸಿಬ್ಬಂಧಿ ಮತ್ತು ಆಡಳಿತ ಸುಧಾರಣೆ,Staff and administrative reform,ಸರ್ಕಾರಿ ಇಲಾಖೆಗಳಲ್ಲಿ ಇರುವ ಹುದ್ದೆಗಳ ಬಗ್ಗೆ,About posts in government departments,ಶ್ರೀಕಂಠೇಗೌಡ .ಕೆ.ಟಿ,Srikantegowda KT
70,08/06/2017,ನಗರಾಭಿವೃದ್ಧಿ,Urban development,ಹುಬಳ್ಳಿ ಧಾರವಾಡ ನಗರದಲ್ಲಿ ಬಿ.ಆರ್.ಟಿ.ಎಸ್. ಯೋಜನೆ ಬಗ್ಗೆ,BTTS in Hubli Dharwad About the project,ಮಾನೆ ಶ್ರೀನಿವಾಸ,Mane Srinivas
71,08/06/2017,ಆರ್ಥಿಕ,Economy,ಕರ್ನಾಟಕ ರಾಜ್ಯ ಹಣಕಾಸು ಸಂಸ್ಥೆಯಿಂದ ಪರಿಶಿಷ್ಟ ಜಾತಿ/ ಪರಿಶಿಷ್ಟ ಪಂಗಡ ವರ್ಗದವರಿಗೆ ವಿತರಿಸಲಾಗುವ ಸಾಲ ಸೌಲಭ್ಯದ ಬಗ್ಗೆ,Debt facility to be distributed to Scheduled Caste / Scheduled Tribes by Karnataka State Financial Institution,ಮೋಟಮ್ಮ,Motamma
72,08/06/2017,ಹಿಂದುಳಿದ ವರ್ಗಗಳ ಕಲ್ಯಾಣ,Welfare of Backward Classes,ರಾಜ್ಯದಲ್ಲಿ ಕಾಲಿ ಇರುವ ಪರಿಶಿಷ್ಟರಿಗೆ ಜಾತಿ/ಪರಿಶಿಷ್ಟ ಪಂಗಡ,Scheduled Castes / Scheduled Tribes to Scheduled Castes in the State,ಮೋಟಮ್ಮ,Motamma
73,08/06/2017,ಗೃಹ,Home,ಮುಧೋಳದಲ್ಲಿ Uಮೀಣ ಪೊಲೀಸ್ ಠಾಣೆ ನಿರ್ಮಾಣದ ಬಗ್ಗೆ,About U Meen police station in Mudhol,ರಾಮಪ್ಪ ತಿಮ್ಮಾಪೂರ,Ramappa Timmapura
74,08/06/2017,ನಗರಾಭಿವೃದ್ಧಿ,Urban development,ಮುಧೋಳ ತಾಲ್ಲೂಕಿನ ಒಳಚರಂಡಿ ಮಂಡಳಿಯ ಕಾಮಗಾರಿ ಕುರಿತು,About the Mudhol taluk drainage board,ರಾಮಪ್ಪ ತಿಮ್ಮಾಪೂರ,Ramappa Timmapura
75,08/06/2017,ಸಿಬ್ಬಂಧಿ ಮತ್ತು ಆಡಳಿತ ಸುಧಾರಣೆ,Staff and administrative reform,ಕೌಶಲ್ಯಭಿವೃದ್ಧಿ ತರಬೇತಿ ಬಗ್ಗೆ,About Skill Development Training,ರಾಮಪ್ಪ ತಿಮ್ಮಾಪೂರ,Ramappa Timmapura
76,08/06/2017,ವಾಣಿಜ್ಯ ಮತ್ತು ಕೈಗಾರಿಕೆ,Commercial and Industry,ಸಕ್ಕರೆ ಕರ ನಿಧಿಯಿಂದ ರಸ್ತೆ ಅಭಿವೃದ್ಧಿಪಡಿಸಿದ ಬಗ್ಗೆ,About road development by sugarcane fund,ರಾಮಪ್ಪ ತಿಮ್ಮಾಪೂರ,Ramappa Timmapura
77,08/06/2017,ನಗರಯೋಜನಾ,Urban planning,ಬಿಡಿಎ ವತಿಯಿಂದ ನಿರ್ಮಿಸಿರುವ ಫ್ಲಾಟ್ಗಳ ಖರೀದಿಗೆ ಅರ್ಜಿ ಸಲ್ಲಿಕೆಯಾಗದಿರುವ ಬಗ್ಗೆ,Not to apply for purchase of flats made by BDA,ರಾಮಚಂದ್ರಗೌಡ,Ramachandra Gowda
78,08/06/2017,ನಗರಯೋಜನಾ,Urban planning,ಬೆಂಗಳೂರು ನಗರದ ಮನೆಗಳ ಉ ಮತ್ತು ಕಟ್ಟಡದಲ್ಲಿ ಮಳೆನೀರು ಕೊಯ್ಲು ಅಳವಡಿಕೆಯನ್ನು ಕಡ್ಡಾಯ ಮಾಡಿ ಕ್ರಮಗೊಳ್ಳುವ ಕುರಿತು,For conducting mandatory implementation of rainwater harvesting in houses and buildings in Bangalore city,ರಾಮಚಂದ್ರಗೌಡ,Ramachandra Gowda
79,08/06/2017,ನಗರಯೋಜನಾ,Urban planning,ಬೆಂಗಳೂರು ವೃಷಭಾವತಿ ನಾಲೆಗೆ ವಿಷಪೂರಿತ ರಾಸಾಯನಿಕ ತ್ಯಾಜ್ಯವನ್ನು ಹರಿಸುತ್ತಿರುವ ಬಗ್ಗೆ,About pouring venomous chemical waste to Bengaluru,ರಾಮಚಂದ್ರಗೌಡ,Ramachandra Gowda
80,08/06/2017,ನಗರಯೋಜನಾ,Urban planning,ಮೈಸೂರು ರಸ್ತೆಯ ಸರ್ಸಿ ವೃತ್ತದ ಮೇಲ್ಸೇತುವೆಯಿಂದ ವಿಕ್ಟೋರಿಯಾ ಆಸ್ಪತ್ರೆಗೆ ನೇರ ಸಂಪರ್ಕ ಕಲ್ಪಿಸುವ ರ‍್ಯಾಂಪ್ ನಿರ್ಮಾಣ ಕುರಿತು,About the construction of a ramp that connects the Victoria Hospital with the overpass of Mysore Road Circus Circle,ರಾಮಚಂದ್ರಗೌಡ,Ramachandra Gowda
81,08/06/2017,ಸಿಬ್ಬಂಧಿ ಮತ್ತು ಆಡಳಿತ ಸುಧಾರಣೆ,Staff and administrative reform,ಕರ್ನಾಟಕ ಲೋಕ ಸೇವಾ ಆಯೋಗದ ಬಗ್ಗೆ,About the Karnataka Lok Service Commission,ರಮೇಶ್ ಬಾಬು,Ramesha Babu
82,08/06/2017,ನಗರಾಭಿವೃದ್ಧಿ,Urban development,ರಾಜ್ಯದಲ್ಲಿ ಕುಡಿಯುವ ನೀರು ಯೋಜನೆ ಬಗ್ಗೆ,About the drinking water scheme in the state,ರಮೇಶ್ ಬಾಬು,Ramesha Babu
83,08/06/2017,ನಗರಯೋಜನಾ,Urban planning,ಬೃಹತ್ ಬೆಂಗಳೂರು ಮಹಾನಗರ ಪಾಲಿಕೆ ಬಗ್ಗೆ,About the Great Bangalore Metropolitan Corporation,ರಮೇಶ್ ಬಾಬು,Ramesha Babu
84,08/06/2017,ನಗರಯೋಜನಾ,Urban planning,ಬೆಂಗಳೂರು ಜಲ ಮಂಡಳಿ ಬಗ್ಗೆ,About Bangalore Water Board,ರಮೇಶ್ ಬಾಬು,Ramesha Babu
85,08/06/2017,ಸಹಕಾರ,Cooperation,ಬೆಂಗಳೂರು ಮಲ್ಲೇಶ್ವರಂ ಸಹಕಾರ ಸಂಘದ ಬಗ್ಗೆ,About Bangalore Malleswaram Co-operative Society,ರಮೇಶ್ ಬಾಬು,Ramesha Babu
86,08/06/2017,ಆರ್ಥಿಕ,Economy,ಕಾರ್ಖಾನೆಗಳಿಂದ ರೈತರುಗಳಿಗೆ ಬರಬೇಕಾದ ಬಾಕಿ ಹಣ,The money that the farmers need to come to from the factories is,ರಘುನಾಥ ರಾವ್ ಮಲ್ಕಾಪೂರೆ,Raghunath Rao Malkapore
87,08/06/2017,ಸಿಬ್ಬಂಧಿ ಮತ್ತು ಆಡಳಿತ ಸುಧಾರಣೆ,Staff and administrative reform,ಒಂದೇ ಇಲಾಖೆಯಲ್ಲಿ ಹಲವಾರು ವರ್ಷಗಳಿಂದ ಕರ್ತವ್ಯ ನಿರ್ವಹಿಸುತ್ತಿರುವ ಬಗ್ಗೆ,About maintaining duty for a number of years in the same department,ರಘುನಾಥ ರಾವ್ ಮಲ್ಕಾಪೂರೆ,Raghunath Rao Malkapore
88,08/06/2017,ನಗರಾಭಿವೃದ್ಧಿ,Urban development,ನಗರೋತ್ತಾನ ಯೋಜನೆಯ ಕುರಿತು,About the Urban Project,ರಘುನಾಥ ರಾವ್ ಮಲ್ಕಾಪೂರೆ,Raghunath Rao Malkapore
89,08/06/2017,ನಗರ ಯೋಜನಾ,City planning,ಬೆಂಗಳೂರು ನಗರ ಪಾದಾಚಾರಿಗಳ ಸುರಕ್ಷತೆ,Safety of Bangalore City Pedestrians,ರೇವಣ್ಣ .ಹೆಚ್.ಎಂ,Revanna H M
90,08/06/2017,ನಗರಯೋಜನಾ,Urban planning,ಬೃಹತ್ ಬೆಂಗಳೂರು ಮಹಾನಗರ ಪಾಲಿಕೆಯ ವ್ಯಾಪ್ತಿಯಲ್ಲಿ ವಸತಿ ಮತ್ತು ವಾಣಿಜ್ಯ ಬಳಕೆಯ ಕಟ್ಟಡಗಳ ಅಧಿಕೃತ ಮತ್ತು ಅನಧಿಕೃತ ನಿರ್ಮಾಣ,Official and unauthorized construction of residential and commercial use buildings under the huge Bangalore Metropolitan Corporation,ಉಗ್ರಪ್ಪ .ವಿ.ಎಸ್,Ugrappa VS
91,08/06/2017,ಸಾರ್ವಜನಿಕ ಸಂಬಂಧ,Public relations,ವಿಧಾನಸಭಾ ಕ್ಷೇತ್ರಗಳಲ್ಲಿ ಮಹಿಳಾ ಮತ್ತು ಪುರುಷ ಮತದಾರರು,Women and Male voters in Assembly constituencies,ಉಗ್ರಪ್ಪ .ವಿ.ಎಸ್,Ugrappa VS
92,08/06/2017,ಗೃಹ,Home,ಮಹಿಳೆಯರು ಮತ್ತು ಮಕ್ಕಳ ಮೇಲೆ ನಡೆದಿರುವ ದೌರ್ಜನ್ಯಗಳು ಮತ್ತು ಪರಿಹಾರ ನೀಡಿಕೆ,Violations and relief on women and children,ಉಗ್ರಪ್ಪ .ವಿ.ಎಸ್,Ugrappa VS
93,08/06/2017,ಗಹ,Home,ಫೋಕ್ಸೋ ಕೇಸುಗಳ ಬಗ್ಗೆ,About Foxo Cases,ಉಗ್ರಪ್ಪ .ವಿ.ಎಸ್,Ugrappa VS
94,08/06/2017,ನಗರಾಭಿವೃದ್ಧಿ,Urban development,ದಕ್ಷಿಣ ಕನ್ನಡ ಜಿಲ್ಲೆಯಲ್ಲಿ ಮಲೇರಿಯಾ ರೋಗದ ಬಗ್ಗೆ,About malaria disease in Dakshina Kannada district,ಐವಾನ್ ಡಿ ಸೋಜಾ,Ivan Disoza
95,08/06/2017,ಸಣ್ಣ ನೀರಾವರಿ,Small irrigation,ಕೆರೆ ಸಂಜೀವಿನಿ ಯೋಜನೆಯ ಬಗ್ಗೆ,About the Kere Sanjeevini Project,ಐವಾನ್ ಡಿ ಸೋಜಾ,Ivan Disoza
96,08/06/2017,ನಗರಾಭಿವೃದ್ಧಿ,Urban development,ಮಂಗಳೂರು ನಗರದಲ್ಲಿ ವಾಸಿಸುತ್ತಿರುವ ಪೌರಕಾರ್ಮಿಕರ ವಸತಿ ಗೃಹಗಳ ಬಗ್ಗೆ,About civic workers' residences living in Mangalore city,ಐವಾನ್ ಡಿ ಸೋಜಾ,Ivan Disoza
97,08/06/2017,ಆರ್ಥಿಕ,Economy,ರಾಜ್ಯದಲ್ಲಿ ಕಶಲ್ಯಾಭಿವೃದ್ಧಿ ಯೋಜನೆಗೆ ಮೀಸಲಿಟ್ಟ ಅನುದಾನದ ಬಗ್ಗೆ,About the provision of dedicated funds to the Government of India,ಐವಾನ್ ಡಿ ಸೋಜಾ,Ivan Disoza
98,08/06/2017,ಗೃಹ,Home,ದಕ್ಷಣ ಕನ್ನಡ ಜಿಲ್ಲೆಯಲ್ಲಿ ಕೋಮು ಪ್ರಚೋದನೆಗೆ ನೀಡುತ್ತಿರುವ ವ್ಯಕ್ತಿಗಳ ಬಗ್ಗೆ,About the people who are giving communal stimulus in the immediate Kannada district,ಐವನ್ ಡಿ ಸೋಜಾ,Ivan Disoza
99,08/06/2017,ಸಿಬ್ಬಂಧಿ ಮತ್ತು ಆಡಳಿತ ಸುಧಾರಣೆ,Staff and administrative reform,ರಾಜ್ಯ ಸರ್ಕಾರದ ಎಲ್ಲಾ ಇಲಾಖೆಗಳಲ್ಲಿ ಮಾಹಿತಿ ತಂತ್ರಜ್ಞಾನ ಅಳವಡಿಸಿ ಪೇಪರ‍್ಲೆಸ್ ಆಫೀಸ್ ಮಾಡುವ ಪ್ರಕ್ರಿಯೆ ಬಗ್ಗೆ,About the process of paperwork office adopting information technology in all departments of the state government,ಕ್ಯಾಪ್ಟನ್ ಗಣೇಶ್ ಕಾರ್ಣಿಕ್,Capt. Ganesh Karnik
100,08/06/2017,ನಗರಾಭಿವೃದ್ಧಿ,Urban development,ಕಂದ್ರ ಪುರಸ್ಕೃತ ಅಟಲ್ ನಗರ ಪರಿವರ್ತನಾ ಪುನರಜ್ಜೀವನ ಯೋಜನೆಯ ಅನುಷ್ಠಾನದ ಬಗ್ಗೆ,About the implementation of the Coal Received Atal Nirvana Revival Project,ಕ್ಯಾಪ್ಟನ್ ಗಣೇಶ್ ಕಾರ್ಣಿಕ್,Capt. Ganesh Karnik
101,08/06/2017,ನಗರ ಯೋಜನಾ,City planning,ಬಿಬಿಎಂಪಿ ವ್ಯಾಪ್ತಿಯಲ್ಲಿ ಟೆಂಡರ್ ಸ್ಯೂರ್ ಯೋಜನೆ ಅನುಷ್ಠಾನದ ಬಗ್ಗೆ,About the implementation of Tender Sure Scheme under BBMP,ಕ್ಯಾಪ್ಟನ್ ಗಣೇಶ್ ಕಾರ್ಣಿಕ್,Capt. Ganesh Karnik
102,08/06/2017,ಸಾರ್ವಜನಿಕ ಸಂಬಂಧಗಳು,Public Relations,ರಾಜ್ಯದಲ್ಲಿ ಸಕಾಲ ಯೋಜನೆ ಜಾರಿಗೆ ತಂದಿದ್ದರು ತನ್ನ ಉದ್ದೇಶವನ್ನು ಈಡೇರಿಸುವಲ್ಲಿ ವಿಫಲವಾಗಿರುವ ಬಗ್ಗೆ,The implementation of a plan for the state was about failing to fulfill its purpose,ಕ್ಯಾಪ್ಟನ್ ಗಣೇಶ್ ಕಾರ್ಣಿಕ್,Capt. Ganesh Karnik
103,08/06/2017,ಗೃಹ,Home,"ಬೆಂಗಳೂರು ರೃಲು ನಿಲ್ದಾಣ, ಬಸ್ ನಿಲ್ದಾಣ ಹಾಗೂ ವಾಣಿಜ್ಯ ಸಂಕೀರ್ಣಗಳ ಮುಂದೆ ಪ್ರೀ-ಪೇಡ್ ಆಟೋ ಸ್ಟ್ಯಾಂಡ್ ಬಗ್ಗೆ","About Pre-paid Auto Stand in front of Bangalore Trishul Station, Bus Stand and Commercial Complex",ಕ್ಯಾಪ್ಟನ್ ಗಣೇಶ್ ಕಾರ್ಣಿಕ್,Capt. Ganesh Karnik
104,08/06/2017,ಗೃಹ,Home,ವಾಹನ ಸವಾರರು ಸಂಚಾರಿ ನಿಯಮಗಳನ್ನು ಪಾಲಿಸದೇ ರಸ್ತೆಯಲ್ಲಿ ದಿನನಿತ್ಯ ಸಾವು ನೋವುಗಳು ಸಂಭವಿಸುತ್ತಿರುವ ಬಗ್ಗೆ,Vehicle riders are talking about routine deaths on the road without compliance with traffic rules,ಕವಟಗಿಮಠ ಮಹಂತೇಶ ಮಲ್ಲಿಕಾರ್ಜುನ,Kavatimata Mahantesha Mallikarjuna
105,08/06/2017,ಗೃಹ,Home,ಬೆಳಗಾವಿಯ ಪ್ರವಾಸಿ ಸ್ಥಳ ಕೋಟೆಕೆರೆ ಅಕ್ರಮ ಚಟುವಟಿಕೆಗಳ ಅಡ್ಡವಾಗುತ್ತಿರುವ ಬಗ್ಗೆ,Belgaum's tourist location is about crossing the Kotakere illegal activities,ಕವಟಗಿಮಠ ಮಹಂತೇಶ ಮಲ್ಲಿಕಾರ್ಜುನ,Kavatimata Mahantesha Mallikarjuna
106,08/06/2017,ಆರ್ಥಿಕ,Economy,ಮುಖ್ಯಮಂತ್ರಿಗಳ ಪರಿಹಾರ ನಿಧಿ ಶಾಖೆಯಲ್ಲಿ ಪರಿಹಾರ ವಿತರನೆ ವಿಳಂಬವಾಗುತ್ತಿರುವ ಬಗ್ಗೆ,Concerns about delaying compensation distribution at the Chief Minister's Relief Fund,ಕವಟಗಿಮಠ ಮಹಂತೇಶ ಮಲ್ಲಿಕಾರ್ಜುನ,Kavatimata Mahantesha Mallikarjuna
107,08/06/2017,ನಗರಾಭಿವೃದ್ಧಿ,Urban development,ತುಮಕೂರು ನಗರಕ್ಕೆ ಕುಡಿಯುವ ನೀರಿನ ಸರಬರಾಜು ಬಗ್ಗೆ,About drinking water supplies to Tumkur city,ಕಾಂತರಾಜು,Kantaraju
108,08/06/2017,ಸಿಬ್ಬಂಧಿ ಮತ್ತು ಆಡಳಿತ ಸುಧಾರಣೆ,Staff and administrative reform,ರಾಜ್ಯ ಸರ್ಕಾರದ ಸಾಧನೆಗಳ ಬಗ್ಗೆ ಜಾಹಿರಾತು ನೀಡಿರುವ ಬಗ್ಗೆ,About Advertising on State Government's Achievements,ಕಾಂತ್‌ರಾಜು,Kantaraju
109,08/06/2017,ಸಿಬ್ಬಂಧಿ ಮತ್ತು ಆಡಳಿತ ಸುಧಾರಣೆ,Staff and administrative reform,"ಕೌಶಲ್ಯಾಭಿವೃದ್ಧಿ, ಉದ್ಯಮಶೀಲತೆ ಇಲಾಖೆಯ ಚಟುವಟಿಕೆಗಳ ಬಗ್ಗೆ",About the activities of the Department of Skill Development and Entrepreneurship,ಕಾಂತ್‌ರಾಜು,Kantaraju
110,08/06/2017,ಸಿಬ್ಬಂಧಿ ಮತ್ತು ಆಡಳಿತ ಸುಧಾರಣೆ,Staff and administrative reform,ಆರೋಗ್ಯ ಇಲಾಖೆಯ ಆಯುಕ್ತರ ವಿರುದ್ದ ಸಿಬ್ಬಂದಿ ಮತ್ತು ಆಡಳಿತ ಸುಧಾರಣೆ ಇಲಾಖೆಯಲ್ಲಿನ ದೂರುಗಳ ಬಗ್ಗೆ,Regarding complaints in the Department of Personnel and Administrative Reforms against the Commissioner of Health,ಕೋಟ ಶ್ರೀನಿವಾಸ ಪೂಜಾರಿ,Kota Srinivasa Pujari
111,08/06/2017,ಸಿಬ್ಬಂಧಿ ಮತ್ತು ಆಡಳಿತ ಸುಧಾರಣೆ,Staff and administrative reform,ಕೌಶಲ್ಯಾಭಿವದ್ಧಿಗಾಗಿ ಕೇಂದ್ರ ಸರ್ಕಾರ ನೀಡಿರುವ ಅನುದಾನದ ಬಗ್ಗೆ,About the Central Government's grant of skill development,ಕೋಟ ಶ್ರೀನಿವಾಸ ಪೂಜಾರಿ,Kota Srinivasa Pujari
112,08/06/2017,ನಗರಾಭಿವೃದ್ಧಿ,Urban development,"ಕೇಂದ್ರದ ಮಹತ್ವಾಕಾಂಕ್ಷಿಯ ""ಸ್ಮಾರ್ಟ್ ಸಿಟಿ” ಯೋಜನೆ ಆರಂಭಕ್ಕೆ ರಾಜ್ಯದ ನಿರ್ಲಕ್ಷದ ಕುರಿತು","The state's ignorance of the Center's ambitious ""Smart City"" project begins",ಕೋಟ ಶ್ರೀನಿವಾಸ ಪೂಜಾರಿ,Kota Srinivasa Pujari
113,08/06/2017,ನಗರ ಯೋಜನಾ,City planning,ಬಹುಮಹಡಿ ಕಟ್ಟಡಗಳಲ್ಲಿ ಸಾರ್ವಜನಿಕ ಅಗತ್ಯ ಸೌಲಭ್ಯ ಹಾಗೂ ಸುರಕ್ಷತೆ ಒದಗಿಸುವ ಕುರಿತು,Providing public utility and security in multi-storey buildings,ಕೋಟ ಶ್ರೀನಿವಾಸ ಪೂಜಾರಿ,Kota Srinivasa Pujari
114,08/06/2017,ಗೃಹ,Home,ಗೃಹ ಇಲಾಖೆಯಲ್ಲಿನ ಖಾಲಿ ಹುದ್ದೆ ಭರ್ತಿ ಹಾಗೂ ಅತಿಯಾದ ಒತ್ತಡದ ಕುರಿತು,About filling in vacancy in the home department and over stress,ಕೋಟ ಶ್ರೀನಿವಾಸ ಪೂಜಾರಿ,Kota Srinivasa Pujari
115,08/06/2017,ನಗರ ಯೋಜನ,City planning,ಸುರಂಗ ರಸ್ತೆ ನಿರ್ಮಾಣ,Tunnel road construction,ಕೊಂಡಯ್ಯ .ಕೆ.ಸಿ,Kondaiah KC
116,08/06/2017,ನಗರಾಭಿವೃದ್ಧಿ,Urban development,ಕಾಮಗಾರಿ ಸ್ಥಗಿತಗೊಂಡಿರುವ ಕುರಿತು,About work stoppage,ಕೊಂಡಯ್ಯ .ಕೆ.ಸಿ,Kondaiah KC
117,08/06/2017,ಗಹ,Home,ಹಾಸನ ಜಿಲ್ಲೆಯಲ್ಲಿ ಹೊಸದಾಗಿ ಕೇಂದ್ರ ಕಾರಾಗೃಹ ನಿರ್ಮಾಣ ಮಾಡುವ ಬಗ್ಗೆ,About building a new central prison in Hassan district,ಗೋಪಾಲಸ್ವಾಮಿ .ಎಂ.ಎ,Gopalaswamy MA
118,08/06/2017,ಗಹ,Home,ಹಾಸನ ಜಿಲ್ಲಾ ಕೇಂದ್ರ ಕಾರಾಗೃಹದ ಸಿಬ್ಬಂದ್ಧಿ ಮತ್ತು ಖೈದಿಗಳ ವಿವರ,Hassan district central prison staff and prisoner details,ಗೋಪಾಲಸ್ವಾಮಿ .ಎಂ.ಎ,Gopalaswamy MA
119,08/06/2017,ನಗರ ಯೋಜನಾ,City planning,ಕೆ.ಎಂ.ಆರ್.ಪಿ. ಯೋಜನೆ ಬಗ್ಗೆ,KMRP About the project,ತಾರಾಅನೂರಾಧ,Tara Anuradha
120,08/06/2017,ಗೃಹ,Home,ಪೊಲೀಸ್ ಕಾನ್ಟೇಬಲ್‌ಗಳಿಗೆ ಮತ್ತು ಸಬ್ ಇನ್ಸ್‌ಪೆಕ್ಟರ್‌ಗಳಿಗೆ ನೀಡಲಾಗುತ್ತಿದ್ದ ಕಿಟ್ ಸೌಲಭ್ಯವನ್ನು ರದ್ದುಗೊಳಿಸಿರುವ ಬಗ್ಗೆ,About canceling the kit facility provided to police constables and sub-inspectors,ತಾರಾಅನೂರಾಧ,Tara Anuradha
121,08/06/2017,ಗೃಹ,Home,ನಕಲಿ ಪಾಸ್‌ಪೋರ್ಟ್ ಪ್ರಕರಣಗಳ ಕುರಿತು,About fake passport cases,ತಾರಾಅನೂರಾಧ,Tara Anuradha
122,08/06/2017,ಸಿಬ್ಬಂಧಿ ಮತ್ತು ಆಡಳಿತ ಸುಧಾರಣೆ,Staff and administrative reform,ಭ್ರಷ್ಟಾಚಾರ ನಿಗ್ರಹದಳ ಸ್ಥಾಪನೆಯಾದಾಗಿನಿಂದ ಭ್ರಷ್ಟ ಅಧಿಕಾರಿ ವಿರುದ್ಧ ನಡೆಸಿರುವ ದಾಳಿಗಳ ಬಗ್ಗೆ,About the attacks on the corrupt officer since the establishment of corruption restraint,ತಾರಾಅನುರಾಧ,Tara Anuradha
123,08/06/2017,ನಗರ ಯೋಜನ,City planning,ಎಸ್.ಟಿ.ಪಿ.ನಿರ್ಮಾಣದ ಬಗ್ಗೆ,About STP Production,ಚೌಡರೆಡ್ಡಿ ತೂಪಲ್ಲಿ .ಆರ್,Chowdareddy Tupalli R
124,08/06/2017,ಸಿಬ್ಬಂಧಿ ಮತ್ತು ಆಡಳಿತ ಸುಧಾರಣೆ,Staff and administrative reform,ಇಲಾಖಾ ಯೋಜನೆಗಳಬಗ್ಗೆ,About departmental projects,ಚೌಡರೆಡ್ಡಿ ತೂಪಲ್ಲಿ .ಆರ್,Chowdareddy Tupalli R
125,08/06/2017,ನಗರಾಭಿವೃದ್ಧಿ,Urban development,ಪಲಿಕೆಯಲ್ಲಿ ಖಾಲಿಯಿರುವ ಹುದ್ದೆಗಳ ಕುರಿತು,About empty vacancies,ಚೌಡರೆಡ್ಡಿ ತೂಪಲ್ಲಿ .ಆರ್,Chowdareddy Tupalli R
126,08/06/2017,ನಗರ ಯೋಜನಾ,City planning,ಖಾಲಿಯಿರುವ ಪೌರಕಾರ್ಮಿಕರ ಹುದ್ದೆಗಳನ್ನು ಭರ್ತಿಮಾಡುವ ಕುರಿತು,About filling out the vacancies of empty civic workers,ಚೌಡರೆಡ್ಡಿ ತೂಪಲ್ಲಿ .ಆರ್,Chowdareddy Tupalli R
127,08/06/2017,ಸಿಬ್ಬಂಧಿ ಮತ್ತು ಆಡಳಿತ ಸುಧಾರಣೆ,Staff and administrative reform,ಯೋಜನೆಗಳ ಪ್ರಕಾರ,According to the plans,ಚೌಡರೆಡ್ಡಿ ತೂಪಲ್ಲಿ .ಆರ್,Chowdareddy Tupalli R
128,08/06/2017,ನಗರಯೋಜನಾ,Urban planning,ಅಕ್ರಮ ಕಟ್ಟಡಗಳ ನಿರ್ಮಾಣದ ವಿರುದ್ಧ ಕ್ರಮ,Action against the construction of illegal buildings,ಧರ್ಮಸೇನ .ಆರ್,Dharmasena R
129,08/06/2017,ಗಹ,Ca.,ಸಂಚಾರ ನಿಯಮ ಪಾಲನೆಗೆ ಕ್ರಮ,Traffic Regulation Act,ಧರ್ಮಸೇನ .ಆರ್,Dharmasena R
130,08/06/2017,ನಗರಾಭಿವೃದ್ಧಿ,Urban development,ಕೆಂಗೇರಿ ಉಪನಗರದಲ್ಲಿ ಕೈಗೊಂಡಿರುವ ಕಾಮಗಾರಿಗಳು,Works under Kengeri suburb,,
131,09/06/2017,ಗ್ರಾಮೀಣಾಭಿವೃದ್ಧಿ ಮತ್ತು ಪಂಚಾಯತ್ ರಾಜ್,Rural Development and Panchayat Raj,ಶುದ್ಧ ಕುಡಿಯುವ ನೀರಿನ ಘಟಕಗಳು,Pure drinking water units,ಬೋಸ್‌ರಾಜು .ಎನ್.ಎಸ್,Bosaraju N S
132,09/06/2017,ಬೃಹತ್ ಹಾಗೂ ಮಧ್ಯಮ ಕೈಗಾರಿಕೆ,Large and medium enterprise,ಬೃಹತ್ ಕೈಗಾರಿಕೆಗಳ ಕುರಿತು,About the massive industries,ಬೋಸ್‌ರಾಜು .ಎನ್.ಎಸ್,Bosaraju N S
133,09/06/2017,ಗಮೀಣಾಭಿವೃದ್ಧಿ ಮತ್ತು ಪಂಚಾಯತ್ ರಾಜ್,Rural Development and Panchayat Raj,ಎಂ.ಇ.ಎಸ್. ಯೋಜನೆಯಡಿ ಕೆರೆ ನಿರ್ಮಾಣ,MES The lake is under construction,ಬೋಸ್‌ರಾಜು .ಎನ್.ಎಸ್,Bosaraju N S
134,09/06/2017,ಉನ್ನತ ಶಿಕ್ಷಣ,Higher education,ರಾಯಚೂರು ವಿಶ್ವವಿದ್ಯಾಲಯ ಪ್ರಾರಂಭ ಮಾಡುವ ಬಗ್ಗೆ,About starting the Raichur University,ಬೋಸ್‌ರಾಜು .ಎನ್.ಎಸ್,Bosaraju N S
135,09/06/2017,ಗಣಿ ಮತ್ತು ಭೂ ವಿಜ್ಞಾನ,Mine and geology,ಮರಳು ಸರಬರಾಜು ಕುರಿತು,About sand supply,ಬೋಸ್‌ರಾಜು .ಎನ್.ಎಸ್,Bosaraju N S
136,09/06/2017,ಗಣಿ ಮತ್ತು ಭೂ ವಿಜ್ಞಾ,Mine and land science,ಅಕ್ರಮ ಮರಳು ಸಾಗಾಣಿಕೆ ವಿಚಾರ,Illegal sand transport,ಭಾನುಪ್ರಕಾಶ,Bhanu Prakasha
137,09/06/2017,ಅಲ್ಪಸಂಖ್ಯಾತರ ಕಲ್ಯಾಣ,Minorities Welfare,ಅಲ್ಪಸಂಖ್ಯಾತರ ಕಲ್ಯಾಣಕ್ಕೆ ಅನುದಾನ ಬಿಡುಗಡೆ ಬಗ್ಗೆ,Issue of grant for minority welfare,ಭಾನುಪ್ರಕಾಶ,Bhanu Prakasha
138,09/06/2017,ಗ್ರಾಮೀಣಾಭಿವೃದ್ಧಿ ಮತ್ತು ಪಂಚಾಯತ್ ರಾಜ್,Rural Development and Panchayat Raj,ಗ್ರಾಮ ಪಂಚಾಯತಿಗಳ್ಲಲ್ಲಿ ವಸೂಲಿ ಮಾಡುತ್ತಿರುವ ಕರಗಳ ವಿಚಾರ,The issue of the crafting of gram panchayats,ಭಾನುಪ್ರಕಾಶ,Bhanu Prakasha
139,09/06/2017,ಗ್ರಾಮೀಣಾಭಿವೃದ್ಧಿ ಮತ್ತು ಪಂಚಾಯತ್ ರಾಜ್,Rural Development and Panchayat Raj,ಜಿಲ್ಲಾ ಮಂಚಾಯತ್ಗಳಿಗೆ ಬಿಡುಗಡೆ ಮಾಡಿರುವ ಅನುದಾನದ ವಿಚಾರ,Issue of grant released to District Magistrates,ಭಾನುಪ್ರಕಾಶ,Bhanu Prakasha
140,09/06/2017,ಪ್ರಾಥಮಿಕ ಮತ್ತು ಪ್ರೌಢಶಿಕ್ಷಣ,Primary and secondary education,ಕೊಡಗು ಜಿಲ್ಲೆಯ ಶಿಥಿಲಾವಸ್ಥೆಯಲ್ಲಿರುವ ಶಾಲೆಗಳ ದುರಸ್ತಿ ಮಾಡದಿರುವ ಬಗ್ಗೆ,Regarding repair of schools in the dilapidated schools of Kodagu district,ಸುನೀಲ್ ಸುಬ್ರಮಣಿ .ಎಂ.ಪಿ,Sunil Subramani M P
141,09/06/2017,ವಸತಿ,Housing,ಬಸವ ವಸತಿ ಯೋಜನೆಯಡಿ ನಿರ್ಮಾಣ ಮಾಡಲಾದ ಮನೆಗಳ ಬಗ್ಗೆ,About houses built under the Basava Housing Scheme,ಸುನೀಲ್ ಸುಬ್ರಮಣಿ .ಎಂ.ಪಿ,Sunil Subramani M P
142,09/06/2017,ಗ್ರಾಮೀಣಾಭಿವೃದ್ಧಿ ಮತ್ತು ಪಂಚಾಯತ್ ರಾಜ್,Rural Development and Panchayat Raj,ಉದ್ಯೋಗ ಖಾತ್ರಿ ಯೋಜನೆಯಡಿಯಲ್ಲಿ ಬಿಡುಗಡೆಯಾದ ಅನುದಾನದ ಬಗ್ಗೆ,About the grant released under the Employment Guarantee Scheme,ಸುನೀಲ್ ಸುಬ್ರಮಣಿ .ಎಂ.ಪಿ,Sunil Subramani M P
143,09/06/2017,ಸಾರಿಗೆ,Transport,ಕೆ.ಎಸ್.ಆರ್.ಟಿ.ಸಿ ಮತ್ತು ಬಿ.ಎಂ.ಟಿ.ಸಿ ಸಿಬ್ಬಂದಿಗಳಿಗೆ ಪಿ.ಎಫ್ ಮತ್ತು ಎಲ್.ಐ.ಸಿ ಹಣವನ್ನು ಕಟ್ಟದಿರುವ ಬಗ್ಗೆ,Regarding not paying PF and LIC funds to KSRTC and BMTC staff,ಸುನೀಲ್ ಸುಬ್ರಮಣಿ .ಎಂ.ಪಿ,Sunil Subramani M P
144,09/06/2017,ಸಾರಿಗೆ,Transport,ಪರಿಹಾರ ಧನ ನೀಡುವ ಬಗ್ಗೆ,About paying compensation,ಸಯದ್ ಮುಧೀರ್ ಅಗಾ,Syed Madir Aga
145,09/06/2017,ಪ್ರಾಥಮಿಕ ಮತ್ತು ಪ್ರೌಢ ಶಿಕ್ಷಣ,Primary and Secondary Education,ಶಾಲೆಗಳಲ್ಲಿ ಮೂಲಭೂತ ಸೌಕರ್ಯಗಳ ಬಗ್ಗೆ,About infrastructure in schools,ಸಯದ್ ಮುಧೀರ್ ಅಗಾ,Syed Madir Aga
146,09/06/2017,ಆರ್ಥಿಕ,Economy,ಮಸೀದಿಗಳಿಗೆ ಧನ ಸಹಾಯ,Funding for mosques,ಸಯದ್ ಮುಧೀರ್ ಅಗಾ,Syed Madir Aga
147,09/06/2017,ಅಲ್ಪಸಂಖ್ಯಾತರ ಕಲ್ಯಾಣ,Minorities Welfare,ಅಲ್ಪಸಂಖ್ಯಾತರ ಕಲ್ಯಾಣ ಇಲಾಖೆಯ ಯೋಜನೆಗಳು,Minorities Welfare Department Plans,ಸಯದ್ ಮುಧೀರ್ ಅಗಾ,Syed Madir Aga
148,09/06/2017,ಪ್ರಾಥಮಿಕ ಮತ್ತು ಪ್ರೌಢಶಿಕ್ಷಣ,Primary and secondary education,ಖಾಸಗಿ ಅನುದಾನಿತ ಪ್ರೌಢ ಶಾಲೆಗಳಲ್ಲಿ ತೆರವಾದ ಹುದ್ದೆಗಳನ್ನು ತುಂಬಿಕೊಳ್ಳುವ ಕುರಿತು,Filling out vacancies in Private Aided High Schools,ಸಂಕನೂರ .ಎಸ್.ವಿ,Sankanura S V
149,09/06/2017,ಉನ್ನತ ಶಿಕ್ಷಣ,Higher education,ಉಪನ್ಯಾಸಕರ ವೇತನ ತಾರತಮ್ಯ ಬಗೆಹರಿಸುವ ಕುರಿತು,About solving lecturer's pay discrimination,ಸಂಕನೂರ .ಎಸ್.ವ್ಹಿ,Sankanura S V
150,09/06/2017,ಗ್ರಾಮೀಣಾಭಿವೃದ್ಧಿ ಮತ್ತು ಪಂಚಾಯತ್ ರಾಜ್,Rural Development and Panchayat Raj,ಪಂಚಾಯಿತಿ ಸದಸ್ಯರಿಗೆ ನೀಡುತ್ತಿರುವ ಭತ್ಯೆ ಮತ್ತು ಗೌರವಧನ ಕುರಿತು,About the allowance and honor of the Panchayat members,ಸಮಣ್ಣ .ವಿ,Somanna V
151,09/06/2017,ಗ್ರಾಮೀಣಾಭಿವೃದ್ಧಿ ಮತ್ತು ಪಂಚಾಯತ್ ರಾಜ್,Rural Development and Panchayat Raj,ಹಾವೇರಿ ಜಿಲ್ಲೆಯಲ್ಲಿ ಮಹಾತ್ಮಗಾಂಧಿ ರಾಷ್ಟ್ರೀಯ ಉದ್ಯೋಗ ಖಾತ್ರಿ ಯೋಜನೆ ಬಗ್ಗೆ,About Mahatma Gandhi National Employment Guarantee Scheme in Haveri District,ಸೋಮಣ್ಣ ಮ ಬೇವಿನಮರದ,Samanna Ma Bevinamara
152,09/06/2017,ಗಣಿ ಮತ್ತು ಭೂ ವಿಜ್ಞಾನ,Mine and geology,ಹಾವೇರಿ ಜಿಲ್ಲೆಯ ಗಣಿಗಾರಿಕೆಯ ಬಗ್ಗೆ,About mining in Haveri district,ಸೋಮಣ್ಣ ಮ ಬೇವಿನಮರದ,Samanna Ma Bevinamara
153,09/06/2017,ಗ್ರಾಮೀಣಾಭಿವೃದ್ಧಿ ಮತ್ತು ಪಂಚಾಯತ್ ರಾಜ್,Rural Development and Panchayat Raj,ಗ್ರಾಮ ಪಂಚಾಯತ್‌ಗಳಲ್ಲಿ ಹಳ್ಳಿ ಸಂತೆ ಏರ್ಪಡಿಸುವ ಬಗ್ಗೆ,About organizing village seminars in Gram Panchayats,ಸೋಮಣ್ಣ ಮ ಬೇವಿನಮರದ,Samanna Ma Bevinamara
154,09/06/2017,ಪ್ರಾಥಮಿಕ ಮತ್ತು ಪ್ರೌಢ ಶಿಕ್ಷಣ,Primary and Secondary Education,ರಾಜ್ಯದಲ್ಲಿನ ಉರ್ದು ಶಾಲೆಗಳಲ್ಲಿ ಕನ್ನಡ ಶಿಕ್ಷಕರ ಹುದ್ದೆಗಳ ಬಗ್ಗೆ,About Kannada Teachers' Posts in Urdu Schools in the State,ಸೋಮಣ್ಣ ಮ ಬೇವಿನಮರದ,Samanna Ma Bevinamara
155,09/06/2017,ಗ್ರಾಮೀಣಾಭಿವೃದ್ಧಿ ಮತ್ತು ಪಂಚಾಯತ್ ರಾಜ್,Rural Development and Panchayat Raj,ಗ್ರಾಮ ಮಟ್ಟದಲ್ಲಿ ಸಕಾಲ ಸೇವೆಗಳು,Provisional services at village level,ಸೋಮಣ್ಣ ಮ ಬೇವಿನಮರದ,Samanna Ma Bevinamara
156,09/06/2017,ಗ್ರಾಮೀಣಾಭಿವೃದ್ಧಿ ಮತ್ತು ಪಂಚಾಯತ್ ರಾಜ್,Rural Development and Panchayat Raj,ಶುದ್ಧ ಕುಡಿಯುವ ನೀರಿನ ಕಾಮಗಾರಿಗಳ ಬಗೆ,What kind of clean drinking water works,ನಾರಾಯಣಸ್ವಾಮಿ .ಎಂ,Narayanaswamy M
157,09/06/2017,ಗ್ರಾಮೀಣಾಭಿವೃದ್ಧಿ ಮತ್ತು ಪಂಚಾಯತ್ ರಾಜ್,Rural Development and Panchayat Raj,ಪಿಡಿಓ ಹುದ್ದೆಯನ್ನು “ಗ್ರೂಪ್ ಬಿ ಹುದ್ದೆಗೆ ಉನ್ನತೀಕರಿಸುವ ಕುರಿತು,"About posting the PDO post ""to the Group B post",ನಾರಾಯಣಸ್ವಾಮಿ .ಎಂ,Narayanaswamy M
158,09/06/2017,ಪ್ರಾಥಮಿಕ ಮತ್ತು ಪ್ರೌಢ ಶಿಕ್ಷಣ,Primary and Secondary Education,ಪ್ರಾಥಮಿಕ ಮತ್ತು ಪ್ರೌಢ ಶಾಲೆಗಳ ಶಿಕ್ಷಕರ ಮತ್ತು ಕಂಪ್ಯೂಟರ್ ತರಬೇತಿ ಬಗ್ಗೆ,About teachers and computer training of primary and secondary schools,ನಾರಾಯಣಸ್ವಾಮಿ .ಎಂ,Narayanaswamy M
159,09/06/2017,ಬೃಹತ್ ಮತ್ತು ಮಧ್ಯಮ ಕೈಗಾರಿಕೆ,Large and medium enterprise,ಬೃಹತ್ ಕೈಗಾರಿಕೆಗಳ ವಿವರಗಳ ಬಗ್ಗೆ,About the huge industries details,ನಾರಾಯಣಸ್ವಾಮಿ .ಎಂ,Narayanaswamy M
160,09/06/2017,ಉನ್ನತ ಶಿಕ್ಷಣ,Higher education,ಪ್ರಥಮ ದರ್ಜೆ ಕಾಲೇಜಿನ ಸರ್ಕಾರಿ/ಖಾಸಗಿ ಉಪನ್ಯಾಸಕರ ಶೈಕ್ಷಣಿಕ ಗುಣಮಟ್ಟ ಮತ್ತು ಚಟುವಟಿಕೆಗಳ ವಿದ್ಯಾರ್ಥಿಗಳ ಬಗ್ಗೆ,About students of academic standards and activities of Government / Private lecturers of First Class College,ನಾರಾಯಣಸ್ವಾಮಿ .ಎಂ,Narayanaswamy M
161,09/06/2017,ಗ್ರಾಮೀಣಾಭಿವೃದ್ಧಿ ಮತ್ತು ಪಂಚಾಯತ್ ರಾಜ್,Rural Development and Panchayat Raj,ಹುಲ್ಲಹಳ್ಳಿ ಬಹುಗ್ರಾಮ ಕುಡಿಯುವ ನೀರಿನ ಯೋಜನೆ,Hullahalli Multigrah Drinking Water Project,ನಾಗರಾಜ್ .ಎಸ್,Nagaraja S
162,09/06/2017,ಪ್ರಾಥಮಿಕ ಮತ್ತು ಪ್ರೌಢ ಶಿಕ್ಷಣ,Primary and Secondary Education,ಚಾಮರಾಜನಗರದಲ್ಲಿರುವ ಸರ್ಕಾರಿ ಶಾಲೆಗಳಲ್ಲಿನ ಅವ್ಯವಸ್ಥೆ,Disorder in government schools in Chamarajanagar,ನಾಗರಾಜ್ .ಎಸ್,Nagaraja S
163,09/06/2017,ಗ್ರಾಮೀಣಾಭಿವೃದ್ಧಿ ಮತ್ತು ಪಂಚಾಯತ್ ರಾಜ್,Rural Development and Panchayat Raj,ಕಂದಹಳ್ಳಿ ಗ್ರಾಮದಲ್ಲಿ ಚರಂಡಿ ವ್ಯವಸ್ಥೆಯನ್ನು ಕಲ್ಪಿಸುವ ಬಗ್ಗೆ,About sewing system in Kandahalli village,ನಾಗರಾಜ್ .ಎಸ್,Nagaraja S
164,09/06/2017,ಕೈಗಾರಿಕೆ,Industry,ಕೂರ್ಗಹಳ್ಳಿ ಕೈಗಾರಿಕಾ ಪ್ರದೇಶದಲ್ಲಿ ಡಂಪಿಂಗ್ ಯಾರ್ಡ್ ಸ್ಥಾಪಿಸುವ ಬಗ್ಗೆ,About establishing dumping yard in the Coorgahalli Industrial Area,ನಾಗರಾಜ್ .ಎಸ್,Nagaraja S
165,09/06/2017,ಗ್ರಾಮೀಣಾಭಿವೃದ್ಧಿ ಮತ್ತು ಪಂಚಾಯತ್ ರಾಜ್,Rural Development and Panchayat Raj,ಕುಡಿಯುವ ನೀರಿನ ಘಟಕದ ಬಗ್ಗೆ,About the drinking water unit,ನಿರಾಣಿ ಹಣಮಂತ್ ರುದ್ರಪ್ಪ,Nirani Hanumanth Rudrappa
166,09/06/2017,ಮೂಲಸೌಲಭ್ಯ ಅಭಿವೃದ್ಧಿ,Infrastructure Development,ಕುಡಚಿ ರೈಲು ಮಾರ್ಗದ ಕಾಮಗಾರಿ ವಿಳಂಬದ ಬಗ್ಗೆ,About the delay in the construction of the Pondicherry railway line,ನಿರಾಣಿ ಹಣಮಂತ್ ರುದ್ರಪ್ಪ,Nirani Hanumanth Rudrappa
167,09/06/2017,ಪ್ರಾಥಮಿಕ ಮತ್ತು ಪ್ರೌಢ ಶಿಕ್ಷಣ,Primary and Secondary Education,ಪಿ.ಯು. ಬೋರ್ಡ್ ಅಧಿಕಾರಿಗಳ ಬೇಜವಾಬ್ದಾರಿತನ ಕುರಿತು,PU About the Board's responsibilities,ನಿರಾಣಿ ಹಣಮಂತ್ ರುದ್ರಪ್ಪ,Nirani Hanumanth Rudrappa
168,09/06/2017,ಪ್ರಾಥಮಿಕ ಮತ್ತು ಪ್ರೌಢ ಶಿಕ್ಷಣ,Primary and Secondary Education,೨೦೧೭-೧೮ರಲ್ಲಿ ಪದವಿ ಪೂರ್ವ ಕಾಲೇಜು ಮುಚ್ಚುವ ಕುರಿತು,About closing a graduate college in 2017-18,ನಿರಾಣಿ ಹಣಮಂತ್ ರುದ್ರಪ್ಪ,Nirani Hanumanth Rudrappa
169,09/06/2017,ಪ್ರಾಥಮಿಕ ಮತ್ತು ಪ್ರೌಢ ಶಿಕ್ಷಣ,Primary and Secondary Education,ಪದವಿ ಪೂರ್ವ ಕಾಲೇಜು ಕುರಿತು,About Pre-College,ನಿರಾಣಿ ಹಣಮಂತ್ ರುದ್ರಪ್ಪ,Nirani Hanumanth Rudrappa
170,09/06/2017,ಉನ್ನತ ಶಿಕ್ಷಣ,Higher education,ಪದವಿ ಕಾಲೇಜು ಕುರಿತು,About graduate college,ನಿರಾಣಿ ಹಣಮಂತ್ ರುದ್ರಪ್ಪ,Nirani Hanumanth Rudrappa
171,09/06/2017,ಸಣ್ಣ ಕೈಗಾರಿಕೆ,Small industry,ಸಣ್ಣ ಕೈಗಾರಿಕೆ ಅಭಿವೃದ್ಧಿಗಾಗಿ ಕ್ರಿಯಾ ಯೋಜನೆಯ ಕುರಿತು,About the Action Plan for Small Industry Development,ಪ್ರದೀಪ್ ಶೆಟ್ಟರ್,Pradeep Shettar
172,09/06/2017,ಗ್ರಾಮೀಣಾಭಿವೃದ್ಧಿ ಮತ್ತು ಪಂಚಾಯತ್ ರಾಜ್,Rural Development and Panchayat Raj,ಮುಖ್ಯಮಂತ್ರಿ ಗ್ರಾಮೀಣ ರಸ್ತೆ ಯೋಜನೆಯ ಕಾಮಗಾರಿಗಳ ಕುರಿತು,About the Chief Minister's Rural Road project,ಪ್ರದೀಪ್ ಶೆಟ್ಟರ್,Pradeep Shettar
173,09/06/2017,ವಸತಿ,Housing,ಕೊಳಚೆ ಪ್ರದೇಶಗಳ ಅಭಿವೃದ್ಧಿ ಕುರಿತು,About the development of slums,ಪ್ರದೀಪ್ ಶೆಟ್ಟರ್,Pradeep Shettar
174,09/06/2017,ವಸತಿ,Housing,ವಸತಿ ಯೋಜನೆಗಳು ವಿಳಂಬವಾಗುತ್ತಿರುವ ಕುರಿತು,About the delay in housing schemes,ಪ್ರದೀಪ್ ಶೆಟ್ಟರ್,Pradeep Shettar
175,09/06/2017,ವಸತಿ,Housing,ವಸತಿ ಯೋಜನೆಯ ಫಲಾನುಭವಿಗಳ ಆಯ್ಕೆ ಕುರಿತು,About the choice of beneficiaries of the housing scheme,ಪ್ರದೀಪ್ ಶೆಟ್ಟರ್,Pradeep Shettar
176,09/06/2017,ಗಣಿ ಮತ್ತು ಭೂ ವಿಜ್ಞಾನ,Mine and geology,ಮರಳು ಗಣಿಗಾರಿಕೆ ಕುರಿತು,About sand mining,ಪ್ರಾಣೇಶ್ .ಎಂ.ಕೆ,Pranesha M K
177,09/06/2017,ಗ್ರಾಮೀಣಾಭಿವೃದ್ಧಿ ಮತ್ತು ಪಂಚಾಯತ್ ರಾಜ್,Rural Development and Panchayat Raj,ಗ್ರಾಮ ಠಾಣಾಗಳ ಕುರಿತು,About Village Stations,ಪ್ರಾಣೇಶ್ .ಎಂ.ಕೆ,Pranesha M K
178,09/06/2017,ಗ್ರಾಮೀಣಾಭಿವೃದ್ಧಿ ಮತ್ತು ಪಂಚಾಯತ್ ರಾಜ್,Rural Development and Panchayat Raj,ಗ್ರಾಮ ಪಂಚಾಯಿತಿಗಳಲ್ಲಿ ಸ್ಟೈಪಿಂಗ್ ಮಿಷಿನ್ ಅಳವಡಿಸುವ ಬಗ್ಗೆ,About setting up a styling machine in village panchayats,ಪ್ರಾಣೇಶ್ .ಎಂ.ಕೆ,Pranesha M K
179,09/06/2017,ಪ್ರಾಥಮಿಕ ಮತ್ತು ಪ್ರೌಢ ಶಿಕ್ಷಣ,Primary and Secondary Education,ಬಸವನಹಳ್ಳಿ ಸರ್ಕಾರಿ ಪದವಿಪೂರ್ವ ಕಾಲೇಜು ಕುರಿತು,About Basavanahalli Government Undergraduate College,ಪ್ರಾಣೇಶ್ .ಎಂ.ಕೆ,Pranesha M K
180,09/06/2017,ಆರ್ಥಿಕ,Economy,ರಾಜ್ಯದ ಮಸೀದಿ ಮತ್ತು ಚರ್ಚ್‌ಗಳಿಗೆ ಬಿಡುಗಡೆಯಾದ ಅನುದಾನದ ಬಗ್ಗೆ,About the grant of the state mosque and the liberation of the churches,ಪ್ರಾಣೇಶ್ .ಎಂ.ಕೆ,Pranesha M K
181,09/06/2017,ಪ್ರಾಥಮಿಕ ಮತ್ತು ಪ್ರೌಢ ಶಿಕ್ಷಣ,Primary and Secondary Education,ಸರ್ಕಾರಿ ಕಿರಿಯ ಪ್ರಾಥಮಿಕ ಮತ್ತು ಪ್ರೌಢ ಶಾಲೆಗಳ ಅಭಿವೃದ್ಧಿ ಕುರಿತು,The Government is concerned about the development of junior primary and secondary schools,ಪ್ರತಾಪಚಂದ್ರ ಶೆಟ್ಟಿ .ಕೆ,Pratapachandra Shetty K
182,09/06/2017,ಗ್ರಾಮೀಣಾಭಿವೃದ್ಧಿ ಮತ್ತು ಪಂಚಾಯತ್ ರಾಜ್,Rural Development and Panchayat Raj,ಬಾಪೂಜಿ ಸೇವಾ ಕೇಂದ್ರಗಳ ಸೇವಾ ನಿರ್ವಹಣೆ ಬಗ್ಗೆ,About Bapuji Service Centers' Service Management,ಪ್ರತಾಪಚಂದ್ರ ಶೆಟ್ಟಿ .ಕೆ,Pratapachandra Shetty K
183,09/06/2017,ಗ್ರಾಮೀಣಾಭಿವೃದ್ಧಿ ಮತ್ತು ಪಂಚಾಯತ್ ರಾಜ್,Rural Development and Panchayat Raj,ರಾಜ್ಯದ ಕೊಳವೆ ಬಾವಿಗಳ ನಿಯಂತ್ರಣದ ಕುರಿತು,Regulation of state tube wells,ಪ್ರತಾಪಚಂದ್ರ ಶೆಟ್ಟಿ .ಕೆ,Pratapachandra Shetty K
184,09/06/2017,ಸಾರಿಗೆ,Transport,ಕರ್ನಾಟಕ ರಸ್ತೆ ಸಾರಿಗೆ ನಿಗಮದಿಂದ ದೊರೆಯುವ ಸವಲತ್ತುಗಳ ಕುರಿತು,About the privileges available from Karnataka Road Transport Corporation,ಪ್ರತಾಪಚಂದ್ರ ಶೆಟ್ಟಿ .ಕೆ,Pratapachandra Shetty K
185,09/06/2017,ಗಣಿ ಮತ್ತು ಭೂ ವಿಜ್ಞಾನ,Mine and geology,ಬೋರ್‌ವೆಲ್ ಕೊರೆಯುವ ಯಂತ್ರಗಳ ಮೇಲೆ ನಿಯಂತ್ರಣ,Control over borewell drilling machines,ಪ್ರತಾಪಚಂದ್ರ ಶೆಟ್ಟಿ .ಕೆ,Pratapachandra Shetty K
186,09/06/2017,ಪಶುಸಂಗೋಪನೆ,Animal husbandry,ಕ್ಷೀರ ಭಾಗ್ಯದ ಬಗ್ಗೆ,About Milky Way,ಪುಟ್ಟಸ್ವಾಮಿ .ಬಿ.ಜೆ,Puttaswamy B J
187,09/06/2017,ಗ್ರಾಮೀಣಾಭಿವೃದ್ಧಿ ಮತ್ತು ಪಂಚಾಯತ್ ರಾಜ್,Rural Development and Panchayat Raj,ಸ್ವಚ್ಛ ಭಾರತ ಯೋಜನೆಯಡಿಯಲ್ಲಿನ ಗ್ರಾಮೀಣ ಶೌಚಾಲಯದ ಬಗ್ಗೆ,About rural toilets under Clear India Scheme,ಪುಟ್ಟಸ್ವಾಮಿ .ಬಿ.ಜೆ,Puttaswamy B J
188,09/06/2017,ಬೃಹತ್ ಮತ್ತು ಮಧ್ಯಮ ಕೈಗಾರಿಕೆ,Large and medium enterprise,ಜಾಗತಿಕ ಬಂಡವಾಳ ಹೂಡಿಕೆದಾರರ ಸಮಾವೇಶದ ಬಗ್ಗೆ,About the Global Investor Convention,ಪುಟ್ಟಸ್ವಾಮಿ .ಬಿ.ಜೆ,Puttaswamy B J
189,09/06/2017,ವಸತಿ,Housing,ವಸತಿ ರಹಿತರಿಗೆ ಸರ್ಕಾರ ಮನೆಗಳ ನಿರ್ಮಾಣ ಮಾಡುವ ಬಗ್ಗೆ,About government building houses for non-resident,ಪುಟ್ಟಸ್ವಾಮಿ .ಬಿ.ಜೆ,Puttaswamy B J
190,09/06/2017,ವಸತಿ,Housing,ವಸತಿ ರಹಿತರಿಗೆ ಕೇಂದ್ರ ಸರ್ಕಾರ ಅನುದಾನ ಮಂಜೂರು ಮಾಡಿರುವ ಬಗ್ಗೆ,About sanction of central government grant to non-resident,ಪುಟ್ಟಸ್ವಾಮಿ .ಬಿ.ಜೆ,Puttaswamy B J
191,09/06/2017,ಪ್ರಾಥಮಿಕ ಮತ್ತು ಪ್ರೌಢ ಶಿಕ್ಷಣ,Primary and Secondary Education,೧೯೯೪-೯೫ನೇ ಸಾಲಿನವರೆಗಿನ ಅನುದಾನ ರಹಿತ ಶಾಲಾ ಕಾಲೇಜುಗಳನ್ನು ವೇತನಾನುದಾನಕ್ಕೆ ಒಳಪಡಿಸುವ ಬಗ್ಗೆ,About placing unsolved school colleges up to 1994-95,ಪುಟ್ಟಣ್ಣ,Puttanna
192,09/06/2017,ಪ್ರಾಥಮಿಕ ಮತ್ತು ಪ್ರೌಢ ಶಿಕ್ಷಣ,Primary and Secondary Education,ಖಾಸಗಿಯಾಗಿ ಮನೆ ಪಾಠ ಮಾಡುತ್ತಿರುವ ಬಗ್ಗೆ ಮಾಹಿತಿ ನೀಡುವುದು,Providing information about home teaching privately,ಪುಟ್ಟಣ್ಣ,Puttanna
193,09/06/2017,ಪ್ರಾಥಮಿಕ ಮತ್ತು ಪ್ರೌಢ ಶಿಕ್ಷಣ,Primary and Secondary Education,ಲೋಕ ಶಿಕ್ಷಣ ಇಲಾಖೆಯ ಕಾರ್ಯಕ್ರಮಗಳ ಮಾಹಿತಿ ವಿವರ ನೀಡುವ ಬಗ್ಗೆ,Information on providing information on world education department programs,ಪುಟ್ಟಣ್ಣ,Puttanna
194,09/06/2017,ಪ್ರಾಥಮಿಕ ಮತ್ತು ಪ್ರೌಢ ಶಿಕ್ಷಣ,Primary and Secondary Education,ಸ್ಥಾನೀಕರಣ ಸೌಲಭ್ಯ ನೀಡುವ ಬಗ್ಗೆ,About positioning facility,ಪುಟ್ಟಣ್ಣ,Puttanna
195,09/06/2017,ಪ್ರಾಥಮಿಕ ಮತ್ತು ಪ್ರೌಢ ಶಿಕ್ಷಣ,Primary and Secondary Education,ಅನುದಾನಿತ ಶಾಲಾ ಕಾಲೇಜುಗಳ ಮಾಹಿತಿ ಬಗ್ಗೆ,About information on subsidized school colleges,ಪುಟ್ಟಣ್ಣ,Puttanna
196,09/06/2017,ಪ್ರಾಥಮಿಕ ಮತ್ತು ಪ್ರೌಢಶಿಕ್ಷಣ,Primary and secondary education,ಸರ್ಕಾರಿ ಶಾಲೆಗಳ ದುರಸ್ತಿ ಬಗ್ಗೆ,About government schools repair,ಶರವಣ .ಟಿ.ಎ,Sharavana T A
197,09/06/2017,ಉನ್ನತ ಶಿಕ್ಷಣ,Higher education,ಬಿ.ಎಡ್. ವಿದ್ಯಾಭ್ಯಾಸದ ಬಗ್ಗೆ,B. Ed. About Education,ಶರವಣ .ಟಿ.ಎ,Sharavana T A
198,09/06/2017,ಪ್ರಾಥಮಿಕ ಮತ್ತು ಪ್ರೌಢ ಶಿಕ್ಷಣ,Primary and Secondary Education,ಖಾಸಗಿ ಶಾಲೆಗಳ ಪಠ್ಯ ಪುಸ್ತಕಗಳ ಬಗ್ಗೆ,About textbooks of private schools,ಶರವಣ .ಟಿ.ಎ,Sharavana T A
199,09/06/2017,ಉನ್ನತ ಶಿಕ್ಷಣ,Higher education,ಪ್ರಾಧ್ಯಾಪಕರ ಹುದ್ದೆಗಳ ಬಗ್ಗೆ,About Professor posts,ಶರವಣ .ಟಿ.ಎ,Sharavana T A
200,09/06/2017,ವಸತಿ,Housing,ರಾಜೀವ್ ಗಾಂಧಿ ವಸತಿ ಯೋಜನೆಯಡಿ ಮನೆ ಮಂಜೂರಿ ಕುರಿತು,Home approval under the Rajiv Gandhi Housing Scheme,ವಿವೇಕ್‌ರಾವ್ ವಸಂತರಾವ್ ಪಾಟೀಲ್,Vivek Rao Vasanth Rao Patil
201,09/06/2017,ಗ್ರಾಮೀಣಾಭಿವೃದ್ಧಿ ಮತ್ತು ಪಂಚಾಯತ್ ರಾಜ್,Rural Development and Panchayat Raj,ಅಥಣಿ ಮತ್ತು ಕಾಗವಾಡ ವಿಧಾನಸಭಾ ಕ್ಷೇತ್ರಗಳಿಗೆ ಶುದ್ಧ ಕುಡಿಯುವ ನೀರಿನ ಘಟಕ ನಿರ್ಮಾಣ,A clean drinking water unit for Athani and Kagawa assembly constituencies,ವಿವೇಕ್‌ರಾವ್ ವಸಂತರಾವ್ ಪಾಟೀಲ್,Vivek Rao Vasanth Rao Patil
202,09/06/2017,ಗ್ರಾಮೀಣಾಭಿವೃದ್ಧಿ ಮತ್ತು ಪಂಚಾಯತ್ ರಾಜ್,Rural Development and Panchayat Raj,ಗ್ರಾಮ ಪಂಚಾಯತಿಗಳಿಗೆ ಸ್ವಂತ ಕಟ್ಟಡಗಳು ಮತ್ತು ಮೂಲಭೂತ ಸೌಕರ್ಯ ಒದಗಿಸುವ ಬಗ್ಗೆ,About owning buildings and infrastructure for village panchayats,ವಿವೇಕ್‌ರಾವ್ ವಸಂತರಾವ್ ಪಾಟೀಲ್,Vivek Rao Vasanth Rao Patil
203,09/06/2017,ಪ್ರಾಥಮಿಕ ಮತ್ತು ಪ್ರೌಢ ಶಿಕ್ಷಣ,Primary and Secondary Education,ರಾಯಬಾಗ ತಾಲ್ಲೂಕಿನ ಕುಡಚಿ ಪಟ್ಟಣಕ್ಕೆ ಕನ್ನಡ ಪ್ರೌಢ ಶಾಲೆ ಮಂಜೂರಾತಿ ಕುರಿತು,About Kannada High School sanction for Kudichi town in Raaibaga taluk,ವಿವೇಕ್‌ರಾವ್ ವಸಂತರಾವ್ ಪಾಟೀಲ್,Vivek Rao Vasanth Rao Patil
204,09/06/2017,ಸಾರಿಗೆ,Transport,ಆರ್.ಟಿ.ಓ. ಕಛೇರಿ ಕುರಿತು,RTO About the office,ವಿವೇಕ್‌ರಾವ್ ವಸಂತರಾವ್ ಪಾಟೀಲ್,Vivek Rao Vasanth Rao Patil
205,09/06/2017,ಸಾರಿಗೆ,Transport,ಏ.S.ಖ.ಖಿ.ಅ/ಃ.ಒ.ಖಿ.ಅ ಗಳಲ್ಲಿ ನೌಕರರ ಸಂಘಟನೆಗಳ ಮಾನ್ಯತೆ ಬಗ್ಗೆ,About Employees' Association's recognition in the ACKA / OECAs,ವೀರಯ್ಯ .ಡಿ.ಎಸ್,Veerayya D S
206,09/06/2017,ಕೈಗಾರಿಕಾ,Industrial,ಕೈಗಾರಿಕಾ ನಿವೇಶನದ ಹಂಚಿಕೆ ಕುರಿತು,About sharing of industrial sites,ವೀರಯ್ಯ .ಡಿ.ಎಸ್,Veerayya D S
207,09/06/2017,ಉನ್ನತ ಶಿಕ್ಷಣ,Higher education,ಕುಶಾಲನಗರದ ಸರ್ಕಾರಿ ಇಂಜಿನಿಯರಿಂಗ್ ಕಾಲೇಜಿನಲ್ಲಿ ಸಿವಿಲ್ ವಿಭಾಗದ ಪ್ರಯೋಗಾಲಯದಲ್ಲಿ ಸಾಮಗ್ರಿಗಳ ಕೊರತೆ ಇರುವ ಕುರಿತು,"About the lack of material in a civil department laboratory at Government Engineering College, Kushalnagar",ವೀಣಾ ಅಚ್ಚಯ್ಯ .ಎಸ್,Veena achchaiah S
208,09/06/2017,ಸಾರಿಗೆ,Transport,ಮಡಿಕೇರಿಗೆ ಸ್ಲೀಪರ್ ಬಸ್ ಸೌಲಭ್ಯ ಕಲ್ಪಿಸುವ ಕುರಿತು,About sleeper bus facility to Madikeri,ವೀಣಾ ಅಚ್ಚಯ್ಯ .ಎಸ್,Veena achchaiah S
209,09/06/2017,ಗ್ರಾಮೀಣಾಭಿವೃದ್ಧಿ ಮತ್ತು ಪಂಚಾಯತ್ ರಾಜ್,Rural Development and Panchayat Raj,ಅಂತರ್ಜಲ ಮಟ್ಟ ಹೆಚ್ಚಿಸುವ ಕಾಮಗಾರಿಗಳಿಗೆ ನೀಡುತ್ತಿರುವ ಪ್ರೋತ್ಸಾಹ ಕುರಿತು,Concerns about incentives for groundwater level improvements,ವೀಣಾ ಅಚ್ಚಯ್ಯ .ಎಸ್,Veena achchaiah S
210,09/06/2017,ಗ್ರಾಮೀಣಾಭಿವೃದ್ಧಿ ಮತ್ತು ಪಂಚಾಯತ್ ರಾಜ್,Rural Development and Panchayat Raj,ಗ್ರಾಮಸ್ವರಾಜ್ ೨ನೇ ಹಂತದ ಜಾರಿ ಕುರಿತು,Gramaswaraj about the 2nd phase enforcement,ವೀಣಾ ಅಚ್ಚಯ್ಯ .ಎಸ್,Veena achchaiah S
211,09/06/2017,ಗ್ರಾಮೀಣಾಭಿವೃದ್ಧಿ ಮತ್ತು ಪಂಚಾಯತ್ ರಾಜ್,Rural Development and Panchayat Raj,ತಾಲ್ಲೂಕು ಪಂಚಾಯತಿಯಲ್ಲಿ ಎರಡು ಹೆಚ್ಚುವರಿ ಸಹಾಯಕ ನಿರ್ದೇಶಕರ ಹುದ್ದೆ ಸೃಜಿಸುವ ಪ್ರಸ್ತಾವ ಕುರಿತು,About the proposal to create the post of two Additional Assistant Directors in Taluk Panchayat,ವೀಣಾ ಅಚ್ಚಯ್ಯ .ಎಸ್,Veena achchaiah S
212,09/06/2017,ಅಲ್ಪಸಂಖ್ಯಾತರ ಕಲ್ಯಾಣ,Minorities Welfare,ಬೀದರ್ ಜಿಲ್ಲೆಗೆ ಅಂಬೇಡ್ಕರ್ ವಸತಿ ಯೋಜನೆ ಆಶ್ರಯ ಯೋಜನೆ ಮಂಜೂರು ನೀಡುವ ಬಗ್ಗೆ,Ambedkar Housing Scheme sanctions for Bidar district sanctions,ವಿಜಯ ಸಂಗ್,Vijay Singh
213,09/06/2017,ಸಾರಿಗೆ,Transport,ಬೀದರ್ ಜಿಲ್ಲೆಯಲ್ಲಿರುವ ಸಾರಿಗೆ ಸೌಲಭ್ಯಗಳ ಕೊರತೆ ಬಗ್ಗೆ,About lack of transport facilities in Bidar district,ವಿಜಯ ಸಂಗ್,Vijay Singh
214,09/06/2017,ಸಾರಿಗೆ,Transport,ಹೈದರಾಬಾದ್ ಕರ್ನಾಟಕದ ಎಸ್.ಎಸ್.ಎಲ್.ಸಿ. ಮತ್ತು ಪಿ.ಯು.ಸಿ. ಫಲಿತಾಂಶದ ಬಗ್ಗೆ,SSLC in Hyderabad Karnataka And PUC About the outcome,ವಿಜಯ ಸಂಗ್,Vijay Singh
215,09/06/2017,ಗ್ರಾಮೀಣಾಭಿವೃದ್ಧಿ ಮತ್ತು ಪಂಚಾಯತ್ ರಾಜ್,Rural Development and Panchayat Raj,ಬೀದರ್ ಜಿಲ್ಲೆಯಲ್ಲಿ ಶುದ್ಧ ಕುಡಿಯುವ ನೀರಿನ ಘಟಕಗಳ ಬಗ್ಗೆ,About pure drinking water plants in Bidar district,ವಿಜಯ ಸಂಗ್,Vijay Singh
216,09/06/2017,ಲೋಕೋಪಯೋಗಿ,Public service,ಕಾಮಗಾರಿಗಳು ಅಪೂರ್ಣಗೊಂಡಿರುವ ಬಗ್ಗೆ,About the work is incomplete,ವಿಜಯ ಸಂಗ್,Vijay Singh
217,09/06/2017,ಗ್ರಾಮೀಣಾಭಿವೃದ್ಧಿ ಮತ್ತು ಪಂಚಾಯತ್ ರಾಜ್,Rural Development and Panchayat Raj,ಕುಡಿಯುವ ನೀರಿನ ಬಿಲ್ಲುಗಳು ಪಾವತಿಯಾಗದೆ ಬಾಕಿಯಿರುವ ಬಗ್ಗೆ,Drinking water bills are about to be paid off,ಬಸವನಗೌಡ ಆರ್ ಪಾಟೀಲ್,Basanagowda R Patil
218,09/06/2017,ಕೈಗಾರಿಕೆ,Industry,ರಾಜ್ಯದಲ್ಲಿ ಕಗಾರಿಕೆಗಳ ಸ್ಥಾಪನೆಗೆ ವಶಪಡಿಸಿಕೊಂಡ ರೈತರ ಭೂಮಿಯ ಬಗ್ಗೆ,About the land of farmers who seized the establishment of industries in the state,ಬಸವರಾಜ ಶಿವಲಿಂಗಪ್ಪ ಹೊರಟ್ಟಿ,Basavaraja Shivalingappa Horatti
219,09/06/2017,ಗ್ರಾಮೀಣಾಭಿವೃದ್ಧಿ ಮತ್ತು ಪಂಚಾಯತ್ ರಾಜ್,Rural Development and Panchayat Raj,ರಾಜ್ಯದಲ್ಲಿ ಕುಡಿಯುವ ನೀರಿನ ಪ್ರಯೋಗಾಲಯಗಳನ್ನು ಸ್ಥಾಪಿಸಿರುವ ಕುರಿತು,About establishing drinking water laboratories in the state,ಬಸವರಾಜ ಶಿವಲಿಂಗಪ್ಪ ಹೊರಟ್ಟಿ,Basavaraja Shivalingappa Horatti
220,09/06/2017,ಪಥಮಿಕ ಮತ್ತು ಪ್ರೌಢ ಶಿಕ್ಷಣ,Primary and Secondary Education,ಅನುದಾನಿತ ಪ್ರಾಥಮಿಕ ಹಾಗೂ ಪ್ರೌಢ ಶಾಲೆಗಳಲ್ಲಿ ಡಿಸೆಂಬರ್ ೨೦೧೫ರ ಅಂತ್ಯದವರೆಗೆ ಖಾಲಿಯಾಗಿರು ಶಿಕ್ಷಕರ ಭರ್ತಿಗೆ ಅನುಮತಿ ನೀಡುವ ಬಗ್ಗೆ,Empowerment of teachers for filling up of elementary and secondary schools until the end of December 2015,ಬಸವರಾಜ ಶಿವಲಿಂಗಪ್ಪ ಹೊರಟ್ಟಿ,Basavaraja Shivalingappa Horatti
221,09/06/2017,ಉನ್ನತ ಶಿಕ್ಷಣ,Higher education,ಪದವಿ ಕಾಲೇಜುಗಳಲ್ಲಿ ಖಾಲಿ ಇರುವ ಪ್ರಾಂಶುಪಾಲರ ಹುದ್ದೆಗಳನ್ನು ಭರ್ತಿ ಮಾಡುವ ಬಗ್ಗೆ,About filling vacancies in vacant principal posts in graduate colleges,ಬಸವರಾಜ ಶಿವಲಿಂಗಪ್ಪ ಹೊರಟ್ಟಿ,Basavaraja Shivalingappa Horatti
222,09/06/2017,ಉನ್ನತ ಶಿಕ್ಷಣ,Higher education,ಟಿ.ಜಿ.ಟಿ / ಬಿ.ಆರ್.ಪಿ / ಇ.ಸಿ.ಓ.ಗಳಿಗೆ ವಿಶೇಷ ವೇತನ ಬಡ್ತಿ ಮಂಜೂರು ಮಾಡದಿರುವ ಬಗ್ಗೆ,Regarding sanction of special wages for TGT / BRP / ECOs,ಬಸವರಾಜ ಶಿವಲಿಂಗಪ್ಪ ಹೊರಟ್ಟಿ,Basavaraja Shivalingappa Horatti
223,09/06/2017,ಪ್ರಾಥಮಿಕ ಮತ್ತು ಪ್ರೌಢ ಶಿಕ್ಷಣ,Primary and Secondary Education,ಕಂಪ್ಯೂಟರ್ ಶಿಕ್ಷಕರ ಸಮಸ್ಯೆ ಬಗ್ಗೆ,About the problem of computer teachers,ಲಕ್ಷೀನಾರಾಯಣ .ಎಂ.ಡಿ,Lakshmi Narayana MD
224,09/06/2017,ಗ್ರಾಮೀಣಾಭಿವೃದ್ಧಿ ಮತ್ತು ಮಂಚಾಯತ್ ರಾಜ್,Rural Development and Manchayat Raj,ಗ್ರಾಮ ಪಂಚಾಯಿತಿಯ ನೌಕರರ ಕನಿಷ್ಟ ವೇತನ ಜಾರಿಗೊಳಿಸುವ ಬಗ್ಗೆ,Minimum wage implementation of Grama Panchayat employees,ಲಕ್ಷೀನಾರಾಯಣ .ಎಂ.ಡಿ,Lakshmi Narayana MD
225,09/06/2017,ಗ್ರಾಮೀಣಾಭಿವೃದ್ಧಿ ಮತ್ತು ಮಂಚಾಯತ್ ರಾಜ್,Rural Development and Manchayat Raj,ನೂತನ ಗ್ರಾಮ ಮಂಚಾಯ್ತಿಗಳ ಕಟ್ಟಡಗಳಲ್ಲಿ ಮೂಲಭೂತ ಸೌಕರ್ಯದ ಕರತೆ ಬಗ್ಗೆ,Basic infrastructure in the buildings of new village municipalities,ಲಕ್ಷೀನಾರಾಯಣ .ಎಂ.ಡಿ,Lakshmi Narayana MD
226,09/06/2017,ವಸತಿ,Housing,ರಾಜ್ಯ ಬಡ ನೇಕಾರರಿಗೆ ವಸತಿ ನೀಡುವ ಬಗ್ಗೆ,About housing for poor poor weavers,ಲಕ್ಷೀನಾರಾಯಣ .ಎಂ.ಡಿ,Lakshmi Narayana MD
227,09/06/2017,ಜವಳಿ,Textile,ನೇಕಾರರಿಗೆ ನೀಡುವ ಕೈಗಾರಿಕಾ ಜಾಗದ ಬಗ್ಗೆ.,About the weaver's industrial space.,ಲಕ್ಷೀನಾರಾಯಣ .ಎಂ.ಡಿ,Lakshmi Narayana MD
228,09/06/2017,ಪ್ರಾಥಮಿಕ ಮತ್ತು ಪ್ರೌಢಶಿಕ್ಷಣ,Primary and secondary education,ಅನುದಾನ ರಹಿತ (ಖಾಸಗಿ) ಶಿಕ್ಷಣ ಸಂಸ್ಥೆಯ ಸಿಬ್ಬಂದಿಗಳ ಬಗ್ಗೆ,About Non-Assistant (Private) Education Organization staff,ಶ್ರೀಕಂಠೇಗೌಡ .ಕೆ.ಟಿ,Srikantegowda KT
229,09/06/2017,ಉನ್ನತ ಶಿಕ್ಷಣ,Higher education,೧೯೯೫ರ ಪೂರ್ವದ ಖಾಸಗಿ ಪ್ರಥಮ ದರ್ಜೆ ಕಾಲೇಜುಗಳನ್ನು ವೇತನಾನುದಾನಕ್ಕೆ ಒಳಪಡಿಸುವ ಬಗ್ಗೆ,About placing private first-class colleges in early 1995,ಶ್ರೀಕಂಠೇಗೌಡ .ಕೆ.ಟಿ,Srikantegowda KT
230,09/06/2017,ಉನ್ನತ ಶಿಕ್ಷಣ,Higher education,ಅನುದಾನಿತ ಪ್ರಥಮ ದರ್ಜೆ ಕಾಲೇಜುಗಳಲ್ಲಿನ ಖಾಲಿ ಹುದ್ದೆಗಳ ಭರ್ತಿ ಬಗ್ಗೆ,About filling up vacancies in aided first-class colleges,ಶ್ರೀಕಂಠೇಗೌಡ .ಕೆ.ಟಿ,Srikantegowda KT
231,09/06/2017,ಗ್ರಾಮೀಣಾಭಿವೃದ್ಧಿ ಮತ್ತು ಪಂಚಾಯತ್ ರಾಜ್,Rural Development and Panchayat Raj,ಪಂಚಾಯತ್ ಅಭಿವೃದ್ಧಿ ಅಧಿಕಾರಿ ಹುದ್ದೆಯನ್ನು ಮೇಲ್ದರ್ಜೆಗೇರಿಸುವ ಬಗ್ಗೆ,Upgrading the post of Panchayat Development Officer,ಶ್ರೀಕಂಠೇಗೌಡ .ಕೆ.ಟಿ,Srikantegowda KT
232,09/06/2017,ಉನ್ನತ ಶಿಕ್ಷಣ,Higher education,ಸರ್ಕಾರಿ ಪ್ರಥಮ ದರ್ಜೆ ಕಾಲೇಜುಗಳ ಸಹಾಯಕ ಪ್ರಾಧ್ಯಾಪಕರ ಹುದ್ದೆಗಳ ಬಗ್ಗೆ,Assistant Professor of Government First-class Colleges,ಶ್ರೀಕಂಠೇಗೌಡ .ಕೆ.ಟಿ,Srikantegowda KT
233,09/06/2017,ಗ್ರಾಮೀಣಾಭಿವೃದ್ಧಿ ಮತ್ತು ಪಂಚಾಯತ್ ರಾಜ್,Rural Development and Panchayat Raj,ಸಾರ್ವತ್ರಿಕ ವರ್ಗಾವಣೆಯ ಬಗ್ಗೆ,About universal transfer,ಮನೋಹರ್ .ಸಿ.ಆರ್,Manohara CR
234,09/06/2017,ಬೃಹತ್ ಮತ್ತು ಮಧ್ಯಮ ಕೈಗಾರಿಕೆ,Large and medium enterprise,ಕೆ.ಐ.ಎ.ಡಿ.ಬಿ. ಯಿಂದ ಸ್ವಾಧೀನಪಡಿಸಿಕೊಂಡಿರುವ ಭೂಮಿಯ ಬಗ್ಗೆ,KIADB About the land acquired by,ಮನೋಹರ್ .ಸಿ.ಆರ್,Manohara CR
235,09/06/2017,ಗ್ರಾಮೀಣಾಭಿವೃದ್ಧಿ ಮತ್ತು ಪಂಚಾಯತ್ ರಾಜ್,Rural Development and Panchayat Raj,ಚಿಕ್ಕಮಗಳೂರು ಜಿಲ್ಲೆಯ ಗ್ರಾಮ ಪಂಚಾಯಿತಿಗಳಿಗೆ ಬಿಡುಗಡೆ ಯಾಗಿರುವ ಅನುದಾನದ ಬಗ್ಗೆ,Grants to Gram Panchayats in Chikmagalur District,ಮೋಟಮ್ಮ,Motamma
236,09/06/2017,ವಸತಿ,Housing,ಚಿಕ್ಕಮಗಳೂರು ಜಿಲ್ಲೆಯಲ್ಲಿ ಮಂಜೂರಾಗಿರುವ ಮನೆಗಳ ಬಗ್ಗೆ,About houses sanctioned in Chikkamagaluru district,ಮೋಟಮ್ಮ,Motamma
237,09/06/2017,ಉನತ ಶಿಕ್ಷಣ,Education,ವಿಶ್ವವಿದ್ಯಾಲಯದಲ್ಲಿ ಟoಛಿಚಿಟ iಟಿsಠಿeಛಿಣioಟಿ ಛಿommiಣee ಗಳಿಗೆ ಸದಸ್ಯರನ್ನು ನೇಮಿಸುವ ಬಗ್ಗೆ,About the appointment of members of the university in the university and in the university,ಅಪ್ಪಾಜಿಗೌಡ .ಎನ್,Appajigowda N
238,09/06/2017,ಪ್ರಾಥಮಿಕ ಮತ್ತು ಪ್ರೌಢಶಿಕ್ಷಣ,Primary and secondary education,ಬಳ್ಳಾರಿ ಜಿಲ್ಲೆಯಲ್ಲಿ ಬರುವ ಹೂವಿನ ಹಡಗಲಿ ತಾಲ್ಲೂಕನ್ನು ಶೈಕ್ಷಣಿಕ ಜಿಲ್ಲೆಯನ್ನಾಗಿ ಘೋಷಿಸುವ ಬಗ್ಗೆ,About the announcement of the flower shaikali taluk in the Bellary district as an educational district,ಅಮರನಾಥ ಪಾಟೀಲ್,Amaranatha Patil
239,09/06/2017,ಪ್ರಾಥಮಿಕ ಮತ್ತು ಪ್ರೌಢಶಿಕ್ಷಣ,Primary and secondary education,ಕಾಲ್ಪನಿಕ ವೇತನ ಸಮಸ್ಯೆ ಕುರಿತು,About the fictional pay issue,ಅರುಣ ಶಹಾಪುರ,Aruna Shahaapura
240,09/06/2017,ವಸತಿ,Housing,ಗೊಲ್ಲರ ಹಟ್ಟಿಗಳಿಗೆ ವಸತಿ ಕಲ್ಪಿಸುವ ಬಗ್ಗೆ,About Gotta Housing Housing,ಜಯಮ್ಮ,Jayamma
241,09/06/2017,ಸಾರಿಗೆ,Transport,ಬೆಂಗಳೂರು ನಗರದ ಸಾರಿಗೆ ವ್ಯವಸ್ಥೆ ಬಗ್ಗೆ,About Bangalore City Transportation,ಜಯಮ್ಮ,Jayamma
242,09/06/2017,ಪಂಚಾಯತ್ ರಾಜ್ ಸಚಿವರು,Panchayat Raj ministers,ಮಕ್ಕಳ ಹಕ್ಕುಗಳ ಗ್ರಾಮಸಭೆ ಕುರಿತು,About the rights of children's rights,ಜಯಮಾಲ ರಾಮಚಂದ್ರ,Jayamala Ramachandra
243,09/06/2017,ಪ್ರಾಥಮಿಕ ಮತ್ತು ಪ್ರೌಢ ಶಿಕ್ಷಣ,Primary and Secondary Education,ಪದವಿ ಪೂರ್ವ ಕಾಲೇಜುಗಳ ಮೂಲಭೂತ ಸೌಕರ್ಯ ಕುರಿತು,Regarding the infrastructure of undergraduate colleges,ಜಯಮಾಲ ರಾಮಚಂದ್ರ,Jayamala Ramachandra
244,09/06/2017,ಗ್ರಾಮೀಣಾಭಿವೃದ್ಧಿ ಮತ್ತು ಪಂಚಾಯತ್ ರಾಜ್,Rural Development and Panchayat Raj,ಶುದ್ಧ ಕುಡಿಯುವ ನೀರು ಘಟಕಗಳ ವಿವರ,Detail of pure drinking water plants,ಜಯಮಾಲ ರಾಮಚಂದ್ರ,Jayamala Ramachandra
245,09/06/2017,ಗ್ರಾಮೀಣಾಭಿವೃದ್ಧಿ ಮತ್ತು ಪಂಚಾಯತ್ ರಾಜ್,Rural Development and Panchayat Raj,ಮಹಾತ್ಮಗಾಂಧಿ ಗ್ರಾಮೀಣ ಉದ್ಯೋಗ ಖಾತ್ರಿ ಯೋಜನೆ ಕುರಿತು,About Mahatma Gandhi Rural Employment Guarantee Scheme,ಜಯಮಾಲ ರಾಮಚಂದ್ರ,Jayamala Ramachandra
246,09/06/2017,ಕೈಗಾರಿಕೆ,Industry,ಕಲಬುರಗಿ ಜಿಲ್ಲೆಯ ಕೈಗಾರಿಕೆಗಳ ಬಗ್ಗೆ,About the industries of the artificial district,ಇಕ್ಬಾಲ್ ಅಹ್ಮದ್ ಸರಡಗಿ,Ikbal Ahmad Sadaragi
247,09/06/2017,ಲೋಕೋಪಯೋಗಿ,Public service,ಕಲುಬುರಗಿ ಜಿಲ್ಲೆಯ ರಸ್ತೆಗಳಿಗೆ ಸಂಬಂಧಿಸಿದಂತೆ,For roads in the orthopedic district,ಇಕ್ಬಾಲ್ ಅಹ್ಮದ್ ಸರಡಗಿ,Ikbal Ahmad Sadaragi
248,09/06/2017,ಲೋಕೋಪಯೋಗಿ,Public service,ಕಲಬುರಗಿ ಜಿಲ್ಲೆಯ ರಸ್ತೆಗಳ ಅಭಿವೃದ್ಧಿ,Development of roads in Kalaburagi district,ಇಕ್ಬಾಲ್ ಅಹ್ಮದ್ ಸರಡಗಿ,Ikbal Ahmad Sadaragi
249,09/06/2017,ಸಾರಿಗೆ,Transport,ಸಾರಿಗೆ ಇಲಾಖೆಯ ವೋಲ್ವೋ ಬಸ್ಸುಗಳ ಬಗ್ಗೆ,About the Volvo Buses of the Transport Department,ರಾಮಪ್ಪ ತಿಮ್ಮಾಪೂರ,Ramappa Timmapura
250,09/06/2017,ಉನ್ನತ ಶಿಕ್ಷಣ,Higher education,ವಿ.ಟಿ.ಯು ದಿಂದ ಫಲಿತಾಂಶ ಪ್ರಕಟಿಸಲು ವಿಳಂಬವಾಗಿರುವ ಬಗ್ಗೆ,About delay to publish results from VTU,ರಾಮಚಂದ್ರಗೌಡ,Ramachandra Gowda
251,09/06/2017,ಪ್ರಾಥಮಿಕ ಮತ್ತು ಪ್ರೌಢ ಶಿಕ್ಷಣ,Primary and Secondary Education,ಶಿಥಿಲಾವಸ್ಥೆಯಲ್ಲಿರುವ ಸರ್ಕಾರಿ ಕಿರಿಯ ಪ್ರಾಥಮಿಕ ಶಾಲೆ,Government junior primary school in dilapidated condition,ರಾಮಚಂದ್ರಗೌಡ,Ramachandra Gowda
252,09/06/2017,ಪ್ರಾಥಮಿಕ ಮತ್ತು ಪ್ರೌಢ ಶಿಕ್ಷಣ,Primary and Secondary Education,ಉಪನ್ಯಾಸಕರಿಗೆ ವೇತನ ಸಹಿತ ರಜೆ,Salary leave for lecturers,ರಾಮಚಂದ್ರಗೌಡ,Ramachandra Gowda
253,09/06/2017,ಕನ್ನಡ ಮತ್ತು ಸಂಸ್ಕೃತಿ,Kannada and culture,ಕನ್ನಡ ಪುಸ್ತಕಗಳ ಖರೀದಿ,Buy books for Kannada books,ರಾಮಚಂದ್ರಗೌಡ,Ramachandra Gowda
254,09/06/2017,ಉನ್ನತ ಶಿಕ್ಷಣ,Higher education,ಮುಕ್ತ ವಿಶ್ವವಿದ್ಯಾಲಯಗಳ ಬಗ್ಗೆ,About Open Universities,ರಾಮಚಂದ್ರಗೌಡ,Ramachandra Gowda
255,09/06/2017,ಸಾರಿಗೆ,Transport,ಏ.S.ಖ.ಖಿ.ಅ ಮತ್ತು ಃ.ಒ.ಖಿ.ಅ ಬಸ್ಸುಗಳ ಬಗ್ಗೆ,About ACCKA and HCOBs,ರಮೇಶ್ ಬಾಬು,Ramesha Babu
256,09/06/2017,ಕೈಗಾರಿಕೆ,Industry,ಏIಂಆಃ ಕೈಗಾರಿಕಾ ನಿವೇಶನದ ಬಗ್ಗೆ,What I'm talking about is an industrial site,ರಮೇಶ್ ಬಾಬು,Ramesha Babu
257,09/06/2017,ವಸತಿ,Housing,ಗೃಹ ಮಂಡಳಿ ನಿವೇಶನಗಳ ಬಗ್ಗೆ,About House Boards,ರಮೇಶ್ ಬಾಬು,Ramesha Babu
258,09/06/2017,ಉನ್ನತ ಶಿಕ್ಷಣ,Higher education,ಕಾಲೇಜು ಶಿಕ್ಷಣದ ಬಗ್ಗೆ,About college education,ರಮೇಶ್ ಬಾಬು,Ramesha Babu
259,09/06/2017,ಪ್ರಾಥಮಿಕ ಮತ್ತು ಪ್ರೌಢ ಶಿಕ್ಷಣ,Primary and Secondary Education,ಪ್ರಾಥಮಿಕ ಮತ್ತು ಪ್ರೌಢಶಾಲೆಗಳ ಕೇಂದ್ರ ಮಾಹಿತಿ ಬಗ್ಗೆ,About Primary and High School Central Information,ರಮೇಶ್ ಬಾಬು,Ramesha Babu
260,09/06/2017,ಮೂಲಸೌಲಭ್ಯ ಅಭಿವೃದ್ಧಿ,Infrastructure Development,ರೈಲ್ವೆಯಲ್ಲಿ ಕಳ್ಳತನವಾಗುತ್ತಿರುವ ಬಗ್ಗೆ,About theft of the train,ರಘುನಾಥ ರಾವ್ ಮಲ್ಕಾಪೂರೆ,Raghunath Rao Malkapore
261,09/06/2017,ಉನ್ನತ ಶಿಕ್ಷಣ,Higher education,ಪ್ರಥಮ ದರ್ಜೆ ಕಾಲೇಜುಗಳಲ್ಲಿ ಖಾಲಿ ಇರುವ ಹುದ್ದೆಗಳು,Vacancies in First Class Colleges,ರಘುನಾಥ ರಾವ್ ಮಲ್ಕಾಪೂರೆ,Raghunath Rao Malkapore
262,09/06/2017,ಗ್ರಾಮೀಣಾಭಿವೃದ್ಧಿ ಮತ್ತು ಪಂಚಾಯತ್ ರಾಜ್,Rural Development and Panchayat Raj,ಅಭಿವೃದ್ಧಿ ಕಾರ್ಯಗಳಿಗೆ ತಗಲಿದ ವೆಚ್ಚ,Cost of development work,ರಘುನಾಥ ರಾವ್ ಮಲ್ಕಾಪೂರೆ,Raghunath Rao Malkapore
263,09/06/2017,ಗ್ರಾಮೀಣಾಭಿವೃದ್ಧಿ ಮತ್ತು ಪಂಚಾಯತ್ ರಾಜ್,Rural Development and Panchayat Raj,ಕುಡಿಯುವ ನೀರಿನ ಸೌಲಭ್ಯಕ್ಕೆ ಬಿಡುಗಡೆ ಮಾಡಿದ ಅನುದಾನ,Grants released to drinking water facility,ರಘುನಾಥ ರಾವ್ ಮಲ್ಕಾಪೂರೆ,Raghunath Rao Malkapore
264,09/06/2017,ಸಾರಿಗೆ,Transport,ಆಯಾ ವೃಂದಗಳಲ್ಲಿ ಖಾಲಿ ಇರುವ ಹುದ್ದೆಗಳ ಬಗ್ಗೆ,About vacancies in those bands,ರಘುನಾಥ ರಾವ್ ಮಲ್ಕಾಪೂರೆ,Raghunath Rao Malkapore
265,09/06/2017,ಉನ್ನತ ಶಿಕ್ಷಣ,Higher education,ಹೈದ್ರಾಬಾದ್-ಕರ್ನಾಟಕ ಜಿಲ್ಲೆಗಳಲ್ಲಿ ಉನ್ನತ ಶಿಕ್ಷಣಕ್ಕೆ ಉತ್ತೇಜನ ನೀಡುವ ಕುರಿತು,About promoting higher education in Hyderabad-Karnataka districts,ರೇವಣ್ಣ .ಹೆಚ್.ಎಂ,Revanna H M
266,09/06/2017,ಬೃಹತ್ ಮತ್ತು ಮಧ್ಯಮ ಕೈಗಾರಿಕೆ,Large and medium enterprise,ಕೆ.ಐ.ಎ.ಡಿ.ಬಿ. ಮೂಲಕ ಐ.ಟಿ. ಮತ್ತು ಬಿ.ಟಿ. ಕಂಪನಿಗಳಿಗೆ ಜಮೀನು ಮಂಜೂರಾತಿ ಬಗ್ಗೆ,KIADB By IT And BT Land Acquisition for Companies,ರೇವಣ್ಣ .ಹೆಚ್.ಎಂ,Revanna H M
267,09/06/2017,ಗಣಿ ಮತ್ತು ಭೂ ವಿಜ್ಞಾನ,Mine and geology,ಕರಾವಳಿ ಪ್ರದೇಶಕ್ಕೆ ಪ್ರತ್ಯೇಕ ಮರಳು ನೀತಿ,Separate sand policy for the coastal area,ಐವನ್ ಡಿ ಸೋಜ,Ivan Disoza
268,09/06/2017,ಉನ್ನತ ಶಿಕ್ಷಣ,Higher education,ಕರ್ನಾಟಕ ವಿಶ್ವವಿದ್ಯಾನಿಲಯ ಕಾಯ್ದೆಯ ಬಗ್ಗೆ,About Karnataka University Act,ಐವನ್ ಡಿ ಸೋಜ,Ivan Disoza
269,09/06/2017,ಉನ್ನತ ಶಿಕ್ಷಣ,Higher education,ವಿಶ್ವವಿದ್ಯಾನಿಲಯಗಳಲ್ಲಿ ವಿವಿಧ ಗಣ್ಯ ವ್ಯಕ್ತಿಗಳ ಪೀಠಗಳ ಸ್ಥಾಪನೆ ಬಗ್ಗೆ,About establishing the seats of various elites at universities,ಐವನ್ ಡಿ ಸೋಜ,Ivan Disoza
270,09/06/2017,ಬೃಹತ್ ಮತ್ತು ಮಧ್ಯಮ ಕೈಗಾರಿಕೆ,Large and medium enterprise,ಬೃಹತ್ ಮತ್ತು ಮಧ್ಯಮ ಕೈಗಾರಿಕೆಗಳಲ್ಲಿ ನೀಡಿದ ಉದ್ಯೋಗಗಳ ಬಗ್ಗೆ,About jobs offered in large and medium enterprises,ಐವನ್ ಡಿ ಸೋಜ,Ivan Disoza
271,09/06/2017,ಸಾರಿಗೆ,Transport,ರಾಜ್ಯದ ಸಾರಿಗೆ ಇಲಾಖೆಯಲ್ಲಿ ಬಿಡುಗಡೆಯಾದ ಬಸ್ಸುಗಳ ಬಗ್ಗೆ,Regarding buses released in the state transport department,ಐವನ್ ಡಿ ಸೋಜ,Ivan Disoza
272,09/06/2017,ಬೃಹತ್ ಹಾಗೂ ಮಧ್ಯಮ ಕೈಗಾರಿಕೆ,Large and medium enterprise,ಮಂಗಳೂರು ವಿಮಾನ ನಿಲ್ದಾಣದ ಡಿuಟಿತಿಚಿಥಿ ಅನ್ನು ವಿಸ್ತರಿಸುವ ಯೋಜನೆಯ ಬಗ್ಗೆ,About plans to extend D'Titchichi at Mangalore Airport,ಕ್ಯಾಪ್ಟನ್ ಗಣೇಶ್ ಕಾರ್ಣಿಕ್,Capt. Ganesh Karnik
273,09/06/2017,ಉನ್ನತ ಶಿಕ್ಷಣ,Higher education,ಎನ್.ಸಿ.ಸಿ.ಯಲ್ಲಿ ಭಾಗವಹಿಸುವ ಶಾಲಾ ಕಾಲೇಜು ವಿದ್ಯಾರ್ಥಿಗಳಿಗೆ ನೀಡುವ ಉಪಹಾರ ಭತ್ಯೆದ ಬಗ್ಗೆ,About breakfast allowance for school college students participating in NCC,ಕ್ಯಾಪ್ಟನ್ ಗಣೇಶ್ ಕಾರ್ಣಿಕ್,Capt. Ganesh Karnik
274,09/06/2017,ಪ್ರಾಥಮಿಕ ಮತ್ತು ಪ್ರೌಢ ಶಿಕ್ಷಣ,Primary and Secondary Education,ರಾಜ್ಯದ ಪ್ರಾಥಮಿಕ ಶಾಲೆಗಳಲ್ಲಿ ಇರುವ ದೈಹಿಕ ಶಿಕ್ಷಕರ ಬಗ್ಗೆ,About Physical Teachers in State Primary Schools,ಕ್ಯಾಪ್ಟನ್ ಗಣೇಶ್ ಕಾರ್ಣಿಕ್,Capt. Ganesh Karnik
275,09/06/2017,ಪ್ರಾಥಮಿಕ ಮತ್ತು ಪ್ರೌಢ ಶಿಕ್ಷಣ,Primary and Secondary Education,ರಾಜ್ಯದಲ್ಲಿ ಹೊಸ ಶೈಕ್ಷಣಿಕ ಮಾದರಿಯನ್ನು ಜಾರಿ ಮಾಡುವ ಬಗ್ಗೆ,About implementing a new educational model in the state,ಕ್ಯಾಪ್ಟನ್ ಗಣೇಶ್ ಕಾರ್ಣಿಕ್,Capt. Ganesh Karnik
276,09/06/2017,ಪ್ರಾಥಮಿಕ ಮತ್ತು ಪ್ರೌಢ ಶಿಕ್ಷಣ,Primary and Secondary Education,"ರಾಜ್ಯದಲ್ಲಿ ಪ್ರತಿಯೊಂದು ಶಾಲೆಯಲ್ಲಿ ""ಶಿಕ್ಷಣ ಸಂಸ್ಥೆಗಳಲ್ಲಿ ಮಕ್ಕಳ ರಕ್ಷಣಾ ನೀತಿ ಬಗ್ಗೆ","Every school in the state is concerned about ""child protection policy in educational institutions",ಕ್ಯಾಪ್ಟನ್ ಗಣೇಶ್ ಕಾರ್ಣಿಕ್,Capt. Ganesh Karnik
277,09/06/2017,ಪ್ರಾಥಮಿಕ ಮತ್ತು ಪ್ರೌಢ ಶಿಕ್ಷಣ,Primary and Secondary Education,ಶಾಲಾ ಪಠ್ಯ ಪುಸ್ತಕ ಮುದ್ರಣ ಕಾರ್ಯ ವಿಳಂಬವಾಗಿರುವ ಕುರಿತು,About school text book printing delay is delayed,ಕವಟಗಿಮಠ ಮಹಂತೇಶ ಮಲ್ಲಿಕಾರ್ಜುನ,Kavatimata Mahantesha Mallikarjuna
278,09/06/2017,ಪ್ರಾಥಮಿಕ ಮತ್ತು ಪ್ರೌಢ ಶಿಕ್ಷಣ,Primary and Secondary Education,ಬೆಳಗಾವಿಯ ಚಿಕ್ಕೋಡಿ ಶೈಕ್ಷಣಿಕ ಜಿಲ್ಲೆಯಲ್ಲಿ ಶಿಕ್ಷಕರ ಕೊರತೆ ಎದುರಿಸುತ್ತಿರುವ ಕುರಿತು,About the lack of teachers in Belgaum's Chikkodi educational district,ಕವಟಗಿಮಠ ಮಹಂತೇಶ ಮಲ್ಲಿಕಾರ್ಜುನ,Kavatimata Mahantesha Mallikarjuna
279,09/06/2017,ಬೃಹತ್ ಮತ್ತು ಮಧ್ಯಮ ಕೈಗಾರಿಕೆ,Large and medium enterprise,ಬೆಳಗಾವಿಯಲ್ಲಿ ಕೋಟ್ಯಾಂತರ ರೂಪಾಯಿ ವೆಚ್ಚದಲ್ಲಿ ನಿರ್ಮಿಸಿರುವ ಶಾಶ್ವತ ವಸ್ತು ಪ್ರದರ್ಶನ ಸಂಕೀರ್ಣ ಪಾಳು ಬಿದ್ದಿರುವ ಕುರಿತು,Looking for a permanent material exhibition complex in Belgaum built at a cost of Rs.,ಕವಟಗಿಮಠ ಮಹಂತೇಶ ಮಲ್ಲಿಕಾರ್ಜುನ,Kavatimata Mahantesha Mallikarjuna
280,09/06/2017,ಗಣಿ ಮತ್ತು ಭೂವಿಜ್ಞಾನ ಸಚಿವರು,Minister of mine and geology,ಅಕ್ರಮ ಮರಳು ಮಾಫಿಯಾ ಸರ್ಕಾರಿ ಅಧಿಕಾರಿಗಳ ಮೇಲೆ ಹಲ್ಲೆಗೆ ಮುಂದಾಗುತ್ತಿರುವ ಕುರಿತು.,Illegal sand mafia about the onslaught on government officials.,ಕವಟಗಿಮಠ ಮಹಂತೇಶ ಮಲ್ಲಿಕಾರ್ಜುನ,Kavatimata Mahantesha Mallikarjuna
281,09/06/2017,ವಸತಿ,Housing,ವಸತಿ ರಹಿತ ಬಡವರಿಗೆ ಸೂರು ಕಲ್ಪಿಸುವ ವಸತಿ ಯೋಜನೆಗಳು ವಾರ್ಷಿಕ ಗುರಿ ನಿಗಧಿಪಡಿಸಲು ವಿಳಂಬವಾಗುತ್ತಿರುವ ಬಗೆ,Housing schemes that provide shelter to non-housing poor are delayed on schedule of annual targets,ಕವಟಗಿಮಠ ಮಹಂತೇಶ ಮಲ್ಲಿಕಾರ್ಜುನ,Kavatimata Mahantesha Mallikarjuna
282,09/06/2017,ವಸತಿ,Housing,ವಾಜಪೇಯಿ ನಗರ ವಸತಿ ಯೋಜನೆ ಬಗ್ಗೆ,About Vajpayee Urban Housing Scheme,ಕಾಂತರಾಜು,Kantaraju
283,09/06/2017,ಗ್ರಾಮೀಣಾಭಿವೃದ್ಧಿ ಮತ್ತು ಪಂಚಾಯತ್ ರಾಜ್,Rural Development and Panchayat Raj,ಸ್ವಚ್ಛ ಭಾರತ್ ಮಿ?ನ್ ಮಾದರಿಯಲ್ಲಿ ಯೋಜನೆ ರೂಪಿಸುವ ಬಗ್ಗೆ,About planning a clean Bharat Mein model,ಕಾಂತರಾಜು,Kantaraju
284,09/06/2017,ಅಲ್ಪಸಂಖ್ಯಾತರ ಕಲ್ಯಾಣ,Minorities Welfare,ಅಲ್ಪಸಂಖ್ಯಾತರ ಅಭಿವೃದ್ಧಿ ಯೋಜನೆಗೆ ಮಂಜೂರಾಗಿರುವ ಅನುದಾನದ ಬಗ್ಗೆ,About grant of sanction for the Minority Development Plan,ಕಾಂತರಾಜು,Kantaraju
285,09/06/2017,ಉನ್ನತ ಶಿಕ್ಷಣ,Higher education,"ತುಮಕೂರು ಜಿಲ್ಲೆ, ಗುಬ್ಬಿ ಹತ್ತಿರ ಕೇಂದ್ರಿಯ ವಿದ್ಯಾಲಯದ ಸ್ಥಾಪನೆ ಬಗ್ಗೆ","About the establishment of Central School near Tumkur District, Gubbi",ಕಾಂತರಾಜು,Kantaraju
286,09/06/2017,ಬೃಹತ್ ಮತ್ತು ಮಧ್ಯಮ ಕೈಗಾರಿಕೆ,Large and medium enterprise,ಕೇಂದ್ರ ಸರ್ಕಾರದ ಉಡಾನ್ ಯೋಜನೆಯಡಿ ಪ್ರಾದೇಶಿಕ ವಿಮಾನಯಾನ ಸೇವೆ,Regional Airline Service under the Central Government Udaon Project,ಕಂಡಯ್ಯ .ಕೆ.ಸಿ,Kondaiah KC
287,09/06/2017,ಸಾರಿಗೆ,Transport,ನರ್ಮ್ ಯೋಜನೆಯಡಿ ಮಂಜೂರಾದ ಅನುದಾನ ಮತ್ತು ಬಸ್ಸುಗಳ ಸಂಖ್ಯೆ.,Number of sanctioned sanctions and buses under the NREM scheme.,ಕೋಟ ಶ್ರೀನಿವಾಸ ಪೂಜಾರಿ,Kota Srinivasa Pujari
288,09/06/2017,ಗ್ರಾಮೀಣಾಭಿವೃದ್ಧಿ ಮತ್ತು ಪಂಚಾಯತ್ ರಾಜ್,Rural Development and Panchayat Raj,ಗ್ರಾಮೀಣಾಭಿವೃದ್ಧಿ ಮತ್ತು ಪಂಚಾಯತ್ ರಾಜ್ ಇಲಾಖೆಯಲ್ಲಿ ನಿಯಮ ಮೀರಿ ಪದೋನ್ನತಿ ನೀಡುತ್ತಿರುವ ಬಗ್ಗೆ,About Rule Development in Rural Development and Panchayat Raj Department,ಕೋಟ ಶ್ರೀನಿವಾಸ ಪೂಜಾರಿ,Kota Srinivasa Pujari
289,09/06/2017,ಗ್ರಾಮೀಣಾಭಿವೃದ್ಧಿ ಮತ್ತು ಪಂಚಾಯತ್ ರಾಜ್,Rural Development and Panchayat Raj,ಗ್ರಾಮೀಣಾಭಿವೃದ್ಧಿ ಮತ್ತು ಪಂಚಾಯತ್ ರಾಜ್‌ನಲ್ಲಿ ದೂರುಗಳಿಂದ ಪ್ರಕರಣಗಳನ್ನು ಲೋಕಾಯುಕ್ತಕ್ಕೆ ವಹಿಸಿರುವ ಬಗ್ಗೆ,The Lokayukta has been conducting cases of complaints by the Rural Development and Panchayat Raj,ಕೋಟ ಶ್ರೀನಿವಾಸ ಪೂಜಾರಿ,Kota Srinivasa Pujari
290,09/06/2017,ಉನ್ನತ ಶಿಕ್ಷಣ,Higher education,ಖಾಸಗಿ ಲಾಭಿಗೆ ಸರ್ಕಾರಿ ಕಾಲೇಜುಗಳನ್ನು ಮುಚ್ಚುತ್ತಿರುವುದರ ಬಗ್ಗೆ,About closing government colleges for private profit,ಕೋಟ ಶ್ರೀನಿವಾಸ ಪೂಜಾರಿ,Kota Srinivasa Pujari
291,09/06/2017,ಗ್ರಾಮೀಣಾಭಿವೃದ್ಧಿ ಮತ್ತು ಪಂಚಾಯತ್ ರಾಜ್,Rural Development and Panchayat Raj,ಗ್ರಾಮ ಪಂಚಾಯತ್‌ಗಳಲ್ಲಿ ಸಾವಿರಾರು ಕೋಟಿ ತೆರಿಗೆ ಬಾಕಿ ಇರುವ ಕುರಿತು,Thousands of tax pending in Gram Panchayats,ಕೋಟ ಶ್ರೀನಿವಾಸ ಪೂಜಾರಿ,Kota Srinivasa Pujari
292,09/06/2017,ಪ್ರಾಥಮಿಕ ಮತ್ತು ಪ್ರೌಢಶಿಕ್ಷಣ,Primary and secondary education,ಶಿಕಕರ ಹುದ್ದೆಗಳನ್ನು ಸಿ.ಇ.ಟಿ. ಮೂಲಕವೇ ತುಂಬುವ ಬಗ್ಗೆ,CET posts About filling through,ತಾರಾಅನೂರಾಧ,Tara Anuradha
293,09/06/2017,ಪ್ರಾಥಮಿಕ ಮತ್ತು ಪ್ರೌಢ ಶಿಕ್ಷಣ,Primary and Secondary Education,ಕಿರಿಯ ಹಾಗೂ ಹಿರಿಯ ಪ್ರಾಥಮಿಕ ಶಾಲಾ ಶಿಕ್ಷಕರಾಗಲು ಇರಬೇಕಾದ ಅರ್ಹತೆಗಳ ಬಗ್ಗೆ,About the qualifications to be a younger and senior primary school teacher,ತಾರಾಅನುರಾಧ,Tara Anuradha
294,09/06/2017,ಪ್ರಾಥಮಿಕ ಮತ್ತು ಪ್ರೌಢ ಶಿಕ್ಷಣ,Primary and Secondary Education,೧ ರಿಂದ ೧೦ನೇ ತರಗತಿಯವರೆಗೆ ಸರ್ಕಾರಿ ಶಾಲೆಯಲ್ಲಿ ವ್ಯಾಸಂಗ ಮಾಡುತ್ತಿರುವ ವಿದ್ಯಾರ್ಥಿಗಳಿಗೆ ಶೂ ಮತ್ತು ಸಾಕ್ಸ್ ವಿತರಿಸುವ ಬಗ್ಗೆ,About shoe and socks for students attending government school from 1st to 10th standard,ತಾರಾಅನುರಾಧ,Tara Anuradha
295,09/06/2017,ವಸತಿ,Housing,ರಿಯಲ್ ಎಸ್ಟೇಟ್ ನಿಯಂತ್ರಣ ಕಾಯ್ದೆಯ ಅನು?ನದ ಕುರಿತು,About the Real Estate Regulation Act?,ತಾರಾಅನುರಾಧ,Tara Anuradha
296,09/06/2017,ಪ್ರಾಥಮಿಕ ಮತ್ತು ಪ್ರೌಢ ಶಿಕ್ಷಣ,Primary and Secondary Education,ಅಕ್ಷರ ದಾಸೋಹ ಮುಖಾಂತರ ನೀಡುವ ಹಾಲಿನ ಪುಡಿ ಸಂಬಂಧಿಸಿದ ಗುತ್ತಿಗೆದಾರ ದುರುಪಯೋಗ ಮಾಡಿಕೊಳ್ಳುತ್ತಿರುವ ಬU,BUU is abusing a milk powder contractor donated by Character Dasoha,ಘೋಟ್ನೆಕರ ಶ್ರೀಕಾಂತ ಲಕ್ಷ್ಮಣ,Ghotnekara Srikanta Lakshmana
297,09/06/2017,ಗ್ರಾಮೀಣಾಭಿವೃದ್ಧಿ ಮತ್ತು ಪಂಚಾಯತ್ ರಾಜ್,Rural Development and Panchayat Raj,ನಿರ್ಮಲ ಭಾರತ ಯೋಜನೆಯಡಿ ಮಂಜೂರಾಗಿರುವ ಶೌಚಾಲಯ ಕುರಿತು,About toilet sanctioned under Nirmala India Scheme,ಘೋಟ್ನೆಕರ ಶ್ರೀಕಾಂತ ಲಕ್ಷ್ಮಣ,Ghotnekara Srikanta Lakshmana
298,09/06/2017,ವಸತಿ,Housing,ವಸತಿ ಇಲಾಖೆಯಿಂದ ಮನೆ ಹಂಚಿಕೆ ಕುರಿತು,Home Sharing from the Housing Department,ಘೋಟ್ನೆಕರ ಶ್ರೀಕಾಂತ ಲಕ್ಷ್ಮಣ,Ghotnekara Srikanta Lakshmana
299,09/06/2017,ಪ್ರಾಥಮಿಕ ಮತ್ತು ಪ್ರೌಢಶಿಕ್ಷಣ,Primary and secondary education,ಶಿಕ್ಷಣ ಇಲಾಖೆಯಲ್ಲಿ ಬೆಂಚ್/ಡೆಸ್ಕ ಖರೀದಿಯಲ್ಲಿ ಅವ್ಯವಹಾರ ಕುರಿತು,Discussion on Bench / Desk Buyer in Education Department,ಘೋಟ್ನೆಕರ ಶ್ರೀಕಾಂತ ಲಕ್ಷ್ಮಣ,Ghotnekara Srikanta Lakshmana
300,09/06/2017,ಪ್ರಾಥಮಿಕ ಮತ್ತು ಪ್ರೌಢ ಶಿಕ್ಷಣ,Primary and Secondary Education,ಕಂಪ್ಯೂಟರ್ ಶಿಕ್ಷಕರ ಸಮಸ್ಯೆ ಬಗ್ಗೆ,About the problem of computer teachers,ಚೌಡರೆಡ್ಡಿ ತೂಪಲ್ಲಿ .ಆರ್,Chowdareddy Tupalli R
301,09/06/2017,ಉನ್ನತ ಶಿಕ್ಷಣ,Higher education,ವಿಶ್ವವಿದ್ಯಾಲಯ ಆದಾಯ ತೆರಿಗೆ ವ್ಯಾಪ್ತಿಗೆ,University income tax coverage,ಚೌಡರೆಡ್ಡಿ ತೂಪಲ್ಲಿ .ಆರ್,Chowdareddy Tupalli R
302,09/06/2017,ಗ್ರಾಮೀಣಾಭಿವೃದ್ಧಿ ಮತ್ತು ಪಂಚಾಯತ್ ರಾಜ್,Rural Development and Panchayat Raj,ತುಮಕೂರು ಜಿಲ್ಲೆಯ ಓಉಔ ಕುರಿತು,About Ouou in Tumkur district,ಚೌಡರೆಡ್ಡಿ ತೂಪಲ್ಲಿ .ಆರ್,Chowdareddy Tupalli R
303,09/06/2017,ಗ್ರಾಮೀಣಾಭಿವೃದ್ಧಿ ಮತ್ತು ಪಂಚಾಯತ್ ರಾಜ್,Rural Development and Panchayat Raj,ಓಖಆWP ಯೋಜನೆ ಬಗ್ಗೆ,About Okha WP Project,ಚೌಡರೆಡ್ಡಿ ತೂಪಲ್ಲಿ .ಆರ್,Chowdareddy Tupalli R
304,09/06/2017,ಸಾರಿಗೆ,Transport,ಸಾರಿಗೆ ಸಂಸ್ಥೆ ಬಸ್ಸುಗಳಲ್ಲಿ ಸಿ.ಸಿ. ಕ್ಯಾಮರಾ ಅಳವಡಿಕೆ,Transport Corporation Camera Adaptation,ಧರ್ಮಸೇನ .ಆರ್,Dharmasena R
305,09/06/2017,ಗ್ರಾಮೀಣಾಭಿವೃದ್ಧಿ ಮತ್ತು ಪಂಚಾಯತ್ ರಾಜ್,Rural Development and Panchayat Raj,ಗ್ರಾಮಾಂತರ ಪ್ರದೇಶಗಳಲ್ಲಿ ಕಾಂಕ್ರೀಟ್ ರಸ್ತೆ ನಿರ್ಮಾಣ,Construction of concrete roads in rural areas,ಧರ್ಮಸೇನ .ಆರ್,Dharmasena R
306,09/06/2017,ಪ್ರಾಥಮಿಕ ಮತ್ತು ಪ್ರೌಢ ಶಿಕ್ಷಣ,Primary and Secondary Education,ಶಾಲಾ ವಾಹನಗಳ ನಿರ್ವಹಣೆ ಬಗ್ಗೆ,About the maintenance of school vehicles,ಧರ್ಮಸೇನ .ಆರ್,Dharmasena R
307,12/06/2017,ಪವಾಸೋಧ್ಯಮ,Tourism,ಬಿಡುಗಡೆಯಾದ ಅನುದಾನದ ವಿವರ,Release Subscription Details,ಬೋಸರಾಜು .ಎನ್.ಎಸ್,Bosaraju N S
308,12/06/2017,ಆರೋಗ್ಯ ಮತ್ತು ಕುಟುಂಬ ಕಲ್ಯಾಣ,Health and family welfare,ಆರೋಗ್ಯ ಸೌಲಭ್ಯಗಳ ಕುರಿತು,About health facilities,ಬೋಸರಾಜು .ಎನ್.ಎಸ್,Bosaraju N S
309,12/06/2017,ಕನ್ನಡ ಮತ್ತು ಸಂಸ್ಕೃತಿ,Kannada and culture,ರಾಯಚೂರಿನಲ್ಲಿ ಕನಾಟಕ ಸಂಘ ಭವನ ನಿರ್ಮಾಣ,Construction of Kanata Sangha Bhavan in Raichur,ಬೋಸರಾಜು .ಎನ್.ಎಸ್,Bosaraju N S
310,12/06/2017,ಆಹಾರ ಮತ್ತು ನಾಗರಿಕ ಸರಬರಾಜು,Food and Civil Supplies,ಆಹಾರ ಪದಾರ್ಥಗಳ ವಿತರಣೆಯಲ್ಲಿನ ಲೋಪದೋಷಗಳು,Disadvantages in Delivery of Foodstuffs,ಬೋಸರಾಜು .ಎನ್.ಎಸ್,Bosaraju N S
311,12/06/2017,ಸಮಾಜ ಕಲ್ಯಾಣ,Social Welfare,ಭವನಗಳ ನಿರ್ಮಾಣದ ಬಗ್ಗೆ,About the construction of buildings,ಬೋಸರಾಜು .ಎನ್.ಎಸ್,Bosaraju N S
312,12/06/2017,ಪ್ರವಾಸೋದ್ಯಮ,Tourism,ಬಿಡುಗಡೆಯಾದ ಅನುದಾನದ ವಿವರ,Release Subscription Details,ಬೋಸ್‌ರಾಜು .ಎಸ್.ಎನ್,Bosaraju N S
313,12/06/2017,ಆರೋಗ್ಯ ಮತ್ತು ಕುಟುಂಬ ಕಲ್ಯಾಣ,Health and family welfare,ಆಹಾರ ನಿರೀಕ್ಷಕರ ಕೊರತೆ ವಿಚಾರ,The lack of food expectants,ಭಾನುಪ್ರಕಾಶ,Bhanu Prakasha
314,12/06/2017,ಯೋಜನೆ ಮತ್ತು ಸಾಂಖ್ಯಿಕ,Plan and Numerical,ಮಂಡಳಿಗಳಲ್ಲಿ ಸದಸ್ಯರ ಹಾಜರಿ ವಿಚಾರ,About the attendance of members on boards,ಭಾನುಪ್ರಕಾಶ,Bhanu Prakasha
315,12/06/2017,ಯೋಜನೆ ಮತ್ತು ಸಾಂಖ್ಯಿಕ,Plan and Numerical,ವಿಧಾನಪರಿಷತ್ತಿನ ಸದಸ್ಯರಿಗೆ ಬಿಡುಗಡೆಯಾಗಿರುವ ಅನುದಾನ,Grants released to Members of the Legislative Assembly,ಭಾನುಪ್ರಕಾಶ,Bhanu Prakasha
316,12/06/2017,ಆಹಾರ ಮತ್ತು ನಾಗರಿಕ ಸರಬರಾಜು,Food and Civil Supplies,ಬಿ.ಪಿ.ಎಲ್. ಕಾರ್ಡುಗಳು ಹಾಗು ಅನುದಾನದ ವಿಚಾರ,BPL Cards and grants,ಭಾನುಪ್ರಕಾಶ,Bhanu Prakasha
317,12/06/2017,ಹಿಂದುಳಿದ ವರ್ಗಗಳ ಕಲ್ಯಾಣ,Welfare of Backward Classes,ಗಂಗಾ ಕಲ್ಯಾಣ ಯೋಜನೆ ಅಡಿಯಲ್ಲಿ ಕೊರೆಸಿದ ಕೊಳವೆ ಬಾವಿಗಳ ಕಾಮಗಾರಿ ಬಗ್ಗೆ,About the construction of piped wells under the Ganga Welfare Scheme,ಸುನೀಲ್ ಸುಬ್ರಮಣಿ .ಎಂ.ಪಿ,Sunil Subramani M P
318,12/06/2017,ಸಮಾಜ ಕಲ್ಯಾಣ,Social Welfare,ಗಂಗಾ ಕಲ್ಯಾಣ ಯೋಜನೆ ಅಡಿಯಲ್ಲಿ ಕೊರೆಸಿದ ಕೊಳವೆ ಬಾವಿಗಳ ಕಾಮಗಾರಿ ಬಗ್ಗೆ,About the construction of piped wells under the Ganga Welfare Scheme,ಸುನೀಲ್ ಸುಬ್ರಮಣಿ .ಎಂ.ಪಿ,Sunil Subramani M P
319,12/06/2017,ಸಮಾಜ ಕಲ್ಯಾಣ,Social Welfare,ಸಮಾಜ ಕಲ್ಯಾಣ ಹಿಂದುಳಿದ ವರ್ಗಗಳ ಕಲ್ಯಾಣಕ್ಕ್ಕಾಗಿ ಕೈಗೊಂಡ ಕ್ರಮ ಕುರಿತು,About the action taken for the welfare of backward classes of social welfare,ಸಮಣ್ಣ .ವಿ,Somanna V
320,12/06/2017,ಆಹಾರ ಮತ್ತು ನಾಗರಿಕ ಸರಬರಾಜು,Food and Civil Supplies,ನಯಬೆಲೆ ಕೇಂದ್ರಗಳ ಕುರಿತು,About Nebula Centers,ನಾರಾಯಣಸ್ವಾಮಿ ಎಂ,Narayanaswamy M
321,12/06/2017,ಯೋಜನೆ ಮತ್ತು ಸಾಂಖ್ಯಿಕ,Plan and Numerical,ಶಾಸಕರ ಪದೇಶಾಭಿವೃದ್ಧಿ ಯೋಜನೆಯ ಅನುಷ್ಠಾನದಲ್ಲಿನ ತೊಡಕುಗಳ ಕುರಿತು,Concerns about the implementation of MLA's Housing Development Scheme,ನಾರಾಯಣಸ್ವಾಮಿ ಎಂ,Narayanaswamy M
322,12/06/2017,ಸಮಾಜ ಕಲ್ಯಾಣ,Social Welfare,ಕಾಂಕ್ರೀಟ್ ರಸ್ತೆ ಕಾಮಗಾರಿ ಕುರಿತು,Concrete road work,ನಾರಾಯಣಸ್ವಾಮಿ ಎಂ,Narayanaswamy M
323,12/06/2017,ಸಮಾಜ ಕಲ್ಯಾಣ,Social Welfare,ವಸತಿ ನಿಲಯ ಹಾಗು ವಸತಿ ಶಾಲೆಗಳ ಕುರಿತು,About Housing and Housing Schools,ನಾರಾಯಣಸ್ವಾಮಿ ಎಂ,Narayanaswamy M
324,12/06/2017,ಸಮಾಜ ಕಲ್ಯಾಣ,Social Welfare,ಮೊರಾರ್ಜಿ ದೇಸಾಯಿ ಮತ್ತು ಕಿತ್ತೂರು ರಾಣಿ ಚೆನ್ನಮ್ಮ ವಸತಿ ಶಾಲೆ ಕುರಿತು,About Morarji Desai and Kittur Rani Chennamma Housing School,ನಿರಾಣಿ ಹಣಮಂತ್ ರುದ್ರಪ್ಪ,Nirani Hanumanth Rudrappa
325,12/06/2017,ಸಮಾಜ ಕಲ್ಯಾಣ,Social Welfare,ವರಾರ್ಜಿ ದೇಸಾಯಿ ಮತ್ತು ಕಿತ್ತೂರು ರಾಣಿ ಚೆನ್ನಮ್ಮ ವಸತಿ ಶಾಲೆ ಕುರಿತು,Vararji Desai and Kittur Rani Chennamma Housing School,ನಿರಾಣಿ ಹಣಮಂತ್ ರುದ್ರಪ್ಪ,Nirani Hanumanth Rudrappa
326,12/06/2017,ಪವಾಸೋಧ್ಯಮ,Psychology,ಚಲುಕ್ಯ ಪ್ರಾಧಿಕಾರದ ಕುರಿತು,About the Chalukya Authority,ನಿರಾಣಿ ಹಣಮಂತ್ ರುದ್ರಪ್ಪ,Nirani Hanumanth Rudrappa
327,12/06/2017,ಕನ್ನಡ ಮತ್ತು ಸಂಸ್ಕೃತಿ,Kannada and culture,ಸಂಘ ಸಂಸ್ಥೆಗಳಿಗೆ ಸಹಾಯಧನ ಕುರಿತು,About Assistance to Sangh Organizations,ನಿರಾಣಿ ಹಣಮಂತ್ ರುದ್ರಪ್ಪ,Nirani Hanumanth Rudrappa
328,12/06/2017,ಆಹಾರ ಮತ್ತು ನಾಗರಿಕ ಸರಬರಾಜು,Food and Civil Supplies,ರಾಜ್ಯದಲ್ಲಿ ಕಾರ್ಯನಿರ್ವಹಿಸುತ್ತಿರುವ ನ್ಯಾಯಬೆಲೆ ಅಂಗಡಿ ಕುರಿತು,About the Fair Sale Store in the State,ಪತಾಪಚಂದ್ರ ಶೆಟ್ಟಿ .ಕೆ,Pratapachandra Shetty K
329,12/06/2017,ಕನ್ನಡ ಮತ್ತು ಸಂಸ್ಕೃತಿ,Kannada and culture,ಕನ್ನಡ ಮತ್ತು ಸಂಸ್ಕೃತಿ ಇಲಾಖೆಯಿಂದ ಸಾಂಸ್ಕೃತಿಕ ತಂಡಗಳಿಗೆ ನೀಡಿರುವ ಅನುದಾನ,Grants to the cultural teams from the Department of Kannada and Culture,ಪ್ರಸನ್ನ ಕುಮಾರ್ .ಆರ್,Prasanna Kumar R
330,12/06/2017,ಕನಡ ಮತ್ತು ಸಂಸ್ಕೃತಿ,Dream and culture,ಕನ್ನಡ ಮತ್ತು ಸಂಸ್ಕೃತಿ ಇಲಾಖೆಯಿಂದ ಸಾಂಸ್ಕೃತಿಕ ತಂಡಗಳಿಗೆ ನೀಡಿರುವ ಅನುದಾನ,Grants to the cultural teams from the Department of Kannada and Culture,ಪ್ರಸನ್ನ ಕುಮಾರ್ ಆರ್.,Prasanna Kumar R
331,12/06/2017,ಸಮಾಜ ಕಲ್ಯಾಣ,Social Welfare,ವಿದ್ಯಾಸಿರಿ ಯೋಜನೆ ಕುರಿತು,About Vidyasiri Scheme,ಪ್ರದೀಪ ಶೆಟ್ಟರ್,Pradeep Shettar
332,12/06/2017,ಆರೋಗ್ಯ ಮತ್ತು ಕುಟುಂಬ ಕಲ್ಯಾಣ,Health and family welfare,ಸರ್ಕಾರಿ ಸಮ್ಯದ ಡಯಾಲಿಸಿಸ್ ಕೇಂದ್ರಗಳ ಕುರಿತು,About Government Dialysis Centers,ಪ್ರದೀಪ ಶೆಟ್ಟರ್,Pradeep Shettar
333,12/06/2017,ಸಮಾಜ ಕಲ್ಯಾಣ,Social Welfare,ವಾಲ್ಮೀಕಿ ಭವನಗಳ ಕುರಿತು,About Valmiki Houses,ಪ್ರದೀಪ ಶೆಟ್ಟರ್,Pradeep Shettar
334,12/06/2017,ಸಮಾಜ ಕಲ್ಯಾಣ,Social Welfare,ಮೆಟ್ರಿಕ್ ಪೂರ್ವ ಮತ್ತು ಮೆಟ್ರಿಕ್ ನಂತರದ ವಿದ್ಯಾರ್ಥಿಗಳ ಊಟದ ಕುರಿತು,About metric pre and metric post lunch,ಪ್ರದೀಪ ಶೆಟ್ಟರ್,Pradeep Shettar
335,12/06/2017,ಆರೋಗ್ಯ ಮತ್ತು ಕುಟುಂಬ ಕಲ್ಯಾಣ,Health and family welfare,ಪ್ರಾಥಮಿಕ ಆರೋಗ ಕೇಂದ್ರಗಳ ಕುರಿತು,About Primary Care Centers,ಪ್ರದೀಪ ಶೆಟ್ಟರ್,Pradeep Shettar
336,12/06/2017,ಆಹಾರ ಮತ್ತು ನಾಗರಿಕ ಸರಬರಾಜು,Food and Civil Supplies,ರಾಜ್ಯದ ಹಲವು ಭಾಗಗಳಲ್ಲಿ ಕುಡಿಯುವ ನೀರಿಗೆ ಹೆಚ್ಚಿನ ಬೆಲೆ ತೆಗೆದುಕೊಳ್ಳುತ್ತಿರುವ ಬಗ್ಗೆ,Regarding the high cost of drinking water in many parts of the state,ಪ್ರಾಣೇಶ್ .ಎಂ.ಕೆ,Pranesha M K
337,12/06/2017,ಆಹಾರ ಮತ್ತು ನಾಗರಿಕ ಸರಬರಾಜು,Food and Civil Supplies,ಬಿ.ಪಿ.ಎಲ್. ಕುಟುಂಬಗಳಿಗೆ ಉಪ್ಪು ವಿತರಣೆ ನಿಲ್ಲಿಸಿರುವ ಬಗ್ಗೆ,BPL About stopping salt distribution for families,ಪ್ರಾಣೇಶ್ .ಎಂ.ಕೆ,Pranesha M K
338,12/06/2017,ಆಹಾರ ಮತ್ತು ನಾಗರಿಕ ಸರಬರಾಜು,Food and Civil Supplies,ರಾಜ್ಯದಲ್ಲಿ ಕಾರ್ಯನಿರ್ವಹಿಸುತ್ತಿರುವ ನ್ಯಾಯಬೆಲೆ ಅಂಗಡಿ ಕುರಿತು,About the Fair Sale Store in the State,ಪ್ರತಾಪಚಂದ್ರ ಶೆಟ್ಟಿ .ಕೆ,Pratapachandra Shetty K
339,12/06/2017,ಆಹಾರ ಮತ್ತು ನಾಗರಿಕ ಸರಬರಾಜು,Food and Civil Supplies,ಶುದ್ಧ ಕುಡಿಯುವ ನೀರಿನ ಉತ್ಪಾದನಾ ಸಂಸ್ಥೆಗಳ ಕುರಿತು,About Pure Drinking Water Production Organizations,ಪ್ರತಾಪಚಂದ್ರ ಶೆಟ್ಟಿ .ಕೆ,Pratapachandra Shetty K
340,12/06/2017,ಆರೋಗ್ಯ ಮತ್ತು ಕುಟುಂಬ ಕಲ್ಯಾಣ,Health and family welfare,ವೈದ್ಯರ ಮೇಲಾಗುವ ಹಲ್ಲೆಯ ಕುರಿತು,About the assault on a doctor,ಪ್ರತಾಪಚಂದ್ರ ಶೆಟ್ಟಿ .ಕೆ,Pratapachandra Shetty K
341,12/06/2017,ವೈದ್ಯಕೀಯ ಶಿಕ್ಷಣ,Medical education,ರಜ್ಯದ ಸರ್ಕಾರಿ ಮತ್ತು ಖಾಸಗಿ ವೈದ್ಯಕೀಯ ಕಾಲೇಜು ಕುರಿತು,About State Government and Private Medical College,ಪ್ರತಾಪಚಂದ್ರ ಶೆಟ್ಟಿ .ಕೆ,Pratapachandra Shetty K
342,12/06/2017,ಪವಾಸೋಧ್ಯಮ,Psychology,ರಾಜ್ಯದ ಪ್ರವಾಸಿ ತಾಣಗಳನ್ನು ಅಭಿವೃದ್ಧಿಪಡಿಸುವ ಕುರಿತು,About developing state tourist destinations,ಪ್ರತಾಪಚಂದ್ರ ಶೆಟ್ಟಿ .ಕೆ,Pratapachandra Shetty K
343,12/06/2017,ಹಿಂದುಳಿದ ವರ್ಗಗಳ ಕಲ್ಯಾಣ,Welfare of Backward Classes,ಹಿಂದುಳಿದ ವರ್ಗಗಳ ಹಾಸ್ಟೆಲ್‌ಗಳ ಅನುದಾನದ ಬಗ್ಗೆ,About Backward Classes Hostels,ಪುಟ್ಟಸ್ವಾಮಿ .ಬಿ.ಜೆ.,Puttaswamy B J
344,12/06/2017,ಸಮಾಜ ಕಲ್ಯಾಣ,Social Welfare,ಹಿಂದುಳಿದ ವರ್ಗಗಳ ಹಾಸ್ಟೆಲ್‌ಗಳ ಅನುದಾನದ ಬಗ್ಗೆ,About Backward Classes Hostels,ಪುಟ್ಟಸ್ವಾಮಿ ಬಿ.ಜೆ.,Puttaswamy B J
345,12/06/2017,ಸಮಾಜ ಕಲ್ಯಾಣ,Social Welfare,ಸರ್ಕಾರ ಸಾಮಾಜಿಕ ಶೈಕ್ಷಣಿಕ ಗಣತಿ ನಡೆಸಿರುವ ಬಗ್ಗೆ,The Government is conducting a social educational census,ಪುಟ್ಟಸ್ವಾಮಿ ಬಿ.ಜೆ.,Puttaswamy B J
346,12/06/2017,ಮಹಿಳಾ ಮತ್ತು ಮಕ್ಕಳ ಅಭಿವೃದ್ಧಿ,Women and Child Development,ಮಾತೃಪೂರ್ಣ ಯೋಜನೆಯ ಬಗ್ಗೆ,About Motherhood Project,ಪುಟ್ಟಸ್ವಾಮಿ ಬಿ.ಜೆ.,Puttaswamy B J
347,12/06/2017,ಮಹಿಳಾ ಮತ್ತು ಮಕ್ಕಳ ಅಭಿವೃದ್ಧಿ,Women and Child Development,ಮಹಿಳಾ ಮತ ಮಕ್ಕಳ ಹಾಗು ವಿಕಲಚೇತನ ಮತ್ತು ಹಿರಿಯ ನಾಗರೀಕರ ಸಬಲೀಕರಣದ ಬಗ್ಗೆ,Empowerment of women's vote children and disability and senior citizens,ಪುಟ್ಟಸ್ವಾಮಿ ಬಿ.ಜೆ.,Puttaswamy B J
348,12/06/2017,ಆಹಾರ ಮತ್ತು ನಾಗರಿಕ ಸರಬರಾಜು,Food and Civil Supplies,ಅನಿಲಭಾಗ್ಯ ಯೋಜನೆಯ ಬಗ್ಗೆ,About the project,ಪುಟ್ಟಸ್ವಾಮಿ ಬಿ.ಜೆ.,Puttaswamy B J
349,12/06/2017,ಕನ್ನಡ ಮತ್ತು ಸಂಸ್ಕೃತಿ,Kannada and culture,ಜನರಲ್ ತಿಮ್ಮಯ್ಯ ಮ್ಯೂಸಿಯಂ ಕಾಮಗಾರಿಯ ವಿಳಂಬ ಕುರಿತು,General Timmayya Museum is about delay in construction,ವೀಣಾ ಅಚ್ಚಯ್ಯ .ಎಸ್,Veena achchaiah S
350,12/06/2017,ಕನಡ ಮತ್ತು ಸಂಸ್ಕೃತಿ,Dream and culture,ಜನರಲ್ ತಿಮ್ಮಯ್ಯ ಮ್ಯೂಸಿಯಂ ಕಾಮಗಾರಿಯ ವಿಳಂಬ ಕುರಿತು,General Timmayya Museum is about delay in construction,ವೀಣಾ ಅಚ್ಚಯ್ಯ .ಎಸ್,Veena achchaiah S
351,12/06/2017,ಅರ್ಥಿಕ,Economist,ಹೈದ್ರಾಬಾಧ್-ಕರ್ನಾಟಕ ಪ್ರದೇಶಾಭಿವೃದ್ಧಿ ಯೋಜನೆ ಅಡಿ ಅನುದಾನದ ಬಗ್ಗೆ,About Grants under the Hyderabad-Karnataka Area Development Plan,ವಿಜಯ ಸಂಗ್,Vijay Singh
352,12/06/2017,ಯೋಜನೆ ಮತ್ತು ಸಾಂಖ್ಯಿಕ,Plan and Numerical,ಹೈದ್ರಾಬಾದ್-ಕರ್ನಾಟಕ ಪ್ರದೇಶಾಭಿವೃದ್ಧಿ ಯೋಜನೆ ಅಡಿ ಅನುದಾನದ ಬಗ್ಗೆ,Under the Hyderabad-Karnataka Area Development Plan,ವಿಜಯ ಸಿಂಗ್,Vijay Singh
353,12/06/2017,ಆರೋಗ್ಯ ಮತ್ತು ಕುಟುಂಬ ಕಲ್ಯಾಣ,Health and family welfare,ಜಿಲ್ಲಾ ಆಸ್ಪತ್ರ ಜಾಗ ಅತಿಕ್ರಮಣವಾದ ಬಗ್ಗೆ,About District Hospital Field Overlapping,ಬಸನಗೌಡ ಆರ್. ಪಾಟೀಲ್ (ಯತ್ನಾಳ್),Basanagowda R Patil (Yatnal)
354,12/06/2017,ಸಮಾಜ ಕಲ್ಯಾಣ,Social Welfare,ಡಾ. ಬಿ.ಆರ್. ಅಂಬೇಡ್ಕರ್ ಅಭಿವೃದ್ಧಿ ನಿಗಮದಿಂದ ಭೂ ಒಡೆತನ ಯೋಜನೆಯಡಿ ಆಯ್ಕೆಯಾದ ಫಲಾನುಭವಿಗಳ ವಿವರ,Dr. Br. Details of Beneficiaries selected under the Land Acquisition Scheme from Ambedkar Development Corporation,ಬಸನಗೌಡ ಆರ್. ಪಾಟೀಲ್ (ಯತ್ನಾಳ್),Basanagowda R Patil (Yatnal)
355,12/06/2017,ಯೋಜನೆ ಮತ್ತು ಸಾಂಖ್ಯಿಕ,Plan and Numerical,"ಬಯಲು ಸೀಮೆ ಅಭಿವೃದ್ಧಿ, ಹೈದ್ರಾಬಾದ್ ಕರ್ನಾಟಕ ಮಲೆನಾಡು ಅಬಿವೃದ್ಧಿ ಅಷ್ಟೆಷ್ಟು ಅನುದಾನ ಬಿಡುಗಡೆಯಾಗಿದೆ","Outlay Development, Hyderabad Karnataka Malenadu Development Fund has been released so much",ಬಸನಗೌಡ ಆರ್. ಪಾಟೀಲ್ (ಯತ್ನಾಳ್),Basanagowda R Patil (Yatnal)
356,12/06/2017,ಸಮಾಜ ಕಲ್ಯಾಣ,Social Welfare,ಅಧಿಕಾರಿಗಳ ಕಾರ್ಯಗಳು,The functions of the officers,ಬಸನಗೌಡ ಆರ್. ಪಾಟೀಲ್ (ಯತ್ನಾಳ್),Basanagowda R Patil (Yatnal)
357,12/06/2017,ಅಹಾರ ಮತ್ತು ನಾಗರೀಕ ಸರಬರಾಜು,Food and Civil Supplies,ಪಡಿತರ ವಿತರಣೆಯ ಕುರಿತು,About ration distribution,ಬಸನಗೌಡ ಆರ್. ಪಾಟೀಲ್ (ಯತ್ನಾಳ್),Basanagowda R Patil (Yatnal)
358,12/06/2017,ಸಮಾಜ ಕಲ್ಯಾಣ,Social Welfare,ಅಂಬೇಡ್ಕರ್ ಮತ್ತು ಜಗಜೀವನರಾಮ್ ಭವನಗಳ ಬಗ್ಗೆ,About Ambedkar and Jagjivan Ram Bhavan,ಬಸವರಾಜ ಪಾಟೀಲ್ ಇಟಗಿ,Basavaraja Patil Itagi
359,12/06/2017,ಮಹಿಳಾ ಮತ್ತು ಮಕ್ಕಳ ಅಭಿವೃದ್ಧಿ,Women and Child Development,ತುಮಕೂರು ಜಿಲ್ಲೆಯ ಅಂಗನವಾಡಿ ಕೇಂದ್ರಗಳ ಬಗ್ಗೆ,About Anganwadi Centers in Tumkur District,ಲಕ್ಷೀನಾರಾಯಣ .ಎಂ.ಡಿ,Lakshmi Narayana MD
360,12/06/2017,ಆರೋಗ್ಯ ಮತ್ತು ಕುಟುಂಬ ಕಲ್ಯಾಣ,Health and family welfare,ತುಮಕೂರು ವಿಭಾಗದಲ್ಲಿರುವ ಆಸ್ಪತ್ರೆಗಳ ಬಗ್ಗೆ,About Hospitals in Tumkur Division,ಲಕ್ಷೀನಾರಾಯಣ .ಎಂ.ಡಿ,Lakshmi Narayana MD
361,12/06/2017,ಆರೋಗ್ಯ ಮತ್ತು ಕುಟುಂಬ ಕಲ್ಯಾಣ,Health and family welfare,ಬಾಣಂತಿಯರ ಮಡಿಲು ಯೋಜನೆ ಕುರಿತು,About Banana Plants Scheme,ಲಕ್ಷೀನಾರಾಯಣ .ಎಂ.ಡಿ,Lakshmi Narayana MD
362,12/06/2017,ಸಮಾಜ ಕಲ್ಯಾಣ,Social Welfare,ತುಮಕೂರು ಜಿಲ್ಲೆಯ ಮಹಿಳಾ ವಿದ್ಯಾರ್ಥಿಬನಿಲಯಗಳಿಗೆ ಭದ್ರತೆ ಒದಗಿಸುವ ಬಗ್ಗೆ,About providing security to women's colleges in Tumkur district,ಲಕ್ಷೀನಾರಾಯಣ .ಎಂ.ಡಿ,Lakshmi Narayana MD
363,12/06/2017,ಮಹಿಳಾ ಮತ್ತು ಮಕ್ಕಳ ಅಭಿವೃದ್ಧಿ,Women and Child Development,ಭಗ್ಯಲಕ್ಷ್ಮಿ ಬಾಂಡ್‌ಗಳ ಬಗ್ಗೆ,About Bhagyalakshmi Bonds,ಲಕ್ಷೀನಾರಾಯಣ .ಎಂ.ಡಿ,Lakshmi Narayana MD
364,12/06/2017,ಬಂದರು,Arrived,ಅಲಕ್ಷಿತ ಗಡಿ ಪ್ರದೇಶಗಳ ಅಭಿವೃದ್ಧಿ ಬಗ್ಗೆ,About the development of neglected border areas,ಶ್ರೀಕಂಠೇಗೌಡ .ಕೆ.ಟಿ,Srikantegowda KT
365,12/06/2017,ಕನಡ ಮತ್ತು ಸಂಸ್ಕೃತಿ,Dream and culture,ಅಲಕ್ಷಿತ ಗಡಿ ಪ್ರದೇಶಗಳ ಅಭಿವೃದ್ಧಿ ಬಗ್ಗೆ,About the development of neglected border areas,ಶ್ರೀಕಂಠೇಗೌಡ .ಕೆ.ಟಿ,Srikantegowda KT
366,12/06/2017,ವಿಜ್ಞಾನ ಮತ್ತು ತಂತ್ರಜ್ಞಾನ,Science and Technology,ಜಿಲ್ಲಾ ಕೇಂದ್ರಗಳಲ್ಲಿ ವಿಜ್ಞಾನ ಕೇಂದ್ರಗಳ ಸ್ಥಾಪನೆ ಬಗ್ಗೆ,About the establishment of science centers in district centers,ಶ್ರೀಕಂಠೇಗೌಡ .ಕೆ.ಟಿ,Srikantegowda KT
367,12/06/2017,ಮಹಿಳಾ ಮತ್ತು ಮಕ್ಕಳ ಅಭಿವೃದ್ಧಿ,Women and Child Development,ಕೇಂದ್ರ ಸರ್ಕಾರzದಿಂದ ಬಿಡುಗಡೆಯಾದ ಅನುದಾನದ ಬಗ್ಗೆ,About the grant released by the central government z,ಮನೋಹರ್ .ಸಿ.ಆರ್,Manohara CR
368,12/06/2017,ಸಮಾಜ ಕಲ್ಯಾಣ,Social Welfare,ಮೂಡಿಗೆರೆ ವಿಧಾನಸಭಾ ಕ್ಷೇತ್ರದ ವಿಶೇಷ ಘಟಕ ಯೋಜನೆಗಳ ಬಗ್ಗೆ,About Special Unit Projects in Moodigere Assembly Constituency,ವಟಮ್ಮ,Motamma
369,12/06/2017,ಕನ್ನಡ ಮತ್ತು ಸಂಸ್ಕೃತಿ,Kannada and culture,ಕನ್ನಡ ಮತ ಸಂಸ್ಕೃತಿ ಇಲಾಖೆಯಲ್ಲಿ ಜಾರಿಯಲ್ಲಿರುವ ಕಾರ್ಯಕ್ರಮಗಳ ಬಗ್ಗೆ,About programs in the Kannada Voter Culture Department,ವಟಮ್ಮ,Motamma
370,12/06/2017,ಮಹಿಳಾ ಮತ್ತು ಮಕ್ಕಳ ಅಭಿವೃದ್ಧಿ,Women and Child Development,ಡಿ ಅಡಿಕ್ಷನ್ ಕೇಂದ್ರಗಳ ಬಗ್ಗೆ,About D Addiction Centers,ಅಪ್ಪಾಜಿಗೌಡ .ಎನ್,Appajigowda N
371,12/06/2017,ಮಹಿಳಾ ಮತ್ತು ಮಕ್ಕಳ ಅಭಿವೃದ್ಧಿ,Women and Child Development,ಅಂಗನವಾಡಿ ಕೇಂದ್ರಗಳ ಬಗ್ಗೆ,About Anganwadi Centers,ಅಪ್ಪಾಜಿಗೌಡ .ಎನ್,Appajigowda N
372,12/06/2017,ಮಹಿಳಾ ಮತ್ತು ಮಕ್ಕಳ ಅಭಿವೃದ್ಧಿ,Women and Child Development,ವಿಕಲಚೇತನರಿಗೆ ಸರ್ಕಾರದಿಂದ ನೀಡುವ ಸೌಲಭ್ಯಗಳ ಬಗ್ಗೆ,About the facilities provided by the Government to the disabilities,ಅಪ್ಪಾಜಿಗೌಡ .ಎನ್,Appajigowda N
373,12/06/2017,ಆರೋಗ್ಯ ಮತ್ತು ಕುಟುಂಬ ಕಲ್ಯಾಣ,Health and family welfare,ಖಾಲಿಯಿರುವ ವೈದ್ಯಕೀಯ ಮತ್ತು ವೈದ್ಯಕೇತರ ಹುದ್ದೆಗಳ ಬಗ್ಗೆ,About vacant medical and non-medical posts,ಅಪ್ಪಾಜಿಗೌಡ .ಎನ್,Appajigowda N
374,12/06/2017,ಆರೋಗ್ಯ ಮತ್ತು ಕುಟುಂಬ ಕಲ್ಯಾಣ,Health and family welfare,ಆಸ್ಪತ್ರೆಗಳಲ್ಲಿ ವೆಂಟಿಲೇಟರ್ ಕೊರತೆ ಇರುವ ಬಗ್ಗೆ,About the lack of ventilator in hospitals,ಅಪ್ಪಾಜಿಗೌಡ .ಎನ್,Appajigowda N
375,12/06/2017,ಸಮಾಜ ಕಲ್ಯಾಣ,Social Welfare,ದಲಿತರ ಮೇಲಿನ ದೌರ್ಜನ್ಯ ಕೇಸುಗಳ ಇತ್ಯರ್ಥಕ್ಕೆ ಕ್ರಮಗಳ ಬಗ್ಗೆ,Steps to settle the atrocities on Dalits,ಅಬ್ದುಲ್ ಜಬ್ಬಾರ್,Abdul Jabbar K
376,12/06/2017,ಹಿಂದುಳಿದ ವರ್ಗಗಳ ಕಲ್ಯಾಣ,Welfare of Backward Classes,ದಲಿತರ ಮೇಲಿನ ದೌರ್ಜನ್ಯ ಕೇಸುಗಳ ಇತ್ಯರ್ಥಕ್ಕೆ ಕ್ರಮಗಳ ಬಗ್ಗೆ,Steps to settle the atrocities on Dalits,ಅಬ್ದುಲ್ ಜಬ್ಬಾರ್ .ಕೆ,Abdul Jabbar K
377,12/06/2017,ಸಮಾಜ ಕಲ್ಯಾಣ,Social Welfare,ಸಮಾಜ ಕಲ್ಯಾಣ ಹಾಗೂ ಹಿಂದುಳಿದ ವರ್ಗಗಳ ಕಲ್ಯಾಣ ಇಲಾಖೆಯಲ್ಲಿ ಖಾಲಿ ಇರುವ ಮತ್ತು ಕಾರ್ಯನಿರ್ವಹಿಸುತ್ತಿರುವ ಹುದ್ದೆಗಳ ಬಗ್ಗೆ,About vacant and functioning posts in the welfare department of Social Welfare and Backward Classes,ಅಮರನಾಥ ಪಾಟೀಲ್,Amaranatha Patil
378,12/06/2017,ಸಮಾಜ ಕಲ್ಯಾಣ,Social Welfare,ಸಮಾಜ ಕಲ್ಯಾಣ ಹಾಗು ಹಿಂದುಳಿದ ವರ್ಗಗಳ ಕಲ್ಯಾಣ ಇಲಾಖೆಯಲ್ಲಿ ಖಾಲಿ ಇರುವ ಮತ್ತು ಕಾರ್ಯನಿರ್ವಹಿಸುತ್ತಿರುವ ಹುದ್ದೆಗಳ ಬಗ್ಗೆ,Regarding vacancies and functioning positions in the Welfare Department of Social Welfare and Backward Classes,ಅಮರನಾಥ ಪಾಟೀಲ್,Amaranatha Patil
379,12/06/2017,ಸಮಾಜ ಕಲ್ಯಾಣ,Social Welfare,ಹೈದಬಾದ್ ಕನಟಕದಲ್ಲಿ ಕಳೆದ ೨೦೧೩ ರಿಂದ ಇಲ್ಲಿಯವರೆಗೆ ಅನುಷ್ಠಾನ ಯೋಜನೆಗಳ ಬಗ್ಗೆ,About the implementation plans from 2013 to date in the Hyderabad Canad,ಅಮರನಾಥ ಪಾಟೀಲ್,Amaranatha Patil
380,12/06/2017,ಆರೋಗ್ಯ ಮತ್ತು ಕುಟುಂಬ ಕಲ್ಯಾಣ,Health and family welfare,ಹೈದ್ರಾಬಾದ್ ಕರ್ನಾಟಕ ಭಾಗದಲ್ಲಿ ಕಾರ್ಯನಿರ್ವಹಿಸುತ್ತಿರುವ ನೇತ್ರ ಬ್ಯಾಂಕ್ ಹಾಗು ರಕ್ತನಿಧಿಗಳ ಬಗ್ಗೆ,About Ophthalmic Bank and Blood Donors working in Hyderabad Karnataka,ಅಮರನಾಥ ಪಾಟೀಲ್,Amaranatha Patil
381,12/06/2017,ಆರೋಗ್ಯ ಮತ್ತು ಕುಟುಂಬ ಕಲ್ಯಾಣ,Health and family welfare,ಹೈದ್ರಾಬಾದ್ ಕರ್ನಾಟಕ ಭಾಗದಲ್ಲಿ ಪ್ರಾಥಮಿಕ ಆರೋಗ್ಯ ಕೇಂದ್ರ ಮತ್ತು ಸಮುದಾಯ ಕೇಂದ್ರದಲ್ಲಿ ಸಿಬ್ಬಂದಿ ಕೊರತೆ ಬಗ್ಗೆ,About the lack of staff at the Primary Health Center and Community Center in Hyderabad Karnataka,ಅಮರನಾಥ ಪಾಟೀಲ್,Amaranatha Patil
382,12/06/2017,ವೈದ್ಯಕೀಯ ಶಿಕ್ಷಣ,Medical education,ಹೈದ್ರಾಬಾದ್ ಕರ್ನಾಟಕ ಭಾಗದ ಗ್ರ್ರಾಮೀಣ ಪ್ರದೇಶಗಳಲ್ಲಿ ಸೇವೆ ಸಲ್ಲಿಸುತ್ತಿರುವ ವೈದ್ಯರ ಬಗ್ಗೆ,About doctors serving in rural areas of Hyderabad Karnataka,ಅಮರನಾಥ ಪಾಟೀಲ್,Amaranatha Patil
383,12/06/2017,ಸಮಾಜ ಕಲ್ಯಾಣ,Social Welfare,ಹಿಂದೂ ಕೂಡ ಒಕ್ಕಲಿಗ ಸಮಾಜದ ಕುರಿತು,Hindus also talk about the oligarchic society,ಅರುಣ ಶಹಾಪುರ,Aruna Shahaapura
384,12/06/2017,ಸಮಾಜ ಕಲ್ಯಾಣ,Social Welfare,ಜಾತಿ ಗಣತಿಯ ಸಂಪೂರ್ಣ ವರದಿ ಕುರಿತು,About the entire report of caste census,ಅರುಣ ಶಹಾಪುರ,Aruna Shahaapura
385,12/06/2017,ಕಾರ್ಮಿಕ,Labor,"ಪ್ರಾಂಶುಪಾಲರ ಹುದ್ದೆ ಪ್ರಭಾರ, ಸೇವಾ ಜ್ಯೇಷ್ಠತೆ ಪರಿಗಣಿಸದಿರುವ ಬಗ್ಗೆ","Principal's position, regardless of the service provision",ಜಯಮ್ಮ,Jayamma
386,12/06/2017,ಆರೋಗ್ಯ ಮತ್ತು ಕುಟುಂಬ ಕಲ್ಯಾಣ,Health and family welfare,"ಪ್ರಾಂಶುಪಾಲರ ಹುದ್ದೆ ಪ್ರಭಾರ, ಸೇವಾ ಜೇಷ್ಟತೆ ಪರಿಗಣಿಸದಿರುವ ಬಗ್ಗೆ","Regarding the position of the Principal, the Service, not the service",ಜಯಮ್ಮ,Jayamma
387,12/06/2017,ಮಹಿಳಾ ಮತ್ತು ಮಕ್ಕಳ ಅಭಿವೃದ್ಧಿ,Women and Child Development,ಅಂಗನವಾಡಿ ಕಟ್ಟಡಗಳ ಬಗ್ಗೆ,About Anganwadi Buildings,ಜಯಮ್ಮ,Jayamma
388,12/06/2017,ಸಮಾಜ ಕಲ್ಯಾಣ,Social Welfare,ಮೆಟ್ರಿಕ್ ಪೂರ್ವ ಮೆಟ್ರಿಕ್ ನಂತರದ ಹಾಸ್ಟೆಲ್‌ಗಳ ಬಗ್ಗೆ,About Metric Pre Metric Post Hostels,ಜಯಮ್ಮ,Jayamma
389,12/06/2017,ಸಮಾಜ ಕಲ್ಯಾಣ,Social Welfare,ಗಲ್ಲರಹಟ್ಟಿಗಳಿಗೆ ವಿಶೇಷ ಪ್ಯಾಕೇಜ್ ಮೂಲಕ ಮನೆಗಳ ಹಂಚಿಕೆ ಮಾಡುವ ಬಗ್ಗೆ,About sharing of homes through a special package for jackets,ಜಯಮ್ಮ,Jayamma
390,12/06/2017,ಕನ್ನಡ ಮತ್ತು ಸಂಸ್ಕೃತಿ,Kannada and culture,ಅಕಾಡೆಮಿಗಳು ಮತ್ತು ಪ್ರಾಧಿಕಾರಿಗಳಿಗೆ ಅಧ್ಯಕ್ಷರು ಮತ್ತು ಸದಸ್ಯರುಗಳ ನೇಮಕಾತಿ ವಿಳಂಬವಾಗುತ್ತಿರುವ ಬಗ್ಗೆ,Concerns about the delay in appointment of chairmen and members to academies and authorities,ರಮಚಂದ್ರಗೌಡ,Ramachandra Gowda
391,12/06/2017,ಆರೋಗ್ಯ ಮತ್ತು ಕುಟುಂಬ ಕಲ್ಯಾಣ,Health and family welfare,ಆರ್ಥಿಕ ತೊಂದರೆಯಲ್ಲಿರುವ ಸರ್ಕಾರಿ ನೌಕರರು ಜರೂರು ಚಿಕಿತ್ಸೆ ಪಡೆಯಲು ಕಲ್ಪಿಸಿರುವ ಅನುಕೂಲತೆಗಳ ಬಗ್ಗೆ,About the benefits of government employees in financial distress to get treatment,ರಮಚಂದ್ರಗೌಡ,Ramachandra Gowda
392,12/06/2017,ವೈದ್ಯಕೀಯ ಶಿಕ್ಷಣ,Medical education,ಜಯದೇವ ನೆಫ್ರೋಲಜಿಯ ಆಸ್ಪತ್ರೆಗಳ ರೀತಿ ಮಿಂಟೋ ಕಣ್ಣಿನ ಆಸ್ಪತ್ರೆಯನ್ನು ಸ್ವಾಯತ್ತಗೊಳಿಸುವ ಬಗ್ಗೆ,About the autonomy of the minto eye hospital like the Jayadeva Nephrology hospitals,ರಮಚಂದ್ರಗೌಡ,Ramachandra Gowda
393,12/06/2017,ಆರೋಗ್ಯ ಮತ್ತು ಕುಟುಂಬ ಕಲ್ಯಾಣ,Health and family welfare,ನೆಲೆಮಂಗಲ ಬಳಿಯ ಸೋಲದೇವನಹಳ್ಳಿಯ ಆಸ್ಪತ್ರೆಯನ್ನು ಮೇಲ್ದರ್ಜೆಗೇರಿಸುವ ಕುರಿತು,Upgrading the hospital to Soldavanahalli near Pethamangala,ರಮಚಂದ್ರಗೌಡ,Ramachandra Gowda
394,12/06/2017,ಆರೋಗ್ಯ ಮತ್ತು ಕುಟುಂಬ ಕಲ್ಯಾಣ,Health and family welfare,ಜನರಿಕ್ ಔಷಧಗಳ ಬಗ್ಗೆ,About Generic Drugs,ರಮಚಂದ್ರಗೌಡ,Ramachandra Gowda
395,12/06/2017,ಮಹಿಳಾ ಮತ್ತು ಮಕ್ಕಳ ಅಭಿವೃದ್ಧಿ,Women and Child Development,"ಮಹಿಳಾ ಮತ್ತು ಮಕ್ಕಳ, ವಿಕಲಚೇತನರ ಬಗ್ಗೆ","About women and children, disabilities",ರಮೇಶ್ ಬಾಬು,Ramesha Babu
396,12/06/2017,ಮಹಿಳಾ ಮತ್ತು ಮಕ್ಕಳ ಅಭಿವೃದ್ಧಿ,Women and Child Development,"ಮಹಿಳಾ ಮತ್ತು ಮಕ್ಕಳು, ವಿಕಲಚೇತನರ ಬಗ್ಗೆ","Women and Children, About Disabilities",ರಮೇಶ್ ಬಾಬು,Ramesha Babu
397,12/06/2017,ಕನ್ಣಡ ಮತ್ತು ಸಂಸ್ಕೃತಿ,Kanada and culture,"ಕನ್ನಡ ಕಲೆ, ಸಂಸ್ಕೃತಿ ಬಗ್ಗೆ",About Kannada Art and Culture,ರಮೇಶ್ ಬಾಬು,Ramesha Babu
398,12/06/2017,ಆಹಾರ ಮತ್ತು ನಾಗರಿಕ ಸರಬರಾಜು,Food and Civil Supplies,ಈ-ಪಡಿತರ ಯಂತ್ರ್ರಗಳ ಖರೀದಿ ಬಗ್ಗೆ,About the purchase of e-rationing agents,ರಮೇಶ್ ಬಾಬು,Ramesha Babu
399,12/06/2017,ಆರೋಗ್ಯ ಮತ್ತು ಕುಟುಂಬ ಕಲ್ಯಾಣ,Health and family welfare,ಆಯುಷ್ ಜನರಿಕ್ ಔಷಧಿ ಮಳಿಗೆಗಳ ಬಗ್ಗೆ,About Ayurvedic Pharmaceutical Shops,ರಮೇಶ್ ಬಾಬು,Ramesha Babu
400,12/06/2017,ಸಮಾಜ ಕಲ್ಯಾಣ,Social Welfare,ಹಿಂದುಳಿದ ವರ್ಗಗಳ ವಸತಿ ಶಾಲೆಗಳ ಬಗ್ಗೆ,About Backward Classes Housing Schools,ರಮೇಶ್ ಬಾಬು,Ramesha Babu
401,12/06/2017,ಪವಾಸೋಧ್ಯಮ,Psychology,ವಿಶೇಷ ಘಟಕ ಯೋಜನೆಯ ಅಡಿ ಟ್ಯಾಕ್ಸಿ ವಾಹನ ವಿತರಣೆ,Delivery of a taxi vehicle at the special unit project,ರಘುನಾಥ ರಾವ್ ಮಲ್ಕಾಪೂರೆ,Raghunath Rao Malkapore
402,12/06/2017,ವೈದ್ಯಕೀಯ ಶಿಕ್ಷಣ,Medical education,ಬೀದರ್ ವೈದ್ಯಕೀಯ ಕಾಲೇಜಿಗೆ ಬಿಡುಗಡೆಯಾದ ಅನುದಾನದ ಬಗ್ಗೆ,Bidar released on medical college,ರಘುನಾಥ ರಾವ್ ಮಲ್ಕಾಪೂರೆ,Raghunath Rao Malkapore
403,12/06/2017,ಆರೋಗ್ಯ ಮತ್ತು ಕುಟುಂಬ ಕಲ್ಯಾಣ,Health and family welfare,ಮಾರುಕಟ್ಟೆಯಲ್ಲಿ ಕೃತಕ ಆಹಾರ ಪದಾರ್ಥಗಳ ಮಾರಾಟವನ್ನು ತಡೆಗಟ್ಟುವ ಬಗ್ಗೆ,Preventing the sale of artificial foods in the market,ಕ್ಯಾಪ್ಟನ್ ಗಣೇಶ್ ಕಾರ್ಣಿಕ್,Capt. Ganesh Karnik
404,12/06/2017,ಆರೋಗ್ಯ ಮತ್ತು ಕುಟುಂಬ ಕಲ್ಯಾಣ,Health and family welfare,ಮಾರುಕಟ್ಟೆಯಲ್ಲಿ ಕೃತಕ ಆಹಾರ ಪದಾರ್ಥಗಳ ಮಾರಾಟವನ್ನು ತಡೆಗಟ್ಟುವ ಬಗ್ಗೆ,Preventing the sale of artificial foods in the market,ಕ್ಯಾಪ್ಟನ್ ಗಣೇಶ್ ಕಾರ್ಣಿಕ್,Capt. Ganesh Karnik
405,12/06/2017,ಮಹಿಳಾ ಮತ್ತು ಮಕ್ಕಳ ಅಭಿವೃದ್ಧಿ,Women and Child Development,ರಾಜ್ಯದಲ್ಲಿ ಅನೇಕ ವಿಧದ ಅಂಗವಿಕಲತೆ ಹೊಂದಿರುವ ಮಕ್ಕಳನ್ನು ಗುರುತಿಸುವ ಸಮೀಕ್ಷೆ ಬಗ್ಗೆ,About a survey of children with multiple disabilities in the state,ಕ್ಯಾಪ್ಟನ್ ಗಣೇಶ್ ಕಾರ್ಣಿಕ್,Capt. Ganesh Karnik
406,12/06/2017,ಪವಾಸೋಧ್ಯಮ,Psychology,ರಷ್ಟ್ರೀಯ ಹೆದ್ದಾರಿಗಳಲ್ಲಿ ಕುಟೀರ ಯೋಜನೆಯನ್ನು ಪ್ರಾರಂಭಿಸುವ ಬಗ್ಗೆ,About launching a cottage plan on recreational highways,ಕ್ಯಾಪ್ಟನ್ ಗಣೇಶ್ ಕಾರ್ಣಿಕ್,Capt. Ganesh Karnik
407,12/06/2017,ಸಮಾಜ ಕಲ್ಯಾಣ,Social Welfare,"ರಾಜ್ಯದಲ್ಲಿ ಹೊಸ ಮೊರಾರ್ಜಿ, ಏಕಲವ್ಯ, ಕಿತ್ತೂರು ರಾಣಿಚೆನ್ನಮ್ಮ ಹಾಗು ಅಲ್ಪಸಂಖ್ಯಾತರ ಆಶ್ರಮ ಶಾಲೆಗಳನ್ನು ಪ್ರಾರಂಭಿಸಿದ ಶಾಲೆಗೆಳ ಬಗ್ಗೆ","About the school that started the new Morarji, Ekalavya, Kittur Ranichannamma and minority ashram schools in the state",ಕಪ್ಟನ್ ಗಣೇಶ್ ಕಾರ್ಣಿಕ್,Capt. Ganesh Karnik
408,12/06/2017,ಆಹಾರ ಮತ್ತು ನಾಗರಿಕ ಸರಬರಾಜು,Food and Civil Supplies,ನಯಬೆಲೆ ಅಂಗಡಿಗಳು ಕಿರಾಣಿ ಅಂಗಡಿಗಳಾಗಿ ಪರಿವರ್ತನೆಗೊಳ್ಳುತ್ತಿರುವ ಬಗ್ಗೆ,About the conversion of fine linen shops into grocery stores,ಕವಟಗಿಮಠ ಮಹಂತೇಶ ಮಲ್ಲಿಕಾರ್ಜುನ,Kavatimata Mahantesha Mallikarjuna
409,12/06/2017,ಸಮಾಜ ಕಲ್ಯಾಣ,Social Welfare,ಗಂಗಾ ಕಲ್ಯಾಣ ಯೋಜನೆ,Ganga Welfare Scheme,ಕವಟಗಿಮಠ ಮಹಂತೇಶ ಮಲ್ಲಿಕಾರ್ಜುನ,Kavatimata Mahantesha Mallikarjuna
410,12/06/2017,ಸಮಾಜ ಕಲ್ಯಾಣ,Social Welfare,ವಸತಿನಿಲಯಗಳಲ್ಲಿ ಮೂಲಭೂತ ಸೌಲಭ್ಯಗಳ ಕೊರತೆ,Lack of infrastructure in residential areas,ಕವಟಗಿಮಠ ಮಹಂತೇಶ ಮಲ್ಲಿಕಾರ್ಜುನ,Kavatimata Mahantesha Mallikarjuna
411,12/06/2017,ಆರೋಗ್ಯ ಮತ್ತು ಕುಟುಂಬ ಕಲ್ಯಾಣ,Health and family welfare,Zಚಿಕ್ಕೋಡಿ ಎಡಿಹೆಚ್‌ಓ ಕಛೇರಿಗೆ ಮೂಲಭೂತ ಸೌಲಭ್ಯ ಒದಗಿಸದಿರುವ ಕುರಿತು,About not providing basic facilities for the Z Chidi ADHO office,ಕವಟಗಿಮಠ ಮಹಂತೇಶ ಮಲ್ಲಿಕಾರ್ಜುನ,Kavatimata Mahantesha Mallikarjuna
412,12/06/2017,ಆರೋಗ್ಯ ಮತ್ತು ಕುಟುಂಬ ಕಲ್ಯಾಣ,Health and family welfare,ಮಡಿಲು ಯೋಜನೆಯಡಿ ಅರ್ಹ ಫಲಾನುಭವಿಗಳಿಗೆ ಮಡಿಲು ಕಿಟ್ ತಲುಪದಿರುವ ಕುರಿತು,Concerned about not getting a folded kit to eligible beneficiaries under the Madilalu scheme,ಕವಟಗಿಮಠ ಮಹಂತೇಶ ಮಲ್ಲಿಕಾರ್ಜುನ,Kavatimata Mahantesha Mallikarjuna
413,12/06/2017,ವೈದಕೀಯ ಶಿಕ್ಷಣ,Vedic Education,ತುಮಕೂರಿನಲ್ಲಿ ವೈದ್ಯಕೀಯ ಕಾಲೇಜನ್ನು ತೆರೆಯುವ ಬಗ್ಗೆ,About opening a medical college in Tumkur,ಕಾಂತರಾಜು (ಬಿಎಂಎಲ್),Kantaraju (BML)
414,12/06/2017,ಆರೋಗ್ಯ ಮತ್ತು ಕುಟುಂಬ ಕಲ್ಯಾಣ,Health and family welfare,೨೦೧೭-೧೮ರ ಆಯವ್ಯಯದಲ್ಲಿ ಸೂಪರ್ ಸ್ಪೆಷಾಲಿಟಿ ಆಸ್ಪತ್ರೆಗಳ ತೆರೆಯುವ ಬಗ್ಗೆ,Opening of Super Specialty Hospitals in the 2017-18 budget,ಕಾಂತರಾಜು (ಬಿಎಂಎಲ್),Kantaraju (BML)
415,12/06/2017,ಮಹಿಳಾ ಮತ್ತು ಮಕ್ಕಳ ಅಭಿವೃದ್ಧಿ,Women and Child Development,ತುಮಕೂರು ಜಿಲ್ಲೆಯಲ್ಲಿ ಅಂಗನವಾಡಿ ಸಂಖ್ಯೆ ಮತ್ತು ಕಟ್ಟಡಗಳ ನಿರ್ಮಾಣದ ಬಗ್ಗೆ,About Anganwadi Number and Buildings in Tumkur District,ಕಾಂತರಾಜು (ಬಿಎಂಎಲ್),Kantaraju (BML)
416,12/06/2017,ಆರೋಗ್ಯ ಮತ್ತು ಕುಟುಂಬ ಕಲ್ಯಾಣ,Health and family welfare,ಆರೋಗ್ಯ ಮತ್ತು ಕುಟುಂಬ ಕಲ್ಯಾಣ ಇಲಾಖೆಯಲ್ಲಿರುವ ಅಂಬುಲೆನ್ಸ್‌ಗಳ ಬಗ್ಗೆ,About Ambulances in the Department of Health and Family Welfare,ಕಾಂತರಾಜು (ಬಿಎಂಎಲ್),Kantaraju (BML)
417,12/06/2017,ಆರೋಗ್ಯ ಮತ್ತು ಕುಟುಂಬ ಕಲ್ಯಾಣ,Health and family welfare,ಜನಸಂಜೀವಿನಿ ಜನರಿಕ್ ಔಷಧ ಮಳಿಗೆಗಳನ್ನು ತೆರೆಯುವ ಬಗ್ಗೆ,Opening of Janasinevini Generic Drug Shops,ಕಾಂತರಾಜು (ಬಿಎಂಎಲ್),Kantaraju (BML)
418,12/06/2017,ಕನ್ನಡ ಮತ್ತು ಸಂಸ್ಕೃತಿ,Kannada and culture,ಕನಡ ಸಂಸ್ಕೃತಿ ಇಲಾಖೆಯಿಂದ ಅನುದಾನ ವಿತರಣೆಯಲ್ಲಿ ಪಕ್ಷಪಾತ ನೀತಿ ಕುರಿತು,Participation in Participation in the distribution of funds from the Kanada Culture Department,ಕೋಟ ಶ್ರೀನಿವಾಸ ಪೂಜಾರಿ,Kota Srinivasa Pujari
419,12/06/2017,ಆಹಾರ ಮತ್ತು ನಾಗರಿಕ ಸರಬರಾಜು,Food and Civil Supplies,ಅನ ಭಾಗ್ಯ ಯೋಜನಯಡಿಯಲ್ಲಿ ಅವ್ಯವಹಾರ ಆರೋಪದ ಕುರಿತು,The allegations of misconduct under an ambitious scheme,ಕೋಟ ಶ್ರೀನಿವಾಸ ಪೂಜಾರಿ,Kota Srinivasa Pujari
420,12/06/2017,ಆರೋಗ್ಯ ಮತ್ತು ಕುಟುಂಬ ಕಲ್ಯಾಣ,Health and family welfare,ಎಂಡೋಸಲ್ಫಾನ್ ಪೀಡಿತ ಸಂತ್ರಸ್ಥರ ಬೇಡಿಕೆ ಮತ್ತು ಪುನರ್ವಸತಿ ಕುರಿತು,Regarding demand and rehabilitation of endosulfan-affected victims,ಕೋಟ ಶ್ರೀನಿವಾಸ ಪೂಜಾರಿ,Kota Srinivasa Pujari
421,12/06/2017,ಸಮಾಜ ಕಲ್ಯಾಣ,Social Welfare,ಗಂಗಾ ಕಲ್ಯಾಣ ಯೋಜನೆಯ ನೆರವು ಬಗ್ಗೆ,About Ganga Welfare Project Assistance,ಕೋಟ ಶ್ರೀನಿವಾಸ ಪೂಜಾರಿ,Kota Srinivasa Pujari
422,12/06/2017,ಆಹಾರ ಮತ್ತು ನಾಗರಿಕ ಸರಬರಾಜು,Food and Civil Supplies,ಆಹಾರ ಭದ್ರತಾ ಕಾಯ್ದೆಯಡಿ ಕೇಂದ್ರದಿಂದ ಅನುದಾನ ಬಿಡುಗಡೆಯಾಗಿರುವ ಬಗ್ಗೆ,About grant of funds from the Center under the Food Security Act,ಕೋಟ ಶ್ರೀನಿವಾಸ ಪೂಜಾರಿ,Kota Srinivasa Pujari
423,12/06/2017,ಸಮಾಜ ಕಲ್ಯಾಣ,Social Welfare,ಜಾತಿ ಗಣತಿ ಕಾರ್ಯ ಕುರಿತು,About caste census,ತಾರಾಅನೂರಾಧ,Tara Anuradha
424,12/06/2017,ಸಮಾಜ ಕಲ್ಯಾಣ,Social Welfare,ಜಾತಿ ಗಣತಿ ಕಾರ್ಯ ಕುರಿತು,About caste census,ತಾರಾಅನೂರಾಧ,Tara Anuradha
425,12/06/2017,ಪಶುಸಂಗೋಪನೆ,Animal husbandry,ಗೋಹತ್ಯೆ ನಿಷೇಧ ಹಾಗೂ ಕಸಾಯಿಖಾನೆ ಬಗ್ಗೆ,About carnivorous bananas and slaughterhouse,ತಾರಾಅನುರಾಧ,Tara Anuradha
426,12/06/2017,ಸಮಾಜ ಕಲ್ಯಾಣ,Social Welfare,ದಿವಂಗತ ಎನ್. ರಾಚಯ್ಯ ಸ್ಮಾರಕ,Late N. Rachayya Memorial,ಧರ್ಮಸೇನ .ಆರ್,Dharmasena R
427,12/06/2017,ಸಮಾಜ ಕಲ್ಯಾಣ,Social Welfare,ಅಂಬೇಡಕರ್ ಅಭಿವೃದ್ಧಿ ನಿUಮದಿಂದ ಸಾಲ ವಿತರಣೆ,Ambedkar Development Debt Debt from NUU,ಧರ್ಮಸೇನ .ಆರ್,Dharmasena R
428,12/06/2017,ಸಮಾಜ ಕಲ್ಯಾಣ,Social Welfare,ಪರಿಶಿಷ್ಟ ಜಾತಿ/ಪರಿಶಿಷ್ಟ ವರ್ಗಗಳ ಪತ್ರಕರ್ತರಿಗೆ ಆರ್ಥಿಕ ಸಹಾಯ,Financial Assistance to Scheduled Castes / Scheduled Tribes Journalists,ಧರ್ಮಸೇನ .ಆರ್,Dharmasena R
429,13/06/2017,ಕೃಷಿ,Agriculture,ರಾಜ್ಯದಲ್ಲಿ ಸಾಲಬಾದೆಯಿಂದ ಆತ್ಮ ಹತ್ಯೆ ಮಾಡಿಕೊಳ್ಳುತ್ತಿರುವ ರೈತರ ಬಗ್ಗೆ,About farmers who are self-assassinated by the state in debt,ಸುನೀಲ್ ಸುಬ್ರಮಣಿ .ಎಂ.ಪಿ,Sunil Subramani M P
430,13/06/2017,ಸಾರ್ವಜನಿಕ ಉದ್ದಿಮೆ,Public enterprise,ಮಡಿಕೇರಿ ನಗರಸಭೆ ವ್ಯಾಪ್ತಿಯಲ್ಲಿ ಪಾರ್ಕಿಂಗ್ ವ್ಯವಸ್ಥೆ ಕಲ್ಪಿಸುವ ಬಗ್ಗೆ,About providing parking space at Madikeri Municipal Corporation,ಸುನೀಲ್ ಸುಬ್ರಮಣಿ .ಎಂ.ಪಿ,Sunil Subramani M P
431,13/06/2017,ಸಾರ್ವಜನಿಕ ಉದ್ದಿಮೆ,Public enterprise,ಘನತ್ಯಾಜ್ಯ ವಿಲೇವಾರಿ ಬಗ್ಗೆ,About Solid Waste Disposal,ಸಯದ್ ಮುಧೀರ್ ಅಗಾ,Syed Madir Aga
432,13/06/2017,ಕೃಷಿ ಮಾರುಕಟ್ಟೆ,Agricultural Market,ಕೃಷಿ ಮಾರುಕಟ್ಟೆಗಳಲ್ಲಿ ವೇ ಬ್ರಿಡ್ಜ್ ವ್ಯವಸ್ಥೆಯನ್ನು ಅಳವಡಿಸುವ ಬಗ್ಗೆ,About installing Way Bridge system in agricultural markets,ಸಯದ್ ಮುಧೀರ್ ಅಗಾ,Syed Madir Aga
433,13/06/2017,ತೋಟಗಾರಿಕೆ,Gardening,ಮಾವು ಬೆಳೆ ವಹಿವಾಟು,Mango crop trading,ಸಯದ್ ಮುಧೀರ್ ಅಗಾ,Syed Madir Aga
434,13/06/2017,ಕೃಷಿ ಮಾರುಕಟ್ಟೆ,Agricultural Market,ತೆಂUಗಿನ ಎಳನೀರು ಮಾರುಕಟ್ಟೆ ಬಗ್ಗೆ,About TM U Ground Liquid Market,ಸಯದ್ ಮುಧೀರ್ ಅಗಾ,Syed Madir Aga
435,13/06/2017,ಕೃಷಿ,Agriculture,ಬಿತ್ತನೆ ಬೀಜ ವಿತರಣೆ ಬಗ್ಗೆ,About seed distribution,ಸಯದ್ ಮುಧೀರ್ ಅಗಾ,Syed Madir Aga
436,13/06/2017,ಪೌರಾಡಳಿv,Mesmerizing v,"ಗದಗ ಜಿಲ್ಲೆಯ ವ್ಯಾಪ್ತಿಯಲ್ಲಿ ಬರುವ ನಗರಸಭೆಗಳು, ಪುರಸಭೆಗಳು ಪತ್ತು ಪಟ್ಟಣ ಪಂಚಾಯ್ತಿಯವರು ೨೦೧೭ ರಿಂದ ೩ ವರ್ಷಗಳವರೆಗೆ ಹೆಚ್ಚಿಸಿದ ಆಸ್ತಿ ತೆರಿಗೆ ಬಗ್ಗೆ",Municipalities and municipalities in the district of Gadag district are concerned about the property tax deductions raised from 2017 to 3 years by Pata Panchayat,ಸಂಕನೂರ .ಎಸ್.ವ್ಹಿ,Sankanura S V
437,13/06/2017,ಕೃಷಿ ಮಾರುಕಟ್ಟೆ,Agricultural Market,ಹಾಪ್‌ಕಾಮ್ಸ್‌ಗಳಲ್ಲಿ ಅವ್ಯವಸ್ತೆ ಮತ್ತು ಗೊಂದಲ ಪರಿಹಾರ ಕುರಿತು,About hypnosis and confusion relief in hopcams,ಸೋಮಣ್ಣ .ವಿ,Somanna V
438,13/06/2017,ತೋಟಗಾರಿಕೆ,Gardening,ತೊಗರಿ ಬೆಳೆಗೆ ಬೆಂಬಲ ಬೆಲೆ ಹಾಗೂ ಖರೀದಿಸಿದ ವಿವರ,Support price for Toggle crop and purchased detail,ಸೋಮಣ್ಣ .ವಿ,Somanna V
439,13/06/2017,ಕೃಷಿ,Agriculture,ರಾಜ್ಯದಲ್ಲಿ ಮುಂಗಾರು ಹಂಗಾಮಿನಲ್ಲಿ ಬೀಜ ರಸಗೊಬ್ಬರ ವಿತರಣೆ ಬಗ್ಗೆ,About seed distribution in monsoon season in the state,ಸೋಮಣ್ಣ ಮ ಬೇವಿನಮರದ,Samanna Ma Bevinamara
440,13/06/2017,ಪಶುಸಂಗೋಪನೆ,Animal husbandry,ರಾಜ್ಯದಲ್ಲಿ ಕುರಿ ಮೇಕೆ ಆಡು ದನಕರುಗಳು ಸತ್ತಿರುವ ಬಗ್ಗೆ,About Sheep Goat Goats In The State,ಸೋಮಣ್ಣ ಮ ಬೇವಿನಮರದ,Samanna Ma Bevinamara
441,13/06/2017,ಪೌರಾಡಳಿv,Administration,ಪಟ್ಟಣ ಪಂಚಾಯ್ತಿ ಮತ್ತು ಪುರಸಭೆಗಳ ಬಗ್ಗೆ,About Town Panchayat and Municipalities,ಸೋಮಣ್ಣ ಮ ಬೇವಿನಮರದ,Samanna Ma Bevinamara
442,13/06/2017,ಲೋಕೋಪಯೋಗಿ,Public service,"ಪುರ ಸಭೆ, ನಗರ ಸಭೆ ಹಾಗೂ ಪಟ್ಟಣ ಮಂಚಾಯ್ತಿಗಳ ಕಾಮಗಾರಿಗಳ ಬಗ್ಗೆ","About the works of the council, urban council and town councils",ನಾರಾಯಣಸ್ವಾಮಿ .ಎಂ,Narayanaswamy M
443,13/06/2017,ಲೋಕೋಪಯೋಗಿ,Public service,ಲಕ್ಷ್ಮಣ ತೀರ್ಥ ನದಿಯ ಸೇತುವೆ ನಿರ್ವಹಣೆ ಬಗ್ಗೆ,About the bridge management of Laxman Tirtha river,ನಾಗರಾಜ್ .ಎಸ್,Nagaraja S
444,13/06/2017,ಪಶುಸಂಗೋಪನೆ,Animal husbandry,ಜಾನುವಾರುಗಳ ಅಕಾಲಿಕ ಮರಣಕ್ಕೆ ಪರಿಹಾರ ಬಗ್ಗೆ,About relief for premature death of livestock,ನಾಗರಾಜ್ .ಎಸ್,Nagaraja S
445,13/06/2017,ಸಾರ್ವಜನಿಕ ಉದ್ದಿಮೆ,Public enterprise,ಬನ್ನೂರು ಸಂತೇಮಾಳ ಪುರಸಭೆ ಬಸ್ ನಿಲ್ದಾಣದ ಅಭಿವೃದ್ಧಿ,Development of Bannur Santheala municipal bus station,ನಾಗರಾಜ್ .ಎಸ್,Nagaraja S
446,13/06/2017,ಕೃಷಿ,Agriculture,ರಾಜ್ಯ ಕೃಷಿ ಇಲಾಖೆಯಿಂದ ರಸಗೊಬ್ಬರ ಅಂಗಡಿಗಳಲ್ಲಿ ಮಾರಾಟವಾಗಿರುವ ಬಗ್ಗೆ,About selling at fertilizer stores from the State Agriculture Department,ಪ್ರಸನ್ನ ಕುಮಾರ್ .ಆರ್,Prasanna Kumar R
447,13/06/2017,ತೋಟಗಾರಿಕೆ,Gardening,ಅಡಿಕೆ ಬೆಳೆಯುವ ರೈತರಿಗೆ ಬೆಳೆ ವಿಮೆ ಒಳಪಡಿಸುವ ಬಗ್ಗೆ,About covering crop insurance for growing nut growers,ಪ್ರಸನ್ನ ಕುಮಾರ್ .ಆರ್,Prasanna Kumar R
448,13/06/2017,ಇಂಧನ,Fuel,ಸೂರ್ಯ ರೈತ ಯೋಜನೆ ಕುರಿತು,About the sun farmer plan,ಪ್ರದೀಪ್ ಶೆಟ್ಟರ್,Pradeep Shettar
449,13/06/2017,ಲೋಕೋಪಯೋಗಿ,Public service,Uಮೀಣ ಪ್ರದೇಶದ ರಸ್ತೆ ಮತ್ತು ಸೇತುವೆ ದುರಸ್ತಿ ಕುರಿತು,About U Road and Bridge Repair,ಪ್ರದೀಪ್ ಶೆಟ್ಟರ್,Pradeep Shettar
450,13/06/2017,ಇಂಧನ,Fuel,ನಿರಂತರ ಜ್ಯೋತಿ ಯೋಜನೆಯ ಕುರಿತು,About the Continuous Jyothi Project,ಪ್ರದೀಪ್ ಶೆಟ್ಟರ್,Pradeep Shettar
451,13/06/2017,ಲೋಕೋಪಯೋಗಿ,Public service,ಕಾಮಗಾರಿಗಳ ಅನುದಾನ ಕುರಿತು,About the grant of works,ಪ್ರದೀಪ್ ಶೆಟ್ಟರ್,Pradeep Shettar
452,13/06/2017,ಸಾರ್ವಜನಿಕ ಉದ್ದಿಮೆ,Public enterprise,ಸ್ಪೈಪಿಂಗ್ ಮೆಷಿನ್ ಅಳವಡಿಸುವ ಬಗ್ಗೆ,About installing spying machine,ಪ್ರಾಣೇಶ್ .ಎಂ.ಕೆ,Pranesha M K
453,13/06/2017,ಪಶುಸಂಗೋಪನೆ,Animal husbandry,ಮಾಂಸದ ಅಂಗಡಿಗಳಿಗೆ ಸಹಾಯಧನ ನೀಡುವ ಬಗ್ಗೆ ಕುರಿತು,About subsidizing meat shops,ಪ್ರಾಣೇಶ್ .ಎಂ.ಕೆ,Pranesha M K
454,13/06/2017,ಲೋಕೋಪಯೋಗಿ,Public service,ಲೋಕೋಪಯೋಗಿ ಇಲಾಖೆಯ ರಸ್ತೆಯಲ್ಲಿ ಸುಗಮ ಸಂಚಾರದ ಕುರಿತು,About smooth traffic on the Public Works Department,ಪ್ರತಾಪಚಂದ್ರ ಶೆಟ್ಟಿ .ಕೆ,Pratapachandra Shetty K
455,13/06/2017,ಪಶುಸಂಗೋಪನೆ,Animal husbandry,ಉಡುಪಿ ಜಿಲ್ಲೆಯ ಪಶು ಚಿಕಿತ್ಸಾಲಯ ಮತ್ತು ಗೋಮಾಳಗಳನ್ನು ಇಲಾಖಾ ವ್ಯಾಪ್ತಿಗೆ ಒಳಪಡುವ ಬಗ್ಗೆ,Department of Animal Husbandry and Poultry in Udupi District to be covered under the Department,ಪ್ರತಾಪಚಂದ್ರ ಶೆಟ್ಟಿ .ಕೆ,Pratapachandra Shetty K
456,13/06/2017,ಕೃಷಿ ಮಾರುಕಟ್ಟೆ,Agricultural Market,ರೈತರಿಗೆ ಕೃಷಿ ಮಾರುಕಟ್ಟೆ ಕಲ್ಪಿಸುವ ಕುರಿತು ಮತ್ತು ಆನ್ ಲೈನ್ ವ್ಯವಸ್ಥೆ ಕುರಿತು,About Farm Marketing and Online System for Farmers,ಪ್ರತಾಪಚಂದ್ರ ಶೆಟ್ಟಿ .ಕೆ,Pratapachandra Shetty K
457,13/06/2017,ಲೋಕೋಪಯೋಗಿ,Public service,ಕುಂಧಾಪುರ ಪುರಸಭೆಯ ರಿಂಗ್ ರಸ್ತೆ ಮತ್ತು ಕೆರೆಗಳ ಅಭಿವೃದ್ಧಿ ಕುರಿತು,About Kundapur Municipal Ring Road and Lakes Development,ಪ್ರತಾಪಚಂದ್ರ ಶೆಟ್ಟಿ .ಕೆ,Pratapachandra Shetty K
458,13/06/2017,ಕೃಷಿ,Agriculture,ಹನಿ ನೀರಾವರಿ ಯೋಜನೆ ಬಗ್ಗೆ,About the Honey Irrigation Project,ಪುಟ್ಟಸ್ವಾಮಿ .ಬಿ.ಜೆ,Puttaswamy B J
459,13/06/2017,ಕೃಷಿ,Agriculture,ರೈತರ ಅಭಿವೃದ್ಧಿಗೆ ಸರ್ಕಾರದ ಯೋಜನೆಯ ಬಗ್ಗೆ,About the government's plan for the development of farmers,ಪುಟ್ಟಸ್ವಾಮಿ .ಬಿ.ಜೆ,Puttaswamy B J
460,13/06/2017,ಲೋಕೋಪಯೋಗಿ,Public service,ನಲಮಂಗಲ ಪಟ್ಟಣದ ಬಿ.ಹೆಚ್. ರಸ್ತೆಯ ಅಗಲೀಕರಣದ ಬಗ್ಗೆ,Nalamangala town bh. About the road widening,ಪುಟ್ಟಸ್ವಾಮಿ .ಬಿ.ಜೆ,Puttaswamy B J
461,13/06/2017,ತೋಟಗಾರಿಕೆ,Gardening,ಮಾವಿನ ಉತ್ಪಾದನೆ ಬಗ್ಗೆ,About Mango Production,ಶರವಣ .ಟಿ.ಎ,Sharavana T A
462,13/06/2017,ಕೃಷಿ,Agriculture,ರೈತgರಿಗೆ ಬಿತ್ತನೆ ಬೀಜ ವಿತರಣೆ ಬಗ್ಗೆ,About seed distribution to farmer g,ಶರವಣ .ಟಿ.ಎ,Sharavana T A
463,13/06/2017,ಇಂಧನ,Fuel,ರಾಜ್ಯದ ಪಂಪ್‌ಸೆಟ್‌ಗಳ ವಿದ್ಯುತ್ ಸಂಪರ್ಕದ ಬಗ್ಗೆ,About electricity connection of state pumpsets,ಶರವಣ .ಟಿ.ಎ,Sharavana T A
464,13/06/2017,ಪಶುಸಂಗೋಪನೆ,Animal husbandry,ಇ-ಡೈರಿ ಸೇವೆಯ ಬಗ್ಗೆ,About e-dairy service,ಶರವಣ .ಟಿ.ಎ,Sharavana T A
465,13/06/2017,ಪೌರಾಡಳಿv,Mesmerizing v,ನೂತನವಾಗಿ ರಚನೆಯಾದ ಪುರಸಭೆ/ಪಟ್ಟಣ ಪಂಚಾಯಿತಿ/ ನಗರಸಭೆಗಳಿಗೆ ಮೂಲಬೂತ ಸೌಂದರ್ಯ ಒದಗಿಸುವ ಬಗ್ಗೆ,Providing Source Beauty to Newly Created Municipalities / Town Panchayats / Municipalities,ವಿವೇಕ್ರಾವ್ ವಸಂತರಾವ್ ಪಾಟೀಲ್,Vivek Rao Vasanth Rao Patil
466,13/06/2017,ಪಶುಸಂಗೋಪನೆ,Animal husbandry,ಪಶು ಚಿಕಿತ್ಸಾ ಕೇಂದ್ರಗಳ ಮಂಜೂರಾತಿ ಬಗ್ಗೆ,About sanction of veterinary clinics,ವಿವೇಕ್‌ರಾವ್ ವಸಂತರಾವ್ ಪಾಟೀಲ್,Vivek Rao Vasanth Rao Patil
467,13/06/2017,ಇಂಧನ,Fuel,ವಿದ್ಯುತ್ ಅಕ್ರಮ ಪಂಪ್ ಸೆಟ್ಟುಗಳನ್ನು ಸಕ್ರಮಗೊಳಿಸುವ ಬಗ್ಗೆ,About the imposition of power illegal pump sets,ವಿವೇಕ್‌ರಾವ್ ವಸಂತರಾವ್ ಪಾಟೀಲ್,Vivek Rao Vasanth Rao Patil
468,13/06/2017,ಗ್ರಾಮೀಣಾಭಿವೃದ್ಧಿ ಮತ್ತು ಪಂಚಾಯತ್ ರಾಜ್,Rural Development and Panchayat Raj,ನಗರ ಸಭೆ/ ಪಟ್ಟಣ ಪಂಚಾಯ್ತಿಗಳಲ್ಲಿ ಕರ್ತವ್ಯ ನಿರ್ವಹಿಸುತ್ತಿರುವ ಪೌರಕಾರ್ಮಿಕರ ಬಗ್ಗೆ,About civic workers who are dutiful in city council / town councils,ವೀರಯ್ಯ .ಡಿ.ಎಸ್,Veerayya D S
469,13/06/2017,ರೇಷ್ಮೆ,Silk,ಕೊಡಗು ಜಿಲ್ಲೆಯಲ್ಲಿ ರೇಷ್ಮೆ ಕೃಷಿ ಕುರಿತು,About silk farming in Kodagu district,ವೀಣಾ ಅಚ್ಚಯ್ಯ .ಎಸ್,Veena achchaiah S
470,13/06/2017,ಪಶುಸಂಗೋಪನೆ,Animal husbandry,ಕೊಡಗು ಜಿಲ್ಲೆಯ ಪಶು ಆಸ್ಪತ್ರಗಳಲ್ಲಿ ಖಾಲಿ ಇರುವ ಹುದ್ದೆಗಳ ಕುರಿತು,About vacant posts in veterinary hospitals in Kodagu district,ವೀಣಾ ಅಚ್ಚಯ್ಯ .ಎಸ್,Veena achchaiah S
471,13/06/2017,ತೋಟಗಾರಿಕೆ,Gardening,ರಾಜ್ಯದಲ್ಲಿ ತೆಂಗು ಬೆಳೆಗಾರರಿಗೆ ಸಿಗುತ್ತಿರುವ ಸೌಲಭ್ಯಗಳ ಕುರಿತು,About the availability of coconut growers in the state,ವೀಣಾ ಅಚ್ಚಯ್ಯ .ಎಸ್,Veena achchaiah S
472,13/06/2017,ಕೃಷಿ,Agriculture,ರಾಜ್ಯದಲ್ಲಿ ಸಿರಿ ದಾನ್ಯಗಳನ್ನು ಬೆಳೆಯಲು ಪ್ರೋತ್ಸಾಯಿಸುವ ಕುರಿತು,About encouraging Siri donations to grow in the state,ವೀಣಾ ಅಚ್ಚಯ್ಯ .ಎಸ್,Veena achchaiah S
473,13/06/2017,ರೇಷ್ಮೆ,Silk,ರೇಷ್ಮೆ ಬೆಳೆಗಾರರ ಬಗ್ಗೆ,About silk growers,ವಿಜಯ ಸಂಗ್,Vijay Singh
474,13/06/2017,ಪಶುಸಂಗೋಪನೆ,Animal husbandry,ಜಾನುವಾರುಗಳ ಸಾಕಾಣಿಕೆಗೆ ಪ್ರೋತ್ಸಾಹ,Encouragement for livestock farming,ವಿಜಯ ಸಂಗ್,Vijay Singh
475,13/06/2017,ಕೃಷಿ,Agriculture,ಬೀದರ್ ಜಿಲ್ಲೆಯಲ್ಲಿ ರೈತರ ಆತ್ಮಹತ್ಯೆ ಬಗ್ಗೆ,About farmers' suicide in Bidar district,ವಿಜಯ ಸಂಗ್,Vijay Singh
476,13/06/2017,ಕೃಷಿ ಮಾರುಕಟ್ಟೆ,Agricultural Market,ಬೀದರ್ ಜಿಲ್ಲೆ ಕೃಷಿ ಉತ್ಪನ್ನ ಮಾರುಕಟ್ಟೆ ಅಭಿವೃದ್ಧಿಯ ಬಗ್ಗೆ,Bidar District About Agricultural Product Market Development,ವಿಜಯ ಸಂಗ್,Vijay Singh
477,13/06/2017,ಕೃಷಿ,Agriculture,ಆತ್ಮಹತ್ಯೆಗೆ ಶರಣಾಗುತ್ತಿರುವ ರೈತರನ್ನು ಸಂಕಷ್ಟಗಳಿಂಧ ಪಾರು ಮಾಡುವ ಬಗ್ಗೆ,About saving the farmers who surrender to suicide,ಲಕ್ಷ್ಮೀನಾರಾಯಣ .ಎಂ.ಡಿ,Lakshmi Narayana MD
478,13/06/2017,ಪಶುಸಂಗೋಪನೆ,Animal husbandry,ಸರ್ಕಾರಿ ಗೋಶಾಲೆಗಳ ಬಗ್ಗೆ,About Government Govt,ಲಕ್ಷ್ಮೀನಾರಾಯಣ .ಎಂ.ಡಿ,Lakshmi Narayana MD
479,13/06/2017,ಅಲ್ಪಸಂಖ್ಯಾತರ ಕಲ್ಯಾಣ,Minorities Welfare,ಅಲ್ಪಸಂಖ್ಯಾತರ ನಿರುದ್ಯೋಗ ಸಮಸ್ಯೆ ಕುರಿತು,About the issue of minority unemployment,ಲಕ್ಷ್ಮೀನಾರಾಯಣ .ಎಂ.ಡಿ,Lakshmi Narayana MD
480,13/06/2017,ತೋಟಗಾರಿಕೆ,Gardening,ತುಮಕೂರು ಜಿಲ್ಲೆಯಲ್ಲಿ ಪುಷ್ಪೋದ್ಯಮ ಅಭಿವೃದ್ಧಿ ಕುರಿತು,About development of push industry in Tumkur district,ಲಕ್ಷ್ಮೀನಾರಾಯಣ .ಎಂ.ಡಿ,Lakshmi Narayana MD
481,13/06/2017,ಕೃಷಿ,Agriculture,ರೈತರಿಗೆ ವಿತರಿಸಿದ ಬಿತ್ತನೆ ಬೀಜಗಳ ಬಗ್ಗೆ,Sowing seeds for farmers,ಲಕ್ಷ್ಮೀನಾರಾಯಣ .ಎಂ.ಡಿ,Lakshmi Narayana MD
482,13/06/2017,ತೋಟಗಾರಿಕೆ,Gardening,ತಟಗಾರಿಕೆ ಇಲಾಖೆಯ ವಿವಿಧ ಯೋಜನೆಗಳ ಸಹಾಯ ಸವಲತ್ತುಗಳು ಗ್ರಾಮೀಣ ರೈತರಿಗೆ ಸರಿಯಾಗಿ ತಲುಪದೆ ಇರುವ ಬಗ್ಗೆ,The benefits of various schemes of the Department of Tattooing Department are not properly reached for rural farmers,ಲಕ್ಷ್ಮೀನಾರಾಯಣ .ಎಂ.ಡಿ,Lakshmi Narayana MD
483,13/06/2017,ತೋಟಗಾರಿಕೆ,Gardening,"ಮಂಡ್ಯ ಜಿಲ್ಲೆ ನಾಗಮಂಗಲ, ತಾಲ್ಲುಕಿನ ತೋಟಗಾರಿಕಾ ಇಲಾಖೆಯಲ್ಲಿನ ಅಕ್ರಮಗಳ ಬಗ್ಗೆ","About irregularities in the Horticultural Department of Nagmangala, Mandya district",ಶ್ರೀಕಂಠೇಗೌಡ .ಕೆ.ಟಿ,Srikantegowda KT
484,13/06/2017,ತೋಟಗಾರಿಕೆ,Gardening,ಕೇಂದ್ರ ಸರ್ಕಾರದ ಅನುದಾನವನ್ನು ಸಂಪೂರ್ಣವಾಗಿ ಬಳಸಿಕೊಳ್ಳುವ ಬಗ್ಗೆ,To fully utilize central government grants,ಮನೋಹರ್ .ಸಿ.ಆರ್,Manohara CR
485,13/06/2017,ಕೃಷಿ ಮಾರುಕಟ್ಟೆ,Agricultural Market,ಮೂಡಿಗೆರೆ ತಾಲ್ಲೂಕಿನ ಎ.ಪಿ.ಎಂ.ಸಿ ಕಛೇರಿಯ ಬಗ್ಗೆ,About APMC Office in Moodigere taluk,ಮೋಟಮ್ಮ,Motamma
486,13/06/2017,ಪಶುಸಂಗೋಪನೆ,Animal husbandry,ಪಶು ಚಿಕಿತ್ಸಾಲಯಗಳ ವಿವರ,Description of Veterinary Clinic,ಜಯಮಾಲ ರಾಮಚಂದ್ರ,Jayamala Ramachandra
487,13/06/2017,ಕೃಷಿ,Agriculture,ಕಲುಬುರಗಿ ಜಿಲ್ಲೆಯಲ್ಲಿ ಜಲಾನಯನ ಇಲಾಖಾ ಅಭಿವೃದ್ಧಿ ಸಂಬಂಧಿಸಿದಂತೆ,Regarding the development of the basin department in the district,ಇಕ್ಬಾಲ್ ಅಹಮದ್ ಸರಡಗಿ,Ikbal Ahmad Sadaragi
488,13/06/2017,ಕನ್ನಡ ಮತ್ತು ಸಂಸ್ಕೃತಿ,Kannada and culture,"ಕಬ್ಬನ್ ಪಾರ್ಕ್ ಉದ್ಯಾನವನದಲ್ಲಿ ""ರಾತ್ರಿ ಮನರಂಜನೆ"" ಯೋಜನೆ ಅನುಷ್ಠಾನ ಕೈಬಿಡುವ ಕುರಿತು","About abandoning the ""Night Entertainment"" project at Cubbon Park Park",ರಾಮಚಂದ್ರಗೌಡ,Ramachandra Gowda
489,13/06/2017,ತೋಟಗಾರಿಕೆ,Gardening,ತೆಂಗು ಬೆಳೆ ನಾಶದಿಂದಾಗಿ ಕಂಗಾಲಾಗಿರುವ ರೈತರಿಗೆ ಸಹಾಯ ಸಹಕಾರ ಮತ್ತು ಪರಿಹಾರ ನೀಡುವ ಬಗ್ಗೆ,About cooperating and compensation for farmers suffering from coconut cultivation,ರಾಮಚಂದ್ರಗೌಡ,Ramachandra Gowda
490,13/06/2017,ತೋಟಗಾರಿಕೆ,Gardening,"ಕುಲಾಂತರಿ ಸಾಸಿವೆ ಬೆಳೆಯೂ ಸೇರಿದಂತೆ, ಕುಲಾಂತರಿ ಬೆಳೆಗಳ ಸಾಧಕ-ಬಾಧಕಗಳ ಬಗ್ಗೆ","About the pros and cons of culinary crops, including culinary mustard seeds",ರಾಮಚಂದ್ರಗೌಡ,Ramachandra Gowda
491,13/06/2017,ಕೃಷಿ,Agriculture,ಬೇವಿನ ಬೀಜಗಳ ಸಹಕಾರ ಸಂಘ ಸ್ಥಾಪನೆ,Establishment of Neem seeds co-operative society,ರಾಮಚಂದ್ರಗೌಡ,Ramachandra Gowda
492,13/06/2017,ಕಷಿ,Cookie,"ಫಸಲ್ ಭೀಮಾ ಯೋಜನೆ, ಕೃಷಿ ಕಾರ್ಯಕ್ರಮಗಳ ಬಗ್ಗೆ",About the Fasal Bhima Project and Agriculture Programs,ರಮೇಶ್ ಬಾಬು,Ramesha Babu
493,13/06/2017,ಸಾರ್ವಜನಿಕ ಉದ್ದಿಮೆ,Public enterprise,ಸಾರ್ವಜನಿಕ ಉದ್ದಿಮೆಗಳ ಬಗ್ಗೆ,About Public Enterprises,ರಮೇಶ್ ಬಾಬು,Ramesha Babu
494,13/06/2017,ತೋಟಗಾರಿಕೆ,Gardening,ರೈತ ಉತ್ಪಾದಕ ಸಂಸ್ಥೆ ತೋಟಗಾರಿಕೆ ಬಗ್ಗೆ,About Farmers Production Organization,ರಮೇಶ್ ಬಾಬು,Ramesha Babu
495,13/06/2017,ರೇಷ್ಮೆ,Silk,ರೇಷ್ಮೆ ರೀಲರುಗಳ ಬಗ್ಗೆ,About silk reelers,ರಮೇಶ್ ಬಾಬು,Ramesha Babu
496,13/06/2017,ಕೃಷಿ ಮಾರುಕಟ್ಟೆ,Agricultural Market,ಹಪ್‌ಕಾಮ್ಸ್‌ಗಳು ರೈತರಿಗೆ ವಂಚಿಸುತ್ತಿರುವ ಕುರಿತು,Happcoms are about to cheat farmers,ರಘುನಾಥರಾವ್ ಮಲ್ಕಾಪೂರೆ,Raghunath Rao Malkapore
497,13/06/2017,ಪಶುಸಂಗೋಪನೆ,Animal husbandry,ಮೇವಿನ ಕೊರತೆ ಉಂಟಾಗಿರುವ ಬಗ್ಗೆ,About the lack of fodder,ರಘುನಾಥರಾವ್ ಮಲ್ಕಾಪೂರೆ,Raghunath Rao Malkapore
498,13/06/2017,ಇಂಧನ,Fuel,ನಿರಂತರ ಜ್ಯೋತಿ ಯೋಜನೆ,Continuous Jyothi Project,ರಘುನಾಥರಾವ್ ಮಲ್ಕಾಪೂರೆ,Raghunath Rao Malkapore
499,13/06/2017,ಇಂಧನ,Fuel,ರೈತgರಿಗೆ ವಿದ್ಯುತ್ ಸಂಪರ್ಕ ಒದಗಿಸುವ ಬಗ್ಗೆ,About providing electricity connection to farmers,ರಘುನಾಥರಾವ್ ಮಲ್ಕಾಪೂರೆ,Raghunath Rao Malkapore
500,13/06/2017,ಸಿಬ್ಬಂಧಿ ಮತ್ತು ಆಡಳಿತ ಸುಧಾರಣೆ,Staff and administrative reform,ಗುತ್ತಿಗೆ ನೌಕರರು ಖಾಯಂ ಆಗಿದ್ದರೂ ಅದೇ ಸ್ಥಳದಲ್ಲಿ ಸೇವೆ ಸಲ್ಲಿಸುತ್ತಿರುವ ಬಗ್ಗೆ,"About serving at the same place, although lease employees are permanent",ರಘುನಾಥರಾವ್ ಮಲ್ಕಾಪೂರೆ,Raghunath Rao Malkapore
501,13/06/2017,ಲೋಕೋಪಯೋಗಿ,Public service,"ರಾಷ್ಟ್ರೀಯ, ರಾಜ್ಯ ಮತ್ತು ಜಿಲ್ಲಾ ಮುಖ್ಯ ರಸ್ತೆಗಳು","National, State and District Main Roads",ಉಗ್ರಪ್ಪ .ವಿ.ಎಸ್,Ugrappa VS
502,13/06/2017,ಲೋಕೋಪಯೋಗಿ,Public service,ವಿಧಾನಸೌಧ ಮತ್ತು ವಿಕಾಸಸೌಧ ಕಟ್ಟಡಗಳ ನಿರ್ಮಾಣ ಕಾರ್ಯ ಮತ್ತು ತಗುಲಿದ ವೆಚ್ಚ,Cost and construction of construction of masonry and evolutionary buildings,ಉಗ್ರಪ್ಪ .ವಿ.ಎಸ್,Ugrappa VS
503,13/06/2017,ಪಶುಸಂಗೋಪನೆ,Animal husbandry,ದಕ್ಷಿಣ ಕನ್ನಡ ಜಿಲ್ಲೆಯಲ್ಲಿ ಪಶುಸಂಗೋಪನಾ ಕಾಲೇಜು ಸ್ಥಾಪಿಸುವ ಬಗ್ಗೆ,About setting up of Animal Husbandry College in Dakshina Kannada district,ಐವನ್ ಡಿ ಸೋಜಾ,Ivan Disoza
504,13/06/2017,ಲೋಕೋಪಯೋಗಿ,Public service,ಮಂಗಳೂರು ನಗರದ ನಂತೂರು ಜಂಕ್ಷನ್ ಅಂಡರ್ ಪಾಸ್ ಪ್ಲೈ ಓವರ್ ಸ್ಥಾಪಿಸುವ ಬಗ್ಗೆ,About establishing the Nantur Junction Underpass Flyover in Mangalore city,ಐವನ್ ಡಿ ಸೋಜಾ,Ivan Disoza
505,13/06/2017,ತೋಟಗಾರಿಕೆ,Gardening,ಅಡಿಕೆ ಮಂಡಳಿ ನಿUಮ ರಚಿಸುವ ಬಗ್ಗೆ,About creating a nut board,ಐವನ್ ಡಿ ಸೋಜಾ,Ivan Disoza
506,13/06/2017,ತೋಟಗಾರಿಕೆ,Gardening,ರಾಜ್ಯದಲ್ಲಿ ರಬ್ಬರ್ ಬೆಳೆಗಾರರಿಗೆ ಬೆಂಬಲ ಬೆಲೆ ನಿಗದಿಪಡಿಸುವ ಬಗ್ಗೆ,About price support for rubber growers in the state,ಐವನ್ ಡಿ ಸೋಜಾ,Ivan Disoza
507,13/06/2017,ಇಂಧನ,Fuel,ರಾಜ್ಯದಲ್ಲಿ ಸೋಲಾರ್ ಉತ್ಪಾದಿಸುವ ಬಗ್ಗೆ,About solar production in the state,ಐವನ್ ಡಿ ಸೋಜಾ,Ivan Disoza
508,13/06/2017,ಇಂಧನ,Fuel,ಕಳೆದ ನಾಲ್ಕು ವರ್ಷಗಳಲ್ಲಿ Uಮಗಳಿಗೆ ವಿದ್ಯುತ್ ಸಂಪರ್ಕ ಒದಗಿಸಿರುವ ಬಗ್ಗೆ,"In the past four years, U has provided electricity to the daughter",ಕ್ಯಾಪ್ಟನ್ ಗಣೇಶ್ ಕಾರ್ಣಿಕ್,Capt. Ganesh Karnik
509,13/06/2017,ಇಂಧನ,Fuel,ಮಳೆಗಾಲದಲ್ಲಿ ವಿದ್ಯುತ್ ಕಂಬಗಳು ಧರೆಗೆ ಉರುಳುತ್ತಿರುವ ಬಗ್ಗೆ,About the rolling of electric pillars in the rainy season,ಕ್ಯಾಪ್ಟನ್ ಗಣೇಶ್ ಕಾರ್ಣಿಕ್,Capt. Ganesh Karnik
510,13/06/2017,ಇಂಧನ,Fuel,ರಾಜ್ಯದಲ್ಲಿರುವ ಉಷ್ಣ ವಿದ್ಯುತ್ ಸ್ಥಾವರಗಳಿಗೆ ಅಗತ್ಯವಿರುವ ಕಲ್ಲಿದ್ದಲಿನ ಸಂಗ್ರಹದ ಬಗ್ಗೆ,About Coal Storage for Thermal Power Plants in the State,ಕ್ಯಾಪ್ಟನ್ ಗಣೇಶ್ ಕಾರ್ಣಿಕ್,Capt. Ganesh Karnik
511,13/06/2017,ಇಂಧನ,Fuel,ಹೆಸ್ಕಾಂ ಅಧಿಕಾರಿಗಳ ನಿರ್ಲಕ್ಷ್ಯದಿಂದ ವಿದ್ಯುತ್ ಸಕಾಲದಲ್ಲಿ ಸರಬರಾಜಾಗದೇ ಕೃಷ್ಣ ನದಿ ದಂಡೆಯ ಕೋಟ್ಯಾಂತರ ರೂಪಾಯಿ ಕಬ್ಬು ಬೆಳೆ ನಷ್ಟವಾಗಿರುವ ವಿಚಾರ,Concerned over the crores of rupees on the banks of the Krishna River without damaging the Hescom officials' electricity supply,ಕವಟಗಿಮಠ ಮಹಂತೇಶ ಮಲ್ಲಿಕಾರ್ಜುನ,Kavatimata Mahantesha Mallikarjuna
512,13/06/2017,ಕೃಷಿ,Agriculture,ಅಕಾಲಿಕ ಮಳೆಯಿಂದ ನಷ್ಟ ಹೊಂದಿದ ರೈತರಿಗೆ ನಷ್ಟ ಭರಿಸಿಕೊಡಲು ವಿಮಾ ಕಂಪನಿಗಳು ವಿಳಂಬ ಮಾಡುತ್ತಿರುವ ಬಗ್ಗೆ,About insurance companies delaying losses to farmers who have lost their premature rainfall,ಕವಟಗಿಮಠ ಮಹಂತೇಶ ಮಲ್ಲಿಕಾರ್ಜುನ,Kavatimata Mahantesha Mallikarjuna
513,13/06/2017,ಲೋಕೋಪಯೋಗಿ,Public service,ಲೋಕೋಪಯೋಗಿ ಇಲಾಖೆಂಯಿಂದ ನಿರ್ಮಾಣ ಮಾಡಿರುವ ರಸ್ತೆಗಳ ಬಗ್ಗೆ,Roads built by Public Works Department,ಕಾಂತರಾಜು,Kantaraju
514,13/06/2017,ತೋಟಗಾರಿಕೆ,Gardening,ನೀರಾ ಪರಿಷ್ಕರಣೆ ಅನುದಾನ ನೀಡುವ ಬಗ್ಗೆ,About Nira Revision Grants,ಕಾಂತರಾಜು,Kantaraju
515,13/06/2017,ಕೃಷಿ,Agriculture,ಕೃಷಿ ಭಾಗ್ಯ ಯೋಜನೆಗಳ ಅನುಷ್ಠಾನ,Implementation of Agricultural Budget Schemes,ಕಾಂತರಾಜು,Kantaraju
516,13/06/2017,ಇಂಧನ,Fuel,ತುಮಕೂರು ನಗರದ ಸರ್ಕಾರಿ ಕಟ್ಟಡಗಳ ಮೇಲ್ಭಾUದಲ್ಲಿ ಸೋಲಾರ್ ವಿದ್ಯುತ್ ಉತ್ಪಾದನೆ ಬಗ್ಗೆ,Solar power generation in the Uva U of government buildings in Tumkur city,ಕಾಂತರಾಜು,Kantaraju
517,13/06/2017,ಲೋಕೋಪಯೋಗಿ,Public service,ಹೆದ್ದಾರಿಗಳನ್ನು ಮೇಲ್ದರ್ಜೆಗೇರಿಸುವ ಬಗ್ಗೆ,About upgrading the highways,ಕೋಟ ಶ್ರೀನಿವಾಸ ಪೂಜಾರಿ,Kota Srinivasa Pujari
518,13/06/2017,ಒಳನಾಡು ಜಲ ಸಾರಿಗೆ,Inland water transport,ಕಡಲ ಕೊರೆತ ಸಮಸ್ಯೆ ಬಗ್ಗೆ,About sea erosion problem,ಕೋಟ ಶ್ರೀನಿವಾಸ ಪೂಜಾರಿ,Kota Srinivasa Pujari
519,13/06/2017,ಒಳನಾಡು ಜಲ ಸಾರಿಗೆ,Inland water transport,ಸರೋವರ ಮತ್ತು ಕಿರುಜಲ ಹಿತ ಕಾಪಾಡುವ ಬಗ್ಗೆ,About maintaining the lake and the fresh water,ಕೋಟ ಶ್ರೀನಿವಾಸ ಪೂಜಾರಿ,Kota Srinivasa Pujari
520,13/06/2017,ತೋಟಗಾರಿಕೆ,Gardening,"ನೀರಾ, ತೆಂಗು ಕಾಯ್ದೆಯ ಹಿತ ಕಾಯುವ ಬಗ್ಗೆ",About waiting for the nira and coconut act,ಕೋಟ ಶ್ರೀನಿವಾಸ ಪೂಜಾರಿ,Kota Srinivasa Pujari
521,13/06/2017,ತೋಟಗಾರಿಕೆ,Gardening,ಆಡಿಕೆ ಬೆಳೆ ವಿಮಾ ಯೋಜನೆ ಕುರಿತು,About the Adult Crop Insurance Scheme,ಘೋಟ್ನೇಕರ ಶ್ರೀಕಾಂತ ಲಕ್ಷ್ಮಣ,Ghotnekara Srikantha Lakshmana
522,13/06/2017,ಬಂದರು,Arrived,ಉತ್ತರ ಕನ್ನಡ ಜಿಲ್ಲೆಯ ತದಡಿ ಬಂದರಿನ ಕಾಮಗಾರಿ ಸ್ಥಗಿತವಾಗುವ ಲಕ್ಷಣ ಕುರಿತು,About the construction of the Tadadi harbor in Uttara Kannada district,ಘೋಟ್ನೇಕರ ಶ್ರೀಕಾಂತ ಲಕ್ಷ್ಮಣ,Ghotnekara Srikantha Lakshmana
523,13/06/2017,ಕೃಷಿ,Farming,ಪ್ರಧಾನ ಮಂತ್ರಿ ಕೃಷಿ ಸಿಂಚನ ಯೋಜನೆ,Prime Minister's Agricultural Planning Project,ಘೋಟ್ನೇಕರ ಶ್ರೀಕಾಂತ ಲಕ್ಷ್ಮಣ,Ghotnekara Srikantha Lakshmana
524,13/06/2017,ಕೃಷಿ ಮಾರುಕಟ್ಟೆ,Agricultural Market,ಕೃಷಿ ಮಾರುಕಟ್ಟೆಗಳ ಆದಾಯ,Revenue of agricultural markets,ಘೋಟ್ನೇಕರ ಶ್ರೀಕಾಂತ ಲಕ್ಷ್ಮಣ,Ghotnekara Srikantha Lakshmana
525,13/06/2017,ತೋಟಗಾರಿಕೆ,Gardening,ಇ-ಮಾರುಕಟ್ಟೆ ಸೇವೆ,E-marketing service,ಚೌಡರೆಡ್ಡಿ ತೂಪಲ್ಲಿ .ಆರ್,Chowdareddy Tupalli R
526,13/06/2017,ಕಾರ್ಮಿಕ,Labor,ಪರಕಾರ್ಮಿಕರಿಗೆ ಒದಗಿಸಿರುವ ಸೌಲಭ್ಯಗಳು,Facilities provided to Poverty workers,ಧರ್ಮಸೇನ .ಆರ್,Dharmasena R
527,13/06/2017,ಇಂಧನ,Fuel,ಸರಶಕ್ತಿಯಿಂದ ಕೃಷಿಗೆ ನೀರಾವರಿ ವ್ಯವಸ್ಥೆ,Irrigation system from agriculture to agriculture,ಧರ್ಮಸೇನ .ಆರ್,Dharmasena R
528,14/06/2017,ಸಣ್ಣ ನೀರಾವರಿ,Small irrigation,ಮಾನವಿ ತಾಲ್ಲೂಕಿನ ನೀರಾವರಿ ಪೂರ್ಣಗೊಳಿಸುವ ಬಗ್ಗೆ,About irrigation completion of the human taluk,ಬೋಸ್‌ರಾಜು .ಎನ್.ಎಸ್,Bosaraju N S
529,14/06/2017,ಸಣ್ಣ ನೀರಾವರಿ,Small irrigation,ರಾಜ್ಯದಲ್ಲಿನ ಕೆರೆಗಳ ಪುನರುಜ್ಜೀವನಗೊಳಿಸುವ ವಿಚಾರ,The revival of lakes in the state,ಭಾನುಪ್ರಕಾಶ,Bhanu Prakasha
530,14/06/2017,ಅರಣ್ಯ,Forest,ಬೆಂಗಳೂರಿನ ಕೆರೆಗಳಲ್ಲಿ ನೊರೆ ಬರುತ್ತಿರುವ ವಿಚಾರ,Focusing on the lakes of Bangalore,ಭಾನುಪ್ರಕಾಶ,Bhanu Prakasha
531,14/06/2017,ಜವಳಿ,Textile,ವಿಶೇಷ ಘಟಕ ಯೋಜನೆಯಡಿಯಲ್ಲಿ ವಿದ್ಯುತ್ ಕೈಮಗ್ಗಗಳ ಬಗ್ಗೆ,About power handlooms under a special unit scheme,ಭಾನುಪ್ರಕಾಶ,Bhanu Prakasha
532,14/06/2017,ಅರಣ್ಯ,Forest,ಅರಣ್ಯ ಪ್ರದೇಶಗಳ ವಾಸಿಗಳಿಗೆ ಹಕ್ಕು ಪತ್ರ ನೀಡುವ ಬಗ್ಗೆ,Issuing of rights to the forest dwellers,ಸುನೀಲ್ ಸುಬ್ರಮಣಿ .ಎಂ.ಪಿ,Sunil Subramani M P
533,14/06/2017,ಕಂದಾಯ,Revenue,ಗಮ ಮಂಚಾಯತ್ ವ್ಯಾಪ್ತಿಯಲ್ಲಿನ ಕಸ ವಿಲೇವಾರಿಗೆ ಜಾಗ ಮಂಜೂರು ಮಾಡುವ ಬಗ್ಗೆ,About granting land to garbage disposal in Gama Manchayat,ಸುನೀಲ್ ಸುಬ್ರಮಣಿ .ಎಂ.ಪಿ,Sunil Subramani M P
534,14/06/2017,ಯುವ ಸಬಲೀಕರಣ ಮತ್ತು ಕ್ರೀಡಾ,Youth empowerment and sport,ಕೊಡಗು ಜಿಲ್ಲೆಯಲ್ಲಿನ ಕ್ರೀಡಾಂಗಣಗಳನ್ನು ಅಭಿವೃದ್ಧಿ ಪಡಿಸುವ ಬಗ್ಗೆ,Developing stadiums in Kodagu district,ಸುನೀಲ್ ಸುಬ್ರಮಣಿ .ಎಂ.ಪಿ,Sunil Subramani M P
535,14/06/2017,ಕಂದಾಯ,Revenue,ಕಂದಾಯ ಇಲಾಖೆಯ ನೌಕರರ ವೇತನ ಬಿಡುಗಡೆ ಕುರಿತು,Regarding the wage release of the revenue department employees,ಸುನೀಲ್ ಸುಬ್ರಮಣಿ .ಎಂ.ಪಿ,Sunil Subramani M P
536,14/06/2017,ಕಂದಾಯ,Revenue,ಹಕ್ಕು ಪತ್ರಗಳನ್ನು ವಿತರಿಸುವಲ್ಲಿ ವಿಳಂಬವಾಗಿರುವ ಬಗ್ಗೆ,About delay in distributing claim letters,ಸುನೀಲ್ ಸುಬ್ರಮಣಿ .ಎಂ.ಪಿ,Sunil Subramani M P
537,14/06/2017,ಮುಜರಾಯಿ,Muzarai,ದೇವಸ್ಥಾನಗಳ ಜೀರ್ಣೋದ್ಧಾರದ ಬಗ್ಗೆ,About the renovation of temples,ಸಯದ್ ಮುಧೀರ್ ಅಗಾ,Syed Madir Aga
538,14/06/2017,ಕಂದಾಯ,Revenue,ಬರಗಾಲದ ಪರಿಣಾಮ ಮೇವು ಕೊರತೆ ಮತ್ತು ಪರಿಹಾರೋಪಾಯ ಕುರಿತು,Effect of famine on deficiency and remedy,ಸೋಮಣ್ಣ .ವಿ,Somanna V
539,14/06/2017,ಅರಣ್ಯ,Forest,ಸಂರಕ್ಷಿತ ಅರಣ್ಯ ಎಂಬ ಘೋಷಣೆ ಮತ್ತು ಇದರಿಂದ ಸಾರ್ವಜನಿಕರಿಗೆ ಸಮಿಕ್ಷೆ ಕುರಿತು,Declaration of the Protected Forest and the Committee to the Public,ಸೋಮಣ್ಣ .ವಿ,Somanna V
540,14/06/2017,ಕಂದಾಯ,Revenue,ಅನುಪಯುಕ ತೆರೆದ ಹಾಗೂ ಕೊಳವೆ ಬಾವಿಗಳಿಂದ ಆಗುತ್ತಿರುವ ಅನಾಹುತದ ಬಗ್ಗೆ,Concerns about the disaster caused by open and tube wells,ಸೋಮಣ್ಣ .ವಿ,Somanna V
541,14/06/2017,ಅರಣ್ಯ,Forest,ಅರಣ್ಯ ಪದೇಶದ ಸುತ್ತಲು ಬೇಲಿ ಮತ್ತು ದನಕರುಗಳ ರಕ್ಷಣೆ ಕುರಿತು,About the protection of fences and cattle around the forest,ಸೋಮಣ್ಣ .ವಿ,Somanna V
542,14/06/2017,ಕಂದಾಯ,Revenue,ಹಾವೇರಿ ಜಿಲ್ಲೆಯ ಸವಣೂರು ತಹಶೀಲ್ದಾರ ಕಛೇರಿಯಲ್ಲಿ ಉತಾರ ಕೊಡದಿರುವ ಬಗ್ಗೆ,About not giving in the Savanur Tahsildar office in Haveri district,ಸೋಮಣ್ಣ ಮ ಬೇವಿನಮರದ,Samanna Ma Bevinamara
543,14/06/2017,ಸಣ್ಣ ನೀರಾವರಿ,Small irrigation,ಸಣ್ಣ ನೀರಾವರಿ ಇಲಾಖೆಯಿಂದ ಎ.ಐ.ಬಿ.ಪಿ. ಯೋಜನೆಯ ಬಗ್ಗೆ,AIPB from the Department of Small Irrigation About the project,ಸೋಮಣ್ಣ ಮ ಬೇವಿನಮರದ,Samanna Ma Bevinamara
544,14/06/2017,ಕಂದಾಯ,Revenue,ಪಡಿ ಮುಕ್ತ ಗ್ರಾಮಗಳನ್ನಾಗಿ ಮಾಡುವ ಬಗ್ಗೆ,About making paddy free villages,ಸೋಮಣ್ಣ ಮ ಬೇವಿನಮರದ,Samanna Ma Bevinamara
545,14/06/2017,ಕಂದಾಯ,Revenue,ನಕಲಿ ಖಾತೆಗಳ ಕುರಿತು,About fake accounts,ನಾರಾಯಣಸ್ವಾಮಿ .ಎಂ,Narayanaswamy M
546,14/06/2017,ಕಂದಾಯ,Revenue,ನಕಲಿ ಖಾತೆಗಳ ಕುರಿತು,About fake accounts,ನಾರಾಯಣಸ್ವಾಮಿ .ಎಂ,Narayanaswamy M
547,14/06/2017,ಯುವ ಸಬಲೀಕರಣ ಮತ್ತು ಕ್ರೀಡಾ,Youth empowerment and sport,ಕ್ರೀಡಾ ಹಾಸ್ಟೇಲ್ ಬಗ್ಗೆ,About sports hostel,ನಾರಾಯಣಸ್ವಾಮಿ .ಎಂ,Narayanaswamy M
548,14/06/2017,ಯುವ ಸಬಲೀಕರಣ ಮತ್ತು ಕ್ರೀಡಾ,Youth empowerment and sport,ಸುಸಜ್ಜಿತವಾದ ಕ್ರೀಡಾಂಗಣಗಳ ಬ್ಗಗೆ,Suitable for stadiums,ನಾರಾಯಣಸ್ವಾಮಿ .ಎಂ,Narayanaswamy M
549,14/06/2017,ಕಾರ್ಮಿಕ,Labor,ಅಸಂಘಟಿತ ಕಾರ್ಮಿಕರ ಕಾರ್ಮಿಕರ ಮೂಲ ಸೌಲಭ್ಯದ ಬಗ್ಗೆ,About the basic facilities of unorganized labor workers,ನಾರಾಯಣಸ್ವಾಮಿ .ಎಂ,Narayanaswamy M
550,14/06/2017,ಯುವ ಸಬಲೀಕರಣ ಮತ್ತು ಕ್ರೀಡಾ,Youth empowerment and sport,ಚಾಮರಾಜನಗರದ ಡಾ// ಅಂಬೇಡ್ಕರ್ ಕ್ರೀಡಾಂಗಣದಲ್ಲಿ ಮಳೆ ನೀರು ನಿಲ್ಲುತ್ತಿರುವ ಬಗ್ಗೆ,"About Drinking Water at Dr Ambedkar Stadium, Chamarajanagar",ನಾಗರಾಜ್ .ಎಸ್,Nagaraja S
551,14/06/2017,ಭಾರಿ ಮತ್ತು ಮಧ್ಯಮ ನೀರಾವರಿ,Heavy and medium irrigation,ಸುವರ್ಣವತಿ ನದಿಯ ಪುನಃ ಶ್ಚೇತನ,Strengthening the Suvarnavathi river,ನಾಗರಾಜ್ .ಎಸ್,Nagaraja S
552,14/06/2017,ಭಾರಿ ಮತ್ತು ಮಧ್ಯಮ ನೀರಾವರಿ,Heavy and medium irrigation,ಕೃಷ್ಣರಾಜ ಸಾಗರ ಜಲಾಶಯದ ಬೃಂದಾವನ ಗಾರ್ಡನ್ ಅಭಿವೃದ್ಧಿ ಬಗ್ಗೆ,About the development of the Brindavan Gardens of Krishnaraja Sagar Reservoir,ನಾಗರಾಜ್ .ಎಸ್,Nagaraja S
553,14/06/2017,ಕಂದಾಯ,Revenue,ಮೈಸೂರು ಜಿಲ್ಲೆಯಲ್ಲಿ ಪೋಡಿ ಮುಕ್ತಾ ಗ್ರಾಮ ಅಭಿಯಾನ ಕಾರ್ಯಕ್ರಮ,Podi Mukta Grama Campaign Program in Mysore District,ನಾಗರಾಜ್ .ಎಸ್,Nagaraja S
554,14/06/2017,ಭಾರಿ ಮತ್ತು ಮಧ್ಯಮ ನೀರಾವರಿ,Heavy and medium irrigation,ಮುಳುಗಡೆಯಾದ ಜಮೀನು,Sinking Land,ನಿರಾಣಿ ಹಣಮಂತ್ ರುದ್ರಪ್ಪ,Nirani Hanumanth Rudrappa
555,14/06/2017,ಭಾರಿ ಮತ್ತು ಮಧ್ಯಮ ನೀರಾವರಿ,Heavy and medium irrigation,ಪುನರ್ ವಸತಿ ಮತ್ತು ಪುನರ್ ನಿರ್ಮಾಣ ಕಾರ್ಯ ವಿಳಂಬವಾಗುತ್ತಿರುವ ಬಗ್ಗೆ,About delaying residency and reconstruction work,ನಿರಾಣಿ ಹಣಮಂತ್ ರುದ್ರಪ್ಪ,Nirani Hanumanth Rudrappa
556,14/06/2017,ಮೀನುಗಾರಿಕೆ,Fishing,ಕೃಷ್ಣಾ ನದಿಯ ಹಿನ್ನೀರಿನಲ್ಲಿಯ ಜಲಚರ ಜೀವಿಗಳ ಕುರಿತು,About aquatic organisms in the backwater of the Krishna River,ನಿರಾಣಿ ಹಣಮಂತ್ ರುದ್ರಪ್ಪ,Nirani Hanumanth Rudrappa
557,14/06/2017,ಸಣ್ಣ ನೀರಾವರಿ,Small irrigation,ಕೊಳವೆ ಬಾವಿಗಳ ಅಂತರ್ಜಲದ ಬಗ್ಗೆ,About the groundwater of the tubing wells,ಪ್ರಸನ್ನಕುಮಾರ್ .ಆರ್,Prasanna Kumar R
558,14/06/2017,ಅರಣ್ಯ,Forest,ಬಿ/ಆರ್ ಸರ್ಕಾರಿ ಪ್ರಾಜೆಕ್ಟ್ ಬಗ್ಗೆ,About the B / R Government Project,ಪ್ರಸನ್ನಕುಮಾರ್ .ಆರ್,Prasanna Kumar R
559,14/06/2017,ಅರಣ್ಯ,Forest,ಸಿ.ಆರ್.ಜೆಡ್. ವ್ಯಾಪ್ತಿಯಲ್ಲಿನ Uಮಸ್ಥರಿಗೆ ಹಕ್ಕು ಪತ್ರ ಒದಗಿಸುವ ಕುರಿತು,CRJ. About issuing a claim letter to U Miles in range,ಪ್ರತಾಪಚಂದ್ರ ಶೆಟ್ಟಿ .ಕೆ,Pratapachandra Shetty K
560,14/06/2017,ಸಣ್ಣ ನೀರಾವರಿ,Small irrigation,ಉಡುಪಿ ಜಿಲ್ಲೆಯಲ್ಲಿರುವ ಕೆರೆಗಳನ್ನು ಅಭಿವೃದ್ಧಿಪಡಿಸುವ ಕುರಿತು,About developing lakes in Udupi district,ಪ್ರತಾಪಚಂದ್ರ ಶೆಟ್ಟಿ .ಕೆ,Pratapachandra Shetty K
561,14/06/2017,ಭಾರಿ ಮತ್ತು ಮಧ್ಯಮ ನೀರಾವರಿ,Heavy and medium irrigation,ವಾರಾಹಿ ಯೋಜನೆ ಮತ್ತು ಎತ್ತಿನ ಹೊಳೆಯ ಯೋಜನೆಗೆ ಅನುದಾನ ಬಿಡುಗಡೆ ಕುರಿತು,About the release of funds for the Varahi Project and the Elephant Project,ಪ್ರತಾಪಚಂದ್ರ ಶೆಟ್ಟಿ .ಕೆ,Pratapachandra Shetty K
562,14/06/2017,ಕಂದಾಯ,Revenue,ಸಿ.ಆರ್.ಜೆಡ್. ಪ್ರದೇಶ ವ್ಯಾಪ್ತಿಯಲ್ಲಿ ೯೪ಸಿ ಮತ್ತು ೯೪ಸಿಸಿ ಹಕ್ಕುಪತ್ರ ವಿತರಣೆ ಕುರಿತು,CRJ. Regarding 94 C and 94 CC Issuance Issues in Area Range,ಪ್ರತಾಪಚಂದ್ರ ಶೆಟ್ಟಿ .ಕೆ,Pratapachandra Shetty K
563,14/06/2017,ಸಣ್ಣ ನೀರಾವರಿ,Small irrigation,ಹೆಮ್ಮಾಡಿ ಕಟ್‌ನ ಕಿಂಡಿ ಅಣೆಕಟ್ಟನ್ನು ಸದ್ಬಳಕೆ ಮಾಡುವ ಕುರಿತು,Looking for the best use of a kitchen dam in Hemadi Cut,ಪ್ರತಾಪಚಂದ್ರ ಶೆಟ್ಟಿ .ಕೆ,Pratapachandra Shetty K
564,14/06/2017,ಕಂದಾಯ,Revenue,ನಾಡ ಕಚೇರಿಗಳ ಕಟ್ಟಡಗಳ ಕುರಿತು,About Nada Office Buildings,ಪ್ರತಾಪಚಂದ್ರ ಶೆಟ್ಟಿ .ಕೆ,Pratapachandra Shetty K
565,14/06/2017,ಯುವ ಸಬಲೀಕರಣ ಮತ್ತು ಕ್ರೀಡಾ,Youth empowerment and sport,ಗರಡಿ ಮನೆಗಳ ಮಂಜೂರಾತಿ ಕುರಿತು,About sanction of mortar houses,ಪ್ರತಾಪಚಂದ್ರ ಶೆಟ್ಟಿ .ಕೆ,Pratapachandra Shetty K
566,14/06/2017,ಸಮಾಜ ಕಲ್ಯಾಣ,Social Welfare,ಮಹಿಳಾ ನೇಕಾರರ ವಸತಿ ಕಾರ್ಯಾಗಾರಗಳ ಕುರಿತು,About women's weavers housing workshops,ಪ್ರತಾಪಚಂದ್ರ ಶೆಟ್ಟಿ .ಕೆ,Pratapachandra Shetty K
567,14/06/2017,ಕರ್ಮಿಕ,The work,ಅಸಂಘಟಿತ ವಲಯದ ಕಾರ್ಮಿಕರ ಕುರಿತು,About unorganized sector workers,ಪ್ರತಾಪಚಂದ್ರ ಶೆಟ್ಟಿ .ಕೆ,Pratapachandra Shetty K
568,14/06/2017,ಅರಣ್ಯ,Forest,ಹುಲಿಗಳು ಸಾವನಪ್ಪುತ್ತಿರುವ ಬಗ್ಗೆ,About the death of the tigers,ಶರವಣ .ಟಿ.ಎ,Sharavana T A
569,14/06/2017,ಅರಣ್ಯ,Forest,ಸಸಿ ನೆಡುವ ಅಭಿಯಾನ,Planting campaign,ಶರವಣ .ಟಿ.ಎ,Sharavana T A
570,14/06/2017,ಕಂದಾಯ,Revenue,ರೈತರಿಗೆ ಬರ ಪರಿಹಾರ ನೀಡುವ ಕುರಿತು,About drought relief for farmers,ಶರವಣ .ಟಿ.ಎ.,Sharavana T A
571,14/06/2017,ಸಣ್ಣ ನೀರಾವರಿ,Small irrigation,ಕೆರೆಗಳ ಅಭಿವೃದ್ಧಿ ಕುರಿತು,About the development of lakes,ವಿವೇಕರಾವ್ ವಸಂತರಾವ್ ಪಾಟೀಲ್,Vivek Rao Vasanth Rao Patil
572,14/06/2017,ಸಣ್ಣ ನೀರಾವರಿ,Small irrigation,ಕೆರೆಗಳಿಗೆ ನೀರು ತುಂಬಿಸುವ ಕುರಿತು,About watering the lakes,ವಿವೇಕರಾವ್ ವಸಂತರಾವ್ ಪಾಟೀಲ್,Vivek Rao Vasanth Rao Patil
573,14/06/2017,ಕಂದಾಯ,Revenue,ಪೋಡಿ ಮಾಡುವ ಕುರಿತು,About coding,ವೀರಯ್ಯ .ಡಿ.ಎಸ್,Veerayya D S
574,14/06/2017,ಯುವ ಸಬಲೀಕರಣ ಮತ್ತು ಕ್ರೀಡಾ,Youth empowerment and sport,ಕಾಮಗಾರಿಗಳನ್ನು ಶೀಘ್ರವಾಗಿ ಪೂರ್ಣಗೊಳಿಸುವ ಕುರಿತು,About completing works quickly,ವೀಣಾ ಅಚ್ಚಯ್ಯ .ಎಸ್,Veena achchaiah S
575,14/06/2017,ಕಂದಾಯ,Revenue,ಕೊಡಗು ಜಿಲ್ಲೆಯಲ್ಲಿ ಜಮ್ಮಾ ಬಾಣೆ ಜಾಗಕ್ಕೆ ಕಂದಾಯ ನಿಗದಿ ಕುರಿತು,About Jammu's land in Kodagu district about taxation,ವೀಣಾ ಅಚ್ಚಯ್ಯ .ಎಸ್,Veena achchaiah S
576,14/06/2017,ಅರಣ್ಯ,Forest,ಬೀದರ್ ಜಿಲ್ಲೆಯಲ್ಲಿರುವ ಅರಣ್ಯ ವಿಸ್ತೀರ್ಣದ ಬಗ್ಗೆ,About the forest area in Bidar district,ವಿಜಯ ಸಂಗ್,Vijay Singh
577,14/06/2017,ಮುಜರಾಯಿ,Muzarai,ಬೀದರ್ ಜಿಲ್ಲೆಯ ದೇವಸ್ಥಾನಗಳ ಅನುದಾನದ ಬಗ್ಗೆ,About the grant of temples in Bidar district,ವಿಜಯ ಸಂಗ್,Vijay Singh
578,14/06/2017,ಸಣ್ಣ ನೀರಾವರಿ,Small irrigation,ಬೀದರ್ ಜಿಲ್ಲೆ ಸಣ್ಣ ಕೆರೆಗಳ ಅಭಿವೃದಿಗಾಗಿ ಅನುದಾನದ ಬಗ್ಗೆ,Bidar district is allocated for the development of small lakes,ವಿಜಯ ಸಂಗ್,Vijay Singh
579,14/06/2017,ಮುಜರಾಯಿ,Muzarai,ಹಿಂದೂ ದೇವಾಲಯಗಳ ಆಧಾಯದ ಬಗ್ಗೆ,About the Hindu temples,ಬಸವನಗೌಡ ಆರ್ ಪಾಟೀಲ್,Basanagowda R Patil
580,14/06/2017,ಸಂಸದೀಯ ವ್ಯವಹಾರಗಳು,Parliamentary Affairs,ನಯಾಲಯಗಳ ಸಂಕೀರ್ಣಕ್ಕೆ ಜಮೀನು ನೀಡಿರುವ ಕುರಿತು,About granting land to complex complexes,ಬಸವರಾಜ ಪಾಟೀಲ್ ಇಟಗಿ,Basavaraja Patil Itagi
581,14/06/2017,ಭಾರಿ ಮತ್ತು ಮಧ್ಯಮ ನೀರಾವರಿ,Heavy and medium irrigation,ರಾಜ್ಯ ಮತ್ತು ಕೇಂದ್ರ,State and Center,ಬಸವರಾಜ ಪಾಟೀಲ್ ಇಟಗಿ,Basavaraja Patil Itagi
582,14/06/2017,ಅರಣ್ಯ,Forest,ಗಡ್ ಕೆನೆರಾ ಟ್ರೈಲ್ ಟ್ರೆಕ್ಕಿಂಗ್ ಆರಂಭಿಸುವ ಬಗ್ಗೆ,About the beginning of the Gad Canera Trail Trekking,ಲಹರ್ ಸಿಂಗ್ ಸಿರೋಯಾ,Lahar Singh Siroya
583,14/06/2017,ಮುಜರಾಯಿ,Muzarai,"ರಾಜ್ಯದಲ್ಲಿರುವ ""ಎ"" ಮತ್ತು ""ಬಿ"" ದರ್ಜೆಯ ಮುಜರಾಯಿ ದೇವಸ್ಥಾನಗಳ ಆದಾಯದ ಬಗ್ಗೆ","Regarding the income of Muzarai temples of ""A"" and ""B"" grade in the state",ಲಹರ್ ಸಿಂಗ್ ಸಿರೋಯಾ,Lahar Singh Siroya
584,14/06/2017,ಯುವ ಸಬಲೀಕರಣ ಮತ್ತು ಕ್ರೀಡಾ,Youth empowerment and sport,ಮೌಂಟ್ ಎವರೆಸ್ಟ್ ಶಿಖರವನ್ನೇರುವ ಬಗ್ಗೆ ಮಾಹಿತಿ,Information on the Mount Everest Peak,ಲಹರ್ ಸಿಂಗ್ ಸಿರೋಯಾ,Lahar Singh Siroya
585,14/06/2017,ಅರಣ್ಯ,Forest,ಹೆಸರುಘಟ್ಟದ ಹುಲ್ಲುಗಾವಲು ಪ್ರದೇಶ ಅಪಾಯದ ಅಂಚಿನಲ್ಲಿರುವ ಬಗ್ಗೆ,Named grassland area is at risk of danger,ಲಹರ್ ಸಿಂಗ್ ಸಿರೋಯಾ,Lahar Singh Siroya
586,14/06/2017,ಅರಣ್ಯ,Forest,ಅರಣ್ಯ ಇಲಾಖೆಯಲ್ಲಿ ಕ್ಯಾನೋಪಿವಾಕ್ ಯೋಜನೆಯ ಬಗ್ಗೆ,About the Canopovac Project in Forest Department,ಲಹರ್ ಸಿಂಗ್ ಸಿರೋಯಾ,Lahar Singh Siroya
587,14/06/2017,ಸಣ್ಣ ನೀರಾವರಿ,Small irrigation,ದಬ್ಬೇಗಟ್ಟ ಗೋಟೀಕೆರೆ ಏತ ನೀರಾವರಿ ಮಾಡುವ ಬಗ್ಗೆ,About irrigation of wheat gourd,ಲಕ್ಷ್ಮೀನಾರಾಯಣ .ಎಂ.ಡಿ,Lakshmi Narayana MD
588,14/06/2017,ಜವಳಿ,Textile,ಕೈಮಗ್ಗ ನಿUಮದ ಮಾರಾಟ ಮಳಿಗೆಗಳು,Handloom U U Mall Stores,ಲಕ್ಷ್ಮೀನಾರಾಯಣ .ಎಂ.ಡಿ,Lakshmi Narayana MD
589,14/06/2017,ಜವಳಿ,Textile,ನೇಕಾರರ ಮಕ್ಕಳಿಗೆ ಉಚಿತ ಬಸ್ ಪಾಸ್ ನೀಡುವ ಬಗ್ಗೆ,Free bus pass for children of weavers,ಲಕ್ಷ್ಮೀನಾರಾಯಣ .ಎಂ.ಡಿ,Lakshmi Narayana MD
590,14/06/2017,ಕಾರ್ಮಿಕ,Labor,ದಕ್ಷಿಣ ಕನ್ನಡ ಜಿಲ್ಲೆಯ ಲಟ್ಟಡ ಮತ್ತು ಇತರೆ ನಿರ್ಮಾಣ ಕಾರ್ಮಿಕರಿಗೆ ಆದ ಸಮಸ್ಯೆ ಬಗ್ಗೆ,About the problem of ladda and other construction workers in Dakshina Kannada district,ಲಕ್ಷ್ಮೀನಾರಾಯಣ .ಎಂ.ಡಿ,Lakshmi Narayana MD
591,14/06/2017,ಜವಳಿ,Textile,ನಿವೃತ್ತ ನೌಕರರಿಗೆ ನೀಡಲಾಗುವ ಸೌಲಭ್ಯಗಳು,Facilities offered to retired employees,ಲಕ್ಷ್ಮೀನಾರಾಯಣ .ಎಂ.ಡಿ,Lakshmi Narayana MD
592,14/06/2017,ಕಂದಾಯ,Revenue,ಬರ ನಿರ್ವಹಣೆಯ ಬಗ್ಗೆ,About Drought Management,ಮನೋಹರ್ .ಸಿ.ಆರ್,Manohara CR
593,14/06/2017,ಕಾರ್ಮಿಕ,Labor,ರಾಜ್ಯ ಮತ ಕೇಂದ್ರ ಸರ್ಕಾರದ ಅನುದಾನದ ಬಗ್ಗೆ,Provision of State Voting Central Government,ಮನೋಹರ್ .ಸಿ.ಆರ್,Manohara CR
594,14/06/2017,ಅರಣ್ಯ,Forest,ಚಕ್ಕಮಗಳೂರು ಜಿಲ್ಲೆಯ ಅವುತಿ ಹೋಬಳಿಯ ಅರಣ್ಯ ಇಲಾಖೆಯ ಬಗ್ಗೆ,About the forest department of Avthi Hogal in Chakkamagalur district,ಮೋಟಮ್ಮ,Motamma
595,14/06/2017,ಸಣ್ಣ ನೀರಾವರಿ,Small irrigation,ಮೂಡಿಗೆರೆ ವಿಧಾನಸಭಾ ಕ್ಷೇತ್ರದಲ್ಲಿ ಸಣ್ಣ ನೀರಾವರಿ ಕೆರೆಗಳ ಬಗ್ಗೆ,About small irrigation lakes in Moodigere Assembly constituency,ಮೋಟಮ್ಮ,Motamma
596,14/06/2017,ಯುವ ಸಬಲೀಕರಣ ಮತ್ತು ಕ್ರೀಡಾ,Youth empowerment and sport,ಯುವ ಸಬಲೀಕರಣ ಮತ್ತು ಕ್ರೀಡಾ ಇಲಾಖೆಯಲ್ಲಿ ಹಮ್ಮಿಕೊಂಡಿರುವ ಯೋಜನೆ ಬಗ್ಗೆ,About Planning in the Ministry of Youth Empowerment and Sports,ಮೋಟಮ್ಮ,Motamma
597,14/06/2017,ಮುಜರಾಯಿ,Muzarai,"ರಾಜ್ಯದಲ್ಲಿರುವ ಒಟ್ಟು ""ಎ"" ಕ್ಲಾಸ್ ಮತ್ತು ಬಿ’ ಕ್ಲಾಸ್ ಮುಜರಾಯಿ ದೇವಸ್ಥಾನಗಳ ಬಗ್ಗೆ","About the total ""A"" class and B'class muzarai temples in the state",ಮೋಟಮ್ಮ,Motamma
598,14/06/2017,ಜವಳಿ,Textile,"ಹೈದರಾಬಾದ್-ಕರ್ನಾಟಕ ಭಾಗದಲ್ಲಿ ""ಜವಳಿ ಪಾರ್ಕ್"" (ಟೆಕ್ಸ್‌ಟೈಲ್ ಪಾರ್ಕ್) ಯೋಜನೆಯ ಬಗ್ಗೆ","About the ""Textile Park"" project in the Hyderabad-Karnataka region",ಅಮರನಾಥ ಪಾಟೀಲ್,Amaranatha Patil
599,14/06/2017,ಕಂದಾಯ,Revenue,ಕಲಬುರಗಿ ಜಿಲ್ಲೆಯ ತಾಂಡಾಗಳ ಕುರಿತು,About Tandas in Kalaburagi District,ಇಕ್ಬಾಲ್ ಅಹ್ಮದ್ ಸರಡಗಿ,Ikbal Ahmad Sadaragi
600,14/06/2017,ಅರಣ್ಯ,Forest,ಕೆರೆಯ ಸ್ವಚ್ಚತೆಯನ್ನು ಕಾಪಾಡಲು ರಾಪಾಡಲು ರಾಷ್ಟ್ರೀಯ ನ್ಯಾಯಾಧೀಕರಣ ನೀಡಿರುವ ಆದೇಶಗಳನ್ನು ಪಾಲಿಸುವ ಬಗ್ಗೆ,About adopting national judicial orders to protect the lake's cleanliness,ರಾಮಚಂದ್ರಗೌಡ,Ramachandra Gowda
601,14/06/2017,ಯುವ ಸಬಲೀಕರಣ ಮತ್ತು ಕ್ರೀಡಾ,Youth empowerment and sport,"ರಾಮನಗರ ಜಿಲ್ಲೆಯ ಯುವ ಜನತೆಗೆ, ಅಂತರರಾಷ್ಟ್ರೀಯ ಮಟ್ಟದ ಈಜುಕೊಳ ನಿರ್ಮಾಣ ಕಾಮಗಾರಿ ವಿಳಂಬವಾಗಿರುವ ಬಗ್ಗೆ","For young people in Ramanagara district, there is a delay in international swimming pool construction work",ರಾಮಚಂದ್ರಗೌಡ,Ramachandra Gowda
602,14/06/2017,ಸಣ್ಣ ನೀರಾವರಿ,Small irrigation,ರಾಜ್ಯದ ಕರೆಗಳ ಹೂಳೆತ್ತುವ ಕಾರ್ಯದಲ್ಲಿ ಸೃಷ್ಠಿಯಾಗಿರುವ ಗೊಂದಲದ ಬಗ್ಗೆ ಹಾಗೂ ಕಾಮಗಾರಿ ವಿಳಂಬವಾಗುತ್ತಿರುವ ಬಗ್ಗೆ,Concern about the delusions created and the delay in construction of state calls,ರಾಮಚಂದ್ರಗೌಡ,Ramachandra Gowda
603,14/06/2017,ಜವಳಿ,Textile,ಒಂದು ಹೆಚ್.ಪಿ.ವಿದ್ಯುತ್ ಬಳಸುವ ಮಗ್ಗಗಳನ್ನು ಅರೆ ಯಾಂತ್ರಿಕವೆಂದು ಘೋಷಿಸುವ ಕುರಿತು,About declining the looms used by an electrolyte as a semi-mechanical,ರಾಮಚಂದ್ರಗೌಡ,Ramachandra Gowda
604,14/06/2017,ಕಂದಾಯ,Revenue,ವಸ್ತು ಸಂಗ್ರಹಾಲಯ ನಿರ್ಮಾಣದ ಬಗ್ಗೆ,About the construction of the museum,ರಾಮಚಂದ್ರಗೌಡ,Ramachandra Gowda
605,14/06/2017,ಭಾರಿ ಮತ್ತು ಮಧ್ಯಮ ನೀರಾವರಿ,Heavy and medium irrigation,"ಹೇಮಾವತಿ ಕಬಿನಿ, ಎತ್ತಿನಹೊಳೆ ಯೋಜನೆಗಳ ಬಗ್ಗೆ",About Hemavati Kabini and Etinahole Projects,ರಮೇಶ ಬಾಬು,Ramesha Babu
606,14/06/2017,ಕಂದಾಯ,Revenue,ಕೃಷಿ ಭೂಮಿ ನೊಂದಾವಣಿ ಡಿಜಿಟಲ್ ಆಗುವ ಬಗ್ಗೆ,About land acquisition of agricultural land,ರಮೇಶ ಬಾಬು,Ramesha Babu
607,14/06/2017,ಅರಣ್ಯ,Forest,ಅರಣ್ಯ ಅಭಿವೃದ್ಧಿ ನಿಗಮದ ಬಗ್ಗೆ,About Forest Development Corporation,ರಮೇಶ ಬಾಬು,Ramesha Babu
608,14/06/2017,ಕಾನೂನು,The law,ಕೌಟುಂಬಿಕ ನ್ಯಾಯಾಲಯ ಹಾಗೂ ಬಾರ್ ಅಸೋಸಿಯೇಷನ್ ಬಗ್ಗೆ,About family court and bar association,ರಮೇಶ ಬಾಬು,Ramesha Babu
609,14/06/2017,ಕಾರ್ಮಿಕ,Labor,ಕಾರ್ಮಿಕ ಇಲಾಖೆ ಬಗ್ಗೆ,About the Department of Labor,ರಮೇಶ ಬಾಬು,Ramesha Babu
610,14/06/2017,ಸಣ್ಣ ನೀರಾವರಿ,Small irrigation,ಬೀದರ್ ಜಿಲ್ಲೆಯ ಕೆರೆ ಹೂಳು ತೆಗೆಯುವ ಬಗ್ಗೆ,About Lake Brewery in Bidar district,ರಘುನಾಥರಾವ್ ಮಲ್ಕಾಪೂರೆ,Raghunath Rao Malkapore
611,14/06/2017,ಕಂದಾಯ,Revenue,ಅನುಪಯುಕ್ತ ತೆರೆದ ಬಾವಿಗಳು/ ಬೋರ್‌ವೆಲ್‌ಗಳು ಮುಕ್ತಗೊಳಿಸುವ ಬಗ್ಗೆ,About free of open open wells / borewells,ರಘುನಾಥ್ ರಾವ್ ಮಲ್ಕಾಪೂರೆ,Raghunath Rao Malkapore
612,14/06/2017,ಅರಣ್ಯ,Forest,ರಾಜ್ಯದಲ್ಲಿ ಅರಣ್ಯ ಪ್ರದೇಶಗಳಲ್ಲಿ ಅನಾಹುತಗಳನ್ನು ತಡೆಗಟ್ಟುವ ಬಗ್ಗೆ,About preventing disasters in forest areas in the state,ರಘುನಾಥ್ ರಾವ್ ಮಲ್ಕಾಪೂರೆ,Raghunath Rao Malkapore
613,14/06/2017,ಮುಜರಾಯಿ,Muzarai,ರಾಜ್ಯದ ದೇವಸ್ಥಾನಗಳಿಂದ ಬರುತ್ತಿರುವ ಆದಾಯದ ಬಗ್ಗೆ,About income from state temples,ರಘುನಾಥ್ ರಾವ್ ಮಲ್ಕಾಪೂರೆ,Raghunath Rao Malkapore
614,14/06/2017,ಭಾರಿ ಮತ್ತು ಮಧ್ಯಮ ನೀರಾವರಿ,Heavy and medium irrigation,ಬೀದರ್ ಜಿಲ್ಲೆಯಲ್ಲಿ ನೀರಾವರಿ ಪ್ರದೇಶದ ಬಗ್ಗೆ,About irrigation area in Bidar district,ರಘುನಾಥ್ ರಾವ್ ಮಲ್ಕಾಪೂರೆ,Raghunath Rao Malkapore
615,14/06/2017,ಕಾರ್ಮಿಕ,Labor,ಕಾರ್ಮಿಕ ಇಲಾಖೆಯ ಮಂಡಳಿಯ ನೋಂದಾಯಿತ ಸದಸ್ಯರ ಬಗ್ಗೆ,Registered Members of the Board of Labor,ರೇವಣ್ಣ .ಹೆಚ್.ಎಂ,Revanna H M
616,14/06/2017,ಕಾರ್ಮಿಕ,Labor,ಕಟ್ಟಡ ಕಾರ್ಮಿಕ ನಿರ್ಮಾಣ ಕಲ್ಯಾಣ ಮಂಡಳಿ,Building Labor Welfare Board,ರೇವಣ್ಣ .ಹೆಚ್.ಎಂ,Revanna H M
617,14/06/2017,ಕಂದಾಯ,Revenue,ಸ್ಮಶಾನಗಳ ಬಗ್ಗೆ,About cemeteries,ಉಗ್ರಪ್ಪ .ವಿ.ಎಸ್,Ugrappa VS
618,14/06/2017,ಭಾರಿ ಮತ್ತು ಮಧ್ಯಮ ನೀರಾವರಿ,Heavy and medium irrigation,ಮಹಾದಾಯಿ ನ್ಯಾಯಮಂಡಳಿ ಮತ್ತು ಪರಿಹಾರ,Mahadai tribunal and compensation,ಉಗ್ರಪ್ಪ .ವಿ.ಎಸ್,Ugrappa VS
619,14/06/2017,ಭಾರಿ ಮತ್ತು ಮಧ್ಯಮ ನೀರಾವರಿ,Heavy and medium irrigation,ಮಹಾದಾಯಿ ನದಿ ಪಾತ್ರ,Mahadai river character,ಉಗ್ರಪ್ಪ .ವಿ.ಎಸ್,Ugrappa VS
620,14/06/2017,ಕಂದಾಯ,Revenue,ಭೂಸ್ವಾಧೀನ ಪ್ರಕ್ರಿಯೆ ಬಗ್ಗೆ,About the land acquisition process,ಉಗ್ರಪ್ಪ .ವಿ.ಎಸ್,Ugrappa VS
621,14/06/2017,ಮುಜರಾಯಿ,Muzarai,ಮುಜರಾಯಿ ದೇವಸ್ಥಾನಗಳು ಮತ್ತು ವgಮಾನ,Muzarai Temples and the Gauge,ಉಗ್ರಪ್ಪ .ವಿ.ಎಸ್,Ugrappa VS
622,14/06/2017,ಅರಣ್ಯ,Forest,ಕರ್ನಾಟಕ ಗೇರು ಕೃಷಿ ಅಭಿವೃದ್ಧಿ ಬಗ್ಗೆ,About Karnataka Gear Agriculture Development,ಐವಾನ್ ಡಿ ಸೋಜಾ,Ivan Disoza
623,14/06/2017,ಯುವ ಸಬಲೀಕರಣ ಮತ್ತು ಕ್ರೀಡಾ,Youth empowerment and sport,ರಾಜ್ಯದಿಂದ ರಾಜ್ಯಮಟ್ಟ ದೇಶಮಟ್ಟ ಮತ್ತು ಅಂತರರಾಷ್ಟ್ರೀಯ ಮಟ್ಟದಲ್ಲಿ ಭಾಗವಹಿಸಿದ ಕ್ರೀಡಾಳುಗಳಿಗೆ ಗ್ರೇಸ್ ಮಾರ್ಕ್ಸ್ ಬಗ್ಗೆ,About Grace Marks for state-level national and international participants from state,ಐವಾನ್ ಡಿ ಸೋಜಾ,Ivan Disoza
624,14/06/2017,ಸಂಸದೀಯ ವ್ಯವಹಾರಗಳು,Parliamentary Affairs,ಮಂಗಳೂರಿನಲ್ಲಿ ಹೈಕೋರ್ಟ್ ಸಂಚಾರಿ ಪೀಠ ಸ್ಥಾಪನೆಯ ಬಗ್ಗೆ,About the establishment of a high court circuit in Mangalore,ಐವಾನ್ ಡಿ ಸೋಜಾ,Ivan Disoza
625,14/06/2017,ಕರ್ಮಿಕ,The work,ಬೀಡಿ ಕಾರ್ಮಿಕರು ಉದ್ಯೋಗ ಕಳೆದುಕೊಳ್ಳುವ ಭೀತಿಯಲ್ಲಿರುವ ಬಗ್ಗೆ,Beedi workers are afraid of losing jobs,ಐವಾನ್ ಡಿ ಸೋಜಾ,Ivan Disoza
626,14/06/2017,ಕಂದಾಯ,Revenue,ರಾಜ್ಯದಲ್ಲಿ ಬೂ ಮಂಡಳಿಯಲ್ಲಿ ಬಾಕಿ ಇರುವ ಪ್ರಕರಣಗಳ ಬಗ್ಗೆ,On the Boo board pending cases in the state,ಐವಾನ್ ಡಿ ಸೋಜಾ,Ivan Disoza
627,14/06/2017,ಕಂದಾಯ,Revenue,"ರಾಜ್ಯದ ಕರಾವಳಿ ಮತ್ತು ಮಲೆನಾಡಿನ ಭಾಗಗಳು, ಹೊರ ರಾಜ್ಯದಿಂದ ಬಂದ ಕೃಷಿಕರು ಸರ್ಕಾರಿ ಜಮೀನನ್ನು ಒತ್ತುವರಿ ಮಾಡಿರುವ ಬಗ್ಗೆ","State coastal and parts of Malenadu, farmers from outer state about the encroachment of government land",ಕ್ಯಾಪ್ಟನ್ ಗಣೇಶ್ ಕಾರ್ಣಿಕ್,Capt. Ganesh Karnik
628,14/06/2017,ಯುವ ಸಬಲೀಕರಣ ಮತ್ತು ಕ್ರೀಡಾ,Youth empowerment and sport,"ರಾಜ್ಯದ ಎಲ್ಲಾ ತಾಲ್ಲೂಕುಗಳಲ್ಲಿ ಕ್ರೀಡಾ ಸಾಧನೆ, ಲಭ್ಯವಿರುವ ಸೌಲಭ್ಯಗಳು ಹಾಗೂ ಹಮ್ಮಿಕೊಂಡಿರುವ ತರಬೇತಿ ನರೀಕ್ಷಿತ ಮಟ್ಟದಲ್ಲಿ ಫಲಕಾರಿಯಾಗದಿರುವ ಬಗ್ಗೆ","Sports talent in all taluks of the state, availability of available facilities and not being effective at the training level",ಕ್ಯಾಪ್ಟನ್ ಗಣೇಶ್ ಕಾರ್ಣಿಕ್,Capt. Ganesh Karnik
629,14/06/2017,ಕಂದಾಯ,Revenue,ಸರ್ಕಾರಿ ಜಮೀನನ್ನು ಕೃಷಿಗಾಗಿ ಒತ್ತುವರಿ ಮಾಡಿರುವ ಬಗ್ಗೆ,About government land for occupation,ಕ್ಯಾಪ್ಟನ್ ಗಣೇಶ್ ಕಾರ್ಣಿಕ್,Capt. Ganesh Karnik
630,14/06/2017,ಅರಣ್ಯ,Forest,ಕಾಡಿನಲ್ಲಿರುವ ಪ್ರಾಣಿ-ಪಕ್ಷಿಗಳಿಗೆ ನೀರಿನ ಬವಣೆ ಕುರಿತು,About the flow of water to animal-birds in the wild,ಕ್ಯಾಪ್ಟನ್ ಗಣೇಶ್ ಕಾರ್ಣಿಕ್,Capt. Ganesh Karnik
631,14/06/2017,ಯುವ ಸಬಲೀಕರಣ ಮತ್ತು ಕ್ರೀಡಾ,Youth empowerment and sport,ಕಂಠೀರವ ಸ್ಟೇಡಿಯಂನಲ್ಲಿ ಬೇರೆ ಕ್ರೀಡೆಗಳಿಗೆ ಅವಕಾಶ ಕಲ್ಪಿಸುವ ಬಗ್ಗೆ,About allowing other sports at Kanteerava Stadium,ಕ್ಯಾಪ್ಟನ್ ಗಣೇಶ್ ಕಾರ್ಣಿಕ್,Capt. Ganesh Karnik
632,14/06/2017,ಸಣ್ಣ ನೀರಾವರಿ,Small irrigation,ಆಲಮಟ್ಟಿ ಜಲಾಶಯದಿಂದ ರಾಜ್ಯಕ್ಕೆ ಹಂಚಿಕೆಯಾದ ನೀರನ್ನು ಬಳಸಿಕೊಳ್ಳಲು ರಾಜ್ಯ ವಿಫಲವಾಗಿರುವ ಬಗ್ಗೆ,The state has failed to utilize the water allotted to the state by the Almaty reservoir,ಕವಟಗಿಮಠ ಮಹಂತೇಶ ಮಲ್ಲಿಕಾರ್ಜುನ,Kavatimata Mahantesha Mallikarjuna
633,14/06/2017,ಮುಜರಾಯಿ,Muzarai,ರಜ್ಯದ ಮುಜರಾಯಿ ದೇವಸ್ಥಾನಗಳಿಗೆ ಮೂಲಭೂತ ಸೌಲಭ್ಯಗಳನ್ನು ಒದಗಿಸುವ ಬಗ್ಗೆ,Providing basic facilities to the Muzrai temples of the state,ಕವಟಗಿಮಠ ಮಹಂತೇಶ ಮಲ್ಲಿಕಾರ್ಜುನ,Kavatimata Mahantesha Mallikarjuna
634,14/06/2017,ಸಣ್ಣ ನೀರಾವರಿ,Small irrigation,ಕೆರೆ ಅಭಿವೃದ್ಧಿ ನಾಡಿನ ಶ್ರೇಯೋಭಿವೃದ್ಧಿ ಯೋಜನೆ ಕುರಿತು,About the development of the lake development country,ಕವಟಗಿಮಠ ಮಹಂತೇಶ ಮಲ್ಲಿಕಾರ್ಜುನ,Kavatimata Mahantesha Mallikarjuna
635,14/06/2017,ಸಣ್ಣ ನೀರಾವರಿ,Small irrigation,ಸಣ್ಣ ಹಿಡುವಳಿದಾರರಿಗೆ ಎಸ್‌ಸಿಪಿ/ಟಿಎಸ್‌ಪಿ ಯೋಜನೆಯಡಿ ಕೊಳವೆ ಬಾವಿ ಕೊರೆಸುವ ಬಗ್ಗೆ,About sewing wells under SCP / TSP scheme for small tenants,ಕವಟಗಿಮಠ ಮಹಂತೇಶ ಮಲ್ಲಿಕಾರ್ಜುನ,Kavatimata Mahantesha Mallikarjuna
636,14/06/2017,ನೀರಾವರಿ,Irrigation,ಹೇಮಾವತಿ ನಾಲಾ ವ್ಯಾಪ್ತಿಯ ತುಮಕೂರು ಜಿಲ್ಲೆಯಲ್ಲಿರುವ ನಾಲೆಗಳ ದುರಸ್ತಿ ಬಗ್ಗೆ,About repair of the lakes in the Tumkur district of Hemavathi district,ಕಾಂತರಾಜು,Kantaraju
637,14/06/2017,ಭಾರಿ ಮತ್ತು ಮಧ್ಯಮ ನೀರಾವರಿ,Heavy and medium irrigation,ಭದ್ರಾ ಮೇಲ್ದಂಡೆ ಯೋಜನೆ ಅನುಷ್ಠಾನದ ಬಗ್ಗೆ,About the implementation of the Bhadra Upstairs Project,ಕಾಂತರಾಜು,Kantaraju
638,14/06/2017,ಮುಜರಾಯಿ,Muzarai,ದೇವಸ್ಥಾನಗಳಿಗೆ ಬಿಡುಗಡೆ ಮಾಡಿರುವ ಅನುದಾನದ ಬಗ್ಗೆ,About the grant released to the temples,ಕಾಂತರಾಜು,Kantaraju
639,14/06/2017,ಭಾರಿ ಮತ್ತು ಮಧ್ಯಮ ನೀರಾವರಿ,Heavy and medium irrigation,ವರಾಹಿ ಯೋಜನೆಯನ್ನು ವಿಸ್ತರಿಸಿ ಕುಡಿಯುವ ನೀರಿನ ಸಮಸ್ಯೆ ಬಗೆಹರಿಸುವ ಬಗ್ಗೆ,Expanding Varahi Plan and solving drinking water problems,ಕೋಟ ಶ್ರೀನಿವಾಸ ಪೂಜಾರಿ,Kota Srinivasa Pujari
640,14/06/2017,ಸಂಸದೀಯ ವ್ಯವಹಾರಗಳು,Parliamentary Affairs,ಸೌಭಾಗ್ಯ ಸಂಜೀವಿನಿ ಮತ್ತು ಪಶ್ಚಿಮ ವಾಹಿನಿ ಯೋಜನೆ ಅನುಷ್ಠಾನದ ಬಗ್ಗೆ,About the implementation of Saubhagya Sanjeevini and the West Channel Project,ಕೋಟ ಶ್ರೀನಿವಾಸ ಪೂಜಾರಿ,Kota Srinivasa Pujari
641,14/06/2017,ಕಾರ್ಮಿಕ,Labor,ಕಟ್ಟಡ ಮತ್ತು ಇತರೆ ಕಾರ್ಮಿಕರ ನೊಂದಣಿಯಾಗದೆ ಸೌಲಭ್ಯ ವಂಚಿತರಾಗಿರುವ ಬಗ್ಗೆ,About dismantling the facility without registering the building and other workers,ಕೋಟ ಶ್ರೀನಿವಾಸ ಪೂಜಾರಿ,Kota Srinivasa Pujari
642,14/06/2017,ಭಾರಿ ಮತ್ತು ಮಧ್ಯಮ ನೀರಾವರಿ,Heavy and medium irrigation,ಎತ್ತಿನಹೊಳೆ ಯೋಜನೆಯ ವಿರುದ್ಧ ಹಸಿರು ಪೀಠ ನೀಡಿರುವ ನಿರ್ದೇಶನಗಳ ಕುರಿತು,About the directions given by the green bench against the Ettinahole project,ಕೋಟ ಶ್ರೀನಿವಾಸ ಪೂಜಾರಿ,Kota Srinivasa Pujari
643,14/06/2017,ಅರಣ್ಯ,Forest,ರಕ್ಷಿತಾರಣ್ಯ ಮತ್ತು ಅಭಯಾರಣ್ಯಗಳ ರಕ್ಷಣೆ ಕುರಿತು,About the protection of the sanctuary and the sanctuary,ಕೋಟ ಶ್ರೀನಿವಾಸ ಪೂಜಾರಿ,Kota Srinivasa Pujari
644,14/06/2017,ಕಂದಾಯ,Revenue,ಮೆ:ಯಶಸ್ವಿನಿ Uಸ್ ಗೋದಾಮು ಸ್ಥಳಾಂತರದ ಬಗ್ಗೆ,M: Succession U's about the displacement of the godown,ಕೊಂಡಯ್ಯ .ಕೆ.ಸಿ,Kondaiah KC
645,14/06/2017,ಸಣ್ಣ ನೀರಾವರಿ,Small irrigation,ಎತ್ತಿನಹೊಳೆ ಯೋಜನೆಗೆ ಭೋಮಿ ಕಳೆದುಕೊಂಡ ರೈತಾಪಿ ವರ್ಗಕ್ಕೆ ಪರಿಹಾರ ನೀಡುವ ಬಗ್ಗೆ,About compensation for the farmer who lost Bhumi to the Elephant Hole project,ಗೋಪಾಲಸ್ವಾಮಿ .ಎಂ.ಎ,Gopalaswamy MA
646,14/06/2017,ಅರಣ್ಯ,Forest,ಸಕಲೇಶಪುರ ತಾಲ್ಲೂಕಿನ ಸಕಲೇಶಪುರ ಮತ್ತು ಎಸಲೂರು ವಲಯದಲ್ಲಿ ಕೈಗೊಂಡಿರುವ ಅಭಿವೃದ್ಧಿ ಕಾಮಗಾರಿಗಳ ವಿವರ,Details of development works undertaken in Sakleshpur and ESL area in Sakleshpur taluk,ಗೋಪಾಲಸ್ವಾಮಿ .ಎಂ.ಎ,Gopalaswamy MA
647,14/06/2017,ಕಂದಾಯ,Revenue,ಬಡಾವಣೆಗಳ ಪಕ್ಕದಲ್ಲಿರುವ ಸ್ಮಶಾನಗಳನ್ನು ಸ್ಥಳಾಂತರಿಸುವ ಕುರಿತು,Moving cemeteries beside the area,ತಾರಾಅನೂರಾಧ,Tara Anuradha
648,14/06/2017,ಕೃಷಿ,Agriculture,ರೈತರ ಸಾಲ ಮನ್ನಾ ಕುರಿತು,About farmers' debt waiver,ತಾರಾಅನೂರಾಧ,Tara Anuradha
649,14/06/2017,ಅರಣ್ಯ,Forest,ಆನೆ ಹಾವಳಿಯಿಂದ ತೊಂದರೆಯಾಗಿರುವ ಬಗ್ಗೆ,About the elephant's hardship,ಘೋಟ್ನೆಕರ್ ಶ್ರೀಕಾಂತ ಲಕ್ಷ್ಮಣ,Ghotnekara Srikanta Lakshmana
650,14/06/2017,ಕಂದಾಯ,Revenue,ಭೂ ಸ್ವಾಧೀನ ಪ್ರಕ್ರಿಯೆ ಬಗ್ಗೆ,About land acquisition process,ಚೌಡರೆಡ್ಡಿ ತೂಪಲ್ಲಿ,Chowdareddy Tupalli R
651,14/06/2017,ಕಂದಾಯ,Revenue,ಕಂದಾಯ ಇಲಾಖೆಯಲ್ಲಿ ಸಾರ್ವಜನಿಕರಿಗೆ ದಾಖಲೆಗಳನ್ನು ಒದಗಿಸಲು ವಿಳಂಬವಾಗುತ್ತಿರುವ ಬಗ್ಗೆ,About delay in providing documents to the public in the revenue department,ಧರ್ಮಸೇನ .ಆರ್,Dharmasena R
652,14/06/2017,ಪರಿಸರ,Environment,ಪ್ಲಾಸ್ಟಿಕ್ ಕ್ಯಾರಿಬ್ಯಾಗ್ ನಿಷೇಧದಿಂದ ಉಂಟಾಗಿರುವ ತೊಂದರೆ,Problems with plastic caribag bans,ಧರ್ಮಸೇನ .ಆರ್,Dharmasena R
653,14/06/2017,ಸಣ್ಣ ನೀರಾವರಿ,Small irrigation,ಸಣ್ಣ ನೀರಾವರಿ ಕಾಮಗಾರಿಗಳು,Small irrigation works,ಧರ್ಮಸೇನ .ಆರ್,Dharmasena R
654,15/06/2017,ಸಿಬ್ಬಂಧಿ ಮತ್ತು ಆಡಳಿತ ಸುಧಾರಣೆ,Staff and administrative reform,ಸರ್ಕಾರದ ಯೋಜನೆಗಳ ಅನುಷ್ಠಾನಗೊಳಿಸಲು ಆಡಳಿತ ಸುಧಾರಣೆ ಬಗ್ಗೆ,Governance reforms to implement government plans,ಬೋಸ್‌ರಾಜು .ಎನ್.ಎಸ್,Bosaraju N S
655,15/06/2017,ಸಿಬ್ಬಂಧಿ ಮತ್ತು ಆಡಳಿತ ಸುಧಾರಣೆ,Staff and administrative reform,ಗುಪ್ತದಳವನ್ನು ಬಲಿಷ್ಟಗೊಳಿಸುವ ಬಗ್ಗೆ,About the secret of the secret,ಬೋಸ್‌ರಾಜು .ಎನ್.ಎಸ್,Bosaraju N S
656,15/06/2017,ಅಬಕಾರಿ,Excuse,ಗ್ರಾಮಾಂತರ ಪ್ರದೇಶಗಳಲ್ಲಿ ಪರವಾನಗಿ ಇಲ್ಲದೆ ಸಾರಾಯಿ ಮಾರಾಟ ಮಾಡುತ್ತಿರುವ ಬಗ್ಗೆ,About selling salts without country license in rural areas,ಬೋಸ್‌ರಾಜು .ಎನ್.ಎಸ್,Bosaraju N S
657,15/06/2017,ಗೃಹ,Home,ಪೊಲೀಸ್ ಸಿಬ್ಬಂದಿಗಳಿಗೆ ಮುಂಬಡ್ತಿ ನೀಡುವಾಗ ಆಗಿರುವ ತೊಂದರೆಗಳ ಬಗ್ಗೆ,Concerns about the problems posed by the police personnel,ಬೋಸ್‌ರಾಜು .ಎನ್.ಎಸ್,Bosaraju N S
658,15/06/2017,ನಗರಭಿವೃದ್ಧಿ,Urban development,ಏUIಆಈಅ ಯಿಂದ ತೆಗೆದುಕೊಂಡಿರುವ ಯೋಜನೆಗಳ ಬಗ್ಗೆ,About the projects taken from A UI AEA,ಭಾನುಪ್ರಕಾಶ,Bhanu Prakasha
659,15/06/2017,ಸಾರ್ವಜನಿಕ ಸಂಬಂಧ,Public relations,ಕೌಶಲ್ಯಾಭಿವೃದ್ಧಿ ಉದ್ಯಮಶೀಲತೆ ಮತ್ತು ಜೀವನೋಪಾಯ ಬಗ್ಗೆ,About skill development entrepreneurship and livelihood,ಭಾನುಪ್ರಕಾಶ,Bhanu Prakasha
660,15/06/2017,ನಗರಭಿವೃದ್ಧಿ,Urban development,ನಗರಾಭಿವೃದ್ಧಿ ಪ್ರಾಧಿಕಾರಿಗಳಲ್ಲಿನ ಮಹಾ ಯೋಜನೆ ಬಗ್ಗೆ,About the Great Plan in Urban Development Authorities,ಭಾನುಪ್ರಕಾಶ,Bhanu Prakasha
661,15/06/2017,ನಗರಯೋಜನ,Urban planning,ಬೆಂಗಳೂರಿನ ರಾಜಕಾಲುವೆ ಒತ್ತುವರಿ ತೆರವು ಕಾರ್ಯದ ಬಗ್ಗೆ,About the task of evacuation work in Bangalore,ಸುನೀಲ್ ಸುಬ್ರಮಣಿ .ಎಂ.ಪಿ,Sunil Subramani M P
662,15/06/2017,ಸಿಬ್ಬಂಧಿ ಮತ್ತು ಆಡಳಿತ ಸುಧಾರಣೆ,Staff and administrative reform,ರಾಜ್ಯದಲ್ಲಿ ಸ್ವಂತ ಕಟ್ಟಡಗಳಿಲ್ಲದೆ ಬಾಡಿಗೆ ಕಟ್ಟಡಗಳಲ್ಲಿ ನಡೆಸುತ್ತಿರುವ ಸರ್ಕಾರಿ ಕಚೇರಿಗಳ ಬಗ್ಗೆ,About government offices running in rented buildings without own buildings in the state,ಸುನೀಲ್ ಸುಬ್ರಮಣಿ .ಎಂ.ಪಿ,Sunil Subramani M P
663,15/06/2017,ಸಹಕಾರ,Cooperation,ಕೊಡಗು ಜಿಲ್ಲೆಯ ವ್ಯವಸಾಯ ಸಹಕಾರ ಸಂಘಗಳ ಕುರಿತು,About Cooperative Societies in Kodagu District,ಸುನೀಲ್ ಸುಬ್ರಮಣಿ .ಎಂ.ಪಿ,Sunil Subramani M P
664,15/06/2017,ಗೃಹ,Home,ಪೊಲೀಸ್ ಇಲಾಖೆಯಲ್ಲಿ ಖಾಲಿ ಇರುವ ಹುದ್ದೆಗಳ ಕುರಿತು,About vacancies in police department,ಸುನೀಲ್ ಸುಬ್ರಮಣಿ .ಎಂ.ಪಿ,Sunil Subramani M P
665,15/06/2017,ನಗರ ಯೋಜನಾ,City planning,ನಮ್ಮ ಮೆಟ್ರೋ ಕಾಮಗಾರಿ ಬಗ್ಗೆ,About our metro work,ಸಯದ್ ಮುಧೀರ್ ಅಗಾ,Syed Madir Aga
666,15/06/2017,ಗೃಹ,Home,ರಾಮನಗರದ ಹುಣಸನಹಳ್ಳಿಯಲ್ಲಿ ಔಟ್ ಪೋಸ್ಟ್ ಪೊಲೀಸ್ ಸ್ಟೇಷನ್ ಬಗ್ಗೆ,"Out post police station in Hunasanahalli, Ramanagar",ಸಯದ್ ಮುಧೀರ್ ಅಗಾ,Syed Madir Aga
667,15/06/2017,ಉನ್ನತ ಶಿಕ್ಷಣ,Higher education,ಐ.ಟಿ.ಐ. ತರಬೇತಿ ಕೇಂದ್ರಗಳ ಬಗ್ಗೆ,ITI About training centers,ಸಯದ್ ಮುಧೀರ್ ಅಗಾ,Syed Madir Aga
668,15/06/2017,ನಗರ ಯೋಜನ,City planning,ಬೀದಿ ಬದಿ ವ್ಯಾಪಾರಿಗಳ ಬಗ್ಗೆ,About street side traders,ಸಯದ್ ಮುಧೀರ್ ಅಗಾ,Syed Madir Aga
669,15/06/2017,ನಗರ ಯೋಜನಾ,City planning,ಬೆಂಗಳೂರಿನ ಪಾದಚಾರಿ ಮಾರ್ಗದ ಬಗ್ಗೆ,About the pedestrian path of Bangalore,ಸಯದ್ ಮುಧೀರ್ ಅಗಾ,Syed Madir Aga
670,15/06/2017,ಗೃಹ,Home,ಗಹ ಸಚಿವರು,Minister of Culture,ಸೋಮಣ್ಣ .ವಿ,Somanna V
671,15/06/2017,ನಗರ ಯೋಜನ,City planning,ಸಂಚಾರ ದಟ್ಟಣೆ ನಿವಾರಣೆಗಾಗಿ ಸ್ಕೈವಾಕ್‌ಗಳ ನಿರ್ಮಾಣ ಕುರಿತು,About the construction of skywalkers for traffic congestion,ಸೋಮಣ್ಣ .ವಿ,Somanna V
672,15/06/2017,ಸಿಬ್ಬಂಧಿ ಮತ್ತು ಆಡಳಿತ ಸುಧಾರಣೆ,Staff and administrative reform,ಯಶಸ್ವಿನಿ ಯೋಜನೆ ಜಾರಿ ಮತ್ತು ಬಿಲ್ ವಿವರ ಕುರಿತು,About the implementation of the Vijayawani Project and Bill Details,ಸೋಮಣ್ಣ .ವಿ,Somanna V
673,15/06/2017,ಸಿಬ್ಬಂಧಿ ಮತ್ತು ಆಡಳಿತ ಸುಧಾರಣೆ,Staff and administrative reform,ಸರ್ಕಾರಿ ನೌಕರರ ಗೃಹ ನಿರ್ಮಾಣ ಸಂಘದ ಬಗ್ಗೆ,About the Government Employees Home Construction Association,ಸೋಮಣ್ಣ ಮ ಬೇವಿನಮರದ,Samanna Ma Bevinamara
674,15/06/2017,ನಗರಾಭಿವೃದ್ಧಿ,Urban development,ಬಡಾವಣೆಗಳ ನಿರ್ಮಾಣದ ಬಗ್ಗೆ,About the construction of the area,ನಾರಾಯಣಸ್ವಾಮಿ .ಎಂ,Narayanaswamy M
675,15/06/2017,ನಗರಾಭಿವೃದ್ಧಿ,Urban development,ನಗರಭಿವೃದ್ಧಿ ಪ್ರಾಧಿಕಾರಗಳ ಬಗ್ಗೆ,About Urban Development Authorities,ನಾರಾಯಣಸ್ವಾಮಿ .ಎಂ,Narayanaswamy M
676,15/06/2017,ನಗರ ಯೋಜನ,City planning,ಬೃಹತ್ ಬೆಂಗಳೂರು ಮಹಾನಗರ ಪಾಲಿಕೆ ವ್ಯಾಪ್ತಿಯ ಸ್ಥಳಗಳಲ್ಲಿ ಜಾಹೀರಾತು ಪ್ರಕಟಿಸುವ ಬಗ್ಗೆ,About publishing advertising at locations of the huge Bangalore metropolitan area,ನಾರಾಯಣಸ್ವಾಮಿ .ಎಂ,Narayanaswamy M
677,15/06/2017,ಗೃಹ,Home,ಆರಕ್ಷಕ ಠಾಣಾ ಸಿಬ್ಬಂದಿಗಳ ಬಗ್ಗೆ,About police station staff,ನಾರಾಯಣಸ್ವಾಮಿ .ಎಂ,Narayanaswamy M
678,15/06/2017,ಗೃಹ,Home,ಮೈಸೂರು ಜಿಲ್ಲೆಯಲ್ಲಿ ರಸ್ತೆ ಅಪಘಾತಗಳು,Road accidents in Mysore district,ನಾಗರಾಜು .ಎಸ್,Nagaraja S
679,15/06/2017,ನಗರಾಭಿವೃದ್ಧಿ,Urban development,ಮೈಸೂರಿನಲ್ಲಿ ಪಾರಂಪರಿಕ ಕಟ್ಟಡಗಳು,Heritage Buildings in Mysore,ನಾಗರಾಜು .ಎಸ್,Nagaraja S
680,15/06/2017,ನಗರಾಭಿವೃದ್ಧಿ,Urban development,ಚಾಮರಾಜನಗರ ಒಳಚರಂಡಿ ಯೋಜನೆಯಲ್ಲಿ ಬಾರಿ ವಿಳಂಬ,Delay in time at the Chamarajanagar drainage project,ನಾಗರಾಜು .ಎಸ್,Nagaraja S
681,15/06/2017,ವಾರ್ತಾ ಮತ್ತು ಪ್ರಚಾರ,News and promotion,ಸಾರ್ವಜನಿಕ ಮತ್ತು ಸಂಪರ್ಕ ಇಲಾಖೆಯಿಂದ ಸಾರ್ವಜನಿಕರಿಗೆ ಸಿಗುತ್ತಿರುವ ಮಾಹಿತಿ,Information from the Public and Communications Department to the public,ಪ್ರಸನ್ನ ಕುಮಾರ್ .ಆರ್,Prasanna Kumar R
682,15/06/2017,ಕಾರ್ಮಿಕ,Labor,ಪೌರಕಾರ್ಮಿಕರ ನೌಕರಿ ಖಾಯಂ ಮಾಡುವ ಸಂಭಂಧ ಕೈಗೋಂಡಿರುವ ಕ್ರಮಗಳು,Steps to Permanent Work on Permanent Workers,ಪ್ರಸನ್ನ ಕುಮಾರ್ .ಆರ್,Prasanna Kumar R
683,15/06/2017,ನಗರಭಿವೃದ್ಧಿ,Urban development,ಹುಬ್ಬಳಿ-ಧಾರವಾಡ ಮಹಾನಗರ ಪಾಲಿಕೆಯ ಆಸ್ತಿಗಳ ಕುರಿತು,About property of Hubli-Dharwad city corporation,ಪ್ರದೀಪ್ ಶೆಟ್ಟರ್,Pradeep Shettar
684,15/06/2017,ನಗರಾಭಿವೃದ್ಧಿ,Urban development,ನಗರೋತ್ಥಾನ ಯೋಜನೆಯ ಕುರಿತು,About the Nagaurthana Project,ಪ್ರದೀಪ್ ಶೆಟ್ಟರ್,Pradeep Shettar
685,15/06/2017,ಆರ್ಥಿಕ,Economy,ಹೊರ ಗುತ್ತಿಗೆ ಆಧಾರದ ನೌಕರರ ವೇತನದ ಕುರಿತು,About wage-based employees' salaries,ಪ್ರದೀಪ್ ಶೆಟ್ಟರ್,Pradeep Shettar
686,15/06/2017,ನಗರಾಭಿವೃದ್ಧಿ,Urban development,ನಗರಾಭಿವೃದ್ಧಿ ಪ್ರಾಧಿಕಾರದಿಂದ ನಿವೇಶನಗಳ ಹಂಚಿಕೆ ಕುರಿತು,About sharing of sites by the Urban Development Authority,ಪ್ರದೀಪ್ ಶೆಟ್ಟರ್,Pradeep Shettar
687,15/06/2017,ನಗರಾಭಿವೃದ್ಧಿ,Urban development,"ಹುಬ್ಬಳಿ, ಧಾರವಾಡ ಮಹಾನಗರ ಪಾಲಿಕೆಯ ನೌಕರರ ಕುರಿತು","About Employees of Hubli, Dharwad Metropolitan Corporation",ಪ್ರದೀಪ್ ಶೆಟ್ಟರ್,Pradeep Shettar
688,15/06/2017,ನಗರಯೋಜನ,Urban planning,ಬೆಂಗಳೂರು ನಗರ ವ್ಯಾಪ್ತಿಯ ಕೆರೆಗಳಲ್ಲಿ ಕಂಡು ಬರುವ ನೊರೆಗಳ ನಿಯಂತ್ರಣ,Control of foams found in the lakes of Bangalore City,ಪ್ರತಾಪಚಂದ್ರ ಶೆಟಿ .ಕೆ,Pratapachandra Shetty K
689,15/06/2017,ಸಹಕಾರ,Cooperation,ಸಹಕಾರ ಸಂಘಗಳು ಶೂನ್ಯ ಬಡ್ತಿ ದರ ಕೃಷಿ ಸಾಲಕ್ಕೆ ಸೇವಾ ಶುಲ್ಕ ಪಡೆಯುವ ಮತ್ತು ಯಾಂತ್ರಿಕ ಕೃಷಿಗೆ ಪ್ರೋತ್ಸಾಹ ನೀಡುವ ಬಗ್ಗೆ,Co-operative societies Zero promotion rate for service fees for agricultural loans and encouraging mechanical farming,ಪ್ರತಾಪಚಂದ್ರ ಶೆಟ್ಟಿ .ಕೆ,Pratapachandra Shetty K
690,15/06/2017,ಸಹಕಾರ,Cooperation,ಹಲು ಉತ್ಪಾದಕ ಸಹಕಾರಿ ಸಂಘಗಳು ಮತ್ತು ಅವುಗಳ ಸವಲತ್ತು ಕುರಿತು,About Manufacturing Co-operative Societies and Their Advantage,ಪ್ರತಾಪಚಂದ್ರ ಶೆಟ್ಟಿ .ಕೆ,Pratapachandra Shetty K
691,15/06/2017,ಗೃಹ,Home,ಕುಂದಾಪುರ ಮತ್ತು ಉಡುಪಿ ತಾಲ್ಲೂಕಿನ ಪೊಲೀಸ್ ಠಾಣೆಯ ಸರಹದ್ದು ಪುನರ್ ವಿಂಗಡನೆ ಕುರಿತು,Restoration of the march of police station in Kundapur and Udupi Taluk,ಪ್ರತಾಪಚಂದ್ರ ಶೆಟ್ಟಿ .ಕೆ,Pratapachandra Shetty K
692,15/06/2017,ಅಬಕಾರಿ,Excuse,ಉಡುಪಿ ಮತ್ತು ದಕ್ಷಿಣ ಕನ್ನಡ ಜಿಲ್ಲೆಯ ಒSIಐ ಮದ್ಯದಂಗಡಿಯ ಕುರಿತು,Udupi and O SII liquor stadium in Dakshina Kannada district,ಪ್ರತಾಪಚಂದ್ರ ಶೆಟ್ಟಿ .ಕೆ,Pratapachandra Shetty K
693,15/06/2017,ನಗರ ಯೋಜನ,City planning,ಬೆಂಗಳೂರು ಅಭಿವೃದ್ಧಿ ಪ್ರಾಧಿಕಾರ ವತಿಯಿಂದ ರೈತರ ಜಮೀನು ಸ್ವಾಧೀನ ಪಡಿಸಿಕೊಂಡಿರುವ ಬಗ್ಗೆ,About the acquisition of farmers' land by the Bangalore Development Authority,ಪುಟ್ಟಸ್ವಾಮಿ .ಬಿ.ಜೆ,Puttaswamy B J
694,15/06/2017,ನಗರ ಯೋಜನ,City planning,ವಟ್ರೋ ೨ನೇ ಹಂತದ ಕಾಮಗಾರಿಯ ಬಗ್ಗೆ,About the construction of Vatro 2nd phase,ಪುಟ್ಟಸ್ವಾಮಿ .ಬಿ.ಜೆ,Puttaswamy B J
695,15/06/2017,ನಗರ ಯೋಜನ,City planning,ಸರ್ಕಾರಿ ಜಮೀನುಗಳನ್ನು ಅನಧಿಕೃತವಾಗಿ ಅಕ್ರಮಿಸಿಕೊಂಡಿರುವ ಬಗ್ಗೆ,Unlawful encroachment of government land,ಪುಟ್ಟಸ್ವಾಮಿ .ಬಿ.ಜೆ,Puttaswamy B J
696,15/06/2017,ಸಹಕಾರ,Cooperation,ಸಹಕಾರ ಸಂಸ್ಥೆಗಳಲ್ಲಿ ಹಿಂದುಳಿದ ವರ್ಗದವರಿಗೆ ಮೀಸಲಾತಿಯ ಬಗ್ಗೆ,Reservation for Backward Classes in Co-operative Institutions,ಪುಟ್ಟಸ್ವಾಮಿ .ಬಿ.ಜೆ,Puttaswamy B J
697,15/06/2017,ಸಿಬ್ಬಂಧಿ ಮತ್ತು ಆಡಳಿತ ಸುಧಾರಣೆ,Staff and administrative reform,ಲೋಕಾಯುಕ್ತ ಇಲಾಖೆ ದಾಳಿ ನಡೆಸಿರುವ ಅಧಿಕಾರಿಗಳ ವಿವರ ನೀಡುವ ಬಗ್ಗೆ,The Lokayukta Department will provide details of the officers involved in the attack,ಪುಟ್ಟಣ್ಣ,Puttanna
698,15/06/2017,ನಗರ ಯೋಜನ,City planning,ಬೆಂಗಳೂರು ನಗರದ ವಾರ್ಡ್ ನಂ-೨೯ ರಲ್ಲಿ ಸಮಸ್ಯೆಗಳ ಬಗ್ಗೆ,Concerns about problems in Ward No. 29 of Bangalore city,ಪುಟ್ಟಣ್ಣ,Puttanna
699,15/06/2017,ವಾರ್ತಾ ಮತ್ತು ಪ್ರಚಾರ,News and promotion,ಅಂತರ್ಜಾಲ ಸಂಪರ್ಕದ ಬಗ್ಗೆ,About Internet Connection,ಶರವಣ .ಟಿ.ಎ,Sharavana T A
700,15/06/2017,ಸಾರ್ವಜನಿಕ ಸಂಬಂಧ,Public relations,ಸರ್ಕಾರದ ಕೌಶಲ್ಯ ತರಬೇತಿ ಬಗ್ಗೆ,About Government Skill Training,ಶರವಣ .ಟಿ.ಎ,Sharavana T A
701,15/06/2017,ಗೃಹ,Home,ಅಪಘಾತಗಳ ಬಗ್ಗೆ,About Accidents,ಶರವಣ .ಟಿ.ಎ,Sharavana T A
702,15/06/2017,ಗೃಹ,Home,ರಾಜ ರಾಜೇಶ್ವರಿ ನಗರದ ಪೊಲೀಸ್ ಠಾಣೆ ವ್ಯಾಪ್ತಿಗೆ ಪಾಲಿಕೆ ಸದಸ್ಯರ ಪ್ರಕರಣಗಳ ಬಗ್ಗೆ,Regarding the cases of the members of the Rajasewari police station,ಶರವಣ .ಟಿ.ಎ,Sharavana T A
703,15/06/2017,ಗೃಹ,Home,ವಿವಿಧ ಅಪರಾಧಗಳ ಬಗ್ಗೆ,About various crimes,ಶರವಣ .ಟಿ.ಎ,Sharavana T A
704,15/06/2017,ಸಿಬ್ಬಂಧಿ ಮತ್ತು ಆಡಳಿತ ಸುಧಾರಣೆ,Staff and administrative reform,ಸರ್ಕಾರಿ ಕಚೇರಿಗಳನ್ನು ಸುವರ್ಣ ವಿಧಾನಸೌಧಕ್ಕೆ ಸ್ಥಳಾಂತರಿಸುವ ಕುರಿತು,Moving government offices to the Golden Methodology,ವಿವೇಕ್‌ರಾವ್ ವಸಂತರಾವ್ ಪಾಟೀಲ್,Vivek Rao Vasanth Rao Patil
705,15/06/2017,ಸಿಬ್ಬಂಧಿ ಮತ್ತು ಆಡಳಿತ ಸುಧಾರಣೆ,Staff and administrative reform,ಸುಳ್ಳು ಜಾತಿ ಪ್ರಮಾಣ ಪತ್ರ ಸಲ್ಲಿಸಿ ಸರ್ಕಾರಿ ನೌಕರಿಯನ್ನು ಪಡೆದಿರುವ ಬಗ್ಗೆ,About obtaining government employment by submitting a false caste certificate,ವೀರಯ್ಯ .ಡಿ.ಎಸ್,Veerayya D S
706,15/06/2017,ಗೃಹ,Home,ಪಾಕಿಸ್ಥಾನ ಪ್ರಜೆಗಳಿಗೆ ನಕಲು ದಾಖಲೆ ಸೃಷ್ಟಸಿ ಆಧಾರ್ ಕಾರ್ಡ್ ನೀಡಿರುವ ಬಗ್ಗೆ,Aadhaar Card Issues About Pakistan Issues,ವೀರಯ್ಯ .ಡಿ.ಎಸ್,Veerayya D S
707,15/06/2017,ನಗರಭಿವೃದ್ಧಿ,Urban development,ಬೀದರ್ ಜಿಲ್ಲೆಯ ನಗರಾಭಿವೃದ್ಧಿ ಇಲಾಖೆಯ ಕಾಮಗಾರಿಗಳ ಬಗ್ಗೆ,About the Urban Development Department of Bidar district,ವಿಜಯ ಸಂಗ್,Vijay Singh
708,15/06/2017,ನಗರಭಿವೃದ್ಧಿ,Urban development,ಕಳಗೇರಿ ಪ್ರದೇಶ ಘೋಷಣೆ,Declaration of the Khargeri area,ಬಸನಗೌಡ ಆರ್ ಪಾಟೀಲ್,Basanagowda R Patil
709,15/06/2017,ನಗರ ಯೋಜನ,City planning,ಬೆಂಗಳೂರು ನಗರದಲ್ಲಿರುವ ಈಜು ಕೊಳಗಳ ಬಗ್ಗೆ,About swimming pools in Bangalore city,ಲಹರ್ ಸಿಂಗ್ ಸಿರೋಯಾ,Lahar Singh Siroya
710,15/06/2017,ನಗರ ಯೋಜನ,City planning,ಬೆಂಗಳೂರು ನಗರದಲ್ಲಿ ಮದ್ಯಗಳನ್ನು ಮಾರಾಟ ಮಾಡಲು ಅನುಮತಿ ನೀಡಿರುವ ಬಗ್ಗೆ,About permitting sale of liquor in Bangalore,ಲಹರ್ ಸಿಂಗ್ ಸಿರೋಯಾ,Lahar Singh Siroya
711,15/06/2017,ನಗರ ಯೋಜನ,City planning,ಬೆಂಗಳೂರಿನಲ್ಲಿ ಉಪನಗರ ನರ್ಮಿಸುವುದು,Suburban nursing in Bangalore,ಲಕ್ಷ್ಮೀನಾರಾಯಣ .ಎಂ.ಡಿ,Lakshmi Narayana MD
712,15/06/2017,ನಗರ ಯೋಜನ,City planning,ಬೆಂಗಳೂರಿನಲ್ಲಿ ಮಳೆ ಬಂದಾಗ ಆಗುವ ಸಮಸ್ಯೆ ಕುರಿತು,About the problem of rainfall in Bangalore,ಲಕ್ಷ್ಮೀನಾರಾಯಣ .ಎಂ.ಡಿ,Lakshmi Narayana MD
713,15/06/2017,ನಗರ ಯೋಜನ,City planning,ಬೆಂಗಳೂರು ಅಭಿವದ್ಧಿ ಪ್ರಾಧಿಕಾರದ ಬಗ್ಗೆ,About Bangalore Development Authority,ಲಕ್ಷ್ಮೀನಾರಾಯಣ .ಎಂ.ಡಿ,Lakshmi Narayana MD
714,15/06/2017,ಗೃಹ,Home,ತುರುವೇಕೆರೆ ತಾಲ್ಲೂಕಿನಲ್ಲಿರುವ ಅಗ್ನಿಶಾಮಕ ದಳ ಸ್ವಂತ ಕಟ್ಟಡದ ಬಗ್ಗೆ,About fireworks in the Tuvaerekere taluk own building,ಲಕ್ಷ್ಮೀನಾರಾಯಣ .ಎಂ.ಡಿ,Lakshmi Narayana MD
715,15/06/2017,ಸಿಬ್ಬಂಧಿ ಮತ್ತು ಆಡಳಿತ ಸುಧಾರಣೆ,Staff and administrative reform,ಕೇಂದ್ರ ಸರ್ಕಾರದಿಂದ ರಾಜ್ಯ ಸರ್ಕಾರಕ್ಕೆ ಅನುದಾನ ಮತ್ತು ಯೋಜನೆಗಳು,Grants and Plans to the State Government from Central Government,ಲಕ್ಷ್ಮೀನಾರಾಯಣ .ಎಂ.ಡಿ,Lakshmi Narayana MD
716,15/06/2017,ನಗರ ಯೋಜನ,City planning,ನಂದಿನಿ ಬಡಾವಣೆ ಬಿ.ಬಿ.ಎಂ.ಪಿ. ವ್ಯಾಪ್ತಿಯ ೪ನೇ ಬ್ಲಾಕ್‌ನ ರಸ್ತೆ ಕಾಮಗಾರಿ ಬಗ್ಗೆ,Nandini Layout BBMP About road construction on the 4th block of coverage,ಶ್ರೀಕಂಠೇಗೌಡ .ಕೆ.ಟಿ,Srikantegowda KT
717,15/06/2017,ಸಹಕಾರ,Cooperation,ಕರ್ನಾಟಕ ವಿಧಾನ ಮಂಡಲ ಗೃಹ ನಿರ್ಮಾಣ ಸಹಕಾರ ಸಂಘದಿಂದ ವಿಧಾನ ಮಂಡಲ ನೌಕರರಿಗೆ ನಿವೇಶನ ವಂಚನೆಯಾಗಿರುವ ಬಗ್ಗೆ,About the fraud of the site to the employees of the Karnataka Municipal Council for Home Construction Co-operative Society,ಶ್ರೀಕಂಠೇಗೌಡ .ಕೆ.ಟಿ,Srikantegowda KT
718,15/06/2017,ನಗರಾಭಿವೃದ್ಧಿ,Urban development,ನಗರ ನೀರು ಸರಬರಾಜು ಇಲಾಖೆಯಿಂದ ಕೈಗೊಂಡಿರುವ ಕಾಮಗಾರಿಗಳ ಬಗ್ಗೆ,About the works taken by the Urban Water Supply Department,ಮನೋಹರ .ಸಿ.ಆರ್,Manohara CR
719,15/06/2017,ನಗರಭಿವೃದ್ಧಿ,Urban development,ಮುಡಿಗೆರೆ ಪಟ್ಟಣಕ್ಕೆ ಒಳಚರಂಡಿ ವ್ಯವಸ್ಥೆಯನ್ನು ಕಲ್ಪಿಸುವ ಬಗ್ಗೆ,About sewing system for the frontline town,ಮೋಟಮ್ಮ,Motamma
720,15/06/2017,ನಗರಯೋಜನ,Urban planning,ಟೆಂಡರ್ ಶ್ಯೂರ್ ಯೋಜನೆಯಡಿ ನಿರ್ಮಿಸುತ್ತಿರುವ ಪಾದಚಾರಿ ಮಾರ್ಗಗಳ ಬಗ್ಗೆ,About pedestrian paths built under Tender Shure project,ಅಪ್ಪಾಜಿಗೌಡ .ಎನ್,Appajigowda N
721,15/06/2017,ಸಾರ್ವಜನಿಕ ಸಂಬಂಧ,Public relations,ಮುಖ್ಯಮಂತ್ರಿಗಳ ಕೌಶಲ್ಯಾಭಿವೃದ್ಧಿ ಯೋಜನೆಯಡಿ ಅಲ್ಪಸಂಖ್ಯಾತ ಯುವಕರು ತರಬೇತಿ ಪಡೆಯುವ ಬಗ್ಗೆ,Minority youth are trained under the Chief Minister's Skill Development Program,ಅಬ್ದುಲ್ ಜಬ್ಬಾರ್ .ಕೆ,Abdul Jabbar K
722,15/06/2017,ಸಿಬ್ಬಂಧಿ ಮತ್ತು ಆಡಳಿತ ಸುಧಾರಣೆ,Staff and administrative reform,ಸರ್ಕಾರಿ ನೌಕರರು ಕರ್ತವ್ಯದಲ್ಲಿದ್ದಾಗ ಸಾವನ್ನಪ್ಪಿರುವ ಪ್ರಕರಣಗಳು,Cases of death when government employees were in duty,ಜಯಮಾಲ ರಾಮಚಂದ್ರ,Jayamala Ramachandra
723,15/06/2017,ನಗರಾಭಿವೃದ್ಧಿ,Urban development,ಬೆಂಗಳೂರು ಅಭಿವೃದ್ಧಿ ಪ್ರಾಧಿಕಾರ ಎಂಪ್ಲಾಯೀಸ್ ವೆಲಫೇರ್ ಅಸೋಸಿಯೇಷನ್ ಅಕ್ರಮಗಳ ಬಗ್ಗೆ,Bangalore Development Authority About Employees Welfare Association Illegal,ಜಯಮಾಲ ರಾಮಚಂದ್ರ,Jayamala Ramachandra
724,15/06/2017,ನಗರಭಿವೃದ್ಧಿ,Urban development,ನಗರ ಭೂ ಪರಿಮಿತಿ ಕಾಯಿದೆಯನ್ನು ವಾಪಸ್ಸು ಪಡೆದ ನಂತರವೂ ಭೂ ಪರಿಹಾರ ಪಡೆಯದ ಬೆಂಗಳೂರು ಜಿಲ್ಲೆಯ ರೈತರ ಭೂಮಿ ವಾಪಸ್ಸು ನೀಡುವಲ್ಲಿ ವಿಳಂಬವಾಗುತ್ತಿರುವ ಬಗ್ಗೆ,Regarding the delay in returning the land of farmers in Bangalore district without land relief even after returning the Urban Land Limit Act,ರಾಮಚಂದ್ರಗೌಡ,Ramachandra Gowda
725,15/06/2017,ನಗರ ಯೋಜನ,City planning,ಬೆಂಗಳೂರು ಸೋಮನಹಳ್ಳಿ ಗೇಟ್‌ನಿಂದ ನೆಟ್ಟಿಗಗೆರೆ Uಮದ ವರೆಗೆ ರಸ್ತೆ ಕಾಮಗಾರಿಗೆ ಅನುದಾನ ಬಿಡುಗಡೆಯಾಗಿದ್ದರೂ ಕಾಮಗಾರಿ ಪ್ರಕ್ರಿಯೆ ವಿಳಂಬವಾಗುತ್ತಿರುವ ಬಗ್ಗೆ,"Grant to the road works from Somanahalli Halli to Nedigigere U U Mada, but delaying the work process",ರಾಮಚಂದ್ರಗೌಡ,Ramachandra Gowda
726,15/06/2017,ಗೃಹ,Home,ಮಹಾದಯಿ ಹೋರಾಟ ನಡೆಸಿರುವ ನರಗುಂದ ಹೋರಾಟಗಾರರ ವಿರುದ್ಧ ಪೊಲೀಸ್ ಕೇಸ್ ದಾಖಲಿಸಿರುವ ಬಗ್ಗೆ,The police have registered a case against the Nargund fighters who have fought Mahatai,ರಾಮಚಂದ್ರಗೌಡ,Ramachandra Gowda
727,15/06/2017,ಸಹಕಾರ,Cooperation,ಸಹಕಾರಿ ಸಂಘಗಳಿಂದ ಪಡೆದಿರುವ ರಾಜ್ಯದ ರೈತರ ಕೃಷಿ ಸಾಲ ಮತ್ತು ಬಡ್ಡಿ ಮನ್ನಾ ಮಾಡುವ ಬಗ್ಗೆ,Farmers' credit loans and interest waiver of farmers from co-operative societies,ರಾಮಚಂದ್ರಗೌಡ,Ramachandra Gowda
728,15/06/2017,ನಗರಾಭಿವೃದ್ಧಿ,Urban development,ಮಲಪ್ರಭಾ ನದಿಯ ನೀರನ್ನು ಪೆಪ್ಸಿ ಕಂಪನಿಗೆ ಪೂರೈಸುತ್ತಿರುವ ಬಗ್ಗೆ,Pepsi is supplying water to the Malaprabha river,ರಾಮಚಂದ್ರಗೌಡ,Ramachandra Gowda
729,15/06/2017,ನಗರ ಯೋಜನ,City planning,ಬೆಂಗಳೂರು ವ್ಯಾಪ್ತಿಯಲ್ಲಿ ಬರುವ ಬೆಳ್ಳಂದೂರು ಮತ್ತು ವರ್ತೂರು ಕೆರೆಗಳ ಪುನರುಜ್ಜೀವನ ಬಗ್ಗೆ,About the revival of Bellandur and Varthur lakes in Bangalore,ರಮೇಶ್ .ಪಿ.ಆರ್,Ramesha Babu
730,15/06/2017,ನಗರಯೋಜ,Urbanize,ಇಂಡಿಯನ್ ಜಮ್‌ಖಾನ್ ಆಟದ ಮೈದಾನದ ಬಗ್ಗೆ,About the Indian Jamkhon playground,ರಮೇಶ್ ಬಾಬು,Ramesha Babu
731,15/06/2017,ನಗರಾಭಿವೃದ್ಧಿ,Urban development,ಸಣ್ಣ ಮತ್ತು ಮಧ್ಯಮ ಪಟ್ಟಣಗಳ ಅಭಿವೃದ್ಧಿ ಬಗ್ಗೆ,About the development of small and medium towns,ರಮೇಶ್ ಬಾಬು,Ramesha Babu
732,15/06/2017,ಗಹ,Home,ಪೊಲೀಸ್ ಠಾಣೆ ಮತ್ತು ಸಿಬ್ಬಂದಿಗಳ ಬಗ್ಗೆ,About Police Station and Staff,ರಮೇಶ್ ಬಾಬು,Ramesha Babu
733,15/06/2017,ಹಣಕಾಸು,Finance,ಎಫ್.ಕೆ.ಸಿ.ಸಿ.ಐ. ಶತಮಾನೋತ್ಸವ ಕಟ್ಟಡ ಮತ್ತು ತೆರಿಗೆಗಳ ಬಗ್ಗೆ,FKCCI About centenary building and taxes,ರಮೇಶ್ ಬಾಬು,Ramesha Babu
734,15/06/2017,ಗೃಹ,Home,ಪೊಲೀಸ್ ಇಲಾಖೆಯಲ್ಲಿ ಹಾರ್ಡ್‌ರ್ಲಿ ಪದ್ಧತಿ ನಿಷೇಧಿಸುವ ಬಗ್ಗೆ,About banning harderie practice in police department,ರಘುನಾಥ ರಾವ್ ಮಲ್ಕಾಪೂರೆ,Raghunath Rao Malkapore
735,15/06/2017,ಗೃಹ,Home,ರೈತರ ಹೋರಾಟದ ಸಂದರ್ಭದಲ್ಲಿ ಪೊಲೀಸರು ಹೊಡೆಯುತ್ತಿರುವದು ತಡೆಗಟ್ಟುವ ಬಗ್ಗೆ,Preventing the police hitting during the farmers' struggle,ರಘುನಾಥ ರಾವ್ ಮಲ್ಕಾಪೂರೆ,Raghunath Rao Malkapore
736,15/06/2017,ಅಬಕಾರಿ,Excuse,(ಎಂ.ಆರ್.ಪಿ.) ಮದ್ಯಪಾನ ಅಂಗಡಿಗಳಲ್ಲಿ ಹೆಚ್ಚಿನ ಬೆಲೆಗೆ ಮದ್ಯ ಮಾರಾಟ ಮಾಡುತ್ತಿರುವ ಬಗ್ಗೆ,(MRP) about selling alcohol at high price in alcoholic beverages stores,ರಘುನಾಥ ರಾವ್ ಮಲ್ಕಾಪೂರೆ,Raghunath Rao Malkapore
737,15/06/2017,ಗೃಹ,Home,ನಕಲಿ ಅಂಕಪಟ್ಟಿ ದಂಧೆ ನಡೆಯುತ್ತಿರುವ ಬಗ್ಗೆ,About the fake scoreboard,ರಘುನಾಥ ರಾವ್ ಮಲ್ಕಾಪೂರೆ,Raghunath Rao Malkapore
738,15/06/2017,ಅಬಕಾರಿ,Excuse,ರಾಷ್ಟ್ರೀಯ ಹೆದ್ದಾರಿಗಳಲ್ಲಿರುವ ವೈನ್ ಶಾಪ್‌ಗಳನ್ನು ಸ್ಥಳಾಂತರಿಸುವ ಬಗ್ಗೆ,Moving Wine Shops on National Highways,ಐವಾನ್ ಡಿ ಸೋಜಾ,Ivan Disoza
739,15/06/2017,ಸಿಬ್ಬಂಧಿ ಮತ್ತು ಆಡಳಿತ ಸುಧಾರಣೆ,Staff and administrative reform,ದಕ್ಷಿಣ ಕನ್ನಡ ಜಿಲ್ಲೆಯ ಎಸ್.ಪಿ. ಕಛೇರಿಯನ್ನು ಜಿಲ್ಲಾ ಕೇಂದ್ರವಾದ ಪುತ್ತೂರಿನಲ್ಲಿ ಸ್ಥಾಪಿಸುವ ಬಗ್ಗೆ,"S.P. Setting up office at Puttur, the district headquarters",ಐವಾನ್ ಡಿ ಸೋಜಾ,Ivan Disoza
740,15/06/2017,ನಗರಾಭಿವೃದ್ಧಿ,Urban development,ಮಂಗಳೂರು ಮಹಾನಗರ ಪಾಲಿಕೆಯಿಂದ ನೀರು ಶುದ್ಧೀಕರಣ ಘಟಕ ಸ್ಥಾಪಿಸುವ ಬಗ್ಗೆ,About establishing a water purification unit by the Mangalore Metropolitan Corporation,ಐವಾನ್ ಡಿ ಸೋಜಾ,Ivan Disoza
741,15/06/2017,ನಗರಾಭಿವೃದ್ಧಿ,Urban development,ಮಂಗಳೂರು ನಗರದಲ್ಲಿ ನೀರು ಸರಬರಾಜು ಮಾಡುವ ತುಂಬೆ ವೆಂಟೆಡ್ ಡ್ಯಾಂ ಬಗ್ಗೆ,Mangalore: Water supply to Mangalore,ಐವಾನ್ ಡಿ ಸೋಜಾ,Ivan Disoza
742,15/06/2017,ನಗರಾಭಿವೃದ್ಧಿ,Urban development,ಮಂಗಳೂರು ನಗರಪಾಲಿಕೆ ವ್ಯಾಪ್ತಿಯಲ್ಲಿ ಜಾಹೀರಾತು ಫಲಕ ಅಳವಡಿಸಿರುವ ಬಗ್ಗೆ,About Advertisement Panel in Mangalore Urban Area,ಐವಾನ್ ಡಿ ಸೋಜಾ,Ivan Disoza
743,15/06/2017,ನಗರಯೋಜನ,Urban planning,ಬೆಂಗಳೂರು ನಗರದಲ್ಲಿ ರಸ್ತೆಗಳನ್ನು ಅಗೆಯಲಾಗುತ್ತರುವುದು ಸಂಸ್ಥೆಗಳ ಮಧ್ಯೆ ಸಮನ್ವಯದ ಕೊರತೆಯ ಬಗ್ಗೆ,Roads are being dumped in Bangalore city and lack of coordination between institutions,ಕ್ಯಾಪ್ಟನ್ ಗಣೇಶ್ ಕಾರ್ಣಿಕ್,Capt. Ganesh Karnik
744,15/06/2017,ನಗರ ಯೋಜನಾ,City planning,ಬೆಂಗಳೂರು ಸಿಟಿಯಿಂದ ವಿಮಾನ ನಿಲ್ದಾಣಕ್ಕೆ ಮೆಟ್ರೋ ರೈಲು ಸಂಪರ್ಕ ಒದಗಿಸುವ ಯೋಜನೆ ಬಗ್ಗೆ,About a plan to provide metro rail connectivity from Bangalore City to the airport,ಕ್ಯಾಪ್ಟನ್ ಗಣೇಶ್ ಕಾರ್ಣಿಕ್,Capt. Ganesh Karnik
745,15/06/2017,ನಗರ ಯೋಜನಾ,City planning,ನಗರಗಳು ವೇಗವಾಗಿ ಬೆಳೆಯುತ್ತಿರುವ ಹಿನ್ನೆಲೆಯಲ್ಲಿ ನಾಗರಿಕರಿಗೆ ಉತ್ತಮ ಸೌಲಭ್ಯಗಳನ್ನು ಒದಗಿಸುವ ಯೋಜನೆ ಬಗ್ಗೆ,About the plan to provide better facilities for citizens in the rapidly growing cities,ಕ್ಯಾಪ್ಟನ್ ಗಣೇಶ್ ಕಾರ್ಣಿಕ್,Capt. Ganesh Karnik
746,15/06/2017,ಗಹ,Home,ರಾಜ್ಯದಲ್ಲಿರುವ ಪೊಲೀಸ್ ಸಿಬ್ಬಂದಿಗಳ ಸಂಖ್ಯೆ ಹಾಗೂ ಅವರಿಗೆ ನೀಡಲಾಗುತ್ತಿರುವ ಸೌಲಭ್ಯಗಳ ಬಗ್ಗೆ,The number of police personnel in the state and the facilities being provided to them,ಕ್ಯಾಪ್ಟನ್ ಗಣೇಶ್ ಕಾರ್ಣಿಕ್,Capt. Ganesh Karnik
747,15/06/2017,ಗೃಹ,Home,ಮಕ್ಕಳಿಗೆ ಸ್ಮಾರ್ಟ್ ಫೋನ್ ಮತ್ತು ವಿದ್ಯಾರ್ಥಿಗಳಿಗೆ ಅಂತರ್ಜಾಲದ ವೀಕ್ಷಣೆಯಿಂದಾಗುವ ಪರಿಣಾಮಗಳ ಬಗ್ಗೆ,About smartphones and students from internet viewing for children,ಕ್ಯಾಪ್ಟನ್ ಗಣೇಶ್ ಕಾರ್ಣಿಕ್,Capt. Ganesh Karnik
748,15/06/2017,ಗೃಹ,Home,ರಜ್ಯದ ಐ.ಎ.ಎಸ್. ಅಧಿಕಾರಿಯೊಬ್ಬರು ಸಂಶಯಾಸ್ಪದವಾಗಿ ಕೊಲೆಯಾಗಿರುವ ಕುರಿತು,State of the IAS About a suspect being suspected of murder,ಕವಟಗಿಮಠ ಮಹಂತೇಶ ಮಲ್ಲಿಕಾರ್ಜುನ,Kavatimata Mahantesha Mallikarjuna
749,15/06/2017,ಗೃಹ,Home,ಗಹ ರಕ್ಷಕ ಸಿಬ್ಬಂದಿಗೆ ಉದ್ಯೋಗ ಭದ್ರತೆ ಹಾಗೂ ಗೌರವಧನ ಹೆಚ್ಚಿಸುವ ಕುರಿತು,Concerns about job security and honor enhancement to Guardians,ಕವಟಗಿಮಠ ಮಹಂತೇಶ ಮಲ್ಲಿಕಾರ್ಜುನ,Kavatimata Mahantesha Mallikarjuna
750,15/06/2017,ಗೃಹ,Home,ಸಿಲಿಕಾನ್ ಸಿಟಿ ಬೆಂಗಳೂರಲ್ಲಿ ಅಪರಾಧ ಪ್ರಕರಣಗಳು ಹೆಚ್ಚಾಗುತ್ತಿರುವ ಬಗ್ಗೆ,Silicon City is about to increase crime cases in Bangalore,ಕವಟಗಿಮಠ ಮಹಂತೇಶ ಮಲ್ಲಿಕಾರ್ಜುನ,Kavatimata Mahantesha Mallikarjuna
751,15/06/2017,ಇಂದನ,From now on,ರೂಫ್ ಟಾಪ್ ಸೋಲಾರ್ ವಿದ್ಯುತ್ ಯೋಜನೆ ಬಗ್ಗೆ,About Roof Top Solar Power Plans,ಕಾಂತರಾಜು,Kantaraju
752,15/06/2017,ಸಾರ್ವಜನಿಕ ಸಂಬಂಧ,Public relations,ನೋಂದಾಯಿತ ಕ್ಲಬ್‌ಗಳ ಬಗ್ಗೆ,Registered clubs,ಕಂಡಯ್ಯ .ಕೆ.ಸಿ,Kondaiah KC
753,15/06/2017,ನಗರ ಯೋಜನ,City planning,ಬಿಡಿಎ ಬಡಾವಣೆ ನಿರ್ಮಾಣ ಚುರುಕುಗೊಳಿಸಿ ನಿವೇಶನ ಹಂಚಿಕೆ ಮಾಡುವ ಕುರಿತು,The BDA Layout is about building up space and sharing space,ಕೋಟ ಶ್ರೀನಿವಾಸ ಪೂಜಾರಿ,Kota Srinivasa Pujari
754,15/06/2017,ಗೃಹ,Home,ಬಿಜೆಪಿ ಮತ್ತು ಹಿಂದೂ ಸಂಘ ಪರಿವಾರದ ಕಾರ್ಯಕರ್ತರ ಮೇಲೆ ಹತ್ಯೆ ಮತ್ತು ಹಲ್ಲೆಗಳಾಗುತ್ತಿರುವ ಬಗ್ಗೆ,About the assassination and assault on BJP and Hindu Sangh activists,ಕೋಟ ಶ್ರೀನಿವಾಸ ಪೂಜಾರಿ,Kota Srinivasa Pujari
755,15/06/2017,ನಗರಾಭಿವೃದ್ಧಿ,Urban development,ಸಮುದ್ರ ನೀರನ್ನು ಶುದ್ಧೀಕರಿಸುವ ಯೋಜನೆ ಅನುಷ್ಠಾನದ ಬಗ್ಗೆ,About the implementation of the plan to purify sea water,ಕೋಟ ಶ್ರೀನಿವಾಸ ಪೂಜಾರಿ,Kota Srinivasa Pujari
756,15/06/2017,ಸಿಬ್ಬಂಧಿ ಮತ್ತು ಆಡಳಿತ ಸುಧಾರಣೆ,Staff and administrative reform,ಸಕಾಲ ಸೇವೆ ವಿಸ್ತರಿಸುವ ಮತ್ತು ಇ-ಆಫೀಸ್ ತಂತ್ರಾಂಶದಿಂದ ಪಾರದರ್ಶಕ ಆಡಳಿತ ಜಾರಿಗೆ ತರುವ ಬಗ್ಗೆ,About transparency of service delivery and transparency administration through e-Office software,ಕೋಟ ಶ್ರೀನಿವಾಸ್ ಪೂಜಾರಿ,Kota Srinivasa Pujari
757,15/06/2017,ಸಿಬ್ಬಂಧಿ ಮತ್ತು ಆಡಳಿತ ಸುಧಾರಣೆ,Staff and administrative reform,ದಿನಗೂಲಿ ನೌಕರರಿಗೆ ಸಾಮಾಜಿಕ ಭದ್ರತೆ ಕಲ್ಪಿಸುವ ಕುರಿತು,About social security for day care workers,ಕೊಂಡಯ್ಯ .ಕೆ.ಸಿ,Kondaiah KC
758,15/06/2017,ನಗರಾಭಿವೃದ್ಧಿ,Urban development,ಸ್ಮಾರ್ಟ್‌ಸಿಟಿ ಯೋಜನೆ,SmartCity Plan,ಕೊಂಡಯ್ಯ .ಕೆ.ಸಿ,Kondaiah KC
759,15/06/2017,ಆರ್ಥಿಕ,Economy,ಹಜ್ ಯಾತ್ರೆಗಾಗಿ ಸರ್ಕಾರ ಖರ್ಚು ಮಾಡಿದ ಅನುದಾನದ ವಿವರ,Government spending on Haj pilgrimage,ಕೊಂಡಯ್ಯ .ಕೆ.ಸಿ,Kondaiah KC
760,15/06/2017,ಸಿಬ್ಬಂಧಿ ಮತ್ತು ಆಡಳಿತ ಸುಧಾರಣೆ,Staff and administrative reform,ವಾಣಿಜ್ಯ ತೆರಿಗೆ ಇಲಾಖೆಯಲ್ಲಿನ ಬಡ್ತಿ ಬಗ್ಗೆ,About promotion in the Commercial Tax Department,ಕೊಂಡಯ್ಯ .ಕೆ.ಸಿ,Kondaiah KC
761,15/06/2017,ಸಹಕಾರ,Cooperation,ಚನ್ನರಾಯಪಟ್ಟಣ ತಾಲ್ಲೂಕಿನ ಪತ್ತಿನ ಸಹಕಾರ ಸಂಘಗಳಲ್ಲಿ ಪಡೆದಿರುವ ಸಾಲದ ವಿವರ,The loan details in the co-operative societies of Channarayapatna taluk,ಗೋಪಾಲಸ್ವಾಮಿ .ಎಂ.ಎ,Gopalaswamy MA
762,15/06/2017,ಗೃಹ,Home,ರಾಜ್ಯ ಎಲ್ಲಾ ಮಲ್ಟಿಪ್ಲೆಕ್ಸ್ ಚಿತ್ರಮಂದಿರದಲ್ಲಿ ಏಕರೂಪ ಪ್ರದೇಶ ದರ ಜಾರಿಗೊಳಿಸಿರುವ ಬಗ್ಗೆ,State has implemented a uniform area rate at all multiplex theaters,ತಾರಾಅನುರಾಧ,Tara Anuradha
763,15/06/2017,ನಗರ ಯೋಜನಾ,City planning,ಕಸ ವಿಲೇವಾರಿ ಹುತ್ತಿಗೆದಾರರಿಂದ ನಡೆದಿರುವ ಹಗರಣದ ಕುರಿತು,About the scandal involving garbage disposal contractors,ತಾರಾಅನುರಾಧ,Tara Anuradha
764,15/06/2017,ನಗರ ಯೋಜನಾ,City planning,ಬೆಂಗಳೂರು ಅಭಿವೃದ್ಧಿ ಪ್ರಾಧಿಕಾರ ವತಿಯಿಂದ ನಿರ್ಮಿಸಲಾದ ಬಡವಾಣೆಗಳಲ್ಲಿ ಮೂಲಭೂತ ಸೌಕರ್ಯವನ್ನು ಕಲ್ಪಿಸುವ ಬಗ್ಗೆ,About providing infrastructure in the pavilions built by the Bangalore Development Authority,ತಾರಾಅನುರಾಧ,Tara Anuradha
765,15/06/2017,ನಗರ ಯೋಜನಾ,City planning,ಆರ್ಕಾವತಿ ಮತ್ತು ನಾಡಪ್ರಭು ಕೇಂಪೇಗೌಡ ಬಡಾವಣೆಯ ನಿವೇಶನದಾರಿಗೆ ಅಭಿವೃದ್ಧಿ ಶುಲ್ಕ ವಿಧಿಸಿರುವ ಬಗ್ಗೆ,Arakavati and Nadaprabhu Kampe Gowda Layout Development Board,ತಾರಾಅನುರಾಧ,Tara Anuradha
766,15/06/2017,ನಗರ ಯೋಜನಾ,City planning,ನಗರದಲ್ಲಿ ರಾಜಕಾಲುವೆ ಒತ್ತುವರಿಯನ್ನು ತೆರವು ಗೊಳಿಸುವ ಬಗ್ಗೆ,About the removal of the embargo on the city,ತಾರಾಅನುರಾಧ,Tara Anuradha
767,15/06/2017,ನಗರ ಯೋಜನ,City planning,ನಗರಾಭಿವೃದ್ಧಿ ಕೋಶದಲ್ಲಿ ಕಾರ್ಯನಿರ್ವಹಿಸುತ್ತಿರುವ ನೌಕರರ ಬಗ್ಗೆ,About employees working in the urban development cell,ಚೌಡರೆಡ್ಡಿ ತೂಪಲ್ಲಿ .ಆರ್,Chowdareddy Tupalli R
768,15/06/2017,ಸಿಬ್ಬಂಧಿ ಮತ್ತು ಆಡಳಿತ ಸುಧಾರಣೆ,Staff and administrative reform,ಇಲಾಖೆಯಲ್ಲಿ ಬಡ್ತಿ ಪ್ರಕ್ರಿಯೆ ಮುಂದುವರೆಸುವ ಬಗ್ಗೆ,About continuing the promotion process in the department,ಧರ್ಮಸೇನ .ಆರ್,Dharmasena R
769,15/06/2017,ಸಾರ್ವಜನಿಕ ಸಂಬಂಧ,Public relations,ಕೌಶಲ್ಯಾಭಿವೃದ್ಧಿ ಉದ್ಯಮಶೀಲತೆ ಇಲಾಖೆಯ ಕಾರ್ಯಕ್ರಮಗಳು,Skill Development Entrepreneurship Department Programs,ಧರ್ಮಸೇನ .ಆರ್,Dharmasena R
770,15/06/2017,ಗೃಹ,Home,ವಹನ ನಡೆಸುವಾಗ ಮೊಬೈಲ್ ಬಳಕೆ ವಿರುದ್ಧ ಕ್ರಮ,Action against mobile use while conducting conduction,ಧರ್ಮಸೇನ .ಆರ್,Dharmasena R
771,16/06/2017,ಪ್ರಾಥಮಿಕ ಮತ್ತು ಪ್ರೌಢಶಿಕ್ಷಣ,Primary and secondary education,ರಾಜ್ಯದಲ್ಲಿ ೧ ರಿಂದ ೧೦ನೇ ತರಗತಿಯವರೆಗೆ ಇರುವ ಗಂಡು ಮತ್ತು ಹೆಣ್ಣುಮಕ್ಕಳ ಶಾಲೆಗಳ ಬಗ್ಗೆ,About boys and girls' schools from 1st to 10th standard in the state,ಸೋಮಣ್ಣ ಮ ಬೇವಿನಮರದ,Samanna Ma Bevinamara
772,16/06/2017,ಗಣಿ ಮತ್ತು ಭೂ ವಿಜ್ಞಾನ,Mine and geology,ಕಲ್ಲು ಗಣಿಗಾರಿಕೆ ಬಗ್ಗೆ,About stone mining,ನಾರಾಯಣಸ್ವಾಮಿ .ಎಂ,Narayanaswamy M
773,16/06/2017,ಶಿಕ್ಷಣ,Education,ಲಲಿತ ಕಲಾ ವಿಶ್ವವಿದ್ಯಾಲಯ ಸ್ಥಾಪನೆ ಕುರಿತು,About establishing a fine arts university,ನಿರಾಣಿ ಹನಮಂತ್ ರುದ್ರಪ್ಪ,Nirani Hanumanth Rudrappa
774,16/06/2017,ಬೃಹತ್ ಕೈಗಾರಿಕೆ,Huge industry,ಶಿವಮೊಗ್ಗ ಜಿಲ್ಲೆಯಲ್ಲಿ ಬೃಹತ್ ಕೈಗಾರಿಕೆಗಳನ್ನು ಸ್ಥಾಪಿಸಲು ಸ್ಥಳದ ಬಗ್ಗೆ,About the place to establish huge industries in Shimoga district,ಪಸನ್ನ ಕುಮಾರ್ .ಆರ್,Prasanna Kumar R
775,16/06/2017,ಶಿಕ್ಷಣ,Education,ಪದವೀಧರರ ಘಟಿಕೋತ್ಸವದ ಪ್ರಮಾಣ ಪತ್ರದ ಬಗ್ಗೆ,About Graduate Convocation Certificate,ಪುಟ್ಟಸ್ವಾಮಿ .ಬಿ.ಜೆ,Puttaswamy B J
776,16/06/2017,ಗ್ರಾಮೀಣಾಭಿವೃದ್ಧಿ ಮತ್ತು ಪಂಚಾಯತ್ ರಾಜ್,Rural Development and Panchayat Raj,ಹೊಸ ಗ್ರಾಮ ಪಂಚಾಯತ್ ಕಟ್ಟಡಗಳ ಬಗ್ಗೆ,About New Gram Panchayat Buildings,ವಿಜಯ ಸಂಗ್,Vijay Singh
777,16/06/2017,ಬೃಹತ್ ಕೈಗಾರಿಕೆ,Huge industry,ವಿಜಯಪುರ ಕೈಗಾರಿಕೆ ವಸಾಹತುವಿನಲ್ಲಿರುವ ಜಮೀನಿನ ಬಗ್ಗೆ,About the land in the Vijayanapura Industrial Colony,ಬಸವನಗೌಡ ಆರ್ ಪಾಡೀಲ್,Basanagowda R Patil
778,16/06/2017,ವಸತಿ,Housing,ತುರುವೇಕೆರೆ ಕ್ಷೇತ್ರಕ್ಕೆ ಬಸವ ವಸತಿ ಮನೆ ನೀಡುವ ಬಗ್ಗೆ,Basava Housing Home for Thuruvekere,ಲಕ್ಷ್ಮೀನಾರಾಯಣ .ಎಂ.ಡಿ,Lakshmi Narayana MD
779,16/06/2017,ಅಲ್ಪಸಂಖ್ಯಾತರ ಕಲ್ಯಾಣ,Minorities Welfare,ವೃಂದ ಹಾಗೂ ನೇಮಕಾತಿ ನಿಯಮಗಳ ತಿದ್ದುಪಡಿ ಕುರಿತು,About Amendments to the Tribunal and Appointment Rules,ಅರುಣ ಶಹಾಪುರ,Aruna Shahaapura
780,16/06/2017,ವಸತಿ,Housing,ರಾಜೀವ್‌ಗಾಂಧಿ ಗ್ರಾಮೀಣ ವಸತಿ ನಿಗಮದ ಯೋಜನೆಯಲ್ಲಿ ನಾಟ್ ಓಕೆ ಆದ ಮನೆಗಳ ಕುರಿತು,About houses not in the Rajiv Gandhi Rural Housing Corporation Scheme,ಜಯಮಾಲ ರಾಮಚಂದ್ರ,Jayamala Ramachandra
781,16/06/2017,ಗ್ರಾಮೀಣಾಭಿವೃದ್ಧಿ ಮತ್ತು ಪಂಚಾಯತ್ ರಾಜ್,Rural Development and Panchayat Raj,ಗ್ರಾಮ ಪಂಚಾಯಿತಿ ವತಿಯಿಂದ ವಿವಿಧ ಯೋಜನೆಗಳ ಅನುಷ್ಠಾನದ ಬಗ್ಗೆ,About the implementation of various schemes by Grama Panchayat,ರಮೇಶ್ ಬಾಬು,Ramesha Babu
782,16/06/2017,ಗ್ರಾಮೀಣಾಭಿವೃದ್ಧಿ ಮತ್ತು ಪಂಚಾಯತ್ ರಾಜ್,Rural Development and Panchayat Raj,ನಮ್ಮ ಗ್ರಾಮ-ನಮ್ಮ ರಸ್ತೆ ಯೋಜನೆಯಡಿ ನಿರ್ಮಾಣ ಗೊಂಡಿರುವ ರಸ್ತೆಗಳ ಕಳಪೆ ಕಾಮಗಾರಿಯ ಬಗ್ಗೆ,Our village - about the poor work of roads built under our road project,ಕವಟಗಿಮಠ ಮಹಂತೇಶ ಮಲ್ಲಿಕಾರ್ಜುನ,Kavatimata Mahantesha Mallikarjuna
783,16/06/2017,ಗ್ರಾಮೀಣಾಭಿವೃದ್ಧಿ ಮತ್ತು ಪಂಚಾಯತ್ ರಾಜ್,Rural Development and Panchayat Raj,ಗ್ರಾಮೀಣಾಭಿವೃದ್ಧಿ ಇಲಾಖೆಯಲ್ಲಿ ಇ-ಸ್ವತ್ತು ಯೋಜನೆ ಬಗ್ಗೆ,About e-asset scheme in Rural Development Department,ಕಾಂತರಾಜು,Kantaraju
784,16/06/2017,ಗ್ರಾಮೀಣಾಭಿವೃದ್ಧಿ ಮತ್ತು ಪಂಚಾಯತ್ ರಾಜ್,Rural Development and Panchayat Raj,ಕೇಂದ್ರ ಅನುದಾನ ವಿನಿಯೋಗದಲ್ಲಿ ವಿಫಲತೆ ಕುರಿತು,About failure in central grant funding,ಕೋಟ ಶ್ರೀನಿವಾಸ ಪೂಜಾರಿ,Kota Srinivasa Pujari
785,16/06/2017,ಸಾರಿಗೆ,Transport,ಕ.ಎಸ್.ಆರ್.ಟಿ.ಸಿ. ಮತ್ತು ಬಿ.ಎಂ.ಟಿ.ಸಿ. ನೌಕರರ ಬೇಡಿಕೆಗಳ ಕುರಿತು,KSRTC And BMTC About Employee Demands,ತಾರಾಅನುರಾಧ,Tara Anuradha
786,28/03/2018,ಲೋಕೋಪಯೋಗಿ,Public service,ರಾಜ್ಯ ಹೆದ್ದಾರಿ ಅಭಿವೃದ್ದಿ ಯೋಜನೆ ವಿಚಾರ,State Highway Development Project,ಭಾನುಪ್ರಕಾಶ,Bhanu Prakasha
787,09/06/2018,ಉನ್ನತ ಶಿಕ್ಷಣ,Higher education,ಶಿಕ್ಷಣ ಇಲಾಖೆಯಲ್ಲಿನ ಸಂಘಟನೆಗಳ ಕುರಿತು,About Organizations in the Education Department,ಭಾನುಪ್ರಕಾಶ,Bhanu Prakasha
788,15/06/2018,ನಗರಾಭಿವೃದ್ಧಿ,Urban development,ರಾಯಚೂರು ಮಾನ್ವಿ ಪಟ್ಟಣಗಳಲ್ಲಿ ಕುಡಿಯುವ ನೀರಿನ ಯೋಜನೆಗಳ ಬಗ್ಗೆ,About drinking water projects in Raichur Manvi towns,ಬೋಸ್‌ರಾಜು .ಎನ್.ಎಸ್,Bosaraju N S