Sl No.,Date,Ministry (Kannada),Ministry (English Translation),Subject (Kannada),Subject (English Translation),MLA name (Kannada),MLA name (English Translation)
1,13/02/2013,ಆರೋಗ್ಯ ಮತ್ತು ಕುಟುಂಬ ಕಲ್ಯಾಣ ಇಲ್ಯಾಖೆ,Health and Family Welfare Department,ಮಹಿಳಾ ವೈದ್ಯರ ನೇಮಕಾತಿ,Appointment of women doctors,ಅಮರೇಶ್,Amaresh
2,13/02/2013,ಪಶುಸಂಗೋಪನ,Animal husbandry,ಬೇಸಿಗೆಯಲ್ಲಿ ಗೋಶಾಲೆ ಮೇವು ಹಾಗೂ ನೀರಿನ ಲಭ್ಯತೆ,Govt feeding and water availability in the summer,ನರೇಂದ್ರ ಸ್ವಾಮಿ ಪಿ.ಎಮ್,Narendra Swami PM
3,13/02/2013,ಮಹಿಳಾ ಮತ್ತು ಮಕ್ಕಳ ಅಭಿವೃದ್ಧಿ,Women and Child Development,40 ವರ್ಷ ಮೀರಿರುವ ವಿವಾಹವಾಗದೆ ಇರುವ ಹೆಣ್ಣು ಮಕ್ಕಳ ಸರ್ವೆ,Female Survey of Unmarried Women Over 40 Years,ರಾಜು.ಕೆ,Raju K 
4,13/02/2013,ಆರೋಗ್ಯ ಮತ್ತು ಕುಟುಂಬ ಕಲ್ಯಾಣ ಇಲ್ಯಾಖೆ,Health and Family Welfare Department,ಸರ್ಕಾರಿ ಆಸ್ಪತ್ರೆ,Government Hospital,ಬಂಡೆಪ್ಪ ಕಾಶೆಂಪೂರ್,Bandeppa kāśempūr
5,13/02/2013,ಪ್ರಾಥಮಿಕ ಮತ್ತು ಪ್ರೌಢ ಶಿಕ್ಷಣ,Primary and Secondary Education,ಪ್ರಥಮ ದರ್ಜೆ ಸಹಾಯಕ ದ್ವಿತೀಯ ದರ್ಜೆ ಸಹಾಯಕರ ಬಡ್ತಿ,Promotion of First Class Assistant Second Grade Assistant,ನಾಡಗೌಡ ವೆಂಕಟರಾವ್,Nadgowda Venkatrao
6,13/02/2013,ಆರೋಗ್ಯ ಮತ್ತು ಕುಟುಂಬ ಕಲ್ಯಾಣ ಇಲ್ಯಾಖೆ,Health and Family Welfare Department,ತಂಬಾಕು ಸೇವನೆಯಿಂದ ದುಷ್ಪರಿಣಾಮಗಳು,Effects of tobacco consumption,ರೊಷನ್ ಬೇಗ್ .ಆರ್,Roshan Baig
7,13/02/2013,ಮಹಿಳಾ ಮತ್ತು ಮಕ್ಕಳ ಅಭಿವೃದ್ಧಿ,Women and Child Development,ಅಂಗನವಾಡಿ ಕೇಂದ್ರಗಳ ವಿವರ,Details of Anganwadi Centers,ಸುನೀಲ್ ವಿ.ಹೆಗಡೆ,Sunil V  Hegade
8,13/02/2013,ಯೋಜನೆ ಮತ್ತು ಸಾಂಖ್ಯಿಕ,Plan and Numerical,ಬಯಲು ಸೀಮೆ ಪ್ರದೇಶಾಭಿವೃದ್ಧಿ ಯೋಜನೆಯಡಿಯಲ್ಲಿ ಅನುದಾನ,Grants under the Plain Region Territory Development Project,ಗೋಪಲ ಭಂಡಾರಿ.ಹೆಚ್,Gopal Bhandari
9,13/02/2013,ಪರಿಸರ,Environment,ಪರಿಸರ ಮಾಲಿನ್ಯ ತಡೆಗಟ್ಟುವುದು,Environmental pollution prevention,ರವಿಸುಬ್ರಮಣ್ಯ ಎಲ್.ಎ,Ravi Brammanya L A 
10,13/02/2013,ಮುಜರಾಯಿ,Muzarai,ದೇವಸ್ಥಾನಗಳಿಗೆ ಮಂಜೂರಾದ ಅನುದಾನ,Grants sanctioned to temples,ಮಹದೇವಪ್ಪ ಹೆಚ್.ಸಿ,Mahadevappa HC
11,13/02/2013,ಮಹಿಳಾ ಮತ್ತು ಮಕ್ಕಳ ಅಭಿವೃದ್ಧಿ,Women and Child Development,ಅತ್ಯಾಚಾರಕ್ಕೊಳಗಾಗುವ ಮಹಿಳೆಯರಿಗೆ ಪರಿಹಾರ,Relief for women who are raped,ಈಶ್ವರ್ ಭೀಮಣ್ಣ ಖಂಡ್ರೆ,Ishwar Bhimanna Khandre
12,13/02/2013,ಪ್ರಾಥಮಿಕ ಮತ್ತು ಪ್ರೌಢ ಶಿಕ್ಷಣ,Primary and Secondary Education,ಸರ್ವ ಶಿಕ್ಷಣ ಅಭಿಯಾನದಲ್ಲಿ ಶಾಲಾ ಕಟ್ಟಡಗಳ ಹಣ ದುರುಪಯೋಗ,Misuse of school buildings in the Sarva Shiksha Abhiyan,ಸುಭಾಷ್ ಆರ್.ಗುತ್ತೇದಾರ್,Subhash R Gauthdar
13,13/02/2013,ಆರೋಗ್ಯ ಮತ್ತು ಕುಟುಂಬ ಕಲ್ಯಾಣ ಇಲ್ಯಾಖೆ,Health and Family Welfare Department,ಹೊಸದುರ್ಗ ತಾಲ್ಲೂಕು ಸಾರ್ವಜನಿಕ ಆಸ್ಪತ್ರೆ,Public hospital for Hosadurga Taluk,ಗೂಳಿಹಟ್ಟಿ .ಡಿ ಶೇಖರ,Gulluti D Shekhar
14,13/02/2013,ಮುಜರಾಯಿ,Muzarai,ದೇವಾಲಯಗಳಿಗೆ ಹಣ ಬಿಡುಗಡೆ,Release money to temples,ಮಾಲಕರೆಡ್ಡಿ ಎ.ಬಿ,Malarreddy AB
15,13/02/2013,ಪ್ರಾಥಮಿಕ ಮತ್ತು ಪ್ರೌಢ ಶಿಕ್ಷಣ,Primary and Secondary Education,ಕನಿಷ್ಠ ಸಂಖ್ಯೆಯ ದಾಖಲಾತಿ ಇರುವ ಕನ್ನಡ ಶಾಲೆಗಳು,Kannada schools with a minimum number of records,"ಹ್ಯಾರಿಸ್ ಎನ್ ,ಎ",Harris N A
16,13/02/2013,ಪ್ರಾಥಮಿಕ ಮತ್ತು ಪ್ರೌಢ ಶಿಕ್ಷಣ,Primary and Secondary Education,ಪ್ರೌಢ ಶಾಲೆಗಳನ್ನು ಮೇಲ್ದರ್ಜೆಗೇರಿಸುವ ಕುರಿತು,About upgrading secondary schools,ಅಭಯ್ ಪಾಟೀಲ್,Abhay Patil
17,13/02/2013,ಉನ್ನತ ಶಿಕ್ಷಣ,Higher education,ಸರ್ಕಾರಿ ಪದವಿ ಕಾಲೇಜುಗಳ ಪ್ರಾರಂಭ,Government Graduate Colleges,ಅಭಯ್ ಪಾಟೀಲ್,Abhay Patil
18,13/02/2013,ಪಶುಸಂಗೋಪನೆ,Animal husbandry,ಪಶುಸಂಗೋಪನೆ ಇಲಾಖೆ ಯೋಜನೆಗಳು,Animal Husbandry Department Projects,ಅಮರೇಶ್,Amaresh
19,13/02/2013,ಪ್ರಾಥಮಿಕ ಮತ್ತು ಪ್ರೌಢ ಶಿಕ್ಷಣ,Primary and Secondary Education,ಶಾಲಾ ಮಕ್ಕಳಿಗೆ ಉಚಿತ ಸಮವಸ್ತ್ರ,Free uniform for school children,ಅಮರೇಶ್,Amaresh
20,13/02/2013,ಪ್ರಾಥಮಿಕ ಮತ್ತು ಪ್ರೌಢ ಶಿಕ್ಷಣ,Primary and Secondary Education,ಪ್ರಾಥಮಿಕ ಮತ್ತು ಪ್ರೌಢ ಶಾಲೆಗಳ ದೈಹಿಕ ಶಿಕ್ಷಕರ ಕೊರತೆ,Lack of Physical Teachers of Primary and High Schools,ಬಂಡೆಪ್ಪ ಕಾಶೆಂಪೂರ್,Bandeppa kāśempūr
21,13/02/2013,ಉನ್ನತ ಶಿಕ್ಷಣ,Higher education,ಪ್ರಥಮ ದರ್ಜೆ ಕಾಲೇಜುಗಳು,First-class colleges,ಬಂಡೆಪ್ಪ ಕಾಶೆಂಪೂರ್,Bandeppa kāśempūr
22,13/02/2013,ಪ್ರಾಥಮಿಕ ಮತ್ತು ಪ್ರೌಢ ಶಿಕ್ಷಣ,Primary and Secondary Education,ಶಿಕ್ಷಣ ಸಂಸ್ಥೆಗಳ ಅನುಮೋದನೆ,Approval of educational institutions,ಬಗಲಿ ಸಾರ್ವಭೌಮ ಸಾತಗಾಡ,Bagali sārvabhauma sātagāḍa
23,13/02/2013,ಪ್ರಾಥಮಿಕ ಮತ್ತು ಪ್ರೌಢ ಶಿಕ್ಷಣ,Primary and Secondary Education,ಪ್ರಾಥಮಿಕ ಶಿಕ್ಷಕರ ನಿಯೋಜನೆ,Appointment of Primary Teacher,ಬಗಲಿ ಸಾರ್ವಭೌಮ ಸಾತಗಾಡ,Bagali sārvabhauma sātagāḍa
24,13/02/2013,ಪ್ರಾಥಮಿಕ ಮತ್ತು ಪ್ರೌಢ ಶಿಕ್ಷಣ,Primary and Secondary Education,ಇಂಡಿ ಕ್ಷೇತ್ರ ಶಿಕ್ಷಣಾಧಿಕಾರಿಗಳ ಕಾರ್ಯಾಲಯ,Office of Indi Field Officers,ಬಗಲಿ ಸಾರ್ವಭೌಮ ಸಾತಗಾಡ,Bagali sārvabhauma sātagāḍa
25,13/02/2013,ಪ್ರಾಥಮಿಕ ಮತ್ತು ಪ್ರೌಢ ಶಿಕ್ಷಣ,Primary and Secondary Education,ಜಿಲ್ಲೆ ಯಲ್ಲಿ ಕ್ಷೇತ್ರ ಶಿಕ್ಷಣಾಧಿಕಾರಿಗಳ ಕಾರ್ಯಾಲಯ,Field Officers Office in the District,ಬಗಲಿ ಸಾರ್ವಭೌಮ ಸಾತಗಾಡ,Bagali sārvabhauma sātagāḍa
26,13/02/2013,ಪ್ರಾಥಮಿಕ ಮತ್ತು ಪ್ರೌಢ ಶಿಕ್ಷಣ,Primary and Secondary Education,ಪದವೀಧರ ಶಿಕ್ಷಕರ ಲಭ್ಯತೆ,Availability of Graduate Teachers,ಬಗಲಿ ಸಾರ್ವಭೌಮ ಸಾತಗಾಡ,Bagali sārvabhauma sātagāḍa
27,13/02/2013,ಆರೋಗ್ಯ ಮತ್ತು ಕುಟುಂಬ ಕಲ್ಯಾಣ ಇಲ್ಯಾಖೆ,Health and Family Welfare Department,ಪ್ರಾಥಮಿಕ ಆರೋಗ್ಯ ಕೇಂದ್ರಗಳಲ್ಲಿ ಕಾರ್ಯನಿರ್ವಹಿಸುತ್ತಿರುವ ಆಯುಷ್ ವೈದ್ಯರು,Ayush doctors working at primary health centers,ಮಹದೇವಪ್ಪ ಹೆಚ್.ಸಿ,Mahadevappa HC
28,13/02/2013,ಮುಜರಾಯಿ,Muzarai,ಮುಜರಾಯಿ ಇಲಾಖೆಯಿಂದ ಅನುದಾನ ಬಿಡುಗಡೆ,Release of funds from the Muzrai Department,ಶರಣಪ್ರಕಾಶ ರುದ್ರಪ್ಪ ಪಾಟೀಲ್,Śaraṇaprakāśa Rudrappa Patil
29,13/02/2013,ಪ್ರಾಥಮಿಕ ಮತ್ತು ಪ್ರೌಢ ಶಿಕ್ಷಣ,Primary and Secondary Education,ಪ್ರೌಢ ಶಾಲೆ ಮತ್ತು ಕಿರಿಯ ಮಹಾವಿದ್ಯಾಲಯ ಮಂಜೂರಾತಿ,High School and Junior College sanction,ಶರಣಪ್ರಕಾಶ ರುದ್ರಪ್ಪ ಪಾಟೀಲ್,Śaraṇaprakāśa Rudrappa Patil
30,13/02/2013,ಉನ್ನತ ಶಿಕ್ಷಣ,Higher education,ಸರ್ಕಾರಿ ಹಾಗೂ ಖಾಸಗಿ ಅನುದಾನಿತ ಪದವಿ ಕಾಲೇಜುಗಳು,Government and Private Aided Degree Colleges,ಈಶ್ವರ್ ಭೀಮಣ್ಣ ಖಂಡ್ರೆ,Ishwar Bhimanna Khandre
31,13/02/2013,ಆರೋಗ್ಯ ಮತ್ತು ಕುಟುಂಬ ಕಲ್ಯಾಣ ಇಲ್ಯಾಖೆ,Health and Family Welfare Department,ಪ್ರಾಥಮಿಕ ಆರೋಗ್ಯ ಕೇಂದ್ರಗಳ ವಿವರ,Profile of Primary Health Centers,ಈಶ್ವರ್ ಭೀಮಣ್ಣ ಖಂಡ್ರೆ,Ishwar Bhimanna Khandre
32,13/02/2013,ಪ್ರಾಥಮಿಕ ಮತ್ತು ಪ್ರೌಢ ಶಿಕ್ಷಣ,Primary and Secondary Education,ಸರ್ವ ಶಿಕ್ಷಣ ಅಭಿಯಾನದಡಿ ಬಿಡುಗಡೆಯಾದ ಅನುದಾನ,Grants released under Sarva Shiksha Abhiyan,ಈಶ್ವರ್ ಭೀಮಣ್ಣ ಖಂಡ್ರೆ,Ishwar Bhimanna Khandre
33,13/02/2013,ಮುಜರಾಯಿ,Muzarai,ಬೀದರ್ ಜಿಲ್ಲೆಗೆ ಅನುದಾನ ಬಿಡುಗಡೆ,Release of funds to Bidar district,ಈಶ್ವರ್ ಭೀಮಣ್ಣ ಖಂಡ್ರೆ,Ishwar Bhimanna Khandre
34,13/02/2013,ಉನ್ನತ ಶಿಕ್ಷಣ,Higher education,ಹೊಸದುರ್ಗ ನಗರದಲ್ಲಿ ಸರ್ಕಾರದವರಿಂದ ಡಿಪ್ಲೊಮಾ ಕಾಲೇಜಿನ ಮಂಜೂರಾತಿ,Approved by the Government of Hosdurg City Diploma College,ಗೂಳಿಹಟ್ಟಿ .ಡಿ ಶೇಖರ,Gulluti D Shekhar
35,13/02/2013,ಪ್ರಾಥಮಿಕ ಮತ್ತು ಪ್ರೌಢ ಶಿಕ್ಷಣ,Primary and Secondary Education,ಸರ್ವ ಶಿಕ್ಷಣ ಅಭಿಯಾನದ ಅನುದಾನ,Grant of Sarva Shiksha Abhiyan,ಗೋಪಲ ಭಂಡಾರಿ.ಹೆಚ್,Gopal Bhandari
36,13/02/2013,ಉನ್ನತ ಶಿಕ್ಷಣ,Higher education,ಸಾಗರ ತಾಲ್ಲೂಕಿನಲ್ಲಿ ಬಾಲಕರ ಸರ್ಕಾರಿ ಪದವಿ ಕಾಲೇಜು ಪ್ರಾರಂಬಿಸುವುದು,Boys' Government Degree College in Sagar Taluk,ಗೋಪಾಲಕೃಷ್ಣ ಬೇಳೂರು,Gopalakrishna Belur
37,13/02/2013,ಪ್ರಾಥಮಿಕ ಮತ್ತು ಪ್ರೌಢ ಶಿಕ್ಷಣ,Primary and Secondary Education,ಸಾಗರ ತಾಲ್ಲೂಕಿನ ಕ್ಷೇತ್ರ ಶಿಕ್ಷಣಾಧಿಕಾರಿಗಳ ಕಛೇರಿಯ ಹೊಸ ಕಟ್ಟಡ ನಿರ್ಮಾಣ,Construction of a new building of the office of field education officers in the Sagar taluk,ಗೋಪಾಲಕೃಷ್ಣ ಬೇಳೂರು,Gopalakrishna Belur
38,13/02/2013,ಪ್ರಾಥಮಿಕ ಮತ್ತು ಪ್ರೌಢ ಶಿಕ್ಷಣ,Primary and Secondary Education,ಉಚಿತ ಹಾಗೂ ಕಡ್ಡಾಯ ಶಿಕ್ಷಣ ಹಕ್ಕು ಕಾಯ್ದೆ,Free and Compulsory Education Rights Act,"ಹ್ಯಾರಿಸ್ ಎನ್ ,ಎ",Harris N A
39,13/02/2013,ಪಶುಸಂಗೋಪನೆ,Animal husbandry,ಬೆಂಗಳೂರು ಅನಾಥ ಪ್ರಾಣಿಗಳ ಆಶ್ರಮ ಕೇಂದ್ರ ಕ್ಯೂಪಾ ಸಂಸ್ಥೆ ಕುರಿತು,About Bangalore Orphanage Monastery Center CUPA,"ಹ್ಯಾರಿಸ್ ಎನ್ ,ಎ",Harris N A
40,13/02/2013,ಪ್ರಾಥಮಿಕ ಮತ್ತು ಪ್ರೌಢ ಶಿಕ್ಷಣ,Primary and Secondary Education,ರಾಜ್ಯದಲ್ಲಿರುವ ಕನ್ನಡ ಮತ್ತು ಅಂಗ್ಲ ಮಾಧ್ಯಮ ವಸತಿ ಕಾಲೇಜು,Kannada and Angla Media housing college in the state,"ಹ್ಯಾರಿಸ್ ಎನ್ ,ಎ",Harris N A
41,13/02/2013,ಪ್ರಾಥಮಿಕ ಮತ್ತು ಪ್ರೌಢ ಶಿಕ್ಷಣ,Primary and Secondary Education,ಶಾಲಾ ಮಕ್ಕಳಿಗೆ ಬಿಸಿಯೂಟ ಯೋಜನೆಯ ಸುವ್ಯವಸ್ಥೆ,The order of the scheme is to provide the food for the school children,"ಹ್ಯಾರಿಸ್ ಎನ್ ,ಎ",Harris N A
42,13/02/2013,ಪ್ರಾಥಮಿಕ ಮತ್ತು ಪ್ರೌಢ ಶಿಕ್ಷಣ,Primary and Secondary Education,CBSE ಗೆ ಪರಿವರ್ತನೆ ಕೋರಿರುವ ಅರ್ಜಿಗಳು,Applications seeking conversion to CBSE,ಖಾದರ್ ಯು.ಟಿ,Khader UT
43,13/02/2013,ಉನ್ನತ ಶಿಕ್ಷಣ,Higher education,ಪ್ರಥಮ ದರ್ಜೆ ಕಾಲೇಜುಗಳ ಮಂಜೂರಾತಿ,Approval of First Class Colleges,ಖಾದರ್ ಯು.ಟಿ,Khader UT
44,13/02/2013,ಪಶುಸಂಗೋಪನಾ,Animal husbandry,ಪಶುಸಂಗೋಪನಾ ಇಲಾಖೆ ಕಾರ್ಯ ವ್ಯಾಪ್ತಿ,Department of Animal Husbandry,ಖಾದರ್ ಯು.ಟಿ,Khader UT
45,13/02/2013,ಮಹಿಳಾ ಮತ್ತು ಮಕ್ಕಳ ಅಭಿವೃದ್ಧಿ,Women and Child Development,ಅಂಗನವಾಡಿ ಕೇಂದ್ರಗಳಿಗೆ ಸ್ವಂತ ಕಟ್ಟಡ ನಿರ್ಮಾಣ,Building Anganwadi Centers Own Building,ಖಾದರ್ ಯು.ಟಿ,Khader UT
46,13/02/2013,ಒಳನಾಡು ಜಲಸಾರಿಗೆ,Inland water supply,ಮಂಗಳೂರು ವಿಧಾನಸಭಾ ವ್ಯಾಪ್ತಿಗೆ ಒಳಪಡುವ ಒಳನಾಡು ಸಾರಿಗೆ ಬಗ್ಗೆ,About the inland transport under Mangalore assembly constituency,ಖಾದರ್ ಯು.ಟಿ,Khader UT
47,13/02/2013,ಪ್ರಾಥಮಿಕ ಮತ್ತು ಪ್ರೌಢ ಶಿಕ್ಷಣ,Primary and Secondary Education,ತೀರ್ಥಹಳ್ಳಿ ವಿಧಾನಸಭಾ ಕ್ಷೇತ್ರದಲ್ಲಿನ ಪ್ರಾಥಮಿಕ ಮತ್ತು ಪ್ರೌಢ ಶಿಕ್ಷಣ ಶಾಲೆಗಳು,Primary and Secondary Education Schools in the Thirthahalli Assembly constituency,ಕಿಮ್ಮನೆ ರತ್ನಾಕರ್,Kimne Ratnakar
48,13/02/2013,ಮುಜರಾಯಿ,Muzarai,ಧಾರ್ಮಿಕ ದತ್ತಿ ಇನಾಂ ರದ್ದತಿ ಕಾಯ್ದೆ ಬಗ್ಗೆ,Religious Endowment In Income Abolition Act,ಕುಮಾರಸ್ವಾಮಿ ಕೆ.ಜೆ,Kumaraswamy KJ
49,13/02/2013,ಪ್ರಾಥಮಿಕ ಮತ್ತು ಪ್ರೌಢ ಶಿಕ್ಷಣ,Primary and Secondary Education,ಪ್ರಾಥಮಿಕ ಶಾಲೆಗಳಲ್ಲಿ ಶೌಚಾಲಯಗಳು,Toilets in Primary Schools,ಕುಮಾರಸ್ವಾಮಿ ಕೆ.ಜೆ,Kumaraswamy KJ
50,13/02/2013,ಉನ್ನತ ಶಿಕ್ಷಣ,Higher education,ಸ್ನಾತಕೋತ್ತರ ಹಾಗೂ ವೃತ್ತಿಪರ ಶಿಕ್ಷಣ,Postgraduate and Professional Education,ಲಾಲಾಜಿ ಆರ್ .ಮೆಂಡನ್,Lalaji R   Mendon
51,13/02/2013,ಆರೋಗ್ಯ ಮತ್ತು ಕುಟುಂಬ ಕಲ್ಯಾಣ ಇಲ್ಯಾಖೆ,Health and Family Welfare Department,ಪ್ರಾಥಮಿಕ ಆರೋಗ್ಯ ಕೇಂದ್ರಕ್ಕೆ ಸಿಬ್ಬಂದಿ ಹಾಗೂ ಮೂಲಭೂತ ಸೌಕರ್ಯ,Personnel and infrastructure for the Primary Health Center,ಲಾಲಾಜಿ ಆರ್ .ಮೆಂಡನ್,Lalaji R   Mendon
52,13/02/2013,ಮುಜರಾಯಿ,Muzarai,ಆಯವ್ಯಯದಲ್ಲಿ ಘೋಷಿಸಿರುವ ಯೋಜನೆಗಳು,Plans announced in the budget,ಮಂಜು ಎ,Man̄ju A
53,13/02/2013,ಮುಜರಾಯಿ,Muzarai,ರಾಯಚೂರು ಜಿಲ್ಲೆಗೆ ಬಿಡುಗಡೆಯಾಗಿರುವ ಅನುದಾನ,Grants released to Raichur district,ನಾಡಗೌಡ ವೆಂಕಟರಾವ್,Nadgowda Venkatrao
54,13/02/2013,ಪ್ರಾಥಮಿಕ ಮತ್ತು ಪ್ರೌಢ ಶಿಕ್ಷಣ,Primary and Secondary Education,ಪ್ರಥಮ ದರ್ಜೆ ಮತ್ತು ದ್ವತೀಯ ದರ್ಜೆ ಸಹಾಯಕರ ಹುದ್ದೆಗಳು,First Class and 2nd Grade Assistant posts,ನಾಗರಾಜು ಎಂ.ವಿ,Nagaraju MV
55,13/02/2013,ಆರೋಗ್ಯ ಮತ್ತು ಕುಟುಂಬ ಕಲ್ಯಾಣ ಇಲ್ಯಾಖೆ,Health and Family Welfare Department,ಮಹಲಕ್ಷ್ಮಿ ಬಡಾವಣೆಯಲ್ಲಿ ಆಸ್ಪತ್ರೆಯ ನಿರ್ಮಾಣ,Hospital building at Mahalakshmi Layout,ನರೇಂದ್ರ ಬಾಬು ನೆ.ಲ,Narendra Babu N L 
56,13/02/2013,ಮಹಿಳಾ ಮತ್ತು ಮಕ್ಕಳ ಅಭಿವೃದ್ಧಿ,Women and Child Development,ಭಾಗ್ಯಲಕ್ಷ್ಮಿ ಬಾಂಡ್ ವಿತರಣೆ,Bhagyalaxmi Bond Distribution,ನರೇಂದ್ರ ಬಾಬು ನೆ.ಲ,Narendra Babu N L 
57,13/02/2013,ಮುಜರಾಯಿ,Muzarai,ಪ್ರಸನ್ನ ಆಂಜನೇಯ ದೇವಸ್ಥಾನ,Prasanna Anjaneya Temple,ನರೇಂದ್ರ ಬಾಬು ನೆ.ಲ,Narendra Babu N L 
58,13/02/2013,ಉನ್ನತ ಶಿಕ್ಷಣ,Higher education,ಪ್ರಥಮ ದರ್ಜೆ ಕಾಲೇಜಿನ ನಿರ್ಮಾಣ,Construction of first-class college,ನರೇಂದ್ರ ಬಾಬು ನೆ.ಲ,Narendra Babu N L 
59,13/02/2013,ಪ್ರಾಥಮಿಕ ಮತ್ತು ಪ್ರೌಢ ಶಿಕ್ಷಣ,Primary and Secondary Education,ಕನ್ನಡ ಶಾಲೆಗಳನ್ನು ತೆರೆಯುವಂತೆ ರಾಜ್ಯಕ್ಕೆ ಸೂಚನೆ,State to open Kannada schools,ನರೇಂದ್ರ ಬಾಬು ನೆ.ಲ,Narendra Babu N L 
60,13/02/2013,ಮಹಿಳಾ ಮತ್ತು ಮಕ್ಕಳ ಅಭಿವೃದ್ಧಿ,Women and Child Development,ವಿವಿಧ ಸಂಘ ಹಾಗೂ ಯೋಜನೆಗೆ ಬಿಡುಗಡೆಯಾದ ಅನುದಾನ,Grants released to various organizations and projects,ರಹೀಂಖಾನ್,Rahin Khan
61,13/02/2013,ಪ್ರಾಥಮಿಕ ಮತ್ತು ಪ್ರೌಢ ಶಿಕ್ಷಣ,Primary and Secondary Education,ಬಿಡುಗಡೆಯಾದ ಅನುದಾನ,Release grant,ರಹೀಂಖಾನ್,Rahin Khan
62,13/02/2013,ಉನ್ನತ ಶಿಕ್ಷಣ,Higher education,ಶ್ರೀರಂಗಪಟ್ಟಣದಲ್ಲಿ ಟಿಪ್ಪು ಸುಲ್ತಾನ್ ಹೆಸರಿನಲ್ಲಿ ವಿಶ್ವವಿದ್ಯಾಲಯ ಸ್ಥಾಪನೆ,Establishment of university in the name of Tipu Sultan in Srirangapatna,ರಾಮಲಿಂಗಾ ರೆಡ್ಡಿ,Ramalinga Reddy
63,13/02/2013,ಪ್ರಾಥಮಿಕ ಮತ್ತು ಪ್ರೌಢ ಶಿಕ್ಷಣ,Primary and Secondary Education,ಸಿ.ಇ.ಟಿ ಘಟಕದಿಂದ ಬಂದ ಆದಾಯ,Revenue from the CET unit,ರಾಮಲಿಂಗಾ ರೆಡ್ಡಿ,Ramalinga Reddy
64,13/02/2013,ಮಹಿಳಾ ಮತ್ತು ಮಕ್ಕಳ ಅಭಿವೃದ್ಧಿ,Women and Child Development,ಅಂಗನವಾಡಿ ಕಾರ್ಯಕರ್ತೆಯರಿಗೆ ಕನಿಷ್ಠ ವೇತನ,Minimum wage for anganwadi workers,ರಾಮಲಿಂಗಾ ರೆಡ್ಡಿ,Ramalinga Reddy
65,13/02/2013,ಮುಜರಾಯಿ,Muzarai,ರಾಜ್ಯದಲ್ಲಿನ ಮುಜರಾಯಿ ದೇವಸ್ಥಾನಗಳ ಧರ್ಮದರ್ಶಿ ಸಮಿತಿಗಳ ಪುನರ್ ರಚನೆ,Rebuilding of the Dharmarashtra Samajas of Muzirai Temples in the State,ರಾಮಲಿಂಗಾ ರೆಡ್ಡಿ,Ramalinga Reddy
66,13/02/2013,ಸಾರ್ವಜನಿಕ ಗ್ರಂಥಾಲಯ,Public Library,Education Cess ಬಳಕೆ,Use of Education Cess,ರವಿಸುಬ್ರಮಣ್ಯ ಎಲ್.ಎ,Ravi Brammanya L A 
67,13/02/2013,ಉನ್ನತ ಶಿಕ್ಷಣ,Higher education,ಸರ್ಕಾರಿ ಪಾಲಿಟೆಕ್ನಿಕ್ ಕಾರಟಗಿ ಇದರ ಶುಲ್ಕ ಪಾವತಿ,Payment of fees for Government Polytechnic Corps,ಶಿವರಾಜ್ ಸಂಗಪ್ಪ ತಂಗಡಗಿ,Śivarāj saṅgappa taṅgaḍagi
68,13/02/2013,ಪ್ರಾಥಮಿಕ ಮತ್ತು ಪ್ರೌಢ ಶಿಕ್ಷಣ,Primary and Secondary Education,ಪ್ರಾಥಮಿಕ ಶಾಲಾ ಶಿಕ್ಷಕರ ಕೊರತೆ,Lack of elementary school teachers,ಸುಭಾಷ ಆರ್.ಗುತ್ತೇದಾರ್,Subhash R Gauthdar
69,13/02/2013,ಮಹಿಳಾ ಮತ್ತು ಮಕ್ಕಳ ಅಭಿವೃದ್ಧಿ,Women and Child Development,ಭಾಗ್ಯಲಕ್ಷ್ಮಿ ಬಾಂಡ್ ಗಳು,Bhagyalaxmi Bonds,ಸುಭಾಷ ಆರ್.ಗುತ್ತೇದಾರ್,Subhash R Gauthdar
70,13/02/2013,ಮುಜರಾಯಿ,Muzarai,ಮುಜರಾಯಿ ದೇವಸ್ಥಾನಗಳ ಅಭಿವೃದ್ಧಿ,The development of the Muzrai temples,ಸುಭಾಷ ಆರ್.ಗುತ್ತೇದಾರ್,Subhash R Gauthdar
71,13/02/2013,ಆರೋಗ್ಯ ಮತ್ತು ಕುಟುಂಬ ಕಲ್ಯಾಣ ಇಲ್ಯಾಖೆ,Health and Family Welfare Department,ಆರೋಗ್ಯ ಮತ್ತು ಕುಟುಂಬ ಕಲ್ಯಾಣ ಇಲಾಖೆಯ ಕಟ್ಟಡಗಳು,Health and Family Welfare Department Buildings,ಸುಭಾಷ ಆರ್.ಗುತ್ತೇದಾರ್,Subhash R Gauthdar
72,13/02/2013,ಮುಜರಾಯಿ,Muzarai,ದೇವಸ್ಥಾನಗಳಿಗೆ ಒದಗಿಸಿರುವ ಅನುದಾನ,Grants to the temples,ಸುನೀಲ್ ವಿ.ಹೆಗಡೆ,Sunil V  Hegade
73,13/02/2013,ಪ್ರಾಥಮಿಕ ಮತ್ತು ಪ್ರೌಢ ಶಿಕ್ಷಣ,Primary and Secondary Education,ಮಾಜಿ ಸೈನಿಕರ ಮಕ್ಕಳ ವಿದ್ಯಾರ್ಥಿ ವೇತನ,Ex-servicemen's children's scholarship,ವಸಂತ ಬಂಗೇರ,Vasanta bangera
74,13/02/2013,ಮುಜರಾಯಿ,Muzarai,ಎ ಮತ್ತು ಬಿ ದರ್ಜೆ ದೇವಾಲಯಗಳ ವಿವರ,Details of A and B Grade Temples,ವಸಂತ ಬಂಗೇರ,Vasanta bangera
75,13/02/2013,ಯೋಜನೆ ಮತ್ತು ಸಾಂಖ್ಯಿಕ,Plan and Numerical,ಹುನರ್ ಸೆ ರೋಜ್ ಗಾರ್ ತಕ್ ಯೋಜನೆ ಅನುದಾನ,Hunners Se Rozz Gar Tak Plan Grants,ವಸಂತ ಬಂಗೇರ,Vasanta bangera
76,13/02/2013,ಮಹಿಳಾ ಮತ್ತು ಮಕ್ಕಳ ಅಭಿವೃದ್ಧಿ,Women and Child Development,ಅತಿ ಕಡಿಮೆ ತೂಕವುಳ್ಳ ಮಕ್ಕಳ ವಿವರ,Children with low weight,ವಸಂತ ಬಂಗೇರ,Vasanta bangera
77,13/02/2013,ಆರೋಗ್ಯ ಮತ್ತು ಕುಟುಂಬ ಕಲ್ಯಾಣ ಇಲ್ಯಾಖೆ,Health and Family Welfare Department,ಸರ್ಕಾರಿ ಆಸ್ಪತ್ರೆಗಳ ಕಟ್ಟಡಗಳ ವಿವರ,Government Hospitals Buildings,ವಸಂತ ಬಂಗೇರ,Vasanta bangera
78,07/02/2013,ವೈದ್ಯಕೀಯ,Medical,ರಾಜ್ಯದಲ್ಲಿರುವ ಸರ್ಕಾರಿ/ಖಾಸಗಿ ವೈದ್ಯಕೀಯ ಕಾಲೇಜುಗಳು,Government / private medical colleges in the state,ಮಹದೇವಪ್ಪ ಹೆಚ್.ಸಿ,Mahadevappa HC
79,07/02/2013,ಆಹಾರ ಮತ್ತು ನಾಗರಿಕ ಸರಬರಾಜು,Food and Civil Supplies,BPL ಕಾರ್ಡ್ ಹಂಚಿಕೆಯಲ್ಲಿ ಆಗಿರುವ ವ್ಯತ್ಯಾಸಗಳು,Differences in BPL card sharing,ಈಶ್ವರ್ ಭೀಮಣ್ಣ ಖಂಡ್ರೆ,Ishwar Bhimanna Khandre
80,07/02/2013,ಸಾರಿಗೆ,Transport,ಬಸ್ಸು ನಿಲ್ದಾಣದ ಕಟ್ಟಡ ಶಿಥಿಲಗೊಂಡಿರುವುದು,Bus station building collapsed,ರುದ್ರೇಶಗೌಡ ವೈ.ಎನ್,Rudras Gowda Y N 
81,07/02/2013,ವಸತಿ,Housing,ಕರ್ನಾಟಕ ಗೃಹ ಮಂಡಳಿಯ ಯೋಜನೆಗಳು,Karnataka Home Board Plans,ಮಂಜುನಾಥ್ ಹೆಚ್.ಪಿ,Manjunath HP
82,07/02/2013,ಇಂಧನ,Fuel,ಕಲ್ಲಿದ್ದಲು ಆಮದು,Coal import,ಜಯಚಂದ್ರ ಟಿ.ಬಿ,Jayachandra TB
83,07/02/2013,ವೈದ್ಯಕೀಯ,Medical,ರಾಜೀವ್ ಗಾಂಧಿ ವೈದ್ಯಕೀಯ ವಿಭಾಗ,Rajiv Gandhi Medical Division,ರೇವಣ್ಣ ಹೆಚ್.ಡಿ,Revanna HD
84,07/02/2013,ಸಮಾಜ ಕಲ್ಯಾಣ,Social Welfare,ಹಿಂದುಳಿದ ವರ್ಗಗಳ ವಿದ್ಯರ್ಥಿ ನಿಲಯ,Backward Classes Citizenship,ಮಾನಪ್ಪ ವಜ್ಜಲ್‌,Manappa Vajjal
85,07/02/2013,ಸಮಾಜ ಕಲ್ಯಾಣ,Social Welfare,ಹಿಂದುಳಿದ ವರ್ಗಗಳ ಕಲ್ಯಾಣ ಇಲಾಖೆಯ ವಸತಿ ನಿಲಯಗಳು,Hostels of the Backward Classes Welfare Department,ಬಗಲಿ ಸಾರ್ವಭೌಮ ಸಾತಗಾಡ,Bagali sārvabhauma sātagāḍa
86,07/02/2013,ವಸತಿ,Housing,ಹಕ್ಕು ಪತ್ರ ವಿತರಣೆ,Issue of claim letter,ಶ್ರೀನಿವಾಸ್ .ಎಂ,Srinivas  M
87,07/02/2013,ಸಮಾಜ ಕಲ್ಯಾಣ,Social Welfare,ಹಡಪದ ಅಪ್ಪಣ್ಣ ಸಮಾಜ ೨ಎಗೆ ಸೇರುವುದು,Happappa Appanna Society Joined 2A,ಪಾಟೀಲ್ ಬಿ.ಸಿ,Patil BC
88,07/02/2013,ಸಮಾಜ ಕಲ್ಯಾಣ,Social Welfare,ಗಂಗಾ-ಕಲ್ಯಾಣ ಯೋಜನೆಯ ಕೊಳವೆ ಬಾವಿಗಳು,Ganga-welfare project tube wells,ಬಾಲಕೃಷ್ಣ ಹೆಚ್.ಸಿ,Balakrishna HC
89,07/02/2013,ಗೃಹ,Home,ಗೃಹ ರಕ್ಷಕ ಸಿಬ್ಬಂದಿಯವರ ಬೇಡಿಕೆಗಳು,Demands of Home Guard Guards,ಕುಲಕರ್ಣಿ ಶ್ರೀಕಾಂತ್ ಸುಬ್ಬಾರಾವ್,Kulkarni Srikanth Subbarao
90,07/02/2013,ಇಂಧನ,Fuel,ನಿರಂತರ ವಿದ್ಯುತ್ ಸರಬರಾಜು ಬಗ್ಗೆ,About constant power supply,ನರೇಂದ್ರ ಸ್ವಾಮಿ ಪಿ.ಎಂ,Narendra Swami PM
91,07/02/2013,ಆಹಾರ ಮತ್ತು ನಾಗರಿಕ ಸರಬರಾಜು,Food and Civil Supplies,ಹೊಸ ಪಡಿತರ ಚೀಟಿ,New Ration Card,ಕೃಷ್ಣಪ್ಪ ಎಂ.ಟಿ,Krishnappa MT
92,07/02/2013,ಇಂಧನ,Fuel,ವಿದ್ಯು ತ್ ಕೊರತೆ,Lack of electricity,ಸತ್ಯನಾರಾಯಣ .ಎಂ,Sathyanarayana
93,07/02/2013,ಇಂಧನ,Fuel,ವಿದ್ಯುತ್ ಅಭಾವ,Power loss,ಅಪ್ಪಾಜಿ ಚನ್ನಬಸವರಾಜ್ ಶಂಕರರಾವ್ ನಾಡಗೌಡ,Appaji Chanabasavaraj Shankarrao Nadgowda
94,07/02/2013,ಇಂಧನ,Fuel,ಸಮರ್ಪಕ ವಿದ್ಯುತ್,Adequate power,ಅಪ್ಪಾಜಿ ಚನ್ನಬಸವರಾಜ್ ಶಂಕರರಾವ್ ನಾಡಗೌಡ,Appaji Chanabasavaraj Shankarrao Nadgowda
95,07/02/2013,ಸಾರಿಗೆ,Transport,ಕಾಮಗಾರಿಯ ವಿಳಂಬ,Work Delay,ಅಪ್ಪಾಜಿ ಚನ್ನಬಸವರಾಜ್ ಶಂಕರರಾವ್ ನಾಡಗೌಡ,Appaji Chanabasavaraj Shankarrao Nadgowda
96,07/02/2013,ಸಮಾಜ ಕಲ್ಯಾಣ,Social Welfare,ಮೂಲಭೂತ ಸೌಕರ್ಯ,Infrastructure,ಅಪ್ಪಾಜಿ ಚನ್ನಬಸವರಾಜ್ ಶಂಕರರಾವ್ ನಾಡಗೌಡ,Appaji Chanabasavaraj Shankarrao Nadgowda
97,07/02/2013,ಇಂಧನ,Fuel,ಕೆ.ವಿ.ಉಪಕೇಂದ್ರದ ಕಾಮಗಾರಿ,Work on the KV Center,ಬಾಲಕೃಷ್ಣ ಹೆಚ್.ಸಿ,Balakrishna HC
98,07/02/2013,ವಸತಿ,Housing,ವಿವಿಧ ವಸತಿ ಯೋಜನೆಯಡಿಯಲ್ಲಿ ಮಂಜೂರಾದ ಮನೆಗಳು,Allowed houses under various housing schemes,ಬಂಡೆಪ್ಪ ಕಾಶೆಂಪೂರ್,Bandeppa kāśempūr
99,07/02/2013,ಸಮಾಜ ಕಲ್ಯಾಣ,Social Welfare,ಸಮಾಜ ಕಲ್ಯಾಣ ನಿಗಮಗಳು,Social Welfare Corporations,ಬಂಡೆಪ್ಪ ಕಾಶೆಂಪೂರ್,Bandeppa kāśempūr
100,07/02/2013,ಗೃಹ,Home,ಇಂಡಿ ಉಪ ವಿಭಾಗದಲ್ಲಿ ಹೆಚ್ಚುತ್ತಿರುವ ಕ್ರಿಮಿನಲ್ ಅಪರಾಧಗಳು,Increasing criminal offenses in india sub-division,ಬಗಲಿ ಸಾರ್ವಭೌಮ ಸಾತಗಾಡ,Bagali sārvabhauma sātagāḍa
101,07/02/2013,ವಸತಿ,Housing,ಬಸವ ಆಶ್ರಯ ಮನೆ ಮಂಜೂರಾತಿ,Basava Refugee House sanctioned,ಬಗಲಿ ಸಾರ್ವಭೌಮ ಸಾತಗಾಡ,Bagali sārvabhauma sātagāḍa
102,07/02/2013,ವೈದ್ಯಕೀಯ ಶಿಕ್ಷಣ,Medical education,ಬೌರಿಂಗ್ ಮತ್ತು ಲೇಡಿ ಕರ್ಜನ್ ಆಸ್ಪತ್ರೆಯಲ್ಲಿ ಔಷಧಿ ಮತ್ತು Disposablesಖರೀದಿ,Buying Medicine and Disposables at Bouring and Lady Curzon Hospital,ಬಗಲಿ ಸಾರ್ವಭೌಮ ಸಾತಗಾಡ,Bagali sārvabhauma sātagāḍa
103,07/02/2013,ಗ್ರಾಮೀಣ ಮತ್ತು ಪಂಚಾಯತ್ ರಾಜ್,Rural and Panchayat Raj,RGGVY ಯೋಜನೆಯ ದುರುಪಯೋಗ,Misuse of RGGVY Scheme,ಬಗಲಿ ಸಾರ್ವಭೌಮ ಸಾತಗಾಡ,Bagali sārvabhauma sātagāḍa
104,07/02/2013,ಗೃಹ,Home,ಅಪ್ರಪ್ತ ಹೆಣ್ಣು ಮಕ್ಕಳ ಮೇಲೆ ನಡೆದ ಅತ್ಯಚಾರ ಹಾಗೂ ಕೊಲೆಗಳು,The rape and murder of infant girls,ಮಹದೇವಪ್ಪ ಹೆಚ್.ಸಿ,Mahadevappa HC
105,07/02/2013,ಸಾರಿಗೆ,Transport,ಬೆಂಗಳೂರಿನಿಂದ ಕೊಲ್ಲೂರಿಗೆ ಹಗಲು ವೇಳೆ ಸುಸರ್ಜಿತ ಬಸ್ಸುಗಳು,Busy buses are available from Bangalore to Kollur by day,ಮಹದೇವಪ್ಪ ಹೆಚ್.ಸಿ,Mahadevappa HC
106,07/02/2013,ಆಡಳಿತ,Administration,ಬೆಂಗಳೂರು ನಗರದ ಬೀದಿ ದೀಪಗಳು,Street lights in Bangalore city,ಮಹದೇವಪ್ಪ ಹೆಚ್.ಸಿ,Mahadevappa HC
107,07/02/2013,ಇಂಧನ,Fuel,ರಾಜ್ಯದಲ್ಲಿ ಮೂರು ವರ್ಷಗಳಿಂದ ಉತ್ಪಾದಿಸಿರುವ ವಿದ್ಯುತ್ ಪ್ರಮಾಣ,Electricity generated for three years in the state,ಮಹದೇವಪ್ಪ ಹೆಚ್.ಸಿ,Mahadevappa HC
108,07/02/2013,ಇಂಧನ,Fuel,ವಿದ್ಯುತ್ ಸ್ಥಾವರ ಸ್ಥಾಪನೆ,Establishment of power plant,ಮಾಲಕರೆಡ್ಡಿ ಎ.ಬಿ,Malarreddy AB
109,07/02/2013,ಇಂಧನ,Fuel,ಟ್ರಾನ್ಸ್ ಫಾರ್ಮರ್ ಕೊರತೆ,Transmitter deficiency,ಮಾಲಕರೆಡ್ಡಿ ಎ.ಬಿ,Malarreddy AB
110,07/02/2013,ಗೃಹ,Home,ಯಾದಗಿರಿಯಲ್ಲಿ ಸಂಚಾರಿ ಪೊಲ್ಲೀಸ್ ಠಾಣೆ,Traffic Pollyes station in Yadgir,ಮಾಲಕರೆಡ್ಡಿ ಎ.ಬಿ,Malarreddy AB
111,07/02/2013,ವಸತಿ,Housing,ವಸತಿ ಸಮಸ್ಯೆ,Real Estate Problem,ಮಾಲಕರೆಡ್ಡಿ ಎ.ಬಿ,Malarreddy AB
112,07/02/2013,ವೈದ್ಯಕೀಯ ಶಿಕ್ಷಣ,Medical education,ಬೀದರ್ ಸರ್ಕಾರಿ ವೈದ್ಯಕೀಯ ಕಾಲೇಜಿನ ಸಿಬ್ಬಂದಿ ನೇಮಕಾತಿಯಲ್ಲಿ ಆಗಿರುವ ಅಕ್ರಮ,Bidar Government Medical College staff illegally employed,ಈಶ್ವರ್ ಭೀಮಣ್ಣ ಖಂಡ್ರೆ,Ishwar Bhimanna Khandre
113,07/02/2013,ಸಾರಿಗೆ,Transport,ಬಸ್ ಅಪಘಾತದಿಂದ ಮೃತರಾದ ಕುಟುಂಬಕ್ಕೆ ಪರಿಹಾರ,Relief for the deceased family of a bus accident,ಈಶ್ವರ್ ಭೀಮಣ್ಣ ಖಂಡ್ರೆ,Ishwar Bhimanna Khandre
114,07/02/2013,ವಸತಿ,Housing,ಬಸವ ವಸತಿ ಯೋಜನೆಯಲ್ಲಿ ಆಗಿರುವ ಅವ್ಯವಹಾರ,Dispute in the Basava Housing Scheme,ಈಶ್ವರ್ ಭೀಮಣ್ಣ ಖಂಡ್ರೆ,Ishwar Bhimanna Khandre
115,07/02/2013,ಸಮಾಜ ಕಲ್ಯಾಣ,Social Welfare,ಮಂಜೂರಾದ ಮೊರಾರ್ಜಿ ದೇಸಾಯಿ ವಸತಿ ಶಾಲೆ ಗಳು,Morarji Desai Residential Schools sanctioned,ಈಶ್ವರ್ ಭೀಮಣ್ಣ ಖಂಡ್ರೆ,Ishwar Bhimanna Khandre
116,07/02/2013,ಆಹಾರ ಮತ್ತು ನಾಗರಿಕ ಸರಬರಾಜು,Food and Civil Supplies,ಪಡಿತರ ವಿತರಣೆ,Ration distribution,"ಹ್ಯಾರಿಸ್ ಎನ್ ,ಎ",Harris N A
117,07/02/2013,ಗೃಹ,Home,ಬೆಂಗಳೂರು ಮಹಾನಗರ ವ್ಯಾಪ್ಪಿಯಲ್ಲಿ ಅಪರಾಧ ಪ್ರಕರಣಗಳು,Crime cases in Bangalore Metropolitan Wapi,"ಹ್ಯಾರಿಸ್ ಎನ್ ,ಎ",Harris N A
118,07/02/2013,ಗೃಹ,Home,ಮಾದಕ ದ್ರವ್ಯ ಮಾರಾಟ,Drug sales,"ಹ್ಯಾರಿಸ್ ಎನ್ ,ಎ",Harris N A
119,07/02/2013,ಗೃಹ,Home,ಮಹಿಳೆಯರ ಸುಭದ್ರತೆ,Women's Stability,"ಹ್ಯಾರಿಸ್ ಎನ್ ,ಎ",Harris N A
120,07/02/2013,ಇಂಧನ,Fuel,ವಿದ್ಯುತ್ ಸರಬರಾಜು,Power supply,"ಹ್ಯಾರಿಸ್ ಎನ್ ,ಎ",Harris N A
121,07/02/2013,ಇಂಧನ,Fuel,ದಕ್ಷಿಣ ಕನ್ನಡ ಜಿಲ್ಲೆಗೆ ಸಮರ್ಪಕ ವಿದ್ಯುತ್ ಸೌಲಭ್ಯ,Correct power facility for Dakshina Kannada district,ಖಾದರ್ ಯು.ಟಿ,Khader UT
122,07/02/2013,ವೈದ್ಯಕೀಯ ಶಿಕ್ಷಣ,Medical education,ದಕ್ಷಿಣ ಕನ್ನಡ ಜಿಲ್ಲೆಗೆ ಗ್ರಾಮೀಣ ಪ್ರದೇಶದಲ್ಲಿ ವೈದ್ಯರ ಕೊರತೆ,Dakshina Kannada district lacks doctors in rural areas,ಖಾದರ್ ಯು.ಟಿ,Khader UT
123,07/02/2013,ವಸತಿ,Housing,ನಿವೇಶನ/ವಸತಿ ಸೌಕರ್ಯ,Site / Accommodation,ಖಾದರ್ ಯು.ಟಿ,Khader UT
124,07/02/2013,ಆಹಾರ ಮತ್ತು ನಾಗರಿಕ ಸರಬರಾಜು,Food and Civil Supplies,ಧಾನ್ಯಗಳನ್ನು ಪಡಿತರ ಚೀಟಿ ಮೂಲಕ ವಿತರಣೆ,Distribution of grains through ration cards,ಖಾದರ್ ಯು.ಟಿ,Khader UT
125,07/02/2013,ಸಾರಿಗೆ,Transport,ಗ್ರಾಮೀಣ ಪ್ರದೇಶಗಳಲ್ಲಿ ಸರ್ಕಾರಿ ಬಸ್ ಸಂಚಾರ,Government bus traffic in rural areas,ಖಾದರ್ ಯು.ಟಿ,Khader UT
126,07/02/2013,ಗೃಹ,Home,ಜಮಖಂಡಿ ತಾಲ್ಲೂಕಿನ ಸಾವಳಗಿಗೆ Fire Fighter,Fire Fighter to the Dead Sea in Jamakhandi Taluk,ಕುಲಕರ್ಣಿ ಶ್ರೀಕಾಂತ್ ಸುಬ್ಬಾರಾವ್,Kulkarni Srikanth Subbarao
127,07/02/2013,ಇಂಧನ,Fuel,ಸಾವಳಗಿಯಲ್ಲಿ ಉಪವಿಭಾಗ ಕಛೇರಿ,Subdivision office in Saawalagi,ಕುಲಕರ್ಣಿ ಶ್ರೀಕಾಂತ್ ಸುಬ್ಬಾರಾವ್,Kulkarni Srikanth Subbarao
128,07/02/2013,ಸಾರಿಗೆ,Transport,ಜಮಖಂಡಿ ಬಸ್ ಸ್ಡ್ಯಾಂಡ್ ನವೀಕರಿಸು,Upgrade to Jamakhandi busstand,ಕುಲಕರ್ಣಿ ಶ್ರೀಕಾಂತ್ ಸುಬ್ಬಾರಾವ್,Kulkarni Srikanth Subbarao
129,07/02/2013,ಸಮಾಜ ಕಲ್ಯಾಣ,Social Welfare,ಜಮಖಂಡಿ ಕ್ಷೇತ್ರದಲ್ಲಿ ಮೊರಾರ್ಜಿ ಸ್ಕೂಲ್,Morarji School in Jamakhandi,ಕುಲಕರ್ಣಿ ಶ್ರೀಕಾಂತ್ ಸುಬ್ಬಾರಾವ್,Kulkarni Srikanth Subbarao
130,07/02/2013,ಸಮಾಜ ಕಲ್ಯಾಣ,Social Welfare,ಭೋವಿ ಜಾತಿಯ ದೃಢೀಕರಣ ಪತ್ರ,Bhovi Caste Certificate Letter,ಕುಮಾರಸ್ವಾಮಿ ಕೆ.ಜೆ,Kumaraswamy KJ
131,07/02/2013,ಸಮಾಜ ಕಲ್ಯಾಣ,Social Welfare,ವಿದ್ಯಾರ್ಥಿಗಳಿಗೆ ಮತ್ತು ನೌಕರರಿಗೆ ಕಂಪ್ಯೂಟರ್ ಶಿಕ್ಷಣ,Computer education for students and employees,ಕುಮಾರಸ್ವಾಮಿ ಕೆ.ಜೆ,Kumaraswamy KJ
132,07/02/2013,ಸಾರಿಗೆ,Transport,ಖಾಸಗಿ ಎಕ್ಸ್ ಪ್ರೆಸ್ ಬಸ್ಸುಗಳು,Private express buses,ಕುಮಾರಸ್ವಾಮಿ ಕೆ.ಜೆ,Kumaraswamy KJ
133,07/02/2013,ಸಮಾಜ ಕಲ್ಯಾಣ,Social Welfare,ಭೋವಿ ಜಾತಿಯ ದೃಢೀಕರಣ ಪತ್ರ,Bhovi Caste Certificate Letter,ಕುಮಾರಸ್ವಾಮಿ ಕೆ.ಜೆ,Kumaraswamy KJ
134,07/02/2013,ವಸತಿ,Housing,ವಸತಿ ಯೋಜನೆಯಿಂದ ಮನೆ ಮಂಜೂರಾತಿ,House sanctioned by the housing scheme,ಮಂಜುನಾಥ್ ಹೆಚ್.ಪಿ,Manjunath HP
135,07/02/2013,ಇಂಧನ,Fuel,ಇಂಧನ ಇಲಾಖೆಯಿಂದ ಹಮ್ಮಿಕೊಂಡಿರುವ ಯೋಜನೆಗಳು,Plans from the Energy Department,ಮಂಜುನಾಥ್ ಹೆಚ್.ಪಿ,Manjunath HP
136,07/02/2013,ಸಮಾಜ ಕಲ್ಯಾಣ,Social Welfare,ಡಾ:ಬಿ.ಆರ್.ಅಂಬೇಡ್ಕರ್ ಅಭಿವೃದ್ಧಿ ನಿಗಮ ಮತ್ತು ಪರಿಶಿಷ್ಟ ಪಂಗಡಗಳ ಅಭಿವೃದ್ದಿ ನಿಗಮದ ಯೋಜನೆಗಳ ಅನುಷ್ಠನ,Dr. BR Ambedkar Development Corporation and Scheduled Tribes Development Corporation implementation of projects,ಮಂಜುನಾಥ್ ಹೆಚ್.ಪಿ,Manjunath HP
137,07/02/2013,ಸಾರಿಗೆ,Transport,ಸಾರಿಗೆ ಇಲಾಖೆಯಿಂದ ಹುಣಸೂರು ತಾಲ್ಲೂಕಿಗೆ ಮಂಜೂರಾದ ಅನುದಾನ,Sanctioned sanction for the Hunasur Taluk from the transport department,ಮಂಜುನಾಥ್ ಹೆಚ್.ಪಿ,Manjunath HP
138,07/02/2013,ಗೃಹ,Home,ಹೊಸ ಪೊಲೀಸ್ ಠಾಣೆ,New Police Station,ನಾಡಗೌಡ ವೆಂಕಟರಾವ್,Nadgowda Venkatrao
139,07/02/2013,ಗೃಹ,Home,ಸಬ್ ಸ್ಪೇಷನ್ ಗಳ ಪ್ರರಂಭ,Sub-sponsorship initiative,ನಾಡಗೌಡ ವೆಂಕಟರಾವ್,Nadgowda Venkatrao
140,07/02/2013,ಆಹಾರ ಮತ್ತು ನಾಗರಿಕ ಸರಬರಾಜು,Food and Civil Supplies,ನ್ಯಾಯ ಬೆಲೆ ಅಂಗಡಿಗಳಿಂದ ಸಮರ್ಪಕವಾಗಿ,From fair price shops,ನಾಡಗೌಡ ವೆಂಕಟರಾವ್,Nadgowda Venkatrao
141,07/02/2013,ಸಾರಿಗೆ,Transport,ಕೆ.ಎಸ್.ಆರ್.ಟಿ.ಸಿ ಬಸ್ ನಿಲ್ದಾಣದ ಕಾಮಗಾರಿ,Works of KSRTC Bus Station,ನಾಡಗೌಡ ವೆಂಕಟರಾವ್,Nadgowda Venkatrao
142,07/02/2013,ಇಂಧನ,Fuel,ವಿದ್ಯು ತ್ ಉತ್ಪಾದನೆ,Electricity production,ನರೇಂದ್ರ ಆರ್,Narendra R 
143,07/02/2013,ಆಹಾರ ಮತ್ತು ನಾಗರಿಕ ಸರಬರಾಜು,Food and Civil Supplies,ಪಡಿತರ ಪದಾರ್ಥಗಳ ವಿತರಣೆ,Distribution of rations,ನರೇಂದ್ರ ಆರ್,Narendra R 
144,07/02/2013,ವಸತಿ,Housing,2008-09ನೇ ಸಾಲಿನ ಆಯವ್ಯಯ,Budget of 2008-09,ನರೇಂದ್ರ ಆರ್,Narendra R 
145,07/02/2013,ಸಾರಿಗೆ,Transport,2008ನೇ ಸಾಲಿನ ಆಯವ್ಯಯ,Budget 2008,ನರೇಂದ್ರ ಆರ್,Narendra R 
146,07/02/2013,ಸಮಾಜ ಕಲ್ಯಾಣ,Social Welfare,2008-09ನೇ ಸಾಲಿನ ಆಯವ್ಯಯ,Budget of 2008-09,ನರೇಂದ್ರ ಆರ್,Narendra R 
147,07/02/2013,ವೈದ್ಯಕೀಯ ಶಿಕ್ಷಣ,Medical education,ರಾಜೀವ್ ಗಾಂಧಿ ವಿ.ವಿ.ಸ್ಥಾಪನೆ,Rajiv Gandhi VV Foundation,ರಾಜು ಕೆ,Raju K 
148,07/02/2013,ಆಹಾರ ಮತ್ತು ನಾಗರಿಕ ಸರಬರಾಜು,Food and Civil Supplies,ಪಡಿತರ ಚೀಟಿ ವಿತರಣೆ,Distribution of Ration Card,ರವಿಸುಬ್ರಮಣ್ಯ ಎಲ್.ಎ,Ravi Brammanya L A 
149,07/02/2013,ಸಾರಿಗೆ,Transport,B.M.T.C ಬಸ್ಸುಗಳ ಸೇವೆ,B.M.T.C Buses Service,ರವಿಸುಬ್ರಮಣ್ಯ ಎಲ್.ಎ,Ravi Brammanya L A 
150,07/02/2013,ವಸತಿ,Housing,KHB ವತಿಯಿಂದ ಹೊಸ ಬಡಾವಣೆಗಳ ನಿರ್ಮಾಣ,Construction of new facilities by KHB,ರವಿಸುಬ್ರಮಣ್ಯ ಎಲ್.ಎ,Ravi Brammanya L A 
151,07/02/2013,ಗೃಹ,Home,ಪೊಲೀಸ್ ಟ್ರೈನಿಂಗ್ ಶಾಲೆಗೆ ನಿವೇಶನ ಮಂಜೂರಾತಿ,Sites for Police Training School,ರೇವಣ್ನ ಹೆಚ್.ಡಿ,Rev  HD
152,07/02/2013,ಸಮಾಜ ಕಲ್ಯಾಣ,Social Welfare,ಅಂಬೇಡ್ಕರ್ ಭವನ ನಿರ್ಮಾಣ,Construction of Ambedkar Bhavan,ರೇವಣ್ನ ಹೆಚ್.ಡಿ,Rev  HD
153,07/02/2013,ಸಮಾಜ ಕಲ್ಯಾಣ,Social Welfare,ಜಗಜೀವನರಾಮ್ ಭವನ ನಿರ್ಮಾಣ,Construction of Jagjivanaram Bhavan,ರೇವಣ್ನ ಹೆಚ್.ಡಿ,Rev  HD
154,07/02/2013,ಸಮಾಜ ಕಲ್ಯಾಣ,Social Welfare,ಖಾಲಿ ಇರುವ ಹುದ್ದೆಗಳು,Vacant posts,ರೇವಣ್ನ ಹೆಚ್.ಡಿ,Rev  HD
155,07/02/2013,ಸಾರಿಗೆ,Transport,ಬಸ್ ವ್ಯವಸ್ಥೆ ಇಲ್ಲದಿರುವುದು,No bus system,ರುದ್ರೇಶಗೌಡ ವೈ.ಎನ್,Rudras Gowda Y N 
156,07/02/2013,ಸಮಾಜ ಕಲ್ಯಾಣ,Social Welfare,ಹಾಸ್ಟೆಲ್ ಕಟ್ಟಡ ಮುಚ್ಚಿರುವುದು,Closing the hostel building,ರುದ್ರೇಶಗೌಡ ವೈ.ಎನ್,Rudras Gowda Y N 
157,07/02/2013,ಸಮಾಜ ಕಲ್ಯಾಣ,Social Welfare,ಸಮುದಾಯ ಭವನ,Community hall,ರುದ್ರೇಶಗೌಡ ವೈ.ಎನ್,Rudras Gowda Y N 
158,07/02/2013,ಆಹಾರ ಮತ್ತು ನಾಗರಿಕ ಸರಬರಾಜು,Food and Civil Supplies,ಬಿ.ಪಿ.ಎಲ್.ಪಡಿತರ ಚೀಟಿ ವಿತರಣೆ,Distribution of BPL Certificate Card,ರುದ್ರೇಶಗೌಡ ವೈ.ಎನ್,Rudras Gowda Y N 
159,07/02/2013,ಸಮಾಜ ಕಲ್ಯಾಣ,Social Welfare,ಗುತ್ತಿಗೆದಾರರಿಗೆ ಕಾಮಗಾರಿ,Work for contractors,ಶಾಮನೂರು ಶಿವಶಂಕರಪ್ಪ ಎಸ್,Shamanoor Shivashankarappa S 
160,07/02/2013,ವಸತಿ,Housing,ಹೆಚ್ಚುವರಿ ಮನೆಗಳು,Additional homes,ಶಾಮನೂರು ಶಿವಶಂಕರಪ್ಪ ಎಸ್,Shamanoor Shivashankarappa S 
161,07/02/2013,ಸಮಾಜ ಕಲ್ಯಾಣ,Social Welfare,ಗೌಳಿ ಜನಾಂಗ,Gourmet race,ಸುನೀಲ್ ವಿ.ಹೆಗಡೆ,Sunil V  Hegade
162,07/02/2013,ಸಮಾಜ ಕಲ್ಯಾಣ,Social Welfare,ಕುಣಬಿ ಜನಾಂಗ,Junk race,ಸುನೀಲ್ ವಿ.ಹೆಗಡೆ,Sunil V  Hegade
163,07/02/2013,ಬಂದಿಖಾನೆ,Prisoner,ಕಾರಾಗೃಹ ಕಟ್ಟಡ ನಿರ್ಮಾಣ,Prison Building Construction,ಸುನೀಲ್ ವಿ.ಹೆಗಡೆ,Sunil V  Hegade
164,07/02/2013,ಸಮಾಜ ಕಲ್ಯಾಣ,Social Welfare,ಗೃಹ ಮಂಡಳಿಯಲ್ಲಿ ನಿವೇಶನ/ಮನೆ ಹಂಚಿಕೆ,Site / House Sharing on the Home Board,ಸುನೀಲ್ ವಿ.ಹೆಗಡೆ,Sunil V  Hegade
165,07/02/2013,ಸಾರಿಗೆ,Transport,ಕೆ.ಎಸ್.ಆರ್.ಟಿ.ಸಿ ಬಸ್ ನಿಲ್ದಾಣ ಸ್ಥಾಪಿಸುವ ಬಗ್ಗೆ,About setting up of KSRTC bus stand,ಸುರೇಶ್ ಬಾಬು ಸಿ.ಬಿ,Suresh Babu CB
166,07/02/2013,ಸಾರಿಗೆ,Transport,ಕೆ.ಎಸ್.ಆರ್.ಟಿ.ಸಿ ಡಿಪೋ ಮಂಜೂರು,KSRTC Depot granted,ಸುರೇಶ್ ಬಾಬು ಸಿ.ಬಿ,Suresh Babu CB
167,07/02/2013,ಇಂಧನ,Fuel,ಹೆಚ್ಚುವರಿ ವಿದ್ಯುತ್ ಪರಿರ್ತಕಗಳನ್ನು ಒದಗಿಸುವುದು,Providing additional power suppliers,ಸುರೇಶ್ ಬಾಬು ಸಿ.ಬಿ,Suresh Babu CB
168,06/02/2013,ಮುಜರಾಯಿ,Muzarai,ದೇವಸ್ಥಾನಗಳಿಗೆ ಅನುದಾನ,Grants to the temples,ಬಗಲಿ ಸಾರ್ವಭೌಮ ಸಾತಗೌಡ,Bagali sārvabhauma sātagauḍa
169,06/02/2013,ಆರೋಗ್ಯ ಮತ್ತು ಕುಟುಂಬ ಕಲ್ಯಾಣ ಇಲ್ಯಾಖೆ,Health and Family Welfare Department,ಸರ್ಕಾರಿ ಅಸ್ವತ್ರೆಗಳಲ್ಲಿ ಕಾರ್ಯನಿರ್ವಹಿಸುತ್ತಿರುವ ನರ್ಸುಗಳು,Working nurses in government hospitals,ಮಹದೇವಪ್ಪ ಹೆಚ್.ಸಿ.,Mahadevappa H C 
170,06/02/2013,ಮುಜರಾಯಿ,Muzarai,ದೇವಾಲಯಗಳ ಅಭಿವೃದ್ಧಿಗೆ ಹಣ ನೀಡಿಕೆ,Funding for the development of temples,ಶಾಮನೂರು ಶಿವಶಂಕರಪ್ಪ,Shamanoor Shivashankarappa
171,06/02/2013,ಉನ್ನತ ಶಿಕ್ಷಣ,Higher education,ಕಾಲೇಜುಗಳ ದುಸ್ಥಿತಿ,Collegiate misery,ಮಾಲಕ ರೆಡ್ಡಿ ಎ.ಬಿ.,Mālaka Reddy AB
172,06/02/2013,ಆರೋಗ್ಯ ಮತ್ತು ಕುಟುಂಬ ಕಲ್ಯಾಣ ಇಲ್ಯಾಖೆ,Health and Family Welfare Department,ಆರೋಗ್ಯ ಕವಚ ಯೋಜನೆ,Health cover scheme,ಅಪ್ಪಾಜಿ ಚನ್ನಬಸವರಾಜ್ ಶಂಕರರಾವ್ ನಾಡಗೌಡ,Appaji Chanabasavaraj Shankarrao Nadgowda
173,06/02/2013,ಆರೋಗ್ಯ ಮತ್ತು ಕುಟುಂಬ ಕಲ್ಯಾಣ ಇಲ್ಯಾಖೆ,Health and Family Welfare Department,ಹಾವಿನಿಂದ ಕಡಿತಕ್ಕೆ ಒಳಗಾಗಿರುವ ರೋಗಿಗಳು,Snake-free patients,ಖಾದರ್ ಯು.ಟಿ.,Khader UT
174,06/02/2013,ಉನ್ನತ ಶಿಕ್ಷಣ,Higher education,ಸರ್ಕಾರಿ ಪಾಲಿಟೆಕ್ನಿಕ್ /ಇಂಜಿನಿಯರಿಂಗ್ ಕಾಲೇಜು ಸ್ಥಾಪಿಸುವ ಬಗ್ಗೆ,About establishing Government Polytechnic / Engineering College,ಸುರೇಶ್ ಬಾಬು ಸಿ.ಬಿ.,Suresh Babu CB
175,06/02/2013,ಉನ್ನತ ಶಿಕ್ಷಣ,Higher education,ಖಾಸಗಿ ವಿಶ್ವವಿದ್ಯಾಲಯಗಳಿಗೆ ಅನುಮತಿ,Permission to Private Universities,ಹ್ಯಾರಿಸ್ ಎನ್.ಎ.,Harris NA
176,06/02/2013,ಆರೋಗ್ಯ ಮತ್ತು ಕುಟುಂಬ ಕಲ್ಯಾಣ ಇಲ್ಯಾಖೆ,Health and Family Welfare Department,ಪ್ರಾಥಮಿಕ ಆರೋಗ್ಯ ಕೇಂದ್ರಗಳ ಮೂಲಭೂತ ಸೌಕರ್ಯಗಳು,Fundamentals of Primary Health Centers,ಸುನೀಲ್ ವಿ.ಹೆಗಡೆ,Sunil V  Hegade
177,06/02/2013,ಮುಜರಾಯಿ,Muzarai,ಮುಜರಾಯಿ ಇಲಾಖೆ ದೇವಸ್ಥಾನಗಳು,Muzarai Department of Temples,ಸತ್ಯನಾರಾಯಣ ಎಂ.,Sathyanarayana M 
178,06/02/2013,ಆರೋಗ್ಯ ಮತ್ತು ಕುಟುಂಬ ಕಲ್ಯಾಣ ಇಲ್ಯಾಖೆ,Health and Family Welfare Department,ಕಣ್ಣಿನ ಕ್ಯಾನ್ಸರ್ ರೋಗಿಗಳ ಸವಲತ್ತುಗಳು,Features of eye cancer patients,ಕುಲಕರ್ಣಿ ಶ್ರೀಕಾಂತ್ ಸುಬ್ಬಾರಾವ್,Kulkarni Srikanth Subbarao
179,06/02/2013,ಆರೋಗ್ಯ ಮತ್ತು ಕುಟುಂಬ ಕಲ್ಯಾಣ ಇಲ್ಯಾಖೆ,Health and Family Welfare Department,ಎಂಡೋಸಲ್ಫಾನ್ ಪೀಡಿತರ ಪುನರ್ವಸತಿ,Endosulfan sufferers rehabilitation,ರವಿಸುಬ್ರಮಣ್ಯ ಎಲ್.ಎ,Ravi Brammanya L A 
180,06/02/2013,ಆರೋಗ್ಯ ಮತ್ತು ಕುಟುಂಬ ಕಲ್ಯಾಣ ಇಲ್ಯಾಖೆ,Health and Family Welfare Department,ಪ್ರಾಥಮಿಕ ಆರೋಗ್ಯ ಕೇಂದ್ರದ ಬದಲಾವಣೆ,Change of Primary Health Center,ನರೇಂದ್ರ ಸ್ವಾಮಿ ಪಿ.ಎಮ್,Narendra Swami PM
181,06/02/2013,ಮಜರಾಯಿ,Mazarayi,ಆರಾಧನಾ ಯೋಜನೆಯಡಿಯಲ್ಲಿ ಅನುದಾನ ಮಂಜೂರಾತಿ,Grant sanction under cultivation scheme,ರುದ್ರೇಶ್ ಗೌಡ ವೈ.ಎನ್.,Rudresh Gowda Y N 
182,06/02/2013,ಪ್ರಾಥಮಿಕ ಮತ್ತು ಪ್ರೌಢ ಶಿಕ್ಷಣ,Primary and Secondary Education,ರಾಷ್ರೀಯ ಮಾಧ್ಯಮಿಕ ಶಿಕ್ಷಣ ಅಭಿಯಾನ,National Secondary Education Campaign,ಪಾಟೀಲ್ ಬಿ.ಸಿ,Patil BC
183,06/02/2013,ಪಶುಸಂಗೋಪನೆ,Animal husbandry,ಬಾಕಿ ಇರುವ ಯೋಜನೆಗಳು,Pending Plans,ಅಪ್ಪಾಜಿ ಚನ್ನಬಸವರಾಜ್ ಶಂಕರರಾವ್ ನಾಡಗೌಡ,Appaji Chanabasavaraj Shankarrao Nadgowda
184,06/02/2013,ಆರೋಗ್ಯ ಮತ್ತು ಕುಟುಂಬ ಕಲ್ಯಾಣ ಇಲ್ಯಾಖೆ,Health and Family Welfare Department,ವೈದ್ಯರ ನೇಮಕ,Appointment of a doctor,ಅಪ್ಪಾಜಿ ಚನ್ನಬಸವರಾಜ್ ಶಂಕರರಾವ್ ನಾಡಗೌಡ,Appaji Chanabasavaraj Shankarrao Nadgowda
185,06/02/2013,ಮಹಿಳಾ ಮತ್ತು ಮಕ್ಕಳ ಅಭಿವೃದ್ಧಿ,Women and Child Development,ದೇವದಾಸಿಯರ ಅಭಿವೃದ್ಧಿ,Development of Devadasis,ಬಗಲಿ ಸಾರ್ವಭೌಮ ಸಾತಗೌಡ,Bagali sārvabhauma sātagauḍa
186,06/02/2013,ಪಶುಸಂಗೋಪನೆ,Animal husbandry,ಪಶುಸಂಚಾರಿ ಆಸ್ಪತ್ರೆ,Veterinary Hospital,ಬಗಲಿ ಸಾರ್ವಭೌಮ ಸಾತಗೌಡ,Bagali sārvabhauma sātagauḍa
187,06/02/2013,ಉನ್ನತ ಶಿಕ್ಷಣ,Higher education,ವಿಶ್ವವಿದ್ಯಾಲಯಗಳ ವಾರ್ಷಿಕ ಲೆಕ್ಕ ತಪಾಸಣೆ ವರದಿ,Annual annual audit report of universities,ಬಗಲಿ ಸಾರ್ವಭೌಮ ಸಾತಗೌಡ,Bagali sārvabhauma sātagauḍa
188,06/02/2013,ಉನ್ನತ ಶಿಕ್ಷಣ,Higher education,ಝಳಕಿ ಗ್ರಾಮದಲ್ಲಿ ಪಾಲಿಟೆಕ್ನಿಕ್ ಸಂಸ್ಥೆ,Polytechnic Institute in Zulki Village,ಬಗಲಿ ಸಾರ್ವಭೌಮ ಸಾತಗೌಡ,Bagali sārvabhauma sātagauḍa
189,06/02/2013,ಪ್ರಾಥಮಿಕ ಮತ್ತು ಪ್ರೌಢ ಶಿಕ್ಷಣ,Primary and Secondary Education,ಕಂಪ್ಯೂಟರ್ ನೀಡಿಕೆಯಲ್ಲಿ ಅವ್ಯವಹಾರ,Dismissal of Computer Issuance,ಮಹದೇವಪ್ಪ ಹೆಚ್.ಸಿ.,Mahadevappa H C 
190,06/02/2013,ಪ್ರಾಥಮಿಕ ಮತ್ತು ಪ್ರೌಢ ಶಿಕ್ಷಣ,Primary and Secondary Education,ಶೈಕ್ಷಣಿಕ ಸುಧಾರಣೆ ಕ್ರಮ,Educational improvement action,ಮಾಲಕರೆಡ್ಡಿ ಎ.ಬಿ.,Mālaka Reddy AB
191,06/02/2013,ಪರಿಸರ ಮತ್ತು ಜೀವಶಾಸ್ತ್ರ,Environment and Biology,ಪವನ ಮತ್ತು ಕಿರು ಜಲ ವಿದ್ಯುತ್ ಯೋಜನೆಗಳಿಗೆ ಅನುಮತಿ ನೀಡಿಕೆ.,Permission for wind and small water power projects.,ಹ್ಯಾರಿಸ್ ಎನ್.ಎ.,Harris NA
192,06/02/2013,ಪ್ರಾಥಮಿಕ ಮತ್ತು ಪ್ರೌಢ ಶಿಕ್ಷಣ,Primary and Secondary Education,ಪ್ರಾಥಮಿಕ ಶಾಲೆಗಳಿಗೆ ದೈಹಿಕ ಶಿಕ್ಷಕರ ನೇಮಕಾತಿ,Appointment of Physical Teachers for Primary Schools,ಹ್ಯಾರಿಸ್ ಎನ್.ಎ.,Harris NA
193,06/02/2013,ಮಹಿಳಾ ಮತ್ತು ಮಕ್ಕಳ ಅಭಿವೃದ್ಧಿ,Women and Child Development,ರಾಜ್ಯದಲ್ಲಿ ಮಹಿಳೆಯರ ಸುರಕ್ಷತೆ,Women's safety in the state,ಹ್ಯಾರಿಸ್ ಎನ್.ಎ.,Harris NA
194,06/02/2013,ಮಹಿಳಾ ಮತ್ತು ಮಕ್ಕಳ ಅಭಿವೃದ್ಧಿ,Women and Child Development,ಅಂಗನವಾಡಿಗಳಿಗೆ ಮೂಲಭೂತ ಸೌಕರ್ಯ,Infrastructure for Anganwadi,ಹ್ಯಾರಿಸ್ ಎನ್.ಎ.,Harris NA
195,06/02/2013,ಮಹಿಳಾ ಮತ್ತು ಮಕ್ಕಳ ಅಭಿವೃದ್ಧಿ,Women and Child Development,ಹೊಸದಾಗಿ ಪ್ರಾರಂಭಿಸಿರುವ ಅಂಗನವಾಡಿ ಕೇಂದ್ರಗಳು,Newly opened Anganwadi Centers,ಖಾದರ್ ಯು.ಟಿ.,Khader UT
196,06/02/2013,ಮುಜರಾಯಿ,Muzarai,ಆರಾಧನಾ ಯೋಜನೆಯಡಿ ಬಿಡುಗಡೆಯಾದ ಹಣ,Release money under cult plan,ಖಾದರ್ ಯು.ಟಿ.,Khader UT
197,06/02/2013,ಪ್ರಾಥಮಿಕ ಮತ್ತು ಪ್ರೌಢ ಶಿಕ್ಷಣ,Primary and Secondary Education,ಪ್ರೌಢಶಾಲಾ ಶಿಕ್ಷಕರಿಗೆ ವೇತನ,Salary for high school teachers,ಖಾದರ್ ಯು.ಟಿ.,Khader UT
198,06/02/2013,ಪ್ರಾಥಮಿಕ ಮತ್ತು ಪ್ರೌಢ ಶಿಕ್ಷಣ,Primary and Secondary Education,ಪ್ರಾಥಮಿಕ ಶಾಲಾ ಪಠ್ಯ ಪುಸ್ತಕಗಳಲ್ಲಿ ಬಲಪಂಥೀಯ ಧೋರಣೆ,Right-wing trend in elementary school textbooks,ಖಾದರ್ ಯು.ಟಿ.,Khader UT
199,06/02/2013,ಉನ್ನತ ಶಿಕ್ಷಣ,Higher education,ವೇಮನ ಅಧ್ಯಯನ ಪೀಠದ ಚಾಲನೆ,Drive of the Veda Study Pedestal,ಕುಲಕರ್ಣಿ ಶ್ರೀಕಾಂತ್ ಸುಬ್ಬಾರಾವ್,Kulkarni Srikanth Subbarao
200,06/02/2013,ಉನ್ನತ ಶಿಕ್ಷಣ,Higher education,ಪದವಿ ಕಾಲೇಜು ಮಂಜೂರಾತಿ,Graduate College Approval,ಕುಲಕರ್ಣಿ ಶ್ರೀಕಾಂತ್ ಸುಬ್ಬಾರಾವ್,Kulkarni Srikanth Subbarao
201,06/02/2013,ಪ್ರಾಥಮಿಕ ಮತ್ತು ಪ್ರೌಢ ಶಿಕ್ಷಣ,Primary and Secondary Education,ಪ್ರಾಥಮಿಕ ಶಾಲಾ ಶಿಕ್ಷಕರ ವರ್ಗಾವಣೆ,Transfer of Elementary School Teachers,ಕುಮಾರಸ್ವಾಮಿ ಕೆ.ಜೆ,Kumaraswamy KJ
202,06/02/2013,ಆರೋಗ್ಯ ಮತ್ತು ಕುಟುಂಬ ಕಲ್ಯಾಣ ಇಲ್ಯಾಖೆ,Health and Family Welfare Department,ಸಮುದಾಯ ಆರೋಗ್ಯ ಕೇಂದ್ರಗಳ ಕಟ್ಟಡಗಖು,Community Health Centers Building,ಕುಮಾರಸ್ವಾಮಿ ಕೆ.ಜೆ,Kumaraswamy KJ
203,06/02/2013,ಮುಜರಾಯಿ,Muzarai,ಗೋಪಾಳ ಆದಿರಂಗನಾಥ ದೇವಸ್ಥಾನ,Gopal Adiranganath Temple,ಕುಮಾರಸ್ವಾಮಿ ಕೆ.ಜೆ,Kumaraswamy KJ
204,06/02/2013,ಉನ್ನತ ಶಿಕ್ಷಣ,Higher education,ನೂತನ ಯೋಜನೆಗಳು,New Projects,ನರೇಂದ್ರ ಆರ್,Narendra R 
205,06/02/2013,ಆರೋಗ್ಯ ಮತ್ತು ಕುಟುಂಬ ಕಲ್ಯಾಣ ಇಲ್ಯಾಖೆ,Health and Family Welfare Department,ಇಲಾಖೆಯ ನೂತನ ಯೋಜನೆಗಳು,Department's new projects,ನರೇಂದ್ರ ಆರ್,Narendra R 
206,06/02/2013,ಮಹಿಳಾ ಮತ್ತು ಮಕ್ಕಳ ಅಭಿವೃದ್ಧಿ,Women and Child Development,ಇಲಾಖೆಯ ನೂತನ ಯೋಜನೆಗಳು,Department's new projects,ನರೇಂದ್ರ ಆರ್,Narendra R 
207,06/02/2013,ಪಶುಸಂಗೋಪನೆ,Animal husbandry,ಇಲಾಖೆಯ ನೂತನ ಯೋಜನೆಗಳು,Department's new projects,ನರೇಂದ್ರ ಆರ್,Narendra R 
208,06/02/2013,ಮುಜರಾಯಿ,Muzarai,ನೂತನ ಯೋಜನೆಗಳು,New Projects,ನರೇಂದ್ರ ಆರ್,Narendra R 
209,06/02/2013,ಆರೋಗ್ಯ ಮತ್ತು ಕುಟುಂಬ ಕಲ್ಯಾಣ ಇಲ್ಯಾಖೆ,Health and Family Welfare Department,ಮಧುಮೇಹಿಗಳ ಔಷಧಿ,Diabetes drug,ರವಿಸುಬ್ರಮಣ್ಯ ಎಲ್.ಎ,Ravi Brammanya L A 
210,06/02/2013,ಉನ್ನತ ಶಿಕ್ಷಣ,Higher education,ಬಸವನಗುಡಿ ವಿಧಾನ ವ್ಯಾಪ್ತಿಯಲ್ಲಿ ಪದವಿ ಕಾಲೇಜು,Graduate College in Basavanagudi Methodology,ರವಿಸುಬ್ರಮಣ್ಯ ಎಲ್.ಎ,Ravi Brammanya L A 
211,06/02/2013,ಪ್ರಾಥಮಿಕ ಮತ್ತು ಪ್ರೌಢ ಶಿಕ್ಷಣ,Primary and Secondary Education,ಸರ್ಕಾರಿ ಅನುದಾನಿತ ಶಾಲೆಗಳಲ್ಲಿ ಶಿಕ್ಷಕರ ನೇಮಕ,Appointment of Teachers at Government Aided Schools,ರವಿಸುಬ್ರಮಣ್ಯ ಎಲ್.ಎ,Ravi Brammanya L A 
212,06/02/2013,ಮಹಿಳಾ ಮತ್ತು ಮಕ್ಕಳ ಅಭಿವೃದ್ಧಿ,Women and Child Development,ಅಪೌಷ್ಠಿಕತೆ ನಿವಾರಣೆ,Malnutrition Elimination,ರವಿಸುಬ್ರಮಣ್ಯ ಎಲ್.ಎ,Ravi Brammanya L A 
213,06/02/2013,ಉನ್ನತ ಶಿಕ್ಷಣ,Higher education,ಸರ್ಕಾರಿ ಪ್ರಥಮ ದರ್ಜೆ ಕಾಲೇಜು,Government First Class College,ರುದ್ರೇಶಗೌಡ ವೈ.ಎನ್.,Rudras Gowda Y N 
214,06/02/2013,ಪ್ರಾಥಮಿಕ ಮತ್ತು ಪ್ರೌಢ ಶಿಕ್ಷಣ,Primary and Secondary Education,ಸರ್ಕಾರಿ ಪದವಿ ಪೂರ್ವ ಕಾಲೇಜು ಮಂಜೂರಾತಿ,Government Graduate College Allowance,ರುದ್ರೇಶ್ ಗೌಡ ವೈ.ಎನ್.,Rudresh Gowda Y N 
215,06/02/2013,ಆರೋಗ್ಯ ಮತ್ತು ಕುಟುಂಬ ಕಲ್ಯಾಣ ಇಲ್ಯಾಖೆ,Health and Family Welfare Department,ಜಾವಗಲ್ ಪ್ರಾಥಮಿಕ ಆರೋಗ್ಯ ಕೇಂದ್ರ,Javagal Primary Health Center,ರುದ್ರೇಶ್ ಗೌಡ ವೈ.ಎನ್.,Rudresh Gowda Y N 
216,06/02/2013,ಆರೋಗ್ಯ ಮತ್ತು ಕುಟುಂಬ ಕಲ್ಯಾಣ ಇಲ್ಯಾಖೆ,Health and Family Welfare Department,ಪ್ರಾಥಮಿಕ ಆರೋಗ್ಯ ಕೇಂದ್ರ,Primary Health Center,ರುದ್ರೇಶ್ ಗೌಡ ವೈ.ಎನ್.,Rudresh Gowda Y N 
217,06/02/2013,ಆರೋಗ್ಯ ಮತ್ತು ಕುಟುಂಬ ಕಲ್ಯಾಣ ಇಲ್ಯಾಖೆ,Health and Family Welfare Department,ಪ್ರಾಥಮಿಕ ಆರೋಗ್ಯ ಕೇಂದ್ರಗಳು ಇಲ್ಲದಿರುವ ಬಗ್ಗೆ,About lack of primary care centers,ರುದ್ರೇಶಗೌಡ ವೈ.ಎನ್.,Rudras Gowda Y N 
218,06/02/2013,ಪಶುಸಂಗೋಪನೆ,Animal husbandry,ಪಶುವೈದ್ಯಕೀಯ ಆಸ್ವತ್ರೆ ಹಾಗೂ ಸಿಬ್ಬಂದಿಗಳ ವಿವರ,Veterinary Asylum and Staff Details,ಸುನೀಲ್ ವಿ.ಹೆಗಡೆ,Sunil V  Hegade
219,06/02/2013,ಉನ್ನತ ಶಿಕ್ಷಣ,Higher education,ಪದವಿ ಮತ್ತು ಡಿಪ್ಲೋಮಾ ಕಾಲೇಜುಗಳು,Graduate and Diploma Colleges,ಸುನೀಲ್ ವಿ.ಹೆಗಡೆ,Sunil V  Hegade
220,06/02/2013,ಪ್ರಾಥಮಿಕ ಮತ್ತು ಪ್ರೌಢ ಶಿಕ್ಷಣ,Primary and Secondary Education,ಪದವಿ ಪೂರ್ವ ಕಿರಿಯ ಕಾಲೇಜಿಗೆ ಸ್ವಂತ ಕಟ್ಟಡ,The pre-junior college own building,ಸುರೇಶ್ ಬಾಬು ಸಿ.ಬಿ.,Suresh Babu CB
221,06/02/2013,ಪ್ರಾಥಮಿಕ ಮತ್ತು ಪ್ರೌಢ ಶಿಕ್ಷಣ,Primary and Secondary Education,ಸರ್ಕಾರಿ ಕಿರಿಯ ಕಾಲೇಜು ಮಂಜೂರಾತಿ,Government junior college sanction,ಸುರೇಶ್ ಬಾಬು ಸಿ.ಬಿ.,Suresh Babu CB
222,11/02/2013,ಕಾರ್ಮಿಕ,Labor,ಬೀದರ್ ಜಿಲ್ಲೆಯಲ್ಲಿನ ಸಂಘಟಿತ /ಅಸಂಘಟಿತ ಕಾರ್ಮಿಕರ ವಿವರ,Details of organized / unorganized workers in Bidar district,ಈಶ್ವರ್ ಭೀಮಣ್ಣ ಖಂಡ್ರೆ,Ishwar Bhimanna Khandre
223,11/02/2013,"ಭಾರೀ ಮತ್ತು ,ಮಧ್ಯಮ ನೀರಾವರಿ",Heavy and medium irrigation,ಕಾಮಗಾರಿ ಮತ್ತು ಅನುದಾನಗಳ ವಿವರಗಳು ಹಾಗೂ ನಾಲೆಗಳ ದುರಸ್ತಿ,Details of works and grants and repair of channels,ರಮೇಶ್ ಬಂಡಿಸಿದ್ದೇಗೌಡ ಎ.ಬಿ.,Ramesh Bundigida Gowda AB
224,11/02/2013,ಕಾರ್ಮಿಕ,Labor,ಸಾಗರ ತಾಲ್ಲೂಕಿನಲ್ಲಿ ಐ.ಟಿ.ಐ ಕಾಲೇಜಿಗಾಗಿ ಹೊಸ ಕಟ್ಟಡ ನಿರ್ಮಾಣಕ್ಕೆ ಅನುದಾನ,New building for ITI College in Sagar taluk,ಗೋಪಾಲಕೃಷ್ಣ ಬೇಳೂರು,Gopalakrishna Belur
225,11/02/2013,"ಭಾರೀ ಮತ್ತು ,ಮಧ್ಯಮ ನೀರಾವರಿ",Heavy and medium irrigation,ಆಯವ್ಯಯ ಘೋಷಿಸಿರುವ ಯೋಜನೆಗಳ ಕುರಿತು,About the budget announced plans,ಮಂಜು ಎ,Man̄ju
226,11/02/2013,ಬೃಹತ್ ಮತ್ತು ಮಧ್ಯಮ ಕೈಗಾರಿಕೆ,Large and medium enterprise,ಬೃಹತ್ ಮಧ್ಯಮ ಕೃಗಾರಿಕೆಗಳ ವಿವರ,Larger Middle Ages Description,ಬಂಡೆಪ್ಪ ಕಾಶೆಂಪೂರ್,Bandeppa kāśempūr
227,11/02/2013,"ಭಾರೀ ಮತ್ತು ,ಮಧ್ಯಮ ನೀರಾವರಿ",Heavy and medium irrigation,ಎಲ.ಎಂ.ಪಿ.ಯೋಜನೆಯ ಕಾಲುವೆ ಸುಧಾರಣೆಗಾಗಿ ಹಣ ಬಿಡುಗಡೆ,Funding for LPG project canal improvement,ಶರಣಪ್ರಕಾಶ ರುದ್ರಪ್ಪ ಪಾಟೀಲ್,Śaraṇaprakāśa Rudrappa Patil
228,11/02/2013,ಜವಳಿ,Textile,ಜವಳಿ ಉದ್ಯಮದ ಪುನಶ್ಚೇತನ,Textile industry revival,ರೇವಣ್ಣ ಹೆಚ್.ಡಿ,Revanna HD
229,11/02/2013,ಅರಣ್ಯ,Forest,ಅರಣ್ಯ ಪ್ರದೇಶಗಳಲ್ಲಿ ಪರಿಸರ ಸಮತೋಲನ,Environmental balance in forest areas,ರವಿಸುಬ್ರಮಣ್ಯ ಎಲ್.ಎ.,Ravisbramanya LA
230,11/02/2013,ಅರಣ್ಯ,Forest,ಮಾವುತರನ್ನು ಖಾಯಂಗೊಳಿಸುವುದು,Improving mango,ಮಹದೇವಪ್ಪ ಹೆಚ್.ಸಿ.,Mahadevappa H C 
231,11/02/2013,"ಭಾರೀ ಮತ್ತು ,ಮಧ್ಯಮ ನೀರಾವರಿ",Heavy and medium irrigation,ಗ್ರಾಮಗಳಿಗೆ ಕುಡಿಯುವ ನೀರಿನ ಸೌಲಭ್ಯ,Drinking water facility for villages,ಕೃಷ್ಣಪ್ಪ ಎಂ.ಟಿ,Krishnappa MT
232,11/02/2013,ಕಾರ್ಮಿಕ,Labor,JOC ಅರೆಕಾಲಿಕ ಸಿಬ್ಬಂದಿಯನ್ನು ವಿಲೀನಗೊಳಿಸಿ JTOಹುದ್ದೆಗೆ ನೇಮಕಾತಿ ಆದೇಶ ನೀಡುವುದು,JOC merges part-time staff and orders recruitment of JTO posts,ಖಮರುಲ್ಲಾ ಇಸ್ಲಾಂ,Khamarullah Islam
233,11/02/2013,ಸಣ್ಣ ನೀರಾವರಿ,Small irrigation,ಗುತ್ತಿಗೆದಾರರಿಗೆ ವಹಿಸಿದ ಕಾಮಗಾರಿ ವಿವರ,Work detailing contractors,ಶಾಮನೂರು ಶಿವಶಂಕರಪ್ಪ,Shamanoor Shivashankarappa
234,11/02/2013,ಸಣ್ಣ ನೀರಾವರಿ,Small irrigation,ಹೊನ್ನವಳ್ಳಿ ಏತ ನೀರಾವರಿ ಯೋಜನೆ,Honeywell irrigation project,ಗೂಳಿಹಟ್ಟಿ .ಡಿ ಶೇಖರ,Gulluti D Shekhar
235,11/02/2013,"ಭಾರೀ ಮತ್ತು ,ಮಧ್ಯಮ ನೀರಾವರಿ",Heavy and medium irrigation,ನಾಲೆಗಳ ಆಧುನೀಕರಣ ಬಿಡುಗಡೆಯಾಗಿರುವ ಅನುದಾನ,Grants released from the modernization of the channels,ನರೇಂದ್ರಸ್ವಾಮಿ ಪಿ.ಎಂ.,Narendra Swami PM
236,11/02/2013,"ಭಾರೀ ಮತ್ತು ,ಮಧ್ಯಮ ನೀರಾವರಿ",Heavy and medium irrigation,ಎತ್ತಿನ ಹೊಳೆಯಿಂದ ನೀರು ಸರಬರಾಜು ಮಾಡುವುದು,Water Supply,ಬಾಲಕೃಷ್ಣ ಹೆಚ್.ಸಿ.,Balakrishna H C 
237,11/02/2013,ಸಣ್ಣ ಕೈಗಾರಿಕೆ,Small industry,ಸಣ್ಣ ಕೈಗಾರಿಕೆಗಳಿಗೆ ವಿದ್ಯುತ್ ಅಭಾವ,Small industries lack power,ಅಪ್ಪಾಜಿ ಚನ್ನಬಸವರಾಜ್ ಶಂಕರರಾವ್ ನಾಡಗೌಡ,Appaji Chanabasavaraj Shankarrao Nadgowda
238,11/02/2013,"ಭಾರೀ ಮತ್ತು ,ಮಧ್ಯಮ ನೀರಾವರಿ",Heavy and medium irrigation,ಉಪ ಕಾಲುವೆಗಳ ದುರಸ್ತಿ,Sub-channel repair,ಅಪ್ಪಾಜಿ ಚನ್ನಬಸವರಾಜ್ ಶಂಕರರಾವ್ ನಾಡಗೌಡ,Appaji Chanabasavaraj Shankarrao Nadgowda
239,11/02/2013,ಕನ್ನಡ ಮತ್ತು ಸಂಸ್ಕೃತಿ,Kannada and culture,ಕನ್ನಡ ಭವನ ಸ್ಥಾಪಿಸುವುದು,Establishment of Kannada Bhavan,ಅಪ್ಪಾಜಿ ಚನ್ನಬಸವರಾಜ್ ಶಂಕರರಾವ್ ನಾಡಗೌಡ,Appaji Chanabasavaraj Shankarrao Nadgowda
240,11/02/2013,"ಭಾರೀ ಮತ್ತು ,ಮಧ್ಯಮ ನೀರಾವರಿ",Heavy and medium irrigation,ಕಾಲುವೆಗಳು ಸಂಪೂರ್ಣ ಹಾಲಾಗಿರುವುದು,The channels are full of fun,ಅಪ್ಪಾಜಿ ಚನ್ನಬಸವರಾಜ್ ಶಂಕರರಾವ್ ನಾಡಗೌಡ,Appaji Chanabasavaraj Shankarrao Nadgowda
241,11/02/2013,ಸಣ್ಣ ನೀರಾವರಿ,Small irrigation,ಅನುದಾನದ ಬಗ್ಗೆ,About grants,ಅಪ್ಪಾಜಿ ಚನ್ನಬಸವರಾಜ್ ಶಂಕರರಾವ್ ನಾಡಗೌಡ,Appaji Chanabasavaraj Shankarrao Nadgowda
242,11/02/2013,ರೇಷ್ಮೆ,Silk,ರೇಷ್ಮೆ ಹುಳು ಸಾಕುವ ಮನೆ ನಿರ್ಮಾಣದ ಸಹಾಯಧನ,Subsidy for construction of silk worm,ಬಾಲಕೃಷ್ಣ ಹೆಚ್.ಸಿ.,Balakrishna H C 
243,11/02/2013,ಅರಣ್ಯ,Forest,ಅರಣ್ಯ ಅಭಿವೃದ್ಧಿಗಾಗಿ ನಡೆಸಲಾಗಿರುವ ಸಸಿಗಳ ವಿವರ,Details of planting for forest development,ಬಂಡೆಪ್ಪ ಖಾಶೆಂಪೂರ,Bandeppa Khaseempura
244,11/02/2013,"ಭಾರೀ ಮತ್ತು ,ಮಧ್ಯಮ ನೀರಾವರಿ",Heavy and medium irrigation,ಕಾಮಗಾರಿ ಕೈಗೊಳ್ಳದ ಗಿತ್ತಿಗೆದಾರರಿಗೆ ಹಣ ಪಾವತಿಸಿದ ಕುರಿತು,About paying money to non-performing guilty people,ಬಗಲಿ ಸಾರ್ವಭೌಮ ಸಾತಗೌಡ,Bagali sārvabhauma sātagauḍa
245,11/02/2013,"ಭಾರೀ ಮತ್ತು ,ಮಧ್ಯಮ ನೀರಾವರಿ",Heavy and medium irrigation,SCP & TSP ಯಲ್ಲಿ ಕಾಮಗಾರಿ ಕೈಗೊಳ್ಳದೆ ಹಣ ಪಾವತಿಸಿರುವುದು,Money is paid without doing work in SCP & TSP,ಬಗಲಿ ಸಾರ್ವಭೌಮ ಸಾತಗೌಡ,Bagali sārvabhauma sātagauḍa
246,11/02/2013,"ಭಾರೀ ಮತ್ತು ,ಮಧ್ಯಮ ನೀರಾವರಿ",Heavy and medium irrigation,ಕಾಮಗಾರಿ ಕೈಗೊಳ್ಳದೆ ಹಣ ಪಾವತಿಸಿದ ಕುರಿತು,About paying money without doing work,ಬಗಲಿ ಸಾರ್ವಭೌಮ ಸಾತಗೌಡ,Bagali sārvabhauma sātagauḍa
247,11/02/2013,ಬೃಹತ್ ಮತ್ತು ಮಧ್ಯಮ ಕೈಗಾರಿಕೆ,Large and medium enterprise,Achievments of GIMS,Achievments of GIMS,ಬಗಲಿ ಸಾರ್ವಭೌಮ ಸಾತಗೌಡ,Bagali sārvabhauma sātagauḍa
248,11/02/2013,"ಭಾರೀ ಮತ್ತು ,ಮಧ್ಯಮ ನೀರಾವರಿ",Heavy and medium irrigation,ಕಳಪೆ ಕಾಮಗಾರಿ ಕುರಿತು,About poor work,ಬಗಲಿ ಸಾರ್ವಭೌಮ ಸಾತಗೌಡ,Bagali sārvabhauma sātagauḍa
249,11/02/2013,ಸಣ್ಣ ನೀರಾವರಿ,Small irrigation,ಗುತ್ತಿಗೆದಾರರಿಗೆ ಪಾವತಿಸಬೇಕಾದ ಬಿಲ್ಗಳ ಬಾಕಿ,The balance of bills to be paid to contractors,ಮಹದೇವಪ್ಪ ಹೆಚ್.ಸಿ.,Mahadevappa H C 
250,11/02/2013,"ಭಾರೀ ಮತ್ತು ,ಮಧ್ಯಮ ನೀರಾವರಿ",Heavy and medium irrigation,ವಿವಿಧ ಲೆಕ್ಕ ಶೀರ್ಷಿಕೆಗಳಡಿ ಗುತ್ತಿಗೆದಾರರಿಗೆ ಬಾಕಿ ಇರುವ ಬಿಲ್ ಗಳು,Bills pending to contractors under various accounting captions,ಮಹದೇವಪ್ಪ ಹೆಚ್.ಸಿ.,Mahadevappa H C 
251,11/02/2013,"ಭಾರೀ ಮತ್ತು ,ಮಧ್ಯಮ ನೀರಾವರಿ",Heavy and medium irrigation,ಬ್ರಿಡ್ಜ್ -ಕಂ-ಬ್ಯಾರೇಜ್ ಗೇಟ್ ಗಳ ದುರಸ್ತಿ,Repair of bridge-kom-barage gates,ಮಾಲಕ ರೆಡ್ಡಿ ಎ.ಬಿ.,Mālaka Reddy AB
252,11/02/2013,ಸಣ್ಣ ನೀರಾವರಿ,Small irrigation,ವಿಫಲಗೊಂಡಿರುವ ಏತ ನೀರಾವರಿ ಯೋಜನೆಗಳು,Failure of irrigation projects,ಮಾಲಕ ರೆಡ್ಡಿ ಎ.ಬಿ.,Mālaka Reddy AB
253,11/02/2013,ಕನ್ನಡ ಮತ್ತು ಸಂಸ್ಕೃತಿ,Kannada and culture,ಸುವರ್ಣ ಕರ್ನಾಟಕ ಭವನಕ್ಕೆ ಅನುದಾನ ಬಿಡುಗಡೆ,Release of funds to Suvarna Karnataka Bhavan,ಶರಣಪ್ರಕಾಶ ರುದ್ರಪ್ಪ ಪಾಟೀಲ್,Surrealism Rudrappa Patil
254,11/02/2013,"ಭಾರೀ ಮತ್ತು ,ಮಧ್ಯಮ ನೀರಾವರಿ",Heavy and medium irrigation,A.I.B.P ಯ ಯೋಜನೆಯಡಿಯಲ್ಲಿ ಮಂಜೂರಾದ ಅನುದಾನ ಬಳಕೆಯ ಬಗ್ಗೆ,About the sanctioned grant usage under A.I.B.P,ಈಶ್ವರ್ ಭೀಮಣ್ಣ ಖಂಡ್ರೆ,Ishwar Bhimanna Khandre
255,11/02/2013,ಅರಣ್ಯ,Forest,ಅರಣ್ಯಾಭಿವೃದ್ಧಿಗಾಗಿ ಬಿಡುಗಡೆಯಾದ ಅನುದಾನ ಹಾಗೂ ನೆಟ್ಟಿರುವ ಸಸಿಗಳ ವಿವರ,Details of grants and planting plants released for development,ಈಶ್ವರ್ ಭೀಮಣ್ಣ ಖಂಡ್ರೆ,Ishwar Bhimanna Khandre
256,11/02/2013,ಸಣ್ಣ ನೀರಾವರಿ,Small irrigation,ನಿಗದಿತ ಸಮಯಕ್ಕೆ ಕಾಮಗಾರಿ ಮುಗಿಯದೇ ಇರುವುದು,Not working on schedule for a specified time,ಈಶ್ವರ್ ಭೀಮಣ್ಣ ಖಂಡ್ರೆ,Ishwar Bhimanna Khandre
257,11/02/2013,ಅರಣ್ಯ,Forest,ಅರಣ್ಯ ಜಮೀನು ಅಭಿವೃದ್ಧಿಪಡಿಸುವುದು,Developing Forest Land,ಜಾರ್ಜ್ ಕೆ.ಜೆ.,George KJ
258,11/02/2013,ಸಣ್ಣ ಕೈಗಾರಿಕೆ,Small industry,ಸಣ್ಣ ಕೈಗಾರಿಕೆ ಹಾಗೂ ವಸಹತುಗಳ ವಿವರ,Small industry and settlement details,ಗೂಳಿಹಟ್ಟಿ ಡಿ.ಶೇಖರ್,Goathead D  Shekhar
259,11/02/2013,ಸಣ್ಣ ನೀರಾವರಿ,Small irrigation,ಕೆರೆ ತುಂಬುವ ಯೋಜನೆಯನ್ನು ರಾಜ್ಯದಾದ್ಯಂತ ವಿಸ್ತರಿಸುವ ಕುರಿತು,About extending the lake project to the state,ಹ್ಯಾರಿಸ್ ಎನ್.ಎ.,Harris NA
260,11/02/2013,ಕನ್ನಡ ಮತ್ತು ಸಂಸ್ಕೃತಿ,Kannada and culture,ಕನ್ನಡದಲ್ಲಿ ಗಣಕ ತಂತ್ರಜ್ಙಾನದ ಬಳಕೆ,Use of computer technology in Kannada,ಹ್ಯಾರಿಸ್ ಎನ್.ಎ.,Harris NA
261,11/02/2013,ಕನ್ನಡ ಮತ್ತು ಸಂಸ್ಕೃತಿ,Kannada and culture,ಮಾಸಿಕ ಪ್ರೋತ್ಸಾಹ ಧನ ಪಡೆಯುತ್ತಿರುವ ಕಲಾವಿದರುಗಳು,Artists receiving monthly incentives,ಹ್ಯಾರಿಸ್ ಎನ್.ಎ.,Harris NA
262,11/02/2013,ಅರಣ್ಯ,Forest,ಐ.ಎಫ್.ಎಸ್.ಅಧಿಕಾರಿಗಳ ಅನ್ಯ ಇಲಾಖಾ ಸೇವೆ,Foreign Service Service of IFS Officers,ಹ್ಯಾರಿಸ್ ಎನ್.ಎ.,Harris NA
263,11/02/2013,ಜವಳಿ,Textile,ಕರ್ನಾಟಕ ಕೈಮಗ್ಗ ಅಭಿವೃದ್ಧಿ ನಿಗಮದಿಂದ ವಿದ್ಯಾರ್ಥಿಗಳಿಗೆ ಸಮವಸ್ತ್ರ ಸರಬರಾಜು,Uniform supplies to students from Karnataka Handloom Development Corporation,ಹ್ಯಾರಿಸ್ ಎನ್.ಎ.,Harris NA
264,11/02/2013,ಅರಣ್ಯ,Forest,ಅರಣ್ಯ ಇಲಾಖೆಯಿಂದ ಕಂದಾಯ ಇಲಾಖೆಗೆ ಜಮೀನು ವರ್ಗಾಯಿಸುವುದು,Land transfer from the Forest Department to the Revenue Department,ಜಯಚಂದ್ರ ಟಿ.ಬಿ.,Jayachandra TB
265,11/02/2013,ಕಾರ್ಮಿಕ,Labor,"ಕಾರ್ಮಿಕರ,ಅಸಂಘಟಿತ ಕಾರ್ಮಿಕರ ಕಲ್ಯಾಣ ಯೋಜನೆ","Workers, Unorganized Workers Welfare Plan",ಖಾದರ್ ಯು.ಟಿ.,Khader UT
266,11/02/2013,ಜವಳಿ,Textile,ದಕ್ಷಿಣ ಕನ್ನಡ ಜಿಲ್ಲೆಯಲ್ಲಿ ಕೈಗೊಂಡ ಕಾರ್ಯಕ್ರಮ ಗಳು,Programs conducted in Dakshina Kannada district,ಖಾದರ್ ಯು.ಟಿ.,Khader UT
267,11/02/2013,ಅರಣ್ಯ,Forest,ದಕ್ಷಿಣ ಕನ್ನಡ ಜಿಲ್ಲಯಲ್ಲಿ ಅರಣ್ಯ ಮತ್ತಿ ಸಸಿ ಅಭಿವೃದ್ಧಿ,Forestry and Sapling Development in Dakshina Kannada District,ಖಾದರ್ ಯು.ಟಿ.,Khader UT
268,11/02/2013,ಸಣ್ಣ ನೀರಾವರಿ,Small irrigation,ಸಮುದ್ರಕ್ಕೆ ಸೇರುವ ನೀರಿನ ಸದ್ಭಳಕೆ ಬಗ್ಗೆ,About the deterioration of water into the sea,ಖಾದರ್ ಯು.ಟಿ.,Khader UT
269,11/02/2013,ಸಣ್ಣ ಕೈಗಾರಿಕೆ,Small industry,ಸಣ್ಣ ಕೈಗಾರಿಕೆಗಳ ವಿವರ,Small Industries Profile,ಖಾದರ್ ಯು.ಟಿ.,Khader UT
270,11/02/2013,"ಭಾರೀ ಮತ್ತು ,ಮಧ್ಯಮ ನೀರಾವರಿ",Heavy and medium irrigation,ಏತ ನೀರಾವರಿ ಕಾರ್ಯ ಪೂರ್ಣಗೊಳಿಸುವುದು,What is irrigation?,ಕುಲಕರ್ಣಿ ಶ್ರೀಕಾಂತ್ ಸುಬ್ಬಾರಾವ್,Kulkarni Srikanth Subbarao
271,11/02/2013,"ಭಾರೀ ಮತ್ತು ,ಮಧ್ಯಮ ನೀರಾವರಿ",Heavy and medium irrigation,ಚಿಮ್ಮಡ ಏತ ನೀರಾವರಿ ಯೋಜನೆ,Impact Irrigation Scheme,ಕುಲಕರ್ಣಿ ಶ್ರೀಕಾಂತ್ ಸುಬ್ಬಾರಾವ್,Kulkarni Srikanth Subbarao
272,11/02/2013,ಅರಣ್ಯ,Forest,ಅರಣ್ಯ ಮತ್ತು ಕಂದಾಯ ಜಮೀನುಗಳು,Forest and Revenue Land,ಕುಮಾರಸ್ವಾಮಿ ಕೆ.ಜಿ.,Kumaraswamy KG
273,11/02/2013,ಸಣ್ಣ ನೀರಾವರಿ,Small irrigation,ಏತ ನೀರಾವರಿ ಯೋಜನೆ,What is irrigation scheme?,ಕುಮಾರಸ್ವಾಮಿ ಕೆ.ಜಿ.,Kumaraswamy KG
274,11/02/2013,ಬೃಹತ್ ಮತ್ತು ಮಧ್ಯಮ ಕೈಗಾರಿಕೆ,Large and medium enterprise,ಸ್ಟ್ರೆಟಜಿಕ್ ತೈಲ ಸಂಸ್ಕರಣ ಘಟಕ -ತಾದೂರು,Strategic Oil Processing Unit - Thadur,ಲಾಲಾಜಿ ಆರ್ .ಮೆಂಡನ್,Lalaji R   Mendon
275,11/02/2013,ಬೃಹತ್ ಮತ್ತು ಮಧ್ಯಮ ಕೈಗಾರಿಕೆ,Large and medium enterprise,ಯು.ಪಿ.ಸಿ.ಎಲ್.ಘಟಕದಿಂದ ಮೀನುಗಾರರಿಗೆ ಪರಿಹಾರ ಧನ,Compensation Fund for Fishermen by UPGL,ಲಾಲಾಜಿ ಆರ್ .ಮೆಂಡನ್,Lalaji R   Mendon
276,11/02/2013,ಕನ್ನಡ ಮತ್ತು ಸಂಸ್ಕೃತಿ,Kannada and culture,ಸಾಂಸ್ಕೃತಿಕ ಭವನ ನಿರ್ಮಾಣ,Cultural Housing Construction,ಮಾನಪ್ಪ ವಜ್ಜಲ್,Manappa Vajjal
277,11/02/2013,ಸಣ್ಣ ನೀರಾವರಿ,Small irrigation,ಕೆರೆಗಳಿಗೆ ನೀರು ತುಂಬುವ ಕಾರ್ಯ,Watering the lakes,ಮಂಜು ಎ.,Manju A
278,11/02/2013,ಸಣ್ಣ ಕೈಗಾರಿಕೆ,Small industry,ಆಯವ್ಯಯ ಘೋಷಿಸಿರುವ ಯೋಜನೆಗಳು,Proposed budgets,ಮಂಜು ಎ.,Manju A
279,11/02/2013,ಸಣ್ಣ ನೀರಾವರಿ,Small irrigation,ಆಯವ್ಯಯ ಘೋಷಿಸಿರುವ ಯೋಜನೆಗಳ ಕುರಿತು,About the budget announced plans,ಮಂಜು ಎ.,Manju A
280,11/02/2013,ಕಾರ್ಮಿಕ,Labor,ಆಯವ್ಯಯ ಘೋಷಿಸಿರುವ ಯೋಜನೆಗಳ ಬಗ್ಗೆ,About budget plans announced,ಮಂಜು ಎ.,Manju A
281,11/02/2013,ಅರಣ್ಯ,Forest,ಅನುದಾನ ಬಿಡುಗಡೆ,Grant Release,ಮಂಜುನಾಥ್ ಹೆಚ್.ಪಿ.,Manjunath H P 
282,11/02/2013,ಅರಣ್ಯ,Forest,ಕರಡಿ ದಾಳಿಗೆ ತುತ್ತಾಗಿರುವ ಸಂಖ್ಯೆ ಮತ್ತು ಅದಕ್ಕೆ ಪರಿಹಾರ,The number of bear attacks and the solution,ನಾಗರಾಜು ಎಂ.ವಿ,Nagaraju MV
283,11/02/2013,"ಭಾರೀ ಮತ್ತು ,ಮಧ್ಯಮ ನೀರಾವರಿ",Heavy and medium irrigation,ಹೇಮಾವತಿ ಜಲಾಶಯದಿಂದ ನೆಲಮಂಗಲ ಪಟ್ಟಣಕ್ಕೆ ಕುಡಿಯುವ ನೀರು,Drinking water from the Hemavathi reservoir to the town of Nelamangala,ನಾಗರಾಜು ಎಂ.ವಿ,Nagaraju MV
284,11/02/2013,ಬೃಹತ್ ಮತ್ತು ಮಧ್ಯಮ ಕೈಗಾರಿಕೆ,Large and medium enterprise,ACE ಡಿಸೈನರ್ ಕಂಪನಿಗೆ ಕೈಗಾರಿಕೆ ಸ್ಥಾಪಿಸಲು ಜಮೀನು ಮಂಜೂರಾತಿ ಕುರಿತು,Land Acquisition for establishment of ACE Designer Company,ನಾಗರಾಜು ಎಂ.ವಿ,Nagaraju MV
285,11/02/2013,ಅರಣ್ಯ,Forest,ಆನೆಗಳ ಹಾವಳಿಯಿಂದ ಪ್ರಾಣ ಹಾನಿ ಮತ್ತು ಬೆಳೆ ಹಾನಿ,Damage to life and crop damage caused by elephant snakes,ನರೇಂದ್ರ ಸ್ವಾಮಿ ಪಿ.ಎಮ್,Narendra Swami PM
286,11/02/2013,ಬೃಹತ್ ಮತ್ತು ಮಧ್ಯಮ ಕೈಗಾರಿಕೆ,Large and medium enterprise,ಐ.ಐ.ಟಿ.ಗೆ ಸ್ವಾಧೀನಪಡಿಸಿಕೊಂಡಿರುವ ಜಮೀನನ್ನು ಬೇರೆ ಉದ್ದೇಶಗಳಿಗೆ ಬಳಸುವ ಬಗ್ಗೆ,About utilizing the land acquired for IITs for other purposes,ಪ್ರಕಾಶ್ ಹೆಚ್.ಎಸ್.,Prakash HS
287,11/02/2013,ಕಾರ್ಮಿಕ,Labor,ಉದ್ಯೋಗ ಮತ್ತು ತರಬೇತಿ ಇಲಾಖೆಯ ಸಹಾಯಕ ನಿರ್ದೇಶಕರನ್ನು ಸ್ಥಳಾಂತರಿಸುವುದು,Moving Assistant Director of Employment and Training Department,ಖಮರುಲ್ ಇಸ್ಲಾಂ,Khamarul Islam
288,11/02/2013,ಸಣ್ಣ ನೀರಾವರಿ,Small irrigation,ವೃಷಭಾವತಿ ನದಿಯ ಏತ ನೀರಾವರಿ ಯೋಜನೆ,Irrigation Project on Irrigation River,ರಾಜು ಕೆ.,Raju K 
289,11/02/2013,ಅರಣ್ಯ,Forest,ಕಾಡು ಪ್ರಾಣಿಗಳಿಗೆ ಕುಡಿಯುವ ನೀರು ಒದಗಿಸುವುದು ಹಾಗೂ ದಾಳಿಗೊಳಗಾದ ರೈತರಿಗೆ ಪರಿಹಾರ,Providing drinking water to wild animals and compensation for farmers affected,ರಾಜು ಕೆ.,Raju K 
290,11/02/2013,ಸಣ್ಣ ನೀರಾವರಿ,Small irrigation,ಅಂತರ್ಜಲ ಮಟ್ಟ ಕುಸಿದಿರುವುದರಿಂದಾಗುವ ಪರಿಣಾಮಗಳು,Effects of groundwater level deterioration,ರಾಜು ಕೆ.,Raju K 
291,11/02/2013,ಕಾರ್ಮಿಕ,Labor,ರಾಜ್ಯದಲ್ಲಿ ಕಟ್ಟಡ ಮತ್ತು ಇತರೆ ನಿರ್ಮಾಣ ಕಾರ್ಮಿಕರ ಕಾಯ್ದೆಯಡಿಯಲ್ಲಿ ಸಂಗ್ರಹವಾದ ಹಣ,Money collected under the Building and Other Construction Workers Act in the State,ರಾಮಲಿಂಗಾ ರೆಡ್ಡಿ,Ramalinga Reddy
292,11/02/2013,"ಭಾರೀ ಮತ್ತು ,ಮಧ್ಯಮ ನೀರಾವರಿ",Heavy and medium irrigation,ಕಾವೇರಿ ನದಿ ವಿವಾದಕ್ಕೆ ಸಂಬಂಧಪಟ್ಟಂತೆ ಆಗಿರುವ ವೆಚ್ಚ,The cost of the Cauvery river dispute,ರಾಮಲಿಂಗಾ ರೆಡ್ಡಿ,Ramalinga Reddy
293,11/02/2013,ಸಣ್ಣ ಕೈಗಾರಿಕೆ,Small industry,ಸಣ್ಣ ಕೈಗಾರಿಕಾ ಉದ್ಯಮ,Small industrial business,ರವಿಸುಬ್ರಮಣ್ಯ ಎಲ್.ಎ.,Ravisbramanya LA
294,11/02/2013,ಕಾರ್ಮಿಕ,Labor,ಐ.ಟಿ.ಐ.ಸಂಸ್ಥೆಗಳು,ITI Associations,ರವಿಸುಬ್ರಮಣ್ಯ ಎಲ್.ಎ.,Ravisbramanya LA
295,11/02/2013,ಕಾರ್ಮಿಕ,Labor,ಕೈಗಾರಿಕಾ ತರಬೇತಿ ಸಂಸ್ಥೆಗಳಿಗೆ ಸ್ವಂತ ಕಟ್ಟಡ ನೀಡುವುದು,Building own building for industrial training institutions,ರೇವಣ್ಣ ಎಚ್.ಡಿ,Revanna HD
296,11/02/2013,ಬೃಹತ್ ಮತ್ತು ಮಧ್ಯಮ ಕೈಗಾರಿಕೆ,Large and medium enterprise,ಕೈಗಾರಿಕೆಗಳ ಸ್ಥಾಪನೆ,Establishment of industries,ರೇವಣ್ಣ ಎಚ್.ಡಿ,Revanna HD
297,11/02/2013,ರೇಷ್ಮೆ,Silk,ರೇಷ್ಮೆ ಉದ್ಯಮ,Silk industry,ರೇವಣ್ಣ ಎಚ್.ಡಿ,Revanna HD
298,11/02/2013,ಕಾರ್ಮಿಕ,Labor,ಐ.ಟಿ.ಐ.ಕಾಲೇಜುಗಳ ನಿರ್ಮಾಣ,Construction of ITI Colleges,ರುದ್ರೇಶ ಗೌಡ ವೈ.ಎನ್.,Rudresh Gowda Y N 
299,11/02/2013,ಸಣ್ಣ ನೀರಾವರಿ,Small irrigation,ರೈತರಿಗೆ ಪರಿಹಾರ ಹಣ ಮಂಜೂರು ಮಾಡುವುದು,Issuing compensation money to farmers,ರುದ್ರೇಶ ಗೌಡ ವೈ.ಎನ್.,Rudresh Gowda Y N 
300,11/02/2013,ಸಣ್ಣ ನೀರಾವರಿ,Small irrigation,ಕೆರೆಗಳು ನೀರಿಲ್ಲದೆ ಬತ್ತುತ್ತಿರುವುದು,The lakes are drowning without water,ರುದ್ರೇಶ ಗೌಡ ವೈ.ಎನ್.,Rudresh Gowda Y N 
301,11/02/2013,ಸಣ್ಣ ನೀರಾವರಿ,Small irrigation,ಕೆರೆಗಳ ಅಭಿವೃದ್ಧಿ,Development of lakes,ಸತ್ಯನಾರಾಯಣ ಎಂ.,Sathyanarayana M 
302,11/02/2013,"ಭಾರೀ ಮತ್ತು ,ಮಧ್ಯಮ ನೀರಾವರಿ",Heavy and medium irrigation,ಜಲಾನಯನ ಅಭಿವೃದ್ಧಿ ಕಾಮಗಾರಿಗಳು,Basin Development Works,ಸತ್ಯನಾರಾಯಣ ಎಂ.,Sathyanarayana M 
303,11/02/2013,ಅರಣ್ಯ,Forest,ಸಾಮಾಜಿಕ ಅರಣ್ಯ ಅಭಿವೃದ್ಧಿ,Social Forest Development,ಸತ್ಯನಾರಾಯಣ ಎಂ.,Sathyanarayana M 
304,11/02/2013,"ಭಾರೀ ಮತ್ತು ,ಮಧ್ಯಮ ನೀರಾವರಿ",Heavy and medium irrigation,ಬುಕ್ಕಾಪಟ್ಟಣ ಹೋಬಳಿಯ ಕೆರೆಗಳಿಗೆ ಹೇಮಾವತಿ ನೀರು ಹರಿಸುವುದು,Hemavathi watering for lake lakes in Bukkatapattinam,ಸುರೇಶ್ ಬಾಬು ಸಿ.ಬಿ.,Suresh Babu CB
305,11/02/2013,"ಭಾರೀ ಮತ್ತು ,ಮಧ್ಯಮ ನೀರಾವರಿ",Heavy and medium irrigation,ಹಂದನಕೆರೆ ಹೋಬಳಿ ಕೆರೆಗಳಿಗೆ ಹೇಮಾವತಿ ನೀರು ಹರಿಸುವುದು,Hemavathi watering to Handyakere Hobli Lake,ಸುರೇಶ್ ಬಾಬು ಸಿ.ಬಿ.,Suresh Babu CB
306,11/02/2013,"ಭಾರೀ ಮತ್ತು ,ಮಧ್ಯಮ ನೀರಾವರಿ",Heavy and medium irrigation,ಕೆರೆಗಳಿಗೆ ಹೇಮಾವತಿ ನೀರು ಹರಿಸುವುದು,Hemavathi water to the lakes,ಸುರೇಶ್ ಬಾಬು ಸಿ.ಬಿ.,Suresh Babu CB
307,11/02/2013,ಕಾರ್ಮಿಕ,Labor,ಉದ್ಯೋಗ ಮತ್ತು ತರಬೇತಿ ಇಲಾಖೆಯ ಜಂಡಿ ನಿರ್ದೇಶಕರ ವಜಾ ಆದೇಶಕ್ಕೆ ನ್ಯಾಯಾಲಯದಿಂದ ತಡೆ ಆಜ್ಙೆ ತಂದಿರುವುದು,Joint Director of Employment and Training has been prevented by the court from dismissal of the order,ತನ್ವೀರ್ ಸೇಠ್,Tanvir Seth
308,11/02/2013,ಕಾರ್ಮಿಕ,Labor,ನ್ಯಾಯಾಲಯ ತೀರ್ಪಿನಂತೆ ಪ್ರಾಚಾರ್ಯರುಗಳ ಹಿಂಬಡ್ತಿ,Rejection of Professionals as a court ruling,ತನ್ವೀರ್ ಸೇಠ್,Tanvir Seth
309,12/02/2013,ಕೃಷಿ ಮಾರುಕಟ್ಟೆ,Agricultural Market,ಕೊಬ್ಬರಿಗೆ ಬೆಂಬಲ ಬೆಲೆಯನ್ನು ಹೆಚ್ಚಿಸುವುದು,Increasing support for fats,ಕೃಷ್ಣಪ್ಪ ಎಂ.ಟಿ,Krishnappa MT
310,12/02/2013,ನಗರಾಭಿವೃದ್ಧಿ,Urban development,ಕೈಗಾರಿಕೆ ಸ್ಥಾಪಿಸಲು ಭೂನಕ್ಷೆ ಮಂಜೂರಾತಿ,Land Acquisition to Establish Industry,ನಾಗರಾಜು ಎಂ.ವಿ,Nagaraju MV
311,12/02/2013,ಕಂದಾಯ,Revenue,ಕಂದಾಯ ಭವನಕ್ಕೆ ಪೀಠೋಪಕರಣ ಒದಗಿಸುವುದು,Providing furniture for the Kandhaya Bhavan,ರಾಜು ಕೆ,Raju K 
312,12/02/2013,ನಗರಾಭಿವೃದ್ಧಿ,Urban development,ಕಸ ವಿಲೇವಾರಿ ಸಮಸ್ಯೆ,Trash disposal problem,ನರೇಂದ್ರ ಬಾಬು ನೆ.ಲ.,Narendra Babu N L 
313,12/02/2013,ಹಜ್ ಮತ್ತು ವಕ್ಫ್,Haj and Wakf,ಮಸೀದಿಗಳು ಮತ್ತು ಖಬರ್ ಸ್ಥಾನಗಳ ಅಭಿವೃದ್ಧಿ,Development of mosques and Kharr seats,ಅಪ್ಪಾಜಿ ಚನ್ನಬಸವರಾಜ್ ಶಂಕರರಾವ್ ನಾಡಗೌಡ,Appaji Chanabasavaraj Shankarrao Nadgowda
314,12/02/2013,ಆಡಳಿತ ಸುಧಾರಣೆ,Governance reform,ಸಿ.ಎಸ್.ಟಿ.ಮತ್ತು ಕೆ.ಟಿ.ಇ.ಜಿ.ಪ್ರಕರಣಗಳ ತೆರಿಗೆ ನಿರ್ಧರಣೆ,Taxation Decision on CST & KTEG Prices,ಬಗಲಿ ಸಾರ್ವಭೌಮ ಸಾತಗೌಡ,Bagali sārvabhauma sātagauḍa
315,12/02/2013,"ಕಾನೂನು,ನ್ಯಾಯ ಮತ್ತು ಮಾನವ ಹಕ್ಕು","Law, justice and human rights",ನ್ಯಾಯಾಲಯ ಸ್ಥಾಪನೆ,Establishment of court,ನಂದೀಶ್ ರೆಡ್ಡಿ ಎನ್.ಎಸ್.,Nandish Reddy NS
316,12/02/2013,ಕಂದಾಯ,Revenue,ಪಹಣಿ ಕೇಂದ್ರಗಳು,Patch Centers,ಸುರೇಶ್ ಬಾಬು ಸಿ.ಬಿ.,Suresh Babu CB
317,12/02/2013,"ಕಾನೂನು,ನ್ಯಾಯ ಮತ್ತು ಮಾನವ ಹಕ್ಕು","Law, justice and human rights",ರಾಜ್ಯದಲ್ಲಿ ಸುಪ್ರೀಂಕೋರ್ಟ್ ಪೀಠ ಸ್ಥಾಪನೆ,Establishment of Supreme Court bench in the state,ಮಾಲಕ ರೆಡ್ಡಿ ಎ.ಬಿ.,Mālaka Reddy AB
318,12/02/2013,ಆರ್ಥಿಕ,Economy,ಅಲ್ಪಾವಧಿ ಬೆಳೆ ಸಾಲ,Short-term crop loan,ವಸಂತ ಬಂಗೇರ ಕೆ.,Vasanth Bangera K 
319,12/02/2013,ಕಂದಾಯ,Revenue,ಅಕ್ರಮ ಸಕ್ರಮ ಸಮಿತಿಗೆ ಸರ್ಕಾರದಿಂದ ನಾಮನಿರ್ದೇಶನ,Nomination by the Government for Illegal Legal Committee,ಪ್ರತಾಪ್ ಗೌಡ ಪಾಟೀಲ್,Pratap Gowda Patil
320,12/02/2013,ಕಂದಾಯ,Revenue,ಪಹಣಿಗಳ ತಿದ್ದುಪಡಿ,Coding amendment,ಅಮರೇಶ್,Amaresh
321,12/02/2013,ನಗರಾಭಿವೃದ್ಧಿ,Urban development,ಬಿ.ಡಿ.ಎ ವಾಣಿಜ್ಯ ಮಳಿಗೆಗಳು,BDA Commercial Stores,ಮಹದೇವಪ್ಪ ಹೆಚ್.ಸಿ.,Mahadevappa H C 
322,12/02/2013,ಗಣಿ,Mine,ಕಲ್ಲು ಗಣಿಗಾರಿಕೆ ಮತ್ತು ಮರಳು ದಂಧೆ,Stone mining and sand dunes,ಸುನೀಲ್ ವಿ.ಹೆಗಡೆ,Sunil V  Hegade
323,12/02/2013,ಕಂದಾಯ,Revenue,ಬಗರ್ ಹುಕ್ಕುಂ ಸಮಿತಿ ರಚನೆ,Formation of the Bugar Hookum Committee,ರುದ್ರೇಶ ಗೌಡ ವೈ.ಎನ್.,Rudresh Gowda Y N 
324,12/02/2013,ಕಂದಾಯ,Revenue,ಸಾಮಾಜಿಕ ಯೋಜನೆಯ ಫಲಾನುಭವಿಗಳ ವಿವರ,The details of the beneficiaries of the social scheme,ಅಭಯ್ ಪಾಟೀಲ್,Abhay Patil
325,12/02/2013,ಕಂದಾಯ,Revenue,ಕಂದಾಯ ಇಲಾಖೆಯ ಅನುದಾನ,Revenue Department Grants,ನಾಡಗೌಡ ವೆಂಕಟರಾವ್,Nadgowda Venkatrao
326,12/02/2013,ಕಂದಾಯ,Revenue,ರಾಜ್ಯದಲ್ಲಿನ ಜನ ಸಂಖ್ಯೆ,Number of people in the state,ಬಂಡೆಪ್ಪ ಖಾಶೆಂಪೂರ,Bandeppa Khaseempura
327,12/02/2013,ಕಂದಾಯ,Revenue,ವೃದ್ಧಾಪ್ಯ ವೇತನ ಯೋಜನೆಗಳು,Old Age Payment Schemes,ಬಂಡೆಪ್ಪ ಖಾಶೆಂಪೂರ,Bandeppa Khaseempura
328,12/02/2013,ಆರ್ಥಿಕ,Economy,Suo-Moto-Revision,Suo-Moto-Revision,ಬಗಲಿ ಸಾರ್ವಭೌಮ ಸಾತಗೌಡ,Bagali sārvabhauma sātagauḍa
329,12/02/2013,ನಗರಾಭಿವೃದ್ಧಿ,Urban development,Sanction of post of Jiont Commissioner Enforcement,Sanction of post of Jiont Commissioner Enforcement,ಬಗಲಿ ಸಾರ್ವಭೌಮ ಸಾತಗೌಡ,Bagali sārvabhauma sātagauḍa
330,12/02/2013,ಆರ್ಥಿಕ,Economy,Violation of Section 60 of KVAT Act,Violation of Section 60 of KVAT Act,ಬಗಲಿ ಸಾರ್ವಭೌಮ ಸಾತಗೌಡ,Bagali sārvabhauma sātagauḍa
331,12/02/2013,ಕಂದಾಯ,Revenue,ನಿರ್ಮಿತ ಕೇಂದ್ರ ಕೈಗೊಂಡ ಕಾಮಗಾರಿಗಳು,Works made by the Center,ಬಗಲಿ ಸಾರ್ವಭೌಮ ಸಾತಗೌಡ,Bagali sārvabhauma sātagauḍa
332,12/02/2013,ನಗರಾಭಿವೃದ್ಧಿ,Urban development,ಬಿ.ಬಿ.ಎಂ.ಪಿ.ವ್ಯಾಪ್ತಿಯಲ್ಲಿರುವ ಮಾಲ್(ವಾಣಿಜ್ಯ ಸಂಕೀರ್ಣಗಳು),Mall (Commercial Complexes) in BBMP,ಮಹದೇವಪ್ಪ ಹೆಚ್.ಸಿ.,Mahadevappa H C 
333,12/02/2013,ಹಜ್ ಮತ್ತು ವಕ್ಫ್,Haj and Wakf,ಮಸೀದಿ ಹಾಗೂ ಶಾದಿ ಮಹಲ್ ಗಳ ಅಭಿವೃದ್ಧಿಗೆ ಅನುದಾನ ಬಿಡುಗಡೆ ಬಗ್ಗೆ,About grant of funds for development of mosque and shadi mahal,ಮಹದೇವಪ್ಪ ಹೆಚ್.ಸಿ.,Mahadevappa H C 
334,12/02/2013,ಕಂದಾಯ,Revenue,ಸರ್ಕಾರಿ ಜಮೀನನ್ನು ಅಕ್ರಮವಾಗಿ ಒತ್ತುವರಿ ಮಾಡಿರುವುದು,Government land illegally encroached,ಮಹದೇವಪ್ಪ ಹೆಚ್.ಸಿ.,Mahadevappa H C 
335,12/02/2013,ಕಂದಾಯ,Revenue,ಚಾಮುಂಡಿ ಬೆಟ್ಟದ ಜಮೀನಿನ ವಿಸ್ಥೀರ್ಣ,Land of Chamundi Hill,ಮಹದೇವಪ್ಪ ಹೆಚ್.ಸಿ.,Mahadevappa H C 
336,12/02/2013,ಆಡಳಿತ ಸುಧಾರಣೆ,Governance reform,ಅಧಿಕಾರಿಗಳ ಕೊರತೆ,Lack of officials,ಮಾಲಕ ರೆಡ್ಡಿ ಎ.ಬಿ.,Mālaka Reddy AB
337,12/02/2013,ಆರ್ಥಿಕ,Economy,ವಿಶೇಷ ಅನುದಾನ,Special grant,ಮಾಲಕ ರೆಡ್ಡಿ ಎ.ಬಿ.,Mālaka Reddy AB
338,12/02/2013,ಕಂದಾಯ,Revenue,ತಾಲ್ಲೂಕು ರಚನೆ,Taluk structure,ಮಾಲಕ ರೆಡ್ಡಿ ಎ.ಬಿ.,Mālaka Reddy AB
339,12/02/2013,ನಗರಾಭಿವೃದ್ಧಿ,Urban development,ಮೂಲಸೌಲಭ್ಯಗಳ ಕೊರತೆ,Lack of infrastructure,ಮಾಲಕ ರೆಡ್ಡಿ ಎ.ಬಿ.,Mālaka Reddy AB
340,12/02/2013,ಪ್ರವಾಸೋದ್ಯಮ,Tourism,ರಾಷ್ಟ್ರಕೂಟರ ಕೋಟೆ ಜೀರ್ಣೋದ್ದಾರ,Rashtrakuta Fort is the dignitarian,ಶರಣ ಪ್ರಕಾಶ ರುದ್ರಪ್ಪ ಪಾಟೀಲ್,Sharan Prakash Rudrapa Patil
341,12/02/2013,ಹಜ್ ಮತ್ತು ವಕ್ಫ್,Haj and Wakf,ಹಜ್ ಮತ್ತು ವಕ್ಫ್ ಇಲಾಖೆಯಿಂದ ಮಂಜೂರಾಗಿರುವ ಕಾಮಗಾರಿಗಳ ಬಗ್ಗೆ,About the sanctions sanctioned by Haj and Wakf department,ಶರಣ ಪ್ರಕಾಶ ರುದ್ರಪ್ಪ ಪಾಟೀಲ್,Sharan Prakash Rudrapa Patil
342,12/02/2013,ಹಜ್ ಮತ್ತು ವಕ್ಫ್,Haj and Wakf,ವಕ್ಫ್ ಮಂಡಳಿಯ ಆಸ್ತಿ ಒತ್ತುವರಿಯಾಗಿರುವುದು,Waqf Board Property Property,ಈಶ್ವರ್ ಭೀಮಣ್ಣ ಖಂಡ್ರೆ,Ishwar Bhimanna Khandre
343,12/02/2013,ಹಜ್ ಮತ್ತು ವಕ್ಫ್,Haj and Wakf,ಅಲ್ಪಸಂಖ್ಯಾತರ ಅಭಿವೃದ್ಧಿಗಾಗಿ ಖರ್ಚಾದ ಹಣ,Expenditure on development of minorities,ಈಶ್ವರ್ ಭೀಮಣ್ಣ ಖಂಡ್ರೆ,Ishwar Bhimanna Khandre
344,12/02/2013,ಕಂದಾಯ,Revenue,ನೆಮ್ಮದಿ ಕೇಂದ್ರಗಳು ವಿಫಲವಾಗಿರುವುದು,Relief Centers Failure,ಈಶ್ವರ್ ಭೀಮಣ್ಣ ಖಂಡ್ರೆ,Ishwar Bhimanna Khandre
345,12/02/2013,ಯುವಜನ ಸೇವೆ ಮತ್ತು ಕ್ರೀಡೆ,Youth Service and Sports,ಕಾಮಗಾರಿಗಳ ವಿಳಂಬ,Work Delay,ಈಶ್ವರ್ ಭೀಮಣ್ಣ ಖಂಡ್ರೆ,Ishwar Bhimanna Khandre
346,12/02/2013,ಹಜ್ ಮತ್ತು ವಕ್ಫ್,Haj and Wakf,ಮೂಲಭೂತ ಸೌಲಭ್ಯಗಳ ಕೊರತೆ,The lack of basic facilities,ಈಶ್ವರ್ ಭೀಮಣ್ಣ ಖಂಡ್ರೆ,Ishwar Bhimanna Khandre
347,12/02/2013,ನಗರಾಭಿವೃದ್ಧಿ,Urban development,ಜಮೀನನ್ನು ಬಿ.ಡಿ.ಎ.ಗೆ ವರ್ಗಾಯಿಸುವುದು,Transfer the land to BDA,ಜಾರ್ಜ್ ಕೆ.ಜೆ.,George KJ
348,12/02/2013,ನಗರಾಭಿವೃದ್ಧಿ,Urban development,ಜಮೀನನ್ನು ಬಿ.ಡಿ.ಎ.ಗೆ ವರ್ಗಾಯಿಸುವುದು,Transfer the land to BDA,ಜಾರ್ಜ್ ಕೆ.ಜೆ.,George KJ
349,12/02/2013,ನಗರಾಭಿವೃದ್ಧಿ,Urban development,ರಸ್ತೆ ಅಗಲೀಕರಣ,Road widening,ಜಾರ್ಜ್ ಕೆ.ಜೆ.,George KJ
350,12/02/2013,ನಗರಾಭಿವೃದ್ಧಿ,Urban development,ಬಿ.ಡಿ.ಎ.ಸ್ವತ್ತನ್ನು ಸಂರಕ್ಷಿಸುವುದು,Protection of BDA,ಜಾರ್ಜ್ ಕೆ.ಜೆ.,George KJ
351,12/02/2013,ಆರ್ಥಿಕ,Economy,ಅರ್ಕಾರ ಬಿಡುಗಡೆ ಮಾಡಿರುವ ಅನುದಾನ,The grant from Arka's release,ಜಾರ್ಜ್ ಕೆ.ಜೆ.,George KJ
352,12/02/2013,ಪ್ರವಾಸೋದ್ಯಮ,Tourism,ಹಾಲು ರಾಮೇಶ್ವರದ ಪುಣ್ಯ ಕ್ಷೇತ್ರದ ಅಭಿವೃದ್ಧಿ,Milk development of the sacred field of Rameshwaram,ಗೂಳಿಹಟ್ಟಿ ಡಿ.ಶೇಖರ್,Goathead D  Shekhar
353,12/02/2013,ಯುವಜನ ಸೇವೆ ಮತ್ತು ಕ್ರೀಡೆ,Youth Service and Sports,ಜಲ ಸಾಹಸ ಕೇಂದ್ರಕ್ಕೆ (ಜೇತನ)ಒದಗಿಸಿದ ಅನುದಾನ,Grants provided to the Water Adventure Center (Jay),ಗೂಳಿಹಟ್ಟಿ ಡಿ.ಶೇಖರ್,Goathead D  Shekhar
354,12/02/2013,ಕಂದಾಯ,Revenue,ಸಹಾಯಕ /ಭೂ ಮಾಪಕರ ನೇಮಕಾತಿ,Appointment of Assistant / Land Acquisition,ಗೋಪಾಲಕೃಷ್ಣ ಬೇಳೂರು,Gopalakrishna Belur
355,12/02/2013,ಗ್ರಾಮೀಣಾಭಿವೃದ್ಧಿ ಮತ್ತು ಪಂಚಾಯತ್ ರಾಜ್,Rural Development and Panchayat Raj,ಕಟ್ಟಡ ನಿರ್ಮಾಣ,Building Construction,ಗೋಪಾಲಕೃಷ್ಣ ಬೇಳೂರು,Gopalakrishna Belur
356,12/02/2013,ಕಂದಾಯ,Revenue,ಸಾಮಾಜಿಕ ಭದ್ರತಾ ಯೋಜನೆಗಳ ಅನುಷ್ಠಾನ,Implementation of Social Security Projects,ಹ್ಯಾರೀಸ್ ಎನ್.ಎ.,Harris N A 
357,12/02/2013,ಆರೋಗ್ಯ ಮತ್ತು ಕುಟುಂಬ ಕಲ್ಯಾಣ ಇಲ್ಯಾಖೆ,Health and Family Welfare Department,ವಾಜಪೇಯಿ ಆರೋಗ್ಯಶ್ರೀ ಯೋಜನೆಯ ಅನುಷ್ಠಾನ,Implementation of Vajpayee Health Scheme,ಹ್ಯಾರೀಸ್ ಎನ್.ಎ.,Harris N A 
358,12/02/2013,ನಗರಾಭಿವೃದ್ಧಿ,Urban development,ಬಿಬಿಎಂಪಿ ವ್ಯಾಪ್ತಿಯ ಆಸ್ತಿ ತೆರಿಗೆ ಸಂಗ್ರಹಣೆ,BBMP coverage property tax collection,ಹ್ಯಾರೀಸ್ ಎನ್.ಎ.,Harris N A 
359,12/02/2013,ನಗರಾಭಿವೃದ್ಧಿ,Urban development,ಬಿಬಿಎಂಪಿ ವ್ಯಾಪ್ತಿಯ ಕಸ ವಿಲೇವಾರಿ,BBMP limits waste disposal,ಹ್ಯಾರೀಸ್ ಎನ್.ಎ.,Harris N A 
360,12/02/2013,ಕಂದಾಯ,Revenue,ಕುಡಿಯುವ ನೀರಿನ ಅಭಾವ ನೀಗಿಸಲು ರೂಪಿಸಿರುವ ಕಾರ್ಯಕ್ರಮಗಳು,Programs designed to eliminate drinking water deprivation,ಖಾದರ್ ಯು.ಟಿ.,Khader UT
361,12/02/2013,"ಕಾನೂನು,ನ್ಯಾಯ ಮತ್ತು ಮಾನವ ಹಕ್ಕು","Law, justice and human rights",ಗಲಭೆಗಳ ಸಂದರ್ಭದಲ್ಲಿ ಹೂಡಲಾದ ಕೇಸ್ ಗಳನ್ನು ವಾಪಸ್ ಪಡೆಯುವುದು,Returning the cases filed during the riots,ಖಾದರ್ ಯು.ಟಿ.,Khader UT
362,12/02/2013,ಯುವಜನ ಸೇವೆ ಮತ್ತು ಕ್ರೀಡೆ,Youth Service and Sports,ಮಂಗಳಾ ಕ್ರಿಡಾಂಗಣದ ಅಭಿವೃದ್ಧಿ,Development of Mangala Stadium,ಖಾದರ್ ಯು.ಟಿ.,Khader UT
363,12/02/2013,ಹಜ್ ಮತ್ತು ವಕ್ಫ್,Haj and Wakf,ಉಳ್ಳಾದ ಸಯ್ಯದ ಮದನಿ ದರ್ಗಾ “ಉರುಸ್” ಗೆ ಅನುದಾನ,"Madani Dargah of Ullada Saiya is donated to ""Urus""",ಖಾದರ್ ಯು.ಟಿ.,Khader UT
364,12/02/2013,ಪ್ರವಾಸೋದ್ಯಮ,Tourism,ಉಳ್ಳಾಲ ಮತ್ತು ಸೋಮೇಶ್ವರ ಬೀಜ್ ಅಭಿವೃದ್ಧಿ,Ullal and Someshwar Beeze are developed,ಖಾದರ್ ಯು.ಟಿ.,Khader UT
365,12/02/2013,ಯುವಜನ ಸೇವೆ ಮತ್ತು ಕ್ರೀಡೆ,Youth Service and Sports,ಷೆಟಲ್ ಕಾಕ್ ಕೋರ್ಟ್ ಕ್ರೀಡಾಂಗಣ,Shettel Cock Court Stadium,ಕೃಷ್ಣಪ್ಪ ಎಂ.ಟಿ.,Krishnappa M T 
366,12/02/2013,ಕನ್ನಡ ಮತ್ತು ಸಂಸ್ಕೃತಿ,Kannada and culture,ಗಣರಾಜ್ಯೋತ್ಸವದಂದು ಡಾ.ಬಾಬಾ ಸಾಹೇಬರ ಭಾವಚಿತ್ರ ಪೂಜಿಸುವ ಕುರಿತು,About the worship of Dr. Baba Sahebra's portrait on the Republic Day,ಕುಲಕರ್ಣಿ ಶ್ರೀಕಾಂತ್ ಸುಬ್ಬಾರಾವ್,Kulkarni Srikanth Subbarao
367,12/02/2013,ಕಂದಾಯ,Revenue,ಕಂದಾಯ ಜಮೀನುಗಳ ಬಗ್ಗೆ,About Revenue Land,ಕುಮಾರಸ್ವಾಮಿ ಕೆ.ಜೆ,Kumaraswamy KJ
368,12/02/2013,ಕಂದಾಯ,Revenue,ರಾಮಲಿಂಗೇಶ್ವರ ಮಠದ ಜಮೀನು,Land of Ramalingeswara Math,ಕುಮಾರಸ್ವಾಮಿ ಕೆ.ಜೆ,Kumaraswamy KJ
369,12/02/2013,ಕಂದಾಯ,Revenue,ಸಿ ಮತ್ತು ಡಿ ಜಮೀನುಗಳು,C and D Lands,ಕುಮಾರಸ್ವಾಮಿ ಕೆ.ಜೆ,Kumaraswamy KJ
370,12/02/2013,ಕಂದಾಯ,Revenue,ರಾಮಲಿಂಗೇಶ್ವರ ಮಠ,Ramalingeswara Math,ಕುಮಾರಸ್ವಾಮಿ ಕೆ.ಜೆ,Kumaraswamy KJ
371,12/02/2013,ಪ್ರವಾಸೋಧ್ಯಮ,Tourism,ಪ್ರವಾಸೋದ್ಯಮ ಅಭಿವೃದ್ಧಿ,Tourism Development,ಲಾಲಾಜಿ ಆರ್ .ಮೆಂಡನ್,Lalaji R   Mendon
372,12/02/2013,ಕಂದಾಯ,Revenue,ಕಂದಾಯ ಇಲಾಖೆಯಿಂದ ಬಂದ ಆದಾಯ,Revenue from Revenue Department,ಮಂಜು ಎ.,Manju A
373,12/02/2013,ಆರ್ಥಿಕ,Economy,ವಿವಿಧ ಇಲಾಖೆಗಳಿಂದ ಸರ್ಕಾರಕ್ಕೆ ಬಂದ ಆದಾಯ,Revenue from Government from various departments,ಮಂಜು ಎ.,Manju A
374,12/02/2013,ಆರ್ಥಿಕ,Economy,ಸಾಲ ಮನ್ನಾ ಯೋಜನೆಗೆ ಘೋಷಿಸಲಾದ ಅನುದಾನ,Grants announced for loan waiver scheme,ಮಂಜು ಎ.,Manju A
375,12/02/2013,ನಗರಾಭಿವೃದ್ಧಿ,Urban development,ಆಯವ್ಯಯ ಘೋಷಿಸಿರುವ ಯೋಜನೆಗಳ ಕುರಿತು,About the budget announced plans,ಮಂಜು ಎ.,Manju A
376,12/02/2013,ಯುವಜನ ಸೇವೆ ಮತ್ತು ಕ್ರೀಡೆ,Youth Service and Sports,ಆಯವ್ಯಯ ಘೋಷಿಸಿರುವ ಯೋಜನೆಗಳ ಕುರಿತು,About the budget announced plans,ಮಂಜು ಎ.,Manju A
377,12/02/2013,ಕಂದಾಯ,Revenue,ಸಾಗುವಳಿದಾರರಿಗೆ ಜಮೀನು ಮಂಜೂರಾತಿ,Land sanctioned to growers,ಮಂಜುನಾಥ್ ಹೆಚ್.ಪಿ.,Manjunath H P 
378,12/02/2013,ಕಂದಾಯ,Revenue,ಗಿರಿಜನರಿಗೆ ಹಕ್ಕುಪತ್ರ (RTCನೀಡುವ ವಿಚಾರ),Patent for Giri (RTC Issue),ಮಂಜುನಾಥ್ ಹೆಚ್.ಪಿ.,Manjunath H P 
379,12/02/2013,ಕಂದಾಯ,Revenue,ಸಾಗುವಳಿ ಚೀಟಿ ಮಂಜೂರಾತಿ,Crop Certificate sanctioned,ಮಂಜುನಾಥ್ ಹೆಚ್.ಪಿ.,Manjunath H P 
380,12/02/2013,ಹಜ್ ಮತ್ತು ವಕ್ಫ್,Haj and Wakf,ಮಸೀದಿ ಹಾಗೂ ಶಾದಿ ಮಹಲ್ ಗಳು,Mosque and Shadi Mahal,ನಾಡಗೌಡ ವೆಂಕಟರಾವ್,Nadgowda Venkatrao
381,12/02/2013,ಕಂದಾಯ,Revenue,ಕೆರೆ ಒತ್ತುವರಿ ಮಾಡಿರುವುದು,Lake Enclosure,ನಾಗರಾಜು ಎಂ.ವಿ,Nagaraju MV
382,12/02/2013,ಯುವಜನ ಸೇವೆ ಮತ್ತು ಕ್ರೀಡೆ,Youth Service and Sports,ಕ್ರೀಡಾಂಗಣಗಳ ಕಾಮಗಾರಿಗಳ ವಿಳಂಬ,Delay of stadiums work,ನರೇಂದ್ರ ಬಾಬು ನೆ.ಲ.,Narendra Babu N L 
383,12/02/2013,ಸಮಾಜ ಕಲ್ಯಾಣ,Social Welfare,ಅಲ್ವಸಂಖ್ಯಾತರ ವಿದ್ಯಾರ್ಥಿಗಳಿಗೆ ನೀಡಲಾಗುತ್ತಿರುವ ಸೌಲಭ್ಯಗಳು,Facilities offered to Alumni students,ನರೇಂದ್ರ ಬಾಬು ನೆ.ಲ.,Narendra Babu N L 
384,12/02/2013,ಜಲಮಂಡಳಿ,Waterfalls,ಕುಡಿಯುವ ನೀರಿಗಾಗಿ ಜಲಮಂಡಳಿಯಿಂದ ಪರ್ಯಾಯ ವ್ಯವಸ್ಥೆ,An alternative system for watering water for drinking water,ನರೇಂದ್ರ ಬಾಬು ನೆ.ಲ.,Narendra Babu N L 
385,12/02/2013,ಕಂದಾಯ,Revenue,ಸಂಧ್ಯಾ ಸುರಕ್ಷಾ ಯೋಜನೆ ಮಂಜೂರಾತಿ,Santhya Suraksha Project sanctioned,ನೇಂದ್ರಬಾಬು ನೆ.ಲ.,Nandrababu N L 
386,12/02/2013,ಗೃಹ,Home,ಮರಳು ಸಾಗಾಣಿಕೆ ಹಾಗೂ ರಸ್ತೆಯ ದುರಸ್ತಿ,Sand transport and road repair,ನರೇಂದ್ರ ಸ್ವಾಮಿ ಪಿ.ಎಮ್,Narendra Swami PM
387,12/02/2013,ಕಂದಾಯ,Revenue,ಬರ ನಿರ್ವಹಣೆ,Drought management,ನರೇಂದ್ರ ಸ್ವಾಮಿ ಪಿ.ಎಮ್,Narendra Swami PM
388,12/02/2013,ಕಂದಾಯ,Revenue,ಪ್ರಕೃತಿ ವಿಕೋಪಕ್ಕೆ ಬೆಳೆ ನಷ್ಟಗೊಂಡ ರೈತರಿಗೆ ಪರಿಹಾರ,Relief for farmers who have cropped up to natural disasters,ರಾಜು ಕೆ.,Raju K 
389,12/02/2013,ಜಲಮಂಡಳಿ,Waterfalls,ಅನಧಿಕೃತ ನೀರಿನ ಸಂಪರ್ಕಗಳು,Unauthorized water connections,ರಾಮಲಿಂಗಾ ರೆಡ್ಡಿ,Ramalinga Reddy
390,12/02/2013,ನಗರಾಭಿವೃದ್ಧಿ,Urban development,ಬೆಂಗಳೂರಿನ ಕಸ ವಿಲೇವಾರಿಗೆ ಪ್ರತ್ಯೇಕ ವ್ಯವಸ್ಥೆ,Separate arrangement for garbage disposal in Bangalore,ರಾಮಲಿಂಗಾ ರೆಡ್ಡಿ,Ramalinga Reddy
391,12/02/2013,ವಸತಿ,Housing,ನಿವೇಶನಗಳ ಹಂಚಿಕೆ,Distribution of sites,ರಾಮಲಿಂಗಾ ರೆಡ್ಡಿ,Ramalinga Reddy
392,12/02/2013,ಆರ್ಥಿಕ,Economy,ವಿಷೇಶ ವಿಮಾನ ಪ್ರಯಾಣ,Special Flight Travel,ರಾಮಲಿಂಗಾ ರೆಡ್ಡಿ,Ramalinga Reddy
393,12/02/2013,ಆರ್ಥಿಕ,Economy,ಬಿ.ಬಿ.ಎಂ.ಪಿ.ಗೆ ಬರಬೇಕಾದ ಬಾಕಿ ಆಸ್ತಿ ತೆರಿಗೆ,Property tax deduction for BBMP,ರಾಮಲಿಂಗಾ ರೆಡ್ಡಿ,Ramalinga Reddy
394,12/02/2013,ಜಲಮಂಡಳಿ,Waterfalls,Recycle ಆದ ನೀರಿನ ಬಳಕೆ,Recycle's water use,ರವಿಸುಬ್ರಮಣ್ಯ ಎಲ್.ಎ,Ravi Brammanya L A 
395,12/02/2013,ಆರ್ಥಿಕ,Economy,ರಾಷ್ಟ್ರೀಕೃತ ಬ್ಯಾಂಕ್ ಗಳಲ್ಲಿ ರೈತರ ಸಾಲ ಮನ್ನಾ,Farmers' debt waiver on nationalized banks,ರವಿಸುಬ್ರಮಣ್ಯ ಎಲ್.ಎ,Ravi Brammanya L A 
396,12/02/2013,ನಗರಾಭಿವೃದ್ಧಿ,Urban development,ಕೆರೆಗಳ ಅಭಿವೃದ್ಧಿ,Development of lakes,ರೋಷನ್ ಬೇಗ್ ಆರ್.,Roshan Baig R 
397,12/02/2013,ಕಂದಾಯ,Revenue,ನೌಕರರನ್ನು ಖಾಯಂಗೊಳಿಸುವುದು,Employee Employees,ರುದ್ರೇಶ್ ಗೌಡ ವೈ.ಎನ್.,Rudresh Gowda Y N 
398,12/02/2013,ಪ್ರವಾಸೋದ್ಯಮ,Tourism,ಪ್ರವಾಸಿಗರ ವಾಹನ ನಿಲುಗಡೆ,Tourist car park,ರುದ್ರೇಶ್ ಗೌಡ ವೈ.ಎನ್.,Rudresh Gowda Y N 
399,12/02/2013,ಕಂದಾಯ,Revenue,ಸರ್ಕಾರಿ ಜಮೀನಿನ ಮಾಹಿತಿ,Government land information,ಸತ್ಯನಾರಾಯಣ ಎಂ.,Sathyanarayana M 
400,12/02/2013,ಕಂದಾಯ,Revenue,ಪಿಂಚಣಿ ಹಣದ ವಿಳಂಬ,Pension Money Delay,ಸತ್ಯನಾರಾಯಣ ಎಂ.,Sathyanarayana M 
401,12/02/2013,ಸಹಕಾರ,Cooperation,ಸಹಕಾರ ಸಂಘಗಳ ಮಾಹಿತಿ,Co-operative Societies Information,ಸತ್ಯನಾರಾಯಣ ಎಂ.,Sathyanarayana M 
402,12/02/2013,ನಗರಾಭಿವೃದ್ಧಿ,Urban development,ಬಹು ಅಂತಸ್ತಿನ ಕಟ್ಟಡಗಳ ಸಮಸ್ಯೆ,The problem of multi-storey buildings,ಶ್ರೀನಿವಾಸ್ ಎಂ.,Srinivas M 
403,12/02/2013,ಗ್ರಾಮೀಣಾಭಿವೃದ್ಧಿ ಮತ್ತು ಪಂಚಾಯತ್ ರಾಜ್,Rural Development and Panchayat Raj,ಬರ -ಪರಿಹಾರ ಯೋಜನೆ,Drought-plan planning,ಸುರೇಶ್ ಬಾಬು ಸಿ.ಬಿ.,Suresh Babu CB
404,12/02/2013,ಸಹಕಾರ,Cooperation,ಕೃಷಿ ಸಾಲದ ಬಡ್ಡಿ ಸಹಾಯಧನ,Agricultural Loan Interest Subsidy,ವಸಂತ ಬಂಗೇರ ಕೆ.,Vasanth Bangera K 
405,12/02/2013,ಕಂದಾಯ,Revenue,ಭೂಕಬಳಿಕೆ ನಿಷೇಧ ಕಾಯ್ದೆ ಜಾರಿ,Enforcement of Land Acquisition Act,ವಸಂತ ಬಂಗೇರ ಕೆ.,Vasanth Bangera K 
406,12/02/2013,ಸಹಕಾರ,Cooperation,ಏತ ತೀರುವಳಿ ಯೋಜನೆ,What to do with the plan,ವಸಂತ ಬಂಗೇರ ಕೆ.,Vasanth Bangera K 
407,12/02/2013,ಕಂದಾಯ,Revenue,ಬರ ಪರಿಹಾರ ಕೇಂದ್ರ ಸರ್ಕಾರದಿಂದ ಬಿಡುಗಡೆ ಅನುದಾನ,Release from Government of Drought Relief Center,ವಸಂತ ಬಂಗೇರ ಕೆ.,Vasanth Bangera K 
408,15/07/2013,ಭಾರಿ ಮತ್ತು ಮಧ್ಯಮ ನೀರಾವರಿ,Heavy and medium irrigation,ಕೆ.ಬಿ.ಜೆ.ಎನ್.ಎಲ್ ನಲ್ಲಿ ಎಸ್.ಸಿ.ಪಿ. ಮತ್ತು ಟಿ.ಎಸ್.ಪಿ. ಅಡಿಯಲ್ಲಿ ಕಾಮಗಾರಿಗಳು,SCP in KBJLL And TSP. Works under,ರಾಜಾ ವೆಂಕಟಪ್ಪ ನಾಯಕ,Raja Venkatappa is the leader
409,15/07/2013,ಭಾರಿ ಮತ್ತು ಮಧ್ಯಮ ನೀರಾವರಿ,Heavy and medium irrigation,ತುಂಗಾ ಮೇಲ್ದಂಡೆ ಯೋಜನೆ,Tungsten Upstairs Project,ಕೋಳಿವಾಡ ಕೆ.ಬಿ.,Kolivada kb
410,15/07/2013,ಮುಜರಾಯಿ,Muzarai,ಮೇಲುಕೋಟೆ ದೇವಾಲಯದ ಆಭರಣಗಳ ಕಳುವು,Melukote temple stolen jewelery,ಚೆಲುವರಾಯಸ್ವಾಮಿ,Cheluvaraswamy
411,15/07/2013,ಅರಣ್ಯ,Forest,ರಾಜ್ಯದಲ್ಲಿರುವ ಡೀಮ್ಡ್ ಫಾರೆಸ್ಟ್ ವಿವರ,Desied Forest Profile in the State,ರವಿ ಸಿ.ಟಿ.,Ravi CT
412,15/07/2013,ಅರಣ್ಯ,Forest,ಕಾಡಾನೆಯ ಹಾವಳಿಯನ್ನು ತಪ್ಪಿಸುವ ಕುರಿತು,About Avoiding the Cadaver's Clown,ರವಿ ಸುಬ್ರಮಣ್ಯ ಎಲ್.ಎ.,Ravi Subramanya L A 
413,15/07/2013,ಅರಣ್ಯ,Forest,ಬೀದರ್ ನಲ್ಲಿ ಪ್ರಾಣಿ ಸಂಗ್ರಹಾಲಯ ಸ್ಥಾಪನೆ,Establishment of Zoo at Bidar,ಗುರುಪಾದಪ್ಪ ನಾಗಮಾರಪಲ್ಲಿ,Guruparappa Nagamarapally
414,15/07/2013,ಅರಣ್ಯ,Forest,ಅರಣ್ಯಾಭಿವೃದ್ಧಿ,Development,ಈಶ್ವರ್ ಭೀಮಣ್ಣ ಖಂಡ್ರೆ,Ishwar Bhimanna Khandre
415,15/07/2013,ಅರಣ್ಯ,Forest,ಅರಣ್ಯ ಪ್ರದೇಶದ ಶೇಕಡಾವಾರು ವಿವರ,Percentage Profile of Forest Area,ಶಿವಶಂಕರ ರೆಡ್ಡಿ ಎನ್. ಹೆಚ್.,Shivshankar Reddy N  H 
416,15/07/2013,ಭಾರೀ ಮತ್ತು ಮಧ್ಯಮ ನೀರಾವರಿ,Heavy and medium irrigation,ಏತ ನೀರಾವರಿ,Where irrigation,ರಾಜೀವ್ ಪಿ.,Rajiv P 
417,15/07/2013,ಭಾರೀ ಮತ್ತು ಮಧ್ಯಮ ನೀರಾವರಿ,Heavy and medium irrigation,ಮುದ್ದೇಬಿಹಾಳ - ಆಲಮಟ್ಟಿ ಮುಖ್ಯ ರಸ್ತೆ ಅಭಿವೃದ್ಧಿ ಕುರಿತು,Muddebahala - Alamatti on main road development,ಅಪ್ಪಾಜಿ ಚನ್ನಬಸವರಾಜ್ ಶಂಕರರಾವ್ ನಾಡಗೌಡ,Appaji Chanabasavaraj Shankarrao Nadgowda
418,15/07/2013,ಸಣ್ಣ ಕೈಗಾರಿಕೆ,Small industry,ಸಣ್ಣ ಕೈಗಾರಿಕಾ ವಸಾಹತುಗಳು,Small industrial colonies,ಜಗದೀಶ್ ಕುಮಾರ್ ಆರ್.,Jagdish Kumar R 
419,15/07/2013,ಕಂದಾಯ,Revenue,ಸಿಬ್ಬಂದಿಗಳ ಕೊರತೆ,Lack of staff,ಮಾನಪ್ಪ ಡಿ. ವಜ್ಜಲ್,Manappa D  Vajzal
420,15/07/2013,ಕಂದಾಯ,Revenue,ದಾಖಲೆಯ ಪ್ರತಿಗಳನ್ನು ಪಡೆಯಲು ರೈತರಿಗೆ ತೊಂದರೆ ಆಗುತ್ತಿರುವುದು,Farmers are having trouble getting record copies,ಬಣಕಾರ್ ಯು.ಬಿ.,Banakar UB
421,15/07/2013,ಕಾರ್ಮಿಕ,Labor,ಉದ್ಯೋಗ ಮತ್ತು ತರಬೇತಿ ಇಲಾಖೆಯಲ್ಲಿ ಜೆ.ಟಿ.ಓ. ಹುದ್ದೆಗೆ ನೇಮಕಾತಿ,JTO in Employment and Training Department Appointment to the post,ತನ್ವೀರ್ ಸೇಠ್,Tanvir Seth
422,15/07/2013,ಸಣ್ಣ ಕೈಗಾರಿಕೆ,Small industry,ಅನುದಾನ ಮಂಜೂರು,Grant grants,ಅಪ್ಪಾಜಿ ಚನ್ನಬಸವರಾಜ್ ಶಂಕರರಾವ್ ನಾಡಗೌಡ,Appaji Chanabasavaraj Shankarrao Nadgowda
423,15/07/2013,ಕಂದಾಯ,Revenue,ಅನುದಾನ ಬಿಡುಗಡೆ,Grant Release,ಅಪ್ಪಾಜಿ ಚನ್ನಬಸವರಾಜ್ ಶಂಕರರಾವ್ ನಾಡಗೌಡ,Appaji Chanabasavaraj Shankarrao Nadgowda
424,15/07/2013,ಸಣ್ಣ ನೀರಾವರಿ,Small irrigation,ಅನುದಾನ ಬಿಡುಗಡೆ,Grant Release,ಅಪ್ಪಾಜಿ ಚನ್ನಬಸವರಾಜ್ ಶಂಕರರಾವ್ ನಾಡಗೌಡ,Appaji Chanabasavaraj Shankarrao Nadgowda
425,15/07/2013,ಕಂದಾಯ,Revenue,ಆರಾಧನಾ ಯೋಜನೆ ಬಗ್ಗೆ,About the worship plan,ಬಣಕಾರ್ ಯು.ಬಿ.,Banakar UB
426,15/07/2013,ಭಾರೀ ಮತ್ತು ಮಧ್ಯಮ ನೀರಾವರಿ,Heavy and medium irrigation,"ಲೋಕಪಾವನಿ, ವೀರ ವೈಷ್ಣವಿ ನದಿಗಳ ಪುನಃಶ್ಚೇತನ","Lokapavani, the revival of Veera Vaishnavi rivers",ಚೆಲುವರಾಯಸ್ವಾಮಿ,Cheluvaraswamy
427,15/07/2013,ಭಾರೀ ಮತ್ತು ಮಧ್ಯಮ ನೀರಾವರಿ,Heavy and medium irrigation,ತುಂಗಭದ್ರ ಜಲಾಶಯದ ಹೂಳು ತೆಗೆಯುವುದು,Removal of Tungabhadra Reservoir,ಶಿವರಾಜ ಪಾಟೀಲ್ ಎಸ್.,Shivaraj Patil S 
428,15/07/2013,ಸಣ್ಣ ಕೈಗಾರಿಕೆ,Small industry,ಸಕ್ಕರೆ ಕಾರ್ಖಾನೆಗಳು ನೀಡಬೇಕಾಗಿರುವ ಬಾಕಿ,Pending sugar factories,ಈಶ್ವರ್ ಭೀಮಣ್ಣ ಖಂಡ್ರೆ,Ishwar Bhimanna Khandre
429,15/07/2013,ಅರಣ್ಯ,Forest,ಪ್ರಾಣಿಗಳ ರಕ್ಷಣೆ,Animal care,ಈಶ್ವರ್ ಭೀಮಣ್ಣ ಖಂಡ್ರೆ,Ishwar Bhimanna Khandre
430,15/07/2013,ಕಂದಾಯ,Revenue,ನಾಡ ಕಛೇರಿಗಳ ನಿರ್ವಹಣೆ,Management of Nad Offices,ಈಶ್ವರ್ ಭೀಮಣ್ಣ ಖಂಡ್ರೆ,Ishwar Bhimanna Khandre
431,15/07/2013,ಭಾರೀ ಮತ್ತು ಮಧ್ಯಮ ನೀರಾವರಿ,Heavy and medium irrigation,ಭಾಲ್ಕಿ ಕ್ಷೇತ್ರದ ನೀರಾವರಿ ಯೋಜನೆಗಳು,Bhalki sector irrigation projects,ಈಶ್ವರ್ ಭೀಮಣ್ಣ ಖಂಡ್ರೆ,Ishwar Bhimanna Khandre
432,15/07/2013,ಭಾರೀ ಮತ್ತು ಮಧ್ಯಮ ನೀರಾವರಿ,Heavy and medium irrigation,ಅರ್ಕಾವತಿ ನದಿಯನ್ನು ಥೇಮ್ಸ್ ನದಿಯ ಮಾದರಿಯಲ್ಲಿ ಪರಿವರ್ತಿಸುವುದು,Convert the Arkavati River to the Thames River,ಗೋಪಾಲಯ್ಯ,Gopalaiah
433,15/07/2013,ಕಂದಾಯ,Revenue,ಉತ್ತರ ಖಂಡ ರಾಜ್ಯದ ಕೇದಾರನಾಥ ಬದರಿ ಮುಂತಾದ ಕಡೆಗಳಲ್ಲಿ ಪ್ರವಾಹಕ್ಕೆ ಸಿಲುಕಿದ ಕನ್ನಡಿಗರು,Kannadigas flooded along the Kedarnath Badari in the northern state of Uttar Pradesh,ಗೋಪಾಲಯ್ಯ,Gopalaiah
434,15/07/2013,ಕಂದಾಯ,Revenue,ಸುಳ್ಳು ಜಾತಿ ಪ್ರಮಾಣ ಪತ್ರ,False caste certificate,ಗೋವಿಂದ ಎಂ. ಕಾರಜೋಳ,Govinda M  Carjola
435,15/07/2013,ಕಂದಾಯ,Revenue,ಸರ್ಕಾರಿ ಭೂಮಿ ಒತ್ತುವರಿ,Government land embargo,ಗುರುಪಾದಪ್ಪ ನಾಗಮಾರಪಲ್ಲಿ,Guruparappa Nagamarapally
436,15/07/2013,ಸಣ್ಣ ಕೈಗಾರಿಕೆ,Small industry,ಸಣ್ಣ ಕೈಗಾರಿಕೆಗಳ ಸ್ಥಾಪನೆ,Establishment of small industries,ಗುರುಪಾದಪ್ಪ ನಾಗಮಾರಪಲ್ಲಿ,Guruparappa Nagamarapally
437,15/07/2013,ಮುಜರಾಯಿ,Muzarai,ದೇವಾಲಯಗಳ ಅಭಿವೃದ್ಧಿ,Development of temples,ಗುರುಪಾದಪ್ಪ ನಾಗಮಾರಪಲ್ಲಿ,Guruparappa Nagamarapally
438,15/07/2013,ಅರಣ್ಯ,Forest,ಅರಣ್ಯ ಬೆಳೆಸುವುದು,Developing Forests,ಗುರುಪಾದಪ್ಪ ನಾಗಮಾರಪಲ್ಲಿ,Guruparappa Nagamarapally
439,15/07/2013,ಕಂದಾಯ,Revenue,ಆದಾಯ ಮತ್ತು ಜಾತಿ ಪ್ರಮಾಣ ಪತ್ರ ನೀಡಿಕೆಯಲ್ಲಿ ಸುಧಾರಣೆ,Improvement in Revenue and Caste Certificate Issuance,ಹ್ಯಾರಿಸ್ ಎನ್.ಎ.,Harris NA
440,15/07/2013,ಜವಳಿ,Textile,ನೇಕಾರರಿಗೆ ಬ್ಯಾಂಕ್ ಸಾಲ ಸೌಲಭ್ಯ ನೀಡಿಕೆ,Bank loan facility to weavers,ಹ್ಯಾರಿಸ್ ಎನ್.ಎ.,Harris NA
441,15/07/2013,ಅರಣ್ಯ,Forest,ಪರಿಸರ ಸಂರಕ್ಷಣೆಗಾಗಿ ಸರ್ಕಾರದ ಕ್ರಮಗಳು,Government measures for environment conservation,ಹ್ಯಾರಿಸ್ ಎನ್.ಎ.,Harris NA
442,15/07/2013,ಅರಣ್ಯ,Forest,ಅರಣ್ಯ ಸಂರಕ್ಷಣೆಗಾಗಿ ಸರ್ಕಾರದ ಕ್ರಮಗಳು,Government measures for forest conservation,ಹ್ಯಾರಿಸ್ ಎನ್.ಎ.,Harris NA
443,15/07/2013,ಅರಣ್ಯ,Forest,ಅರಣ್ಯ ಭೂವಲಯ ವಿವರ,Forest Landscape Profile,ಕೋಳಿವಾಡ ಕೆ.ಬಿ.,Kolivada kb
444,15/07/2013,ಕಂದಾಯ,Revenue,ನಲವಾಗಲು ಗ್ರಾಮ ಸ್ಥಳಾಂತರ,Transfer from village to village,ಕೋಳಿವಾಡ ಕೆ.ಬಿ.,Kolivada kb
445,15/07/2013,ಭಾರೀ ಮತ್ತು ಮಧ್ಯಮ ನೀರಾವರಿ,Heavy and medium irrigation,ನೀರಾವರಿ ವಂಚಿತರಾದ ರೈತರ ಜಮೀನು,Farmers Land Deprived of irrigation,ಕೋಳಿವಾಡ ಕೆ.ಬಿ.,Kolivada kb
446,15/07/2013,ಭಾರೀ ಮತ್ತು ಮಧ್ಯಮ ನೀರಾವರಿ,Heavy and medium irrigation,ತುಂಗಭದ್ರ ನದಿಗೆ ಬ್ಯಾರೇಜ್ ಗಳ ನಿರ್ಮಾಣ,Construction of barrels for the Tungabhadra river,ಕೋಳಿವಾಡ ಕೆ.ಬಿ.,Kolivada kb
447,15/07/2013,ಅರಣ್ಯ,Forest,ಅರಣ್ಯ ಪ್ರದೇಶದಲ್ಲಿ ಗಣಿಗಾರಿಕೆ,Mining in the forest area,ಮಲ್ಲಿಕಾರ್ಜುನ ಸಿದ್ದರಾಮಪ್ಪ ಖೂಬಾ,Mallikarjuna Siddarappa Khuba
448,15/07/2013,ಅರಣ್ಯ,Forest,ಅರಣ್ಯ ಇಲಾಖೆಗೆ ಬಾರದ ಹಣ,No money from the forest department,ಮಲ್ಲಿಕಾರ್ಜುನ ಸಿದ್ದರಾಮಪ್ಪ ಖೂಬಾ,Mallikarjuna Siddarappa Khuba
449,15/07/2013,ಕಂದಾಯ,Revenue,ಭೂಮಿ ಹಂಚಿಕೆ,Distribution of land,ಮಲ್ಲಿಕಾರ್ಜುನ ಸಿದ್ದರಾಮಪ್ಪ ಖೂಬಾ,Mallikarjuna Siddarappa Khuba
450,15/07/2013,ಸಣ್ಣ ಕೈಗಾರಿಕೆ,Small industry,ಸಣ್ಣ ಕೈಗಾರಿಕೆಗಳಿಗೆ ಸಹಾಯ ಧನ,Helping small industries,ಮಲ್ಲಿಕಾರ್ಜುನ ಸಿದ್ದರಾಮಪ್ಪ ಖೂಬಾ,Mallikarjuna Siddarappa Khuba
451,15/07/2013,ಸಣ್ಣ ಕೈಗಾರಿಕೆ,Small industry,ಸಣ್ಣ ಕೈಗಾರಿಕೆಗಳನ್ನು ಸ್ಥಾಪಿಸಲು ಭೂಮಿ ಮಂಜೂರಾತಿ,Land sanction to establish small industries,ಮಲ್ಲಿಕಾರ್ಜುನ ಸಿದ್ದರಾಮಪ್ಪ ಖೂಬಾ,Mallikarjuna Siddarappa Khuba
452,15/07/2013,ಮುಜರಾಯಿ,Muzarai,ಮುದಗಲ್ ಕೋಟೆ ಅಭಿವೃದ್ಧಿ,Mudgal fort develops,ಮಾನಪ್ಪ ಡಿ. ವಜ್ಜಲ್,Manappa D  Vajzal
453,15/07/2013,ಮುಜರಾಯಿ,Muzarai,ಅಮರೇಶ್ವರ ದೇವಸ್ಥಾನದ ಅಭಿವೃದ್ಧಿ,Development of Amareshwar Temple,ಮಾನಪ್ಪ ಡಿ. ವಜ್ಜಲ್,Manappa D  Vajzal
454,15/07/2013,ಕಂದಾಯ,Revenue,ನೌಕರರಿಗೆ ವಸತಿ ಗೃಹಗಳು,Real Estate for Employees,ಮಾನಪ್ಪ ಡಿ. ವಜ್ಜಲ್,Manappa D  Vajzal
455,15/07/2013,ಸಣ್ಣ ನೀರಾವರಿ,Small irrigation,ಕರಡಕಲ್ ಗ್ರಾಮದ ಅಭಿವೃದ್ಧಿ,Development of Karadakal Village,ಮಾನಪ್ಪ ಡಿ. ವಜ್ಜಲ್,Manappa D  Vajzal
456,15/07/2013,ಮುಜರಾಯಿ,Muzarai,ದೇವಾಲಯಗಳ ವಿವರ,Temple Details,ಮಂಜುನಾಥ ಜಿ.,Manjunath G 
457,15/07/2013,ಅರಣ್ಯ,Forest,ಸಾಮಾಜಿಕ ಹಾಗೂ ಪ್ರಾಥಮಿಕ ಅರಣ್ಯ ಭೂಮಿ ಒತ್ತುವರಿ,Social and primary forest land enclosure,ಮಂಜುನಾಥ ಜಿ.,Manjunath G 
458,15/07/2013,ಮುಜರಾಯಿ,Muzarai,ಗುಟ್ಟಹಳ್ಳಿ ಗ್ರಾಮೀಣ ದೇವಸ್ಥಾನಗಳು,Guttahalli Rural Temples,ಪಿಳ್ಳ ಮುನಿಶಾಮಪ್ಪ,Pillai Munisamappa
459,15/07/2013,ಸಣ್ಣ ಕೈಗಾರಿಕೆ,Small industry,ದೇವನಹಳ್ಳಿ - ವಿಜಯಪುರ ಪುರಸಭೆಗಳ ವ್ಯಾಪ್ತಿಯಲ್ಲಿ ಸಣ್ಣ ಕೈಗಾರಿಕೆಗಳನ್ನು ಪ್ರಾರಂಭಿಸುವುದು,Devanahalli - The launch of small industries in the vicinity of Vijayapur municipalities,ಪಿಳ್ಳ ಮುನಿಶಾಮಪ್ಪ,Pillai Munisamappa
460,15/07/2013,ಕಂದಾಯ,Revenue,"ದೇವನಹಳ್ಳಿ ತಾಲೂಕು, ಕಸಬಾ ಹೋಬಳಿ ಗುಟ್ಟಹಳ್ಳಿಯಲ್ಲಿ ಜಮೀನು ಗುತ್ತಿಗೆ ನೀಡಿರುವುದು","Land lease on Devanahalli Taluk, Kasaba Hobli Guttaahalli",ಪಿಳ್ಳ ಮುನಿಶಾಮಪ್ಪ,Pillai Munisamappa
461,15/07/2013,ಸಕ್ಕರೆ,Sugar,ಸಕ್ಕರೆ ಕಾರ್ಖಾನೆಗಳ ಬಾಕಿ ಹಣ,Sugar Factories Pending Money,ರಾಜೀವ್ ಪಿ.,Rajiv P 
462,15/07/2013,ಸಣ್ಣ ನೀರಾವರಿ,Small irrigation,ಕುಡಿಯುವ ನೀರಿನ ಸಮಸ್ಯೆ,Drinking water problem,ರಾಜೀವ್ ಪಿ.,Rajiv P 
463,15/07/2013,ಭಾರೀ ಮತ್ತು ಮಧ್ಯಮ ನೀರಾವರಿ,Heavy and medium irrigation,ಕುಡಚಿ ಸೇತುವೆ ಎತ್ತರಿಸುವಿಕೆ,Uphill Bridge lifting,ರಾಜೀವ್ ಪಿ.,Rajiv P 
464,15/07/2013,ಕಂದಾಯ,Revenue,ಪಹಣಿ ವಿತರಣೆ ಕೇಂದ್ರ,Pump Distribution Center,ರಾಜೀವ್ ಪಿ.,Rajiv P 
465,15/07/2013,ಭಾರೀ ಮತ್ತು ಮಧ್ಯಮ ನೀರಾವರಿ,Heavy and medium irrigation,ಜಲಸಂಪನ್ಮೂಲ ಕಾರ್ಯಯೋಜನೆ,Water Resource Program,ರಮೇಶ್ ಬಂಡಿಸಿದ್ದೇಗೌಡ ಎ.ಬಿ.,Ramesh Bundigida Gowda AB
466,15/07/2013,ಮೀನುಗಾರಿಕೆ,Fishing,ಮೀನುಗಾರಿಕಾ ಅಭಿವೃದ್ಧಿ,Fishing Development,ರಮೇಶ್ ಕುಮಾರ್ ಕೆ.ಆರ್.,Ramesh Kumar KR
467,15/07/2013,ಕಂದಾಯ,Revenue,ಹುದ್ದೆಗಳ ಭರ್ತಿ,Filling up posts,ರಮೇಶ್ ಕುಮಾರ್ ಕೆ.ಆರ್.,Ramesh Kumar KR
468,15/07/2013,ಅರಣ್ಯ,Forest,ಅರಣ್ಯ ಪ್ರದೇಶದ ವಿಸ್ತೀರ್ಣ,Area of ​​forest area,ರಮೇಶ್ ಕುಮಾರ್ ಕೆ.ಆರ್.,Ramesh Kumar KR
469,15/07/2013,ಕಂದಾಯ,Revenue,ಸುವರ್ಣ ಭೂಮಿ ಯೋಜನೆಗಳ ಫಲಾನುಭವಿಗಳ ವಿವರ,Details of Beneficiaries of Golden Earth Plans,ರವಿ ಸಿ.ಟಿ.,Ravi CT
470,15/07/2013,ಕಂದಾಯ,Revenue,ಸರ್ಕಾರಿ ಜಮೀನಿನ ಸ್ವಾಧೀನದ ಬಗ್ಗೆ,About Government Land Acquisition,ರವಿ ಸಿ.ಟಿ.,Ravi CT
471,15/07/2013,ಕಾರ್ಮಿಕ,Labor,ಐ.ಟಿ.ಐ. ಕಾಲೇಜುಗಳಿಗೆ ಮೂಲ ಸೌಕರ್ಯ,ITI Infrastructure for colleges,ರೇವಣ್ಣ ಹೆಚ್.ಡಿ.,Revanna HD
472,15/07/2013,ಕಂದಾಯ,Revenue,ಹೋಬಳಿ ಕೇಂದ್ರಗಳ ಘೋಷಣೆ,Declaration of Hobli Centers,ಶಿವಾನಂದ ಎಸ್. ಪಾಟೀಲ,Sivananda S  Patil
473,15/07/2013,ಕಾರ್ಮಿಕ,Labor,ಇಲಾಖಾ ಕಛೇರಿ ಮತ್ತು ನಿರೀಕ್ಷಕರ ಹುದ್ದೆ ಸೃಜಿಸುವುದು,Creating a post office and an assignee's post,ಸುಬ್ಬಾರೆಡ್ಡಿ ಎಸ್.ಎನ್.,Subburdy SN
474,15/07/2013,ಕಂದಾಯ,Revenue,ಮಂಜೂರಾದ ಮತ್ತು ಖಾಲಿ ಇರುವ ಜಮೀನಿನ ವಿವರ,Details of sanctioned and empty land,ಸುಬ್ಬಾರೆಡ್ಡಿ ಎಸ್.ಎನ್.,Subburdy SN
475,15/07/2013,ಕಾರ್ಮಿಕ,Labor,ಉದ್ಯೋಗ ಮತ್ತು ತರಬೇತಿ ಇಲಾಖೆಯಲ್ಲಿನ ಹುದ್ದೆಯ ಸೃಜನೆ,Creation of vacancies in the Department of Employment and Training,ತನ್ವೀರ್ ಸೇಠ್,Tanvir Seth
476,15/07/2013,ಕಾರ್ಮಿಕ,Labor,ಜಂಟಿ ನಿರ್ದೇಶಕರ ವಜಾ ಪ್ರಸ್ತಾವನೆ,Joint Director's Firing Proposal,ತನ್ವೀರ್ ಸೇಠ್,Tanvir Seth
477,15/07/2013,ಅರಣ್ಯ,Forest,ಆನೆಗಳ ದಾಳಿಗೆ ಸರ್ಕಾರ ಕೈಗೊಂಡ ಕ್ರಮ,Action taken by the government for attacking elephants,ತನ್ವೀರ್ ಸೇಠ್,Tanvir Seth
478,15/07/2013,ಮುಜರಾಯಿ,Muzarai,ಮಠ ಮಂದಿರಗಳಿಗೆ ಹಾಗು ದೇವಾಲಯಗಳಿಗೆ ಬಿಡುಗಡೆ ಮಾಡಿದ ಅನುದಾನ,Grants released to monasteries and temples,ವಸಂತ ಬಂಗೇರ ಕೆ.,Vasanth Bangera K 
479,15/07/2013,ಕಂದಾಯ,Revenue,ಆಕ್ರಮ ಸಕ್ರಮ ಜಾಗಗಳ ನಿವೇಶನಗಳು,Sites of Occupation Active Places,ವಸಂತ ಬಂಗೇರ ಕೆ.,Vasanth Bangera K 
480,15/07/2013,ಸಕ್ಕರೆ,Sugar,ಸಕ್ಕರೆ ಕಾರ್ಖಾನೆಗಳನ್ನು ಪುನಶ್ಚೇತನಗೊಳಿಸುವುದು,Renew sugar factories,ಯಶವಂತರಾಯಗೌಡ ವಿಠ್ಠಲಗೌಡ ಪಾಟೀಲ್,Yashwantra Gowda Vitthal Gowda Patil
481,15/07/2013,ಭಾರೀ ಮತ್ತು ಮಧ್ಯಮ ನೀರಾವರಿ,Heavy and medium irrigation,ಏತ ನೀರಾವರಿ ಯೋಜನೆ,What is irrigation scheme?,ಯಶವಂತರಾಯಗೌಡ ವಿಠ್ಠಲಗೌಡ ಪಾಟೀಲ್,Yashwantra Gowda Vitthal Gowda Patil
482,15/07/2013,ಕಂದಾಯ,Revenue,ಮಿನಿ ವಿಧಾನಸೌಧ ನಿರ್ಮಾಣ,Construction of Mini Methods,ಯಶವಂತರಾಯಗೌಡ ವಿಠ್ಠಲಗೌಡ ಪಾಟೀಲ್,Yashwantra Gowda Vitthal Gowda Patil
483,15/07/2013,ಸಣ್ಣ ಕೈಗಾರಿಕೆ,Small industry,ಕೆರೆಗೆ ನೀರು ತುಂಬುವ ಯೋಜನೆ,Planning water for the lake,ಯಶವಂತರಾಯಗೌಡ ವಿಠ್ಠಲಗೌಡ ಪಾಟೀಲ್,Yashwantra Gowda Vitthal Gowda Patil
484,16/07/2013,ನಗರಾಭಿವೃದ್ಧಿ,Urban development,ಬಿಬಿಎಂಪಿ. ಅಡಿಯಲ್ಲಿನ ಸುಲಭ್ ಶೌಚಾಲಯಗಳು,BBMP Easy toilets under,ರೋಷನ್ ಬೇಗ್ ಆರ್.,Roshan Baig R 
485,16/07/2013,ಕಾನೂನು ಮತ್ತು ಸಂಸದೀಯ ವ್ಯವಹಾರ,Law and Parliamentary Affairs,ಸಂಚಾರಿ ಹೈಕೋರ್ಟ್ ಪೀಠ,Circuit High Court,ಕೋಳೀವಾಡ ಕೆ.ಬಿ.,Kolivada KB
486,16/07/2013,ನಗರಾಭಿವೃದ್ಧಿ,Urban development,ಭೂವಲಯ ಪರಿವರ್ತನೆ ಮಾಡುವುದು,Transition to Earth,ಯಶವಂತರಾಯಗೌಡ ವಿಠ್ಠಲಗೌಡ ಪಾಟೀಲ್,Yashwantra Gowda Vitthal Gowda Patil
487,16/07/2013,ಗೃಹ,Home,ಕೋಮು ಗಲಭೆ ವಿವರ,Communal riot details,ರವಿ ಸಿ.ಟಿ.,Ravi CT
488,16/07/2013,ನಗರಾಭಿವೃದ್ಧಿ,Urban development,ಆಧಾರ್ ಕೇಂದ್ರಗಳು,Aadhaar Centers,ಚೆಲುವರಾಯಸ್ವಾಮಿ ಎನ್.,Cheluvaraswamy N 
489,16/07/2013,ಇಂಧನ,Fuel,ಟ್ರಾನ್ಸ್ ಫಾರ್ಮರ್ ಗಳು ಸುಟ್ಟು ಹೋಗಿರುವುದು,Transmers burned,ರಾಜೀವ ಪಿ.,Rajiva P 
490,16/07/2013,ಗಣಿ ಮತ್ತು ಭೂವಿಜ್ಞಾನ,Mine and geology,ಗಣಿಗಾರಿಕೆ ಬಗ್ಗೆ ಲೋಕಾಯುಕ್ತ ವರದಿ,Lokayukta report on mining,ಮಲ್ಲಿಕಾರ್ಜುನ ಸಿದ್ದರಾಮಪ್ಪ ಖೂಬಾ,Mallikarjuna Siddarappa Khuba
491,16/07/2013,ಪಶು ಸಂಗೋಪನೆ,Animal husbandry,ಪಶು ಆಹಾರದ ದರ ದ್ವಿಗುಣವಾಗಿರುವುದು,The rate of animal food is doubled,ರೇವಣ್ಣ ಹೆಚ್.ಡಿ.,Revanna HD
492,16/07/2013,ಇಂಧನ,Fuel,ಟ್ರಾನ್ಸ್ ಫಾರ್ಮರ್ ರಿಪೇರಿ ಕೇಂದ್ರ,Transmitter Repair Center,ರಮೇಶ್ ಬಂಡಿಸಿದ್ದೇಗೌಡ ಎ.ಬಿ.,Ramesh Bundigida Gowda AB
493,16/07/2013,ನಗರಾಭಿವೃದ್ಧಿ,Urban development,ನಮ್ಮ ಮೆಟ್ರೋ ನಿಲ್ದಾಣವನ್ನು ಸ್ಥಳಾಂತರಿಸುವುದು,Moving our metro station,ಗೋಪಾಲಯ್ಯ ಕೆ.,Gopalaiah K 
494,16/07/2013,ಗೃಹ,Home,ಅಗ್ನಿಶಾಮಕ ಠಾಣೆ ತೆರೆಯುವುದು,Open fire station,ಪಿಳ್ಳ ಮುನಿಶಾಮಪ್ಪ,Pillai Munisamappa
495,16/07/2013,ಅಡಳಿತ ಸುಧಾರಣೆ,Governance improvement,ಆಡಳಿತ ಸುಧಾರಣೆ ಆಯೋಗಕ್ಕೆ ಶ್ರೀ ಹಾರ್ನಹಳ್ಳಿ ರಾಮಸ್ವಾಮಿರವರ ನೇಮಕಾತಿ,Appointment of Mr. Hornahalli Ramaswamy to the Administrative Reforms Commission,ರಮೇಶ್ ಕುಮಾರ್ ಕೆ.ಆರ್.,Ramesh Kumar KR
496,16/07/2013,ಗೃಹ,Home,ಹೊಸ ಪೋಲಿಸ್ ಠಾಣೆಗಳನ್ನು ಪ್ರಾರಂಭಿಸುವುದು,Getting started new police stations,ತನ್ವೀರ್ ಸೇಠ್,Tanvir Seth
497,16/07/2013,ಪಶು ಸಂಗೋಪನೆ,Animal husbandry,ಹಾಲಿನ ಪ್ರೋತ್ಸಾಹ ಧನ,Milk incentives,ಪ್ರಕಾಶ್ ಹೆಚ್.ಎಸ್.,Prakash HS
498,16/07/2013,ನಗರಾಭಿವೃದ್ಧಿ,Urban development,ನಮ್ಮ ಮೆಟ್ರೋ ಕಾಮಗಾರಿ,Our Metro Works,ಅಪ್ಪಾಜಿ ಚನ್ನಬಸವರಾಜ್ ಶಂಕರರಾವ್ ನಾಡಗೌಡ,Appaji Chanabasavaraj Shankarrao Nadgowda
499,16/07/2013,ಇಂಧನ,Fuel,ಸಮರ್ಪಕ ವಿದ್ಯುತ್ ಪೂರೈಕೆ,Adequate power supply,ಅಪ್ಪಾಜಿ ಚನ್ನಬಸವರಾಜ್ ಶಂಕರರಾವ್ ನಾಡಗೌಡ,Appaji Chanabasavaraj Shankarrao Nadgowda
500,16/07/2013,ಗೃಹ,Home,ಗುಪ್ತ ದಳದ ಬಲವರ್ಧನೆ,Covert reinforcement,ಈಶ್ವರ ಭೀಮಣ್ಣ ಖಂಡ್ರೆ,Ishwar Bhimanna Khandre
501,16/07/2013,ಆರ್ಥಿಕ,Economy,ರಾಜ್ಯಕ್ಕೆ ಕೇಂದ್ರ ಸರ್ಕಾರದಿಂದ ಬಂದಿರುವ ಅನುದಾನ,Grants from the Central Government to the State,ಈಶ್ವರ ಭೀಮಣ್ಣ ಖಂಡ್ರೆ,Ishwar Bhimanna Khandre
502,16/07/2013,ಇಂಧನ,Fuel,ವಿದ್ಯುತ್ ಅಪಘಾತದಲ್ಲಿ ವೃತಪಟ್ಟಿರುವುದು,In an electric accident,ಈಶ್ವರ ಭೀಮಣ್ಣ ಖಂಡ್ರೆ,Ishwar Bhimanna Khandre
503,16/07/2013,ಪಶು ಸಂಗೋಪನೆ,Animal husbandry,ಹಾಲು ಶಿಥಲೀಕರಣ ಘಟಕ ಸ್ಥಾಪನೆ,Establishment of milk dehydration unit,ಈಶ್ವರ ಭೀಮಣ್ಣ ಖಂಡ್ರೆ,Ishwar Bhimanna Khandre
504,16/07/2013,ಇಂಧನ,Fuel,ಆಕ್ರಮ ವಿದ್ಯುತ್ ಸಂಪರ್ಕಗಳು,Invasive power connections,ಈಶ್ವರ ಭೀಮಣ್ಣ ಖಂಡ್ರೆ,Ishwar Bhimanna Khandre
505,16/07/2013,ಪಶು ಸಂಗೋಪನೆ,Animal husbandry,ನಂದಿನಿ ಶಾಪಿನ ಬಾಡಿಗೆ ಏರಿಸಿರುವುದು,Nandini Shop is rented up,ಗೋಪಾಲಯ್ಯ ಕೆ.,Gopalaiah K 
506,16/07/2013,ನಗರಾಭಿವೃದ್ಧಿ,Urban development,ಕಸ ವಿಲೇವಾರಿ ಸ್ಥಗಿತಗೊಂಡಿರುವುದು,Disposal of garbage disposal,ಗೋಪಾಲಯ್ಯ ಕೆ.,Gopalaiah K 
507,16/07/2013,ನಗರಾಭಿವೃದ್ಧಿ,Urban development,ಮಹಾ ಪೌರರ ಅನುದಾನದಲ್ಲಿ ಕೈಗೊಂಡ ಕಾಮಗಾರಿಗಳು,Works under the auspices of the Great Citizens,ಗೋಪಾಲಯ್ಯ ಕೆ.,Gopalaiah K 
508,16/07/2013,ಇಂಧನ,Fuel,ಹೊರ ರಾಜ್ಯಗಳಿಂದ ವಿದ್ಯುತ್ ಖರೀದಿ,Power purchase from outside states,ಗೋಪಾಲಯ್ಯ ಕೆ.,Gopalaiah K 
509,16/07/2013,ಆಡಳಿತ ಸುಧಾರಣೆ,Governance reform,ಸಚಿವರ ನಿವಾಸ / ಕಛೇರಿಗಳ ನವೀಕರಣ,Minister's Home / Offices Renewal,ಗುರುಪಾದಪ್ಪ ನಾಗಮಾರಪಲ್ಲಿ,Guruparappa Nagamarapally
510,16/07/2013,ಆಡಳಿತ ಸುಧಾರಣೆ,Governance reform,ಕೆ.ಪಿ.ಎಸ್.ಸಿ. ನೇಮಕಾತಿ ಹಗರಣ,KPSC Recruitment scandal,ಗುರುಪಾದಪ್ಪ ನಾಗಮಾರಪಲ್ಲಿ,Guruparappa Nagamarapally
511,16/07/2013,ಆಡಳಿತ ಸುಧಾರಣೆ,Governance reform,ಲೋಕಾಯುಕ್ತರ ವರದಿ,Lokayukta report,ಗುರುಪಾದಪ್ಪ ನಾಗಮಾರಪಲ್ಲಿ,Guruparappa Nagamarapally
512,16/07/2013,ನಗರಾಭಿವೃದ್ಧಿ,Urban development,ಕೈಗಾರಿಕೆಗಳ ಸ್ಥಾಪನೆ,Establishment of industries,ಗುರುಪಾದಪ್ಪ ನಾಗಮಾರಪಲ್ಲಿ,Guruparappa Nagamarapally
513,16/07/2013,ಆರ್ಥಿಕ,Economy,ವಿವಿಧ ತೆರಿಗೆಗಳ ಸಂಗ್ರಹಣೆ,Collection of various taxes,ಹ್ಯಾರಿಸ್ ಎನ್.ಎ.,Harris NA
514,16/07/2013,ನಗರಾಭಿವೃದ್ಧಿ,Urban development,ವಿಧಾನಸಭಾ ಕ್ಷೇತ್ರಾವಾರು ಕೈಗೊಂಡ ಅಭಿವೃದ್ಧಿ ಕಾಮಗಾರಿಗಳು,Development works undertaken by assembly constituencies,ಹ್ಯಾರಿಸ್ ಎನ್.ಎ.,Harris NA
515,16/07/2013,ನಗರಾಭಿವೃದ್ಧಿ,Urban development,ಕುಡಿಯುವ ನೀರಿನ ಸರಬರಾಜಿಗೆ ಪರ್ಯಾಯ ವ್ಯವಸ್ಥೆ,An alternative system for drinking water supply,ಹ್ಯಾರಿಸ್ ಎನ್.ಎ.,Harris NA
516,16/07/2013,ನಗರಾಭಿವೃದ್ಧಿ,Urban development,ಎಲಿವೇಟೆಡ್ ರಸ್ತೆ ನಿರ್ಮಾಣ,Elevated road construction,ಹ್ಯಾರಿಸ್ ಎನ್.ಎ.,Harris NA
517,16/07/2013,ಪಶು ಸಂಗೋಪನೆ,Animal husbandry,ಜಾನುವಾರುಗಳಿಗೆ ಮೇವು ಸರಬರಾಜು,Fodder for livestock,ಹ್ಯಾರಿಸ್ ಎನ್.ಎ.,Harris NA
518,16/07/2013,ಗೃಹ,Home,ಕಾರಾಗೃಹಗಳಲ್ಲಿನ ಸೌಕರ್ಯಗಳ ಮಾಹಿತಿ,Accommodation information in prisons,ಜಗದೀಶ್ ಕುಮಾರ್ ಆರ್.,Jagdish Kumar R 
519,16/07/2013,ಆಡಳಿತ ಸುಧಾರಣೆ,Governance reform,ಕೆ.ಐ.ಎ.ಡಿ.ಬಿ. ನೌಕರರ ಸೇವಾ ವಿವರ,KIADB Employee Service Profile,ಜಗದೀಶ್ ಕುಮಾರ್ ಆರ್.,Jagdish Kumar R 
520,16/07/2013,ಆಡಳಿತ ಸುಧಾರಣೆ,Governance reform,ಕೆ.ಯು.ಐ.ಡಿ.ಎಫ್.ಸಿ. ಯೋಜನೆ,KUIDFCF Plan,ಕೋಳಿವಾಡ ಕೆ.ಬಿ.,Kolivada kb
521,16/07/2013,ಬೃಹತ್ ಮತ್ತು ಮಧ್ಯಮ ಕೈಗಾರಿಕೆ,Large and medium enterprise,ಕೈಗಾರಿಕೆಗಳ ಸ್ಥಾಪನೆ,Establishment of industries,ಕೋಳಿವಾಡ ಕೆ.ಬಿ.,Kolivada kb
522,16/07/2013,ಗಣಿ ಮತ್ತು ಭೂವಿಜ್ಞಾನ,Mine and geology,ಗಣಿಕಾರಿಕೆಗೆ ಅನುಮತಿ,Permission for mining,ಮಲ್ಲಿಕಾರ್ಜುನ ಸಿದ್ದರಾಮಪ್ಪ ಖೂಬಾ,Mallikarjuna Siddarappa Khuba
523,16/07/2013,ಗೃಹ,Home,ಪೋಲಿಸ್ ಸಿಬ್ಬಂದಿ ಕೊರತೆ,The lack of police personnel,ಮಲ್ಲಿಕಾರ್ಜುನ ಸಿದ್ದರಾಮಪ್ಪ ಖೂಬಾ,Mallikarjuna Siddarappa Khuba
524,16/07/2013,ಗೃಹ,Home,ಕೇಂದ್ರ ಹಾಗೂ ರಾಜ್ಯ ಸರ್ಕಾರದ ಅನುದಾನ,Grants from Center and State Government,ಮಲ್ಲಿಕಾರ್ಜುನ ಸಿದ್ದರಾಮಪ್ಪ ಖೂಬಾ,Mallikarjuna Siddarappa Khuba
525,16/07/2013,ಆಡಳಿತ ಸುಧಾರಣೆ,Governance reform,ಕೆ.ಎ.ಎಸ್. ನಿಂದ ಐ.ಎ.ಎಸ್. ಗೆ ಬಡ್ತಿ ಪಡೆದಿರುವ ಅಧಿಕಾರಿಗಳು,KAS From IAS Promoted Officers,ಮಲ್ಲಿಕಾರ್ಜುನ ಸಿದ್ದರಾಮಪ್ಪ ಖೂಬಾ,Mallikarjuna Siddarappa Khuba
526,16/07/2013,ಪಶು ಸಂಗೋಪನೆ,Animal husbandry,ಪಶು ವೈದ್ಯರ ಕೊರತೆ,Lack of veterinarians,ರಾಜೀವ್ ಪಿ.,Rajiv P 
527,16/07/2013,ಗೃಹ,Home,ಆರಕ್ಷಕ ಠಾಣೆ ಮಂಜೂರು ಮಾಡುವುದು,Allocation of Police Station,ರಾಜೀವ್ ಪಿ.,Rajiv P 
528,16/07/2013,ಪಶು ಸಂಗೋಪನೆ,Animal husbandry,ಪಶು ವೈದ್ಯ ಆಸ್ಪತ್ರೆಗಳು,Veterinary Hospitals,ರಮೇಶ್ ಕುಮಾರ್ ಕೆ.ಆರ್.,Ramesh Kumar KR
529,16/07/2013,ಆಡಳಿತ ಸುಧಾರಣೆ,Governance reform,ಐ.ಎಫ್.ಎಸ್. ಅಧಿಕಾರಿಗಳ ವಿವರ,IFS Details of the officers,ರಮೇಶ್ ಕುಮಾರ್ ಕೆ.ಆರ್.,Ramesh Kumar KR
530,16/07/2013,ಗೃಹ,Home,Charges in the police department,Charges in the police department,ರಮೇಶ್ ಕುಮಾರ್ ಕೆ.ಆರ್.,Ramesh Kumar KR
531,16/07/2013,ನಗರಾಭಿವೃದ್ಧಿ,Urban development,ರಸ್ತೆಗಳ ಅಗಲೀಕರಣ,Roads widening,ರವಿಸುಬ್ರಹ್ಮಣ್ಯ ಎಲ್.ಎ.,Ravi Brahmanya L A 
532,16/07/2013,ಗೃಹ,Home,ಪೋಲಿಸ್ ಠಾಣೆಗಳಲ್ಲಿ ಸಿ.ಸಿ. ಟಿ.ವಿ. ಅಳವಡಿಕೆ,Cc in police stations TV show Adaptation,ರವಿಸುಬ್ರಹ್ಮಣ್ಯ ಎಲ್.ಎ.,Ravi Brahmanya L A 
533,16/07/2013,ಆಡಳಿತ ಸುಧಾರಣೆ,Governance reform,ಸರ್ಕಾರಿ ಇಲಾಖೆಗಳ ವಿವರ ಒದಗಿಸುವುದು,Providing details of government departments,ರವಿಸುಬ್ರಹ್ಮಣ್ಯ ಎಲ್.ಎ.,Ravi Brahmanya L A 
534,16/07/2013,ನಗರಾಭಿವೃದ್ಧಿ,Urban development,Appointment of Poura Karmikas in BBMP,Appointment of Poura Karmikas in BBMP,ರೋಷನ್ ಬೇಗ್ ಆರ್.,Roshan Baig R 
535,16/07/2013,ನಗರಾಭಿವೃದ್ಧಿ,Urban development,ಕಾಮಗಾರಿಗಳ ಹಾಗು ಇತರೆ ಅಭಿವೃದ್ಧಿ ಕಾರ್ಯಗಳು,Works and other development activities,ಸತೀಶ್ ರೆಡ್ಡಿ ಎಂ.,Satish Reddy M 
536,16/07/2013,ನಗರಾಭಿವೃದ್ಧಿ,Urban development,ಕಾವೇರಿ ೪ನೇ ಹಂತ ೨ನೇ ಘಟ್ಟದ ನೀರಿನ ಸರಬರಾಜು,Cauvery 4th Stage 2nd Stage Water Supply,ಸತೀಶ್ ರೆಡ್ಡಿ ಎಂ.,Satish Reddy M 
537,16/07/2013,ಇಂಧನ,Fuel,ಕೂಡಗಿ ಉಷ್ಣ ವಿದ್ಯುತ್ ಸ್ಥಾವರ,The thermal power plant in addition,ಶಿವಾನಂದ ಎಸ್. ಪಾಟೀಲ,Sivananda S  Patil
538,16/07/2013,ಗಣಿ ಮತ್ತು ಭೂವಿಜ್ಞಾನ,Mine and geology,ಅನಧೀಕೃತ ಗಣಗಾರಿಕೆ ನಡೆಸುತ್ತಿರುವುದು,Unauthorized computing,ಸುಬ್ಬಾರೆಡ್ಡಿ ಎಸ್.ಎನ್.,Subburdy SN
539,16/07/2013,ಗೃಹ,Home,ಪೋಲಿಸ್ ಆಧುನೀಕರಣ ಯೋಜನೆ,Police Modernization Plan,ಸುರೇಶ್ ಬಾಬು ಸಿ.ಬಿ.,Suresh Babu CB
540,16/07/2013,ಇಂಧನ,Fuel,ಕಂಬಗಳ ಜೊತೆ ಅಳವಡಿಸಲಾದ ಟಿ.ವಿ. ಕೇಬಲ್ ವಯರ್ ಗಳ ತೆರವುಗೊಳಿಸುವುದು,Inserted TV with pillars Clearing cable wires,ಸುರೇಶ್ ಬಾಬು ಸಿ.ಬಿ.,Suresh Babu CB
541,16/07/2013,ಆರ್ಥಿಕ,Economy,ವಿವಿಧ ಲೆಕ್ಕ ಶೀರ್ಷಿಕೆಯಡಿ ಬಿಡುಗಡೆ ಮಾಡಿದ ಮೊತ್ತ,Amount released under different accounting captions,ವಸಂತ ಬಂಗೇರ ಕೆ.,Vasanth Bangera K 
542,16/07/2013,ಆಡಳಿತ ಸುಧಾರಣೆ,Governance reform,ಚುನಾವಣಾ ಖರ್ಚಿನ ವಿವರ,Election Expenditure Details,ವಸಂತ ಬಂಗೇರ ಕೆ.,Vasanth Bangera K 
543,16/07/2013,ಗೃಹ,Home,ಕು. ಸೌಜನ್ಯಳ ಅತ್ಯಾಚಾರ ಮತ್ತು ಕೊಲೆ ಪ್ರಕರಣದ ತನಿಖೆ,Ku Investigation on Sowjanya rape and murder case,ವಸಂತ ಬಂಗೇರ ಕೆ.,Vasanth Bangera K 
544,16/07/2013,ಆಡಳಿತ ಸುಧಾರಣೆ,Governance reform,ವಿವಿಧ ಇಲಾಖೆಗಳಲ್ಲಿ ಖಾಲಿಯಿರುವ ಹುದ್ದೆಗಳ,Employed vacancies in various departments,ವಸಂತ ಬಂಗೇರ ಕೆ.,Vasanth Bangera K 
545,16/07/2013,ಇಂಧನ,Fuel,ವಿದ್ಯುತ್ ಸರಬರಾಜು ಕಂಪನಿಗಳಿಗೆ ಬಿಡುಗಡೆ ಮಾಡಿದ ಮೊತ್ತ,Amount released to power supply companies,ವಸಂತ ಬಂಗೇರ ಕೆ.,Vasanth Bangera K 
546,16/07/2013,ಗೃಹ,Home,ಪೋಲಿಸ್ ವಸತಿಗೃಹ ನಿರ್ಮಿಸುವುದು,Building a Police Hostel,ಯಶವಂತರಾಯಗೌಡ ವಿಠ್ಠಲಗೌಡ ಪಾಟೀಲ್,Yashwantra Gowda Vitthal Gowda Patil
547,17/07/2013,ಪ್ರಾಥಮಿಕ ಮತ್ತು ಪೌಢಶಿಕ್ಷಣ,Primary and Secondary Education,supply of uniform to the school children,supply of uniform to the school children,ಹ್ಯಾರೀಸ್ ಎನ್. ಎ.,Harris N A
548,17/07/2013,ವಸತಿ,Housing,Grievances of Suryanagar 3rd Phase,Grievances of Suryanagar 3rd Phase,ರವಿಸುಬ್ರಹ್ಮಣ್ಯ ಎಲ್.ಎ.,Ravi Brahmanya L A 
549,17/07/2013,ಉನ್ನತ ಶಿಕ್ಷಣ,Higher education,Funcationing of Karnataka Examination Authority,Funcationing of Karnataka Examination Authority,ರೇವಣ್ಣ ಹೆಚ್.ಡಿ.,Revanna HD
550,17/07/2013,ಉನ್ನತ ಶಿಕ್ಷಣ,Higher education,Tourism Development,Tourism Development,ತನ್ವೀರ್ ಸೇಠ್,Tanvir Seth
551,17/07/2013,ನಗರಾಭಿವೃದ್ಧಿ,Urban development,Providing Infrastructure to Raichur City,Providing Infrastructure to Raichur City,ಶಿವರಾಜ್ ಪಾಟೀಲ್ ಎಸ್.,Shivaraj Patil S 
552,17/07/2013,ಗ್ರಾಮೀಣಾಭಿವೃದ್ಧಿ ಮತ್ತು ಪಂಚಾಯತ್ ರಾಜ್,Rural Development and Panchayat Raj,Problem of Drinking Water,Problem of Drinking Water,ಪಿಳ್ಳ ಮುನಿಶಾಮಪ್ಪ,Pillai Munisamappa
553,17/07/2013,ಉನ್ನತ ಶಿಕ್ಷಣ,Higher education,Private Engineering Colleges,Private Engineering Colleges,ಪ್ರಕಾಶ್ ಹೆಚ್.ಎಸ್.,Prakash HS
554,17/07/2013,ಗ್ರಾಮೀಣಾಭಿವೃದ್ಧಿ ಮತ್ತು ಪಂಚಾಯತ್ ರಾಜ್,Rural Development and Panchayat Raj,Upgraded the Zilla Panchayat Roads,Upgraded the Zilla Panchayat Roads,ಶಿವಶಂಕರ ರೆಡ್ಡಿ ಎನ್. ಹೆಚ್.,Shivshankar Reddy N  H 
555,17/07/2013,ಪ್ರಾಥಮಿಕ ಮತ್ತು ಪ್ರೌಢಶಿಕ್ಷಣ,Primary and secondary education,Opening the Government HIgh Schools,Opening the Government HIgh Schools,ಸುರೇಶ್ ಬಾಬು ಸಿ.ಬಿ.,Suresh Babu CB
556,17/07/2013,ಉನ್ನತ ಶಿಕ್ಷಣ,Higher education,Grievances in First Grade College of Ranebennur City,Grievances in First Grade College of Ranebennur City,ಕೋಳಿವಾಡ ಕೆ.ಬಿ.,Kolivada kb
557,17/07/2013,ಗ್ರಾಮೀಣಾಭಿವೃದ್ಧಿ ಮತ್ತು ಪಂಚಾಯತ್ ರಾಜ್,Rural Development and Panchayat Raj,Decline in Ground Water Level,Decline in Ground Water Level,ಚೆಲುವರಾಯಸ್ವಾಮಿ ಎನ್.,Cheluvaraswamy N 
558,17/07/2013,ಮಹಿಳಾ ಮತ್ತು ಮಕ್ಕಳ ಅಭಿವೃದ್ಧಿ,Women and Child Development,Anganawadi Building,Anganawadi Building,ರಾಜೀವ್ ಪಿ.,Rajiv P 
559,17/07/2013,ಗ್ರಾಮೀಣಾಭಿವೃದ್ಧಿ ಮತ್ತು ಪಂಚಾಯತ್ ರಾಜ್,Rural Development and Panchayat Raj,Grant of Swarna Jayanthi Gram Swarojgar Yojane,Grant of Swarna Jayanthi Gram Swarojgar Yojane,ವಸಂತ ಬಂಗೇರ ಕೆ.,Vasanth Bangera K 
560,17/07/2013,ಉನ್ನತ ಶಿಕ್ಷಣ,Higher education,Problems of the teaching staff in govenrment first grade college,Problems of the teaching staff in govenrment first grade college,ಶಿವಾನಂದ ಎಸ್. ಪಾಟೀಲ,Sivananda S  Patil
561,17/07/2013,ಉನ್ನತ ಶಿಕ್ಷಣ,Higher education,Grant for Tourism Development,Grant for Tourism Development,ಅಪ್ಪಾಜಿ ಚನ್ನಬಸವರಾಜ್ ಶಂಕರರಾವ್ ನಾಡಗೌಡ,Appaji Chanabasavaraj Shankarrao Nadgowda
562,17/07/2013,ಗ್ರಾಮೀಣಾಭಿವೃದ್ಧಿ ಮತ್ತು ಪಂಚಾಯತ್ ರಾಜ್,Rural Development and Panchayat Raj,ಸುವರ್ಣ ಗ್ರಾಮ ಯೋಜನೆ,Suvarna village project,ಅಪ್ಪಾಜಿ ಚನ್ನಬಸವರಾಜ್ ಶಂಕರರಾವ್ ನಾಡಗೌಡ,Appaji Chanabasavaraj Shankarrao Nadgowda
563,17/07/2013,ಗ್ರಾಮೀಣಾಭಿವೃದ್ಧಿ ಮತ್ತು ಪಂಚಾಯತ್ ರಾಜ್,Rural Development and Panchayat Raj,ಗ್ರಾಮಪಂಚಾಯಿತಿಗಳ ವಿದ್ಯುತ್ ಬಿಲ್ ಬಾಕಿ,Electricity bill is pending,ಬಣಕಾರ್ ಯು.ಬಿ.,Banakar UB
564,17/07/2013,ಗ್ರಾಮೀಣಾಭಿವೃದ್ಧಿ ಮತ್ತು ಪಂಚಾಯತ್ ರಾಜ್,Rural Development and Panchayat Raj,ಪಂಚಾಯತ್ ಅಭಿವೃದ್ಧಿ ಅದಿಕಾರಿಗಳ ಹುದ್ದೆ,Post of Panchayat Development Authorities,ಬಣಕಾರ್ ಯು.ಬಿ.,Banakar UB
565,17/07/2013,ವಸತಿ,Housing,ರಾಯಚೂರು ನಗರದಲ್ಲಿರುವ ಕೊಳಚೆ ಪ್ರದೇಶಗಳ ಅಭಿವೃದ್ದಿ,Development of slums in Raichur city,ಶಿವರಾಜ ಪಾಟೀಲ್ ಎಸ್.,Shivaraj Patil S 
566,17/07/2013,ಮಹಿಳಾ ಮತ್ತು ಮಕ್ಕಳ ಅಭಿವೃದ್ಧಿ,Women and Child Development,ಖಾಲಿ ಇರುವ ಹುದ್ದೆಗಳು,Vacant posts,ಶಿವರಾಜ ಪಾಟೀಲ್ ಎಸ್.,Shivaraj Patil S 
567,17/07/2013,ಗ್ರಾಮೀಣಾಭಿವೃದ್ಧಿ ಮತ್ತು ಪಂಚಾಯತ್ ರಾಜ್,Rural Development and Panchayat Raj,ನರೇಗಾ ಯೋಜನೆ ಅನುಷ್ಠಾನ,Implementation of the Narega Plan,ಈಶ್ವರ್ ಭೀಮಣ್ಣ ಖಂಡ್ರೆ,Ishwar Bhimanna Khandre
568,17/07/2013,ಉನ್ನತ ಶಿಕ್ಷಣ,Higher education,ಕಾಲೇಜು ಸಿಬ್ಬಂದಿಗಳ ಭರ್ತಿ,Complete college staff,ಈಶ್ವರ್ ಭೀಮಣ್ಣ ಖಂಡ್ರೆ,Ishwar Bhimanna Khandre
569,17/07/2013,ವಸತಿ,Housing,ಮನೆಗಳ ನಿರ್ಮಾಣ,Construction of houses,ಈಶ್ವರ್ ಭೀಮಣ್ಣ ಖಂಡ್ರೆ,Ishwar Bhimanna Khandre
570,17/07/2013,ಅಬಕಾರಿ,Excuse,ಮದ್ಯದ ಅಂಗಡಿಗಳು,Alcohol Shops,ಈಶ್ವರ್ ಭೀಮಣ್ಣ ಖಂಡ್ರೆ,Ishwar Bhimanna Khandre
571,17/07/2013,ಗ್ರಾಮೀಣಾಭಿವೃದ್ಧಿ ಮತ್ತು ಪಂಚಾಯತ್ ರಾಜ್,Rural Development and Panchayat Raj,ಜಲ ನಿರ್ಮಲ ಯೋಜನೆ,Water Cleanup Project,ಈಶ್ವರ್ ಭೀಮಣ್ಣ ಖಂಡ್ರೆ,Ishwar Bhimanna Khandre
572,17/07/2013,ಉನ್ನತ ಶಿಕ್ಷಣ,Higher education,ಸರ್ಕಾರಿ ಪದವಿ ಕಾಲೇಜುಗಳ ಪ್ರವೇಶ,Access to Government Degree Colleges,ಗೋಪಾಲಯ್ಯ ಕೆ.,Gopalaiah K 
573,17/07/2013,ಕನ್ನಡ ಮತ್ತು ಸಂಸ್ಕೃತಿ,Kannada and culture,ಡಾ. ರಾಜಕುಮಾರ್ ಹಾಗು ಡಾ. ವಿಷ್ಣುವಧFನ್ ಸಮಾಧಿ ಸ್ಥಳಗಳ ಕಾಮಗಾರಿಗಳು,Dr. Rajkumar and Dr. Works of Tomb of Vishnu Finn,ಗೋಪಾಲಯ್ಯ ಕೆ.,Gopalaiah K 
574,17/07/2013,ಮಹಿಳಾ ಮತ್ತು ಮಕ್ಕಳ ಅಭಿವೃದ್ಧಿ,Women and Child Development,ಹಿರಿಯ ನಾಗರೀಕರ ಗುರುತಿನ ಚೀಟಿ ವಿತರಣೆ,Senior Citizens Identification Card Issue,ಗೋಪಾಲಯ್ಯ ಕೆ.,Gopalaiah K 
575,17/07/2013,ಉನ್ನತ ಶಿಕ್ಷಣ,Higher education,ವಿಶ್ವ ವಿದ್ಯಾನಿಲಯಗಳಲ್ಲಿ ಬೋಧಕ ಹಾಗು ಬೋಧಕೇತರ ಹುದ್ದೆಗಳು,Faculty and non-teaching posts in universities,ಗೋಪಾಲಯ್ಯ ಕೆ.,Gopalaiah K 
576,17/07/2013,ಪ್ರಾಥಮಿಕ ಮತ್ತು ಪ್ರೌಢಶಿಕ್ಷಣ,Primary and secondary education,ಆರ್.ಟಿ.ಇ. ಅಡಿ ನೀಡಿದ ಪ್ರವೇಶಗಳು,RTE Footed entrances,ಗೋಪಾಲಯ್ಯ ಕೆ.,Gopalaiah K 
577,17/07/2013,ವಸತಿ,Housing,ವಿವಿಧ ವಸತಿ ಯೋಜನೆಗಳಲ್ಲಿ ಮನೆಗಳ ನಿರ್ಮಾಣ,Construction of houses in various residential schemes,ಗುರುಪಾದಪ್ಪ ನಾಗಮಾರಪಲ್ಲಿ,Guruparappa Nagamarapally
578,17/07/2013,ಅಬಕಾರಿ,Excuse,ರಾಜ್ಯದಲ್ಲಿ ಮದ್ಯಪಾನ ನಿಷೇಧ,Drinking alcohol in the state,ಗುರುಪಾದಪ್ಪ ನಾಗಮಾರಪಲ್ಲಿ,Guruparappa Nagamarapally
579,17/07/2013,ಗ್ರಾಮೀಣಾಭಿವೃದ್ಧಿ ಮತ್ತು ಪಂಚಾಯತ್ ರಾಜ್,Rural Development and Panchayat Raj,ಕುಡಿಯುವ ನೀರಿನ ಯೋಜನೆ,Drinking water project,ಗುರುಪಾದಪ್ಪ ನಾಗಮಾರಪಲ್ಲಿ,Guruparappa Nagamarapally
580,17/07/2013,ಪ್ರವಾಸೋಧ್ಯಮ,Tourism,ಪ್ರವಾನಿ ತಾಣಗಳ ಅಭಿವೃದ್ದಿ,Development of Pronunciation sites,ಗುರುಪಾದಪ್ಪ ನಾಗಮಾರಪಲ್ಲಿ,Guruparappa Nagamarapally
581,17/07/2013,ವಸತಿ,Housing,ವಸತಿ ಯೋಜನೆ ಅನುಷ್ಠಾನ,Implementation of Housing Scheme,ಹ್ಯಾರೀಸ್ ಎನ್. ಎ.,Harris N A
582,17/07/2013,ಗ್ರಾಮೀಣಾಭಿವೃದ್ದಿ ಮತ್ತು ಪಂಚಾಯತ್ ರಾಜ್,Rural Development and Panchayat Raj,ಇಲಾಖಾ ಯೋಜನೆಗಳ ಅನುಷ್ಠಾನ,Implementation of departmental projects,ಹ್ಯಾರೀಸ್ ಎನ್. ಎ.,Harris N A
583,17/07/2013,ಪ್ರಾಥಮಿಕ ಮತ್ತು ಪ್ರೌಢಶಿಕ್ಷಣ,Primary and secondary education,ಶಿಕ್ಷಣ ಹಕ್ಕು ಕಾಯೆದೆಯನ್ವಯ ಸೌಲಭ್ಯ ಪಡೆದ ವಿದ್ಯಾರ್ಥಿಗಳ ವಿವರ,Details of students who have obtained the Right to Education Act,ಹ್ಯಾರೀಸ್ ಎನ್. ಎ.,Harris N A
584,17/07/2013,ಉನ್ನತ ಶಿಕ್ಷಣ,Higher education,ಖಾಸಗಿ ವಲಯದ ವಿಶ್ವವಿದ್ಯಾಲಯಗಳು,Private sector universities,ಹ್ಯಾರೀಸ್ ಎನ್. ಎ.,Harris N A
585,17/07/2013,ಅಬಕಾರಿ,Excuse,ಸಾರಾಯಿ ವಹಿವಾಟಿನ ಮಾಹಿತಿ,Information on transaction trading,ಜಗದೀಶ್ ಕುಮಾರ್ ಆರ್.,Jagdish Kumar R 
586,17/07/2013,ಪ್ರಾಥಮಿಕ ಮತ್ತು ಪ್ರೌಢಶಿಕ್ಷಣ,Primary and secondary education,ರಾಣೇಬೆನ್ನೂರು ನಗರದ ಪ್ರೌಢಶಾಲೆಗಳು,High Schools of Ranbennur,ಕೋಳಿವಾಡ ಕೆ.ಬಿ.,Kolivada kb
587,17/07/2013,ಪ್ರಾಥಮಿಕ ಮತ್ತು ಪ್ರೌಢಶಿಕ್ಷಣ,Primary and secondary education,ಶಾಲಾ ಕಟ್ಟಡಗಳ ನಿರ್ಮಾಣ,Construction of school buildings,ಮಲ್ಲಿಕಾರ್ಜುನ ಸಿದ್ದರಾಮಪ್ಪ ಖೂಬಾ,Mallikarjuna Siddarappa Khuba
588,17/07/2013,ಪ್ರಾಥಮಿಕ ಮತ್ತು ಪ್ರೌಢಶಿಕ್ಷಣ,Primary and secondary education,ಹೊಸ ಪ್ರಾಥಮಿಕ ಶಾಲೆಗಳ ಪ್ರಾರಂಭ,Start of New Primary Schools,ಮಲ್ಲಿಕಾರ್ಜುನ ಸಿದ್ದರಾಮಪ್ಪ ಖೂಬಾ,Mallikarjuna Siddarappa Khuba
589,17/07/2013,ಪ್ರಾಥಮಿಕ ಮತ್ತು ಪ್ರೌಢಶಿಕ್ಷಣ,Primary and secondary education,ಪ್ರಾಥಮಿಕ ಶಿಕ್ಷಣ ಇಲಾಖೆಗೆ ಅನುದಾನ,Grants to the Primary Education Department,ಮಲ್ಲಿಕಾರ್ಜುನ ಸಿದ್ದರಾಮಪ್ಪ ಖೂಬಾ,Mallikarjuna Siddarappa Khuba
590,17/07/2013,ಉನ್ನತ ಶಿಕ್ಷಣ,Higher education,ಪದವಿ ಕಾಲೇಜುಗಳ ಸ್ಥಾಪನೆ,Establishment of degree colleges,ಮಲ್ಲಿಕಾರ್ಜುನ ಸಿದ್ದರಾಮಪ್ಪ ಖೂಬಾ,Mallikarjuna Siddarappa Khuba
591,17/07/2013,ಉನ್ನತ ಶಿಕ್ಷಣ,Higher education,ಉನ್ನತ ಶಿಕ್ಷಣ ಇಲಾಖೆಯ ಅನುದಾನ,Grants from Higher Education Department,ಮಲ್ಲಿಕಾರ್ಜುನ ಸಿದ್ದರಾಮಪ್ಪ ಖೂಬಾ,Mallikarjuna Siddarappa Khuba
592,17/07/2013,ಉನ್ನತ ಶಿಕ್ಷಣ,Higher education,ಹೊಸದಾಗಿ ಇಂಜಿನಿಯರಿಂಗ್ ಕಾಲೇಜು ಮಂಜೂರಾತಿ,Newly sanctioned engineering college,ಮಾನಪ್ಪ ಡಿ. ವಜ್ಜಲ್,Manappa D  Vajzal
593,17/07/2013,ಪ್ರಾಥಮಿಕ ಮತ್ತು ಪೌಢಶಿಕ್ಷಣ,Primary and Secondary Education,ಶಿಕ್ಷಕರ ಕೊರತೆ,Lack of teachers,ರಾಜೀವ ಪಿ.,Rajiva P 
594,17/07/2013,ಉನ್ನತ ಶಿಕ್ಷಣ,Higher education,ರಾಜ್ಯದಲ್ಲಿರುವ ವಿಶ್ವವಿದ್ಯಾಲಯಗಳ ಮಾಹಿತಿ,Information on universities in the state,ರವಿ ಸಿ.ಟಿ.,Ravi CT
595,17/07/2013,ವಸತಿ,Housing,ವಸತಿ ಹಂಚಿಕೆಯ ವಿವರಗಳು,Residential Sharing Details,ರವಿ ಸಿ.ಟಿ.,Ravi CT
596,17/07/2013,ಉನ್ನತ ಶಿಕ್ಷಣ,Higher education,ರಾಜ್ಯದಲ್ಲಿರುವ ನಿರುದ್ಯೋಗಿ ಪದವೀಧರರ ವಿವರ,Details of unemployed graduates in the state,ರವಿ ಸಿ.ಟಿ.,Ravi CT
597,17/07/2013,ಉನ್ನತ ಶಿಕ್ಷಣ,Higher education,ಎಂ.ಟಿ.ಎ. ಪದವೀಧರರಿಗೆ ಸರ್ಕಾರಿ ಉದ್ಯೋಗಾವಕಾಶ,MTA Government Careers for Graduates,ರವಿ ಸುಬ್ರಮಣ್ಯ ಎಲ್.ಎ.,Ravi Subramanya L A 
598,17/07/2013,ಅಬಕಾರಿ,Excuse,ಹೊಸದಾಗಿ ಸಿ.ಎಲ್.೨ ಹಾಗು ಬಾರ್ ತೆರೆಯಲು ಪರವಾನಗಿ,Newly licensed to open CL2 and Bar,ರವಿ ಸುಬ್ರಮಣ್ಯ ಎಲ್.ಎ.,Ravi Subramanya L A 
599,17/07/2013,ಪ್ರಾಥಮಿಕ ಮತ್ತು ಪ್ರೌಢಶಿಕ್ಷಣ,Primary and secondary education,ಅತಿಥಿ ಸಹ ಶಿಕ್ಷಕರ ನೇಮಕಾತಿ,Guest is also a Teacher Appointment,ರವಿ ಸುಬ್ರಮಣ್ಯ ಎಲ್.ಎ.,Ravi Subramanya L A 
600,17/07/2013,ಉನ್ನತ ಶಿಕ್ಷಣ,Higher education,ಸರ್ಕಾರಿ ಇಂಜಿನಿಯರಿಂಗ್ ಕಾಲೇಜುಗಳ ವಿವರ,Details of Government Engineering Colleges,ರೇವಣ್ಣ ಹೆಚ್.ಡಿ.,Revanna HD
601,17/07/2013,ಉನ್ನತ ಶಿಕ್ಷಣ,Higher education,ಬೋಧಕ / ಬೋಧಕೇತರ ಸಿಬ್ಬಂದಿಗಳ ನೇಮಕ,Appointment of instructor / non-teaching staff,ರೇವಣ್ಣ ಹೆಚ್.ಡಿ.,Revanna HD
602,17/07/2013,ಗ್ರಾಮೀಣಾಭಿವೃದ್ಧಿ ಮತ್ತು ಪಂಚಾಯತ್ ರಾಜ್,Rural Development and Panchayat Raj,ಕುಡಿಯುವ ನೀರಿನ ಸಮಸ್ಯೆ,Drinking water problem,ಸುಬ್ಬಾರೆಡ್ಡಿ ಎಸ್.ಎನ್.,Subburdy SN
603,17/07/2013,ಗ್ರಾಮೀಣಾಭಿವೃದ್ಧಿ ಮತ್ತು ಪಂಚಾಯತ್ ರಾಜ್,Rural Development and Panchayat Raj,ಕೇಂದ್ರ ಪುರಸ್ಕೃತ ಜೀತ ಮುಕ್ತರ ಪುನರ್ವಸತಿ ಕಾರ್ಯ ಯೋಜನೆ,Central Received Free Free Rehabilitation Program,ವಸಂತ ಬಂಗೇರ ಕೆ.,Vasanth Bangera K 
604,17/07/2013,ಮಹಿಳಾ ಮತ್ತು ಮಕ್ಕಳ ಅಭಿವೃದ್ಧಿ,Women and Child Development,ಅಂಗನವಾಡಿ ಕಟ್ಟಡ,Anganwadi Building,ವಸಂತ ಬಂಗೇರ ಕೆ.,Vasanth Bangera K 
605,19/07/2013,ಪೌರಾಡಳಿತ,Municipality,ಟೌನ್ ಪಂಚಾಯತ್ ಜಪುರಸಭೆಗಳಿಂದ ನಿರ್ಮಿಸಿರುವ ಕಾಂಪ್ಷೆಕ್ಸ್,Compositions made by Town Panchayat junctions,ಮಧು ಬಂಗಾರಪ್ಪ,Madhu Bangarappa
606,19/07/2013,ಪೌರಾಡಳಿತ,Municipality,ಒಳಚರಂಡಿ ಮತ್ತು ಕುಡಿಯುವ ನೀರಿನ ಯೋಜನೆ,Drainage and Drinking Water Planning,ಕುಮಾರಸ್ವಾಮಿ ಹೆಚ್.ಕೆ.,Kumaraswamy HK
607,19/07/2013,ಲೋಕೋಪಯೋಗಿ,Public service,ರಾಜ್ಯ ರೆದ್ದಾರಿ ಅಭಿವೃದ್ಧಿ ಯೋಜನೆ,State Rural Development Project,ಯಡಿಯೂರಪ್ಪ ಬಿ.ಎಸ್.,Yeddyurappa BS
608,19/07/2013,ಲೋಕೋಪಯೋಗಿ,Public service,"ಶಿರಾ - ಮಾಯಸಂದ್ರ,. ಗುಬ್ಬಿ-ಮಾಯಸಂದ್ರ ರಸ್ತೆಗಳ ಅಭಿವೃದ್ಧಿ","Shira - Mayasandra, Gubbi-Mayasandra road development",ಚೆಲುವರಾಯಸ್ವಾಮಿ ಎನ್.,Cheluvaraswamy N 
609,19/07/2013,ಕೃಷಿ,Farming,ನರಗುಂದ ವಿಧಾನಸಭಾ ಮತಕ್ಷೇತ್ರದಲ್ಲಿ ನೀಡಿರುವ ಸಬ್ಸಿಡಿ,Subsidy given in Narangunda Assembly constituency,ಯಾವಗಲ್ ಬಿ.ಆರ್.,Vaggal BR
610,19/07/2013,ಅಲ್ಪಸಂಖ್ಯಾತರ ಕಲ್ಯಾಣ,Minorities Welfare,ಅಲ್ಪಸಂಖ್ಯಾತರ ಅಭಿವೃದ್ಧಿ ನಿಗಮದ ಕಾರ್ಯಕ್ರಮಗಳು,Minorities Development Corporation Programs,ಹ್ಯಾರೀಸ್ ಎನ್. ಎ.,Harris N A
611,19/07/2013,ಲೋಕೋಪಯೋಗಿ,Public service,ಮರಳು ಲಾರಿಗಳ ಸಂಚಾರದಿಂದ ರಸ್ತೆ ಹಾಳಾಗಿರುವುದು,Road traffic is damaged by sand lorries,ನರೇಂದ್ರಸ್ವಾಮಿ ಪಿ.ಎಂ.,Narendra Swami PM
612,19/07/2013,ಲೋಕೋಪಯೋಗಿ,Public service,ಸಿಂಧನೂರು - ಲಿಂಗಸಗೂರು -19 ರಸ್ತೆಗೆ ಟೆಂಡರ್,Tenders to Sindhanur - Lingsaguru-19 Road,ಪ್ರತಾಪಗೌಡ ಪಾಟೀಲ್,Pratap Gowda Patil
613,19/07/2013,ಲೋಕೋಪಯೋಗಿ,Public service,ರಿಂಗ್ ರಸ್ತೆ,Ring road,ಶಿವಾನಂದ ಎಸ್. ಪಾಟೀಲ,Sivananda S  Patil
614,19/07/2013,ಕೃಷಿ ಮಾರುಕಟ್ಟೆ,Agricultural Market,ಹಾಲಿನ ವಿವರ ಹಾಗು ಸರಬರಾಜು,Milk Details and Supply,ರವಿ ಸಿ.ಟಿ.,Ravi CT
615,19/07/2013,ಕೃಷಿ ಮಾರುಕಟ್ಟೆ,Agricultural Market,ಉಗ್ರಾಣಗಳನ್ನು ನಿರ್ಮಿಸುವುದು,Building warehouses,ರಾಜೀವ್ ಪಿ.,Rajiv P 
616,19/07/2013,ಅಲ್ಪಸಂಖ್ಯಾತರ ಕಲ್ಯಾಣ,Minorities Welfare,ಅಲ್ಪಸಂಖ್ಯಾತರ ಅಭಿವೃದ್ಧಿ ಹಾಕಿಕೊಂಡಿರುವ ಕಾರ್ಯಕ್ರಮಗಳು,Programs Developed by Minorities,ಬಣಕಾರ್ ಯು.ಬಿ.,Banakar UB
617,19/07/2013,ಕೃಷಿ,Farming,ಜಲಾನಯನ ಅಭಿವೃದ್ಧಿ,Basin development,ರಾಜಣ್ಣ ಎಂ.,Rajanna M 
618,19/07/2013,ಕೃಷಿ ಮಾರುಕಟ್ಟೆ,Agricultural Market,ಕೃಷಿ ಉತ್ಪನ್ನ ಮಾರುಕಟ್ಟೆ ಮಂಜೂರಾತಿ,Agricultural Product Market Approval,ಪಾಟೀಲ್ ಎ.ಎಸ್.,Patil AS
619,19/07/2013,ಪೌರಾಡಳಿತ,Municipality,ಮೂಲಸೌಕರ್ಯಗಳಿಲ್ಲದ ನಗರ,City without infrastructure,ಮಾಲಕರೆಡ್ಡಿ ಎ.ಬಿ.,Mālaka Reddy AB
620,19/07/2013,ಸಹಕಾರ,Cooperation,ಗೊಬ್ಬರ ಚೀಲಗಳಲ್ಲಿ ಕಡಿಮೆ ತೂಕ,Less weight in fertilizer bags,ಅಪ್ಪಚ್ಚು ರಂಜನ್ ಎಂ.ಪಿ.,Appachan Ranjan MP
621,19/07/2013,ಲೋಕೋಪಯೋಗಿ,Public service,ಕಾಮಗಾರಿಗಳು,Works,ಅಪ್ಪಾಜಿ ಚನ್ನಬಸವರಾಜ್ ಶಂಕರರಾವ್ ನಾಡಗೌಡ,Appaji Chanabasavaraj Shankarrao Nadgowda
622,19/07/2013,ಕೃಷಿ,Farming,ಸಾವಯವ ಕೃಷಿ,Organic farming,ಅಪ್ಪಾಜಿ ಚನ್ನಬಸವರಾಜ್ ಶಂಕರರಾವ್ ನಾಡಗೌಡ,Appaji Chanabasavaraj Shankarrao Nadgowda
623,19/07/2013,ಲೋಕೋಪಯೋಗಿ,Public service,ರಾಜ್ಯ ಹೆದ್ದಾರಿಗಳನ್ನು ಸಂಪರ್ಕ ರಸ್ತೆಗಳನ್ನಾಗಿ ಮಾರ್ಪಡಿಸಿ ರಾಷ್ಟ್ರೀಯ ಹೆದ್ದಾರಿಯನ್ನಾಗಿ ಉನ್ನತಿಕರಿಸುವುದು,State Highways to be converted into roads and elevated to national highways,ಬಾದರ್ಲಿ ಹಂಪನಗೌಡ,Bādarli Hampana Gowda
624,19/07/2013,ಸಹಕಾರ,Cooperation,ಎನ್.ಟಿ.ಐ. ಗೃಹ ನಿರ್ಮಾಣ ಸಹಕಾರ ಸಂಘ,NTI Home Construction Co-operative Society,ಬಾಲಕೃಷ್ಣ ಹೆಚ್.ಸಿ.,Balakrishna H C 
625,19/07/2013,ಸಹಕಾರ,Cooperation,ಬಾಕಿ ಉಳಿದಿರುವ ಪ್ರಕರಣಗಳು,Pending cases,ಬಾಲಕೃಷ್ಣ ಹೆಚ್.ಸಿ.,Balakrishna H C 
626,19/07/2013,ಪೌರಾಡಳಿತ,Municipality,ಸಾರ್ವಜನಿಕ ಉದ್ದಿಮೆಗಳು,Public Enterprises,ಬಸವರಾಜ ರಾಯರೆಡ್ಡಿ,Basavaraja Royareddy
627,19/07/2013,ಲೋಕೋಪಯೋಗಿ,Public service,ರಾಜ್ಯದಲ್ಲಿರುವ ರಾಷ್ಟ್ರೀಯ ಹೆದ್ದಾರಿಗಳ ನಿರ್ವಹಣೆ,Maintenance of National Highways in the State,ಬಸವರಾಜ ರಾಯರೆಡ್ಡಿ,Basavaraja Royareddy
628,19/07/2013,ಕೃಷಿ ಮಾರುಕಟ್ಟೆ,Agricultural Market,ಎ.ಪಿ.ಎಂ.ಪಿ.ಯಲ್ಲಿ ಸಿಬ್ಬಂದಿ ಕೊರತೆ,The lack of staff at APMP,ಮಾಲಕರೆಡ್ಡಿ ಎ.ಬಿ.,Mālaka Reddy AB
629,19/07/2013,ಲೋಕೋಪಯೋಗಿ,Public service,ರಸ್ತೆಗಳ ದುರಸ್ತಿ,Road Repair,ಮಾಲಕರೆಡ್ಡಿ ಎ.ಬಿ.,Mālaka Reddy AB
630,19/07/2013,ಹಜ್ ಮತ್ತು ವಕ್ಫ್,Haj and Wakf,ವಕ್ಫ್ ಮಂಡಳಿಗೆ ಸೇರಿದ ಮಂಡಳಿ,Board of Wakf Board,ಈಶ್ವರ್ ಭೀಮಣ್ಣ ಖಂಡ್ರೆ,Ishwar Bhimanna Khandre
631,19/07/2013,ಸಾರ್ವಜನಿಕ ಉದ್ದಿಮೆ,Public enterprise,ಸಾರ್ವಜನಿಕ ಉದ್ದಿಮೆಗಳ ಲಾಭ ನಷ್ಟ,The profit loss of public enterprises,ಈಶ್ವರ್ ಭೀಮಣ್ಣ ಖಂಡ್ರೆ,Ishwar Bhimanna Khandre
632,19/07/2013,ಕೃಷಿ ಮಾರುಕಟ್ಟೆ,Agricultural Market,ನಬಾರ್ಡ್ ಯೋಜನೆಯ ಕಾಮಕಾರಿಗಳು,Nabard Project Comics,ಈಶ್ವರ್ ಭೀಮಣ್ಣ ಖಂಡ್ರೆ,Ishwar Bhimanna Khandre
633,19/07/2013,ಕೃಷಿ,Farming,ಕೃಷಿ ಕ್ಷೇತ್ರಕ್ಕೆ ವಿಶೇಷ ಪ್ಯಾಕೇಜ್,A special package for agriculture,ಈಶ್ವರ್ ಭೀಮಣ್ಣ ಖಂಡ್ರೆ,Ishwar Bhimanna Khandre
634,19/07/2013,ಸಹಕಾರ,Cooperation,ನಬಾರ್ಡ್ ಯೋಜನೆಯಲ್ಲಿ ಪಡೆದುಕೊಂಡಿರುವ ಸಾಲ,Debt Consolidation on Nabard Scheme,ಈಶ್ವರ್ ಭೀಮಣ್ಣ ಖಂಡ್ರೆ,Ishwar Bhimanna Khandre
635,19/07/2013,ಪೌರಾಡಳಿತ,Municipality,ಆಕ್ರಮ ಮನೆಗಳು,Occupied homes,ಗುರುಪಾದಪ್ಪ ನಾಗಮಾರಪಲ್ಲಿ,Guruparappa Nagamarapally
636,19/07/2013,ಸಹಕಾರ,Cooperation,ಅಸಲು ಮತ್ತು ಬಡ್ಡಿ ಮನ್ನಾ ಯೋಜನೆ,Basic and interest waiver scheme,ಗುರುಪಾದಪ್ಪ ನಾಗಮಾರಪಲ್ಲಿ,Guruparappa Nagamarapally
637,19/07/2013,ಹಜ್ ಮತ್ತು ವಕ್ಫ್,Haj and Wakf,ಶಾದಿ ಮಹಲುಗಳ ನಿರ್ಮಾಣ,Construction of Shadi mansions,ಗುರುಪಾದಪ್ಪ ನಾಗಮಾರಪಲ್ಲಿ,Guruparappa Nagamarapally
638,19/07/2013,ತೋಟಗಾರಿಕೆ,Gardening,ತೋಟಕಾರಿಕೆ ಬೆಳೆಗಾರರಿಗೆ ನೀಡಿರುವ ಸೌಲಭ್ಯಗಳು,Facilities provided to gardeners growers,ಗುರುಪಾದಪ್ಪ ನಾಗಮಾರಪಲ್ಲಿ,Guruparappa Nagamarapally
639,19/07/2013,ಕೃಷಿ,Farming,ಕೃಷಿ ಯೋಜನೆಗಳ ಅನುಷ್ಠಾನ,Implementation of Agricultural Plans,ಗುರುಪಾದಪ್ಪ ನಾಗಮಾರಪಲ್ಲಿ,Guruparappa Nagamarapally
640,19/07/2013,ಸಹಕಾರ,Cooperation,ಸಹಕಾರ ಸಂಘಗಳಿಗೆ ಚುನಾವಣೆ,Election to Co-operative Societies,ಹ್ಯಾರೀಸ್ ಎನ್. ಎ.,Harris N A
641,19/07/2013,ಸಹಕಾರ,Cooperation,ಯಶಸ್ವಿನಿ ಯೋಜನೆ,Succession plan,ಹ್ಯಾರೀಸ್ ಎನ್. ಎ.,Harris N A
642,19/07/2013,ತೋಟಗಾರಿಕೆ,Gardening,ಲಾಲ್ ಬಾಗ್ ಉದ್ಯಾನವನ,Lal Bagh Park,ಹ್ಯಾರೀಸ್ ಎನ್. ಎ.,Harris N A
643,19/07/2013,ಲೋಕೋಪಯೋಗಿ,Public service,ಲೋಕೋಪಯೋಗಿ ಹೆದ್ದಾರಿಗಳ ನಿರ್ಮಾಣ ಮತ್ತು ಅಭಿವೃದ್ದಿ,Construction and development of public utility vehicles,ಹ್ಯಾರೀಸ್ ಎನ್. ಎ.,Harris N A
644,19/07/2013,ಕೃಷಿ,Farming,ಬಿತ್ನನೆ ಬೀಜ ಹಾಗು ರಸಗೊಬ್ಬರ ಸಂಗ್ರಹ,Collection of bitter seeds and fertilizers,ಜಗದೀಶ್ ಶೆಟ್ಟರ್,Jagadish Shettar
645,19/07/2013,ಕೃಷಿ ಮಾರುಕಟ್ಟೆ,Agricultural Market,ಬೆಂಬಲ ಬೆಲೆಯಲ್ಲಿ ಭತ್ತ ಖರೀದಿ,Paddy purchase at support price,ಜಗದೀಶ್ ಶೆಟ್ಟರ್,Jagadish Shettar
646,19/07/2013,ಲೋಕೋಪಯೋಗಿ,Public service,ಆಕ್ರಮ ಮರುಳು ಸಾಗಾಣಿಕೆ,Failure to invade,ಜಗದೀಶ್ ಶೆಟ್ಟರ್,Jagadish Shettar
647,19/07/2013,ಪೌರಾಡಳಿತ,Municipality,ರಾಣೇಬೆನ್ನೂರು ಶಹರದ ಶಾಸ್ತ್ರಿ ಪಾರ್ಕಿನಲ್ಲಿ ಮಳಗೆ,Rain in the Shastri Park of Ranebennur,ಕೋಳೀವಾಡ ಕೆ.ಬಿ.,Kolivada KB
648,19/07/2013,ಪೌರಾಡಳಿತ,Municipality,ಹಾವೇರಿ ನಗರಕ್ಕೆ ಕುಡಿಯುವ ನೀರು,Drinking water to Haveri city,ಕೋಳೀವಾಡ ಕೆ.ಬಿ.,Kolivada KB
649,19/07/2013,ಲೋಕೋಪಯೋಗಿ,Public service,ಲೋಕೋಪಯೋಗಿ ಇಲಾಖೆಯಲ್ಲಿ ಅವ್ಯವಹಾರ,Dismissal in the Public Works Department,ಕೋಳೀವಾಡ ಕೆ.ಬಿ.,Kolivada KB
650,19/07/2013,ಲೋಕೋಪಯೋಗಿ,Public service,ರಸ್ತೆ ನಿರ್ಮಾಣ,Road construction,ಕೃಷ್ಣಪ್ಪ ಎಂ.ಟಿ.,Krishnappa M T 
651,19/07/2013,ಲೋಕೋಪಯೋಗಿ,Public service,ನಷ್ಟಕ್ಕೆ ಪರಿಹಾರ,Compensation for losses,ಕೃಷ್ಣಪ್ಪ ಎಂ.ಟಿ.,Krishnappa M T 
652,19/07/2013,ಹಜ್ ಮತ್ತು ವಕ್ಫ್,Haj and Wakf,ಶಾದಿ ಮಹಲ್ ನಿರ್ಮಾಣ,Shadi mahal construction,ಕೃಷ್ಣಪ್ಪ ಎಂ.ಟಿ.,Krishnappa M T 
653,19/07/2013,ಕೃಷಿ,Farming,ರೈತರು ಬೆಳೆದ ಬೆಳೆಗೆ ಬೆಂಬಲ ಬೆಲೆ,Support price for farmers grown crops,ಕೃಷ್ಣಪ್ಪ ಎಂ.ಟಿ.,Krishnappa M T 
654,19/07/2013,ಲೋಕೋಪಯೋಗಿ,Public service,ರಸ್ತೆಗಳ ದುರಸ್ತಿ,Road Repair,ಕುಮಾರಸ್ವಾಮಿ ಹೆಚ್.ಕೆ.,Kumaraswamy HK
655,19/07/2013,ಲೋಕೋಪಯೋಗಿ,Public service,ಮರಳು ಗಣಿಗಾರಿಕೆ,Sand mining,ಕುಮಾರಸ್ವಾಮಿ ಹೆಚ್.ಕೆ.,Kumaraswamy HK
656,19/07/2013,ಕೃಷಿ ಮಾರುಕಟ್ಟೆ,Agricultural Market,ಕೃಷಿ ಮಾರುಕಟ್ಟೆಗೆ ಸೇರಿದ ಆಸ್ತಿ ಪಾಸ್ತಿ,Property market,ಮಲ್ಲಿಕಾರ್ಜುನ ಸಿದ್ದರಾಮಪ್ಪ ಖೂಬಾ,Mallikarjuna Siddarappa Khuba
657,19/07/2013,ಸಹಕಾರ,Cooperation,ರಾಜ್ಯ ಸಹಕಾರಿ ಅಪೆಕ್ಸ್ ಬ್ಯಾಂಕ್,State Cooperative Apex Bank,ಮಲ್ಲಿಕಾರ್ಜುನ ಸಿದ್ದರಾಮಪ್ಪ ಖೂಬಾ,Mallikarjuna Siddarappa Khuba
658,19/07/2013,ಲೋಕೋಪಯೋಗಿ,Public service,ಲೋಕೋಪಯೋಗಿ ಇಲಾಖೆಯ ಆಸ್ತಿಗಳು,Public Works Department,ಮಲ್ಲಿಕಾರ್ಜುನ ಸಿದ್ದರಾಮಪ್ಪ ಖೂಬಾ,Mallikarjuna Siddarappa Khuba
659,19/07/2013,ನಗರಾಭಿವೃದ್ದಿ,Urban Development,ನಗರಸಭೆ ಮತ್ತು ಪುರಸಭೆ ವಾರ್ಡ್ ಗಳು,Municipalities and municipal wards,ಮಲ್ಲಿಕಾರ್ಜುನ ಸಿದ್ದರಾಮಪ್ಪ ಖೂಬಾ,Mallikarjuna Siddarappa Khuba
660,19/07/2013,ಕೃಷಿ,Farming,ಕೃಷಿ ವಿಶ್ವವಿದ್ಯಾಲಯಗಳ ಕಾರ್ಯನಿರ್ವಹಣೆ,Performance of Agricultural Universities,ಮಲ್ಲಿಕಾರ್ಜುನ ಸಿದ್ದರಾಮಪ್ಪ ಖೂಬಾ,Mallikarjuna Siddarappa Khuba
661,19/07/2013,ಪೌರಾಡಳಿತ,Municipality,ಸಣ್ಣ ಮತ್ತು ಮಧ್ಯಮ ಪಟ್ಟಣಗಳ ಅಭಿವೃದ್ಧಿ,Development of small and medium towns,ನಾಗರಾಜಯ್ಯ ಡಿ.,Nagaraja D 
662,19/07/2013,ಲೋಕೋಪಯೋಗಿ,Public service,ಅಪಘಾತ ತಪ್ಪಿಸಲು ರಸ್ತೆ,Road to avoid accident,ನಾಗರಾಜಯ್ಯ ಡಿ.,Nagaraja D 
663,19/07/2013,ಲೋಕೋಪಯೋಗಿ,Public service,ರಸ್ತೆಗಳ ದುರಸ್ತಿ,Road Repair,ನಾಗರಾಜಯ್ಯ ಡಿ.,Nagaraja D 
664,19/07/2013,ಲೋಕೋಪಯೋಗಿ,Public service,ಅನುದಾನ ಮತ್ತು ಕಾಮಗಾರಿಗಳು,Grants and Works,ರಾಜಣ್ಣ ಎಂ,Rajanna M 
665,19/07/2013,ಕೃಷಿ ಮಾರುಕಟ್ಟೆ,Agricultural Market,ಎ.ಪಿ.ಎಂ.ಸಿ. ಜಾಗ ಒತ್ತುವರಿ,APMC Space enclosure,ರಾಜೀವ್ ಪಿ.,Rajiv P 
666,19/07/2013,ಕೃಷಿ,Farming,ಮಣ್ಣು ಹಾಗು ನೀರು ಪರೀಕ್ಷಾ ಕೇಂದ್ರ ಸ್ಥಾಪನೆ,Establishment of Soil and Water Testing Center,ರಾಜೀವ್ ಪಿ.,Rajiv P 
667,19/07/2013,ಲೋಕೋಪಯೋಗಿ,Public service,ರಾಜ್ಯ ಹೆದ್ದಾರಿ ರಸ್ತೆಗಳ ಉದ್ದ ಮತ್ತು ಅಗಲ,Length and width of state highway roads,ರಾಜೀವ್ ಪಿ.,Rajiv P 
668,19/07/2013,ಕೃಷಿ ಮಾರುಕಟ್ಟೆ,Agricultural Market,ಎ.ಪಿ.ಎಂ.ಸಿ. ಗಳಲ್ಲಿ ದವಸ-ಧಾನ್ಯಗಳ ಮಾರಾಟ,APMC Sale of grain millets,ರವಿ ಸಿ.ಟಿ.,Ravi CT
669,19/07/2013,ಕೃಷಿ,Farming,ಕೊಳವೆಬಾವಿ ಕೊರೆಯಿಸುವ ನೀತಿ ನಿಯಮಗಳು,Trench drilling policy rules,ರವಿ ಸಿ.ಟಿ.,Ravi CT
670,19/07/2013,ಕೃಷಿ,Farming,ಕೃಷಿ ಯಂತ್ರೋಪಕರಣ ಖರೀದಿಗೆ ಸಬ್ಸಿಡಿ,Subsidy for agricultural machinery purchase,ರವಿಸುಬ್ರಹ್ಮಣ್ಯ ಎಲ್.ಎ.,Ravi Brahmanya L A 
671,19/07/2013,ತೋಟಗಾರಿಕೆ,Gardening,ತೋಟಕಾರಿಕೆ ಮಿಷನ್ ಯೋಜನೆ,Plantation Mission Plan,ರೇವಣ್ಣ ಹೆಚ್.ಡಿ.,Revanna HD
672,19/07/2013,ಲೋಕೋಪಯೋಗಿ,Public service,ಶಿವಮೊಗ್ಗ ಗ್ರಾಮಾಂತರ ವಿಧಾನಸಭಾ ಕ್ಷೇತ್ರ ವ್ಯಾಪ್ತಿಯಲ್ಲಿ ಕೈಗೊಮಡಿರುವ ಕಾಮಗಾರಿಗಳು,Workshops in the Shimoga Rural Assembly constituency,ಶಾರದಾ ಪೂರ್ಯನಾಯ್ಕ,Sharada Puranayaka
673,19/07/2013,ಕೃಷಿ,Farming,ರೈತರಿಗೆ ಆರ್ಥಿಕ ನಷ್ಟ,Financial loss to farmers,ಶಿವಲಿಂಗೇಗೌಡ ಕೆ.ಎಂ.,Shivalinge Gowda KM
674,19/07/2013,ಕೃಷಿ,Farming,ಹನಿ ನೀರಾವರಿ,Honey irrigation,ಶಿವಲಿಂಗೇಗೌಡ ಕೆ.ಎಂ.,Shivalinge Gowda KM
675,19/07/2013,ಕೃಷಿ,Farming,ಕೃಷಿ ಇಲಾಖೆಯಲ್ಲಿ ಖಾಲಿ ಹೆದ್ದೆಗಳು,Empty nurses in the Department of Agriculture,ಶಿವಲಿಂಗೇಗೌಡ ಕೆ.ಎಂ.,Shivalinge Gowda KM
676,19/07/2013,ಲೋಕೋಪಯೋಗಿ,Public service,ಮನಗೂಳಿ-ಬಿಜ್ಜಳ (ತಾಳಿಕೋಟೆ) ರಾಜ್ಯ ಹೆದ್ದಾರಿ ಅಭಿವೃದ್ಧಿ,Mankali-Bijjala (Thalikote) State Highway Development,ಶಿವಾನಂದ ಎಸ್. ಪಾಟೀಲ,Sivananda S  Patil
677,19/07/2013,ಲೋಕೋಪಯೋಗಿ,Public service,ರಸ್ತೆ ಪರಿಹಾರ,Road solution,ಶಿವಾನಂದ ಎಸ್. ಪಾಟೀಲ,Sivananda S  Patil
678,19/07/2013,ತೋಟಗಾರಿಕೆ,Gardening,ತೋಟಗಾರಿಕೆ ಬೆಳೆಗಳು,Gardening crops,ಶಿವಾನಂದ ಎಸ್. ಪಾಟೀಲ,Sivananda S  Patil
679,19/07/2013,ಸಹಕಾರ,Cooperation,ಸಾಲ ಹಾಗು ಮನ್ನ,Debt and manna,ಶಿವಶಂಕರ ರೆಡ್ಡಿ ಎನ್. ಹೆಚ್.,Shivshankar Reddy N  H 
680,19/07/2013,ಲೋಕೋಪಯೋಗಿ,Public service,ಪಿ.ಪಿ.ಪಿ. ಮಾದರಿ ರಸ್ತೆ,PPP Model Road,ಶಿವಶಂಕರ ರೆಡ್ಡಿ ಎನ್. ಹೆಚ್.,Shivshankar Reddy N  H 
681,19/07/2013,ಕೃಷಿ ಮಾರುಕಟ್ಟೆ,Agricultural Market,ಅಡಿಕೆ ಬೆಳದ ರೈತರಿಗೆ ಪರಿಹಾರ,Relief for farmers in the nut,ಸುನೀಲ್ ಕುಮಾರ್ ವಿ.,Sunil Kumar V 
682,19/07/2013,ಪೌರಾಡಳಿತ,Municipality,ಕಾರ್ಕಳ ಪುರಸಭೆ ಒಳಚರಂಡಿ ವ್ಯವಸ್ಥೆ,Karkala municipal drainage system,ಸುನೀಲ್ ಕುಮಾರ್ ವಿ.,Sunil Kumar V 
683,19/07/2013,ಲೋಕೋಪಯೋಗಿ,Public service,ಕೆ.ಆರ್.ಡಿ.ಸಿ.ಎಲ್ ನಿಂದ ಮಂಜೂರಾದ ಸೇತುವೆ,A sanctioned bridge by KRDCL,ಸುನೀಲ್ ಕುಮಾರ್ ವಿ.,Sunil Kumar V 
684,19/07/2013,ಲೋಕೋಪಯೋಗಿ,Public service,ಆಗುಂಬೆ ಘಾಟನ್ನು ವೈಜ್ಞಾನಿಕವಾಗಿ ಆಧುನೀಕರಿಸುವುದು,Agumbe Ghat is scientifically modernized,ಸುನೀಲ್ ಕುಮಾರ್ ವಿ.,Sunil Kumar V 
685,19/07/2013,ಲೋಕೋಪಯೋಗಿ,Public service,ವರ್ತುಲ ರಸ್ತೆಗಳು,Ring roads,ಸುರೇಶ್ ಕುಮಾರ್ ಎಸ್.,Suresh Kumar S
686,19/07/2013,ಲೋಕೋಪಯೋಗಿ,Public service,ಟೋಲ್ ಶುಲ್ಕ ವಸೂಲು,Toll fees,ವಿಶ್ವನಾಥ್ ಎಸ್. ಆರ್.,Vishwanath S  R 
687,19/07/2013,ಲೋಕೋಪಯೋಗಿ,Public service,"ಯಲಹಂಕ, ದೊಡ್ಡಬಳ್ಳಾಪುರ ಮತ್ತು ಗೌರಿಬಿದನೂರು ರಸ್ತೆ","Yelahanka, Ballybillapur and Gauribidanur Road",ವಿಶ್ವನಾಥ್ ಎಸ್. ಆರ್.,Vishwanath S  R 
688,19/07/2013,ಸಹಕಾರ,Cooperation,ಬೆಳೆ ಸಾಲ,Crop loan,ವಿಶ್ವೇಶ್ವರ ಹೆಗಡೆ ಕಾಗೇರಿ,Vishweshwara Hegde Kageri
689,19/07/2013,ಪೌರಾಡಳಿತ,Municipality,ನಗರೋತ್ಥಾನ - ೨ ಯೋಜನೆ,Nagroothana - 2 project,ವಿಶ್ವೇಶ್ವರ ಹೆಗಡೆ ಕಾಗೇರಿ,Vishweshwara Hegde Kageri
690,19/07/2013,ಸಹಕಾರ,Cooperation,ಅಡಿಕೆ ಬೆಳೆಗಾರರ ಸಾಲ ಮನ್ನಾ,Loan waiver of nut growers,ವಿಶ್ವೇಶ್ವರ ಹೆಗಡೆ ಕಾಗೇರಿ,Vishweshwara Hegde Kageri
691,19/07/2013,ಪೌರಾಡಳಿತ,Municipality,ಅತಿಕ್ರಮಣ ಸಕ್ರಮ,Override order,ವಿಶ್ವೇಶ್ವರ ಹೆಗಡೆ ಕಾಗೇರಿ,Vishweshwara Hegde Kageri
692,19/07/2013,ತೋಟಗಾರಿಕೆ,Gardening,ಕಾಳು ಮೆಣಸಿನ ಬೆಳೆ ಅಭಿವೃದ್ಧಿ,Corn pepper crop is developed,ವಿಶ್ವೇಶ್ವರ ಹೆಗಡೆ ಕಾಗೇರಿ,Vishweshwara Hegde Kageri
693,19/07/2013,ಪೌರಾಡಳಿತ,Municipality,ನರಗುಂದ ಪುರಸಭೆಗೆ ನೀಡಿದ ಅನುದಾನ,Assistance to Naragunda Municipality,ಯಾವಗಲ್ ಬಿ.ಆರ್.,Vaggal BR
694,19/07/2013,ಪೌರಾಡಳಿತ,Municipality,ನರಗುಂದ ನಗರದ ಒಳಚರಂಡಿ ಯೋಜನೆ,Nerugunda sewerage project,ಯಾವಗಲ್ ಬಿ.ಆರ್.,Vaggal BR
695,19/07/2013,ಪೌರಾಡಳಿತ,Municipality,ಕುಡಿಯುವ ನೀರಿನ ಸಮಸ್ಯೆ,Drinking water problem,ಯಾವಗಲ್ ಬಿ.ಆರ್.,Vaggal BR
696,24/07/2013,ಉನ್ನತ ಶಿಕ್ಷಣ,Higher education,ಮೊಸಳೆ ಗ್ರಾಮದ ಅಭಿವೃದ್ಧಿಗೆ ಅನುದಾನ ಬಿಡುಗಡೆ,Release of Grants for Crocodile Village Development,ರೇವಣ್ಣ ಹೆಚ್.ಡಿ.,Revanna HD
697,24/07/2013,ಗ್ರಾಮೀಣಾಭಿವೃದ್ಧಿ ಮತ್ತು ಪಂಚಾಯತ್ ರಾಜ್,Rural Development and Panchayat Raj,ಕುಡಿಯುವ ನೀರಿನ ಸಮಸ್ಯೆ,Drinking water problem,ಬಸವರಾಜ ರಾಯರೆಡ್ಡಿ,Basavaraja Royareddy
698,24/07/2013,ಗ್ರಾಮೀಣಾಭಿವೃದ್ದಿ ಮತ್ತು ಪಂಚಾಯತ್ ರಾಜ್,Rural Development and Panchayat Raj,ಕುಡಿಯುವ ನೀರಿಗಾಗಿ ಶಾಶ್ವತ ಯೋಜನೆ,A permanent plan for drinking water,ಯಶವಂತರಾಯ ವಿಠ್ಠಲಗೌಡ ಪಾಟೀಲ್,Yashavaraya Vitthal Gowda Patil
699,24/07/2013,ಪ್ರಾಥಮಿಕ ಮತ್ತು ಪೌಢಶಿಕ್ಷಣ,Primary and Secondary Education,ಶಿಕ್ಷಕರ ಕೊರತೆ,Lack of teachers,ಲಕ್ಷ್ಮಣ ಸಂಗಪ್ಪ ಸವದಿ,Lakshmana Sangappa Savvadi
700,24/07/2013,ಮಹಿಳಾ ಮತ್ತು ಮಕ್ಕಳ ಅಭಿವೃದ್ಧಿ,Women and Child Development,ರಾಜ್ಯದಲ್ಲಿ ದೇವದಾಸಿಯರಿಗೆ ಮಾಶಾಸನ,Meshasana is the Devadasi in the state,ಗೋವಿಂದ ಎಂ ಕಾರಜೋಳ,Govinda M  Karajola
701,24/07/2013,ಮಹಿಳಾ ಮತ್ತು ಮಕ್ಕಳ ಅಭಿವೃದ್ಧಿ,Women and Child Development,ಅಂಗನವಾಡಿ ಕೇಂದ್ರಗಳ ಶಿಕ್ಷಕ ಹುದ್ದೆಗಳನ್ನು ಭರ್ತಿ ಮಾಡುವ ಬಗ್ಗೆ,About filling up teacher posts in Anganwadi Centers,ಶಿವಲಿಂಗೇಗೌಡ ಕೆ.ಎಂ.,Shivalinge Gowda KM
702,24/07/2013,ಅಬಕಾರಿ,Excuse,ಅನಧೀಕೃತ ಮದ್ಯ ಮಾರಾಟ,Unauthorized liquor sales,ರಾಜೀವ್ ಪಿ.,Rajiv P 
703,24/07/2013,ಗ್ರಾಮೀಣಾಭಿವೃದ್ದಿ ಮತ್ತು ಪಂಚಾಯತ್ ರಾಜ್,Rural Development and Panchayat Raj,ಗ್ರಾಮೀಣ ಭಾಗದ ಕುಡಿಯುವ ನೀರು,Rural drinking water,ಆನಂದ ಸಿಂಗ್,Ananda Singh
704,24/07/2013,ವಸತಿ,Housing,ನಿವೇಶನ ಮತ್ತು ವಸತಿ ರಹಿತರಿಗೆ ಅನುಕೂಲ,Convenience of the site and the non-resident,ರಾಜಣ್ಣ ಎಂ,Rajanna M 
705,24/07/2013,ಕನ್ನಡ ಮತ್ತು ಸಂಸ್ಕೃತಿ,Kannada and culture,ಕಲಾವಿದರ ಮಾಸಾಶನ,Artist's Mass,ರಾಮಕೃಷ್ಣ ಜಿ.,Ramakrishna G 
706,24/07/2013,ಪ್ರಾಥಮಿಕ ಮತ್ತು ಪೌಢಶಿಕ್ಷಣ,Primary and Secondary Education,ಕಾಲೇಜು ಮತ್ತು ಶಾಲಾ ಕೊಠಡಿಗಳ ಕೊರತೆ,Lack of college and school rooms,ನಾಗರಾಜಯ್ಯ ಡಿ.,Nagaraja D 
707,24/07/2013,ವಸತಿ,Housing,ವಸತಿ ರಹಿತರಿಗೆ ವಸತಿ ಸೌಲಭ್ಯ,Accommodation facility for non-resident,ಅಖಂಡ ಶ್ರೀನಿವಾಸಮೂರ್ತಿ ಆರ್.,Akhand Srinivas Murthy R 
708,24/07/2013,ವಸತಿ,Housing,ಮನೆಗಳ ನಿರ್ಮಾಣದಲ್ಲಿ ಅಳತೆಯ ನಿರ್ಬಂಧ,Measurement restriction in construction of houses,ಪ್ರತಾಪಗೌಡ ಪಾಟೀಲ್,Pratap Gowda Patil
709,24/07/2013,ಉನ್ನತ ಶಿಕ್ಷಣ,Higher education,ಸರ್ಕಾರಿ ಕಾಲೇಜುಗಳಲ್ಲಿ ಮಧ್ಯಾನ್ಹದ ಬಿಸಿಯೂಟ,Mid-dose in government colleges,ರೋಷನ್ ಬೇಗ್ ಆರ್.,Roshan Baig R 
710,24/07/2013,ಪ್ರಾಥಮಿಕ ಮತ್ತು ಪೌಢಶಿಕ್ಷಣ,Primary and Secondary Education,ಪದವಿ ಪೂರ್ವ ಕಾಲೇಜು ಮತ್ತು ಪ್ರೌಢಶಾಲೆಗಳ ವಿವರ,Details of pre-college and high school,ಐಹೊಳೆ ಡಿ. ಮಹಾಲಿಂಗಪ್ಪ,Aihole D  Mahalingappa
711,24/07/2013,ಉನ್ನತ ಶಿಕ್ಷಣ,Higher education,ಮಜಲಟ್ಟಿ ಗ್ರಾಮದಲ್ಲಿ ಸರ್ಕಾರಿ ಪ್ರಥಮ ದರ್ಜೆ ಕಾಲೇಜು,Government First Grade College in Mazalatti Village,ಐಹೊಳೆ ಡಿ. ಮಹಾಲಿಂಗಪ್ಪ,Aihole D  Mahalingappa
712,24/07/2013,ಪ್ರಾಥಮಿಕ ಮತ್ತು ಪೌಢಶಿಕ್ಷಣ,Primary and Secondary Education,ಪ್ರಾಥಮಿಕ ಶಾಲೆಗಳು,Primary Schools,ಐಹೊಳೆ ಡಿ. ಮಹಾಲಿಂಗಪ್ಪ,Aihole D  Mahalingappa
713,24/07/2013,ಮಹಿಳಾ ಮತ್ತು ಮಕ್ಕಳ ಅಭಿವೃದ್ಧಿ,Women and Child Development,ಮಹಿಳಾ ಮತ್ತು ಮಕ್ಕಳ ಅಭಿವೃದ್ಧಿ ಇಲಾಖೆಯ ಯೋಜನೆಗಳು,Women and Child Development Department projects,ಅಖಂಡ ಶ್ರೀನಿವಾಸಮೂರ್ತಿ ಆರ್.,Akhand Srinivas Murthy R 
714,24/07/2013,ಮೂಲಭೂತ ಸೌಲಭ್ಯ,Basic Facility,ಮೂಲಭೂತ ಸೌಲಭ್ಯಗಳ ಕೊರತೆ,The lack of basic facilities,ಅಖಂಡ ಶ್ರೀನಿವಾಸಮೂರ್ತಿ ಆರ್.,Akhand Srinivas Murthy R 
715,24/07/2013,ಪ್ರಾಥಮಿಕ ಮತ್ತು ಪೌಢಶಿಕ್ಷಣ,Primary and Secondary Education,ಕ್ಷೇತ್ರ ಶಿಕ್ಷಣಾಧಿಕಾರಿ ಕಛೇರಿ ಕಟ್ಟಡ,Field Education Officer Office Building,ಆನಂದ್ ಸಿಂಗ್,Anand Singh
716,24/07/2013,ಮಹಿಳಾ ಮತ್ತು ಮಕ್ಕಳ ಅಭಿವೃದ್ಧಿ,Women and Child Development,ದೇವದಾಸಿಯರ ಕಲ್ಯಾಣ,Devadasi welfare,ಆನಂದ್ ಸಿಂಗ್,Anand Singh
717,24/07/2013,ಪ್ರಾಥಮಿಕ ಮತ್ತು ಪೌಢಶಿಕ್ಷಣ,Primary and Secondary Education,ಆದರ್ಶ ವಿದ್ಯಾಲಯ,Aadha Vidyalaya,ಆನಂದ್ ಸಿಂಗ್,Anand Singh
718,24/07/2013,ಮಹಿಳಾ ಮತ್ತು ಮಕ್ಕಳ ಅಭಿವೃದ್ಧಿ,Women and Child Development,ಅಂಗನವಾಡಿ ಕೇಂದ್ರಗಳ ಕಟ್ಟಡದ ಕೊರತೆ,Lack of Anganwadi Centers building,ಆನಂದ್ ಸಿಂಗ್,Anand Singh
719,24/07/2013,ಪ್ರಾಥಮಿಕ ಮತ್ತು ಪೌಢಶಿಕ್ಷಣ,Primary and Secondary Education,ಅಕ್ಷರ ದಾಸೋಹ ಯೋಜನೆ,Character Dasoha Project,ಅಪ್ಪಚ್ಚು ರಂಜನ್ ಎಂ.ಪಿ.,Appachan Ranjan MP
720,24/07/2013,ಪ್ರವಾಸೋಧ್ಯಮ,Tourism,ಪ್ರವಾಸೋಧ್ಯಮ ಅಭಿವೃದ್ಧಿ,Tourism Development,ಅಪ್ಪಾಜಿ ಚನ್ನಬಸವರಾಜ್ ಶಂಕರರಾವ್ ನಾಡಗೌಡ,Appaji Chanabasavaraj Shankarrao Nadgowda
721,24/07/2013,ಪ್ರಾಥಮಿಕ ಮತ್ತು ಪೌಢಶಿಕ್ಷಣ,Primary and Secondary Education,ರಾಷ್ಟ್ರೀಯ ಮಾಧ್ಯಮಿಕ ಪ್ರೌಢಶಾಲೆಗಳು,National Secondary High Schools,ಅಪ್ಪಾಜಿ ಚನ್ನಬಸವರಾಜ್ ಶಂಕರರಾವ್ ನಾಡಗೌಡ,Appaji Chanabasavaraj Shankarrao Nadgowda
722,24/07/2013,ವಸತಿ,Housing,ನಿವೇಶನಗಳ ಹಂಚಿಕೆ,Distribution of sites,ಅರವಿಂದ ಚಂದ್ರಕಾಂತ ಬೆಲ್ಲದ,Aravind Chandrakanta Betta
723,24/07/2013,ಗ್ರಾಮೀಣಾಭಿವೃದ್ಧಿ ಮತ್ತು ಪಂಚಾಯತ್ ರಾಜ್,Rural Development and Panchayat Raj,ರಸ್ತೆಗಳ ಅಭಿವೃದ್ಧಿ,Roads Development,ಅಶೋಕ್ ಖೇಣಿ,Ashok Kheni
724,24/07/2013,ಪ್ರಾಥಮಿಕ ಮತ್ತು ಪೌಢಶಿಕ್ಷಣ,Primary and Secondary Education,ಗುತ್ತಿಗೆ ಶಿಕ್ಷಕರ ವಿವರ,Details of lease teachers,ಅಶೋಕ್ ಆರ್.,Ashok R 
725,24/07/2013,ಪ್ರಾಥಮಿಕ ಮತ್ತು ಪೌಢಶಿಕ್ಷಣ,Primary and Secondary Education,ಶಿಕ್ಷಣ ವಂಚಿತ ಮಕ್ಕಳನ್ನು ಮರಳಿ ಶಾಲೆಗೆ ಕರೆತರುವುದು,Bringing children back to school to return to school,ಅಶೋಕ್ ಆರ್.,Ashok R 
726,24/07/2013,ವಸತಿ,Housing,ಕೊಳಚೆ ನಿರ್ಮೂಲನ ಮಂಡಳಿಯಿಂದ ನಿರ್ಮಿಸಿರುವ ಮನೆಗಳು,Homes built by the sewage board,ಅಶೋಕ್ ಆರ್.,Ashok R 
727,24/07/2013,ಪ್ರಾಥಮಿಕ ಮತ್ತು ಪೌಢಶಿಕ್ಷಣ,Primary and Secondary Education,ಬಿಸಿಯೂಟದ ವ್ಯವಸ್ಥಯಲ್ಲಿ ನಡೆದ ಅವ್ಯವಹಾರ,Disruption in the heating system,ಅಶೋಕ್ ಆರ್.,Ashok R 
728,24/07/2013,ಪ್ರಾಥಮಿಕ ಮತ್ತು ಪೌಢಶಿಕ್ಷಣ,Primary and Secondary Education,ರಾಜ್ಯದ ರೈಲ್ವೇ ಯೋಜನೆಗಳ ಅನುಷ್ಠಾನ,Implementation of state railway projects,ಬಾದರ್ಲಿ ಹಂಪನಗೌಡ,Bādarli Hampana Gowda
729,24/07/2013,ಪ್ರಾಥಮಿಕ ಮತ್ತು ಪೌಢಶಿಕ್ಷಣ,Primary and Secondary Education,ಸರ್ಕಾರಿ ಪ್ರೌಢಶಾಲೆ ಮತ್ತು ಪದವಿ ಪೂರ್ವ ಕಾಲೇಜುಗಳ ಕೊಠಡಿಗಳು,Rooms of government high school and undergraduate colleges,ಬಾಲಕೃಷ್ಣ ಹೆಚ್.ಸಿ.,Balakrishna H C 
730,24/07/2013,ಉನ್ನತ ಶಿಕ್ಷಣ,Higher education,ಬೋಧಕ ಮತ್ತು ಬೋಧಕೇತರ ಸಿಬ್ಬಂದಿಗಳು,Instructor and non-teaching staff,ಬಾಲಕೃಷ್ಣ ಹೆಚ್.ಸಿ.,Balakrishna H C 
731,24/07/2013,ಮೂಲಭೂತ ಸೌಲಭ್ಯ,Basic Facility,ಮಾಗಡಿ ಕೇಂಪೇಗೌಡ ಕೋಟೆಯ ಅಭಿವೃದ್ಧಿ,Magadi Development of the Kampey Gowda Fort,ಬಾಲಕೃಷ್ಣ ಹೆಚ್.ಸಿ.,Balakrishna H C 
732,24/07/2013,ಉನ್ನತ ಶಿಕ್ಷಣ,Higher education,ಪ್ರಥಮ ದರ್ಜೆ ಕಾಲೇಜುಗಳ ಸಮಸ್ಯೆ,Problem with first-class colleges,ಬಾಲಕೃಷ್ಣ ಹೆಚ್.ಸಿ.,Balakrishna H C 
733,24/07/2013,ಪ್ರಾಥಮಿಕ ಮತ್ತು ಪೌಢಶಿಕ್ಷಣ,Primary and Secondary Education,ಸರ್ಕಾರಿ ಪ್ರೌಢಶಾಲೆ ಮತ್ತು ಪದವಿ ಪೂರ್ವ ಕಾಲೇಜುಗಳಲ್ಲಿ ಬೋಧಕ ಮತ್ತು ಬೋಧಕೇತರ ಸಿಬ್ಬಂದಿಗಳ ಬಗ್ಗೆ,About instructor and non-teaching staff at Government High School and undergraduate colleges,ಬಾಲಕೃಷ್ಣ ಹೆಚ್.ಸಿ.,Balakrishna H C 
734,24/07/2013,ವಸತಿ,Housing,ಕೆ.ಆರ್. ಪುರಂ ವಿಧಾನಸಭಾ ಕ್ಷೇತ್ರದ ಕೊಳಚೆ ಪ್ರದೇಶಗಳು,KR. Slums of Puram assembly constituency,ಬಸವರಾಜ್ ಬಿ.ಎ.,Basavaraj BA
735,24/07/2013,ವಸತಿ,Housing,ಬಸವಶ್ರೀ ಯೋಜನೆಯ ಫಲಾನುಭವಿಗಳು,Beneficiaries of the Basavasree scheme,ಬೋಪಯ್ಯ ಕೆ.ಜಿ.,Bopayya KG
736,24/07/2013,ಗ್ರಾಮೀಣಾಭಿವೃದ್ದಿ ಮತ್ತು ಪಂಚಾಯತ್ ರಾಜ್,Rural Development and Panchayat Raj,ಪ್ರಧಾನಮಂತ್ರಿಗಳ ಗ್ರಾಮ ಸಡಕ್ ಯೋಜನೆ ಅನುದಾನ,Grants to Prime Minister's Village Sadak Project,ಬೋಪಯ್ಯ ಕೆ.ಜಿ.,Bopayya KG
737,24/07/2013,ಪ್ರವಾಸೋಧ್ಯಮ,Tourism,ತೋಣ್ಗೂರನ್ನು ಪ್ರವಾಸಿ ಕ್ಷೇತ್ರವನ್ನಾಗಿ ಅಭಿವೃದ್ದಿ ಪಡಿಸುವುದು,Develop Thongur as a tourist area,ಚೆಲುವರಾಯಸ್ವಾಮಿ ಎನ್.,Cheluvaraswamy N 
738,24/07/2013,ಮೂಲಭೂತ ಸೌಲಭ್ಯ,Basic Facility,ಬೆಂಗಳೂರು ಮೈಸೂರು ರೈಲು ಮಾರ್ಗದ ಜೋಡಣೆ,Mysore railway line connecting Bangalore,ಚೆಲುವರಾಯಸ್ವಾಮಿ ಎನ್.,Cheluvaraswamy N 
739,24/07/2013,ಗ್ರಾಮೀಣಾಭಿವೃದ್ದಿ ಮತ್ತು ಪಂಚಾಯತ್ ರಾಜ್,Rural Development and Panchayat Raj,ಖಾಲಿ ಹುದ್ದೆಗಳ ಭರ್ತಿ,Fill in blank posts,ಅಜಯ್ ಸಿಂಗ್,Ajay Singh
740,24/07/2013,ಪ್ರಾಥಮಿಕ ಮತ್ತು ಪೌಢಶಿಕ್ಷಣ,Primary and Secondary Education,ದೈಹಿಕ ಶಿಕ್ಷಕರಿಗೆ ಅನುದಾನ,Grants to Physical Teachers,ಮಾಲಕರೆಡ್ಡಿ ಎ.ಬಿ.,Mālaka Reddy AB
741,24/07/2013,ಗ್ರಾಮೀಣಾಭಿವೃದ್ದಿ ಮತ್ತು ಪಂಚಾಯತ್ ರಾಜ್,Rural Development and Panchayat Raj,ಕುಡಿಯುವ ನೀರಿನಲ್ಲಿ ಆರ್ಸೆನಿಕ್ ರಾಸಾಯನಿಕ ಅಂಶಗಳು,Arsenic chemical elements in drinking water,ಮಾಲಕರೆಡ್ಡಿ ಎ.ಬಿ.,Mālaka Reddy AB
742,24/07/2013,ಗ್ರಾಮೀಣಾಭಿವೃದ್ದಿ ಮತ್ತು ಪಂಚಾಯತ್ ರಾಜ್,Rural Development and Panchayat Raj,ನೀರಿನ ತೊಂದರೆ,Water difficulty,ಮಾಲಕರೆಡ್ಡಿ ಎ.ಬಿ.,Mālaka Reddy AB
743,24/07/2013,ಉನ್ನತ ಶಿಕ್ಷಣ,Higher education,ಸರ್. ಎಂ. ವಿಶ್ವೇಶ್ವರಯ್ಯ ಐ.ಟಿ.ಐ. ಕಾಲೇಜು ಸ್ಥಾಪನೆ,Sir. M. Visvesvaraya ITI Establishment of college,ಸುದಾಕರ್ ಕೆ.,Sudakar K 
744,24/07/2013,ಪ್ರಾಥಮಿಕ ಮತ್ತು ಪೌಢಶಿಕ್ಷಣ,Primary and Secondary Education,ಶಾಲೆಗಳಲ್ಲಿ ಆಟದ ಮೈದಾನ ಗಳ ಕೊರತೆ,The lack of playgrounds in schools,ಸುದಾಕರ್ ಕೆ.,Sudakar K 
745,24/07/2013,ಉನ್ನತ ಶಿಕ್ಷಣ,Higher education,ಹೊಸ ವಿಶ್ವವಿದ್ಯಾಲಯಗಳ ಸ್ಥಾಪನೆಗೆ ಮಾನದಂಡ,The criteria for the establishment of new universities,ಸುದಾಕರ್ ಕೆ.,Sudakar K 
746,24/07/2013,ಮಹಿಳಾ ಮತ್ತು ಮಕ್ಕಳ ಅಭಿವೃದ್ಧಿ,Women and Child Development,ವಿಕಲಚೇತನರ ಹಾಗು ಹಿರಿಯ ನಾಗರೀಕರ ವೃದ್ಧಾಶ್ರಮ,Old Age of Disabled and Senior Citizens,ಸುದಾಕರ್ ಕೆ.,Sudakar K 
747,24/07/2013,ಪ್ರವಾಸೋಧ್ಯಮ,Tourism,ನಂದಿಬೆಟ್ಟ ಮತ್ತು ಸುತ್ತಲಿನ ಸ್ಥಳಗಳ ಅಭಿವೃದ್ಧಿ,Development of Nandi Hills and surrounding areas,ಸುದಾಕರ್ ಕೆ.,Sudakar K 
748,24/07/2013,ಗ್ರಾಮೀಣಾಭಿವೃದ್ದಿ ಮತ್ತು ಪಂಚಾಯತ್ ರಾಜ್,Rural Development and Panchayat Raj,ರಸ್ತೆಗಳ ಅಭಿವೃದ್ಧಿ,Roads Development,ಉಮೇಶ್ ಜಾಧವ್,Umesh Jadhav
749,24/07/2013,ಗ್ರಾಮೀಣಾಭಿವೃದ್ದಿ ಮತ್ತು ಪಂಚಾಯತ್ ರಾಜ್,Rural Development and Panchayat Raj,ಪಂಚಾಯಿತಿ ಅಭಿವೃದ್ಧಿ ಅಧಿಕಾರಿಗಳ ಹುದ್ದೆಗಳು,Posts of Panchayat Development Officers,ಈಶ್ವರ ಭೀಮಣ್ಣ ಖಂಡ್ರೆ,Ishwar Bhimanna Khandre
750,24/07/2013,ಮೂಲಭೂತ ಸೌಲಭ್ಯ,Basic Facility,ಬೀದರ್ ವಿಮಾನ ನಿಲ್ದಾಣ ಸ್ಥಾಪನೆ,Establishment of Bidar Airport,ಈಶ್ವರ ಭೀಮಣ್ಣ ಖಂಡ್ರೆ,Ishwar Bhimanna Khandre
751,24/07/2013,ಗ್ರಾಮೀಣಾಭಿವೃದ್ದಿ ಮತ್ತು ಪಂಚಾಯತ್ ರಾಜ್,Rural Development and Panchayat Raj,ಗ್ರಾಮ ಪಂಚಾಯಿತಿಯಲ್ಲಿ ಖಾಲಿ ಹುದ್ದೆಗಳು,Vacancies in the Gram Panchayat,ಈಶ್ವರ ಭೀಮಣ್ಣ ಖಂಡ್ರೆ,Ishwar Bhimanna Khandre
752,24/07/2013,ಉನ್ನತ ಶಿಕ್ಷಣ,Higher education,ರಾಜ್ಯದಲ್ಲಿರುವ ವಿಶ್ವವಿದ್ಯಾಲಯಗಳು,Universities in the state,ಈಶ್ವರ ಭೀಮಣ್ಣ ಖಂಡ್ರೆ,Ishwar Bhimanna Khandre
753,24/07/2013,ವಸತಿ,Housing,ಕರ್ನಾಟಕ ಗೃಹ ಮಂಡಳಿ ಮನೆಗಳು,Karnataka Housing Board Homes,ಈಶ್ವರ ಭೀಮಣ್ಣ ಖಂಡ್ರೆ,Ishwar Bhimanna Khandre
754,24/07/2013,ಗ್ರಾಮೀಣಾಭಿವೃದ್ದಿ ಮತ್ತು ಪಂಚಾಯತ್ ರಾಜ್,Rural Development and Panchayat Raj,ಗ್ರಾಮ ಪಂಚಾಯಿತಿಗಳಿಗೆ ಅನುದಾನ,Grants to Grama Panchayats,ಗೋಪಾಲ ಪೂಜಾರಿ ಕೆ.,Gopal Poojary K 
755,24/07/2013,ಗ್ರಾಮೀಣಾಭಿವೃದ್ದಿ ಮತ್ತು ಪಂಚಾಯತ್ ರಾಜ್,Rural Development and Panchayat Raj,ಅಂಗನವಾಡಿ ಕೇಂದ್ರಗಳ ವಿದ್ಯುತ್ ಬಿಲ್ ಪಾವತಿ,Electricity bill payments for anganwadi centers,ಗೋಪಾಲ ಪೂಜಾರಿ ಕೆ.,Gopal Poojary K 
756,24/07/2013,ಗ್ರಾಮೀಣಾಭಿವೃದ್ದಿ ಮತ್ತು ಪಂಚಾಯತ್ ರಾಜ್,Rural Development and Panchayat Raj,ಮನೆ ನಿರ್ಮಾಣಕ್ಕಾಗಿ ಪರವಾನಗಿ,Licensed for construction of houses,ಗೋಪಾಲ ಪೂಜಾರಿ ಕೆ.,Gopal Poojary K 
757,24/07/2013,ಪ್ರಾಥಮಿಕ ಮತ್ತು ಪೌಢಶಿಕ್ಷಣ,Primary and Secondary Education,ಸರ್ಕಾರಿ ಮಹಿಳೆಯರ ಪದವಿ ಪೂರ್ವ ಕಾಲೇಜು,Government Women's Pre-College,ಗೋಪಾಲಯ್ಯ ಕೆ.,Gopalaiah K 
758,24/07/2013,ಪ್ರಾಥಮಿಕ ಮತ್ತು ಪೌಢಶಿಕ್ಷಣ,Primary and Secondary Education,ಪ್ರವೇಶ ಪಡೆಯಲು ನಕಲಿ ಪ್ರಮಾಣ ಪತ್ರ,Fake certificate to get access,ಗೋಪಾಲಯ್ಯ ಕೆ.,Gopalaiah K 
759,24/07/2013,ಪ್ರಾಥಮಿಕ ಮತ್ತು ಪೌಢಶಿಕ್ಷಣ,Primary and Secondary Education,ಬೆಂಗಳೂರು ನಗರದಲ್ಲಿ ಶಾಲಾ ಮಕ್ಕಳಿಗೆ ಟೆಟ್ರಾ ಪ್ಯಾಕ್ ನಲ್ಲಿ ಹಾಲು,Milk in tetra pack for school children in Bangalore city,ಗೋಪಾಲಯ್ಯ ಕೆ.,Gopalaiah K 
760,24/07/2013,ವಸತಿ,Housing,ಕೊಳಚೆ ನಿವಾಸಿಗಳಿಗೆ ಮನೆಗಳ ನಿರ್ಮಾಣ,Construction of houses for slum dwellers,ಗೋಪಾಲಯ್ಯ ಕೆ.,Gopalaiah K 
761,24/07/2013,ಮೂಲಭೂತ ಸೌಲಭ್ಯ,Basic Facility,ರಾಜ್ಯದಲ್ಲಿ ರೈಲ್ವೆ ಯೋಜನೆ ಅನುಷ್ಠಾನ,Implementation of Railway Planning in the State,ಗುರುಪಾದಪ್ಪ ನಾಗಮಾರಪಲ್ಲಿ,Guruparappa Nagamarapally
762,24/07/2013,ಮೂಲಭೂತ ಸೌಲಭ್ಯ,Basic Facility,ರಾಜ್ಯದಲ್ಲಿ ವಿಮಾನ ನಿಲ್ದಾಣಗಳ ಅನುಷ್ಠಾನ,Implementation of airports in the state,ಗುರುಪಾದಪ್ಪ ನಾಗಮಾರಪಲ್ಲಿ,Guruparappa Nagamarapally
763,24/07/2013,ಮೂಲಭೂತ ಸೌಲಭ್ಯ,Basic Facility,ಕೆ.ಯು.ಐ.ಡಿ.ಎಫ್.ಸಿ. ವತಿಯಿಂದ ಕೈಗೊಂಡಿರುವ ಅಭಿವೃದ್ಧಿ ಯೋಜನೆ,KUIDFCF Development plan taken by,ಗುರುಪಾದಪ್ಪ ನಾಗಮಾರಪಲ್ಲಿ,Guruparappa Nagamarapally
764,24/07/2013,ಉನ್ನತ ಶಿಕ್ಷಣ,Higher education,ವಿಶ್ವವಿದ್ಯಾಲಯಗಳಲ್ಲಿ ನಡೆದಿರುವ ಆಕ್ರಮಗಳು,Invasions at universities,ಗುರುಪಾದಪ್ಪ ನಾಗಮಾರಪಲ್ಲಿ,Guruparappa Nagamarapally
765,24/07/2013,ವಾರ್ತಾ ಮತ್ತು ಪ್ರಚಾರ,News and promotion,ವಾರ್ತಾ ಇಲಾಖೆಯಿಂದ ಮಾಡಿದ ವೆಚ್ಚ,Costs made by the Department of Information,ಗುರುಪಾದಪ್ಪ ನಾಗಮಾರಪಲ್ಲಿ,Guruparappa Nagamarapally
766,24/07/2013,ಮಹಿಳಾ ಮತ್ತು ಮಕ್ಕಳ ಅಭಿವೃದ್ಧಿ,Women and Child Development,ಮಹಿಳೆಯರ ಮತ್ತು ಮಕ್ಕಳ ಅಭಿವೃದ್ಧಿ ಯೋಜನೆಗಳ ವಿವರ,Details of Women and Child Development Schemes,ಹ್ಯಾರಿಸ್ ಎನ್.ಎ.,Harris NA
767,24/07/2013,ಪ್ರಾಥಮಿಕ ಮತ್ತು ಪೌಢಶಿಕ್ಷಣ,Primary and Secondary Education,ಶಾಲಾ ಶಿಕ್ಷಣ ತ್ಯಜಿಸುತ್ತಿರುವ ಮಕ್ಕಳು,Children leaving school education,ಹ್ಯಾರಿಸ್ ಎನ್.ಎ.,Harris NA
768,24/07/2013,ಗ್ರಾಮೀಣಾಭಿವೃದ್ದಿ ಮತ್ತು ಪಂಚಾಯತ್ ರಾಜ್,Rural Development and Panchayat Raj,ಜಿಲ್ಲಾ ಪಂಚಾಯಿತಿಗಳಿಗೆ ನೀಡಿರುವ ಅನುದಾನ,Grants to Zilla Panchayats,ಹ್ಯಾರಿಸ್ ಎನ್.ಎ.,Harris NA
769,24/07/2013,ಮಹಿಳಾ ಮತ್ತು ಮಕ್ಕಳ ಅಭಿವೃದ್ಧಿ,Women and Child Development,ಮಹಿಳೆಯರ ಮೇಲಿನ ದೌರ್ಜನ್ಯ ನಡೆಗೆ ಏಕರೂಪಕ ಕಾಯಿದೆ,Uniform Act for Violence Against Women,ಹ್ಯಾರಿಸ್ ಎನ್.ಎ.,Harris NA
770,24/07/2013,ಮಹಿಳಾ ಮತ್ತು ಮಕ್ಕಳ ಅಭಿವೃದ್ಧಿ,Women and Child Development,ಭಾಗ್ಯಲಕ್ಷ್ಮಿ ಯೋಜನೆಯ ಅನುಷ್ಟಾನ,Implementation of Bhagyalaxmi Project,ಹ್ಯಾರಿಸ್ ಎನ್.ಎ.,Harris NA
771,24/07/2013,ಅಬಕಾರಿ,Excuse,ಅಬಕಾರಿ ಇಲಾಖೆಯ ನೌಕರರ ಸೇವಾ ವಿವರ,Excise Department Employee Service Profile,ಜಗದೀಶ್ ಕುಮಾರ್ ಆರ್.,Jagdish Kumar R 
772,24/07/2013,ಪ್ರಾಥಮಿಕ ಮತ್ತು ಪೌಢಶಿಕ್ಷಣ,Primary and Secondary Education,ತುಮಕೂರಿನ ಸರ್ಕಾರಿ ಮುದ್ರಣಾಲಯಗಳು ಮುಚ್ಚಿರುವುದು,The closure of Government Presses in Tumkur,ಜಗದೀಶ್ ಶೆಟ್ಟರ್,Jagadish Shettar
773,24/07/2013,ಮಹಿಳಾ ಮತ್ತು ಮಕ್ಕಳ ಅಭಿವೃದ್ಧಿ,Women and Child Development,ದತ್ತು ಪಡೆಯಲು ನೀತಿ ನಿಯಮಗಳು,Policy rules for adoption,ಜಗದೀಶ್ ಶೆಟ್ಟರ್,Jagadish Shettar
774,24/07/2013,ಉನ್ನತ ಶಿಕ್ಷಣ,Higher education,ಸರ್ಕಾರಿ ಪ್ರಥಮ ದರ್ಜೆ ಕಾಲೇಜುಗಳ ವಿವರ,Details of government first-class colleges,ಜಗದೀಶ್ ಶೆಟ್ಟರ್,Jagadish Shettar
775,24/07/2013,ಉನ್ನತ ಶಿಕ್ಷಣ,Higher education,ಪ್ರಾದೇಶಿಕ ನಿರ್ದೇಶಕರುಗಳ ನೇಮಕಾತಿ,Appointment of regional directors,ಜಗದೀಶ್ ಶೆಟ್ಟರ್,Jagadish Shettar
776,24/07/2013,ಉನ್ನತ ಶಿಕ್ಷಣ,Higher education,ಶೃಂಗೇರಿ ವಿಧಾನಸಭಾ ಕ್ಷೇತ್ರದ ಪಾಲಿಟೆಕ್ನಿಕ್ ಕಾಲೇಜು,Polytechnic College of Sringeri Assembly Constituency,ಜೀವರಾಜ್ ಡಿ.ಎನ್.,Jivaraj DN
777,24/07/2013,ಪ್ರಾಥಮಿಕ ಮತ್ತು ಪೌಢಶಿಕ್ಷಣ,Primary and Secondary Education,ಗಡಿ ಭಾಗದಲ್ಲಿ ಕನ್ನಡ ಭಾಷಾ ಶಿಕ್ಷಕರ ಕೊರತೆ,Lack of Kannada language teachers in the border,ಜೊಲ್ಲೆ ಶಿಶಿಕಲಾ ಅಣ್ಣಾಸಾಹೇಬ್,Joel Shishikala Annasaheb
778,24/07/2013,ವಸತಿ,Housing,ವಸತಿ ಯೋಜನೆಗಳ ಸೌಲಭ್ಯ,Housing Plans Facility,ಜೊಲ್ಲೆ ಶಿಶಿಕಲಾ ಅಣ್ಣಾಸಾಹೇಬ್,Joel Shishikala Annasaheb
779,24/07/2013,ಗ್ರಾಮೀಣಾಭಿವೃದ್ದಿ ಮತ್ತು ಪಂಚಾಯತ್ ರಾಜ್,Rural Development and Panchayat Raj,ನಿಪ್ಪಾಣ ಮತಕ್ಷೇತ್ರದ ಕೆರೆಗಳ ಅಭಿವೃದ್ದಿ,Development of Nippon constituency lakes,ಜೊಲ್ಲೆ ಶಿಶಿಕಲಾ ಅಣ್ಣಾಸಾಹೇಬ್,Joel Shishikala Annasaheb
780,24/07/2013,ಗ್ರಾಮೀಣಾಭಿವೃದ್ದಿ ಮತ್ತು ಪಂಚಾಯತ್ ರಾಜ್,Rural Development and Panchayat Raj,ನಿಪ್ಪಾಣ ಮತಕ್ಷೇತ್ರದ ರಸ್ತೆಗಳ ಅಭಿವೃದ್ಧಿ,Nippon constituency road development,ಜೊಲ್ಲೆ ಶಿಶಿಕಲಾ ಅಣ್ಣಾಸಾಹೇಬ್,Joel Shishikala Annasaheb
781,24/07/2013,ಗ್ರಾಮೀಣಾಭಿವೃದ್ದಿ ಮತ್ತು ಪಂಚಾಯತ್ ರಾಜ್,Rural Development and Panchayat Raj,ಜಲ ನಿರ್ಮಲ ಯೋಜನೆ,Water Cleanup Project,ಕೋಳಿವಾಡ ಕೆ.ಬಿ.,Kolivada kb
782,24/07/2013,ಪ್ರಾಥಮಿಕ ಮತ್ತು ಪೌಢಶಿಕ್ಷಣ,Primary and Secondary Education,ಖಾಸಗಿ ಶಿಕ್ಷಣ ಸಂಸ್ಥೆಗಳಿಗೆ ಅನುದಾನ,Grants to Private Institutions,ಕೋನರೆಡ್ಡಿ ಎನ್. ಎಚ್.,Konareddy N  H 
783,24/07/2013,ಗ್ರಾಮೀಣಾಭಿವೃದ್ದಿ ಮತ್ತು ಪಂಚಾಯತ್ ರಾಜ್,Rural Development and Panchayat Raj,ಗ್ರಾಮೀಣ ಪ್ರದೇಶಗಳಿಗೆ ಶುದ್ಧ ಕುಡಿಯುವ ನೀರು ಪೂರೈಕೆ,Pure drinking water supply to rural areas,ಕೋನರೆಡ್ಡಿ ಎನ್. ಎಚ್.,Konareddy N  H 
784,24/07/2013,ಮೂಲಭೂತ ಸೌಲಭ್ಯ,Basic Facility,ರಂಗ ಮಂಟಪ ಮಂಜೂರಾತಿ,Ranga Mandap Allowance,ಕೃಷ್ಣಪ್ಪ ಎಂ.ಟಿ.,Krishnappa M T 
785,24/07/2013,ಗ್ರಾಮೀಣಾಭಿವೃದ್ದಿ ಮತ್ತು ಪಂಚಾಯತ್ ರಾಜ್,Rural Development and Panchayat Raj,ಕುಡಿಯುವ ನೀರಿನಲ್ಲಿ ಫ್ಲೋರೈಡ್ ಅಂಶ,Fluoride element in drinking water,ಕೃಷ್ಣಪ್ಪ ಎಂ.ಟಿ.,Krishnappa M T 
786,24/07/2013,ಉನ್ನತ ಶಿಕ್ಷಣ,Higher education,ಕಾಲೇಜು ಮಂಜೂರಾತಿ,College sanction,ಕೃಷ್ಣಪ್ಪ ಎಂ.ಟಿ.,Krishnappa M T 
787,24/07/2013,ಪ್ರವಾಸೋಧ್ಯಮ,Tourism,ಪ್ರವಾಸಿ ಕೇಂದ್ರ ಮಂಜೂರಾತಿ,Tourist Center sanctioned,ಕೃಷ್ಣಪ್ಪ ಎಂ.ಟಿ.,Krishnappa M T 
788,24/07/2013,ಅಬಕಾರಿ,Excuse,ಮದ್ಯದಂಗಡಿ ತೆರೆಯಲು ಅನುಮತಿ,Permission to open a liquor store,ಕೃಷ್ಣಪ್ಪ ಎಂ.ಟಿ.,Krishnappa M T 
789,24/07/2013,ವಸತಿ,Housing,ಕೊಳಚೆ ನಿರ್ಮೂಲನ ಮಂಡಳಿಯಿಂದ ಮನೆ ನಿರ್ಮಾಣ,Construction of the house by the sewage removal board,ಕುಮಾರಸ್ವಾಮಿ ಹೆಚ್.ಕೆ.,Kumaraswamy HK
790,24/07/2013,ಗ್ರಾಮೀಣಾಭಿವೃದ್ದಿ ಮತ್ತು ಪಂಚಾಯತ್ ರಾಜ್,Rural Development and Panchayat Raj,ಕುಡಿಯುವ ನೀರಿನ ಯೋಜನೆ,Drinking water project,ಕುಮಾರಸ್ವಾಮಿ ಹೆಚ್.ಕೆ.,Kumaraswamy HK
791,24/07/2013,ವಸತಿ,Housing,ಬಸವ ವಸತಿ ಯೋಜನೆ,Basava Housing Scheme,ಲಕ್ಷ್ಮಣ ಸಂಗಪ್ಪ ಸವದಿ,Lakshmana Sangappa Savvadi
792,24/07/2013,ಪ್ರಾಥಮಿಕ ಮತ್ತು ಪೌಢಶಿಕ್ಷಣ,Primary and Secondary Education,ಸೊರಬ ವಿಧಾನಸಭಾ ಕ್ಷೇತ್ರದ ಶಾಲಾ ಕಟ್ಟಡ,The school building of the Soraba assembly constituency,ಮಧು ಬಂಗಾರಪ್ಪ,Madhu Bangarappa
793,24/07/2013,ಪ್ರಾಥಮಿಕ ಮತ್ತು ಪೌಢಶಿಕ್ಷಣ,Primary and Secondary Education,ಅಕ್ಷರ ದಾಸೋಹ ಕಾರ್ಯಕ್ರಮ,Character Dasoha Program,ಮಧು ಬಂಗಾರಪ್ಪ,Madhu Bangarappa
794,24/07/2013,ಪ್ರಾಥಮಿಕ ಮತ್ತು ಪೌಢಶಿಕ್ಷಣ,Primary and Secondary Education,ಅನುದಾನಿತ ಶಿಕ್ಷಣ ಸಂಸ್ಥೆ,Aided Institution,ಮಧು ಬಂಗಾರಪ್ಪ,Madhu Bangarappa
795,24/07/2013,ವಾರ್ತಾ ಮತ್ತು ಪ್ರಚಾರ,News and promotion,ಕನ್ನಡ ಚಲನಚಿತ್ರಗಳ ಆಡಿಯೋ ವಿಡಿಯೋ ನಕಲಿ,Audio video fake of Kannada movies,ಮಧು ಬಂಗಾರಪ್ಪ,Madhu Bangarappa
796,24/07/2013,ಪ್ರಾಥಮಿಕ ಮತ್ತು ಪೌಢಶಿಕ್ಷಣ,Primary and Secondary Education,ಸರ್ಕಾರಿ ಶಾಲಾ ಕಾಲೇಜುಗಳು,Government school colleges,ಮಧು ಬಂಗಾರಪ್ಪ,Madhu Bangarappa
797,24/07/2013,ಗ್ರಾಮೀಣಾಭಿವೃದ್ದಿ ಮತ್ತು ಪಂಚಾಯತ್ ರಾಜ್,Rural Development and Panchayat Raj,ಗ್ರಾಮೀಣಾಭಿವೃದ್ಧಿ ಇಲಾಖೆಯಲ್ಲಿ ಅದಿಕಾರಿಗಳ ವಿರುದ್ಧ ದೂರು,Complaint Against Aditias in the Rural Development Department,ಮಲ್ಲಿಕಾರ್ಜುನ ಸಿದ್ದರಾಮಪ್ಪ ಖೂಬಾ,Mallikarjuna Siddarappa Khuba
798,24/07/2013,ಗ್ರಾಮೀಣಾಭಿವೃದ್ದಿ ಮತ್ತು ಪಂಚಾಯತ್ ರಾಜ್,Rural Development and Panchayat Raj,ಗ್ರಾಮೀಣಾಭಿವೃದ್ಧಿ ಯೋಜನೆಗಳಲ್ಲಿ ಭ್ರಷ್ಟಾಚಾರ,Corruption in Rural Development Projects,ಮಲ್ಲಿಕಾರ್ಜುನ ಸಿದ್ದರಾಮಪ್ಪ ಖೂಬಾ,Mallikarjuna Siddarappa Khuba
799,24/07/2013,ಮಹಿಳಾ ಮತ್ತು ಮಕ್ಕಳ ಅಭಿವೃದ್ಧಿ,Women and Child Development,ಇಲಾಖೆಯ ಅಧಿಕಾರಿಗಳ ವಿವರ,Details of department officials,ಮಲ್ಲಿಕಾರ್ಜುನ ಸಿದ್ದರಾಮಪ್ಪ ಖೂಬಾ,Mallikarjuna Siddarappa Khuba
800,24/07/2013,ಪ್ರಾಥಮಿಕ ಮತ್ತು ಪೌಢಶಿಕ್ಷಣ,Primary and Secondary Education,ಹೈದ್ರಾಬಾದ್ ಕರ್ನಾಟಕ ಪ್ರದೇಶದಲ್ಲಿ ಎಸ್.ಎಸ್.ಎಲ್.ಸಿ. ಫಲಿತಾಂಶ,SSLC in Hyderabad region The result,ಮಲ್ಲಿಕಾರ್ಜುನ ಸಿದ್ದರಾಮಪ್ಪ ಖೂಬಾ,Mallikarjuna Siddarappa Khuba
801,24/07/2013,ವಸತಿ,Housing,ಕೊಳಚೆ ಮಂಡಳಿಯಲ್ಲಿ ಅಭಿವೃದ್ಧಿ ಕಾರ್ಯಗಳು,Development works on the slum board,ಮಲ್ಲಿಕಾರ್ಜುನ ಸಿದ್ದರಾಮಪ್ಪ ಖೂಬಾ,Mallikarjuna Siddarappa Khuba
802,24/07/2013,ವಸತಿ,Housing,ಕೊಳಚೆ ಪ್ರದೇಶದ ಗುಡಿಸಲು ನಿವಾಸಿಗಳ ಅಭಿವೃದ್ಧಿ,Development of slum dwellers,ಮುನಿರಾಜು ಎಸ್.,Muniraju S 
803,24/07/2013,ಪ್ರಾಥಮಿಕ ಮತ್ತು ಪೌಢಶಿಕ್ಷಣ,Primary and Secondary Education,ಪದವಿ ಪೂರ್ವ ಕಾಲೇಜು ಪ್ರಾರಂಭ,Pre-graduate college,ಮುನಿರಾಜು ಎಸ್.,Muniraju S 
804,24/07/2013,ಗ್ರಾಮೀಣಾಭಿವೃದ್ದಿ ಮತ್ತು ಪಂಚಾಯತ್ ರಾಜ್,Rural Development and Panchayat Raj,ಜಿಲ್ಲಾ ಪಂಚಾಯತ್ ವ್ಯಾಪ್ತಿಯ ರಸ್ತೆ ಕಾಮಗಾರಿ,Road work on Zilla Panchayat jurisdiction,ನಾಗರಾಜಯ್ಯ ಡಿ.,Nagaraja D 
805,24/07/2013,ಪ್ರಾಥಮಿಕ ಮತ್ತು ಪೌಢಶಿಕ್ಷಣ,Primary and Secondary Education,ಕುಣಗಲ್ ತಾಲ್ಲೂಕಿನ ಪದವಿ ಪೂರ್ವ ಕಾಲೇಜುಗಳು,Pre-graduate colleges in Kunnagal taluk,ನಾಗರಾಜಯ್ಯ ಡಿ.,Nagaraja D 
806,24/07/2013,ಗ್ರಾಮೀಣಾಭಿವೃದ್ದಿ ಮತ್ತು ಪಂಚಾಯತ್ ರಾಜ್,Rural Development and Panchayat Raj,ಕೂಡ್ಲಿಗಿ ತಾಲ್ಲೂಕಿನ ಗ್ರಾಮ ಪಂಚಾಯಿತಿಗಳಿಗೆ ಅನುದಾನ ಬಿಡುಗಡೆ,Grant Release to Gram Panchayats in Koodligi Taluk,ನಾಗೇಂದ್ರ ಬಿ.,Nagendra B 
807,24/07/2013,ಉನ್ನತ ಶಿಕ್ಷಣ,Higher education,ಕೂಡ್ಲಿಗಿ ತಾಲ್ಲೂಕಿನ ಪದವಿ ಕಾಲೇಜು ಮಂಜೂರಾತಿ,Graduate College Allowance in Koodligi Taluk,ನಾಗೇಂದ್ರ ಬಿ.,Nagendra B 
808,24/07/2013,ಗ್ರಾಮೀಣಾಭಿವೃದ್ದಿ ಮತ್ತು ಪಂಚಾಯತ್ ರಾಜ್,Rural Development and Panchayat Raj,ಕೂಡ್ಲಿಗಿ ತಾಲ್ಲೂಕಿನಲ್ಲಿ ರಸ್ತೆ ಅಭಿವೃದ್ಧಿ ಮಾಡುವುದು,Development of road in Koodligi taluk,ನಾಗೇಂದ್ರ ಬಿ.,Nagendra B 
809,24/07/2013,ವಸತಿ,Housing,ಕೂಡ್ಲಿಗಿ ತಾಲ್ಲೂಕಿನ ವಿವಿಧ ವಸತಿ ಯೋಜನೆಗಳು,Various residential projects in Koodligi taluk,ನಾಗೇಂದ್ರ ಬಿ.,Nagendra B 
810,24/07/2013,ಪ್ರವಾಸೋಧ್ಯಮ,Tourism,ಕೂಡ್ಲಿಗಿ ತಾಲ್ಲೂಕಿನ ಪ್ರವಾಸಿ ತಾಣಗಳ ಅಭಿವೃದ್ಧಿ,Development of tourist destinations in Koodligi taluk,ನಾಗೇಂದ್ರ ಬಿ.,Nagendra B 
811,24/07/2013,ಗ್ರಾಮೀಣಾಭಿವೃದ್ದಿ ಮತ್ತು ಪಂಚಾಯತ್ ರಾಜ್,Rural Development and Panchayat Raj,ವಿಮಾನ ನಿಲ್ದಾಣಗಳ ನಿರ್ಮಾಣ,Construction of airports,ನಾರಾಯಣ ಗೌಡ,Narayana Gowda
812,24/07/2013,ಗ್ರಾಮೀಣಾಭಿವೃದ್ದಿ ಮತ್ತು ಪಂಚಾಯತ್ ರಾಜ್,Rural Development and Panchayat Raj,ತಾಲ್ಕೂಕು ಪಂಚಾಯಿತಿಗಳನ್ನು ಬಲಗೊಳಿಸುವುದು,Strengthen the taluk panchayats,ನಾರಾಯಣ ಗೌಡ,Narayana Gowda
813,24/07/2013,ಅಬಕಾರಿ,Excuse,ಕೆ.ಆರ್. ಪೇಟೆ ತಾಲ್ಕೂಕಿನಲ್ಲಿ ಮದ್ಯದ ಅಂಗಡಿಗಳು,KR. Alcohol Shops in Downtown Taluk,ನಾರಾಯಣ ಗೌಡ,Narayana Gowda
814,24/07/2013,ವಸತಿ,Housing,ಗ್ರಾಮೀಣ ಮಟ್ಟದಲ್ಲಿ ವಸತಿ ಸಮಸ್ಯೆ,Housing problem at rural level,ನಾರಾಯಣ ಗೌಡ,Narayana Gowda
815,24/07/2013,ಉನ್ನತ ಶಿಕ್ಷಣ,Higher education,ಕೆ.ಆರ್. ಪೇಟೆ ಇಂಜಿನಿಯರಿಂಗ್ ಕಾಲೇಜಿನ ಸಮಸ್ಯೆ,KR. The problem of downtown engineering college,ನಾರಾಯಣ ಗೌಡ,Narayana Gowda
816,24/07/2013,ಪ್ರವಾಸೋಧ್ಯಮ,Tourism,ಪ್ರವಾಸಿ ತಾಣಗಳಿಗೆ ಅನುದಾನ ಬಿಡುಗಡೆ,Grant Release to tourist destinations,ನರೇಂದ್ರ ಸ್ವಾಮಿ ಪಿ.ಎಂ.,Narendra Swami PM
817,24/07/2013,ವಸತಿ,Housing,ವಸತಿಹೀನರಿಗೆ ಗೃಹ ನಿರ್ಮಾಣ,Building a home for the homeless,ನರೇಂದ್ರ ಸ್ವಾಮಿ ಪಿ.ಎಂ.,Narendra Swami PM
818,24/07/2013,ಗ್ರಾಮೀಣಾಭಿವೃದ್ದಿ ಮತ್ತು ಪಂಚಾಯತ್ ರಾಜ್,Rural Development and Panchayat Raj,ಹಲಗೂರು ಹೋಬಳಿಯ ಗ್ರಾಮಗಳಿಗೆ ಕುಡಿಯುವ ನೀರು,Drinking water for many hilly villages,ನರೇಂದ್ರ ಸ್ವಾಮಿ ಪಿ.ಎಂ.,Narendra Swami PM
819,24/07/2013,ಗ್ರಾಮೀಣಾಭಿವೃದ್ದಿ ಮತ್ತು ಪಂಚಾಯತ್ ರಾಜ್,Rural Development and Panchayat Raj,ಕಿರುಗಾವಲು ಹೋಬಳಿಗೆ ಕುಡಿಯುವ ನೀರು,Hobbies drink water to shake,ನರೇಂದ್ರ ಸ್ವಾಮಿ ಪಿ.ಎಂ.,Narendra Swami PM
820,24/07/2013,ಗ್ರಾಮೀಣಾಭಿವೃದ್ದಿ ಮತ್ತು ಪಂಚಾಯತ್ ರಾಜ್,Rural Development and Panchayat Raj,ಬಹು ಹಳ್ಳಿಗಳ ಕುಡಿಯುವ ನೀರಿನ ಯೋಜನೆ,Multi Villages Drinking Water Project,ಪಾಟೀಲ್ ಎ.ಎಸ್.,Patil AS
821,24/07/2013,ಅಬಕಾರಿ,Excuse,ಆರ್ಥಿಕ ಮದ್ಯ ಮಾರಾಟ ಮಳಿಗೆ ಪ್ರಾರಂಭಿಸುವುದು,Launching the Financial Wine Shop,ಪಾಟೀಲ್ ಎ.ಎಸ್.,Patil AS
822,24/07/2013,ವಸತಿ,Housing,ಬಿಜಾಪೂರ ಜಿಲ್ಲೆಯಲ್ಲಿ ವಸತಿ ಯೋಜನೆಗಳ ಮಂಜೂರಾತಿ,Allocation of housing schemes in Bijapur district,ಪಾಟೀಲ್ ಎ.ಎಸ್.,Patil AS
823,24/07/2013,ಉನ್ನತ ಶಿಕ್ಷಣ,Higher education,ಪಾಲಿಟೆಕ್ನಿಕ್ / ಐ.ಟಿ.ಐ. ಕಾಲೇಜು ಸ್ಥಾಪನೆ,Polytechnic / ITI Establishment of college,ಪಾಟೀಲ್ ಬಿ.ಆರ್.,Patil BR
824,24/07/2013,ಉನ್ನತ ಶಿಕ್ಷಣ,Higher education,ತಾಂತ್ರಿಕ ಮಹಾವಿದ್ಯಾಲಯಗಳು,Technical Colleges,ಪಾಟೀಲ್ ಬಿ.ಆರ್.,Patil BR
825,24/07/2013,ಗ್ರಾಮೀಣಾಭಿವೃದ್ದಿ ಮತ್ತು ಪಂಚಾಯತ್ ರಾಜ್,Rural Development and Panchayat Raj,ಆಳಂದ ತಾಲ್ಲೂಕಿನಲ್ಲಿ ಕುಡಿಯುವ ನೀರಿನ ಸಮಸ್ಯೆ,Drinking water problem in the Alan taluk,ಪಾಟೀಲ್ ಬಿ.ಆರ್.,Patil BR
826,24/07/2013,ಅಬಕಾರಿ,Excuse,ಕಾನೂನು ಬಾಹಿರವಾಗಿ ಚಿಲ್ಲರೆ ಮದ್ಯ ಮಾರಾಟ,Illegal retail sales,ಪಾಟೀಲ್ ಬಿ.ಆರ್.,Patil BR
827,24/07/2013,ಗ್ರಾಮೀಣಾಭಿವೃದ್ದಿ ಮತ್ತು ಪಂಚಾಯತ್ ರಾಜ್,Rural Development and Panchayat Raj,ಉದ್ಯೋಗ ಖಾತ್ರಿ ಯೋಜನೆ,Employment Guarantee Scheme,ಪಾಟೀಲ್ ಬಿ.ಆರ್.,Patil BR
828,24/07/2013,ಗ್ರಾಮೀಣಾಭಿವೃದ್ದಿ ಮತ್ತು ಪಂಚಾಯತ್ ರಾಜ್,Rural Development and Panchayat Raj,ಬೀದರ್ ಜಿಲ್ಲೆಯ ಕಾಮಗಾರಿಗಳು,Works of Bidar district,ಪ್ರಭು ಬಿ. ಚೌವ್ಜಾಣ್,Prabhu B  Chauhajan
829,24/07/2013,ವಸತಿ,Housing,ಕರ್ನಾಟಕ ಗೃಹ ಮಂಡಳಿ ವಾಣಿಜ್ಯ ಸಂಕೀರ್ಣ,Karnataka Home Board Commercial Complex,ಪ್ರಕಾಶ್ ಹೆಚ್.ಎಸ್.,Prakash HS
830,24/07/2013,ಉನ್ನತ ಶಿಕ್ಷಣ,Higher education,ಕಾಲೇಜುಗಳಲ್ಲಿನ ಉಪನ್ಯಾಸಕರ ಹುದ್ದೆಗಳು,Lecturer posts in colleges,ಪ್ರಕಾಶ್ ಹೆಚ್.ಎಸ್.,Prakash HS
831,24/07/2013,ಪ್ರಾಥಮಿಕ ಮತ್ತು ಪೌಢಶಿಕ್ಷಣ,Primary and Secondary Education,ಅಂಗವಿಕಲತೆಯ ಸುಳ್ಳು ಪ್ರಮಾಣ ಪತ್ರ,Fake Certificate of Disability,ಪ್ರಕಾಶ್ ಹೆಚ್.ಎಸ್.,Prakash HS
832,24/07/2013,ಮಹಿಳಾ ಮತ್ತು ಮಕ್ಕಳ ಅಭಿವೃದ್ಧಿ,Women and Child Development,ಹಿರಿಯ ನಾಗರೀಕರ ಆರೋಗ್ಯ ವಿಮೆ,Senior Citizens' Health Insurance,ಪ್ರಮೋದ್ ಮಧ್ವರಾಜ್,Pramod Madhwaraj
833,24/07/2013,ಗ್ರಾಮೀಣಾಭಿವೃದ್ದಿ ಮತ್ತು ಪಂಚಾಯತ್ ರಾಜ್,Rural Development and Panchayat Raj,ಮಹಾತ್ಮ ಗಾಂಧಿ ರಾಷ್ಟ್ರೀಯ ಉದ್ಯೋಗ ಖಾತ್ರಿ ಯೋಜನೆ,Mahatma Gandhi National Employment Guarantee Scheme,ಪ್ರಮೋದ್ ಮಧ್ವರಾಜ್,Pramod Madhwaraj
834,24/07/2013,ಮಹಿಳಾ ಮತ್ತು ಮಕ್ಕಳ ಅಭಿವೃದ್ಧಿ,Women and Child Development,ಅಂಗನವಾಡಿ ಶಾಲೆಗಳಿಗೆ ಸ್ವಂತ ಕಟ್ಟಡ,Anganwadi schools own building,ಪ್ರಸನ್ನಕುಮಾರ್ ಕೆ.ಬಿ.,Prasanna Kumar KB
835,24/07/2013,ವಸತಿ,Housing,ಕರ್ನಾಟಕ ಗೃಹ ಮಂಡಳಿ ವತಿಯಿಂದ ಮನೆಗಳ ನಿರ್ಮಾಣ,Construction of houses by Karnataka Home Board,ಪ್ರಸನ್ನಕುಮಾರ್ ಕೆ.ಬಿ.,Prasanna Kumar KB
836,24/07/2013,ವಸತಿ,Housing,ಆಶ್ರಯ ಮನೆಗಳು,Shelter homes,ಪುಟ್ಟಣ್ಣಯ್ಯ ಕೆ.ಎಸ್.,Puttannaiah K S 
837,24/07/2013,ಗ್ರಾಮೀಣಾಭಿವೃದ್ದಿ ಮತ್ತು ಪಂಚಾಯತ್ ರಾಜ್,Rural Development and Panchayat Raj,ಸುವರ್ಣ ಗ್ರಾಮ ಯೋಜನೆ,Suvarna village project,ಪುಟ್ಟಣ್ಣಯ್ಯ ಕೆ.ಎಸ್.,Puttannaiah K S 
838,24/07/2013,ಪ್ರಾಥಮಿಕ ಮತ್ತು ಪೌಢಶಿಕ್ಷಣ,Primary and Secondary Education,ಗ್ರಾಮೀಣ ಪ್ರದೇಶದ ಶಾಲೆಗಳು,Rural Schools,ಪುಟ್ಟಣ್ಣಯ್ಯ ಕೆ.ಎಸ್.,Puttannaiah K S 
839,24/07/2013,ಮಹಿಳಾ ಮತ್ತು ಮಕ್ಕಳ ಅಭಿವೃದ್ಧಿ,Women and Child Development,ಶಿಡ್ಲಘಟ್ಟ ತಾಲ್ಲೂಕಿನಲ್ಲಿರುವ ಅಂಗನವಾಡಿ ಕೇಂದ್ರಗಳು,Anganwadi Centers in Shidlaghatta Taluk,ರಾಜಣ್ಣ ಎಂ,Rajanna M 
840,24/07/2013,ಉನ್ನತ ಶಿಕ್ಷಣ,Higher education,ಪಾಲಿಟೆಕ್ನಿಕ್ ಕಾಲೇಜು,Polytechnic College,ರಾಜಣ್ಣ ಎಂ,Rajanna M 
841,24/07/2013,ಪ್ರಾಥಮಿಕ ಮತ್ತು ಪೌಢಶಿಕ್ಷಣ,Primary and Secondary Education,ಎಸ್.ಎಸ್.ಎಲ್.ಸಿ. ಫಲಿತಾಂಶ,SSLC The result,ರಾಜಣ್ಣ ಎಂ,Rajanna M 
842,24/07/2013,ಉನ್ನತ ಶಿಕ್ಷಣ,Higher education,ಖಾಲಿ ಹುದ್ದೆಗಳ ಭರ್ತಿ,Fill in blank posts,ರಾಜಶೇಖರ ಬಸವರಾಜ ಪಾಟೀಲ್,Rajasekhar Basavaraj Patil
843,24/07/2013,ಪ್ರಾಥಮಿಕ ಮತ್ತು ಪೌಢಶಿಕ್ಷಣ,Primary and Secondary Education,ಪ್ರೌಢಶಾಲೆಗಳ ಕೊರತೆ,Lack of high schools,ರಾಜೀವ್ ಪಿ.,Rajiv P 
844,24/07/2013,ಪ್ರಾಥಮಿಕ ಮತ್ತು ಪೌಢಶಿಕ್ಷಣ,Primary and Secondary Education,ಪದವಿ ಪೂರ್ವ ಕಾಲೇಜು,Pre-college,ರಾಜೀವ್ ಪಿ.,Rajiv P 
845,24/07/2013,ಗ್ರಾಮೀಣಾಭಿವೃದ್ದಿ ಮತ್ತು ಪಂಚಾಯತ್ ರಾಜ್,Rural Development and Panchayat Raj,ಗ್ರಾಮೀಣ ಪ್ರದೇಶದ ಕುಡಿಯುವ ನೀರಿನ ಯೋಜನೆಗಳು,Rural Drinking Water Plans,ರಾಮಕೃಷ್ಣ ಜಿ.,Ramakrishna G 
846,24/07/2013,ಉನ್ನತ ಶಿಕ್ಷಣ,Higher education,ಸರ್ಕಾರಿ ಹಾಗು ಅನುದಾನಿತ ಕಾಲೇಜುಗಳು,Government and Aided Colleges,ರವಿ. ಸಿ.ಟಿ.,Ravi  CT
847,24/07/2013,ಉನ್ನತ ಶಿಕ್ಷಣ,Higher education,ವಿಶ್ವವಿದ್ಯಾಲಯ ಧನ ಸಹಾಯ ಆಯೋಗದ ಮಾನ್ಯತೆ,Approval of the University Fund Assistance Commission,ರವಿ. ಸಿ.ಟಿ.,Ravi  CT
848,24/07/2013,ಗ್ರಾಮೀಣಾಭಿವೃದ್ದಿ ಮತ್ತು ಪಂಚಾಯತ್ ರಾಜ್,Rural Development and Panchayat Raj,ಕುಡಿಯುವ ನೀರಿನ ಪೂರೈಕೆ,Drinking water supply,ರವಿ. ಸಿ.ಟಿ.,Ravi  CT
849,24/07/2013,ಗ್ರಾಮೀಣಾಭಿವೃದ್ದಿ ಮತ್ತು ಪಂಚಾಯತ್ ರಾಜ್,Rural Development and Panchayat Raj,ಕುಡಿಯುವ ನೀರಿಗಾಗಿ ಖರ್ಚು ಮಾಡಿರುವುದು,Spending for drinking water,ರವಿ. ಸಿ.ಟಿ.,Ravi  CT
850,24/07/2013,ಉನ್ನತ ಶಿಕ್ಷಣ,Higher education,ಖಾಸಗೀ ವಿಶ್ವವಿದ್ಯಾಲಯಗಳು,Private universities,ರವಿ. ಸಿ.ಟಿ.,Ravi  CT
851,24/07/2013,ವಸತಿ,Housing,ಸೂರ್ಯನಗರ 3ನೇ ಹಂತದ ಖಾಸಗಿ ಸ್ವತ್ತು,Surya Nagar 3rd Step Private Property,ರವಿಸುಬ್ರಹ್ಮಣ್ಯ ಎಲ್.ಎ.,Ravi Brahmanya L A 
852,24/07/2013,ಪ್ರಾಥಮಿಕ ಮತ್ತು ಪೌಢಶಿಕ್ಷಣ,Primary and Secondary Education,ಸರ್ಕಾರಿ ಪದವಿ ಪೂರ್ವ ಕಾಲೇಜುಗಳಲ್ಲಿ ಮೂಲ ಸೌಕರ್ಯ,Infrastructure at Government Graduate Colleges,ರೇವಣ್ಣ ಹೆಚ್.ಡಿ.,Revanna HD
853,24/07/2013,ವಸತಿ,Housing,ಕರ್ನಾಟಕ ಗೃಹ ಮಂಡಳಿಯ ನಿವೇಶನ ಹಂಚಿಕೆ,Allocation of Karnataka Home Board Site,ರೇವಣ್ಣ ಹೆಚ್.ಡಿ.,Revanna HD
854,24/07/2013,ಉನ್ನತ ಶಿಕ್ಷಣ,Higher education,ರಾಜ್ಯದಲ್ಲಿ ಪಾಲಿಟೆಕ್ನಿಕ್ ಕಾಲೇಜುಗಳ ಮಂಜೂರಾತಿ,Approval of polytechnic colleges in the state,ರೇವಣ್ಣ ಹೆಚ್.ಡಿ.,Revanna HD
855,24/07/2013,ಉನ್ನತ ಶಿಕ್ಷಣ,Higher education,ಖಾಸಗಿ ಇಂಜಿನಿಯರಿಂಗ್ ಕಾಲೇಜುಗಳ ಮಂಜೂರಾತಿ,Sanction of private engineering colleges,ರೇವಣ್ಣ ಹೆಚ್.ಡಿ.,Revanna HD
856,24/07/2013,ಗ್ರಾಮೀಣಾಭಿವೃದ್ದಿ ಮತ್ತು ಪಂಚಾಯತ್ ರಾಜ್,Rural Development and Panchayat Raj,ಗಣೇಶಪುರ ಕೊಳಚೆ ಪ್ರದೇಶ ಅಭಿವೃದ್ಧಿ,Development of Ganesha slums,ಸಂಜಯ ಬಿ. ಪಾಟೀಲ್,Sanjaya B  Patil
857,24/07/2013,ಪ್ರಾಥಮಿಕ ಮತ್ತು ಪೌಢಶಿಕ್ಷಣ,Primary and Secondary Education,ಖಾಲಿ ಹುದ್ದೆಗಳನ್ನು ಭರ್ತಿ ಮಾಡುವುದು,Filling up empty vacancies,ಶಿವಲಿಂಗೇಗೌಡ ಕೆ.ಎಂ.,Shivalinge Gowda KM
858,24/07/2013,ಗ್ರಾಮೀಣಾಭಿವೃದ್ದಿ ಮತ್ತು ಪಂಚಾಯತ್ ರಾಜ್,Rural Development and Panchayat Raj,ಇಂಜಿನಿಯರ್ ಹುದ್ದೆಗಳನ್ನು ಭರ್ತಿ ಮಾಡುವುದು,Fill up engineer posts,ಶಿವಲಿಂಗೇಗೌಡ ಕೆ.ಎಂ.,Shivalinge Gowda KM
859,24/07/2013,ಗ್ರಾಮೀಣಾಭಿವೃದ್ದಿ ಮತ್ತು ಪಂಚಾಯತ್ ರಾಜ್,Rural Development and Panchayat Raj,ಎರವಲು ಸೇವೆಯ ಮೇಲೆ ಕಾರ್ಯನಿರ್ವಹಣಾಧಿಕಾರಿಗಳ ನೇಮಕ,Appointment of executives on borrowing service,ಶಿವಲಿಂಗೇಗೌಡ ಕೆ.ಎಂ.,Shivalinge Gowda KM
860,24/07/2013,ವಸತಿ,Housing,ವಿವಿಧ ಯೋಜನೆಗಳ ಅಡಿಯಲ್ಲಿ ನಿರ್ಮಿಸಿರುವ ಮನೆಗಳು,Homes built under various schemes,ಶಿವಲಿಂಗೇಗೌಡ ಕೆ.ಎಂ.,Shivalinge Gowda KM
861,24/07/2013,ಉನ್ನತ ಶಿಕ್ಷಣ,Higher education,ಸರ್ಕಾರಿ ಪ್ರಥಮ ದರ್ಜೆ ಕಾಲೇಜುಗಳು,Government First Class Colleges,ಶಿವಶಂಕರ್ ಎಚ್.ಎಸ್.,Shivshankar HS
862,24/07/2013,ಪ್ರಾಥಮಿಕ ಮತ್ತು ಪೌಢಶಿಕ್ಷಣ,Primary and Secondary Education,ಶಿಕ್ಷಕರ ಕೊರತೆ,Lack of teachers,ಸುಬ್ಬಾರೆಡ್ಡಿ ಎಸ್.ಎನ್.,Subburdy SN
863,24/07/2013,ಗ್ರಾಮೀಣಾಭಿವೃದ್ದಿ ಮತ್ತು ಪಂಚಾಯತ್ ರಾಜ್,Rural Development and Panchayat Raj,ಬಾಗೇಪಲ್ಲಿ ಮತ್ತು ಗುಡಿಬಂಡೆ ತಾಲ್ಲೂಕುಗಳಿಗೆ ಬಿಡುಗಡೆಯಾದ ಅನುದಾನ,Grants released to Bagepalli and Gudibende Taluk,ಸುಬ್ಬಾರೆಡ್ಡಿ ಎಸ್.ಎನ್.,Subburdy SN
864,24/07/2013,ಗ್ರಾಮೀಣಾಭಿವೃದ್ದಿ ಮತ್ತು ಪಂಚಾಯತ್ ರಾಜ್,Rural Development and Panchayat Raj,ತಾಲ್ಲೂಕು ಪಂಚಾಯತಿಗಳಿಗೆ ಬಿಡುಗಡೆಯಾದ ಅನುದಾನ,Grants released to Taluk Panchayats,ಸುಬ್ಬಾರೆಡ್ಡಿ ಎಸ್.ಎನ್.,Subburdy SN
865,24/07/2013,ಪ್ರಾಥಮಿಕ ಮತ್ತು ಪೌಢಶಿಕ್ಷಣ,Primary and Secondary Education,ತುಮಕೂರಿನಲ್ಲಿ ಸರ್ಕಾರಿ ಮುದ್ರಣಾಲಯ ಸ್ಥಾಪನೆ,Establishment of Government Press in Tumkur,ಸುಧಾಕರ ಲಾಲ್ ಪಿ.ಆರ್.,Sudhakar Lal PR
866,24/07/2013,ಪ್ರಾಥಮಿಕ ಮತ್ತು ಪೌಢಶಿಕ್ಷಣ,Primary and Secondary Education,ತುಮಕೂರು ಸರ್ಕಾರಿ ಮುದ್ರಣಾಲಯದ ನೌಕರರಿಗೆ ತೊಂದರೆ,Employees of the Tumkur Government Press have trouble,ಸುಧಾಕರ ಲಾಲ್ ಪಿ.ಆರ್.,Sudhakar Lal PR
867,24/07/2013,ಗ್ರಾಮೀಣಾಭಿವೃದ್ದಿ ಮತ್ತು ಪಂಚಾಯತ್ ರಾಜ್,Rural Development and Panchayat Raj,ಗ್ರಾಮ ಪಂಚಾಯಿತಿ ನೌಕರರ ಮತ್ತು ದಿನಗೂಲಿ ನೌಕರರಿಗೆ ಕನಿಷ್ಠ ವೇತನ,Minimum Wages for Grama Panchayat Employees and Daily Workers,ಸುಧಾಕರ ಲಾಲ್ ಪಿ.ಆರ್.,Sudhakar Lal PR
868,24/07/2013,ಗ್ರಾಮೀಣಾಭಿವೃದ್ದಿ ಮತ್ತು ಪಂಚಾಯತ್ ರಾಜ್,Rural Development and Panchayat Raj,ಗ್ರಾಮಪಂಚಾಯಿತಿ ಕಛೇರಿಗಳಲ್ಲಿ ಮೂಲಭೂತ ಸೌಲಭ್ಯ ಕಲ್ಪಿಸುವುದು,Fundamental facility in Gram Panchayat Offices,ಸುಧಾಕರ ಲಾಲ್ ಪಿ.ಆರ್.,Sudhakar Lal PR
869,24/07/2013,ವಸತಿ,Housing,ಬಸವಶ್ರೀ ಯೋಜನೆಯ ಮನೆಗಳ ಫಲಾನುಭವಿಗಳಿಗೆ ತೊಂದರೆಯಾಗಿರುವುದು,Basavasiri's scheme is troubled by the beneficiaries of homes,ಸುಧಾಕರ ಲಾಲ್ ಪಿ.ಆರ್.,Sudhakar Lal PR
870,24/07/2013,ವಾರ್ತಾ ಮತ್ತು ಪ್ರಚಾರ,News and promotion,ಮಹಾಮಸ್ತಕಾಭಿಷೇಕಕ್ಕೆ ಅನುದಾನ,Grant to the Mahamastakabhishekam,ಸುನೀಲ್ ಕುಮಾರ್ ವಿ.,Sunil Kumar V 
871,24/07/2013,ಗ್ರಾಮೀಣಾಭಿವೃದ್ದಿ ಮತ್ತು ಪಂಚಾಯತ್ ರಾಜ್,Rural Development and Panchayat Raj,ಕುಡಿಯುವ ನೀರಿನ ಸಮಸ್ಯೆ,Drinking water problem,ಸುನೀಲ್ ಕುಮಾರ್ ವಿ.,Sunil Kumar V 
872,24/07/2013,ಗ್ರಾಮೀಣಾಭಿವೃದ್ದಿ ಮತ್ತು ಪಂಚಾಯತ್ ರಾಜ್,Rural Development and Panchayat Raj,ಬಹುಗ್ರಾಮ ಕುಡಿಯುವ ನೀರಿನ ಯೋಜನೆ,Multiplication drinking water scheme,ಸುನೀಲ್ ಕುಮಾರ್ ವಿ.,Sunil Kumar V 
873,24/07/2013,ಉನ್ನತ ಶಿಕ್ಷಣ,Higher education,ಸರ್ಕಾರಿ ಪ್ರಥಮ ದರ್ಜೆ ಕಾಲೇಜು,Government First Class College,ಸುರೇಶ್ ಬಾಬು ಸಿ.ಬಿ.,Suresh Babu CB
874,24/07/2013,ಗ್ರಾಮೀಣಾಭಿವೃದ್ದಿ ಮತ್ತು ಪಂಚಾಯತ್ ರಾಜ್,Rural Development and Panchayat Raj,ಗ್ರಾಮ ಪಂಚಾಯಿತಿಗಳ ಪರಿಸರ ರಕ್ಷಣೆ,Environmental Protection of Gram Panchayats,ಸುರೇಶ್ ಬಾಬು ಸಿ.ಬಿ.,Suresh Babu CB
875,24/07/2013,ಗ್ರಾಮೀಣಾಭಿವೃದ್ದಿ ಮತ್ತು ಪಂಚಾಯತ್ ರಾಜ್,Rural Development and Panchayat Raj,ಮಿನರಲ್ ವಾಟರ್ ಘಟಕಗಳು,Mineral Water Units,ಸುರೇಶ್ ಕುಮಾರ್ ಎಸ್.,Suresh Kumar S
876,24/07/2013,ಉನ್ನತ ಶಿಕ್ಷಣ,Higher education,ವಿಶ್ವವಿದ್ಯಾಲಯಗಳಲ್ಲಿ ನಡೆದ ಆಕ್ರಮಗಳ ವಿವರ,Description of the attacks at universities,ಸುರೇಶ್ ಕುಮಾರ್ ಎಸ್.,Suresh Kumar S
877,24/07/2013,ವಸತಿ,Housing,ಆಶ್ರಯ ಮನೆಗಳು,Shelter homes,ತಿಪ್ಪಾರೆಡ್ಡಿ ಜಿ.ಎಚ್.,Thippareddy GH
878,24/07/2013,ಪ್ರಾಥಮಿಕ ಮತ್ತು ಪೌಢಶಿಕ್ಷಣ,Primary and Secondary Education,ಪಂಚಾಯಿತಿ ಕಾರ್ಯಾಲಯದಲ್ಲಿ ಖಾಲಿ ಹುದ್ದೆಗಳು,Vacancies in the Panchayat Office,ತುಕಾರಾಮ್ ಇ.,Tukaram E 
879,24/07/2013,ಗ್ರಾಮೀಣಾಭಿವೃದ್ದಿ ಮತ್ತು ಪಂಚಾಯತ್ ರಾಜ್,Rural Development and Panchayat Raj,ಖಾಲಿ ಹುದ್ದೆಗಳ ಭರ್ತಿ,Fill in blank posts,ತುಕಾರಾಮ್ ಇ.,Tukaram E 
880,24/07/2013,ಗ್ರಾಮೀಣಾಭಿವೃದ್ದಿ ಮತ್ತು ಪಂಚಾಯತ್ ರಾಜ್,Rural Development and Panchayat Raj,ಸಂಡೂರು ಕ್ಷೇತ್ರದ ಜಿಲ್ಲಾ ಪಂಚಾಯಿತಿ ರಸ್ತೆಗಳು,District panchayat roads in Sandur constituency,ತುಕಾರಾಮ್ ಇ.,Tukaram E 
881,24/07/2013,ಪ್ರಾಥಮಿಕ ಮತ್ತು ಪೌಢಶಿಕ್ಷಣ,Primary and Secondary Education,ಶೈಕ್ಷಣಿಕ ವರ್ಷದ ಮಧ್ಯೆ ನಿವೃತ್ತಿಯಾಗುವ ಶಿಕ್ಷಕರ ಸೇವೆ ವಿಸ್ತರಿಸುವುದು,Extending Teacher Service Retired Between the Academic Year,ವಿಜಯ ಕುಮಾರ್ ಬಿ.ಎನ್.,Vijay Kumar BN
882,24/07/2013,ಪ್ರಾಥಮಿಕ ಮತ್ತು ಪೌಢಶಿಕ್ಷಣ,Primary and Secondary Education,ಶಾಲಾ ಮಕ್ಕಳಿಗೆ ಉಚಿತ ಸಮವಸ್ರ್ತ ಹಾಗು ಪುಸ್ತಕ ವಿವರಣೆ,Free eclectic and book description for school children,ವಿಜಯ ಕುಮಾರ್ ಬಿ.ಎನ್.,Vijay Kumar BN
883,24/07/2013,ವಸತಿ,Housing,ಕೆ.ಹೆಚ್.ಬಿ. ಬಡಾವಣೆ,KHB Layout,ವಿಶ್ವನಾಥ್ ಎಸ್. ಆರ್.,Vishwanath S  R 
884,24/07/2013,ಉನ್ನತ ಶಿಕ್ಷಣ,Higher education,ಪದವಿ ಪೂರ್ವ ಕಾಲೇಜುಗಳಿಗೆ ಮೂಲಭೂತ ಸೌಕರ್ಯ,Infrastructure for undergraduate colleges,ವಿಶ್ವೇಶ್ವರ ಹೆಗಡೆ ಕಾಗೇರಿ,Vishweshwara Hegde Kageri
885,24/07/2013,ಗ್ರಾಮೀಣಾಭಿವೃದ್ದಿ ಮತ್ತು ಪಂಚಾಯತ್ ರಾಜ್,Rural Development and Panchayat Raj,ಅನುದಾನ ಬಳಕೆ ಆಗದೇ ಇರುವುದು,Grant is not used,ವಿಶ್ವೇಶ್ವರ ಹೆಗಡೆ ಕಾಗೇರಿ,Vishweshwara Hegde Kageri
886,24/07/2013,ಮಹಿಳಾ ಮತ್ತು ಮಕ್ಕಳ ಅಭಿವೃದ್ಧಿ,Women and Child Development,ಅಂಗನವಾಡಿಗಳ ಕುರಿತು,About Anganwadi,ವಿಶ್ವೇಶ್ವರ ಹೆಗಡೆ ಕಾಗೇರಿ,Vishweshwara Hegde Kageri
887,24/07/2013,ಮೂಲಭೂತ ಸೌಲಭ್ಯ,Basic Facility,ಕಲಾಕ್ಷೇತ್ರ ಮತ್ತು ಸಾಂಸ್ಕೃತಿಕ ಕಟ್ಟಡ,Kalakshetra and cultural building,ವಿಶ್ವೇಶ್ವರ ಹೆಗಡೆ ಕಾಗೇರಿ,Vishweshwara Hegde Kageri
888,24/07/2013,ಗ್ರಾಮೀಣಾಭಿವೃದ್ದಿ ಮತ್ತು ಪಂಚಾಯತ್ ರಾಜ್,Rural Development and Panchayat Raj,ಪ್ರಧಾನಮಂತ್ರಿ ಗ್ರಾಮ ಸಡಕ್ ಯೋಜನೆ,Prime Minister's Village Sadak Project,ವಿಶ್ವೇಶ್ವರ ಹೆಗಡೆ ಕಾಗೇರಿ,Vishweshwara Hegde Kageri
889,24/07/2013,ಉನ್ನತ ಶಿಕ್ಷಣ,Higher education,ಝಳಕಿ ಗ್ರಾಮದಲ್ಲಿ ಸರ್ಕಾರಿ ಪ್ರಥಮ ದರ್ಜೆ ಕಾಲೇಜು ಮಂಜೂರಾತಿ,Government First Grade College sanctioned in Zulki village,ಯಶವಂತರಾಯಗೌಡ ವಿಠ್ಠಲಗೌಡ ಪಾಟೀಲ್,Yashwantra Gowda Vitthal Gowda Patil
890,24/07/2013,ಗ್ರಾಮೀಣಾಭಿವೃದ್ದಿ ಮತ್ತು ಪಂಚಾಯತ್ ರಾಜ್,Rural Development and Panchayat Raj,ಪ್ರಧಾನ ಮಂತ್ರಿಗಳ ಗ್ರಾಮೀಣ ಸಡಕ್ ಯೋಜನೆ,The Prime Minister's Rural Sadak Project,ಯಶವಂತರಾಯಗೌಡ ವಿಠ್ಠಲಗೌಡ ಪಾಟೀಲ್,Yashwantra Gowda Vitthal Gowda Patil
891,24/07/2013,ವಸತಿ,Housing,ವಸತಿ ಯೋಜನೆಯಲ್ಲಿ ಅವ್ಯವಹಾರದ ತನಿಖೆ,Investigation into the housing scheme,ಯಶವಂತರಾಯಗೌಡ ವಿಠ್ಠಲಗೌಡ ಪಾಟೀಲ್,Yashwantra Gowda Vitthal Gowda Patil
892,24/07/2013,ಗ್ರಾಮೀಣಾಭಿವೃದ್ದಿ ಮತ್ತು ಪಂಚಾಯತ್ ರಾಜ್,Rural Development and Panchayat Raj,ಗ್ರಾಮ ಪಂಚಾಯತ್ ಕಾರ್ಯದರ್ಶಿ ಹಾಗು ಪಿ.ಡಿ.ಓ. ಹುದ್ದೆಗಳ ಕೊರತೆ,Grama Panchayat Secretary and PDO Lack of posts,ಯಶವಂತರಾಯಗೌಡ ವಿಠ್ಠಲಗೌಡ ಪಾಟೀಲ್,Yashwantra Gowda Vitthal Gowda Patil
893,24/07/2013,ಕನ್ನಡ ಮತ್ತು ಸಂಸ್ಕೃತಿ,Kannada and culture,ನರಗುಂದ ಉತ್ಸವ,Naragunda festival,ಯಾವಗಲ್ ಬಿ.ಆರ್.,Vaggal BR
894,24/07/2013,ಉನ್ನತ ಶಿಕ್ಷಣ,Higher education,ಸ್ನಾತಕೋತ್ತರ ಸಿಬ್ಬಂದಿ ಮಂಜೂರಾತಿ,Postgraduate staff sanctioned,ಯಾವಗಲ್ ಬಿ.ಆರ್.,Vaggal BR
895,24/07/2013,ಉನ್ನತ ಶಿಕ್ಷಣ,Higher education,ವಿದ್ಯಾರ್ಥಿ ನಿಲಯಗಳಿಗೆ ಪೀಠೋಪಕರಣಗಳು ಹಾಗು ಪ್ರಥಮ ದರ್ಜೆ ಕಾಲೇಜು ಕಟ್ಟಡಗಳ ನಿರ್ಮಾಣಕ್ಕೆ ಅನುದಾನ,Grants for the construction of furniture and first-class college buildings for student hostels,ಯಡಿಯೂರಪ್ಪ ಬಿ.ಎಸ್.,Yeddyurappa BS
896,22/07/2013,ಮುಜರಾಯಿ,Muzarai,ಮಾಗಡಿ ರಂಗನಾಥಸ್ವಾಮಿ ದೇವಸ್ಥಾನ,Magadi Ranganathaswamy Temple,ಬಾಲಕೃಷ್ಣ ಹೆಚ್.ಸಿ.,Balakrishna H C 
897,22/07/2013,ಕಂದಾಯ,Revenue,ಅಬ್ಬಿಗೆರೆ ಗ್ರಾಮದ ಸರ್ವೆ ನಂ. 13ರ ಸರ್ಕಾರಿ ಜಮೀನು,Survey No. of Abbigere village Government Land of 13,ಮುನಿರಾಜು ಎಸ್.,Muniraju S 
898,22/07/2013,ಕಂದಾಯ,Revenue,ಬೆಂಗಳೂರು ನಗರದಲ್ಲಿ ಮನೆ ಬಾಡಿಗೆ ನಿಯಂತ್ರಣ,Home Rental Control in Bangalore,ಪ್ರಕಾಶ್ ಹೆಚ್.ಎಸ್.,Prakash HS
899,22/07/2013,ಕಂದಾಯ,Revenue,ಸ್ಥಳಾಂತರಗೊಂಡ ಗ್ರಾಮಗಳ ಮೂಲಭೂತ ಸೌಲಭ್ಯ,Fundamental facility of displaced villages,ಪಾಟೀಲ್ ಎ.ಎಸ್.,Patil AS
900,22/07/2013,ಸಣ್ಣ ನೀರಾವರಿ,Small irrigation,ಏತ ನೀರಾವರಿ ಯೋಜನೆಗಳು,Where irrigation projects are,ಮಾನಪ್ಪ ಡಿ. ವಜ್ಜಲ್,Manappa D  Vajzal
901,22/07/2013,ಕಾರ್ಮಿಕ,Labor,ಐ.ಟಿ.ಐ. ಕಾಲೇಜಿಗೆ ಮೂಲಭೂತ ಸೌಲಭ್ಯಗಳು ಕಲ್ಪಿಸುವುದು,ITI To provide basic facilities for college,ರಾಜಣ್ಣ ಎಂ,Rajanna M 
902,22/07/2013,ಭಾರಿ ಮತ್ತು ಮಧ್ಯಮ ನೀರಾವರಿ,Heavy and medium irrigation,ನೀರಾವರಿ ಯೋಜನೆಗಳಿಗೆ ಅನುದಾನ,Grants for irrigation projects,ಜಗದೀಶ್ ಶೆಟ್ಟರ್,Jagadish Shettar
903,22/07/2013,ಕಂದಾಯ,Revenue,ಮಿನಿ ವಿಧಾನಸೌಧದಲ್ಲಿ ರಾಜಸ್ವ ನಿರೀಕ್ಷಕರು ಕೆಲಸ ನಿರ್ವಹಿಸದೇ ಇರುವುದು,Raja's observers are not working in the Mini Vidyasudha,ಜೀವರಾಜ್ ಡಿ.ಎನ್.,Jivaraj DN
904,22/07/2013,ಕಂದಾಯ,Revenue,ಅಗತ್ಹ ದಾಖಲೆಗಳ ಮತ್ತು ಪ್ರಮಾಣ ಪತ್ರಗಳ ನೀಡಿಕೆಯಲ್ಲಿ ಸರಳೀಕರಣ,Simplification of issuance of documents and certificates,ಹ್ಯಾರೀಸ್ ಎನ್. ಎ.,Harris N A
905,22/07/2013,ಕಂದಾಯ,Revenue,ಸಾಮಾಜಿಕ ಭದ್ರತಾ ಯೋಜನೆ,Social Security Scheme,ಜೊಲ್ಲೆ ಶಿಶಿಕಲಾ ಅಣ್ಣಾಸಾಹೇಬ್,Joel Shishikala Annasaheb
906,22/07/2013,ಭಾರಿ ಮತ್ತು ಮಧ್ಯಮ ನೀರಾವರಿ,Heavy and medium irrigation,ಪೂರಿಗಾಲಿ ಏತ ನೀರಾವರಿಗೆ ಚಾಲನೆ,Driving to Irrigation,ನರೇಂದ್ರ ಸ್ವಾಮಿ ಪಿ.ಎಂ.,Narendra Swami PM
907,22/07/2013,ಸಣ್ಣ ಕೈಗಾರಿಕೆ,Small industry,ಹೊಸ ವಸಾಹತುಗಳ ನಿರ್ಮಾಣ,Construction of new colonies,ಲಕ್ಷ್ಮಣ ಸಂಗಪ್ಪ ಸವದಿ,Lakshmana Sangappa Savvadi
908,22/07/2013,ಯುವಜನ ಸೇವೆ ಮತ್ತು ಕ್ರೀಡೆ,Youth Service and Sports,ಕ್ರೀಡಾಂಗಣ ನಿರ್ಮಾಣ,Stadium construction,ಈಶ್ವರ್ ಭೀಮಣ್ಣ ಖಂಡ್ರೆ,Ishwar Bhimanna Khandre
909,22/07/2013,ಕಂದಾಯ,Revenue,ಭೂಮಾಪಕರ ಕೊರತೆ,Lack of landowners,ರಾಜೀವ್ ಪಿ.,Rajiv P 
910,22/07/2013,ಅರಣ್ಯ,Forest,ಸಸಿಗಳನ್ನು ನೆಡುವ ಕಾರ್ಯಕ್ರಮ,Planting program,ಅಖಂಡ ಶ್ರೀನಿವಾಸಮೂರ್ತಿ ಆರ್.,Akhand Srinivas Murthy R 
911,22/07/2013,ಭಾರಿ ಮತ್ತು ಮಧ್ಯಮ ನೀರಾವರಿ,Heavy and medium irrigation,ಜಲಸಂಪನ್ಮೂಲ ಯೋಜನೆಗಳು,Water Resource Plans,ಐಹೊಳೆ ಡಿ. ಮಹಾಲಿಂಗಪ್ಪ,Aihole D  Mahalingappa
912,22/07/2013,ಸಣ್ಣ ನೀರಾವರಿ,Small irrigation,ಸಣ್ಣ ನೀರಾವರಿ ಯೋಜನೆಗಳು,Small irrigation projects,ಐಹೊಳೆ ಡಿ. ಮಹಾಲಿಂಗಪ್ಪ,Aihole D  Mahalingappa
913,22/07/2013,ಸಣ್ಣ ನೀರಾವರಿ,Small irrigation,ಕೆರೆಗಳಿಗೆ ನೀರು ತುಂಬಿಸುವುದು,Watering the lakes,ಐಹೊಳೆ ಡಿ. ಮಹಾಲಿಂಗಪ್ಪ,Aihole D  Mahalingappa
914,22/07/2013,ಯುವಜನ ಸೇವೆ ಮತ್ತು ಕ್ರೀಡೆ,Youth Service and Sports,ಕ್ರೀಡಾಂಗಳದ ಅಭಿವೃದ್ಧಿ,Development of the sport,ಅಖಂಡ ಶ್ರೀನಿವಾಸಮೂರ್ತಿ ಆರ್.,Akhand Srinivas Murthy R 
915,22/07/2013,ಭಾರಿ ಮತ್ತು ಮಧ್ಯಮ ನೀರಾವರಿ,Heavy and medium irrigation,ಕಾಲುವೆಯ ಆಧುನೀಕರಣ,Modernization of the canal,ಆನಂದ ಸಿಂಗ್,Ananda Singh
916,22/07/2013,ಸಕ್ಕರೆ,Sugar,ಕಬ್ಬು ಬೆಳೆಗಾರರಿಗೆ ಬಾಕಿ ವೇತನ ನೀಡುವುದು,Payment for sugarcane growers,ಆನಂದ ಸಿಂಗ್,Ananda Singh
917,22/07/2013,ಸಣ್ಣ ಕೈಗಾರಿಕೆ,Small industry,ಕಾರ್ಖಾನೆಗಳನ್ನು ಪ್ರಾರಂಭಿಸುವುದು,Getting started with factories,ಆನಂದ ಸಿಂಗ್,Ananda Singh
918,22/07/2013,ಕಂದಾಯ,Revenue,ಕೃಷಿಕರು ಉಪಯೋಗಿಸುವ ಭೂಮಿಯನ್ನು ಸಕ್ರಮಗೊಳಿಸುವುದು,Farmers make land use,ಅಂಗಾರ ಎಸ್.,Aṅgāra S 
919,22/07/2013,ಕಂದಾಯ,Revenue,ಆಶ್ರಯ ಯೋಜನೆಗೆ ಭೂಮಿ ಮಂಜೂರಾತಿ,Land Acquisition for Shelter Scheme,ಅನಿಲ್ ಲಾಡ್,Anil Lad
920,22/07/2013,ಭಾರಿ ಮತ್ತು ಮಧ್ಯಮ ನೀರಾವರಿ,Heavy and medium irrigation,ಹಾರಂಗಿ ಜಲಾಶಯದ ನಾಲೆಗಳ ಅಭಿವೃದ್ಧಿ,Harangi Reservoir Development of Channels,ಅಪ್ಪಚ್ಚು ರಂಜನ್ ಎಂ.ಪಿ.,Appachan Ranjan MP
921,22/07/2013,ಭಾರಿ ಮತ್ತು ಮಧ್ಯಮ ನೀರಾವರಿ,Heavy and medium irrigation,ಹಾರಂಗಿ ಜಲಾಶಯದ ನಾಲೆಗಳು,Harangi Reservoir Channels,ಅಪ್ಪಚ್ಚು ರಂಜನ್ ಎಂ.ಪಿ.,Appachan Ranjan MP
922,22/07/2013,ಭಾರಿ ಮತ್ತು ಮಧ್ಯಮ ನೀರಾವರಿ,Heavy and medium irrigation,ಆಲಮಟ್ಟಿ ಎಡದಂಡೆ ಕಾಲುವೆ,Alamatti left bank canal,ಅಪ್ಪಾಜಿ ಚನ್ನಬಸವರಾಜ್ ಶಂಕರರಾವ್ ನಾಡಗೌಡ,Appaji Chanabasavaraj Shankarrao Nadgowda
923,22/07/2013,ಕಂದಾಯ,Revenue,ಉಪವಿಭಾಗಾಧಿಕಾರಿ ಕಛೇರಿ ಸ್ಥಾಪನೆ,Establishment of subdivision office,ಅಪ್ಪಾಜಿ ಚನ್ನಬಸವರಾಜ್ ಶಂಕರರಾವ್ ನಾಡಗೌಡ,Appaji Chanabasavaraj Shankarrao Nadgowda
924,22/07/2013,ಭಾರಿ ಮತ್ತು ಮಧ್ಯಮ ನೀರಾವರಿ,Heavy and medium irrigation,ಮುದ್ದೇಬಿಹಾಳ -ತಂಗಡಗಿ ರಸ್ತೆ ದುರಸ್ತಿ,Muddebahalla - Sort road repair,ಅಪ್ಪಾಜಿ ಚನ್ನಬಸವರಾಜ್ ಶಂಕರರಾವ್ ನಾಡಗೌಡ,Appaji Chanabasavaraj Shankarrao Nadgowda
925,22/07/2013,ಅರಣ್ಯ,Forest,ಕಾಡು ಪ್ರಾಣಿಗಳ ದಾಳಿ,Wild animal attack,ಅಶೋಕ ಆರ್.,Ashoka R 
926,22/07/2013,ಭಾರಿ ಮತ್ತು ಮಧ್ಯಮ ನೀರಾವರಿ,Heavy and medium irrigation,ನೀರಾವರಿ ಯೋಜನೆಗಳ ಅನುಷ್ಠಾನ,Implementation of irrigation projects,ಬಾದರ್ಲಿ ಹಂಪನಗೌಡ,Bādarli Hampana Gowda
927,22/07/2013,ಕಂದಾಯ,Revenue,ಜಿಲ್ಲಾಧಿಕಾರಿಗಳು ಮತ್ತು ಉಪ ವಿಭಾಗಾಧಿಕಾರಿಗಳ ಕಛೇರಿ,Deputy Commissioner and Sub Divisional Officer,ಬಾಲಕೃಷ್ಣ ಹೆಚ್.ಸಿ.,Balakrishna H C 
928,22/07/2013,ಕಂದಾಯ,Revenue,ಅನಧೀಕೃತ ಬಡಾವಣೆಗಳ ನಿರ್ಮಾಣ,Construction of unauthorized apartments,ಬಾಲಕೃಷ್ಣ ಹೆಚ್.ಸಿ.,Balakrishna H C 
929,22/07/2013,ಅರಣ್ಯ,Forest,ಗಿಡಗಳನ್ನು ಬೆಳೆಸುವುದು,Planting plants,ಬಣಕಾರ್ ಯು.ಬಿ.,Banakar UB
930,22/07/2013,ಅರಣ್ಯ,Forest,ಆಕ್ರಮ ಸಾಗುವಳಿದಾರರನ್ನು ಹೊರಹಾಕುತ್ತಿರುವುದು,Dismantling invaders,ಬಣಕಾರ್ ಯು.ಬಿ.,Banakar UB
931,22/07/2013,ಭಾರಿ ಮತ್ತು ಮಧ್ಯಮ ನೀರಾವರಿ,Heavy and medium irrigation,ರಾಜ್ಯದಲ್ಲಿ ಖಾಲಿ ಇರುವ ನೀರಾವರಿ ಯೋಜನೆಗಳು,Empty irrigation projects in the state,ಬಣಕಾರ್ ಯು.ಬಿ.,Banakar UB
932,22/07/2013,ಭಾರಿ ಮತ್ತು ಮಧ್ಯಮ ನೀರಾವರಿ,Heavy and medium irrigation,ಕೃಷ್ಣ ಜಲಾನಯನ ಪ್ರದೇಶದ ನದಿ ನೀರಿನ ಬಳಕೆ,Use of river water in the Krishna watershed,ಬಸವರಾಜ ರಾಯರೆಡ್ಡಿ,Basavaraja Royareddy
933,22/07/2013,ಅರಣ್ಯ,Forest,ಪಶ್ಷಿಮಘಟ್ಟ ಅರಣ್ಯ ಪ್ರದೇಶವನ್ನು ವಿಶ್ವಪರಂಪರೆ ಪಟ್ಟಿಗೇರಿಸುವುದು,Pushimaghatta forest area to be added to the World Heritage List,ಬಸವರಾಜ ರಾಯರೆಡ್ಡಿ,Basavaraja Royareddy
934,22/07/2013,ಕಂದಾಯ,Revenue,ರಾಜ್ಯದಲ್ಲಿರುವ ಸಿ ಮತ್ತು ಡಿ. ಭೂಮಿಗಳ ವಿವರ,C and D in the state Details of land,ಬೋಪಯ್ಯ ಕೆ.ಜಿ.,Bopayya KG
935,22/07/2013,ಸಣ್ಣ ನೀರಾವರಿ,Small irrigation,ಏತ ನೀರಾವರಿ ಯೋಜನೆ,What is irrigation scheme?,ಚೆಲುವರಾಯಸ್ವಾಮಿ,Cheluvaraswamy
936,22/07/2013,ಮುಜರಾಯಿ,Muzarai,ಸಂಗಮ ಸ್ಥಳ ಅಭಿವೃದ್ಧಿ,Developing Confluence,ಚೆಲುವರಾಯಸ್ವಾಮಿ,Cheluvaraswamy
937,22/07/2013,ಸಕ್ಕರೆ,Sugar,ಮಂಡ್ಯ ಜಿಲ್ಲೆಯ ಸಕ್ಕರೆ ಕಾರ್ಖಾನೆಗಳು,Sugar factories in Mandya district,ಚೆಲುವರಾಯಸ್ವಾಮಿ,Cheluvaraswamy
938,22/07/2013,ಕಂದಾಯ,Revenue,ಕಛೇರಿ ಕಟ್ಟಡಗಳ ನಿರ್ಮಾಣ,Construction of office buildings,ಮಾಲಕರೆಡ್ಡಿ ಎ.ಬಿ.,Mālaka Reddy AB
939,22/07/2013,ಕಂದಾಯ,Revenue,ಬಿಡುಗಡೆಯಾಗದ ಅನುದಾನ,Unreleased grant,ಮಾಲಕರೆಡ್ಡಿ ಎ.ಬಿ.,Mālaka Reddy AB
940,22/07/2013,ಕಂದಾಯ,Revenue,ಭೂ ಮಾಪಕರ ಹುದ್ದೆಗಳ ಭರ್ತಿ,Filling up landowners posts,ಉಮೇಶ್ ಜಾಧವ್,Umesh Jadhav
941,22/07/2013,ಭಾರಿ ಮತ್ತು ಮಧ್ಯಮ ನೀರಾವರಿ,Heavy and medium irrigation,ಬ್ರಿಡ್ಜ್ ಕಂ ಬ್ಯಾರೇಜುಗಳ ನಿರ್ಮಾಣ,Construction of Bridge Co. Barrages,ಈಶ್ವರ್ ಭೀಮಣ್ಣ ಖಂಡ್ರೆ,Ishwar Bhimanna Khandre
942,22/07/2013,ಅರಣ್ಯ,Forest,ಪರಿಸರ ಮಾಲಿನ್ಯ ನಿಯಂತ್ರಣ,Environmental pollution control,ಈಶ್ವರ್ ಭೀಮಣ್ಣ ಖಂಡ್ರೆ,Ishwar Bhimanna Khandre
943,22/07/2013,ಮುಜರಾಯಿ,Muzarai,ದೇವಾಲಯಗಳ ಆದಾಯ,Temple Revenue,ಈಶ್ವರ್ ಭೀಮಣ್ಣ ಖಂಡ್ರೆ,Ishwar Bhimanna Khandre
944,22/07/2013,ಕಂದಾಯ,Revenue,ಸಾಮಾಜಿಕ ಭದ್ರತೆ ಯೋಜನೆ ಅನುಷ್ಠಾನ,Social Security Scheme Implementation,ಈಶ್ವರ್ ಭೀಮಣ್ಣ ಖಂಡ್ರೆ,Ishwar Bhimanna Khandre
945,22/07/2013,ಕಾರ್ಮಿಕ,Labor,ಸರ್ಕಾರಿ ಐ.ಟಿ.ಐ. ಕಾಲೇಜುಗಳು,Government ITI Colleges,ಗೋಪಾಲಯ್ಯ ಕೆ.,Gopalaiah K 
946,22/07/2013,ಕಂದಾಯ,Revenue,ಆದಾಯ ಪ್ರಮಾಣ ಪತ್ರ ಪಡೆಯಲು ಆಗುತ್ತಿರುವ ತೊಂದರೆ,Problems getting income certificates,ಗೋಪಾಲಯ್ಯ ಕೆ.,Gopalaiah K 
947,22/07/2013,ಕಂದಾಯ,Revenue,ಸಬ್ ರಿಜಿಸ್ಟ್ರಾರ್ ಕಛೇರಿಗಳಲ್ಲಿ ನೋಂದಣಿ,Registration at sub registrar offices,ಗೋಪಾಲಯ್ಯ ಕೆ.,Gopalaiah K 
948,22/07/2013,ಕಂದಾಯ,Revenue,ನಗರ ದಾಖಲೆ ಗಣಕೀರಣ ಯೋಜನೆ,Urban Record Computing Plan,ಗೋಪಾಲಯ್ಯ ಕೆ.,Gopalaiah K 
949,22/07/2013,ಮುಜರಾಯಿ,Muzarai,ದೇವಾಲಯಗಳಿಗೆ ನೀಡಿರುವ ಅನುದಾನ,Grants to the temples,ಗುರುಪಾದಪ್ಪ ನಾಗಮಾರಪಲ್ಲಿ,Guruparappa Nagamarapally
950,22/07/2013,ಮುಜರಾಯಿ,Muzarai,ಹೊರ ರಾಜ್ಯಗಳಲ್ಲಿರುವ ಮುಜರಾಯಿ ಅಸ್ಥಿಗಳು,Muzarai Ashtas in the outer states,ಗುರುಪಾದಪ್ಪ ನಾಗಮಾರಪಲ್ಲಿ,Guruparappa Nagamarapally
951,22/07/2013,ಮುಜರಾಯಿ,Muzarai,ದೇವಾಲಯಗಳ ಅಭಿವೃದ್ಧಿ,Development of temples,ಗುರುಪಾದಪ್ಪ ನಾಗಮಾರಪಲ್ಲಿ,Guruparappa Nagamarapally
952,22/07/2013,ಭಾರಿ ಮತ್ತು ಮಧ್ಯಮ ನೀರಾವರಿ,Heavy and medium irrigation,ಗೋದಾವರಿ ನೀರಿನ ಬಳಕೆ,Water Use of Godavari,ಗುರುಪಾದಪ್ಪ ನಾಗಮಾರಪಲ್ಲಿ,Guruparappa Nagamarapally
953,22/07/2013,ಭಾರಿ ಮತ್ತು ಮಧ್ಯಮ ನೀರಾವರಿ,Heavy and medium irrigation,ನೀರಾವರಿ ಯೋಜನೆಗಳ ಅನುಷ್ಠಾನ,Implementation of irrigation projects,ಗುರುಪಾದಪ್ಪ ನಾಗಮಾರಪಲ್ಲಿ,Guruparappa Nagamarapally
954,22/07/2013,ಭಾರಿ ಮತ್ತು ಮಧ್ಯಮ ನೀರಾವರಿ,Heavy and medium irrigation,ವಿಶೇಷ ಪ್ಯಾಕೇಜ್ ಯೋಜನೆಯಡಿಯಲ್ಲಿ ಕೈಗೊಂಡ ಭಾರಿ ಮತ್ತು ಮಧ್ಯಮ ನೀರಾವರಿ ಯೋಜನೆಗಳು,Massive and medium irrigation projects under special package scheme,ಹ್ಯಾರಿಸ್ ಎನ್.ಎ.,Harris NA
955,22/07/2013,ಸಣ್ಣ ನೀರಾವರಿ,Small irrigation,ಸಣ್ಣ ನೀರಾವರಿ ವಲಯದಲ್ಲಿನ ಪ್ರಗತಿ,Progress in Small Irrigation Zone,ಹ್ಯಾರಿಸ್ ಎನ್.ಎ.,Harris NA
956,22/07/2013,ಜವಳಿ,Textile,ಸುವರ್ಣ ವಸ್ತ್ರ ನೀತಿ,Golden clothing policy,ಹ್ಯಾರಿಸ್ ಎನ್.ಎ.,Harris NA
957,22/07/2013,ಸಣ್ಣ ಕೈಗಾರಿಕೆ,Small industry,ಕೈಗಾರಿಕಾ ಯೋಜನೆಗಳಿಗೆ ಕೇಂದ್ರ ಸರ್ಕಾರದ ಆರ್ಥಿಕ ನೆರವು,Central Government Financial Assistance to Industrial Projects,ಹ್ಯಾರಿಸ್ ಎನ್.ಎ.,Harris NA
958,22/07/2013,ಸಕ್ಕರೆ,Sugar,ಕಬ್ಬು ಬೆಳೆಗಾರರ ಹಿತರಕ್ಷಣೆ ಮಾಡುವುದು,Maintaining the sugarcane growers,ಜಗದೀಶ್ ಶೆಟ್ಟರ್,Jagadish Shettar
959,22/07/2013,ಅರಣ್ಯ,Forest,ಸಸಿ ನೆಡುವ ಕಾರ್ಯಕ್ರಮ,Planting Program,ಜೀವರಾಜ್ ಡಿ.ಎನ್.,Jivaraj DN
960,22/07/2013,ಕಾರ್ಮಿಕ,Labor,ಕೌಶಲ್ಯ ತರಬೇತಿ ಕೇಂದ್ರಗಳ ವಿವರ,Description of Skill Training Centers,ಜೀವರಾಜ್ ಡಿ.ಎನ್.,Jivaraj DN
961,22/07/2013,ಜವಳಿ,Textile,ಜವಳಿ ಇಲಾಖೆಯ NCDC ಯೋಜನೆ,Department of Textiles NCDC,ಜೊಲ್ಲೆ ಶಿಶಿಕಲಾ ಅಣ್ಣಾಸಾಹೇಬ್,Joel Shishikala Annasaheb
962,22/07/2013,ಕಂದಾಯ,Revenue,ನಿಪ್ಪಾಣಿಯನ್ನು ತಾಲೂಕನ್ನಾಗಿ ಘೋಷಿಸಿರುವುದು,Nippani is declared as a taluk,ಜೊಲ್ಲೆ ಶಿಶಿಕಲಾ ಅಣ್ಣಾಸಾಹೇಬ್,Joel Shishikala Annasaheb
963,22/07/2013,ಕಂದಾಯ,Revenue,ನಿಪ್ಪಾಣಿಯಲ್ಲಿ ಮಿನಿ ವಿಧಾನಸೌಧ ನಿರ್ಮಾಣ,Construction of Mini Vidyadudha in Nippani,ಜೊಲ್ಲೆ ಶಿಶಿಕಲಾ ಅಣ್ಣಾಸಾಹೇಬ್,Joel Shishikala Annasaheb
964,22/07/2013,ಸಣ್ಣ ನೀರಾವರಿ,Small irrigation,ಕೆರೆಗಳ ಅಭಿವೃದ್ಧಿ,Development of lakes,ಜೊಲ್ಲೆ ಶಿಶಿಕಲಾ ಅಣ್ಣಾಸಾಹೇಬ್,Joel Shishikala Annasaheb
965,22/07/2013,ಜವಳಿ,Textile,ಸಹಕಾರಿ ನೂಲಿನ ಗಿರಣಿ,Cooperative fiber mill,ಕೋಳಿವಾಡ ಕೆ.ಬಿ.,Kolivada kb
966,22/07/2013,ಯುವಜನ ಸೇವೆ ಮತ್ತು ಕ್ರೀಡೆ,Youth Service and Sports,ಕ್ರೀಡಾಂಗಣ ನಿರ್ಮಾಣ,Stadium construction,ಕೋಳಿವಾಡ ಕೆ.ಬಿ.,Kolivada kb
967,22/07/2013,ಸಣ್ಣ ನೀರಾವರಿ,Small irrigation,ವಿಹಾರಧಾಮವನ್ನಾಗಿ ಅಭಿವೃದ್ಧಿಪಡಿಸುವುದು,Developing as a resort,ಕೋಳಿವಾಡ ಕೆ.ಬಿ.,Kolivada kb
968,22/07/2013,ಭಾರಿ ಮತ್ತು ಮಧ್ಯಮ ನೀರಾವರಿ,Heavy and medium irrigation,ಎಸ್.ಇ.ಪಿ. ಯೋಜನೆ,SEP Plan,ಕೃಷ್ಣಪ್ಪ ಎಂ.ಟಿ.,Krishnappa M T 
969,22/07/2013,ಕಂದಾಯ,Revenue,ಖಾಲಿ ಹುದ್ದೆಗಳ ಭರ್ತಿ,Fill in blank posts,ಕೃಷ್ಣಪ್ಪ ಎಂ.ಟಿ.,Krishnappa M T 
970,22/07/2013,ಯುವಜನ ಸೇವೆ ಮತ್ತು ಕ್ರೀಡೆ,Youth Service and Sports,ಶೆಟಲ್ ಕಾಕ್ ಆಟದ ಅಂಕಣ ನಿರ್ಮಾಣ,Sheetcock game builds court,ಕೃಷ್ಣಪ್ಪ ಎಂ.ಟಿ.,Krishnappa M T 
971,22/07/2013,ಭಾರಿ ಮತ್ತು ಮಧ್ಯಮ ನೀರಾವರಿ,Heavy and medium irrigation,ಹೇಮಾವತಿ ಜಲಾಶಯ ಯೋಜನೆ,Hemavathi reservoir project,ಕುಮಾರಸ್ವಾಮಿ ಹೆಚ್.ಕೆ.,Kumaraswamy HK
972,22/07/2013,ಭಾರಿ ಮತ್ತು ಮಧ್ಯಮ ನೀರಾವರಿ,Heavy and medium irrigation,ಮುಳುಗಡೆ ಹೆಚ್.ಆರ್.ಪಿ. ಸ್ವಾಧೀನ,Sinking HRP Acquisition,ಕುಮಾರಸ್ವಾಮಿ ಹೆಚ್.ಕೆ.,Kumaraswamy HK
973,22/07/2013,ಭಾರಿ ಮತ್ತು ಮಧ್ಯಮ ನೀರಾವರಿ,Heavy and medium irrigation,ಉದ್ಯಾನವನ ನಿರ್ಮಾಣ,The park was built,ಕುಮಾರಸ್ವಾಮಿ ಹೆಚ್.ಕೆ.,Kumaraswamy HK
974,22/07/2013,ಭಾರಿ ಮತ್ತು ಮಧ್ಯಮ ನೀರಾವರಿ,Heavy and medium irrigation,ಹೇಮಾವತಿ ನದಿಗೆ ಅಡ್ಡಲಾಗಿ ಸೇತುವೆ ನಿರ್ಮಾಣ,Bridge across the Hemavathi river,ಕುಮಾರಸ್ವಾಮಿ ಹೆಚ್.ಕೆ.,Kumaraswamy HK
975,22/07/2013,ಒಳನಾಡು ಜಲಸಾರಿಗೆ,Inland water supply,ಬೋಟ್ ಗಳ ಕಾರ್ಯನಿರ್ವಹಣೆ,Boat performance,ಲಕ್ಷ್ಮಣ ಸಂಗಪ್ಪ ಸವದಿ,Lakshmana Sangappa Savvadi
976,22/07/2013,ಕಂದಾಯ,Revenue,ಸಾಗುವಳಿ ಹಕ್ಕು ಪತ್ರ ನೀಡುವುದು,Issue of Crop Certificate,ಮಧು ಬಂಗಾರಪ್ಪ ಎಸ್.,Madhu Bangarappa S 
977,22/07/2013,ಕಂದಾಯ,Revenue,ಭೂ ಪರಿವರ್ತನೆಗೆ ನೀಡಿರುವ ಮಂಜೂರಾತಿ,Approval granted to land conversion,ಮಲ್ಲಿಕಾರ್ಜುನ ಸಿದ್ದರಾಮಪ್ಪ ಖೂಬಾ,Mallikarjuna Siddarappa Khuba
978,22/07/2013,ಭಾರಿ ಮತ್ತು ಮಧ್ಯಮ ನೀರಾವರಿ,Heavy and medium irrigation,ನೀರಾವರಿ ಯೋಜನೆಗಳ ಅನುಷ್ಠಾನ,Implementation of irrigation projects,ಮಲ್ಲಿಕಾರ್ಜುನ ಸಿದ್ದರಾಮಪ್ಪ ಖೂಬಾ,Mallikarjuna Siddarappa Khuba
979,22/07/2013,ಮುಜರಾಯಿ,Muzarai,ಶ್ರೀ ಶರಣಮ್ಮರ ಮಠವನ್ನು ಅಭಿವೃದ್ಧಿಪಡಿಸುವುದು,Developing Sri Saranmara Math,ಮಾನಪ್ಪ ಡಿ. ವಜ್ಜಲ್,Manappa D  Vajzal
980,22/07/2013,ಕಾರ್ಮಿಕ,Labor,ದಾಖಲೆಗಳನ್ನು ಮಾರ್ಪಡಿಸಿರುವುದು,The documents have been modified,ಮಂಜು ಎ.,Manju A
981,22/07/2013,ಕಾರ್ಮಿಕ,Labor,ಔಷಧಿಗಳ ದಾಸ್ತಾನು ಹಾಗು ಸರಬರಾಜಿನ ವಿವರ,Drug Store and Supply Details,ಮಂಜು ಎ.,Manju A
982,22/07/2013,ಕಂದಾಯ,Revenue,ಭೂಮಂಜೂರಾತಿ,Landfill,ಮಂಜುನಾಥ್ ಹೆಚ್.ಪಿ.,Manjunath H P 
983,22/07/2013,ಯುವಜನ ಸೇವೆ ಮತ್ತು ಕ್ರೀಡೆ,Youth Service and Sports,ಕುಣಿಗಲ್ ನಲ್ಲಿ ಕ್ರೀಡಾಂಗಣ ನಿರ್ಮಾಣ,The stadium was built at Kunigal,ನಾಗರಾಜಯ್ಯ ಡಿ.,Nagaraja D 
984,22/07/2013,ಭಾರಿ ಮತ್ತು ಮಧ್ಯಮ ನೀರಾವರಿ,Heavy and medium irrigation,ಕೆರೆ ಹೂಳೆತ್ತುವುದು,The lake is dredged,ನರೇಂದ್ರ ಸ್ವಾಮಿ ಪಿ.ಎಂ.,Narendra Swami PM
985,22/07/2013,ಭಾರಿ ಮತ್ತು ಮಧ್ಯಮ ನೀರಾವರಿ,Heavy and medium irrigation,ವಿವಿಧ ನಾಲೆಗಳ ಆಧುನೀಕರಣ,Modernization of various channels,ನರೇಂದ್ರ ಸ್ವಾಮಿ ಪಿ.ಎಂ.,Narendra Swami PM
986,22/07/2013,ಕಂದಾಯ,Revenue,ಹೊಸ ತಾಲೂಕುಗಳ ರಚನೆ,Formation of new taluks,ಪಾಟೀಲ್ ಎ.ಎಸ್.,Patil AS
987,22/07/2013,ಕಂದಾಯ,Revenue,ಬೆಳೆ ಹಾನಿ,Crop damage,ಪಾಟೀಲ್ ಬಿ.ಆರ್.,Patil BR
988,22/07/2013,ಸಣ್ಣ ನೀರಾವರಿ,Small irrigation,ಕೆರೆಗಳನ್ನು ನಿರ್ಮಿಸುವುದು,Building lakes,ಪಾಟೀಲ್ ಬಿ.ಆರ್.,Patil BR
989,22/07/2013,ಭಾರಿ ಮತ್ತು ಮಧ್ಯಮ ನೀರಾವರಿ,Heavy and medium irrigation,ಅಂತರ್ಜಲ ನಿಯಂತ್ರಣ ನಿರ್ಭಂಧ ಕಾಯ್ದೆ,Groundwater Control Restraint Act,ಪಾಟೀಲ್ ಬಿ.ಆರ್.,Patil BR
990,22/07/2013,ಕಂದಾಯ,Revenue,ಉಪನೋಂದಣಿ ಕಛೇರಿಗೆ ಸಿಬ್ಬಂದಿ ಹಾಗು ಸ್ಥಳಾವಕಾಶ,Staff and space for the subordinate office,ಪ್ರಮೋದ ಮದ್ವರಾಜ್,Pramodha Madwaraj
991,22/07/2013,ಕಂದಾಯ,Revenue,ಪ.ಜಾತಿ/ಪ. ಪಂಗಡಗಳಿಗೆ ಭೂ ಮಂಜೂರಾತಿ,P. Land Acquisition for Communities,ಪ್ರಮೋದ ಮದ್ವರಾಜ್,Pramodha Madwaraj
992,22/07/2013,ಕಂದಾಯ,Revenue,ಆಕ್ರಮ-ಸಕ್ರಮ,Aggression,ಪ್ರಮೋದ ಮದ್ವರಾಜ್,Pramodha Madwaraj
993,22/07/2013,ಕಂದಾಯ,Revenue,ಪಹಣೆ ಪತ್ರಿಕೆಯಲ್ಲಿನ ತಪ್ಪಿನ ತಿದ್ದುಪಡಿ,Error Correction in Tracing Magazine,ಪ್ರಮೋದ ಮದ್ವರಾಜ್,Pramodha Madwaraj
994,22/07/2013,ಭಾರಿ ಮತ್ತು ಮಧ್ಯಮ ನೀರಾವರಿ,Heavy and medium irrigation,ಎಡ ಮತ್ತು ಬಲದಂಡೆ ಕಾಮಗಾರಿಗಳು,Left and right work,ಪುಟ್ಟಣ್ಣಯ್ಯ ಕೆ.ಎಸ್.,Puttannaiah K S 
995,22/07/2013,ಕಂದಾಯ,Revenue,ಭೂ ಬ್ಯಾಂಕ್ ಮತ್ತು ಕೆ.ಐ.ಡಿ.ಬಿ.ಗೆ ಭೂಮಿ ನೀಡಿರುವುದು,Land is given to Land Bank and KIDB,ಪುಟ್ಟಣ್ಣಯ್ಯ ಕೆ.ಎಸ್.,Puttannaiah K S 
996,22/07/2013,ಸಕ್ಕರೆ,Sugar,ಸಹಕಾರಿ ಮತ್ತು ಸಕ್ಕರೆ ಕಾರ್ಖಾನೆಗಳು,Cooperative and sugar factories,ಪುಟ್ಟಣ್ಣಯ್ಯ ಕೆ.ಎಸ್.,Puttannaiah K S 
997,22/07/2013,ಸಣ್ಣ ನೀರಾವರಿ,Small irrigation,ಕೆರೆಗಳ ಅಭಿವೃದ್ಧಿ,Development of lakes,ಪುಟ್ಟಣ್ಣಯ್ಯ ಕೆ.ಎಸ್.,Puttannaiah K S 
998,22/07/2013,ಸಣ್ಣ ನೀರಾವರಿ,Small irrigation,ಸಣ್ಣ ನೀರಾವರಿ ವ್ಯಾಪ್ತಿಯ ಕೆರೆಗಳ ಅಭಿವೃದ್ಧಿ,Development of small irrigation range lakes,ರಾಜಣ್ಣ ಎಂ,Rajanna M 
999,22/07/2013,ಕಂದಾಯ,Revenue,ಬೆಂಕಿಗಾಹುತಿಯಾದ ಮನೆಗಳು,Fire houses,ರಾಜೀವ್ ಪಿ.,Rajiv P 
1000,22/07/2013,ಸಣ್ಣ ಕೈಗಾರಿಕೆ,Small industry,ಸಣ್ಣ ಕೈಗಾರಿಕೆಗಳ ಸ್ಥಾಪನೆ,Establishment of small industries,ರಾಜೀವ್ ಪಿ.,Rajiv P 
1001,22/07/2013,ಸಕ್ಕರೆ,Sugar,ತ್ಯಾಜ್ಯವನ್ನು ಕೃಷ್ಣ ನದಿಗೆ ಬಿಡುತ್ತಿರುವುದು,Leave the waste into the Krishna river,ರಾಜೀವ್ ಪಿ.,Rajiv P 
1002,22/07/2013,ಅರಣ್ಯ,Forest,ವನ್ಯ ಮೃಗಗಳಿಂದ ಹಾನಿಗೊಳಗಾದವರ ವಿವರ,Details of the victims of wild beasts,ರವಿ ಸಿ.ಟಿ.,Ravi CT
1003,22/07/2013,ಕಂದಾಯ,Revenue,ಭೂಮಿ ಮಂಜೂರು ಮಾಡುವುದು,Granting land,ರವಿ ಸಿ.ಟಿ.,Ravi CT
1004,22/07/2013,ಕಂದಾಯ,Revenue,ಕೃಷಿ ಜಮೀನನ್ನು ಮಾರಾಟ ಮಾಡಲು ಸರ್ವೆ ಮಾಡಿಸುವುದು,Surveying to sell agricultural land,ರವಿ ಸಿ.ಟಿ.,Ravi CT
1005,22/07/2013,ಕಂದಾಯ,Revenue,ಮುದ್ರಾಂಕ ಶುಲ್ಕ,Printer fees,ರೇವಣ್ಣ ಹೆಚ್.ಡಿ.,Revanna HD
1006,22/07/2013,ಅರಣ್ಯ,Forest,ಅರಣ್ಯ ಭೂಮಿಯ ಅಭಿವೃದ್ಧಿ,Forest land development,ರೇವಣ್ಣ ಹೆಚ್.ಡಿ.,Revanna HD
1007,22/07/2013,ಮುಜರಾಯಿ,Muzarai,ಅಮರನಾಥ ಯಾತ್ರಾರ್ಥಿಗಳು,Amarnath pilgrims,ರೇವಣ್ಣ ಹೆಚ್.ಡಿ.,Revanna HD
1008,22/07/2013,ಕಂದಾಯ,Revenue,ಸರ್ಕಾರಿ ಸರ್ವೆಯರ್ ಗಳು,Government Surveyors,ರೇವಣ್ಣ ಹೆಚ್.ಡಿ.,Revanna HD
1009,22/07/2013,ಕಾರ್ಮಿಕ,Labor,ಸಿದ್ದ ಉಡುಪು ತಯಾರಿಸುವ ಕಾರ್ಖಾನೆಗಳು,Ready-made factories,ರೇವಣ್ಣ ಹೆಚ್.ಡಿ.,Revanna HD
1010,22/07/2013,ಕಾರ್ಮಿಕ,Labor,ಐ.ಟಿ.ಐ. ಕಾಲೇಜು ಕಟ್ಟಡ,ITI College building,ಶಿವಲಿಂಗೇಗೌಡ ಕೆ.ಎಂ.,Shivalinge Gowda KM
1011,22/07/2013,ಸಣ್ಣ ನೀರಾವರಿ,Small irrigation,ರಾಜ ಕಾಲುವೆಗಳ ದುರಸ್ಥಿ,The ruin of the King Canals,ಶಿವಲಿಂಗೇಗೌಡ ಕೆ.ಎಂ.,Shivalinge Gowda KM
1012,22/07/2013,ಜವಳಿ,Textile,ಜವಳಿ ಪಾರ್ಕ್ ಗಳ ಕಾರ್ಯನಿರ್ವಹಣೆ,Performance of Textile Parks,ಶಿವಲಿಂಗೇಗೌಡ ಕೆ.ಎಂ.,Shivalinge Gowda KM
1013,22/07/2013,ಅರಣ್ಯ,Forest,ಕಾಡು ಪ್ರಾಣಿಗಳಿಗೆ ಆಗುತ್ತಿರುವ ತೊಂದರೆ,Difficulties for wild animals,ಶಿವಲಿಂಗೇಗೌಡ ಕೆ.ಎಂ.,Shivalinge Gowda KM
1014,22/07/2013,ಕಂದಾಯ,Revenue,ಕಂದಾಯ ಗ್ರಾಮಗಳಾಗಿ ಪರಿವರ್ತಿಸುವುದು,Converting to Revenue Villages,ಶಿವಲಿಂಗೇಗೌಡ ಕೆ.ಎಂ.,Shivalinge Gowda KM
1015,22/07/2013,ಭಾರಿ ಮತ್ತು ಮಧ್ಯಮ ನೀರಾವರಿ,Heavy and medium irrigation,ಪುನರ್ವಸತಿ ಕೇಂದ್ರದ ನಿವೇಶನಗಳು,Resettlement Centers,ಶಿವಾನಂದ ಎಸ್. ಪಾಟೀಲ,Sivananda S  Patil
1016,22/07/2013,ಕಂದಾಯ,Revenue,ಗ್ರಾಮ ಲೆಕ್ಕಿಗರ ಕೊರತೆ,Lack of village accountants,ಶಿವಶಂಕರ ರೆಡ್ಡಿ ಎನ್. ಹೆಚ್.,Shivshankar Reddy N  H 
1017,22/07/2013,ಕಂದಾಯ,Revenue,ಪಿಂಚಣಿ ಅರ್ಜಿದಾರರು ತೊಂದರೆಗೊಳಗಾಗುವ ಬಗ್ಗೆ,About pension applicants being troubled,ಸುನೀಲ್ ಕುಮಾರ್ ವಿ.,Sunil Kumar V 
1018,22/07/2013,ಅರಣ್ಯ,Forest,ಹುಲಿಯೋಜನೆ,Tiger,ಸುನೀಲ್ ಕುಮಾರ್ ವಿ.,Sunil Kumar V 
1019,22/07/2013,ಕಂದಾಯ,Revenue,ಹಕ್ಕುಪತ್ರ ನೀಡುವುದು,Issuance of the certificate,ಸುನೀಲ್ ಕುಮಾರ್ ವಿ.,Sunil Kumar V 
1020,22/07/2013,ಕಂದಾಯ,Revenue,ಹೆಬ್ರಿಯನ್ನು ತಾಲೂಕನ್ನಾಗಿ ರಚಿಸುವ ಕುರಿತು,About creating Hebri taluka,ಸುನೀಲ್ ಕುಮಾರ್ ವಿ.,Sunil Kumar V 
1021,22/07/2013,ಸಣ್ಣ ನೀರಾವರಿ,Small irrigation,ಗ್ರಾಮಗಳಿಗೆ ಕುಡಿಯುವ ನೀರು,Villages drinking water,ಸುರೇಶ್ ಬಾಬು ಸಿ.ಬಿ.,Suresh Babu CB
1022,22/07/2013,ಕಾರ್ಮಿಕ,Labor,ನ್ಯಾಯಾಲಯಗಳ ತೀರ್ಪಿನಂತೆ ಐಟಿ.ಐ. ಪ್ರಾಚಾರ್ಯಗುಗಳಿಗೆ ಹಿಂಬಡ್ತಿ ನೀಡುವುದು,ITI Rejoining proselytes,ತನ್ವೀರ್ ಸೇಠ್,Tanvir Seth
1023,22/07/2013,ಕಾರ್ಮಿಕ,Labor,ಖಾಸಗಿ ಐಟಿಐ ಗಳಿಗೆ ವೇತನ ಸಹಾನುದಾನ ನೀಡುವುದು,Payment of subsidy for private ITIs,ತನ್ವೀರ್ ಸೇಠ್,Tanvir Seth
1024,22/07/2013,ಭಾರಿ ಮತ್ತು ಮಧ್ಯಮ ನೀರಾವರಿ,Heavy and medium irrigation,ಭದ್ರಾ ಮೇಲ್ದಂಡೆ ಯೋಜನೆ,Bhadra Upstairs Project,ತಿಪ್ಪಾರೆಡ್ಡಿ ಜಿ.ಎಚ್.,Thippareddy GH
1025,22/07/2013,ಸಣ್ಣ ನೀರಾವರಿ,Small irrigation,ಕುಡಿಯುವ ನೀರು,Drinking water,ತಿಪ್ಪಾರೆಡ್ಡಿ ಜಿ.ಎಚ್.,Thippareddy GH
1026,22/07/2013,ಕಂದಾಯ,Revenue,ಭೂ ದಾಖಲೆಗಳು ಮತ್ತು ಭೂ ಮಾಪನ,Land records and land measurement,ತುಕಾರಾಂ ಇ.,Tukaram E 
1027,22/07/2013,ಅರಣ್ಯ,Forest,ರೈತರನ್ನು ಒಕ್ಕಲೆಬ್ಬಿಸುತ್ತಿರುವ ಕುರಿತು,About plowing farmers,ತುಕಾರಾಂ ಇ.,Tukaram E 
1028,22/07/2013,ಸಣ್ಣ ನೀರಾವರಿ,Small irrigation,ಕೆರೆ ಅಭಿವೃದ್ಧಿ,Lake Development,ವಿಶ್ವೇಶ್ವರ ಹೆಗಡೆ ಕಾಗೇರಿ,Vishweshwara Hegde Kageri
1029,22/07/2013,ಅರಣ್ಯ,Forest,ಅರಣ್ಯ ಅತಿಕ್ರಮಣ ಸಕ್ರಮ,Forest encroachment law,ವಿಶ್ವೇಶ್ವರ ಹೆಗಡೆ ಕಾಗೇರಿ,Vishweshwara Hegde Kageri
1030,22/07/2013,ಅರಣ್ಯ,Forest,ಅರಣ್ಯ ಬೆಳೆಸುವುದು,Developing Forests,ವಿಶ್ವೇಶ್ವರ ಹೆಗಡೆ ಕಾಗೇರಿ,Vishweshwara Hegde Kageri
1031,22/07/2013,ಕಂದಾಯ,Revenue,ಭೂ ಮಾಪನ ಪ್ರಕರಣಗಳು,Land Scale Cases,ವಿಶ್ವೇಶ್ವರ ಹೆಗಡೆ ಕಾಗೇರಿ,Vishweshwara Hegde Kageri
1032,22/07/2013,ಅರಣ್ಯ,Forest,ಅರಣ್ಯ ಅತಿಕ್ರಮಣ,Forest encroachment,ವಿಶ್ವೇಶ್ವರ ಹೆಗಡೆ ಕಾಗೇರಿ,Vishweshwara Hegde Kageri
1033,22/07/2013,ಕಂದಾಯ,Revenue,ಭೂಕಂಪ ಪೀಡಿತ ಗ್ರಾಮಗಳ ಸ್ಥಳಾಂತರ,Displacement of seismic affected villages,ಯಶವಂತರಾಯ ವಿಠ್ಠಲಗೌಡ ಪಾಟೀಲ್,Yashavaraya Vitthal Gowda Patil
1034,22/07/2013,ಭಾರಿ ಮತ್ತು ಮಧ್ಯಮ ನೀರಾವರಿ,Heavy and medium irrigation,ಭೀಮಾ ನದಿ ನೀರು,Bhima river water,ಯಶವಂತರಾಯ ವಿಠ್ಠಲಗೌಡ ಪಾಟೀಲ್,Yashavaraya Vitthal Gowda Patil
1035,22/07/2013,ಕಂದಾಯ,Revenue,ಆಸರೆ ಮನೆಗಳು,Support homes,ಯಶವಂತರಾಯ ವಿಠ್ಠಲಗೌಡ ಪಾಟೀಲ್,Yashavaraya Vitthal Gowda Patil
1036,22/07/2013,ಕಂದಾಯ,Revenue,ವೃದ್ಯಾಪ್ಯ ವೇತನ,Old wage,ಯಾವಗಲ್ ಬಿ.ಆರ್.,Vaggal BR
1037,22/07/2013,ಭಾರಿ ಮತ್ತು ಮಧ್ಯಮ ನೀರಾವರಿ,Heavy and medium irrigation,ಮಲಪ್ರಭಾ ನೀರಾವರಿ ಯೋಜನೆ,Malaprabha Irrigation Project,ಯಾವಗಲ್ ಬಿ.ಆರ್.,Vaggal BR
1038,22/07/2013,ಭಾರಿ ಮತ್ತು ಮಧ್ಯಮ ನೀರಾವರಿ,Heavy and medium irrigation,ನರಗುಂದ ವಿಭಾಗ - ಕಾಲುವೆ,Narangunda Division - Canal,ಯಾವಗಲ್ ಬಿ.ಆರ್.,Vaggal BR
1039,22/07/2013,ಭಾರಿ ಮತ್ತು ಮಧ್ಯಮ ನೀರಾವರಿ,Heavy and medium irrigation,ಏತ ನೀರಾವರಿ ಯೋಜನೆಗಳು,Where irrigation projects are,ಯಾವಗಲ್ ಬಿ.ಆರ್.,Vaggal BR
1040,23/07/2013,ನಗರಾಭಿವೃದ್ಧಿ,Urban development,KIADB ಯಿಂದ ಜಮೀನು ನೀಡುವುದು,Land from KIADB,ಶಿವಲಿಂಗೇಗೌಡ ಕೆ.ಎಂ.,Shivalinge Gowda KM
1041,23/07/2013,ಆಡಳಿತ ಸುಧಾರಣೆ,Governance reform,ಕಲಂ 371ರಲ್ಲಿ ಬಿಜಾಪುರ ಜಿಲ್ಲೆಯನ್ನು ಸೇರ್ಪಡೆ ಮಾಡುವುದು,Insert Bijapur District in Article 371,ಯಶವಂತರಾಯ ವಿಠ್ಠಲಗೌಡ ಪಾಟೀಲ್,Yashavaraya Vitthal Gowda Patil
1042,23/07/2013,ನಗರಾಭಿವೃದ್ದಿ,Urban Development,ಜಿ. ಕ್ಯಾಟಗರಿಯಲ್ಲಿ ನಿವೇಶನ ಹಂಚಿಕೆ,G. Site distribution in category,ಅಪ್ಪಚ್ಚು ರಂಜನ್ ಎಂ.ಪಿ.,Appachan Ranjan MP
1043,23/07/2013,ನಗರಾಭಿವೃದ್ದಿ,Urban Development,ಬೆಂಗಳೂರು ಅಭಿವೃದ್ಧಿ ಪ್ರಾಧಿಕಾರ ಮತ್ತು ಖಾಸಗಿ ಡೆವಲಪರ್ಸ್ ನಿಷೇಧ,Bangalore Development Authority and Private Developers Ban,ಪುಟ್ಟಣ್ಣಯ್ಯ ಕೆ.ಎಸ್.,Puttannaiah K S 
1044,23/07/2013,ಪಶು ಸಂಗೋಪನೆ,Animal husbandry,ಹೊಸ ಸರ್ಕಾರಿ ಪಶು ಆಸ್ಪತ್ರೆಗಳ ಮಂಜೂರಾತಿ,Sanction of new government veterinary hospitals,ಪಾಟೀಲ್ ಎ.ಎಸ್.,Patil AS
1045,23/07/2013,ನಗರಾಭಿವೃದ್ದಿ,Urban Development,ಪಂಪ್ ಸೆಟ್ ಕೊಳವೆ ಬಾವಿ ಸಕ್ರಮಗೊಳಿಸುವುದು,Pump Set Pipe Well Organizing,ಸುಧಾಕರ ಲಾಲ್ ಪಿ.ಆರ್.,Sudhakar Lal PR
1046,23/07/2013,ನಗರಾಭಿವೃದ್ದಿ,Urban Development,ಪೆರಿಫೆರಲ್ ರಿಂಗ್ ರಸ್ತೆ ನಿರ್ಮಾಣ,Peripheral ring road construction,ವಿಶ್ವನಾಥ್ ಎಸ್. ಆರ್.,Vishwanath S  R 
1047,23/07/2013,ನಗರಾಭಿವೃದ್ದಿ,Urban Development,ಬೆಂಗಳೂರು ನಗರ ನಿವಾಸಿಗಳ ಆಸ್ತಿ ದಾಖಲಾತಿ,Property registration of Bangalore city residents,ಸುರೇಶ್ ಕುಮಾರ್ ಎಸ್.,Suresh Kumar S
1048,23/07/2013,ಇಂಧನ,Fuel,ರೈತರಿಗೆ ಟಿ.ಸಿ. ಒದಗಿಸುವುದು,Farmers T.C. Providing,ಕೃಷ್ಣಪ್ಪ ಎಂ.ಟಿ.,Krishnappa M T 
1049,23/07/2013,ಗಣಿ ಮತ್ತು ಭೂವಿಜ್ಞಾನ,Mine and geology,ರಾಜ್ಯದಲ್ಲಿ ಲಭ್ಯವಿರುವ ಕಬ್ಬಿಣದ ಅದಿರು,Iron ore available in the state,ಈಶ್ವರ್ ಭೀಮಣ್ಣ ಖಂಡ್ರೆ,Ishwar Bhimanna Khandre
1050,23/07/2013,ನಗರಾಭಿವೃದ್ಧಿ,Urban development,ಬಳಚರಂಡಿಯಿಂದ ಬರುವ ನೀರನ್ನು ಸಂಸ್ಕರಿಸುವ ಬಗ್ಗೆ,Treatment of water from the stomach,ತಿಪ್ಪಾರೆಡ್ಡಿ ಜಿ.ಎಚ್.,Thippareddy GH
1051,23/07/2013,ಇಂಧನ,Fuel,ವಿದ್ಯುಚ್ಚಕ್ತಿ ಉತ್ಪಾದನೆ,Electricity generation,ಬಸವರಾಜ ರಾಯರೆಡ್ಡಿ,Basavaraja Royareddy
1052,23/07/2013,ಇಂಧನ,Fuel,ರಾಜೀವ್ ಗಾಂದಿ ಗ್ರಾಮೀಣ ವಿದ್ಯುದೀಕರಣ ಯೋಜನೆ,Rajiv Gandhi Rural Electrification Project,ಬೋಪಯ್ಯ ಕೆ.ಜಿ.,Bopayya KG
1053,23/07/2013,ಗೃಹ,Home,ರಾಜ್ಯದಲ್ಲಿ ಹೆಚ್ಚುತ್ತಿರುವ ರೇಪ್ ಪ್ರಕರಣಗಳು,Increasing rape cases in the state,ಜೊಲ್ಲೆ ಶಿಶಿಕಲಾ ಅಣ್ಣಾಸಾಹೇಬ್,Joel Shishikala Annasaheb
1054,23/07/2013,ಪಶು ಸಂಗೋಪನೆ,Animal husbandry,ಪಶು ಚಿಕಿತ್ಸಾಲಯ ಮಂಜೂರಾತಿ,Veterinary Clinic Approval,ಐಹೊಳೆ ಡಿ. ಮಹಾಲಿಂಗಪ್ಪ,Aihole D  Mahalingappa
1055,23/07/2013,ನಗರಾಭಿವೃದ್ದಿ,Urban Development,ಒಳಚರಂಡಿ ವ್ಯವಸ್ಥೆ ಹದಗೆಟ್ಟಿರುವುದು,The drainage system is deteriorating,ಅಖಂಡ ಶ್ರೀನಿವಾಸಮೂರ್ತಿ ಆರ್.,Akhand Srinivas Murthy R 
1056,23/07/2013,ನಗರಾಭಿವೃದ್ದಿ,Urban Development,ಕುಡಿಯುವ ನೀರಿನ ವ್ಯವಸ್ಥೆ,Drinking water system,ಅಖಂಡ ಶ್ರೀನಿವಾಸಮೂರ್ತಿ ಆರ್.,Akhand Srinivas Murthy R 
1057,23/07/2013,ನಗರಾಭಿವೃದ್ದಿ,Urban Development,ಮುಖ್ಯ ರಸ್ತೆಗಳಲ್ಲಿ ಟ್ರಾಫಿಕ್ ಸಮಸ್ಯೆ,Traffic problem on main roads,ಅಖಂಡ ಶ್ರೀನಿವಾಸಮೂರ್ತಿ ಆರ್.,Akhand Srinivas Murthy R 
1058,23/07/2013,ನಗರಾಭಿವೃದ್ದಿ,Urban Development,ಮೆಟ್ರೋ ಕಾಮಕಾರಿ,Metro comic,ಅಖಂಡ ಶ್ರೀನಿವಾಸಮೂರ್ತಿ ಆರ್.,Akhand Srinivas Murthy R 
1059,23/07/2013,ನಗರಾಭಿವೃದ್ದಿ,Urban Development,ಬಹುಮಹಡಿ ಕಟ್ಟಡಗಳನ್ನು ನಿರ್ಮಿಸಲು ವಿಧಿಸಿರುವ ಮಾನದಂಡ,The criteria for building multi-storey buildings,ಅಖಂಡ ಶ್ರೀನಿವಾಸಮೂರ್ತಿ ಆರ್.,Akhand Srinivas Murthy R 
1060,23/07/2013,ನಗರಾಭಿವೃದ್ದಿ,Urban Development,ಯು.ಜಿ.ಡಿ. ಕಾಮಗಾರಿ ವಿಳಂಬ,UGD Work Delay,ಆನಂದ ಸಿಂಗ್,Ananda Singh
1061,23/07/2013,ಗೃಹ,Home,ಪೋಲಿಸ್ ಠಾಣೆಗಳಿಗೆ ವಾಹನಗಳ ಕೊರತೆ,Lack of vehicles for police stations,ಆನಂದ ಸಿಂಗ್,Ananda Singh
1062,23/07/2013,ಇಂಧನ,Fuel,ಹೊಸ ಕೆ.ಇ.ಬಿ. ಸಬ್ ಸ್ಟೇಷನ್ ಗಳ ಸ್ಥಾಪನೆ,New KEB Establishment of substations,ಆನಂದ ಸಿಂಗ್,Ananda Singh
1063,23/07/2013,ನಗರಾಭಿವೃದ್ದಿ,Urban Development,ವಸತಿ ಮತ್ತು ವಾಣಿಜ್ಯ ಉದ್ದೇಶಗಳ ಕ್ರಿಯಾ ಯೋಜನೆ,Action Plan for Real Estate and Commercial Purposes,ಆನಂದ ಸಿಂಗ್,Ananda Singh
1064,23/07/2013,ನಗರಾಭಿವೃದ್ದಿ,Urban Development,ಖಾಲಿ ಇರುವ ವಿವಿಧ ವೃಂದದ ಹುದ್ದೆಗಳ ಭರ್ತಿ,Fill out various vacancies for vacancies,ಆನಂದ ಸಿಂಗ್,Ananda Singh
1065,23/07/2013,ನಗರಾಭಿವೃದ್ದಿ,Urban Development,ನಿರುದ್ಯೋಗ ಸಮಸ್ಯೆ ನಿವಾರಣೆ,Troubleshooting the problem of unemployment,ಆನಂದ ಸಿಂಗ್,Ananda Singh
1066,23/07/2013,ಕಾನೂನು ಮತ್ತು ಸಂಸದೀಯ ವ್ಯವಹಾರ,Law and Parliamentary Affairs,ಮೌಲ್ಯಮಾಪನದಲ್ಲಿ ಅವ್ಯವಹಾರ,Assessment in evaluation,ಅಪ್ಪಾಜಿ ಚನ್ನಬಸವರಾಜ್ ಶಂಕರರಾವ್ ನಾಡಗೌಡ,Appaji Chanabasavaraj Shankarrao Nadgowda
1067,23/07/2013,ಇಂದನ,From now on,ಉತ್ಪಾದನೆಯಾಗುತ್ತಿರುವ ವಿದ್ಯುತ್ ಪ್ರಮಾಣ,The generating power rate,ಅಪ್ಪಾಜಿ ಚನ್ನಬಸವರಾಜ್ ಶಂಕರರಾವ್ ನಾಡಗೌಡ,Appaji Chanabasavaraj Shankarrao Nadgowda
1068,23/07/2013,ಗೃಹ,Home,ಗ್ರಾಂಗ್ ರೇಪ್ ಗಳ ಹತೋಟಿಗೆ ಕೈಗೊಂಡಿರುವ ಕ್ರಮ,The action taken under the control of the Grang Rape,ಅಶೋಕ್ ಆರ್.,Ashok R 
1069,23/07/2013,ನಗರಾಭಿವೃದ್ದಿ,Urban Development,ರಸ್ತೆಗಳು ಗುಂಡಿ ಬಿದ್ದು ಹಾಳಾಗಿರುವುದು,Roads are pelted and damaged,ಅಶೋಕ್ ಆರ್.,Ashok R 
1070,23/07/2013,ನಗರಾಭಿವೃದ್ದಿ,Urban Development,ರಸ್ತೆ ಚರಂಡಿಗಳು ಅವ್ಯವಸ್ಥೆಗೊಂಡಿರುವುದು,Disruption of road sewers,ಅಶೋಕ್ ಆರ್.,Ashok R 
1071,23/07/2013,ಗೃಹ,Home,ನಕ್ಸಲ್ ಹಾವಳಿ,Naxal swearing,ಅಶೋಕ್ ಆರ್.,Ashok R 
1072,23/07/2013,ಇಂಧನ,Fuel,ವಿದ್ಯುತ್ ಉತ್ಪಾದನೆಯು ಬೇಡಿಕೆಯನುಸಾರ ಕುಂಠಿತವಅಗಿರುವುದು,Electricity generation is a stagnant demand,ಬಾದರ್ಲಿ ಹಂಪನಗೌಡ,Bādarli Hampana Gowda
1073,23/07/2013,ಗಣಿ ಮತ್ತು ಭೂವಿಜ್ಞಾನ,Mine and geology,ಜಲ್ಲಿ ಕ್ರಷರ್ ಗಳು,Gravel Crushers,ಬಾಲಕೃಷ್ಣ ಹೆಚ್.ಸಿ.,Balakrishna H C 
1074,23/07/2013,ಇಂಧನ,Fuel,ಹೊಸ ವಿದ್ಯುತ್ ಉಪ ಕೇಂದ್ರಗಳನ್ನು ತೆರೆಯುವುದು,Opening new power sub-centers,ಬಸವರಾಜ್ ಬಿ.ಎ.,Basavaraj BA
1075,23/07/2013,ನಗರಾಭಿವೃದ್ದಿ,Urban Development,ಕುಡಿಯುವ ನೀರಿನ ಸಮಸ್ಯೆ,Drinking water problem,ಬಸವರಾಜ್ ಬಿ.ಎ.,Basavaraj BA
1076,23/07/2013,ಆಡಳಿತ ಸುಧಾರಣೆ,Governance reform,ಲೋಕಾಯುಕ್ತ ವರದಿ,Lokayukta report,ಬಸವರಾಜ ರಾಯರೆಡ್ಡಿ,Basavaraja Royareddy
1077,23/07/2013,ಗೃಹ,Home,ರಾಜ್ಯದಲ್ಲಿ ನಕ್ಸಲ್ ಚಟುವಟಿಕೆ,Naxal activity in the state,ಬಸವರಾಜ ರಾಯರೆಡ್ಡಿ,Basavaraja Royareddy
1078,23/07/2013,ಗೃಹ,Home,ಕಾವೇರಿ ಪ್ರತಿಭಟನೆ ಮೊಕದ್ದಮೆಗಳ ವಾಪಸಾತಿ,Cauvery protest lawsuit withdrawal,ಚೆಲುವರಾಯಸ್ವಾಮಿ,Cheluvaraswamy
1079,23/07/2013,ಬೃಹತ್ ಮತ್ತು ಮಧ್ಯಮ ಕೈಗಾರಿಕೆ,Large and medium enterprise,ಹೆಚ್.ಎ.ಎಲ್. ಕೈಗಾರಿಕಾ ಘಟಕ ಸ್ಥಾಪನೆ,HAL. Establishment of Industrial Unit,ಅಜಯ್ ಸಿಂಗ್,Ajay Singh
1080,23/07/2013,ಆಡಳಿತ ಸುಧಾರಣೆ,Governance reform,ಅಧಿಕಾರಿಗಳ ಕೊರತೆ,Lack of officials,ಮಾಲಕರೆಡ್ಡಿ ಎ.ಬಿ.,Mālaka Reddy AB
1081,23/07/2013,ನಗರಾಭಿವೃದ್ದಿ,Urban Development,ವಿಲೇವಾರಿ ಇಲ್ಲದಿದ್ದರೂ ಶುಲ್ಕ ವಸೂಲಿ,Feel free to charge a fee,ಮಾಲಕರೆಡ್ಡಿ ಎ.ಬಿ.,Mālaka Reddy AB
1082,23/07/2013,ಇಂಧನ,Fuel,ವಿದ್ಹುತ್ ಕೊರತೆ,Lack of knowledge,ಮಾಲಕರೆಡ್ಡಿ ಎ.ಬಿ.,Mālaka Reddy AB
1083,23/07/2013,ಇಂಧನ,Fuel,ಪರಿವರ್ತಕಗಳ ಕೊರತೆ,Lack of transformers,ಮಾಲಕರೆಡ್ಡಿ ಎ.ಬಿ.,Mālaka Reddy AB
1084,23/07/2013,ಗೃಹ,Home,ಸಂಚಾರಿ ಪೋಲಿಸ್ ಠಾಣೆಗಳು,Traffic police stations,ಮಾಲಕರೆಡ್ಡಿ ಎ.ಬಿ.,Mālaka Reddy AB
1085,23/07/2013,ಆಡಳಿತ ಸುಧಾರಣೆ,Governance reform,ಬೆರಳಚ್ಚು ಮತ್ತು ಶೀಘ್ರ ಲಿಪಿಕಾರರ ಹುದ್ದೆ ಭರ್ತಿ ಮಾಡುವುದು,Filling up the fingerprint and quick scrip,ಉಮೇಶ್ ಜಿ. ಜಾಧವ್,Umesh G  Jadhav
1086,23/07/2013,ಪಶು ಸಂಗೋಪನೆ,Animal husbandry,ಪಶು ವೈದ್ಯಾಧಿಕಾರಿಗಳ ಹುದ್ದೆ ಭರ್ತಿ ಮಾಡುವುದು,Filling up the post of Veterinary Medical Officers,ಉಮೇಶ್ ಜಿ. ಜಾಧವ್,Umesh G  Jadhav
1087,23/07/2013,ಕಾನೂನು ಮತ್ತು ಸಂಸದೀಯ ವ್ಯವಹಾರ,Law and Parliamentary Affairs,ಮಾನವ ಹಕ್ಕು ಆಯೋಗದ ವರದಿಯ ಮೇಲೆ ಕ್ರಮ,Action on Human Rights Commission Report,ಈಶ್ವರ ಭೀಮಣ್ಣ ಖಂಡ್ರೆ,Ishwar Bhimanna Khandre
1088,23/07/2013,ಗೃಹ,Home,ಪತ್ತೆಯಾದ ವಿವಿಧ ಪ್ರಕರಣಗಳು,Various cases discovered,ಈಶ್ವರ ಭೀಮಣ್ಣ ಖಂಡ್ರೆ,Ishwar Bhimanna Khandre
1089,23/07/2013,ಆಡಳಿತ ಸುಧಾರಣೆ,Governance reform,ವಿವಿಧ ಇಲಾಖೆಗಳಲ್ಲಿರುವ ಖಾಲಿ ಹುದ್ದೆಗಳು,Vacancies in various departments,ಈಶ್ವರ ಭೀಮಣ್ಣ ಖಂಡ್ರೆ,Ishwar Bhimanna Khandre
1090,23/07/2013,ಇಂಧನ,Fuel,ನಿರಂತರ ಜ್ಯೋತಿ ವಿದ್ಯುತ್ ಯೋಜನೆ,Continuous Jyothi Power Project,ಈಶ್ವರ ಭೀಮಣ್ಣ ಖಂಡ್ರೆ,Ishwar Bhimanna Khandre
1091,23/07/2013,ನಗರಾಭಿವೃದ್ದಿ,Urban Development,ಕಾಮಾಕ್ಷಿ ಪಾಳ್ಯ ಬಡಾವಣೆಯನ್ನು ಡಿನೋಟಿಫಿಕೇಷನ್ ಮಾಡುವ ಬಗ್ಗೆ,About denotification of Kamakshi Palya Layout,ಗೋಪಾಲಯ್ಯ ಕೆ.,Gopalaiah K 
1092,23/07/2013,ನಗರಾಭಿವೃದ್ದಿ,Urban Development,ಬಿ.ಬಿ.ಎಂ.ಪಿ. ವ್ಯಾಪ್ತಿಯ ಕೆರೆಗಳ ಸರ್ವೆ ಕಾರ್ಯದಲ್ಲಿ ವಿಳಂಬ,BBMP Delay in range of survey lanes of coverage,ಗೋಪಾಲಯ್ಯ ಕೆ.,Gopalaiah K 
1093,23/07/2013,ಇಂಧನ,Fuel,ಹೈ ಟೆನ್ ಷನ್ ಲೈನ್ ಗಳ ಪರ್ಯಾಯ ವ್ಯವಸ್ಥೆ,High Ten Lines Alternative System,ಗೋಪಾಲಯ್ಯ ಕೆ.,Gopalaiah K 
1094,23/07/2013,ಗೃಹ,Home,ಬೆಂಗಳೂರು ನಗರ ಹಾಗು ಸುತ್ತಮುತ್ತ ಎ.ಟಿ.ಎಂ.ಗಳ ದರೋಡೆ,The robbery of ATMs around and around Bangalore city,ಗೋಪಾಲಯ್ಯ ಕೆ.,Gopalaiah K 
1095,23/07/2013,ನಗರಾಭಿವೃದ್ದಿ,Urban Development,ಬೆಂಗಳೂರು ನಗರದಲ್ಲಿ ಆಧಾರ್ ಕಾಡ್ರ್ ಪಡೆದವರು ಸಂಖ್ಯೆ,Number of recipients of Aadhaar Cadr in Bangalore city,ಗೋಪಾಲಯ್ಯ ಕೆ.,Gopalaiah K 
1096,23/07/2013,ಗೃಹ,Home,ರೈತರ ಮೇಲಿನ ಮೊಕದ್ದಮ್ಮೆ ಗಳು,Farmers are sued,ಗೋವಿಂದ ಎಂ ಕಾರಜೋಳ,Govinda M  Karajola
1097,23/07/2013,ನಗರಾಭಿವೃದ್ದಿ,Urban Development,ಕೆ.ಎಂ.ಆರ್.ಪಿ. ಯೋಜನೆಯಡಿ ಕೈಗೊಂಡಿರುವ ಕಾಮಗಾರಿಗಳು,KMRP Works under the scheme,ಗುರುಪಾದಪ್ಪ ನಾಗಮಾರಪಲ್ಲಿ,Guruparappa Nagamarapally
1098,23/07/2013,ಆರ್ಥಿಕ,Economy,ರಾಜ್ಯದಲ್ಲಿ ಸಂಗ್ರಹವಾಗಿರುವ ಸಂಪನ್ಮೂಲಗಳು,Resources stored in the state,ಗುರುಪಾದಪ್ಪ ನಾಗಮಾರಪಲ್ಲಿ,Guruparappa Nagamarapally
1099,23/07/2013,ಗೃಹ,Home,ಪೋಲಿಸ್ ಇಲಾಖೆಯ ಆಧುನೀಕರಣ,Modernization of the Police Department,ಗುರುಪಾದಪ್ಪ ನಾಗಮಾರಪಲ್ಲಿ,Guruparappa Nagamarapally
1100,23/07/2013,ಗೃಹ,Home,ಧರ್ಮವೀರ ಆಯೋಗದ ವರದಿಯ ಅನುಷ್ಠಾನ,Implementation of the report of the Dharmasthira Commission,ಗುರುಪಾದಪ್ಪ ನಾಗಮಾರಪಲ್ಲಿ,Guruparappa Nagamarapally
1101,23/07/2013,ಆರ್ಥಿಕ,Economy,ವಿಶ್ವ ಬಂಡವಾಳ ಹೂಡಿಕೆದಾರರ ಸಮಾವೇಶ,World Investor Convention,ಗುರುಪಾದಪ್ಪ ನಾಗಮಾರಪಲ್ಲಿ,Guruparappa Nagamarapally
1102,23/07/2013,ಇಂಧನ,Fuel,ವಿದ್ಯುಚ್ಛಕ್ತಿ ಬಳಕೆದಾರರ ಆಕ್ರಮ ಪ್ರಕರಣಗಳು,Power consumers attack cases,ಹ್ಯಾರೀಸ್ ಎನ್. ಎ.,Harris N A
1103,23/07/2013,ನಗರಾಭಿವೃದ್ದಿ,Urban Development,ಬಿ.ಬಿ.ಎಂ.ಪಿ. ವ್ಯಾಪ್ತಿಯಲ್ಲಿ ನಿರ್ಮಿಸಿರುವ ಗಗನಚುಂಬಿ ಕಟ್ಟಡಗಳು ಮತ್ತು ಸುರಕ್ಷತಾ ಕ್ರಮಗಳು,BBMP Skyscrapers and safety measures built in range,ಹ್ಯಾರೀಸ್ ಎನ್. ಎ.,Harris N A
1104,23/07/2013,ನಗರಾಭಿವೃದ್ದಿ,Urban Development,ಕೆರೆಗಳ ಅಭಿವೃದ್ಧಿ,Development of lakes,ಹ್ಯಾರೀಸ್ ಎನ್. ಎ.,Harris N A
1105,23/07/2013,ಆರ್ಥಿಕ,Economy,ಬಿ.ಬಿ.ಎಂ.ಪಿ. ಯ ಒಟ್ಟು ಆದಾಯ ಮತ್ತು ಸಾಲದ ಪ್ರಮಾಣ,BBMP Total Income and Loan Amount,ಹ್ಯಾರೀಸ್ ಎನ್. ಎ.,Harris N A
1106,23/07/2013,ನಗರಾಭಿವೃದ್ದಿ,Urban Development,ರಾಜ್ಯದ ಕೈಗಾರಿಕಾ ನೀತಿಯ ಪ್ರಗತಿ,Progress of state industrial policy,ಹ್ಯಾರೀಸ್ ಎನ್. ಎ.,Harris N A
1107,23/07/2013,ನಗರಾಭಿವೃದ್ದಿ,Urban Development,ಭೂಸ್ವಾಧೀನ ಜಮೀನು,Land Acquisition,ಜಗದೀಶ್ ಕುಮಾರ್ ಆರ್.,Jagdish Kumar R 
1108,23/07/2013,ಇಂಧನ,Fuel,ಅಗತ್ಯವಿರುವ ವಿದ್ಯುತ್ ಉತ್ಪಾದನೆ,Required Power Production,ಜಗದೀಶ್ ಶೆಟ್ಟರ್,Jagadish Shettar
1109,23/07/2013,ನಗರಾಭಿವೃದ್ದಿ,Urban Development,ಕಸ ವಿಲೇವಾರಿಗೆ ಗುರುತಿಸಲಾದ ಡಂಪಿಂಗ್ ಯಾಡ್Fಗಳು,Dumping yd ft detected for garbage disposal,ಜಗದೀಶ್ ಶೆಟ್ಟರ್,Jagadish Shettar
1110,23/07/2013,ಆರ್ಥಿಕ,Economy,ನಕ್ಸಲ್ ಪೀಡಿತ ಪ್ರದೇಶದ ನೌಕರರಿಗೆ ವಿಶೇಷ ಭತ್ಯೆ,Special allowance for employees of Naxal affected area,ಜೀವರಾಜ್ ಡಿ.ಎನ್.,Jivaraj DN
1111,23/07/2013,ಗೃಹ,Home,ಅಗ್ನಿಶಾಮಕ ಠಾಣೆಯ ಮಂಜೂರಾತಿ,Approval of fire station,ಜೊಲ್ಲೆ ಶಿಶಿಕಲಾ ಅಣ್ಣಾಸಾಹೇಬ್,Joel Shishikala Annasaheb
1112,23/07/2013,ನಗರಾಭಿವೃದ್ದಿ,Urban Development,KIADB ವತಿಯಿಂದ ಜಮೀನು ಸ್ವಾಧೀನ,Land acquisition by KIADB,ಕೃಷ್ಣಾ ರೆಡ್ಡಿ ಎಂ,Krishna Reddy M 
1113,23/07/2013,ಪಶು ಸಂಗೋಪನೆ,Animal husbandry,ವೈದ್ಯಾಲಯವನ್ನು ಮಂಜೂರು ಮಾಡುವುದು,Sanctioning the sanctuary,ಕೃಷ್ಣಪ್ಪ ಎಂ.ಟಿ.,Krishnappa M T 
1114,23/07/2013,ನಗರಾಭಿವೃದ್ದಿ,Urban Development,ಹೊಸ ಬೆಂಗಳೂರು ನಿರ್ಮಾಣ,New Bangalore Construction,ಕೃಷ್ಣಪ್ಪ ಎಂ.ಟಿ.,Krishnappa M T 
1115,23/07/2013,ಇಂಧನ,Fuel,ವಿದ್ಯುತ್ ವಿತರಣಾ ಉಪಕೇಂದ್ರ ಸ್ಥಗಿತಗೊಂಡಿರುವುದು,The power distribution sub-station is suspended,ಕುಮಾರಸ್ವಾಮಿ ಹೆಚ್.ಕೆ.,Kumaraswamy HK
1116,23/07/2013,ಆಡಳಿತ ಸುಧಾರಣೆ,Governance reform,ಖಾಲಿ ಹುದ್ದೆಗಳ ಭರ್ತಿ,Fill in blank posts,ಕುಮಾರಸ್ವಾಮಿ ಹೆಚ್.ಕೆ.,Kumaraswamy HK
1117,23/07/2013,ಗೃಹ,Home,ಪೋಲಿಸ್ ಅಧಿಕಾರಿಗಳ ಮೆಸ್,Mess. Of Police Officers,ಮಲ್ಲಿಕಾರ್ಜುನ ಸಿದ್ದರಾಮಪ್ಪ ಖೂಬಾ,Mallikarjuna Siddarappa Khuba
1118,23/07/2013,ಗೃಹ,Home,ಲೋಕಾಯುಕ್ತ ಮತ್ತು ಸಿ.ಐ.ಡಿ. ತನಿಖಾ ಪ್ರಕರಣಗಳು,Lokayukta and CID Investigative cases,ಮಲ್ಲಿಕಾರ್ಜುನ ಸಿದ್ದರಾಮಪ್ಪ ಖೂಬಾ,Mallikarjuna Siddarappa Khuba
1119,23/07/2013,ಆರ್ಥಿಕ,Economy,ಕರ್ನಾಟಕ ರಾಜ್ಯ ಹಣಕಾಸು ಸಂಸ್ಥೆಯಿಂದ ಪಡೆದುಕೊಂಡಿರುವ ಸಾಲ,Debt from Karnataka State Financial Institution,ಮಲ್ಲಿಕಾರ್ಜುನ ಸಿದ್ದರಾಮಪ್ಪ ಖೂಬಾ,Mallikarjuna Siddarappa Khuba
1120,23/07/2013,ನಗರಾಭಿವೃದ್ದಿ,Urban Development,ಕೈಗಾರಿಕೆಗಳ ಸ್ಥಾಪನೆಗೆ ಮಂಜೂರು ಮಾಡಿರುವ ಭೂಮಿ,Land allotted to establish industries,ಮಲ್ಲಿಕಾರ್ಜುನ ಎಸ್.ಎಸ್.,Mallikarjuna SS
1121,23/07/2013,ನಗರಾಭಿವೃದ್ದಿ,Urban Development,ಕೆರೆ ಒತ್ತುವರಿ,Lake Enclosure,ಮುನಿರಾಜು ಎಸ್.,Muniraju S 
1122,23/07/2013,ನಗರಾಭಿವೃದ್ದಿ,Urban Development,ಕಾವೇರಿ ನೀರು ಸರಬರಾಜು,Cauvery Water Supply,ಮುನಿರಾಜು ಎಸ್.,Muniraju S 
1123,23/07/2013,ನಗರಾಭಿವೃದ್ದಿ,Urban Development,ಅನಧೀಕೃತವಾಗಿ ನೀರನ್ನು ಮಾರಾಟ ಮಾಡುವುದು,Unauthorized water sales,ಮುನಿರತ್ನಂ,Munirathnam
1124,23/07/2013,ನಗರಾಭಿವೃದ್ದಿ,Urban Development,“ಬಿ” ಖಾತೆ ನೀಡಿರುವ ಪ್ರಕರಣಗಳು,"Cases of ""B"" account",ಮುನಿರತ್ನಂ,Munirathnam
1125,23/07/2013,ನಗರಾಭಿವೃದ್ದಿ,Urban Development,ಕಲ್ಯಾಣ ಮಂಟಪಗಳು,Welfare halls,ಮುನಿರತ್ನಂ,Munirathnam
1126,23/07/2013,ರೇಷ್ಮೆ,Silk,ರೇಷ್ಮೆ ಇಲಾಖೆಯ ಯೋಜನೆಗಳು,Silk Department Plans,ನಾಗೇಂದ್ರ ಬಿ.,Nagendra B 
1127,23/07/2013,ಪಶು ಸಂಗೋಪನೆ,Animal husbandry,ಪಶು ಚಿಕಿತ್ಸಾ ಆಸ್ಪತ್ರೆಗಳನ್ನು ಮೇಲ್ದರ್ಜೆಗೇರಿಸುವುದು,Upgrading Veterinary Clinic Hospitals,ನಾಗೇಂದ್ರ ಬಿ.,Nagendra B 
1128,23/07/2013,ಪಶು ಸಂಗೋಪನೆ,Animal husbandry,ಪಶುಚಿಕಿತ್ಸೆಗಳಲ್ಲಿರುವ ಖಾಲಿ ಹುದ್ದೆಗಳು,Empty vacancies in veterinary treatments,ನಾಗೇಂದ್ರ ಬಿ.,Nagendra B 
1129,23/07/2013,ಗೃಹ,Home,ಪೋಲಿಸ್ ಠಾಣೆಗಳಿಗೆ ಹೊಸ ಕಟ್ಟಡ ನಿರ್ಮಾಣ,Building a new building for police stations,ನಾಗೇಂದ್ರ ಬಿ.,Nagendra B 
1130,23/07/2013,ಇಂಧನ,Fuel,ವಿದ್ಯುತ್ ಉಪಕೇಂದ್ರಗಳ ಮಂಜೂರಾತಿ,Allocation of power subcategories,ನಾಗೇಂದ್ರ ಬಿ.,Nagendra B 
1131,23/07/2013,ಇಂಧನ,Fuel,ಜಲವಿದ್ಯುತ್ ಉತ್ಪಾದನಾ ಕೇಂದ್ರಗಳ,Hydroelectric Production Centers,ನರೇಂದ್ರ ಸ್ವಾಮಿ ಪಿ.ಎಂ.,Narendra Swami PM
1132,23/07/2013,ಇಂದನ,From now on,ಟ್ರಾನ್ಸ್ ಫಾರ್ಮರ್ ಗಳ ದುರಸ್ತಿ,Repair of transmers,ನರೇಂದ್ರ ಸ್ವಾಮಿ ಪಿ.ಎಂ.,Narendra Swami PM
1133,23/07/2013,ಪಶು ಸಂಗೋಪನೆ,Animal husbandry,ಬಂಡೂರು ತಳಿ ಕುರಿ ಅಭಿವೃದ್ದಿ ಕೇಂದ್ರ,Bred Breed Sheep Development Center,ನರೇಂದ್ರ ಸ್ವಾಮಿ ಪಿ.ಎಂ.,Narendra Swami PM
1134,23/07/2013,ಇಂಧನ,Fuel,ಖಾಲಿಯಿರುವ ಇಂಜನಿಯರ್ ಗಳು ಹುದ್ದೆಗಳು,Vacant engineers are posts,ಪಾಟೀಲ್ ಬಿ.ಆರ್.,Patil BR
1135,23/07/2013,ಆರ್ಥಿಕ,Economy,ಬಂಡವಾಳ ಹೂಡಿಕೆ ಸಮಾವೇಶದ ವಿವರಗಳು,Details of Investment Conference,ಪ್ರಕಾಶ್ ಹೆಚ್.ಎಸ್.,Prakash HS
1136,23/07/2013,ನಗರಾಭಿವೃದ್ದಿ,Urban Development,ಕೆ.ಐ.ಎ.ಡಿ.ಬಿ.ರವರು ವಶಪಡಿಸಿಕೊಂಡಿರುವ ಜಮೀನು,Land acquired by KIADB,ಪ್ರಕಾಶ್ ಹೆಚ್.ಎಸ್.,Prakash HS
1137,23/07/2013,ಗೃಹ,Home,ಪೋಲಿಸ್ ಕ್ರೀಡಾಕೂಟಗಳಿಗೆ ಅನುದಾನ,Grant to Police Games,ಪ್ರಮೋದ್ ಮಧ್ವರಾಜ್,Pramod Madhwaraj
1138,23/07/2013,ಇಂಧನ,Fuel,ಹೊಸದಾಗಿ 33 ಕೆ.ವಿ. ಸ್ಷೇಷನ್ ನಿರ್ಮಾಣ,Newly 33 kv Session build,ಪ್ರತಾಪಗೌಡ ಪಾಟೀಲ್,Pratap Gowda Patil
1139,23/07/2013,ಇಂಧನ,Fuel,110 ಕೆ.ವಿ. ಸ್ಷೇಷನ್ ನಿರ್ಮಾಣ,110 KV Session build,ಪ್ರತಾಪಗೌಡ ಪಾಟೀಲ್,Pratap Gowda Patil
1140,23/07/2013,ಇಂಧನ,Fuel,ಟ್ರಾನ್ಸ್ ಫಾರ್ಮರ್ ಗಳ ಕೊರತೆ,Lack of transmers,ಪ್ರತಾಪಗೌಡ ಪಾಟೀಲ್,Pratap Gowda Patil
1141,23/07/2013,ಗಣಿ ಮತ್ತು ಭೂವಿಜ್ಞಾನ,Mine and geology,ಅನಧೀಕೃತವಾಗಿ ಗಣಿಗಾರಿಕೆ ನಡೆಸುತ್ತಿರುವುದು,Unauthorized mining,ಪುಟ್ಟಣ್ಣಯ್ಯ ಕೆ.ಎಸ್.,Puttannaiah K S 
1142,23/07/2013,ಆಡಳಿತ ಸುಧಾರಣೆ,Governance reform,ತಾಲ್ಲೂಕು ಮತ್ತು ಜಿಲ್ಲಾ ಕೇಂದ್ರಗಳಲ್ಲಿ ಯುವಕರಿಗೆ ಉದ್ಯೋಗ,Employment for young people at Taluk and District Centers,ಪುಟ್ಟಣ್ಣಯ್ಯ ಕೆ.ಎಸ್.,Puttannaiah K S 
1143,23/07/2013,ಕಾನೂನು ಮತ್ತು ಸಂಸದೀಯ ವ್ಯವಹಾರ,Law and Parliamentary Affairs,ಗ್ರಾಮ ನ್ಯಾಯಾಲಯ ಮಾಡುವುದು,To do the village court,ಪುಟ್ಟಣ್ಣಯ್ಯ ಕೆ.ಎಸ್.,Puttannaiah K S 
1144,23/07/2013,ಗೃಹ,Home,ಅಗ್ನಿಶಾಮಕ ಠಾಣೆಗಳನ್ನು ತೆರೆಯುವುದು,Open fire stations,ರಾಜಣ್ಣ ಎಂ,Rajanna M 
1145,23/07/2013,ರೇಷ್ಮೆ,Silk,ರೇಷ್ಮೆ ಕೈಗಾರಿಕೆಗಳನ್ನು ಸ್ಥಾಪಿಸುವುದು,Establish silk industries,ರಾಜಣ್ಣ ಎಂ,Rajanna M 
1146,23/07/2013,ಇಂಧನ,Fuel,ಹಳೆಯ ವಿದ್ಯುತ್ ತಂತಿಗಳನ್ನು ಒದಲಾಯಿಸುವುದು,Extraction of old power strings,ರಾಜೀವ್ ಪಿ.,Rajiv P 
1147,23/07/2013,ಗೃಹ,Home,ಜನ ಸ್ನೇಹಿ ಪೋಲಿಸ್ ವ್ಯವಸ್ಥೆ,People friendly police system,ರಾಜೀವ್ ಪಿ.,Rajiv P 
1148,23/07/2013,ನಗರಾಭಿವೃದ್ದಿ,Urban Development,ಕೈಗಾರಿಕಾ ವಲಯ ನಿರ್ಮಾಣಕ್ಕೆ ಭೂಮಿ ವಶಪಡಿಸಿಕೊಂಡಿರುವುದು,Land Acquisition for Industrial Zone,ರವಿ ಸಿ.ಟಿ.,Ravi CT
1149,23/07/2013,ನಗರಾಭಿವೃದ್ದಿ,Urban Development,ಪಾಲಿಕೆ ಆರೋಗ್ಯ ಕೇಂದ್ರಗಳಲ್ಲಿ ವೈದ್ಯರ ಕೊರತೆ,Lack of doctors at sterilization centers,ರವಿಸುಬ್ರಹ್ಮಣ್ಯ ಎಲ್.ಎ.,Ravi Brahmanya L A 
1150,23/07/2013,ನಗರಾಭಿವೃದ್ದಿ,Urban Development,ಮೂಲಭೂತ ಸೌಕರ್ಯ ಕುರಿತು,About infrastructure,ರೇವಣ್ಣ ಹೆಚ್.ಡಿ.,Revanna HD
1151,23/07/2013,ಇಂಧನ,Fuel,ವಿದ್ಯುತ್ ಕಂಪನಿಗಳು ನಷ್ಟದಲ್ಲಿರುವುದು,Electric companies are at a loss,ರೇವಣ್ಣ ಹೆಚ್.ಡಿ.,Revanna HD
1152,23/07/2013,ಗೃಹ,Home,ಹೋಂಗಾಡ್ರ್ ನೌಕರರನ್ನು ಖಾಯಂಗೊಳಿಸುವುದು,Employees of Hong Kong Employees,ರೇವಣ್ಣ ಹೆಚ್.ಡಿ.,Revanna HD
1153,23/07/2013,ಆಡಳಿತ ಸುಧಾರಣೆ,Governance reform,ಬೆಳಗಾವಿ ಸುವರ್ಣ ವಿಧಾನ ಸೌಧ,Belgaum Suvarna Method Soudha,ಸಂಜಯ ಬಿ. ಪಾಟೀಲ್,Sanjaya B  Patil
1154,23/07/2013,ಪಶು ಸಂಗೋಪನೆ,Animal husbandry,ಖಾಲಿ ಹುದ್ದೆಗಳ ಭರ್ತಿ,Fill in blank posts,ಶಿವಲಿಂಗೇಗೌಡ ಕೆ.ಎಂ.,Shivalinge Gowda KM
1155,23/07/2013,ಇಂಧನ,Fuel,MUSS ಕೇಂದ್ರ ಸ್ಥಾಪಿಸುವುದು,Establishment of MUSS Center,ಶಿವಲಿಂಗೇಗೌಡ ಕೆ.ಎಂ.,Shivalinge Gowda KM
1156,23/07/2013,ಗಣಿ ಮತ್ತು ಭೂವಿಜ್ಞಾನ,Mine and geology,ಆಕ್ರಮ ಮರಳು ದಂಧೆ,Occupation sand dump,ಸುಧಾಕರ ಲಾಲ್ ಪಿ.ಆರ್.,Sudhakar Lal PR
1157,23/07/2013,ಗೃಹ,Home,ಪೋಲಿಸ್ ವಸತಿ ಗೃಹಗಳು ನಿರ್ಮಾಣ,Police Residential Buildings,ಸುಧಾಕರ ಲಾಲ್ ಪಿ.ಆರ್.,Sudhakar Lal PR
1158,23/07/2013,ಇಂಧನ,Fuel,ವಿದ್ಯುತ್ ಸಂಪರ್ಕವಿಲ್ಲದೆ ತೊಂದರೆಯಾಗಿರುವುದು,Bother without electricity connection,ಸುಧಾಕರ ಲಾಲ್ ಪಿ.ಆರ್.,Sudhakar Lal PR
1159,23/07/2013,ಇಂಧನ,Fuel,ಪರಿವರ್ತಕಗಳು ಸುಟ್ಟುಹೋಗಿರುವ ಬಗ್ಗೆ,Converters are burned,ಸುಧಾಕರ ಲಾಲ್ ಪಿ.ಆರ್.,Sudhakar Lal PR
1160,23/07/2013,ಕಾನೂನು ಮತ್ತು ಸಂಸದೀಯ ವ್ಯವಹಾರ,Law and Parliamentary Affairs,ಗೋಹತ್ಯೆ ನಿಷೇಧ ಕಾನೂನು ಜಾರಿ,The carnage ban is law enforcement,ಸುನೀಲ್ ಕುಮಾರ್ ವಿ.,Sunil Kumar V 
1161,23/07/2013,ಗೃಹ,Home,ಅತ್ಯಾಚಾರ ಪ್ರಕರಣಗಳು,Rape cases,ಸುನೀಲ್ ಕುಮಾರ್ ವಿ.,Sunil Kumar V 
1162,23/07/2013,ಗೃಹ,Home,ಯುವತಿಯರ ನಾಪತ್ತೆ ಪ್ರಕರಣಗಳು,The missing cases of young girls,ಸುನೀಲ್ ಕುಮಾರ್ ವಿ.,Sunil Kumar V 
1163,23/07/2013,ಗೃಹ,Home,ನಕ್ಸಲ್ ಪೀಡಿತ ಗ್ರಾಮಗಳ ಅಭಿವೃದ್ದಿ,Development of Naxal affected villages,ಸುನೀಲ್ ಕುಮಾರ್ ವಿ.,Sunil Kumar V 
1164,23/07/2013,ಇಂಧನ,Fuel,ವಾರಾಹಿ ವಿದ್ಯುತ್ ಯೋಜನೆ,Varahi Electricity Project,ಸುನೀಲ್ ಕುಮಾರ್ ವಿ.,Sunil Kumar V 
1165,23/07/2013,ಇಂಧನ,Fuel,ವಿದ್ಯುತ್ ಉಪಸ್ಥಾವನಗಳನ್ನು ತೆರೆಯುವುದು,Opening power supplies,ಸುರೇಶ್ ಬಾಬು ಸಿ.ಬಿ.,Suresh Babu CB
1166,23/07/2013,ಇಂಧನ,Fuel,ವಿದ್ಯುತ್ ಪರಿವರ್ತಕಗಳ ರಿಪೇರಿ ಕೇಂದ್ರ ತೆರೆಯುವುದು,Opening the Center for Repair of Electric Transformers,ಸುರೇಶ್ ಬಾಬು ಸಿ.ಬಿ.,Suresh Babu CB
1167,23/07/2013,ಗೃಹ,Home,ಪೋಲಿಸ್ ಆಧುನೀಕರಣದ ಖರೀದಿ,Purchase of Police Modernization,ಸುರೇಶ್ ಬಾಬು ಸಿ.ಬಿ.,Suresh Babu CB
1168,23/07/2013,ನಗರಾಭಿವೃದ್ದಿ,Urban Development,ಫ್ಲಾಟ್ ಗಳ ಹಂಚಿಕೆ,Sharing of flats,ಸುರೇಶ್ ಕುಮಾರ್ ಎಸ್.,Suresh Kumar S
1169,23/07/2013,ನಗರಾಭಿವೃದ್ದಿ,Urban Development,ಒತ್ತುವರಿಯಾಗಿರುವ ಕಾಲುವೆಗಳು,Canals that are pressurized,ಸುರೇಶ್ ಕುಮಾರ್ ಎಸ್.,Suresh Kumar S
1170,23/07/2013,ನಗರಾಭಿವೃದ್ದಿ,Urban Development,ಪಾವಗಡ ಪಟ್ಟಣಕ್ಕೆ ಕುಡಿಯುವ ನೀರಿನ ಯೋಜನೆ,Drinking water project for Pavagada town,ತಿಮ್ಮರಾಯಪ್ಪ ಕೆ.ಎಂ.,Thimarayayappa KM
1171,23/07/2013,ನಗರಾಭಿವೃದ್ದಿ,Urban Development,ಒಳಚರಂಡಿ ವ್ಯವಸ್ಥೆ ಉತ್ತುಮಪಡಿಸುವುದು,Uprooting the drainage system,ತಿಪ್ಪಾರೆಡ್ಡಿ ಜಿ.ಎಚ್.,Thippareddy GH
1172,23/07/2013,ಆಡಳಿತ ಸುಧಾರಣೆ,Governance reform,ವಿಧಾನಸಭಾ ಚುನಾವಣಾ ಖರ್ಚಿನ ವಿವರ,Detail of Assembly Election Expenses,ವಸಂತ ಬಂಗೇರ ಕೆ.,Vasanth Bangera K 
1173,23/07/2013,ನಗರಾಭಿವೃದ್ದಿ,Urban Development,ಅಂತರಾಷ್ಟ್ರೀಯ ಕನ್ವೆಂಷನ್ ಹಾಲ್,International Convention Hall,ವಿಶ್ವನಾಥ್ ಎಸ್. ಆರ್.,Vishwanath S  R 
1174,23/07/2013,ನಗರಾಭಿವೃದ್ದಿ,Urban Development,ಶ್ರೀ ಶಿವರಾಮ ಕಾರಂತ ಬಡಾವಣೆಯ ನಿರ್ಮಾಣ,Construction of Sri Shivaram Karanth Layout,ವಿಶ್ವನಾಥ್ ಎಸ್. ಆರ್.,Vishwanath S  R 
1175,23/07/2013,ಇಂಧನ,Fuel,ವಿದ್ಯುತ್ ಉತ್ಪಾದನೆಯ ಯೋಜನೆಗಳು,Power generation projects,ವಿಶ್ವೇಶ್ವರ ಹೆಗಡೆ ಕಾಗೇರಿ,Vishweshwara Hegde Kageri
1176,23/07/2013,ಗೃಹ,Home,ವಿಧಾನಸೌಧಕ್ಕೆ ಸಾರ್ವಜನಿಕರ ಪ್ರವೇಶಾತಿ ನಿಯಮ ಸಡಲೀಕರಿಸುವುದು,Empowerment of Public Access to the Legislative Assembly,ಯಶವಂತರಾಯ ವಿಠ್ಠಲಗೌಡ ಪಾಟೀಲ್,Yashavaraya Vitthal Gowda Patil
1177,23/07/2013,ಆರ್ಥಿಕ,Economy,ವಿದರ್ಭ ಮಾದರಿಯ ವಿಶೇಷ ಪ್ಯಾಕೇಜ್ ನೀಡುವುದು,A special package of Vidarbha model,ಯಶವಂತರಾಯ ವಿಠ್ಠಲಗೌಡ ಪಾಟೀಲ್,Yashavaraya Vitthal Gowda Patil
1178,18/07/2013,ಆಹಾರ ಮತ್ತು ನಾಗರೀಕ ಸರಬರಾಜು,Food and Civil Supplies,ಪಡಿತರ ಚೀಟಿ ವಿತರಣೆಯ ಲೋಪದೋಷಗಳು,Disadvantages of distribution of ration cards,ಸುನೀಲ್ ಕುಮಾರ್ ವಿ.,Sunil Kumar V 
1179,18/07/2013,ಆರೋಗ್ಯ ಮತ್ತು ಕುಟುಂಬ ಕಲ್ಯಾಣ,Health and family welfare,ಸರ್ಕಾರಿ ಅಸ್ಪತ್ರೆಗಳಲ್ಲಿ ಡಯಾಗ್ನೋಸ್ಟಿಕ್ ಸೆಂಟರ್,Diagnostic Center in Government Hospitals,ಸುಧಾಕರ ಲಾಲ್ ಪಿ.ಆರ್.,Sudhakar Lal PR
1180,18/07/2013,ಆರೋಗ್ಯ ಮತ್ತು ಕುಟುಂಬ ಕಲ್ಯಾಣ,Health and family welfare,ಆಸ್ಪತ್ರೆ ಮಂಜೂರಾತಿ,Hospital sanction,ಕೃಷ್ಣಪ್ಪ ಎಂ.ಟಿ.,Krishnappa M T 
1181,18/07/2013,ಸಮಾಜ ಕಲ್ಯಾಣ,Social Welfare,3 ನಿಗಮಗಳಿಂದ ವಿವಿಧ ಯೋಜನೆಗಳಡಿ ಕೊರೆಸಿರುವ ಕೊಳವೆ ಬಾವಿಗಳು,Pipelines well drilled under various schemes by 3 corporations,ಪಿಳ್ಳ ಮುನಿಶಾಮಪ್ಪ,Pillai Munisamappa
1182,18/07/2013,ಆರೋಗ್ಯ ಮತ್ತು ಕುಟುಂಬ ಕಲ್ಯಾಣ,Health and family welfare,"ಸಿ.ಟಿ. ಸ್ಕ್ಯಾನ್ , ಎಂ.ಆರ್.ಐ. ಸೌಲಭ್ಯಗಳ ಲಭ್ಯತೆ","CT Scan, mr.i. Availability of facilities",ರವಿಸುಬ್ರಹ್ಮಣ್ಯ ಎಲ್.ಎ.,Ravi Brahmanya L A 
1183,18/07/2013,ಆರೋಗ್ಯ ಮತ್ತು ಕುಟುಂಬ ಕಲ್ಯಾಣ,Health and family welfare,ಎ.ಎನ್.ಎಂ.ಗಳ ವಸತಿ ಗೃಹಗಳು,Real Estate for ANMs,ಬಾಲಕೃಷ್ಣ ಹೆಚ್.ಸಿ.,Balakrishna H C 
1184,18/07/2013,ಆಹಾರ ಮತ್ತು ನಾಗರೀಕ ಸರಬರಾಜು,Food and Civil Supplies,ಬಿ.ಪಿ.ಎಲ್. ಪಡಿತರ ಚೀಟಿ,BPL Ration card,ರಾಜಣ್ಣ ಎಂ,Rajanna M 
1185,18/07/2013,ಸಮಾಜ ಕಲ್ಯಾಣ,Social Welfare,ವಿದ್ಯಾರ್ಥಿಗಳಿಗೆ ಅನುದಾನ ಹೆಚ್ಚಿಸುವುದು,Increasing funds for students,ಬಣಕಾರ್ ಯು.ಬಿ.,Banakar UB
1186,18/07/2013,ವಿಜ್ಞಾನ ಮತ್ತು ತಂತ್ರಜ್ಞಾನ,Science and Technology,ಐ.ಟಿ.ಐ.ಆರ್. ಯೋಜನೆ,ITIR Plan,ಜಗದೀಶ್ ಕುಮಾರ್ ಆರ್.,Jagdish Kumar R 
1187,18/07/2013,ಆಹಾರ ಮತ್ತು ನಾಗರೀಕ ಸರಬರಾಜು,Food and Civil Supplies,ಪಡಿತರ ಚೀಟಿ,Ration card,ವಿಶ್ವೇಶ್ವರ ಹೆಗಡೆ ಕಾಗೇರಿ,Vishweshwara Hegde Kageri
1188,18/07/2013,ಸಮಾಜ ಕಲ್ಯಾಣ,Social Welfare,ರಾಜ್ಯದಲ್ಲಿ ವಿಶ್ವಕರ್ಮ ಅಭಿವೃದ್ಧಿ ನಿಗಮ ಸ್ಥಾಪನೆ,Establishing Vishwakarma Development Corporation in the State,ಶಿವಾನಂದ ಎಸ್. ಪಾಟೀಲ,Sivananda S  Patil
1189,18/07/2013,ವೈದ್ಯಕೀಯ ಶಿಕ್ಷಣ,Medical education,VIMS ಆಸ್ಪತ್ರೆಯಲ್ಲಿ ಉಚಿತ ಔಷಧಿಗಳು ಲಭ್ಯವಿಲ್ಲದಿರುವುದು,Free drugs are not available at VIMS hospital,ಅನಿಲ್ ಲಾಡ್,Anil Lad
1190,18/07/2013,ಆರೋಗ್ಯ ಮತ್ತು ಕುಟುಂಬ ಕಲ್ಯಾಣ,Health and family welfare,ಬೈಂದೂರು ಸಮುದಾಯ ಆಸ್ಪತ್ರೆಯಲ್ಲಿ ಖಾಲಿ ಹುದ್ದೆಗಳು,Vacancies in the Byndoor Community Hospital,ಗೋಪಾಲ ಪೂಜಾರಿ ಕೆ.,Gopal Poojary K 
1191,18/07/2013,ವೈದ್ಯಕೀಯ ಶಿಕ್ಷಣ,Medical education,ಮೆಡಿಕಲ್ ಕಾಲೇಜ್ ಸ್ಥಾಪನೆ,Establishment of Medical College,ಕೋಳಿವಾಡ ಕೆ.ಬಿ.,Kolivada kb
1192,18/07/2013,ಆಹಾರ ಮತ್ತು ನಾಗರೀಕ ಸರಬರಾಜು,Food and Civil Supplies,ಪಡಿತರ ಚೀಟಿ ವಿತರಣೆ ಹಾಗು ನಿರ್ವಹಣೆಯ ಸಮಸ್ಯೆಗಳು,Issues of Ration Card Distribution and Management,ಸತೀಶ್ ರೆಡ್ಡಿ ಎಂ.,Satish Reddy M 
1193,18/07/2013,ಸಮಾಜ ಕಲ್ಯಾಣ,Social Welfare,ವಿದ್ಯಾರ್ಥಿ ನಿಲಯಗಳಲ್ಲಿ ಮೂಲಭೂತ ಸೌಕರ್ಯ,Infrastructure in Student Residences,ಅಪ್ಪಾಜಿ ಚನ್ನಬಸವರಾಜ್ ಶಂಕರರಾವ್ ನಾಡಗೌಡ,Appaji Chanabasavaraj Shankarrao Nadgowda
1194,18/07/2013,ಸಾರಿಗೆ,Transport,ಬಸ್ ನಿಲ್ದಾಣದ ಕಾಮಗಾರಿ,Bus station work,ಅಪ್ಪಾಜಿ ಚನ್ನಬಸವರಾಜ್ ಶಂಕರರಾವ್ ನಾಡಗೌಡ,Appaji Chanabasavaraj Shankarrao Nadgowda
1195,18/07/2013,ಆರೋಗ್ಯ ಮತ್ತು ಕುಟುಂಬ ಕಲ್ಯಾಣ,Health and family welfare,ಆಸ್ಪತ್ರೆ ಮತ್ತು ಪ್ರಾಥಮಿಕ ಆರೋಗ್ಯ ಕೇಂದ್ರಗಳಿಗೆ ಕಟ್ಟಡಗಳ ಕೊರತೆ,Lack of buildings for hospital and primary health centers,ಬಾಲಕೃಷ್ಣ ಹೆಚ್.ಸಿ.,Balakrishna H C 
1196,18/07/2013,ಸಮಾಜ ಕಲ್ಯಾಣ,Social Welfare,ಹೊಸ ವಸತಿ ಶಾಲೆಗಳನ್ನು ಪ್ರಾರಂಭಿಸುವುದು,Launching new residential schools,ಬಣಕಾರ್ ಯು.ಬಿ.,Banakar UB
1197,18/07/2013,ಆರೋಗ್ಯ ಮತ್ತು ಕುಟುಂಬ ಕಲ್ಯಾಣ,Health and family welfare,ಆಸ್ಪತ್ರೆಗಳಲ್ಲಿ ವೈದ್ಯರ ಹುದ್ದೆ ಖಾಲಿ,Doctors vacancy in hospitals is empty,ಬಣಕಾರ್ ಯು.ಬಿ.,Banakar UB
1198,18/07/2013,ಆಹಾರ ಮತ್ತು ನಾಗರೀಕ ಸರಬರಾಜು,Food and Civil Supplies,ಬಿ.ಪಿ.ಎಲ್. ಕಾರ್ಡುಗಳಿಗೆ ಆಹಾರ ವಿತರಣೆ,BPL Food delivery to the cards,ಬಸವರಾಜ ರಾಯರೆಡ್ಡಿ,Basavaraja Royareddy
1199,18/07/2013,ಆರೋಗ್ಯ ಮತ್ತು ಕುಟುಂಬ ಕಲ್ಯಾಣ,Health and family welfare,ರಾಯಚೂರು ನಗರದ ಒಪೆಕ್ ಆಸ್ಪತ್ರೆಯನ್ನು ಪುನಃ ಪ್ರಾರಂಭಿಸುವುದು,Opec Hospital in Raichur city will begin again,ಶಿವರಾಜ ಪಾಟೀಲ್ ಎಸ್.,Shivaraj Patil S 
1200,18/07/2013,ವೈದ್ಯಕೀಯ ಶಿಕ್ಷಣ,Medical education,ಬೀದರ್ ಮೆಡಿಕಲ್ ಕಾಲೇಜಿನ ಆಕ್ರಮಗಳು,Attacks of Bidar Medical College,ಈಶ್ವರ್ ಭೀಮಣ್ಣ ಖಂಡ್ರೆ,Ishwar Bhimanna Khandre
1201,18/07/2013,ಯೋಜನೆ ಮತ್ತು ಸಾಂಖ್ಯಿಕ,Plan and Numerical,ನಂಜುಡಪ್ಪ ಸಮಿತಿ ವರದಿಯ ಷನುಷ್ಠಾನಕ್ಕೆ ಮಾಡಿರುವ ವೆಚ್ಚ,The cost of sanctioning the Nanjudappa committee report,ಈಶ್ವರ್ ಭೀಮಣ್ಣ ಖಂಡ್ರೆ,Ishwar Bhimanna Khandre
1202,18/07/2013,ವಿಜ್ಞಾನ ಮತ್ತು ತಂತ್ರಜ್ಞಾನ,Science and Technology,ಮಾಹಿತಿ ತಂತ್ರಜ್ಞಾನ ಸಂಸ್ಥೆಗಳಿಗೆ ಸರ್ಕಾರ ನೀಡುತ್ತಿರುವ ಸವಲತ್ತುಗಳು,The Government's benefits to Information Technology Institutions,ಈಶ್ವರ್ ಭೀಮಣ್ಣ ಖಂಡ್ರೆ,Ishwar Bhimanna Khandre
1203,18/07/2013,ಸಮಾಜ ಕಲ್ಯಾಣ,Social Welfare,ಸಮಾಜ ಕಲ್ಯಾಣ ಇಲಾಖೆಯ ಯೋಜನೆಗಳು,Social Welfare Department's Plans,ಈಶ್ವರ್ ಭೀಮಣ್ಣ ಖಂಡ್ರೆ,Ishwar Bhimanna Khandre
1204,18/07/2013,ಆಹಾರ ಮತ್ತು ನಾಗರೀಕ ಸರಬರಾಜು,Food and Civil Supplies,ಗ್ರಾಹಕರಿಗೆ ಸಿಲಿಂಡರ್ ಗಳು ಸಿಗದೇ ಇರುವುದು,Customers will not get cylinders,ಈಶ್ವರ್ ಭೀಮಣ್ಣ ಖಂಡ್ರೆ,Ishwar Bhimanna Khandre
1205,18/07/2013,ಸಮಾಜ ಕಲ್ಯಾಣ,Social Welfare,ಮೊರಾರ್ಜಿ ವಸತಿ ಶಾಲೆಯ ಕಾಮಗಾರಿ,Morarji Housing School Works,ಗೋಪಾಲ ಪೂಜಾರಿ ಕೆ.,Gopal Poojary K 
1206,18/07/2013,ಆರೋಗ್ಯ ಮತ್ತು ಕುಟುಂಬ ಕಲ್ಯಾಣ,Health and family welfare,ಸಿದ್ದಾಪುರ ಪ್ರಾಥಮಿಕ ಆರೋಗ್ಯ ಕೇಂದ್ರವನ್ನು ಮೇಲ್ದರ್ಜೆಗೇರಿಸುವುದು,Upgrading Siddapura Primary Health Center,ಗೋಪಾಲ ಪೂಜಾರಿ ಕೆ.,Gopal Poojary K 
1207,18/07/2013,ಸಮಾಜ ಕಲ್ಯಾಣ,Social Welfare,ಬೈಂದೂರು ಮೆಟ್ರಿಕ್ ಪೂರ್ವ ವಸತಿ ಶಾಲೆ ತೆರೆಯುವುದು,Byndoor Metric East Housing School is open,ಗೋಪಾಲ ಪೂಜಾರಿ ಕೆ.,Gopal Poojary K 
1208,18/07/2013,ಸಾರಿಗೆ,Transport,ರಾಜ್ಯ ರಸ್ತೆ ಸಾರಿಗೆ ಬಸ್ ದರ,State Road Transport Bus Rate,ಗೋಪಾಲಯ್ಯ ಕೆ.,Gopalaiah K 
1209,18/07/2013,ಆಹಾರ ಮತ್ತು ನಾಗರೀಕ ಸರಬರಾಜು,Food and Civil Supplies,ರಾಜ್ಯದಲ್ಲಿ ಬಿ.ಪಿ.ಎಲ್. ಕಾರ್ಡುದಾರರಿಗೆ 1 ರೂಪಾಯಿಗೆ 1 ಕೆ.ಜಿ. ಅಕ್ಕಿ ಯೋಜನೆ,BPL in the state 1 Kg per 1 rupee for card holders Rice plan,ಗೋಪಾಲಯ್ಯ ಕೆ.,Gopalaiah K 
1210,18/07/2013,ಆರೋಗ್ಯ ಮತ್ತು ಕುಟುಂಬ ಕಲ್ಯಾಣ,Health and family welfare,ಬೆಂಗಳೂರು ನಗರದಲ್ಲಿ ಡೆಂಗ್ಯೂ ಜ್ವರದಿಂದ ಸಾವನ್ನಪ್ಪಿದವರು,Dengue fever killed in Bangalore city,ಗೋಪಾಲಯ್ಯ ಕೆ.,Gopalaiah K 
1211,18/07/2013,ಆಹಾರ ಮತ್ತು ನಾಗರೀಕ ಸರಬರಾಜು,Food and Civil Supplies,ಛತ್ತೀಸ್ ಗಡದಿಂದ ಅಕ್ಕಿ ಖರೀದಿ,Buy rice from Chhattisgarh,ಗೋಪಾಲಯ್ಯ ಕೆ.,Gopalaiah K 
1212,18/07/2013,ಸಾರಿಗೆ,Transport,ಈಶಾನ್ಯ ಕರ್ನಾಟಕ ಸಾರಿಗೆ ಸಂಸ್ಥೆ,Northeast Karnataka Transport Agency,ಗುರುಪಾದಪ್ಪ ನಾಗಮಾರಪಲ್ಲಿ,Guruparappa Nagamarapally
1213,18/07/2013,ಸಾರಿಗೆ,Transport,ವೋಲ್ವೋ ಬಸ್ ಸೇವೆ ಪ್ರಾರಂ ಭಿಸುವುದು,Volvo bus service will be launched,ಗುರುಪಾದಪ್ಪ ನಾಗಮಾರಪಲ್ಲಿ,Guruparappa Nagamarapally
1214,18/07/2013,ಆರೋಗ್ಯ ಮತ್ತು ಕುಟುಂಬ ಕಲ್ಯಾಣ,Health and family welfare,ಜಿಲ್ಲಾ ಆಸ್ಪತ್ರೆಯಲ್ಲಿ ವೈದ್ಯರ ಕೊರತೆ,Lack of doctors at district hospital,ಗುರುಪಾದಪ್ಪ ನಾಗಮಾರಪಲ್ಲಿ,Guruparappa Nagamarapally
1215,18/07/2013,ಸಮಾಜ ಕಲ್ಯಾಣ,Social Welfare,ಹಾಸ್ಟೆಲ್ ಗಳಲ್ಲಿ ಮೂಲಭೂತ ಸೌಲಭ್ಯದ ಕೊರತೆ,The lack of basic facilities in hostels,ಗುರುಪಾದಪ್ಪ ನಾಗಮಾರಪಲ್ಲಿ,Guruparappa Nagamarapally
1216,18/07/2013,ಆಹಾರ ಮತ್ತು ನಾಗರೀಕ ಸರಬರಾಜು,Food and Civil Supplies,ಬಿ.ಪಿ.ಎಲ್. ಮತ್ತು ಎ.ಪಿ.ಎಲ್. ಕಾರ್ಡುದಾರರಿಗೆ ಅಕ್ಕಿ ವಿತರಣೆ,BPL And APL. Distribution of rice to cardholders,ಗುರುಪಾದಪ್ಪ ನಾಗಮಾರಪಲ್ಲಿ,Guruparappa Nagamarapally
1217,18/07/2013,ಸಮಾಜ ಕಲ್ಯಾಣ,Social Welfare,ಹಿಂದುಳಿದ ವರ್ಗಗಳ ಪಟ್ಟಿಗಳ ಹೊಸದಾಗಿ ಜಾತಿಗಳ ಸೇರ್ಪಡೆ,Newly added species of backward classes lists,ಹ್ಯಾರಿಸ್ ಎನ್.ಎ.,Harris NA
1218,18/07/2013,ಆರೋಗ್ಯ ಮತ್ತು ಕುಟುಂಬ ಕಲ್ಯಾಣ,Health and family welfare,ಸಾರ್ವಜನಿಕ ಆರೋಗ್ಯ ಸೇವಾ ಸುಧಾರಣೆಗಳು,Public Health Service Reforms,ಹ್ಯಾರಿಸ್ ಎನ್.ಎ.,Harris NA
1219,18/07/2013,ಸಾರಿಗೆ,Transport,ಬೆಂಗಳೂರು ಮಹಾನಗರದಲ್ಲಿನ ಸಾರಿಗೆ ವ್ಯವಸ್ಥೆಯ ಸುಧಾರಣೆ,Improve transportation system in Bangalore city,ಹ್ಯಾರಿಸ್ ಎನ್.ಎ.,Harris NA
1220,18/07/2013,ವಿಜ್ಞಾನ ಮತ್ತು ತಂತ್ರಜ್ಞಾನ,Science and Technology,ಮಾಹಿತಿ ತಂತ್ರಜ್ಞಾನ ಮತ್ತು ಜೈವಿಕ ತಂತ್ರಜ್ಞಾನ ಕ್ಷೇತ್ರದಲ್ಲಿ ಸರ್ಕಾರದ ಗುರಿ ಸಾಧನೆಗಳು,Government objectives in the field of information technology and biotechnology,ಹ್ಯಾರಿಸ್ ಎನ್.ಎ.,Harris NA
1221,18/07/2013,ಆಹಾರ ಮತ್ತು ನಾಗರೀಕ ಸರಬರಾಜು,Food and Civil Supplies,ಬಿ.ಪಿ.ಎಲ್. ಪಡಿತರ ಚೀಟಿಗಳ ನೀಡಿಕೆಯಲ್ಲಿನ ಸುಧಾರಣೆ,BPL Improvement of Ration Card Issues,ಹ್ಯಾರಿಸ್ ಎನ್.ಎ.,Harris NA
1222,18/07/2013,ಆರೋಗ್ಯ ಮತ್ತು ಕುಟುಂಬ ಕಲ್ಯಾಣ,Health and family welfare,ಎಂಡೋಸಲ್ಫಾನ್ ಪೀಡಿತರಿಗೆ ಪರಿಹಾರ ಧನ,Compensation Fee for Endosulfan sufferers,ಜಗದೀಶ್ ಶೆಟ್ಟರ್,Jagadish Shettar
1223,18/07/2013,ಆಹಾರ ಮತ್ತು ನಾಗರೀಕ ಸರಬರಾಜು,Food and Civil Supplies,ಸರ್ಕಾರ ಜಾರಿಗೆ ತಂದಿರುವ 1 ರೂಗೆ ಪ್ರತಿ ಕೆ.ಜಿ. ಅಕ್ಕಿ,1 kg per government implemented by KG Rice,ಜಗದೀಶ್ ಶೆಟ್ಟರ್,Jagadish Shettar
1224,18/07/2013,ಆರೋಗ್ಯ ಮತ್ತು ಕುಟುಂಬ ಕಲ್ಯಾಣ,Health and family welfare,ರಾಜೀವ್ ಗಾಂಧಿ ಸೂಪರ್ ಸ್ಪೆಷಾಲಿಟಿ ಆಸ್ಪತ್ರೆ ಮುಚ್ಚಿರುವುದು,The Rajiv Gandhi Super Specialty Hospital is closed,ಜಗದೀಶ್ ಶೆಟ್ಟರ್,Jagadish Shettar
1225,18/07/2013,ಸಮಾಜ ಕಲ್ಯಾಣ,Social Welfare,ವಸತಿ ನಿಲಯಗಳಲ್ಲಿ ಅಗತ್ಯ ಮೂಲಭೂತ ಸೌಕರ್ಯಗಳ ಕೊರತೆ,Lack of essential infrastructure in residential properties,ಜಗದೀಶ್ ಶೆಟ್ಟರ್,Jagadish Shettar
1226,18/07/2013,ಸಾರಿಗೆ,Transport,A.R.T.O. ಕಛೇರಿ ಸ್ಥಾಪನೆ,A.R.T.O. Establishment of office,ಕೋಳಿವಾಡ ಕೆ.ಬಿ.,Kolivada kb
1227,18/07/2013,ಸಮಾಜ ಕಲ್ಯಾಣ,Social Welfare,ವಿದ್ಯಾರ್ಥಿ ನಿಲಯಗಳಲ್ಲಿ ಪ್ರತಿ ವಿದ್ಯಾರ್ಥಿಗೆ ನಿಗದಿಪಡಿಸಿರುವ ಖರ್ಚು ಹೆಚ್ಚಿಸುವುದು,Increasing the cost allocated to each student in student spaces,ಕೃಷ್ಣಾರೆಡ್ಡಿ ಎಂ.,Krishnaredhend M 
1228,18/07/2013,ಆಹಾರ ಮತ್ತು ನಾಗರೀಕ ಸರಬರಾಜು,Food and Civil Supplies,ಬಿ.ಪಿ.ಎಲ್. ಕಾರ್ಡು,BPL Card,ಕೃಷ್ಣಪ್ಪ ಎಂ.ಟಿ.,Krishnappa M T 
1229,18/07/2013,ಸಮಾಜ ಕಲ್ಯಾಣ,Social Welfare,ಗಂಗಾ ಕಲ್ಯಾಣ ಯೋಜನೆ,Ganga Welfare Scheme,ಮಧು ಬಂಗಾರಪ್ಪ ಎಸ್.,Madhu Bangarappa S 
1230,18/07/2013,ಆರೋಗ್ಯ ಮತ್ತು ಕುಟುಂಬ ಕಲ್ಯಾಣ,Health and family welfare,ಗ್ರಾಮೀಣ ಪ್ರದೇಶದ ಆಸ್ಪತ್ರೆಗಳು,Rural Hospitals,ಮಧು ಬಂಗಾರಪ್ಪ ಎಸ್.,Madhu Bangarappa S 
1231,18/07/2013,ಆರೋಗ್ಯ ಮತ್ತು ಕುಟುಂಬ ಕಲ್ಯಾಣ,Health and family welfare,ಗ್ರಾಮೀಣ ಪ್ರದೇಶದ ಸರ್ಕಾರಿ ಆಸ್ಪತ್ರೆಗಳ ವೈದ್ಯರು,Doctors of government hospitals in rural areas,ಮಧು ಬಂಗಾರಪ್ಪ ಎಸ್.,Madhu Bangarappa S 
1232,18/07/2013,ಆರೋಗ್ಯ ಮತ್ತು ಕುಟುಂಬ ಕಲ್ಯಾಣ,Health and family welfare,ಸೊರಬ ವಿಧಾನಸಭಾ ಕ್ಷೇತ್ರದ ಸರ್ಕಾರಿ ಆಸ್ಪತ್ರೆಗಳು,Government hospitals in the Soraba assembly constituency,ಮಧು ಬಂಗಾರಪ್ಪ ಎಸ್.,Madhu Bangarappa S 
1233,18/07/2013,ವೈದ್ಯಕೀಯ ಶಿಕ್ಷಣ,Medical education,ಮೆಡಿಕಲ್ ಕಾಲೇಜುಗಳಲ್ಲಿ ಶುಲ್ಕ ನೀತಿ,Fee policy in medical colleges,ಮಲ್ಲಿಕಾರ್ಜುನ ಸಿದ್ದರಾಮಪ್ಪ ಖೂಬಾ,Mallikarjuna Siddarappa Khuba
1234,18/07/2013,ವೈದ್ಯಕೀಯ ಶಿಕ್ಷಣ,Medical education,ಜನರಿಕ್ ಮತ್ತು ನಾನ್ ಜನರಿಕ್ ಔಷಧಿಗಳು,Generic and non-genetic drugs,ಮಲ್ಲಿಕಾರ್ಜುನ ಸಿದ್ದರಾಮಪ್ಪ ಖೂಬಾ,Mallikarjuna Siddarappa Khuba
1235,18/07/2013,ಆಹಾರ ಮತ್ತು ನಾಗರೀಕ ಸರಬರಾಜು,Food and Civil Supplies,ಕಾನೂನು ಮಾಪನ ಶಾಸ್ರ್ರ ಇಲಾಖೆಯ ಹೊಣೆಗಾರಿಕೆಗಳು,Responsibilities of the Department of Law Measurement Shasr,ಮಲ್ಲಿಕಾರ್ಜುನ ಸಿದ್ದರಾಮಪ್ಪ ಖೂಬಾ,Mallikarjuna Siddarappa Khuba
1236,18/07/2013,ವೈದ್ಯಕೀಯ ಶಿಕ್ಷಣ,Medical education,ವೈದ್ಯಕೀಯ ಕಾಲೇಜುಗಳಿಗೆ ಸ್ವಂತ ಕಟ್ಟಡ,Medical colleges own building,ಮಲ್ಲಿಕಾರ್ಜುನ ಸಿದ್ದರಾಮಪ್ಪ ಖೂಬಾ,Mallikarjuna Siddarappa Khuba
1237,18/07/2013,ಆಹಾರ ಮತ್ತು ನಾಗರೀಕ ಸರಬರಾಜು,Food and Civil Supplies,ಎ.ಪಿ.ಎಲ್. ಮತ್ತು ಬಿ.ಪಿ.ಎಲ್. ಕಾರ್ಡುಗಳ ಹಂಚಿಕೆ,APL And BPL. Distribution of cards,ಮಲ್ಲಿಕಾರ್ಜುನ ಸಿದ್ದರಾಮಪ್ಪ ಖೂಬಾ,Mallikarjuna Siddarappa Khuba
1238,18/07/2013,ಆರೋಗ್ಯ ಮತ್ತು ಕುಟುಂಬ ಕಲ್ಯಾಣ,Health and family welfare,ಲಿಂಗಸೂಗೂರು ತಾಲ್ಲೂಕು ಸಾರ್ವಜನಿಕ ಆಸ್ಪತ್ರೆಗಳಲ್ಲಿ ಸಿಬ್ಬಂದಿಗಳ ಕೊರತೆ,Lack of staff at public hospitals in the Lingayasurugu taluk,ಮಾನಪ್ಪ ಡಿ. ವಜ್ಜಲ್,Manappa D  Vajzal
1239,18/07/2013,ಸಾರಿಗೆ,Transport,ಖಾಸಗಿ ಬಸ್ಸುಗಳು,Private buses,ಮಂಜುನಾಥ್ ಜಿ.,Manjunath G 
1240,18/07/2013,ಆರೋಗ್ಯ ಮತ್ತು ಕುಟುಂಬ ಕಲ್ಯಾಣ,Health and family welfare,ಡೆಂಗ್ಯೂ ಜ್ವರ ನಿಯಂತ್ರಣ,Dengue fever control,ನರೇಂದ್ರ ಸ್ವಾಮಿ ಪಿ.ಎಂ.,Narendra Swami PM
1241,18/07/2013,ಸಮಾಜ ಕಲ್ಯಾಣ,Social Welfare,ಬಾಬು ಜಗಜೀವನರಾಂ ಭವನ ನಿರ್ಮಾಣಕ್ಕೆ ಅನುದಾನ,The construction of the Babu Jagjivanaram Bhavan,ನರೇಂದ್ರ ಸ್ವಾಮಿ ಪಿ.ಎಂ.,Narendra Swami PM
1242,18/07/2013,ಸಾರಿಗೆ,Transport,ಹೊಸದಾಗಿ ಬಸ್ ನಿಲ್ದಾಣ ನಿರ್ಮಾಣ,Newly constructed bus station,ಪಾಟೀಲ್ ಎ.ಎಸ್.,Patil AS
1243,18/07/2013,ಸಮಾಜ ಕಲ್ಯಾಣ,Social Welfare,3 ನಿಗಮಗಳಿಂದ ಯಾವ ಯಾವ ಯೋಜನೆಗಳನ್ನು ರೂಪಿಸಲಾಗಿದೆ.,Which of these plans has been created by 3 corporations?,ಪಿಳ್ಳ ಮುನಿಶಾಮಪ್ಪ,Pillai Munisamappa
1244,18/07/2013,ಸಮಾಜ ಕಲ್ಯಾಣ,Social Welfare,ಪರಿಶಿಷ್ಟ ಜಾತಿ/ಪಂಗಡಗಳ ಕಾಲೋನಿಗಳು,Scheduled Caste Colonies,ರಾಜಣ್ಣ ಎಂ,Rajanna M 
1245,18/07/2013,ಆರೋಗ್ಯ ಮತ್ತು ಕುಟುಂಬ ಕಲ್ಯಾಣ,Health and family welfare,ಸಾರ್ವಜನಿಕ ಆಸ್ಪತ್ರೆಗಳಲ್ಲಿ ಸಿಬ್ಬಂದಿ ಕೊರತೆ,Lack of staff at public hospitals,ರಾಜಣ್ಣ ಎಂ,Rajanna M 
1246,18/07/2013,ಆರೋಗ್ಯ ಮತ್ತು ಕುಟುಂಬ ಕಲ್ಯಾಣ,Health and family welfare,ವೈದ್ಯರು ಮತ್ತು ತಜ್ಞ ವೈದ್ಯರ ಕೊರತೆ,Lack of doctors and specialist doctors,ರಾಜೀವ್ ಪಿ.,Rajiv P 
1247,18/07/2013,ಸಾರಿಗೆ,Transport,ಬಸ್ ನಿಲ್ದಾಣ ಕಲ್ಪಿಸುವುದು,To imagine bus stop,ರಾಜೀವ್ ಪಿ.,Rajiv P 
1248,18/07/2013,ಸಾರಿಗೆ,Transport,Stay Order Issued by Andhra Pradesh State Government,Stay Order issued by Andhra Pradesh State Government,ರಮೇಶ್ ಕುಮಾರ್ ಕೆ.ಆರ್.,Ramesh Kumar KR
1249,18/07/2013,ಸಾರಿಗೆ,Transport,ಕೋಲಾರ ಜಿಲ್ಲೆಯಲ್ಲಿ ರಸ್ತೆಗಳ ರಾಷ್ಟ್ರೀಕರಣ,Nationalization of roads in Kolar district,ರಮೇಶ್ ಕುಮಾರ್ ಕೆ.ಆರ್.,Ramesh Kumar KR
1250,18/07/2013,ಆರೋಗ್ಯ ಮತ್ತು ಕುಟುಂಬ ಕಲ್ಯಾಣ,Health and family welfare,Private Doctor Ratio in Government Hospitals and Private,Private Doctor Ratio in Government Hospitals and Private,ರಮೇಶ್ ಕುಮಾರ್ ಕೆ.ಆರ್.,Ramesh Kumar KR
1251,18/07/2013,ಸಮಾಜ ಕಲ್ಯಾಣ,Social Welfare,ಮೆಟ್ರಿಕ್ ಪೂರ್ವ ಮತ್ತು ಮೆಟ್ರಿಕ್ ನಂತರದ ವಸತಿ ನಿಲಯಗಳು,Metric pre-and post-metric housing,ರಮೇಶ್ ಕುಮಾರ್ ಕೆ.ಆರ್.,Ramesh Kumar KR
1252,18/07/2013,ಸಮಾಜ ಕಲ್ಯಾಣ,Social Welfare,ಸದಾಶಿವ ಆಯೋಗ ವರದಿ ಮಂಡನೆ,Sadashiva Commission Report Report,ರವಿ ಸಿ.ಟಿ.,Ravi CT
1253,18/07/2013,ಸಮಾಜ ಕಲ್ಯಾಣ,Social Welfare,ರಾಜ್ಯದಲ್ಲಿ ಹಿಂದುಳಿದ ಜನಾಂಗ ಪಟ್ಟಿಯಲ್ಲಿರುವ ಜಾತಿಗಳ ವಿವರ,Details of Backward Castes in the State,ರವಿ ಸಿ.ಟಿ.,Ravi CT
1254,18/07/2013,ಸಾರಿಗೆ,Transport,ರಾಜ್ಯದಲ್ಲಿರುವ ರಾಷ್ಟ್ರೀಕೃತ ರಸ್ತೆಗಳ ಮೇಲೆ ಚಲಿಸುವ ವಾಹನಗಳು,Vehicles moving on nationalized roads in the state,ರವಿ ಸಿ.ಟಿ.,Ravi CT
1255,18/07/2013,ಸಾರಿಗೆ,Transport,ರಾಜ್ಯದಲ್ಲಿರುವ ಪ್ರಾಥಮಿಕ ಚಿಕಿತ್ಸಾ ಕೇಂದ್ರಗಳು,Primary treatment centers in the state,ರವಿ ಸಿ.ಟಿ.,Ravi CT
1256,18/07/2013,ಆರೋಗ್ಯ ಮತ್ತು ಕುಟುಂಬ ಕಲ್ಯಾಣ,Health and family welfare,ರಾಜ್ಯದಲ್ಲಿ Yellow Fever Vaccine ಕೊರತೆ,Yellow fever vaccine deficiency in the state,ರವಿ ಸುಬ್ರಮಣ್ಯ ಎಲ್.ಎ.,Ravi Subramanya L A 
1257,18/07/2013,ಆರೋಗ್ಯ ಮತ್ತು ಕುಟುಂಬ ಕಲ್ಯಾಣ,Health and family welfare,ವೃಂದ ಮತ್ತು ನೇಮಕಾತಿ ನಿಯಮಗಳ ಪರಿಷ್ಕರಣೆ,Revision of Tribunal and Appointment Rules,ರವಿ ಸುಬ್ರಮಣ್ಯ ಎಲ್.ಎ.,Ravi Subramanya L A 
1258,18/07/2013,ಆಹಾರ ಮತ್ತು ನಾಗರೀಕ ಸರಬರಾಜು,Food and Civil Supplies,ಹೊಸ ಪಡಿತರ ಚೀಟಿ ಪಡೆಯಲು ಅನಾನುಕೂಲ ತಪ್ಪಿಸುವುದು,Avoiding the disadvantage of getting a new ration card,ರವಿ ಸುಬ್ರಮಣ್ಯ ಎಲ್.ಎ.,Ravi Subramanya L A 
1259,18/07/2013,ಸಾರಿಗೆ,Transport,BMTC ಬಸ್ ಪ್ರಯಾಣ ದರ,BMTC Bus Travel Rate,ರವಿ ಸುಬ್ರಮಣ್ಯ ಎಲ್.ಎ.,Ravi Subramanya L A 
1260,18/07/2013,ಆರೋಗ್ಯ ಮತ್ತು ಕುಟುಂಬ ಕಲ್ಯಾಣ,Health and family welfare,ಆರೋಗ್ಯ ಕೇಂದ್ರಗಳಲ್ಲಿ ವೈದ್ಯರ ಹುದ್ದೆ ಖಾಲಿ,Doctors post vacancy at health centers,ರೇವಣ್ಣ ಹೆಚ್.ಡಿ.,Revanna HD
1261,18/07/2013,ವೈದ್ಯಕೀಯ ಶಿಕ್ಷಣ,Medical education,ಸರ್ಕಾರಿ ವೈದ್ಯಕೀಯ ಕಾಲೇಜುಗಳು,Government Medical Colleges,ರೇವಣ್ಣ ಹೆಚ್.ಡಿ.,Revanna HD
1262,18/07/2013,ವೈದ್ಯಕೀಯ ಶಿಕ್ಷಣ,Medical education,ಖಾಸಗಿ ವೈದ್ಯಕೀಯ ಕಾಲೇಜುಗಳ ಶುಲ್ಕ,Fees for private medical colleges,ರೇವಣ್ಣ ಹೆಚ್.ಡಿ.,Revanna HD
1263,18/07/2013,ಸಮಾಜ ಕಲ್ಯಾಣ,Social Welfare,ಮೊರಾರ್ಜಿ ದೇಸಾಯಿ ಮತ್ತು ಕಿತ್ತೂರು ರಾಣಿ ಚೆನ್ನಮ್ಮ ವಸತಿ ಶಾಲೆಗಳು,Morarji Desai and Kittur Rani Chennamma Housing Schools,ರೇವಣ್ಣ ಹೆಚ್.ಡಿ.,Revanna HD
1264,18/07/2013,ಆಹಾರ ಮತ್ತು ನಾಗರೀಕ ಸರಬರಾಜು,Food and Civil Supplies,ಬಿ.ಪಿ.ಎಲ್. ಮತ್ತು ಎ.ಪಿ.ಎಲ್. ಕಾರ್ಡುಗಳು,BPL And APL. Cards,ರೇವಣ್ಣ ಹೆಚ್.ಡಿ.,Revanna HD
1265,18/07/2013,ವೈದ್ಯಕೀಯ ಶಿಕ್ಷಣ,Medical education,Purchase of Medicines,Purchase of Medicines,ರೋಷನ್ ಬೇಗ್ ಆರ್.,Roshan Baig R 
1266,18/07/2013,ಆರೋಗ್ಯ ಮತ್ತು ಕುಟುಂಬ ಕಲ್ಯಾಣ,Health and family welfare,Primary Health Centres,Primary Health Centers,ರೋಷನ್ ಬೇಗ್ ಆರ್.,Roshan Baig R 
1267,18/07/2013,ಆರೋಗ್ಯ ಮತ್ತು ಕುಟುಂಬ ಕಲ್ಯಾಣ,Health and family welfare,Dispensary Comes under BBMP,Dispensary Comes under BBMP,ರೋಷನ್ ಬೇಗ್ ಆರ್.,Roshan Baig R 
1268,18/07/2013,ಸಮಾಜ ಕಲ್ಯಾಣ,Social Welfare,Scemes for the Labourers,Scemes for the Labourers,ರೋಷನ್ ಬೇಗ್ ಆರ್.,Roshan Baig R 
1269,18/07/2013,ವೈದ್ಯಕೀಯ ಶಿಕ್ಷಣ,Medical education,Hospital of Medical Education,Hospital of Medical Education,ರೋಷನ್ ಬೇಗ್ ಆರ್.,Roshan Baig R 
1270,18/07/2013,ಸಮಾಜ ಕಲ್ಯಾಣ,Social Welfare,ಇಲಾಖೆಯಿಂದ ನೀಡುವಂತಹ ಸಾಲ ಸೌಲಭ್ಯ,Department of debt financing,ಶಿವಶಂಕರ ರೆಡ್ಡಿ ಎನ್. ಹೆಚ್.,Shivshankar Reddy N  H 
1271,18/07/2013,ಆರೋಗ್ಯ ಮತ್ತು ಕುಟುಂಬ ಕಲ್ಯಾಣ,Health and family welfare,ವಾಜಪೇಯಿ ಆರೋಗ್ಯ ಶ್ರೀ ಯೋಜನೆ,Vajpayee Health Scheme,ಸುಧಾಕರ ಲಾಲ್ ಪಿ.ಆರ್.,Sudhakar Lal PR
1272,18/07/2013,ಆರೋಗ್ಯ ಮತ್ತು ಕುಟುಂಬ ಕಲ್ಯಾಣ,Health and family welfare,ಕಾರ್ಕಳ ಸರ್ಕಾರಿ ಆಸ್ಪತ್ರೆಯಲ್ಲಿ ಡಯಾಲಿಸಿಸ್ ಕೇಂದ್ರ ತೆರೆಯುವುದು,Opening Dialysis Center at Karkala Government Hospital,ಸುನೀಲ್ ಕುಮಾರ್ ವಿ.,Sunil Kumar V 
1273,18/07/2013,ಸಮಾಜ ಕಲ್ಯಾಣ,Social Welfare,ಮೊರಾರ್ಜಿ ದೇಸಾಯಿ ವಸತಿ ಶಾಲೆ ನಿರ್ಮಾಣದ ಕಾಮಗಾರಿ ಕಳಪೆಯಾಗಿರುವುದು,The construction work of Morarji Desai Housing School is poor,ಸುನೀಲ್ ಕುಮಾರ್ ವಿ.,Sunil Kumar V 
1274,18/07/2013,ಸಮಾಜ ಕಲ್ಯಾಣ,Social Welfare,ಮೊರಾರ್ಜಿ ದೇಸಾಯಿ ಶಾಲೆಗಳ ಹೊರಗುತ್ತಿಗೆ ಶಿಕ್ಷಕರು,Teachers for the outsourcing of Morarji Desai Schools,ವಸಂತ ಬಂಗೇರ ಕೆ.,Vasanth Bangera K 
1275,18/07/2013,ಸಮಾಜ ಕಲ್ಯಾಣ,Social Welfare,ಮೊರಾರ್ಜಿ ದೇಸಾಯಿ ಶಾಲೆಗಳ ಶಿಕ್ಷಕರ ಸಂಖ್ಯೆ,Number of Teachers of Morarji Desai Schools,ವಸಂತ ಬಂಗೇರ ಕೆ.,Vasanth Bangera K 
1276,18/07/2013,ಸಮಾಜ ಕಲ್ಯಾಣ,Social Welfare,ಡಾ. ಅಂಬೇಡ್ಕರ್ ಭವನ ಹಾಗು ಬಾಬು ಜಗಜೀವನರಾಂ ಭವನ,Dr. Ambedkar Bhavan and Babu Jagjivanaram Bhavan,ವಿಶ್ವೇಶ್ವರ ಹೆಗಡೆ ಕಾಗೇರಿ,Vishweshwara Hegde Kageri
1277,18/07/2013,ಸಮಾಜ ಕಲ್ಯಾಣ,Social Welfare,ವಿದ್ಯಾರ್ಥಿ ನಿಲಯ,Student hub,ವಿಶ್ವೇಶ್ವರ ಹೆಗಡೆ ಕಾಗೇರಿ,Vishweshwara Hegde Kageri
1278,18/07/2013,ಆಹಾರ ಮತ್ತು ನಾಗರೀಕ ಸರಬರಾಜು,Food and Civil Supplies,ಲೆವಿ,Levi,ವಿಶ್ವೇಶ್ವರ ಹೆಗಡೆ ಕಾಗೇರಿ,Vishweshwara Hegde Kageri
1279,18/07/2013,ಆರೋಗ್ಯ ಮತ್ತು ಕುಟುಂಬ ಕಲ್ಯಾಣ,Health and family welfare,ಇಂಡಿ ತಾಲೂಕು ಆಸ್ಪತ್ರೆಯಲ್ಲಿ ವೈದ್ಯರ ಕೊರತೆ,Doctor's lack of india taluk hospital,ಯಶವಂತರಾಯ ವಿಠ್ಠಲಗೌಡ ಪಾಟೀಲ್,Yashavaraya Vitthal Gowda Patil
1280,25/07/2013,ಆರೋಗ್ಯ ಮತ್ತು ಕುಟುಂಬ ಕಲ್ಯಾಣ,Health and family welfare,ಸೇವಾ ಭದ್ರತೆ ಒದಗಿಸುವುದು,Providing service security,ಯಶವಂತರಾಯ ವಿಠ್ಠಲಗೌಡ ಪಾಟೀಲ್,Yashavaraya Vitthal Gowda Patil
1281,25/07/2013,ಆರೋಗ್ಯ ಮತ್ತು ಕುಟುಂಬ ಕಲ್ಯಾಣ,Health and family welfare,ಕಿರಿಯ ಪ್ರಯೋಗ ಶಾಲಾ ತಜ್ಞರ ವರ್ಗಾವಣೆ,Transfer of young experimental school experts,ತನ್ವೀರ್ ಸೇಠ್,Tanvir Seth
1282,25/07/2013,ಆರೋಗ್ಯ ಮತ್ತು ಕುಟುಂಬ ಕಲ್ಯಾಣ,Health and family welfare,ಆರೋಗ್ಯ ಕವಚ ಯೋಜನೆ,Health cover scheme,ಶಿವಶಂಕರ್ ಎಚ್.ಎಸ್.,Shivshankar HS
1283,25/07/2013,ಸಾರಿಗೆ,Transport,ಬಸ್ ನಿಲ್ದಾಣದ ನಿರ್ಮಾಣ,Construction of a bus station,ಮಂಜುನಾಥ್ ಹೆಚ್.ಪಿ.,Manjunath H P 
1284,25/07/2013,ಸಮಾಜ ಕಲ್ಯಾಣ,Social Welfare,ವಸತಿ ನಿಲಯಗಳು,Hostels,ಉಮೇಶ್ ಜಿ. ಜಾಧವ್,Umesh G  Jadhav
1285,25/07/2013,ಆಹಾರ ಮತ್ತು ನಾಗರೀಕ ಸರಬರಾಜು,Food and Civil Supplies,"ಉತ್ತರ ಕರ್ನಾಟಕದ ಬಿ.ಪಿ.ಎಲ್. ಕುಟುಂಬಗಳಿಗೆ ಅಕ್ಕಿ, ಜೋಳ ವಿತರಣೆ",BPL in North Karnataka Distribution of rice and corn to families,ಗೋವಿಂದ ಎಂ ಕಾರಜೋಳ,Govinda M  Karajola
1286,25/07/2013,ಸಾರಿಗೆ,Transport,ಬಸ್ ನಿಲ್ದಾಣದ ನವೀಕರಣ,Bus Parking Update,ಅಪ್ಪಾಜಿ ಚನ್ನಬಸವರಾಜ್ ಶಂಕರರಾವ್ ನಾಡಗೌಡ,Appaji Chanabasavaraj Shankarrao Nadgowda
1287,25/07/2013,ಯೋಜನೆ ಮತ್ತು ಸಾಂಖ್ಯಿಕ,Plan and Numerical,ಗಡಿ ಅಭಿವೃದ್ಧಿ,Border development,ಜೊಲ್ಲೆ ಶಿಶಿಕಲಾ ಅಣ್ಣಾಸಾಹೇಬ್,Joel Shishikala Annasaheb
1288,25/07/2013,ಆರೋಗ್ಯ ಮತ್ತು ಕುಟುಂಬ ಕಲ್ಯಾಣ,Health and family welfare,ಮೂಲಭೂತ ಸೌಲಭ್ಯ,Basic Facility,ಶಾರದ ಮೋಹನ ಶೆಟ್ಟಿ,Sharada Mohana Shetty
1289,25/07/2013,ಸಾರಿಗೆ,Transport,ವಾಯುವ್ಯ ಕರ್ನಾಟಕ ರಸ್ತೆ ಸಾರಿಗೆ ಸಂಸ್ಥೆ,Northwest Karnataka Road Transport Corporation,ಕೋನರೆಡ್ಡಿ ಎನ್. ಎಚ್.,Konareddy N  H 
1290,25/07/2013,ಆರೋಗ್ಯ ಮತ್ತು ಕುಟುಂಬ ಕಲ್ಯಾಣ,Health and family welfare,ಆರೋಗ್ಯ ಕೇಂದ್ರದಲ್ಲಿ ವೈದ್ಯರುಗಳ ಮತ್ತು ಸಿಬ್ಬಂದಿಗಳ ಕೊರತೆ,Lack of doctors and staff at the health center,ಬಾಲಕೃಷ್ಣ ಹೆಚ್.ಸಿ.,Balakrishna H C 
1291,25/07/2013,ಆರೋಗ್ಯ ಮತ್ತು ಕುಟುಂಬ ಕಲ್ಯಾಣ,Health and family welfare,ಚಿತ್ರದುರ್ಗ ಸಾರ್ವಜನಿಕ ಆಸ್ಪತ್ರೆಗಳಲ್ಲಿ ಮಂಜೂರಾದ ವೈದ್ಯರ ಹುದ್ದೆಗಳು,Postgraduate Medical Officers in Chitradurga Public Hospitals,ತಿಪ್ಪಾರೆಡ್ಡಿ ಜಿ.ಎಚ್.,Thippareddy GH
1292,25/07/2013,ಆಹಾರ ಮತ್ತು ನಾಗರೀಕ ಸರಬರಾಜು,Food and Civil Supplies,ಪಡಿತರ ಚೀಟಿ ಹಂಚಿಕೆ,Distribution of Ration Card,ಸುರೇಶ್ ಕುಮಾರ್ ಎಸ್.,Suresh Kumar S
1293,25/07/2013,ಆರೋಗ್ಯ ಮತ್ತು ಕುಟುಂಬ ಕಲ್ಯಾಣ,Health and family welfare,ವಾಜಪೇಯಿ ಆರೋಗ್ಯ ಶ್ರೀ ಮತ್ತು ಆರೋಗ್ಯ ಕವಚ ಯೋಜನೆಗಳು,Vajpayee Health Shri and Healthcare Plans,ವಿಜಯಕುಮಾರ್ ಬಿ.ಎನ್.,Vijayakumar BN
1294,25/07/2013,ಸಮಾಜ ಕಲ್ಯಾಣ,Social Welfare,ಹಾಸ್ಟೆಲ್ ಗಳು,Hostels,ಪಾಟೀಲ್ ಜೆ.ಟಿ.,Patil JT
1295,25/07/2013,ಆರೋಗ್ಯ ಮತ್ತು ಕುಟುಂಬ ಕಲ್ಯಾಣ,Health and family welfare,ವೈದ್ಯರ ಕೊರತೆ,Lack of doctor,ಐಹೊಳೆ ಡಿ. ಮಹಾಲಿಂಗಪ್ಪ,Aihole D  Mahalingappa
1296,25/07/2013,ಸಮಾಜ ಕಲ್ಯಾಣ,Social Welfare,ಪುಲಿಕೇಶಿ ನಗರ ವಿಧಾನಸಭಾ ಕ್ಷೇತ್ರಕ್ಕೆ ಯೋಜನೆಗಳು,Plans for Pulakesi Nagar Assembly Constituency,ಅಖಂಡ ಶ್ರೀನಿವಾಸಮೂರ್ತಿ ಆರ್.,Akhand Srinivas Murthy R 
1297,25/07/2013,ಆರೋಗ್ಯ ಮತ್ತು ಕುಟುಂಬ ಕಲ್ಯಾಣ,Health and family welfare,ವಾಜಪೇಯಿ ಆರೋಗ್ಯ ಶ್ರೀ ಫಲಾನುಭವಿಗಳು,Vajpayee Health Sri beneficiaries,ಅಖಂಡ ಶ್ರೀನಿವಾಸಮೂರ್ತಿ ಆರ್.,Akhand Srinivas Murthy R 
1298,25/07/2013,ಆರೋಗ್ಯ ಮತ್ತು ಕುಟುಂಬ ಕಲ್ಯಾಣ,Health and family welfare,ಎಸ್. ಕೆ. ಗಾರ್ಡನ್ ನ ಹೆರಿಗೆ ಆಸ್ಪತ್ರೆ,S. K. Gordon's Maternity Hospital,ಅಖಂಡ ಶ್ರೀನಿವಾಸಮೂರ್ತಿ ಆರ್.,Akhand Srinivas Murthy R 
1299,25/07/2013,ಸಾರಿಗೆ,Transport,ಬಿ.ಎಂ.ಟಿ.ಸಿ. ಮಿನಿ ಬಸ್ಸುಗಳ ಸೌಲಭ್ಯ,BMTC Mini buses facility,ಅಖಂಡ ಶ್ರೀನಿವಾಸಮೂರ್ತಿ ಆರ್.,Akhand Srinivas Murthy R 
1300,25/07/2013,ಆಹಾರ ಮತ್ತು ನಾಗರೀಕ ಸರಬರಾಜು,Food and Civil Supplies,ಬಿ.ಪಿ.ಎಲ್. ಕಾರ್ಡುಗಳು,BPL Cards,ಅಖಂಡ ಶ್ರೀನಿವಾಸಮೂರ್ತಿ ಆರ್.,Akhand Srinivas Murthy R 
1301,25/07/2013,ಸಮಾಜ ಕಲ್ಯಾಣ,Social Welfare,ಗಂಗಾ ಕಲ್ಯಾಣ ಯೋಜನೆಯ ಕೊಳವೆ ಬಾವಿಗಳು,Pipe wells for the Ganga Welfare Project,ಆನಂದ ಸಿಂಗ್,Ananda Singh
1302,25/07/2013,ಆರೋಗ್ಯ ಮತ್ತು ಕುಟುಂಬ ಕಲ್ಯಾಣ,Health and family welfare,ವೈದ್ಯರು ಮತ್ತು ತಜ್ಞ ವೈದ್ಯರ ಕೊರತೆ,Lack of doctors and specialist doctors,ಆನಂದ ಸಿಂಗ್,Ananda Singh
1303,25/07/2013,ಸಾರಿಗೆ,Transport,ಟ್ರಕ್ ಟರ್ಮಿನಲ್ ನಿರ್ಮಾಣ,Construction of a truck terminal,ಆನಂದ ಸಿಂಗ್,Ananda Singh
1304,25/07/2013,ಆರೋಗ್ಯ ಮತ್ತು ಕುಟುಂಬ ಕಲ್ಯಾಣ,Health and family welfare,ನೂರು ಹಾಸಿಕೆಗಳ ಆಸ್ಪತ್ರೆ,Hundred bed hospitals,ಆನಂದ ಸಿಂಗ್,Ananda Singh
1305,25/07/2013,ಆರೋಗ್ಯ ಮತ್ತು ಕುಟುಂಬ ಕಲ್ಯಾಣ,Health and family welfare,"ಸುಳ್ಯದಲ್ಲಿ ಪ್ಲೇಗ್, ಜ್ವರ, ಇಲಿ ಜ್ವರ ಪ್ರಕರಣಗಳು","Plague, fever and rat fever cases in Sullia",ಅಂಗಾರ ಎಸ್.,Angle S 
1306,25/07/2013,ಆರೋಗ್ಯ ಮತ್ತು ಕುಟುಂಬ ಕಲ್ಯಾಣ,Health and family welfare,ರಾಜ್ಯದಲ್ಲಿ ಉಲ್ಬಣಗೊಂಡಿರುವ ಡೆಂಗ್ಯೂ ಜ್ವರ,Exaggerated dengue fever in the state,ಅಂಗಾರ ಎಸ್.,Angle S 
1307,25/07/2013,ವೈದ್ಯಕೀಯ ಶಿಕ್ಷಣ,Medical education,ಕೊಡಗು ಜಿಲ್ಲೆಯಲ್ಲಿ ಮೆಡಿಕಲ್ ಕಾಲೇಜು ಪ್ರಾರಂಭಿಸುವುದು,To start a medical college in Kodagu district,ಅಪ್ಪಚ್ಚು ರಂಜನ್ ಎಂ.ಪಿ.,Appachan Ranjan MP
1308,25/07/2013,ಆಹಾರ ಮತ್ತು ನಾಗರೀಕ ಸರಬರಾಜು,Food and Civil Supplies,ರೇಷನ್ ಕಾರ್ಡು ವಿತರಣೆ,Distribution of ration cards,ಅಪ್ಪಚ್ಚು ರಂಜನ್ ಎಂ.ಪಿ.,Appachan Ranjan MP
1309,25/07/2013,ಸಾರಿಗೆ,Transport,ಅನುಕಂಪ ಆಧಾರಿತ ನೌಕರಿ,Compassionate job,ಅಪ್ಪಚ್ಚು ರಂಜನ್ ಎಂ.ಪಿ.,Appachan Ranjan MP
1310,25/07/2013,ಆರೋಗ್ಯ ಮತ್ತು ಕುಟುಂಬ ಕಲ್ಯಾಣ,Health and family welfare,ಗ್ರಾಮೀಣ ಭಾಗದಲ್ಲಿ ವೈದ್ಯರು,Doctors in rural areas,ಅಪ್ಪಾಜಿ ಚನ್ನಬಸವರಾಜ್ ಶಂಕರರಾವ್ ನಾಡಗೌಡ,Appaji Chanabasavaraj Shankarrao Nadgowda
1311,25/07/2013,ಸಾರಿಗೆ,Transport,ವಿಭಾಗೀಯ ಕಚೇರಿ ಸ್ಥಾಪಿಸುವುದು,Establishing Divisional Office,ಅಪ್ಪಾಜಿ ಚನ್ನಬಸವರಾಜ್ ಶಂಕರರಾವ್ ನಾಡಗೌಡ,Appaji Chanabasavaraj Shankarrao Nadgowda
1312,25/07/2013,ಆಡಳಿತ ಸುಧಾರಣೆ,Governance reform,ಪ್ರಾಥಮಿಕ ಆರೋಗ್ಯ ಕೇಂದ್ರಗಳು,Primary Health Centers,ಅಶೋಕ್ ಖೇಣಿ,Ashok Kheni
1313,25/07/2013,ಸಮಾಜ ಕಲ್ಯಾಣ,Social Welfare,ವಸತಿ ಶಾಲೆಗಳು,Residential schools,ಆಶೋಕ್ ಆರ್.,Ashok R 
1314,25/07/2013,ಸಾರಿಗೆ,Transport,ಬಸ್ ದರ ಏರಿಕೆ,Bus fares increase,ಆಶೋಕ್ ಆರ್.,Ashok R 
1315,25/07/2013,ಆಹಾರ ಮತ್ತು ನಾಗರೀಕ ಸರಬರಾಜು,Food and Civil Supplies,ಆಹಾರ ಮತ್ತು ನಾಗರೀಕ ಸರಬರಾಜು ಇಲಾಖೆ ಮಳಿಗೆಗಳು,Food and Civil Supplies Department stores,ಆಶೋಕ್ ಆರ್.,Ashok R 
1316,25/07/2013,ಆರೋಗ್ಯ ಮತ್ತು ಕುಟುಂಬ ಕಲ್ಯಾಣ,Health and family welfare,ಡೆಂಗ್ಯೂ ಜ್ವರದಿಂದ ವೃತಪಟ್ಟವರು,Dengue fever,ಆಶೋಕ್ ಆರ್.,Ashok R 
1317,25/07/2013,ಸಮಾಜ ಕಲ್ಯಾಣ,Social Welfare,ಡಾ. ಅಂಬೇಡ್ಕರ್ ಅಭವೃದ್ಧಿ ನಿಗಮದ ಯೋಜನೆಗಳು,Dr. Projects of the Ambedkar Development Corporation,ಬಾಲಕೃಷ್ಣ ಹೆಚ್.ಸಿ.,Balakrishna H C 
1318,25/07/2013,ಸಮಾಜ ಕಲ್ಯಾಣ,Social Welfare,ಗಂಗಾ ಕಲ್ಯಾಣ ಯೋಜನೆ,Ganga Welfare Scheme,ಬಾಲಕೃಷ್ಣ ಹೆಚ್.ಸಿ.,Balakrishna H C 
1319,25/07/2013,ಆಹಾರ ಮತ್ತು ನಾಗರೀಕ ಸರಬರಾಜು,Food and Civil Supplies,ಇಲಾಖೆಯ ಸಿಬ್ಬಂದಿಗಳು ಲೋಕಾಯುಕ್ತ ದಾಳಿಗೆ ಒಳಗಾದವರು,The department staff were under Lokayukta attack,ಬೋಪಯ್ಯ ಕೆ.ಜಿ.,Bopayya KG
1320,25/07/2013,ಆಹಾರ ಮತ್ತು ನಾಗರೀಕ ಸರಬರಾಜು,Food and Civil Supplies,ಇ ಪಡಿತರ ವಿತರಣಾ ವ್ಯವಸ್ಥೆ,E Ration Distribution System,ಬೋಪಯ್ಯ ಕೆ.ಜಿ.,Bopayya KG
1321,25/07/2013,ಆಹಾರ ಮತ್ತು ನಾಗರೀಕ ಸರಬರಾಜು,Food and Civil Supplies,ಪಡಿತರ ಚೀಟಿದಾರರಿಗೆ ಸೀಮೆ ಎಣ್ಣೆ ವಿತರಿಸುವುದು,Delivery of kerosene to ration cards,ಬೋಪಯ್ಯ ಕೆ.ಜಿ.,Bopayya KG
1322,25/07/2013,ಸಾರಿಗೆ,Transport,ರಸ್ತೆ ಸಾರಿಗೆ ಸಂಸ್ಥೆಯ ಬಸ್ ನಿಲ್ದಾಣಗಳಲ್ಲಿರುವ ಅಂಗಡಿ ಮುಂಗಟ್ಟುಗಳ ಬಾಡಿಗೆ ಬಾಕಿ,Rental of forecasts at bus stations on the road transport system,ಚೆಲುವರಾಯಸ್ವಾಮಿ,Cheluvaraswamy
1323,25/07/2013,ಆರೋಗ್ಯ ಮತ್ತು ಕುಟುಂಬ ಕಲ್ಯಾಣ,Health and family welfare,ಆಸ್ಪತ್ರೆಗಳಲ್ಲಿ ಮಂಜೂರಾದ ಮತ್ತು ಖಾಲಿಯಿರುವ ಹುದ್ದೆಗಳು,Sanctioned and vacant posts in hospitals,ಅಜಯ್ ಸಿಂಗ್,Ajay Singh
1324,25/07/2013,ಆಹಾರ ಮತ್ತು ನಾಗರೀಕ ಸರಬರಾಜು,Food and Civil Supplies,ಪಡಿತರ ಚೀಟಿ ರಿಜಿಸ್ಟ್ರೇಷನ್,Ration card registration,ಮಾಲಕರೆಡ್ಡಿ ಎ.ಬಿ.,Mālaka Reddy AB
1325,25/07/2013,ಆರೋಗ್ಯ ಮತ್ತು ಕುಟುಂಬ ಕಲ್ಯಾಣ,Health and family welfare,ವೈದ್ಯರ ಕೊರತೆ,Lack of doctor,ಮಾಲಕರೆಡ್ಡಿ ಎ.ಬಿ.,Mālaka Reddy AB
1326,25/07/2013,ಆಹಾರ ಮತ್ತು ನಾಗರೀಕ ಸರಬರಾಜು,Food and Civil Supplies,ಒಂದು ರೂಪಾಯಿಗೆ ಒಂದು ಕೆ.ಜಿ. ಅಕ್ಕಿ ಯೋಜನೆ,One kg per rupee Rice plan,ಸುಧಾಕರ್ ಕೆ.,Sudhakar K 
1327,25/07/2013,ಸಾರಿಗೆ,Transport,ಐಷಾರಾಮಿ ಬಸ್ ಗಳು,Luxury buses,ಸುಧಾಕರ್ ಕೆ.,Sudhakar K 
1328,25/07/2013,ಸಾರಿಗೆ,Transport,ಜಿಲ್ಲಾ ಕೇಂದ್ರ ಬಸ್ ನಿಲ್ದಾಣ,District Central Bus Station,ಸುಧಾಕರ್ ಕೆ.,Sudhakar K 
1329,25/07/2013,ಸಾರಿಗೆ,Transport,ಅಂಗವಿಕಲ ನೌಕರರ ವರ್ಗಾವಣೆ,Transfer of disabled employees,ಉಮೇಶ್ ಜಿ. ಜಾಧವ್,Umesh G  Jadhav
1330,25/07/2013,ಆಹಾರ ಮತ್ತು ನಾಗರೀಕ ಸರಬರಾಜು,Food and Civil Supplies,ಪಡಿತರ ಚೀಟಿ,Ration card,ಉಮೇಶ್ ಜಿ. ಜಾಧವ್,Umesh G  Jadhav
1331,25/07/2013,ಸಾರಿಗೆ,Transport,ಭಾಲ್ಕಿ ಬಸ್ ನಿಲ್ದಾಣದ ವಿಸ್ತರಣೆ,Bhalki Bus Station Extension,ಈಶ್ವರ್ ಭೀಮಣ್ಣ ಖಂಡ್ರೆ,Ishwar Bhimanna Khandre
1332,25/07/2013,ಆರೋಗ್ಯ ಮತ್ತು ಕುಟುಂಬ ಕಲ್ಯಾಣ,Health and family welfare,ಪ್ರಾಥಮಿಕ ಆರೋಗ್ಯ ಕೇಂದ್ರದಲ್ಲಿರುವ ಖಾಲಿ ಹುದ್ದೆಗಳು,Vacancies in Primary Health Center,ಈಶ್ವರ್ ಭೀಮಣ್ಣ ಖಂಡ್ರೆ,Ishwar Bhimanna Khandre
1333,25/07/2013,ಯೋಜನೆ ಮತ್ತು ಸಾಂಖ್ಯಿಕ,Plan and Numerical,ಶಾಸಕರು ಅನುದಾನವನ್ನು ಖರ್ಚು ಮಾಡುವುದು,MLAs spend money,ಈಶ್ವರ್ ಭೀಮಣ್ಣ ಖಂಡ್ರೆ,Ishwar Bhimanna Khandre
1334,25/07/2013,ಯೋಜನೆ ಮತ್ತು ಸಾಂಖ್ಯಿಕ,Plan and Numerical,ರಾಜ್ಯದ ಜನಸಂಖ್ಯೆಯ ಮಾಹಿತಿ,State Population Information,ಈಶ್ವರ್ ಭೀಮಣ್ಣ ಖಂಡ್ರೆ,Ishwar Bhimanna Khandre
1335,25/07/2013,ಸಮಾಜ ಕಲ್ಯಾಣ,Social Welfare,ವಿದ್ಯಾರ್ಥಿಗಳಿಗೆ ಬಾಕಿ ಇರುವ ಶುಲ್ಕ ರಿಯಾಯಿತಿ,Pending fee for students,ಈಶ್ವರ್ ಭೀಮಣ್ಣ ಖಂಡ್ರೆ,Ishwar Bhimanna Khandre
1336,25/07/2013,ಆಹಾರ ಮತ್ತು ನಾಗರೀಕ ಸರಬರಾಜು,Food and Civil Supplies,ಬೆಂಗಳೂರು ನಗರದ ಬಿ.ಪಿ.ಎಲ್. ಮತ್ತು ಎ.ಪಿ.ಎಲ್ ಕಾರ್ಡುದಾರರು,Bangalore City BPL And APL cardholders,ಗೋಪಾಲಯ್ಯ ಕೆ.,Gopalaiah K 
1337,25/07/2013,ಆಹಾರ ಮತ್ತು ನಾಗರೀಕ ಸರಬರಾಜು,Food and Civil Supplies,ಬಿ.ಪಿ.ಎಲ್. ಮತ್ತು ಎ.ಪಿ.ಎಲ್. ಪಡಿತರ ಚೀಟಿ ನಿಯಮ ಸರಳೀಕರಣ,BPL And APL. Ration Card Rule Simplification,ಗೋಪಾಲಯ್ಯ ಕೆ.,Gopalaiah K 
1338,25/07/2013,ಸಾರಿಗೆ,Transport,ಮಹಾಲಕ್ಷ್ಮಿಪುರಂ ವಿಧಾನಸಭಾ ಕ್ಷೇತ್ರದಲ್ಲಿ ಬಸ್ ಸೌಕರ್ಯ,Bus facility in the Mahalakshmi Puram assembly constituency,ಗೋಪಾಲಯ್ಯ ಕೆ.,Gopalaiah K 
1339,25/07/2013,ಆರೋಗ್ಯ ಮತ್ತು ಕುಟುಂಬ ಕಲ್ಯಾಣ,Health and family welfare,ಬೆಂಗಳೂರು ನಗರದಲ್ಲಿರುವ ಸರ್ಕಾರಿ ಸಾರ್ವಜನಿಕ ಆಸ್ಪತ್ರೆಗಳು,Government Public Hospitals in Bangalore City,ಗೋಪಾಲಯ್ಯ ಕೆ.,Gopalaiah K 
1340,25/07/2013,ವೈದ್ಯಕೀಯ ಶಿಕ್ಷಣ,Medical education,ಬೆಂಗಳೂರು ಜಯದೇವ ಹೃದ್ರೋಗ ಆಸ್ಪತ್ರೆಗೆ ಹೆಚ್ಚಿನ ಅನುದಾನ,Bangalore Jayadeva Cardiovascular Hospital,ಗೋಪಾಲಯ್ಯ ಕೆ.,Gopalaiah K 
1341,25/07/2013,ಆರೋಗ್ಯ ಮತ್ತು ಕುಟುಂಬ ಕಲ್ಯಾಣ,Health and family welfare,ಕಿರಿಯ ಅರೋಗ್ಯ ಸಹಾಯಕರ ನೇಮಕಾತಿ,Appointment of Junior Health Assistants,ಗೋವಿಂದ ಎಂ ಕಾರಜೋಳ,Govinda M  Karajola
1342,25/07/2013,ಸಾರಿಗೆ,Transport,ಆರ್.ಟಿ.ಓ. ಕಛೇರಿಗಳಿಗೆ ಸ್ವಂತ ಕಟ್ಟಡ,RTO Offices own building,ಗುರುಪಾದಪ್ಪ ನಾಗಮಾರಪಲ್ಲಿ,Guruparappa Nagamarapally
1343,25/07/2013,ಸಾರಿಗೆ,Transport,ಹೊಸ ಬಸ್ ಗಳ ಖರೀದಿ,Buy new buses,ಗುರುಪಾದಪ್ಪ ನಾಗಮಾರಪಲ್ಲಿ,Guruparappa Nagamarapally
1344,25/07/2013,ವೈದ್ಯಕೀಯ ಶಿಕ್ಷಣ,Medical education,ವೈದ್ಯಕೀಯ ಕಾಲೇಜುಗಳಲ್ಲಿ ಸೀಟುಗಳ ಹೆಚ್ಚಳ,Seats increase in medical colleges,ಗುರುಪಾದಪ್ಪ ನಾಗಮಾರಪಲ್ಲಿ,Guruparappa Nagamarapally
1345,25/07/2013,ಆರೋಗ್ಯ ಮತ್ತು ಕುಟುಂಬ ಕಲ್ಯಾಣ,Health and family welfare,ಆರೋಗ್ಯ ಕೇಂದ್ರದಲ್ಲಿ ಖಾಲಿ ಇರುವ ಹುದ್ದೆಗಳು,Vacancies in the Health Center,ಗುರುಪಾದಪ್ಪ ನಾಗಮಾರಪಲ್ಲಿ,Guruparappa Nagamarapally
1346,25/07/2013,ಆಹಾರ ಮತ್ತು ನಾಗರೀಕ ಸರಬರಾಜು,Food and Civil Supplies,ಬೀದರ್ ಜಿಲ್ಲೆಯ ಸರ್ಕಾರಿ ನ್ಯಾಯಬೆಲೆ ಅಂಗಡಿಗಳು,Government justice shops in Bidar district,ಗುರುಪಾದಪ್ಪ ನಾಗಮಾರಪಲ್ಲಿ,Guruparappa Nagamarapally
1347,25/07/2013,ಆರೋಗ್ಯ ಮತ್ತು ಕುಟುಂಬ ಕಲ್ಯಾಣ,Health and family welfare,ಉಚಿತವಾಗಿ ಚಿಕಿತ್ಸೆ,Treatment for free,ಹಾಲಾಡಿ ಶ್ರೀನಿವಾಸ ಶೆಟ್ಟಿ,Halady Srinivasa Shetty
1348,25/07/2013,ಆಹಾರ ಮತ್ತು ನಾಗರೀಕ ಸರಬರಾಜು,Food and Civil Supplies,ಪಡಿತರ ಚೀಟಿ ತೊಂದರೆಗಳು,Ration Card Issues,ಹಾಲಾಡಿ ಶ್ರೀನಿವಾಸ ಶೆಟ್ಟಿ,Halady Srinivasa Shetty
1349,25/07/2013,ವೈದ್ಯಕೀಯ ಶಿಕ್ಷಣ,Medical education,ವೈದ್ಯಕೀಯ ಶಿಕ್ಷಣ ಪ್ರವೇಶಾವಕಾಶಗಳು,Access to Medical Education,ಹ್ಯಾರೀಸ್ ಎನ್. ಎ.,Harris N A
1350,25/07/2013,ಸಾರಿಗೆ,Transport,ವಾಹನಗಳಿಗೆ ಹೆಡ್ ಲೈಟ್ಸ್ ಅಳವಡಿಕೆ ನಿಯಮಗಳು,Head Lights Insertion Rules for Vehicles,ಹ್ಯಾರೀಸ್ ಎನ್. ಎ.,Harris N A
1351,25/07/2013,ಸಮಾಜ ಕಲ್ಯಾಣ,Social Welfare,ಹಿಂದುಳಿದ ವರ್ಗಗಳ ಅಭಿವೃದ್ದಿ ಯೋಜನೆಗಳು,Backward Classes Development Projects,ಹ್ಯಾರೀಸ್ ಎನ್. ಎ.,Harris N A
1352,25/07/2013,ಆರೋಗ್ಯ ಮತ್ತು ಕುಟುಂಬ ಕಲ್ಯಾಣ,Health and family welfare,ರಾಷ್ಟ್ರೀಯ ಗ್ರಾಮೀಣ ಆರೋಗ್ಯ ಅಭಿಯಾನ,National Rural Health Mission,ಹ್ಯಾರೀಸ್ ಎನ್. ಎ.,Harris N A
1353,25/07/2013,ಆಹಾರ ಮತ್ತು ನಾಗರೀಕ ಸರಬರಾಜು,Food and Civil Supplies,ಪಡಿತರ ಸರಬರಾಜು ವ್ಯವಸ್ಥೆ,Ration Supply System,ಹ್ಯಾರೀಸ್ ಎನ್. ಎ.,Harris N A
1354,25/07/2013,ಆರೋಗ್ಯ ಮತ್ತು ಕುಟುಂಬ ಕಲ್ಯಾಣ,Health and family welfare,ಸರ್ಕಾರಿ ಸಾರ್ವಜನಿಕ ಆಸ್ಪತ್ರೆಗಳು,Government Public Hospitals,ಜಗದೀಶ್ ಕುಮಾರ್ ಆರ್.,Jagdish Kumar R 
1355,25/07/2013,ಆರೋಗ್ಯ ಮತ್ತು ಕುಟುಂಬ ಕಲ್ಯಾಣ,Health and family welfare,ಹೆಚ್.ಐ.ವಿ. ಪೀಡಿತರಿಗೆ ಮಾಶಾಸನ ನೀಡುವುದು,HIV Issues to the victims,ಜಗದೀಶ್ ಶೆಟ್ಡರ್,Jagadish Shettar
1356,25/07/2013,ಆರೋಗ್ಯ ಮತ್ತು ಕುಟುಂಬ ಕಲ್ಯಾಣ,Health and family welfare,ಖಾಲಿ ಇರುವ ಹುದ್ದೆಗಳನ್ನು ಭರ್ತಿ ಮಾಡುವುದು,Fill out vacant posts,ಜಗದೀಶ್ ಶೆಟ್ಡರ್,Jagadish Shettar
1357,25/07/2013,ಆಹಾರ ಮತ್ತು ನಾಗರೀಕ ಸರಬರಾಜು,Food and Civil Supplies,ನಕಲಿ ಬಿ.ಪಿ.ಎಲ್. ಪಡಿತರ ಚೀಟಿಗಳು,Fake BPL Ration cards,ಜಗದೀಶ್ ಶೆಟ್ಡರ್,Jagadish Shettar
1358,25/07/2013,ಆರೋಗ್ಯ ಮತ್ತು ಕುಟುಂಬ ಕಲ್ಯಾಣ,Health and family welfare,ಆಶಾ ಕಾರ್ಯಕರ್ತೆಯರಿಗೆ ಬಾಕಿ ಇರುವ ಮಾಶಾಸನ ನೀಡುವುದು,Asha has to offer the masseas to the worker,ಜಗದೀಶ್ ಶೆಟ್ಡರ್,Jagadish Shettar
1359,25/07/2013,ಸಮಾಜ ಕಲ್ಯಾಣ,Social Welfare,ಮೊರಾರ್ಜಿ ವಸತಿ ಶಾಲೆಗಳ ಶಿಕ್ಷಕರಿಗೆ ಬಾಕಿ ವೇತನ ನೀಡುವುದು,Paying salaries to teachers of Morarji Estate Schools,ಜಗದೀಶ್ ಶೆಟ್ಡರ್,Jagadish Shettar
1360,25/07/2013,ಸಮಾಜ ಕಲ್ಯಾಣ,Social Welfare,ವಾಜಪೇಯಿ ವಸತಿ ಶಾಲೆಗಳು,Vajpayee Residential Schools,ಜೀವರಾಜ್ ಡಿ.ಎನ್.,Jivaraj DN
1361,25/07/2013,ಆಹಾರ ಮತ್ತು ನಾಗರೀಕ ಸರಬರಾಜು,Food and Civil Supplies,ರಾಜ್ಯದಲ್ಲಿರುವ ಪಡಿತರ ಚೀಟಿಗಳ ಸಂಖ್ಯೆ,Number of ration cards in the state,ಜೀವರಾಜ್ ಡಿ.ಎನ್.,Jivaraj DN
1362,25/07/2013,ಆಹಾರ ಮತ್ತು ನಾಗರೀಕ ಸರಬರಾಜು,Food and Civil Supplies,ಹೊಸ ಪಡಿತರ ಚೀಟಿಗಳ ನೋಂದಣಿ,Registration of new ration cards,ಜೊಲ್ಲೆ ಶಿಶಿಕಲಾ ಅಣ್ಣಾಸಾಹೇಬ್,Joel Shishikala Annasaheb
1363,25/07/2013,ಸಾರಿಗೆ,Transport,ನಿಪ್ಪಾಣಿ ನಗರದಿಂದ ಅಂತರಾಜ್ಯಕ್ಕೆ ಹೆಚ್ಚುವರಿ ಬಸ್ ಸೌಲಭ್ಯ,Additional bus facility from Nippani city to the state,ಜೊಲ್ಲೆ ಶಿಶಿಕಲಾ ಅಣ್ಣಾಸಾಹೇಬ್,Joel Shishikala Annasaheb
1364,25/07/2013,ಸಾರಿಗೆ,Transport,ನಿಪ್ಪಾಣಿಯ ಬಸ್ ನಿಲ್ದಾಣದ ಅಭಿವೃದ್ಧಿ,Development of Nippani Bus Station,ಜೊಲ್ಲೆ ಶಿಶಿಕಲಾ ಅಣ್ಣಾಸಾಹೇಬ್,Joel Shishikala Annasaheb
1365,25/07/2013,ಆರೋಗ್ಯ ಮತ್ತು ಕುಟುಂಬ ಕಲ್ಯಾಣ,Health and family welfare,ನಿಪ್ಪಾಣಿ ಕ್ಷೇತ್ರದ ಆಸ್ಪತ್ರೆಗಳನ್ನು ಮೇಲ್ದರ್ಜೆಗೆ ಏರಿಸುವುದು,Upgrading Nippani field hospitals,ಜೊಲ್ಲೆ ಶಿಶಿಕಲಾ ಅಣ್ಣಾಸಾಹೇಬ್,Joel Shishikala Annasaheb
1366,25/07/2013,ಯೋಜನೆ ಮತ್ತು ಸಾಂಖ್ಯಿಕ,Plan and Numerical,ನಂಜುಡಪ್ಪ ವರದಿ,Nanjudappa report,ಕೋಳಿವಾಡ ಕೆ.ಬಿ.,Kolivada kb
1367,25/07/2013,ಆರೋಗ್ಯ ಮತ್ತು ಕುಟುಂಬ ಕಲ್ಯಾಣ,Health and family welfare,ರಾಣೇಬೆನ್ನೂರು ಸಾರ್ವಜನಿಕ ಆಸ್ಪತ್ರೆ ಹಾಸಿಗೆಗಳು,Ranebennur Public Hospital Beds,ಕೋಳಿವಾಡ ಕೆ.ಬಿ.,Kolivada kb
1368,25/07/2013,ಆಹಾರ ಮತ್ತು ನಾಗರೀಕ ಸರಬರಾಜು,Food and Civil Supplies,ಪಡಿತರ ಚೀಟಿ ನೀಡಿಕೆ,Issue of Ration Card,ಕೋನರೆಡ್ಡಿ ಎನ್. ಎಚ್.,Konareddy N  H 
1369,25/07/2013,ಆರೋಗ್ಯ ಮತ್ತು ಕುಟುಂಬ ಕಲ್ಯಾಣ,Health and family welfare,ಚಿಂತಾಮಣಿ ಸಾರ್ವಜನಿಕ ಆಸ್ಪತ್ರೆ,Chintamani Public Hospital,ಕೃಷ್ಣಾ ರೆಡ್ಡಿ ಎಂ,Krishna Reddy M 
1370,25/07/2013,ಆರೋಗ್ಯ ಮತ್ತು ಕುಟುಂಬ ಕಲ್ಯಾಣ,Health and family welfare,ಕಟ್ಟಾಯ ಹೋಬಳಿಗೆ ಪ್ರಾಥಮಿಕ ಆರೋಗ್ಯ ಕೇಂದ್ರ,Hobbies Primary Health Center,ಕುಮಾರಸ್ವಾಮಿ ಹೆಚ್.ಕೆ.,Kumaraswamy HK
1371,25/07/2013,ಸಾರಿಗೆ,Transport,ಸಕಲೇಶಪುರ ಕೆ.ಎಸ್.ಆರ್.ಟಿ.ಸಿ. ಘಟಕ,Sacaleshpur KSRTC Unit,ಕುಮಾರಸ್ವಾಮಿ ಹೆಚ್.ಕೆ.,Kumaraswamy HK
1372,25/07/2013,ಸಮಾಜ ಕಲ್ಯಾಣ,Social Welfare,ಪರಿಶಿಷ್ಟ ಜಾತಿ /ಪರಿಶಿಷ್ಟ ಪಂಗಡದ ಜಮೀನುಗಳಿಗೆ ಕೊಳವೆ ಬಾವಿ,Pipe well for Scheduled Castes / Scheduled Tribes,ಕುಮಾರಸ್ವಾಮಿ ಹೆಚ್.ಕೆ.,Kumaraswamy HK
1373,25/07/2013,ಸಮಾಜ ಕಲ್ಯಾಣ,Social Welfare,ಬ್ಯಾಕ್ ಲಾಗ್ ಹುದ್ದೆಗಳ ನೇಮಕಾತಿ,Recruitment of backlog posts,ಕುಮಾರಸ್ವಾಮಿ ಹೆಚ್.ಕೆ.,Kumaraswamy HK
1374,25/07/2013,ಆಹಾರ ಮತ್ತು ನಾಗರೀಕ ಸರಬರಾಜು,Food and Civil Supplies,ನ್ಯಾಯಬೆಲೆ ಅಂಗಡಿಗಳು,Fair price shops,ಕುಮಾರಸ್ವಾಮಿ ಹೆಚ್.ಕೆ.,Kumaraswamy HK
1375,25/07/2013,ಆರೋಗ್ಯ ಮತ್ತು ಕುಟುಂಬ ಕಲ್ಯಾಣ,Health and family welfare,ಆಸ್ಪತ್ರೆಗಳಲ್ಲಿ ಖಾಲಿ ಇರುವ ಮಹಿಳಾ ವೈದ್ಯಾದಿಕಾರಿಗಳ ಹುದ್ದೆಗಳು,Employees of vacant women vacancies in hospitals,ಮಲ್ಲಿಕಾರ್ಜುನ ಸಿದ್ದರಾಮಪ್ಪ ಖೂಬಾ,Mallikarjuna Siddarappa Khuba
1376,25/07/2013,ಸಾರಿಗೆ,Transport,ಹೊಸ ಚೆಕ್ ಪೋಸ್ಟ್ ಗಳ ಸ್ಥಾಪನೆ,Establishing new check posts,ಮಲ್ಲಿಕಾರ್ಜುನ ಸಿದ್ದರಾಮಪ್ಪ ಖೂಬಾ,Mallikarjuna Siddarappa Khuba
1377,25/07/2013,ಸಾರಿಗೆ,Transport,ಸಾರಿಗೆ ಇಲಾಖೆಯಲ್ಲಿ ಮಾಡಿರುವ ಖರ್ಚಿನ ವಿವರಗಳು,Details of the expenses incurred in the transport department,ಮಲ್ಲಿಕಾರ್ಜುನ ಸಿದ್ದರಾಮಪ್ಪ ಖೂಬಾ,Mallikarjuna Siddarappa Khuba
1378,25/07/2013,ಸಾರಿಗೆ,Transport,ಸಾರಿಗೆ ಇಲಾಖೆಯ ಅಧೀನದಲ್ಲಿ ಬರುವ ನಿಗಮಗಳು,Corporations under the Transport Department,ಮಲ್ಲಿಕಾರ್ಜುನ ಸಿದ್ದರಾಮಪ್ಪ ಖೂಬಾ,Mallikarjuna Siddarappa Khuba
1379,25/07/2013,ಆರೋಗ್ಯ ಮತ್ತು ಕುಟುಂಬ ಕಲ್ಯಾಣ,Health and family welfare,ಸರ್ಕಾರಿ ಆಸ್ಪತ್ರೆಗಳಲ್ಲಿರುವ ಸೌಲಭ್ಯಗಳು,Facilities in Government Hospitals,ಮಲ್ಲಿಕಾರ್ಜುನ ಸಿದ್ದರಾಮಪ್ಪ ಖೂಬಾ,Mallikarjuna Siddarappa Khuba
1380,25/07/2013,ಸಾರಿಗೆ,Transport,RTO ಕಛೇರಿ ಪ್ರಾರಂಭ,RTO Office Launch,ಮಾನಪ್ಪ ಡಿ. ವಜ್ಜಲ್,Manappa D  Vajzal
1381,25/07/2013,ಸಾರಿಗೆ,Transport,ಟಿ.ಟಿ.ಎಂ.ಸಿ.ಗಳ ಕಾಮಗಾರಿಗಳು,Works of TTMCs,ಮಂಜು ಎ.,Manju A
1382,25/07/2013,ಸಾರಿಗೆ,Transport,ವಾಹನಗಳನ್ನು ಖರೀದಿಸಿದ ವಿವರಗಳು,Details of vehicles purchased,ಮಂಜು ಎ.,Manju A
1383,25/07/2013,ಸಾರಿಗೆ,Transport,ಅಪಘಾತ ಹೊಂದಿದ ನೌಕರರಿಗೆ ಲಘು ಕೆಲಸಕ್ಕೆ,For mild work for accidental employees,ಮಂಜುನಾಥ್ ಹೆಚ್.ಪಿ.,Manjunath H P 
1384,25/07/2013,ಸಮಾಜ ಕಲ್ಯಾಣ,Social Welfare,ಅನುದಾನ ಬಿಡುಗಡೆ,Grant Release,ಮೇಟಿ ಹುಲ್ಲಪ್ಪ ಯಮನಪ್ಪ,Mate hullappa yamanappa
1385,25/07/2013,ಸಾರಿಗೆ,Transport,ಪೀಣ್ಯ ಕೈಗಾರಿಕಾ ಪ್ರದೇಶದ ಬಸ್ ನಿಲ್ದಾಣ,Bus Station of the Peenya Industrial Area,ಮುನಿರಾಜು ಎಸ್.,Muniraju S 
1386,25/07/2013,ಸಮಾಜ ಕಲ್ಯಾಣ,Social Welfare,ವಾಲ್ಮೀಕಿ ಭವನದ ನಿರ್ಮಾಣ,Construction of Valmiki Bhavan,ನಾಗೇಂದ್ರ ಬಿ.,Nagendra B 
1387,25/07/2013,ಸಮಾಜ ಕಲ್ಯಾಣ,Social Welfare,ಗಂಗಾ ಕಲ್ಯಾಣ ಯೋಜನೆ,Ganga Welfare Scheme,ನಾಗೇಂದ್ರ ಬಿ.,Nagendra B 
1388,25/07/2013,ಯೋಜನೆ ಮತ್ತು ಸಾಂಖ್ಯಿಕ,Plan and Numerical,ಹೈದ್ರಾಬಾದ್ - ಕರ್ನಾಟಕ ಪ್ರದೇಶಾಬಿವೃದ್ಧಿ ಮಂಡಳಿಯಿಂದ ಮಂಜೂರಾದ ಅನುದಾನ,Grants sanctioned by Hyderabad - Karnataka Area Development Board,ನಾಗೇಂದ್ರ ಬಿ.,Nagendra B 
1389,25/07/2013,ಸಾರಿಗೆ,Transport,ಬಸ್ ನಿಲ್ದಾಣ ನಿರ್ಮಾಣ,Construction of the bus stand,ನಾಗೇಂದ್ರ ಬಿ.,Nagendra B 
1390,25/07/2013,ಆರೋಗ್ಯ ಮತ್ತು ಕುಟುಂಬ ಕಲ್ಯಾಣ,Health and family welfare,ಖಾಲಿಯಿರುವ ಹುದ್ದೆಗಳು,Vacant posts,ನಾಗೇಂದ್ರ ಬಿ.,Nagendra B 
1391,25/07/2013,ಆರೋಗ್ಯ ಮತ್ತು ಕುಟುಂಬ ಕಲ್ಯಾಣ,Health and family welfare,ಕಲಕೇರಿ ಸರ್ಕಾರಿ ಪ್ರಾಥಮಿಕ ಆರೋಗ್ಯ ಕೇಂದ್ರ,Kalkari Government Primary Health Center,ಪಾಟೀಲ್ ಎ.ಎಸ್.,Patil AS
1392,25/07/2013,ಯೋಜನೆ ಮತ್ತು ಸಾಂಖ್ಯಿಕ,Plan and Numerical,ಬಯಲುಸೀಮೆ ಅಭಿವೃದ್ದಿ ಮಂಡಳಿಗೆ ಅನುದಾನ ಮಂಜೂರಾತಿ,Grant Allowance for Plain Development Board,ಪಾಟೀಲ್ ಎ.ಎಸ್.,Patil AS
1393,25/07/2013,ಆಹಾರ ಮತ್ತು ನಾಗರೀಕ ಸರಬರಾಜು,Food and Civil Supplies,ಉತ್ತರ ಕರ್ನಾಟಕದ ಜನರ ಮುಖ್ಯ ಆಹಾರ ಜೋಳ ವಿತರಣೆ,Delivery of corn food to the people of northern Karnataka,ಪಾಟೀಲ್ ಬಿ.ಆರ್.,Patil BR
1394,25/07/2013,ಸಾರಿಗೆ,Transport,ದೇವನಹಳ್ಳಿ ತಾಲ್ಲೂಕು ವಿಜಯಪುರದಲ್ಲಿ ಬಸ್ ಡಿಪೋ,"Bus Depot at Vijayapura, Devanahalli Taluk",ಪಿಳ್ಳ ಮುನಿಶಾಮಪ್ಪ,Pillai Munisamappa
1395,25/07/2013,ಸಾರಿಗೆ,Transport,ಆಟೋಗಳಿಗೆ ಜಿ.ಪಿ.ಆರ್.ಎಸ್.,GPSR for Autos,ಪಿಳ್ಳ ಮುನಿಶಾಮಪ್ಪ,Pillai Munisamappa
1396,25/07/2013,ಸಾರಿಗೆ,Transport,ಹಾಸನದ ನೂತನ ಬಸ್ ನಿಲ್ದಾಣದಲ್ಲಿರುವ ಮಳಿಗೆಗಳು,Shops at Hassan's new bus stand,ಪ್ರಕಾಶ್ ಹೆಚ್.ಎಸ್.,Prakash HS
1397,25/07/2013,ವೈದ್ಯಕೀಯ ಶಿಕ್ಷಣ,Medical education,ಮೆಡಿಕಲ್ ಕಾಲೇಜಿನ ಸೀಟುಗಳ ನ್ನು ಹೆಚ್ಚಿಸುವುದು,Increasing Seats of Medical College,ಪ್ರಕಾಶ್ ಹೆಚ್.ಎಸ್.,Prakash HS
1398,25/07/2013,ಆರೋಗ್ಯ ಮತ್ತು ಕುಟುಂಬ ಕಲ್ಯಾಣ,Health and family welfare,ಖಾಲಿಯಿರುವ ಸಿಬ್ಬಂದಿ ವರ್ಗ,Empty staff,ಪ್ರಮೋದ್ ಮಧ್ವರಾಜ್,Pramod Madhwaraj
1399,25/07/2013,ಆಹಾರ ಮತ್ತು ನಾಗರೀಕ ಸರಬರಾಜು,Food and Civil Supplies,ಪಡಿತರ ಚೀಟಿ,Ration card,ಪ್ರಮೋದ್ ಮಧ್ವರಾಜ್,Pramod Madhwaraj
1400,25/07/2013,ಸಾರಿಗೆ,Transport,ಆಟೋ ಚಾಲನೆ ಪರವಾನಗಿ ಪಡೆಯಲು ನಿಯಮ ನಿಗದಿಪಡಿಸಿರುವುದು,Rule is set to get auto driving license,ಪ್ರಸನ್ನ ಕುಮಾರ್ ಕೆ.ಬಿ.,Prasanna Kumar KB
1401,25/07/2013,ಸಮಾಜ ಕಲ್ಯಾಣ,Social Welfare,ಮೊರಾರ್ಜಿ ದೇಸಾಯಿ ವಸತಿ ನಿಲಯ,Morarji Desai Residence,ಪ್ರಸನ್ನ ಕುಮಾರ್ ಕೆ.ಬಿ.,Prasanna Kumar KB
1402,25/07/2013,ಆರೋಗ್ಯ ಮತ್ತು ಕುಟುಂಬ ಕಲ್ಯಾಣ,Health and family welfare,ಆಶಾ ಕಾರ್ಯಕರ್ತೆಯರು,Asha's worker,ಪ್ರಸನ್ನ ಕುಮಾರ್ ಕೆ.ಬಿ.,Prasanna Kumar KB
1403,25/07/2013,ಆರೋಗ್ಯ ಮತ್ತು ಕುಟುಂಬ ಕಲ್ಯಾಣ,Health and family welfare,ಪ್ರಾಥಮಿಕ ಆರೋಗ್ಯ ಕೇಂದ್ರಗಳಲ್ಲಿ ಔಷಧಿ ಕೊರತೆ,Medication deficiency at primary health centers,ಪ್ರಸನ್ನ ಕುಮಾರ್ ಕೆ.ಬಿ.,Prasanna Kumar KB
1404,25/07/2013,ಆರೋಗ್ಯ ಮತ್ತು ಕುಟುಂಬ ಕಲ್ಯಾಣ,Health and family welfare,ಮೆಗ್ಗಾನ್ ಆಸ್ಪತ್ರೆಯ ಸಿಬ್ಬಂದಿಗಳು,McGann Hospital staff,ಪ್ರಸನ್ನ ಕುಮಾರ್ ಕೆ.ಬಿ.,Prasanna Kumar KB
1405,25/07/2013,ಸಮಾಜ ಕಲ್ಯಾಣ,Social Welfare,ಮಸ್ಕಿ ಪಟ್ಟಣಕ್ಕೆ ಕಾಲೇಜುಗಳು ಮತ್ತು ಹಾಸ್ಟೆಲ್ ಗಳು,Colleges and hostels for Masky town,ಪ್ರತಾಪಗೌಡ ಪಾಟೀಲ್,Pratap Gowda Patil
1406,25/07/2013,ಸಮಾಜ ಕಲ್ಯಾಣ,Social Welfare,ಮೊರಾರ್ಜಿ ಹಾಗು ಎಸ್.ಸಿ. ಶಾಲೆ ಕಟ್ಟಡ,Morarji and SC School building,ಪ್ರತಾಪಗೌಡ ಪಾಟೀಲ್,Pratap Gowda Patil
1407,25/07/2013,ಆರೋಗ್ಯ ಮತ್ತು ಕುಟುಂಬ ಕಲ್ಯಾಣ,Health and family welfare,ಮಹಿಳೆಯರಿಗೆ ಉಚಿತ ಚಿಕಿತ್ಸೆ ನೀಡುವುದು,Free treatment for women,ಪುಟ್ಟಣ್ಣಯ್ಯ ಕೆ.ಎಸ್.,Puttannaiah K S 
1408,25/07/2013,ಆರೋಗ್ಯ ಮತ್ತು ಕುಟುಂಬ ಕಲ್ಯಾಣ,Health and family welfare,ವೈದ್ಯರ ಮತ್ತು ಸಿಬ್ಬಂದಿಗಳ ಕೊರತೆ,Lack of doctors and staff,ಪುಟ್ಟಣ್ಣಯ್ಯ ಕೆ.ಎಸ್.,Puttannaiah K S 
1409,25/07/2013,ಸಾರಿಗೆ,Transport,ಬಸ್ ಸೌಲಭ್ಯ ನೀಡುವುದು,Bus facility,ಪುಟ್ಟಣ್ಣಯ್ಯ ಕೆ.ಎಸ್.,Puttannaiah K S 
1410,25/07/2013,ಸಮಾಜ ಕಲ್ಯಾಣ,Social Welfare,ಗಂಗಾ ಕಲ್ಯಾಣ ಯೋಜನೆ,Ganga Welfare Scheme,ರಾಜಣ್ಣ ಎಂ,Rajanna M 
1411,25/07/2013,ಸಮಾಜ ಕಲ್ಯಾಣ,Social Welfare,ಶಿಡ್ಲಘಟ್ಟ ತಾಲೂಕಿನಲ್ಲಿರುವ ವಿದ್ಯಾರ್ಥಿ ನಿಲಯಗಳು,Student Residences in Shidlaghatta Taluk,ರಾಜಣ್ಣ ಎಂ,Rajanna M 
1412,25/07/2013,ಸಮಾಜ ಕಲ್ಯಾಣ,Social Welfare,ಶಿಡ್ಲಘಟ್ಟ ತಾಲೂಕಿನಲ್ಲಿ KSRTC ಬಸ್ ಡಿಪೋ ನಿರ್ಮಿಸುವುದು,Building KSRTC bus depot in Shidlaghatta taluk,ರಾಜಣ್ಣ ಎಂ,Rajanna M 
1413,25/07/2013,ಆಹಾರ ಮತ್ತು ನಾಗರೀಕ ಸರಬರಾಜು,Food and Civil Supplies,ನ್ಯಾಯಬೆಲೆ ಅಂಗಡಿ,Fair price shop,ರಾಜೀವ್ ಪಿ.,Rajiv P 
1414,25/07/2013,ವಿಜ್ಞಾನ ಮತ್ತು ತಂತ್ರಜ್ಞಾನ,Science and Technology,ನೀರು ಸಂಸ್ಕರಣ ಹಾಗು ಸಂಶೋಧನಾ ಘಟಕ,Water treatment and research unit,ರಾಜೀವ್ ಪಿ.,Rajiv P 
1415,25/07/2013,ಸಮಾಜ ಕಲ್ಯಾಣ,Social Welfare,ಕಟ್ಟಡ ಮತ್ತು ವಿದ್ಯಾರ್ಥಿಗಳಿಗೆ ಸವಲತ್ತು,Building and students are privileged,ರಾಮಕೃಷ್ಣ ಜಿ.,Ramakrishna G 
1416,25/07/2013,ಆರೋಗ್ಯ ಮತ್ತು ಕುಟುಂಬ ಕಲ್ಯಾಣ,Health and family welfare,ಸಿಬ್ಬಂದಿ ಮತ್ತು ವೈದ್ಯಾಧಿಕಾರಿಗಳ ಕೊರತೆ,Lack of staff and clinicians,ರಾಮಕೃಷ್ಣ ಜಿ.,Ramakrishna G 
1417,25/07/2013,ಸಮಾಜ ಕಲ್ಯಾಣ,Social Welfare,ವಸತಿ ಶಾಲೆ,Boarding school,ರಾಮಕೃಷ್ಣ ಜಿ.,Ramakrishna G 
1418,25/07/2013,ವೈದ್ಯಕೀಯ ಶಿಕ್ಷಣ,Medical education,ವೈದ್ಯಕೀಯ ಕಾಲೇಜು ಸ್ಥಾಪನೆ,Establishment of Medical College,ರವಿ ಸಿ.ಟಿ.,Ravi CT
1419,25/07/2013,ಸಾರಿಗೆ,Transport,ರಾಜ್ಯದಲ್ಲಿರುವ ಸರ್ಕಾರಿ ಬಸ್ಸುಗಳು,Government buses in the state,ರವಿ ಸಿ.ಟಿ.,Ravi CT
1420,25/07/2013,ಆಹಾರ ಮತ್ತು ನಾಗರೀಕ ಸರಬರಾಜು,Food and Civil Supplies,ಪ್ರಸ್ತುತ ಜಾರಿಯಲ್ಲಿರುವ ಪಡಿತರ ಚೀಟಿಗಳು,Ration cards currently in place,ರವಿ ಸಿ.ಟಿ.,Ravi CT
1421,25/07/2013,ಆಹಾರ ಮತ್ತು ನಾಗರೀಕ ಸರಬರಾಜು,Food and Civil Supplies,ಗ್ರಾಮೀಣ ಪ್ರದೇಶದಲ್ಲಿ ಅಕ್ಕಿ ಮುಂತಾದ ಧಾನ್ಯಗಳು ನೀಡುವ ಬಗ್ಗೆ,Providing grains such as rice in rural areas,ರವಿ ಸಿ.ಟಿ.,Ravi CT
1422,25/07/2013,ಆಹಾರ ಮತ್ತು ನಾಗರೀಕ ಸರಬರಾಜು,Food and Civil Supplies,ಜಾರಿಗೆ ತರಲಿರುವ 1 ರೂಪಾಯಿಗೆ 1 ಕೆ.ಜಿ. ಅಕ್ಕೆ,1 kg to 1 rupees to be implemented Yes,ರವಿ ಸಿ.ಟಿ.,Ravi CT
1423,25/07/2013,ಸಾರಿಗೆ,Transport,Marcopolo A/c ಬಸ್ ಗಳಿಗೆ ಮಾಸಿಕ ಪಾಸು ನೀಡುವುದು,Marcopolo A / c bus monthly,ರವಿ ಸುಬ್ರಮಣ್ಯ ಎಲ್.ಎ.,Ravi Subramanya L A 
1424,25/07/2013,ಆಹಾರ ಮತ್ತು ನಾಗರೀಕ ಸರಬರಾಜು,Food and Civil Supplies,ಪಡಿತರ ಚೀಟಿ ನವೀಕರಣ,Ration card renewal,ರವಿ ಸುಬ್ರಮಣ್ಯ ಎಲ್.ಎ.,Ravi Subramanya L A 
1425,25/07/2013,ಆರೋಗ್ಯ ಮತ್ತು ಕುಟುಂಬ ಕಲ್ಯಾಣ,Health and family welfare,ಸಮುದಾಯ ಆರೋಗ್ಯ ಕೇಂದ್ರಗಳು,Community Health Centers,ರೇವಣ್ಣ ಹೆಚ್.ಡಿ.,Revanna HD
1426,25/07/2013,ಆರೋಗ್ಯ ಮತ್ತು ಕುಟುಂಬ ಕಲ್ಯಾಣ,Health and family welfare,ಡಯಾಲಿಸಿಸ್ ಮತ್ತು ಡಯಾಬೀಟೀಸ್ ಕೇಂದ್ರಗಳು,Dialysis and Diabetes Centers,ರೇವಣ್ಣ ಹೆಚ್.ಡಿ.,Revanna HD
1427,25/07/2013,ಆರೋಗ್ಯ ಮತ್ತು ಕುಟುಂಬ ಕಲ್ಯಾಣ,Health and family welfare,ಆಸ್ಪತ್ರೆ ಸಿಬ್ಬಂದಿ,Hospital staff,ರೇವಣ್ಣ ಹೆಚ್.ಡಿ.,Revanna HD
1428,25/07/2013,ಸಮಾಜ ಕಲ್ಯಾಣ,Social Welfare,ವಿದ್ಯಾರ್ಥಿ ನಿಲಯಗಳು,Student Residences,ರೇವಣ್ಣ ಹೆಚ್.ಡಿ.,Revanna HD
1429,25/07/2013,ಸಾರಿಗೆ,Transport,ಬಸ್ ನಿಲ್ದಾಣ ವಿಸ್ತರಣೆ,Bus Station Extension,ರುದ್ರೇಶ್ ಗೌಡ ವೈ.ಎನ್.,Rudresh Gowda Y N 
1430,25/07/2013,ಸಾರಿಗೆ,Transport,ಬಸ್ ಡಿಪೋ ನಿರ್ಮಾಣ,Construction of bus depot,ರುದ್ರೇಶ್ ಗೌಡ ವೈ.ಎನ್.,Rudresh Gowda Y N 
1431,25/07/2013,ಆರೋಗ್ಯ ಮತ್ತು ಕುಟುಂಬ ಕಲ್ಯಾಣ,Health and family welfare,ಸಮುದಾಯ ಕೇಂದ್ರ ಕಟ್ಟಡ,Community center building,ರುದ್ರೇಶ್ ಗೌಡ ವೈ.ಎನ್.,Rudresh Gowda Y N 
1432,25/07/2013,ಸಾರಿಗೆ,Transport,ಬಸ್ ಘಟಕ ಸ್ಥಾಪಿಸುವುದು,Establishment of the bus unit,ಶಾರದಾ ಮೋಹನ ಶೆಟ್ಟಿ,Sharada Mohana Shetty
1433,25/07/2013,ಸಮಾಜ ಕಲ್ಯಾಣ,Social Welfare,ಮೊರಾರ್ಜಿ ದೇಸಾಯಿ ವಸತಿ ಶಾಲೆ,Morarji Desai Residential School,ಶಾರದಾ ಮೋಹನ ಶೆಟ್ಟಿ,Sharada Mohana Shetty
1434,25/07/2013,ಸಮಾಜ ಕಲ್ಯಾಣ,Social Welfare,ಮೆಟ್ರಿಕ್ ಪೂರ್ವ ಮತ್ತು ಮೆಟ್ರಿಕ್ ನಂತರದ ವಸತಿ ನಿಲಯಗಳು,Metric pre-and post-metric housing,ಶಾರದಾ ಮೋಹನ ಶೆಟ್ಟಿ,Sharada Mohana Shetty
1435,25/07/2013,ಆರೋಗ್ಯ ಮತ್ತು ಕುಟುಂಬ ಕಲ್ಯಾಣ,Health and family welfare,ಪ್ರಾಥಮಿಕ ಆರೋಗ್ಯ ಕೇಂದ್ರ,Primary Health Center,ಶಾರದಾ ಮೋಹನ ಶೆಟ್ಟಿ,Sharada Mohana Shetty
1436,25/07/2013,ಸಮಾಜ ಕಲ್ಯಾಣ,Social Welfare,ವಿದ್ಯಾರ್ಥಿ ನಿಲಯಗಳು,Student Residences,ಶಿವಲಿಂಗೇಗೌಡ ಕೆ.ಎಂ.,Shivalinge Gowda KM
1437,25/07/2013,ಸಮಾಜ ಕಲ್ಯಾಣ,Social Welfare,ವಿದ್ಯಾರ್ಥಿ ನಿಲಯಗಳು,Student Residences,ಶಿವಲಿಂಗೇಗೌಡ ಕೆ.ಎಂ.,Shivalinge Gowda KM
1438,25/07/2013,ಸಮಾಜ ಕಲ್ಯಾಣ,Social Welfare,ವಸತಿ ಶಾಲೆಗಳು,Residential schools,ಶಿವಲಿಂಗೇಗೌಡ ಕೆ.ಎಂ.,Shivalinge Gowda KM
1439,25/07/2013,ಸಾರಿಗೆ,Transport,ಆಟೋ ಚಾಲಕರಿಗೆ ಪರವಾನಗಿ,Licensed to Auto Drivers,ಶಿವಲಿಂಗೇಗೌಡ ಕೆ.ಎಂ.,Shivalinge Gowda KM
1440,25/07/2013,ಆರೋಗ್ಯ ಮತ್ತು ಕುಟುಂಬ ಕಲ್ಯಾಣ,Health and family welfare,ಹಣ ದುರ್ಭಳಕೆ,Money is bad,ಶಿವಲಿಂಗೇಗೌಡ ಕೆ.ಎಂ.,Shivalinge Gowda KM
1441,25/07/2013,ಯೋಜನೆ ಮತ್ತು ಸಾಂಖ್ಯಿಕ,Plan and Numerical,ಡಾ. ನಂಜುಂಡಪ್ಪ ವರದಿ ಅನುಷ್ಠಾನ,Dr. Nanjundappa report implementation,ಸುಬ್ಬಾರೆಡ್ಡಿ ಎಸ್.ಎನ್.,Subburdy SN
1442,25/07/2013,ಸಮಾಜ ಕಲ್ಯಾಣ,Social Welfare,ಕೊಳವೆ ಬಾವಿಗಳು,Nozzle wells,ಸುಧಾಕರ ಲಾಲ್ ಪಿ.ಆರ್.,Sudhakar Lal PR
1443,25/07/2013,ಸಮಾಜ ಕಲ್ಯಾಣ,Social Welfare,ಅಲೆಮಾರಿ ಮತ್ತು ಅರೆ ಅಲೆಮಾರಿ ಜನಾಂಗದ ಮಕ್ಕಳಿಗೆ ಉಚಿತ ಶಿಕ್ಷಣ,Free education for nomadic and semi-nomadic children,ಸುಧಾಕರ ಲಾಲ್ ಪಿ.ಆರ್.,Sudhakar Lal PR
1444,25/07/2013,ಆರೋಗ್ಯ ಮತ್ತು ಕುಟುಂಬ ಕಲ್ಯಾಣ,Health and family welfare,ವೈದ್ಯರುಗಳ ಕೊರತೆ,Lack of doctors,ಸುಧಾಕರ ಲಾಲ್ ಪಿ.ಆರ್.,Sudhakar Lal PR
1445,25/07/2013,ಆರೋಗ್ಯ ಮತ್ತು ಕುಟುಂಬ ಕಲ್ಯಾಣ,Health and family welfare,ವಾಜಪೇಯಿ ಆರೋಗ್ಯ ಶ್ರೀ ಯೋಜನೆಯಡಿ ಚಿಕಿತ್ಸೆ,Treatment of Vajpayee Health Shri Scheme,ಸುಧಾಕರ ಲಾಲ್ ಪಿ.ಆರ್.,Sudhakar Lal PR
1446,25/07/2013,ಆರೋಗ್ಯ ಮತ್ತು ಕುಟುಂಬ ಕಲ್ಯಾಣ,Health and family welfare,ಬೆಂಗಳೂರು ಕಿದ್ವಾಯಿ ಆಸ್ಪತ್ರೆ,Bangalore Kidwai Hospital,ಸುಧಾಕರ ಲಾಲ್ ಪಿ.ಆರ್.,Sudhakar Lal PR
1447,25/07/2013,ಆರೋಗ್ಯ ಮತ್ತು ಕುಟುಂಬ ಕಲ್ಯಾಣ,Health and family welfare,ಗೌರವಧನ,Honor,ಸುನೀಲ್ ಕುಮಾರ್ ವಿ.,Sunil Kumar V 
1448,25/07/2013,ಯೋಜನೆ ಮತ್ತು ಸಾಂಖ್ಯಿಕ,Plan and Numerical,ಕರಾವಳಿ ಅಭಿವೃದ್ಧಿ ಪ್ರಾಧಿಕಾರ,Coastal Development Authority,ಸುನೀಲ್ ಕುಮಾರ್ ವಿ.,Sunil Kumar V 
1449,25/07/2013,ಸಾರಿಗೆ,Transport,ಸಾರಿಗೆ ಸಂಸ್ಥೆ ಬಸ್ಸುಗಳು,Transportation Agency Buses,ಸುನೀಲ್ ಕುಮಾರ್ ವಿ.,Sunil Kumar V 
1450,25/07/2013,ಆರೋಗ್ಯ ಮತ್ತು ಕುಟುಂಬ ಕಲ್ಯಾಣ,Health and family welfare,ಎಂಡೋಸಲ್ಫಾನ್ ಪೀಡಿತರ ಕುಟುಂಬಗಳಿಗೆ ಪರಿಹಾರ,Compensation for endosulfan victims' families,ಸುನೀಲ್ ಕುಮಾರ್ ವಿ.,Sunil Kumar V 
1451,25/07/2013,ಆರೋಗ್ಯ ಮತ್ತು ಕುಟುಂಬ ಕಲ್ಯಾಣ,Health and family welfare,ಡಯಾಲಿಸಿಸ್ ಕೇಂದ್ರ,Dialysis center,ಸುನೀಲ್ ಕುಮಾರ್ ವಿ.,Sunil Kumar V 
1452,25/07/2013,ಸಮಾಜ ಕಲ್ಯಾಣ,Social Welfare,ರಾಜ್ಯದಲ್ಲಿರುವ ಜೀತ ಪದ್ದತಿ,The slave system in the state,ಸುರೇಶ್ ಕುಮಾರ್ ಎಸ್.,Suresh Kumar S
1453,25/07/2013,ಆರೋಗ್ಯ ಮತ್ತು ಕುಟುಂಬ ಕಲ್ಯಾಣ,Health and family welfare,ರಾಜ್ಯದಲ್ಲಿ ಹರಡಿದ ಡೆಂಘೀ ಜ್ವರ,Dengue fever spread in the state,ಸುರೇಶ್ ಕುಮಾರ್ ಎಸ್.,Suresh Kumar S
1454,25/07/2013,ಆರೋಗ್ಯ ಮತ್ತು ಕುಟುಂಬ ಕಲ್ಯಾಣ,Health and family welfare,ಚಿತ್ರದುರ್ಗ ಜಿಲ್ಲಾ ಆರೋಗ್ಯ ಕೇಂದ್ರಗಳಿಗೆ ವೈದ್ಯರ ನೇಮಕ,Chitradurga District Health Centers hire doctors,ತಿಪ್ಪಾರೆಡ್ಡಿ ಜಿ.ಎಚ್.,Thippareddy GH
1455,25/07/2013,ಸಾರಿಗೆ,Transport,ಕಸ್ತೂರಿ ನಗರಕ್ಕೆ ನಗರ ಸಾರಿಗೆ ಬಸ್ಸುಗಳು,City transport buses to Kasturi city,ತಿಪ್ಪಾರೆಡ್ಡಿ ಜಿ.ಎಚ್.,Thippareddy GH
1456,25/07/2013,ವೈದ್ಯಕೀಯ ಶಿಕ್ಷಣ,Medical education,ಚಿತ್ರದುರ್ಗ ನಗರದಲ್ಲಿ ವೈದ್ಯಕೀಯ ಅಸ್ಪತ್ರೆ,Medical Hospital in Chitradurga,ತಿಪ್ಪಾರೆಡ್ಡಿ ಜಿ.ಎಚ್.,Thippareddy GH
1457,25/07/2013,ಸಮಾಜ ಕಲ್ಯಾಣ,Social Welfare,ಚಿತ್ರದುರ್ಗ ಜಿಲ್ಲೆಯಲ್ಲಿ ಗಂಗಾ ಕಲ್ಯಾಣ ಯೋಜನೆ ಅನುಷ್ಟಾನ,Ganga Kalyana Project is implemented in Chitradurga district,ತಿಪ್ಪಾರೆಡ್ಡಿ ಜಿ.ಎಚ್.,Thippareddy GH
1458,25/07/2013,ಆರೋಗ್ಯ ಮತ್ತು ಕುಟುಂಬ ಕಲ್ಯಾಣ,Health and family welfare,ಖಾಲಿ ಇರುವ ಹುದ್ದೆಗಳ ಭರ್ತಿ ಮಾಡುವುದು,Fill out vacant posts,ತುಕಾರಾಮ್ ಇ.,Tukaram E 
1459,25/07/2013,ಸಮಾಜ ಕಲ್ಯಾಣ,Social Welfare,ಮೊರಾರ್ಜಿ ದೇಸಾಯಿ ಶಾಲಾ ಸಿಬ್ಬಂದಿಗಳ ವೇತನ,Wages of Morarji Desai School staff,ವಸಂತ ಬಂಗೇರ ಕೆ.,Vasanth Bangera K 
1460,25/07/2013,ಸಮಾಜ ಕಲ್ಯಾಣ,Social Welfare,ಕರ್ನಾಟಕ ವಸತಿ ಶಿಕ್ಷಣ ಸಂಸ್ಥೆಗಳ ಸಂಘದ ಅಧಿಕಾರ,Authority of the Karnataka Housing Institutions Association,ವಸಂತ ಬಂಗೇರ ಕೆ.,Vasanth Bangera K 
1461,25/07/2013,ಸಮಾಜ ಕಲ್ಯಾಣ,Social Welfare,ಮೊರಾರ್ಜಿ ದೇಸಾಯಿ ವಸತಿ ಶಾಲೆ,Morarji Desai Residential School,ವಿಶ್ವನಾಥ್ ಎಸ್. ಆರ್.,Vishwanath S  R 
1462,25/07/2013,ಆರೋಗ್ಯ ಮತ್ತು ಕುಟುಂಬ ಕಲ್ಯಾಣ,Health and family welfare,ನೊಣ್ಣೇನಹಳ್ಳಿ ಪ್ರಾಥಮಿಕ ಆಸ್ಪತ್ರೆಯನ್ನು ಮೇಲ್ದರ್ಜೆಗೇರಿಸುವುದು,Upgrading Nonnenahalli Primary Hospital,ವಿಶ್ವನಾಥ್ ಎಸ್. ಆರ್.,Vishwanath S  R 
1463,25/07/2013,ಆರೋಗ್ಯ ಮತ್ತು ಕುಟುಂಬ ಕಲ್ಯಾಣ,Health and family welfare,ಡೆಂಗ್ಯೂ ಜ್ವರದ ಹತೋಟಿಗೆ ತೆಗೆದುಕೊಂಡ ಕ್ರಮ,The action taken by the control of dengue fever,ವಿಶ್ವನಾಥ್ ಎಸ್. ಆರ್.,Vishwanath S  R 
1464,25/07/2013,ಸಾರಿಗೆ,Transport,ಬಿ.ಎಂ.ಟಿ.ಸಿ. ಮತ್ತು ಕೆ.ಎಸ್.ಆರ್.ಟಿ.ಸಿ. ನೌಕರರ ವರ್ಗಾವಣೆ,BMTC And KSRTC. Employee transfer,ಯಶವಂತರಾಯ ವಿಠ್ಠಲಗೌಡ ಪಾಟೀಲ್,Yashavaraya Vitthal Gowda Patil
1465,25/07/2013,ವೈದ್ಯಕೀಯ ಶಿಕ್ಷಣ,Medical education,ವೈದ್ಯಕೀಯ ಕಾಲೇಜು,Medical college,ಯಶವಂತರಾಯ ವಿಠ್ಠಲಗೌಡ ಪಾಟೀಲ್,Yashavaraya Vitthal Gowda Patil
1466,25/07/2013,ಸಮಾಜ ಕಲ್ಯಾಣ,Social Welfare,ಗಂಗಾ ಕಲ್ಯಾಣ ಯೋಜನೆ ಕಾಮಗಾರಿ ಮತ್ತು ಕಿತ್ತೂರು ರಾಣಿ ಚೆನ್ನಮ್ಮ ಮೊರಾರ್ಜಿ ದೇಸಾಯಿ ವಸತಿ ಶಾಲೆಯ ಕಟ್ಟಡ ಕಾಮಗಾರಿ,Ganga Kalyana Project Works and Kittur Rani Chennamma Morarji Desai Housing School Building,ಯಡಿಯೂರಪ್ಪ ಬಿ.ಎಸ್.,Yeddyurappa BS
1467,26/07/2013,ಸಹಕಾರ,Cooperation,ಉಗ್ರಾಣ ನಿಗಮಕ್ಕೆ ಸ್ವಂತ ಕಟ್ಟಡಗಳು,Warehouse Corporation own buildings,ಗುರುಪಾದಪ್ಪ ನಾಗಮಾರಪಲ್ಲಿ,Guruparappa Nagamarapally
1468,26/07/2013,ನಗರಾಭಿವೃದ್ದಿ,Urban Development,ಕೊರಟಗೆರೆ ಪಟ್ಟಣ ಪಂಚಾಯ್ತಿ ವ್ಯಾಪ್ತಿಯ ಒಳಚರಂಡಿ,Drainage of the Koratagere Town Panchayat Range,ಸುಧಾಕರ ಲಾಲ್ ಪಿ.ಆರ್.,Sudhakar Lal PR
1469,26/07/2013,ನಗರಾಭಿವೃದ್ದಿ,Urban Development,ಮಾಗಡಿ ಪುರಸಭೆಯಲ್ಲಿನ ಕಾಮಗಾರಿಗಳು,Works in Magadi Municipality,ಬಾಲಕೃಷ್ಣ ಹೆಚ್.ಸಿ.,Balakrishna H C 
1470,26/07/2013,ಕೃಷಿ,Farming,ಬೆಳೆ ಕಳೆದುಕೊಂಡಿರುವ ರೈತರಿಗೆ ಹಣ ವಿತರಣೆ,Distribution of money to farmers who have lost crops,ಜಗದೀಶ್ ಶೆಟ್ಟರ್,Jagadish Shettar
1471,26/07/2013,ನಗರಾಭಿವೃದ್ದಿ,Urban Development,ನಿಪ್ಪಾಣಿ ನಗರಕ್ಕೆ ಕುಡಿಯುವ ನೀರಿನ ಸೌಲಭ್ಯ,Drinking water facility for Nippani city,ಜೊಲ್ಲೆ ಶಿಶಿಕಲಾ ಅಣ್ಣಾಸಾಹೇಬ್,Joel Shishikala Annasaheb
1472,26/07/2013,ತೋಟಗಾರಿಕೆ,Gardening,ತೋಟಗಾರಿಕೆ ಇಲಾಖೆಯ ಯೋಜನೆಗಳು,Horticulture Department's Plans,ರಾಮಕೃಷ್ಣ ಜಿ.,Ramakrishna G 
1473,26/07/2013,ನಗರಾಭಿವೃದ್ದಿ,Urban Development,ಅರಸೀಕೆರೆಯ ಪುರಸಭೆಯ ಕಟ್ಟಡಗಳು,Municipal buildings in Arsikere,ಶಿವಲಿಂಗೇಗೌಡ ಕೆ.ಎಂ.,Shivalinge Gowda KM
1474,26/07/2013,ಕೃಷಿ,Farming,ಕೃಷಿ ಇಲಾಖೆಯಲ್ಲಿ ವಿತರಿಸಲಾದ ಸಹಾಯಧನ,Subsidy distributed in the Agriculture Department,ಪ್ರಮೋದ್ ಮಧ್ವರಾಜ್,Pramod Madhwaraj
1475,26/07/2013,ಸಹಕಾರ,Cooperation,ಮುಖ್ಯ ಕಾರ್ಯನಿರ್ವಹಣಾಧಿಕಾರಿಗಳ ವೇತನ,Salary of Chief Executive Officers,ಮಧು ಬಂಗಾರಪ್ಪ,Madhu Bangarappa
1476,26/07/2013,ನಗರಾಭಿವೃದ್ದಿ,Urban Development,ಸ್ಥಳೀಯ ಸಂಸ್ಥೆಗಳಲ್ಲಿ ಶುದ್ಧ ಕುಡಿಯುವ ನೀರಿನ ಸ್ಔಲಭ್ಯ,Clean drinking water facility in local bodies,ಮಲ್ಲಿಕಾರ್ಜುನ ಸಿದ್ದರಾಮಪ್ಪ ಖೂಬಾ,Mallikarjuna Siddarappa Khuba
1477,26/07/2013,ಕೃಷಿ ಮಾರುಕಟ್ಟೆ,Agricultural Market,ಎ.ಪಿ.ಎಂ.ಸಿ.ಗಳ ಇ-ಪರ್ಮಿಟ್ ಗಳಲ್ಲಿ ಆಗುತ್ತಿರುವ ತೊಂದರೆ,Problems occurring in e-permits of APMCs,ರವಿ ಸಿ.ಟಿ.,Ravi CT
1478,26/07/2013,ನಗರಾಭಿವೃದ್ದಿ,Urban Development,ಸಂಡೂರು ಪುರಸಭೆಯ ಒಳಚರಂಡಿ ವ್ಯವಸ್ಥೆ,Sandor municipal drainage system,ತುಕಾರಾಂ ಇ.,Tukaram E 
1479,26/07/2013,ಸಹಕಾರ,Cooperation,ನಕಲಿ ರಸಗೊಬ್ಬರ,Fake Fertilizer,ರುದ್ರೇಶ್ ಗೌಡ ವೈ.ಎನ್.,Rudresh Gowda Y N 
1480,26/07/2013,ನಗರಾಭಿವೃದ್ದಿ,Urban Development,ನಿಯೋಜನೆ ಮೇಲೆ ಕರ್ತವ್ಯ ನಿರ್ವಹಿಸುತ್ತಿರುವ ಅದಿಕಾರಿಗಳ ವಿವರ,Details of the supervisors who are responsible for deployment,ತನ್ವೀರ್ ಸೇಠ್,Tanvir Seth
1481,26/07/2013,ನಗರಾಭಿವೃದ್ದಿ,Urban Development,ರಾಣೇಬೆನ್ನೂರು ನಗರಸಭೆಯ ಮಳಿಗೆಗಳು,Ranebennur municipal corporations,ಕೋಳಿವಾಡ ಕೆ.ಬಿ.,Kolivada kb
1482,26/07/2013,ಲೋಕೋಪಯೋಗಿ,Public service,ಮುಧೋಳ - ನಿಪ್ಪಾಣಿ ರಾಷ್ಟ್ರೀಯ ಹೆದ್ದಾರಿ ಕಾಮಗಾರಿ,Mudhol - Nippani National Highway Works,ಐಹೊಳೆ ಡಿ. ಮಹಾಲಿಂಗಪ್ಪ,Aihole D  Mahalingappa
1483,26/07/2013,ಲೋಕೋಪಯೋಗಿ,Public service,ಜತ್ತ - ಜಾಂಬೋಟ್ ರಾಜ್ಯ ಹೆದ್ದಾರಿ ದುರಸ್ತಿ,Jattu - Jambot State Highway Repair,ಐಹೊಳೆ ಡಿ. ಮಹಾಲಿಂಗಪ್ಪ,Aihole D  Mahalingappa
1484,26/07/2013,ಹಜ್ ಮತ್ತು ವಕ್ಫ್,Haj and Wakf,ಅಲ್ಪಸಂಖ್ಯಾತರ ನಿಗಮದ ವತಿಯಿಂದ ಕೈಗೊಂಡ ಯೋಜನೆಗಳು,Projects taken by the Minorities Corporation,ಅಖಂಡ ಶ್ರೀನಿವಾಸಮೂರ್ತಿ ಆರ್.,Akhand Srinivas Murthy R 
1485,26/07/2013,ಲೋಕೋಪಯೋಗಿ,Public service,ಬಳ್ಳಾರಿ - ಹೊಸಪೇಟೆ ರಸ್ತೆ ದುರಸ್ತಿ,Bellary - Hospet road repair,ಆನಂದ ಸಿಂಗ್,Ananda Singh
1486,26/07/2013,ಲೋಕೋಪಯೋಗಿ,Public service,ಪಂಜ - ಕಡಬ ರಸ್ತೆ ಸುಧಾರಣೆ,PANA - Kadaba road improvement,ಅಂಗಾರ ಎಸ್.,Angle S 
1487,26/07/2013,ಲೋಕೋಪಯೋಗಿ,Public service,ಹೊಸ ಮಠದಲ್ಲಿ ಸೇತುವೆ ನಿರ್ಮಾಣ,Construction of the bridge in the new monastery,ಅಂಗಾರ ಎಸ್.,Angle S 
1488,26/07/2013,ಲೋಕೋಪಯೋಗಿ,Public service,ಕುಮಾರಧಾರದಲ್ಲಿ ಸೇತುವೆ ನಿರ್ಮಾಣ,Construction of the bridge in Kumaradhara,ಅಂಗಾರ ಎಸ್.,Angle S 
1489,26/07/2013,ಕೃಷಿ,Farming,ಕೃಷಿ ಉಪಕರಣಗಳಿಗೆ ಸಹಾಯಧನ,Subsidy for agricultural equipment,ಅರವಿಂದ ಚಂದ್ರಕಾಂತ ಬೆಲ್ಲದ,Aravind Chandrakanta Betta
1490,26/07/2013,ಲೋಕೋಪಯೋಗಿ,Public service,ಬೀದರ್ ದಕ್ಷಿಣ ವಿಧಾನಸಭಾ ಕ್ಷೇತ್ರದ ರಸ್ತೆಗಳ ಅಭಿವೃದ್ದಿ,Bidar is the southern constituency of road development,ಅಶೋಕ್ ಖೇಣಿ,Ashok Kheni
1491,26/07/2013,ಲೋಕೋಪಯೋಗಿ,Public service,ಆಕ್ರಮ ಮರಳು ಸಾಗಾಣಿಕೆ,Aggressive sand transport,ಅಶೋಕ್ ಆರ್.,Ashok R 
1492,26/07/2013,ಲೋಕೋಪಯೋಗಿ,Public service,ರಸ್ತೆಗಳನ್ನು ಮೇಲ್ದರ್ಜೆಗೇರಿಸುವುದು,Upgrading roads,ಬಾಲಕೃಷ್ಣ ಸಿ.ಎನ್.,Balakrishna C N
1493,26/07/2013,ಸಹಕಾರ,Cooperation,ಕೃಷಿ ಸಾಲ ಮನ್ನಾ,Agricultural loan waiver,ಬಾಲಕೃಷ್ಣ ಸಿ.ಎನ್.,Balakrishna C N
1494,26/07/2013,ಲೋಕೋಪಯೋಗಿ,Public service,ರಸ್ತೆಗಳ ಹದಗೆಟ್ಟಿರುವುದು,Roads are deteriorating,ಬಾಲಕೃಷ್ಣ ಹೆಚ್.ಸಿ.,Balakrishna H C 
1495,26/07/2013,ಲೋಕೋಪಯೋಗಿ,Public service,ಸೇತುವೆ ನಿರ್ಮಾಣ,Bridge Construction,ಬಾಲಕೃಷ್ಣ ಹೆಚ್.ಸಿ.,Balakrishna H C 
1496,26/07/2013,ಲೋಕೋಪಯೋಗಿ,Public service,ಮಾಗಡಿ ಕ್ಷೇತ್ರದ ರಸ್ತೆಗಳು,Magadi field roads,ಬಾಲಕೃಷ್ಣ ಹೆಚ್.ಸಿ.,Balakrishna H C 
1497,26/07/2013,ಲೋಕೋಪಯೋಗಿ,Public service,ರಸ್ತೆ ಅಭಿವೃದ್ಧಿಗೆ ಅನುದಾನ,Grants for road development,ಬಾಲಕೃಷ್ಣ ಹೆಚ್.ಸಿ.,Balakrishna H C 
1498,26/07/2013,ಸಹಕಾರ,Cooperation,ಯಶಸ್ವಿನಿ ಆರೋಗ್ಯ ವಿಮೆಯ ಫಲಾನುಭವಿಗಳ ವಿವರ,Details of Beneficiaries of Succession Health Insurance,ಬೋಪಯ್ಯ ಕೆ.ಜಿ.,Bopayya KG
1499,26/07/2013,ಲೋಕೋಪಯೋಗಿ,Public service,CRF ಯೋಜನೆಯಡಿ ಕೇಂದ್ರಕ್ಕೆ ಪ್ರಸ್ತಾವನೆ,Introduction to the Center under the CRF Scheme,ಬೋಪಯ್ಯ ಕೆ.ಜಿ.,Bopayya KG
1500,26/07/2013,ಲೋಕೋಪಯೋಗಿ,Public service,ರಾಜ್ಯದ ರಸ್ತೆಗಳ ನಿರ್ವಹಣೆಗೆ ಸುಂಕ,Tax deduction for state roads,ಚೆಲುವರಾಯಸ್ವಾಮಿ,Cheluvaraswamy
1501,26/07/2013,ಲೋಕೋಪಯೋಗಿ,Public service,ಕೃಷ್ಣರಾಜಪೇಟೆ - ತಿಪಟೂರು ರಸ್ತೆಯನ್ನು ರಾಜ್ಯ ಹೆದ್ದಾರಿಯಾಗಿ ಪರಿವರ್ತಿಸುವುದು,Converting Krishnarajpet - Tiptur Road to State Highways,ಚೆಲುವರಾಯಸ್ವಾಮಿ,Cheluvaraswamy
1502,26/07/2013,ಲೋಕೋಪಯೋಗಿ,Public service,ಮೈಸೂರು - ಬೆಂಗಳೂರು ರಸ್ತೆಯನ್ನು ಷಟ್ಪದ ರಸ್ತೆಯನ್ನಾಗಿ ಪರಿವರ್ತಿಸುವುದು,Turning Mysore - Bangalore Road into Shatpa Road,ಚೆಲುವರಾಯಸ್ವಾಮಿ,Cheluvaraswamy
1503,26/07/2013,ಲೋಕೋಪಯೋಗಿ,Public service,ರಾಜ್ಯ ಹೆದ್ದಾರಿಗಳನ್ನು ರಾಷ್ಟ್ರೀಯ ಹೆದ್ದಾರಿಗಳನ್ನಾಗಿ ಪರಿವತ್ರಿಸಲು ಕೇಂದ್ರಕ್ಕೆ ಪ್ರಸ್ತಾವನೆ ಸಲ್ಲಿಕೆ,Introducing the Center to convert State Highways into National Highways,ಚೆಲುವರಾಯಸ್ವಾಮಿ,Cheluvaraswamy
1504,26/07/2013,ಕೃಷಿ ಮಾರುಕಟ್ಟೆ,Agricultural Market,ರೈತರು ಬೆಳೆದ ಹಣ್ಣು ಮತ್ತು ತರಕಾರಿಗಳ ಸಾಗಾಣಿಕೆ,Farmers cultivated fruits and vegetables,ಚೆಲುವರಾಯಸ್ವಾಮಿ,Cheluvaraswamy
1505,26/07/2013,ಲೋಕೋಪಯೋಗಿ,Public service,ಭೀಮಾನದಿಗೆ ಅಡ್ಡಲಾಗಿ ಸೇತುವೆ,Bridge across Bhimanidhi,ಅಜಯ್ ಸಿಂಗ್,Ajay Singh
1506,26/07/2013,ನಗರಾಭಿವೃದ್ದಿ,Urban Development,ನಗರಕ್ಕೆ ನೀರು ಪೂರೈಕೆ,Water supply to the city,ಮಾಲಕರೆಡ್ಡಿ ಎ.ಬಿ.,Mālaka Reddy AB
1507,26/07/2013,ನಗರಾಭಿವೃದ್ದಿ,Urban Development,ಜಿಲ್ಲಾ ಪ್ರಾಧಿಕಾರಗಳಿಂದ ನಿವೇಶನ ಹಂಚಿಕೆ,Distribution of land by District Authorities,ಸುಧಾಕರ್ ಕೆ.,Sudhakar K 
1508,26/07/2013,ನಗರಾಭಿವೃದ್ದಿ,Urban Development,ಚಿಕ್ಕಬಳ್ಳಾಪುರ ಅಭಿವೃದ್ಧಿ,Development of Chikkaballapur,ಸುಧಾಕರ್ ಕೆ.,Sudhakar K 
1509,26/07/2013,ನಗರಾಭಿವೃದ್ದಿ,Urban Development,ಒಳಚರಂಡಿ ಹಾಗು ನೀರು ಪೂರೈಕೆ ಕಾಮಗಾರಿ,Sewerage and water supply work,ಸುಧಾಕರ್ ಕೆ.,Sudhakar K 
1510,26/07/2013,ತೋಟಗಾರಿಕೆ,Gardening,ದ್ರಾಕ್ಷಿ ಬೆಳೆ ಅಭಿವೃದ್ಧಿ,Develop the grape crop,ಸುಧಾಕರ್ ಕೆ.,Sudhakar K 
1511,26/07/2013,ನಗರಾಭಿವೃದ್ದಿ,Urban Development,ಭಾಲ್ಕಿ ಪುರಸಭೆಯಲ್ಲಿ ಕೈಗೊಂಡಿರುವ ಅಭಿವೃದ್ಧಿ ಕಾರ್ಯಗಳು,Development works in Bhalki Municipality,ಈಶ್ವರ ಭೀಮಣ್ಣ ಖಂಡ್ರೆ,Ishwar Bhimanna Khandre
1512,26/07/2013,ಹಜ್ ಮತ್ತು ವಕ್ಫ್,Haj and Wakf,ಅಲ್ಪಸಂಖ್ಯಾತರ ಕಲ್ಯಾಣ ಕಾರ್ಯಕ್ರಮಗಳು,Minorities Welfare Programs,ಈಶ್ವರ ಭೀಮಣ್ಣ ಖಂಡ್ರೆ,Ishwar Bhimanna Khandre
1513,26/07/2013,ನಗರಾಭಿವೃದ್ದಿ,Urban Development,ಬೀದರ್ ಜಿಲ್ಲೆಯಲ್ಲಿ ಅಭಿವೃದ್ದಿ ಕಾರ್ಯಕ್ರಮಗಳು,Development programs in Bidar district,ಈಶ್ವರ ಭೀಮಣ್ಣ ಖಂಡ್ರೆ,Ishwar Bhimanna Khandre
1514,26/07/2013,ಲೋಕೋಪಯೋಗಿ,Public service,ಗುತ್ತಿಗೆದಾರರಿಗೆ ನೀಡಬೇಕಾಗಿರುವ ಬಾಕಿ,Due to the contractor's obligation,ಈಶ್ವರ ಭೀಮಣ್ಣ ಖಂಡ್ರೆ,Ishwar Bhimanna Khandre
1515,26/07/2013,ಸಹಕಾರ,Cooperation,ಸಹಕಾರಿ ಸಕ್ಕರೆ ಕಾರ್ಖಾನೆಗಳ ಪುನಶ್ಚೇತನ,Revival of Cooperative Sugar Factories,ಈಶ್ವರ ಭೀಮಣ್ಣ ಖಂಡ್ರೆ,Ishwar Bhimanna Khandre
1516,26/07/2013,ತೋಟಗಾರಿಕೆ,Gardening,ಹಾಪ್ ಕಾಮ್ಸ್ ಮಳಿಗೆಗಳು,Hop Comes Shops,ಗೋಪಾಲಯ್ಯ ಕೆ.,Gopalaiah K 
1517,26/07/2013,ಕೃಷಿ,Farming,ವಿದೇಶಗಳಿಗೆ ಅಧ್ಯಯನ ಪ್ರವಾಸ,Study tour abroad,ಗೋಪಾಲಯ್ಯ ಕೆ.,Gopalaiah K 
1518,26/07/2013,ಹಜ್ ಮತ್ತು ವಕ್ಫ್,Haj and Wakf,ಅಲ್ಪಸಂಖ್ಯಾತರ ಕಲ್ಯಾಣ,Minorities Welfare,ಗೋಪಾಲಯ್ಯ ಕೆ.,Gopalaiah K 
1519,26/07/2013,ತೋಟಗಾರಿಕೆ,Gardening,ಬೆಂಗಳೂರು ಪಶ್ಷಿಮ ಅಥವಾ ಉತ್ತರ ಭಾಗದಲ್ಲಿ ಲಾಲ್ ಬಾಗ್ ಮಾದರಿ ಉದ್ಯಾನವನ ನಿರ್ಮಾಣ,Construction of the Lal Bagh Samadhi Garden in Bangalore Peshima or the North,ಗೋಪಾಲಯ್ಯ ಕೆ.,Gopalaiah K 
1520,26/07/2013,ಕೃಷಿ,Farming,ರೈತರ ಆತ್ಮಹತ್ಯೆ ಪ್ರಕರಣ,Farmers' Suicide Case,ಗೋಪಾಲಯ್ಯ ಕೆ.,Gopalaiah K 
1521,26/07/2013,ಕೃಷಿ,Farming,ರೈತರ ವಿದೇಶ ಪ್ರವಾಸ,Farmer's Foreign Tour,ಗುರುಪಾದಪ್ಪ ನಾಗಮಾರಪಲ್ಲಿ,Guruparappa Nagamarapally
1522,26/07/2013,ಲೋಕೋಪಯೋಗಿ,Public service,ಲೋಕೋಪಯೋಗಿ ಇಲಾಖೆಯಡಿ ಬರುವ ಮಂಡಳಿ ನಿಗಮಗಳು,Board Corporations under the Public Works Department,ಗುರುಪಾದಪ್ಪ ನಾಗಮಾರಪಲ್ಲಿ,Guruparappa Nagamarapally
1523,26/07/2013,ಸಹಕಾರ,Cooperation,ಹಾಲಿನ ಬೆಲೆ ಹೆಚ್ಚಳ,Milk price increases,ಗುರುಪಾದಪ್ಪ ನಾಗಮಾರಪಲ್ಲಿ,Guruparappa Nagamarapally
1524,26/07/2013,ಸಹಕಾರ,Cooperation,ಯಶಸ್ವಿನಿ ಯೋಜನೆಯ ಅನುಷ್ಠಾನ,Implementation of Succession Project,ಗುರುಪಾದಪ್ಪ ನಾಗಮಾರಪಲ್ಲಿ,Guruparappa Nagamarapally
1525,26/07/2013,ಲೋಕೋಪಯೋಗಿ,Public service,ರಸ್ತೆಗಳಿಗಾಗಿ ಭೂಸ್ವಾಧೀನ,Land acquisition for roads,ಹಾಲಾಡಿ ಶ್ರೀನಿವಾಸ ಶೆಟ್ಟಿ,Halady Srinivasa Shetty
1526,26/07/2013,ಲೋಕೋಪಯೋಗಿ,Public service,ರಾಜ್ಯ ಹೆದ್ದಾರಿ ಅಭಿವೃದ್ದಿ ಯೋಜನೆ,State Highway Development Project,ಹ್ಯಾರೀಸ್ ಎನ್. ಎ.,Harris N A
1527,26/07/2013,ತೋಟಗಾರಿಕೆ,Gardening,ತೋಟಗಾರಿಕೆ ಕ್ಷೇತ್ರ ಅಭಿವೃದ್ದಿಪಡಿಸುವ ಯೋಜನೆಗಳು,Plans to develop horticulture sector,ಹ್ಯಾರೀಸ್ ಎನ್. ಎ.,Harris N A
1528,26/07/2013,ಲೋಕೋಪಯೋಗಿ,Public service,ರಾಜ್ಯದಲ್ಲಿರುವ ರಾಷ್ಟ್ರೀಯ ಹೆದ್ದಾರಿಗಳು,National Highways in the State,ಹ್ಯಾರೀಸ್ ಎನ್. ಎ.,Harris N A
1529,26/07/2013,ನಗರಾಭಿವೃದ್ದಿ,Urban Development,ಪುರಸಭೆಗಳು ಮತ್ತು ಸ್ಥಳೀಯ ಸಂಸ್ಥೆಗಳ ಯೋಜನೆಗಳ ಅನುಷ್ಠಾನ,Implementation of municipalities and local bodies projects,ಹ್ಯಾರೀಸ್ ಎನ್. ಎ.,Harris N A
1530,26/07/2013,ಸಹಕಾರ,Cooperation,ಕೃಷಿ ಪತ್ತಿನ ಸಹಕಾರ ಸಂಘಗಳ ಮೂಲಕ ನೀಡಲಾಗಿರುವ ಸಾಲ,Loans provided by the Agriculture Dept. Co-operative Societies,ಹ್ಯಾರೀಸ್ ಎನ್. ಎ.,Harris N A
1531,26/07/2013,ಕೃಷಿ ಮಾರುಕಟ್ಟೆ,Agricultural Market,ಕೃಷಿಕರ ಬೆಳೆಗಳಿಗೆ ನಿಗದಿಪಡಿಸಿರುವ ಬೆಲೆ,Price assigned to farmer crops,ಜಗದೀಶ್ ಶೆಟ್ಟರ್,Jagadish Shettar
1532,26/07/2013,ನಗರಾಭಿವೃದ್ದಿ,Urban Development,ನಿಪ್ಪಾಣಿ ಪೌರಾಡಳಿತ ಪುರಸಭೆ ಅಭಿವೃದ್ಧಿ,Nipponi municipal corporation development,ಜೊಲ್ಲೆ ಶಿಶಿಕಲಾ ಅಣ್ಣಾಸಾಹೇಬ್,Joel Shishikala Annasaheb
1533,26/07/2013,ಲೋಕೋಪಯೋಗಿ,Public service,ನಿಪ್ಪಾಣಿ ಮತ ಕ್ಷೇತ್ರದ ರಸ್ತೆಗಳ ಅಭಿವೃದ್ಧಿ,Niphani constituency development roads,ಜೊಲ್ಲೆ ಶಿಶಿಕಲಾ ಅಣ್ಣಾಸಾಹೇಬ್,Joel Shishikala Annasaheb
1534,26/07/2013,ಲೋಕೋಪಯೋಗಿ,Public service,ನಿಪ್ಪಾಣಿ - ಮುಧೋಳ ರಸ್ತೆಯ ಅಭಿವೃದ್ದಿ,Nippani - Mudhol road development,ಜೊಲ್ಲೆ ಶಿಶಿಕಲಾ ಅಣ್ಣಾಸಾಹೇಬ್,Joel Shishikala Annasaheb
1535,26/07/2013,ಲೋಕೋಪಯೋಗಿ,Public service,ಸುವರ್ಣ ಸೌಧ ಕಟ್ಟದ,Suvarna Soudha is not built,ಕೋಳಿವಾಡ ಕೆ.ಬಿ.,Kolivada kb
1536,26/07/2013,ಕೃಷಿ,Farming,ರೈತರ ಸಾಲ ಮನ್ನಾ ಮಾಡುವುದು,Waiver of farmers' debt,ಕೋನರೆಡ್ಡಿ ಎನ್. ಎಚ್.,Konareddy N  H 
1537,26/07/2013,ಕೃಷಿ,Farming,ಬೆಳೆ ವಿಮೆ,Crop Insurance,ಕೋನರೆಡ್ಡಿ ಎನ್. ಎಚ್.,Konareddy N  H 
1538,26/07/2013,ನಗರಾಭಿವೃದ್ದಿ,Urban Development,ಪಟ್ಟಣ ಪಂಚಾಯಿತಿಯನ್ನು ಮೇಲ್ದರ್ಜೆಗೇರಿಸುವುದು,Upgrading the town panchayat,ಕೃಷ್ಣಪ್ಪ ಎಂ.ಟಿ.,Krishnappa M T 
1539,26/07/2013,ಸಹಕಾರ,Cooperation,ಸಹಕಾರ ಬ್ಯಾಂಕುಗಳಿಗೆ ಹಣ ಬಿಡುಗಡೆ,Release money to co-operative banks,ಲಕ್ಷ್ಮಣ ಸಂಗಪ್ಪ ಸವದಿ,Lakshmana Sangappa Savvadi
1540,26/07/2013,ಸಹಕಾರ,Cooperation,ಸಹಕಾರ ಕ್ಷೇತ್ರದ ಫಲಾನುಭವಿಗಳು,Beneficiaries of co-operative sector,ಲಕ್ಷ್ಮಣ ಸಂಗಪ್ಪ ಸವದಿ,Lakshmana Sangappa Savvadi
1541,26/07/2013,ಸಹಕಾರ,Cooperation,ಅಮಾನತ್ ಸಹಕಾರ ಸಂಘದ ಅವ್ಯವಹಾರ,Non-Assam Co-operative Society,ಲಕ್ಷ್ಮಣ ಸಂಗಪ್ಪ ಸವದಿ,Lakshmana Sangappa Savvadi
1542,26/07/2013,ಸಹಕಾರ,Cooperation,ಸಹಕಾರ ಕ್ಷೇತ್ರದ ಬಡ್ಡಿದರ,Interest Rate of Co-operative Sector,ಲಕ್ಷ್ಮಣ ಸಂಗಪ್ಪ ಸವದಿ,Lakshmana Sangappa Savvadi
1543,26/07/2013,ಸಹಕಾರ,Cooperation,ಸಹಕಾರ ಇಲಾಖೆಯ ಅಧಿಕಾರಿಗಳ ಕಾರ್ಯವೈಖರಿ,Operation of Officers of Co-operative Department,ಮಲ್ಲಿಕಾರ್ಜುನ ಸಿದ್ಧರಾಮಪ್ಪ ಖೂಬಾ,Mallikarjuna Siddarappa Khuba
1544,26/07/2013,ನಗರಾಭಿವೃದ್ದಿ,Urban Development,ಸ್ಥಳೀಯ ಸಂಸ್ಥೆಗಳಿಗೆ ಸೇರಿದ ಆಸ್ತಿಪಾಸ್ತಿಗಳೂ,Assets belonging to local bodies,ಮಲ್ಲಿಕಾರ್ಜುನ ಸಿದ್ಧರಾಮಪ್ಪ ಖೂಬಾ,Mallikarjuna Siddarappa Khuba
1545,26/07/2013,ನಗರಾಭಿವೃದ್ದಿ,Urban Development,ಸ್ಥಳೀಯ ಸಂಸ್ಥಗಳಲ್ಲಿ ತ್ಯಾಜ್ಯ ನಿರ್ವಹಣೆ,Waste management in local bodies,ಮಲ್ಲಿಕಾರ್ಜುನ ಸಿದ್ಧರಾಮಪ್ಪ ಖೂಬಾ,Mallikarjuna Siddarappa Khuba
1546,26/07/2013,ನಗರಾಭಿವೃದ್ದಿ,Urban Development,ಸ್ಥಳೀಯ ಸಂಸ್ಥೆಗಳಲ್ಲಿ ಸಿಬ್ಬಂದಿ ಕೊರತೆ,Lack of staff in local bodies,ಮಲ್ಲಿಕಾರ್ಜುನ ಸಿದ್ಧರಾಮಪ್ಪ ಖೂಬಾ,Mallikarjuna Siddarappa Khuba
1547,26/07/2013,ಲೋಕೋಪಯೋಗಿ,Public service,ಲಿಂಗಸೂಗೂರಿನಲ್ಲಿ ಸರ್ಕಿಟ್ ಹೌಸ್ ನಿರ್ಮಾಣ,Circuit House Construction in Lingu Sagar,ಮಾನಪ್ಪ ಡಿ. ವಜ್ಜಲ್,Manappa D  Vajzal
1548,26/07/2013,ಲೋಕೋಪಯೋಗಿ,Public service,ಮುದಗಲ್ - ರಾಮತ್ನಾಲ್ ರಸ್ತೆ ಹದಗೆಟ್ಟಿರುವುದು,Mudgal - Ramathnal road drops,ಮಾನಪ್ಪ ಡಿ. ವಜ್ಜಲ್,Manappa D  Vajzal
1549,26/07/2013,ಲೋಕೋಪಯೋಗಿ,Public service,ಅನುದಾನ ಹಣ ಭರವಸೆ ಪತ್ರಗಳು,Grant money guarantees,ಮಂಜುನಾಥ್ ಹೆಚ್.ಪಿ.,Manjunath H P 
1550,26/07/2013,ನಗರಾಭಿವೃದ್ದಿ,Urban Development,ನಗರೋತ್ಥಾನ ಯೋಜನೆಯ ಅನುಷ್ಠಾನ,Implementation of the Nagaurthana Project,ಮಂಜುನಾಥ್ ಹೆಚ್.ಪಿ.,Manjunath H P 
1551,26/07/2013,ಲೋಕೋಪಯೋಗಿ,Public service,ಸರ್ವಿಸ್ ರಸ್ತೆ ಅಗತ್ಯತೆ,Service road requirement,ನಾಗರಾಜಯ್ಯ ಡಿ.,Nagaraja D 
1552,26/07/2013,ನಗರಾಭಿವೃದ್ದಿ,Urban Development,ಕೂಡ್ಲಿಗಿ ಪಟ್ಟಣ ಪಂಚಾಯಿತಿ ಕಾಮಗಾರಿಗಳು,Kudligi town panchayat works,ನಾಗೇಂದ್ರ ಬಿ.,Nagendra B 
1553,26/07/2013,ಕೃಷಿ,Farming,ಕೂಡ್ಲಿಗಿ ತಾಲ್ಲೂಕಿಗೆ ಮಂಜೂರಾದ ಬೀಜ ಗೊಬ್ಬರ,Seed fertilizer sanctioned for Koodligi Taluk,ನಾಗೇಂದ್ರ ಬಿ.,Nagendra B 
1554,26/07/2013,ಹಜ್ ಮತ್ತು ವಕ್ಫ್,Haj and Wakf,ವಿವಿಧ ಯೋಜನೆಗಳು,Various projects,ನಾಗೇಂದ್ರ ಬಿ.,Nagendra B 
1555,26/07/2013,ಲೋಕೋಪಯೋಗಿ,Public service,ಕೂಡ್ಲಿಗಿ ತಾಲೂಕಿಗೆ ಕಳೆದ 3 ವರ್ಷಗಳಲ್ಲಿ ತೆಗೆದುಕೊಂಡ ಕಾಮಗಾರಿಗಳೂ,Works taken by Kudligi Taluk in the last 3 years,ನಾಗೇಂದ್ರ ಬಿ.,Nagendra B 
1556,26/07/2013,ಲೋಕೋಪಯೋಗಿ,Public service,ಬಿಜಾಪುರ ಜಿಲ್ಲೆ ಲೋಕೋಪಯೋಗಿ ಇಲಾಖೆ ಕಾಮಗಾರಿ,Bijapur District Public Works Department,ಪಾಟೀಲ್ ಎ.ಎಸ್.,Patil AS
1557,26/07/2013,ಕೃಷಿ ಮಾರುಕಟ್ಟೆ,Agricultural Market,ದಲ್ಲಾಳಿಯ ಪರವಾನಗಿ ರದ್ದು,Canceled the broker's license,ಪಾಟೀಲ್ ಜೆ.ಟಿ.,Patil JT
1558,26/07/2013,ಕೃಷಿ,Farming,ಜಲ ನಿರ್ಮಲ ಯೋಜನೆ,Water Cleanup Project,ಪ್ರಭು ಬಿ. ಚೌವ್ಜಾಣ್,Prabhu B  Chauhajan
1559,26/07/2013,ಲೋಕೋಪಯೋಗಿ,Public service,ಔರಾದ್ ಮತಕ್ಷೇತ್ರದ ಕಾಮಗಾರಿಗಳು,Aurad constituency works,ಪ್ರಭು ಬಿ. ಚೌವ್ಜಾಣ್,Prabhu B  Chauhajan
1560,26/07/2013,ಸಹಕಾರ,Cooperation,ಕೋ-ಆಪರೇಟಿವ್ ಮಲ್ಟಿ ಸ್ಪೆಷಾಲಿಟಿ ಆಸ್ಪತ್ರೆ,Co-operative Multi-Specialty Hospital,ಪ್ರಭು ಬಿ. ಚೌವ್ಜಾಣ್,Prabhu B  Chauhajan
1561,26/07/2013,ನಗರಾಭಿವೃದ್ದಿ,Urban Development,ಶಿವಮೊಗ್ಗ ನಗರದಲ್ಲಿ ಯು.ಜಿ.ಡಿ. ಕಳಪೆ ಕಾಮಗಾರಿಗಳು,UGD in Shimoga City Poor works,ಪ್ರಸನ್ನಕುಮಾರ್ ಕೆ.ಬಿ.,Prasanna Kumar KB
1562,26/07/2013,ಹಜ್ ಮತ್ತು ವಕ್ಫ್,Haj and Wakf,ಅಲ್ಪಸMಖ್ಯಾತರ ವಿದ್ಯಾರ್ಥಿಗಳಿಗೆ ವಿದ್ಯಾರ್ಥಿವೇತನ,Scholarship for Alpasa M's students,ಪ್ರಸನ್ನಕುಮಾರ್ ಕೆ.ಬಿ.,Prasanna Kumar KB
1563,26/07/2013,ತೋಟಗಾರಿಕೆ,Gardening,ತೋಟಗಾರಿಕೆ ಇಲಾಖೆ ನೀತಿ,Horticulture Department Policy,ಪುಟ್ಟಣ್ಣಯ್ಯ ಕೆ.ಎಸ್.,Puttannaiah K S 
1564,26/07/2013,ಕೃಷಿ,Farming,ಕೃಷಿ ನೀತಿ,Agricultural policy,ಪುಟ್ಟಣ್ಣಯ್ಯ ಕೆ.ಎಸ್.,Puttannaiah K S 
1565,26/07/2013,ಲೋಕೋಪಯೋಗಿ,Public service,ಇ-ಟೆಂಡರ್,E-tenderer,ಪುಟ್ಟಣ್ಣಯ್ಯ ಕೆ.ಎಸ್.,Puttannaiah K S 
1566,26/07/2013,ನಗರಾಭಿವೃದ್ದಿ,Urban Development,ಹಾರೋಗೇರಿ ಗ್ರಾಮಪಂಚಾಯಿತಿ,Harrogi gram panchayat,ರಾಜೀವ ಪಿ.,Rajiva P 
1567,26/07/2013,ಲೋಕೋಪಯೋಗಿ,Public service,ಹೊಸ ಮರಳು ನೀತಿ,New sand policy,ರಾಜೀವ ಪಿ.,Rajiva P 
1568,26/07/2013,ಲೋಕೋಪಯೋಗಿ,Public service,ರಸ್ತೆ ಅಗಲೀಕರಣ,Road widening,ರಾಜೀವ ಪಿ.,Rajiva P 
1569,26/07/2013,ಸಹಕಾರ,Cooperation,Cooperative Banks,Cooperative Banks,ರಮೇಶ್ ಕುಮಾರ್ ಕೆ.ಆರ್.,Ramesh Kumar KR
1570,26/07/2013,ಲೋಕೋಪಯೋಗಿ,Public service,ಲೋಕೋಪಯೋಗಿ ರಸ್ತೆ ಕಾಮಗಾರಿಗಳು,Public works road works,ರಾಮಕೃಷ್ಣ ಜಿ.,Ramakrishna G 
1571,26/07/2013,ನಗರಾಭಿವೃದ್ದಿ,Urban Development,ನಗರಸಭೆಯಲ್ಲಿರುವ ಯೋಜನೆಗಳು,Projects in the municipality,ರಾಮಕೃಷ್ಣ ಜಿ.,Ramakrishna G 
1572,26/07/2013,ಕೃಷಿ,Farming,ಕೃಷಿ ಇಲಾಖೆಯ ಯೋಜನೆಗಳು,Agriculture Department Plans,ರಾಮಕೃಷ್ಣ ಜಿ.,Ramakrishna G 
1573,26/07/2013,ಲೋಕೋಪಯೋಗಿ,Public service,ಕುರಿಕೋಟ ಸೇತುವೆ,The bridge of the kurikota,ರಾಮಕೃಷ್ಣ ಜಿ.,Ramakrishna G 
1574,26/07/2013,ತೋಟಗಾರಿಕೆ,Gardening,ತೆಂಗು ಬೆಳೆಗಾರರ ರಕ್ಷಣೆ,Protection of coconut growers,ರವಿ ಸಿ.ಟಿ.,Ravi CT
1575,26/07/2013,ನಗರಾಭಿವೃದ್ದಿ,Urban Development,ಸ್ಥಳೀಯ ಸಂಸ್ಥೆಗಳ ಮೀಸಲಾತಿ ವಿಳಂಬ,Reservation of local bodies reservation,ರವಿ ಸಿ.ಟಿ.,Ravi CT
1576,26/07/2013,ಕೃಷಿ,Farming,ಕೃಷಿ ವಲಯ,Agricultural sector,ರೇವಣ್ಣ ಹೆಚ್.ಡಿ.,Revanna HD
1577,26/07/2013,ನಗರಾಭಿವೃದ್ದಿ,Urban Development,ಸ್ಥಳೀಯ ಸಂಸ್ಥೆಗಳಿಗೆ ಅನುದಾನ,Grants to local organizations,ರೇವಣ್ಣ ಹೆಚ್.ಡಿ.,Revanna HD
1578,26/07/2013,ಲೋಕೋಪಯೋಗಿ,Public service,ಬೇಲೂರು ರಸ್ತೆ ಅಭಿವೃದ್ಧಿಗೆ ಅನುದಾನ,Grants for Belur Road Development,ರುದ್ರೇಶ್ ಗೌಡ ವೈ.ಎನ್.,Rudresh Gowda Y N 
1579,26/07/2013,ಲೋಕೋಪಯೋಗಿ,Public service,ಬೇಲೂರಿನಲ್ಲಿ ಬಸ್ ನಿಲ್ದಾಣಕ್ಕೆ ಜಾಗ,The bus station is located in Belur,ರುದ್ರೇಶ್ ಗೌಡ ವೈ.ಎನ್.,Rudresh Gowda Y N 
1580,26/07/2013,ಕೃಷಿ ಮಾರುಕಟ್ಟೆ,Agricultural Market,ಟ್ರಾಕ್ಟರ್ ಖರೀದಿಗೆ ಸಹಾಯಧನ,Subsidy for tractor purchase,ರುದ್ರೇಶ್ ಗೌಡ ವೈ.ಎನ್.,Rudresh Gowda Y N 
1581,26/07/2013,ಲೋಕೋಪಯೋಗಿ,Public service,ಬೇಲೂರಿನ ಜಿಲ್ಲಾ ರಸ್ತೆಗಳು,District Roads in Belur,ರುದ್ರೇಶ್ ಗೌಡ ವೈ.ಎನ್.,Rudresh Gowda Y N 
1582,26/07/2013,ಲೋಕೋಪಯೋಗಿ,Public service,ಸಂಪರ್ಕ ಸೇತುವೆ ನಿರ್ಮಾಣ,Construction Bridge Construction,ಸತೀಶ್ ಸೈಲ್ ಕೃಷ್ಣ,Satish Sail Krishna
1583,26/07/2013,ಲೋಕೋಪಯೋಗಿ,Public service,ಕಾರವಾರ - ಅಂಕೋಲ ರಸ್ತೆಗಳನ್ನು ಮೇಲ್ದರ್ಜೆಗೇರಿಸುವುದು,Upgrading of Karwar - Angola roads,ಸತೀಶ್ ಸೈಲ್ ಕೃಷ್ಣ,Satish Sail Krishna
1584,26/07/2013,ಲೋಕೋಪಯೋಗಿ,Public service,ಲೆಕ್ಕಶೀರ್ಷಿಕೆ 3054 ಹಾಗು 5054ರಲ್ಲಿ ತೆಗೆದುಕೊಳ್ಳಲಾದ ಕಾಮಗಾರಿಗಳು,Calculations taken in 3054 and 5054,ಶಕುಂತಲಾ ಟಿ. ಶೆಟ್ಟಿ,Shakuntala T  Shetty
1585,26/07/2013,ತೋಟಗಾರಿಕೆ,Gardening,ಕೇಂದ್ರ ತೋಟಗಾರಿಕೆ ಅಭಿವೃದ್ಧಿ ಯೋಜನೆ,Central Horticulture Development Project,ಶಕುಂತಲಾ ಟಿ. ಶೆಟ್ಟಿ,Shakuntala T  Shetty
1586,26/07/2013,ನಗರಾಭಿವೃದ್ದಿ,Urban Development,ಹೊನ್ನಾವರ ಪಟ್ಟಣ ಪಂಚಾಯಿತಿಯಲ್ಲಿ ಅವಶ್ಯವಿರುವ ಕಾಮಗಾರಿಗಳು,Required works in the town hall of Honnavar,ಶಾರದಾ ಮೋಹನ ಶೆಟ್ಟಿ,Sharada Mohana Shetty
1587,26/07/2013,ನಗರಾಭಿವೃದ್ದಿ,Urban Development,ಕುಮಟಾ ಪುರಸಭಾ ವ್ಯಾಪ್ತಿಯಲ್ಲಿ ಅವಶ್ಯವಿರುವ ಕಾಮಗಾರಿಗಳು,Required Works in the Kumta Municipal Council,ಶಾರದಾ ಮೋಹನ ಶೆಟ್ಟಿ,Sharada Mohana Shetty
1588,26/07/2013,ಕೃಷಿ ಮಾರುಕಟ್ಟೆ,Agricultural Market,ವ್ಯವಸಾಯ ಸೇವಾ ಸಹಕಾರ ಸಂಘಗಳಿಗೆ ಗೋದಾಮು,Warehouse for Agriculture Service Co-operative Societies,ಶಾರದಾ ಮೋಹನ ಶೆಟ್ಟಿ,Sharada Mohana Shetty
1589,26/07/2013,ತೋಟಗಾರಿಕೆ,Gardening,ಅಂತರ್ಜಲ ಕುಸಿತ,Groundwater crash,ಶಿವಲಿಂಗೇಗೌಡ ಕೆ.ಎಂ.,Shivalinge Gowda KM
1590,26/07/2013,ನಗರಾಭಿವೃದ್ದಿ,Urban Development,ಅಗ್ನಿಶಾಮಕ ದಳದ ವಾಹನದ ಜಾಗ,Fire space vehicle space,ಶಿವಾನಂದ ಎಸ್. ಪಾಟೀಲ,Sivananda S  Patil
1591,26/07/2013,ಸಹಕಾರ,Cooperation,ಗೃಹ ನಿರ್ಮಾಣ ಸಹಕಾರ ಸಂಘಗಳು,Home Construction Co-operative Societies,ಸೋಮಶೇಖರ್ ಎಸ್.ಟಿ.,Somashekhar ST
1592,26/07/2013,ಸಹಕಾರ,Cooperation,ಗೃಹ ನಿರ್ಮಾಣ ಸಹಕಾರ ಸಂಘಗಳು ಎದುರಿಸುತ್ತಿರುವ ಸಮಸ್ಯೆಗಳು,Problems facing housing cooperative societies,ಸೋಮಶೇಖರ್ ಎಸ್.ಟಿ.,Somashekhar ST
1593,26/07/2013,ಸಹಕಾರ,Cooperation,ವ್ಯವಸಾಯ ಸೇವಾ ಸಹಕಾರ ಸಂಘಗಳಿಂದ ರೈತರಿಗೆ ಸಾಲ,Loan to farmers by Agriculture Services Co-operative Societies,ಸುಧಾಕರ ಲಾಲ್ ಪಿ.ಆರ್.,Sudhakar Lal PR
1594,26/07/2013,ಲೋಕೋಪಯೋಗಿ,Public service,ಶಿರಾಡಿ ಘಾಟ್ ಅಭಿವೃದ್ಧಿ,Shiradi Ghat Developed,ಸುನೀಲ್ ಕುಮಾರ್ ವಿ.,Sunil Kumar V 
1595,26/07/2013,ಲೋಕೋಪಯೋಗಿ,Public service,ಕಾರ್ಕಳ ತಾಲೂಕಿಗೆ ಕೆ.ಆರ್.ಡಿ.ಸಿ.ಎಲ್. ನಿಂದ ಮಂಜೂರಾಗಿರುವ ಸೇತುವೆಗಳು,Karkala Talukki KRDCLL Bridges sanctioned by,ಸುನೀಲ್ ಕುಮಾರ್ ವಿ.,Sunil Kumar V 
1596,26/07/2013,ಲೋಕೋಪಯೋಗಿ,Public service,ಅಭಿವೃದ್ಧಿಯಾಗದೇ ಇರುವ ಜಿಲ್ಲಾ ರಸ್ತೆಗಳು,Undeveloped District Roads,ತುಕಾರಾಂ ಇ.,Tukaram E 
1597,26/07/2013,ತೋಟಗಾರಿಕೆ,Gardening,ತೋಟಗಾರಿಕಾ ಸ್ನಾತಕೋತ್ತರ ಕೇಂದ್ರ,Horticultural Postgraduate Center,ತುಕಾರಾಂ ಇ.,Tukaram E 
1598,26/07/2013,ಕೃಷಿ ಮಾರುಕಟ್ಟೆ,Agricultural Market,ಕೃಷಿ ಮಾರುಕಟ್ಟೆ ನಿರ್ಮಾಣ,Construction of agricultural markets,ವಿಶ್ವನಾಥ್ ಎಸ್. ಆರ್.,Vishwanath S  R 
1599,26/07/2013,ತೋಟಗಾರಿಕೆ,Gardening,ತೋಟಗಾರಿಕೆ ಬೆಳೆ,Gardening Crop,ವಿಶ್ವೇಶ್ವರ ಹೆಗಡೆ ಕಾಗೇರಿ,Vishweshwara Hegde Kageri
1600,26/07/2013,ತೋಟಗಾರಿಕೆ,Gardening,ಬೆಳೆ ಬೆಳೆದ ರೈತರಿಗೆ ನಷ್ಟದ ಪರಿಹಾರ,Loss solution for crop growers,ಯಶವಂತರಾಯ ವಿಠ್ಠಲಗೌಡ ಪಾಟೀಲ್,Yashavaraya Vitthal Gowda Patil
1601,26/07/2013,ಲೋಕೋಪಯೋಗಿ,Public service,ವಸತಿ ಗೃಹಗಳ ನಿರ್ಮಾಣ,Construction of residential houses,ಯಶವಂತರಾಯ ವಿಠ್ಠಲಗೌಡ ಪಾಟೀಲ್,Yashavaraya Vitthal Gowda Patil
1602,26/07/2013,ತೋಟಗಾರಿಕೆ,Gardening,ದ್ರಾಕ್ಷಿ ಬೆಳೆಗಾರರ ಸಮಸ್ಯೆ,The problem of grape growers,ಯಶವಂತರಾಯ ವಿಠ್ಠಲಗೌಡ ಪಾಟೀಲ್,Yashavaraya Vitthal Gowda Patil
1603,26/07/2013,ಲೋಕೋಪಯೋಗಿ,Public service,ಮಹಾರಾಷ್ಟ್ರ - ಕರ್ನಾಟಕ ಗಡಿ ಭಾಗದ ರಸ್ತೆಗಳ ಅಭಿವೃದ್ಧಿ,Maharashtra - Roads Development of Karnataka border,ಯಶವಂತರಾಯ ವಿಠ್ಠಲಗೌಡ ಪಾಟೀಲ್,Yashavaraya Vitthal Gowda Patil
1604,29/07/2013,ಅರಣ್ಯ,Forest,ಒತ್ತುವರಿಯಾಗಿರುವ ಅರಣ್ಯ ಭೂಮಿ,Forest land with emphasis,ಮಲ್ಲಿಕಾರ್ಜುನ ಸಿದ್ದರಾಮಪ್ಪ ಖೂಬಾ,Mallikarjuna Siddarappa Khuba
1605,29/07/2013,ಮೀನುಗಾರಿಕೆ,Fishing,ಸಮುದ್ರ ಕೊರೆತದಿಂದ ಮನೆಗಳು ಹಾಗು ಕೃಷಿ ಭೂಮಿ ಹಾಳಾಗುತ್ತಿರುವುದು,Housing and agricultural land are spoiled by sea erosion,ಗೋಪಾಲ ಪೂಜಾರಿ ಕೆ.,Gopal Poojary K 
1606,29/07/2013,ಸಣ್ಣ ನೀರಾವರಿ,Small irrigation,ವಿಷ್ಣು ಸಮುದ್ರ ಕೆರೆಯಲ್ಲಿ ಹೂಳು,Silt in the sea lake of Vishnu,ರುದ್ರೇಶ ಗೌಡ ವೈ.ಎನ್.,Rudresh Gowda Y N 
1607,29/07/2013,ಭಾರೀ ಮತ್ತು ಮಧ್ಯಮ ನೀರಾವರಿ,Heavy and medium irrigation,ಏತ ನೀರಾವರಿ ಯೋಜನೆಯ ಕಾಮಗಾರಿ,What is the irrigation project?,ಅಜಯ್ ಸಿಂಗ್,Ajay Singh
1608,29/07/2013,ಅರಣ್ಯ,Forest,ಸಾಕಾನೆಗಳಿಗೆ ಆಹಾರ ಪೂರೈಕೆ,Food Supply for Sacons,ಮಂಜುನಾಥ್ ಹೆಚ್.ಪಿ.,Manjunath H P 
1609,29/07/2013,ಸಣ್ಣ ನೀರಾವರಿ,Small irrigation,ಸಣ್ಣ ನೀರಾವರಿ ಕೆರೆಗಳ ದುರಸ್ತಿ,Small irrigation lakes repair,ರಾಜಾ ವೆಂಕಟಪ್ಪ ನಾಯಕ,Raja Venkatappa is the leader
1610,29/07/2013,ಕಂದಾಯ,Revenue,ಸರ್ಕಾರಿ ಗೋಮಾಳ ಜಮೀನು,Government Gourmet Land,ನಾಗರಾಜ್ ಎಂ.ಟಿ.ಬಿ.,Nagaraj M T B 
1611,29/07/2013,ಕಂದಾಯ,Revenue,ಅತಿವೃಷ್ಟಿಯಿಂದ ಮಳೆ ಕಳೆದುಕೊಂಡಿರುವುದು,Loss of rain is over,ಕೋಳಿವಾಡ ಕೆ.ಬಿ.,Kolivada kb
1612,29/07/2013,ಕಂದಾಯ,Revenue,ಭೂ ಪರಿವರ್ತನೆ ಫಾರಂ-9 ಮತ್ತು 11ರ ನೀಡಿಕೆ,Issue of land conversion form -9 and 11,ಪ್ರಮೋದ್ ಮಧ್ವರಾಜ್,Pramod Madhwaraj
1613,29/07/2013,ಸಕ್ಕರೆ,Sugar,ಸಕ್ಕರೆ ಕಾರ್ಖಾನೆಗಳಿಂದ ರೈತರಿಗೆ ಹಣ ಪಾವತಿ,Payment to farmers from sugar factories,ಗೋವಿಂದ ಎಂ ಕಾರಜೋಳ,Govinda M  Karajola
1614,29/07/2013,ಕಂದಾಯ,Revenue,ಸರ್ಕಾರಿ ಜಮೀನಿನಲ್ಲಿ ಮನೆ ಕಟ್ಟಿಕೊಂಡ ನಿವೇಶನ ರಹಿತರಿಗೆ ಹಕ್ಕುಪತ್ರ ಸಿಗದಿರುವುದು,Non-resident persons can not get a claim on a government land,ಹಾಲಾಡಿ ಶ್ರೀನಿವಾಸ ಶೆಟ್ಟಿ,Halady Srinivasa Shetty
1615,29/07/2013,ಕಂದಾಯ,Revenue,ಆರ್ಥಿಕ ದುರ್ಬಲ ವರ್ಗ ಮತ್ತು ಹಿಂದುಳಿದ ಕ್ಷೇಮಾಭಿವೃದ್ಧಿ ಸಂಘಕ್ಕೆ ಸರ್ಕಾರಿ ಜಮೀನು ನೀಡುವುದು,Government Land for Economic Weak Class and Backward Welfare Society,ಕೃಷ್ಣಪ್ಪ ಎಂ.,Krishnappa M 
1616,29/07/2013,ಕಂದಾಯ,Revenue,ಜನಶ್ರೀ ಕೇಂದ್ರ ಹಾಗು ಪಹಣಿ ವಿತರಿಸುವುದು,Distribution of Janashree Center and Pahini,ಐಹೊಳೆ ಡಿ. ಮಹಾಲಿಂಗಪ್ಪ,Aihole D  Mahalingappa
1617,29/07/2013,ಕಂದಾಯ,Revenue,ಮುದಗಲ್ ಪಟ್ಟಣವನ್ನು ತಾಲ್ಲೂಕು ಕೇಂದ್ವವನ್ನಾಗಿಸುವುದು,Mudgal town is the center of taluk,ಮಾನಪ್ಪ ಡಿ. ವಜ್ಜಲ್,Manappa D  Vajzal
1618,29/07/2013,ಕಾರ್ಮಿಕ,Labor,ಭಾಲ್ಕಿಯಲ್ಲಿ ಸರ್ಕಾರಿ ಐ.ಟಿ.ಐ. ಸ್ಥಾಪನೆ,Government ITI in Bhalki Established,ಈಶ್ವರ್ ಭೀಮಣ್ಣ ಖಂಡ್ರೆ,Ishwar Bhimanna Khandre
1619,29/07/2013,ಭಾರೀ ಮತ್ತು ಮಧ್ಯಮ ನೀರಾವರಿ,Heavy and medium irrigation,ಗೋರೂರು ಪುನರ್ವಸತಿ ಉಪ ವಿಭಾಗದ ಅಭಿವೃದ್ಧಿ,Development of Goru Rehabilitation Sub Division,ಅಪ್ಪಚ್ಚು ರಂಜನ್ ಎಂ.ಪಿ.,Appachan Ranjan MP
1620,29/07/2013,ಅರಣ್ಯ,Forest,ಕಲ್ಲು ಗಣಿಗಾರಿಕೆ,Stone mining,ಅರಬೈಲ್ ಶಿವರಾಮ್ ಹೆಬ್ಬಾರ್,Arabail Shivaram Hebbar
1621,29/07/2013,ಕಂದಾಯ,Revenue,ಬನವಾಸಿಯನ್ನು ತಾಲ್ಲೂಕು ಕೇಂದ್ರವನ್ನಾಗಿ ಮಾಡುವುದು,Banavasi to be a taluk center,ಅರಬೈಲ್ ಶಿವರಾಮ್ ಹೆಬ್ಬಾರ್,Arabail Shivaram Hebbar
1622,29/07/2013,ಸಣ್ಣ ನೀರಾವರಿ,Small irrigation,ಕೆರೆಗಳ ಅಭಿವೃದ್ದಿ,Improvement of lakes,ಅಶೋಕ್ ಖೇಣಿ,Ashok Kheni
1623,29/07/2013,ಕಾರ್ಮಿಕ,Labor,ಗುಟ್ಕಾ ನಿಷೇಧ,Gutka ban,ಅಶೋಕ ಆರ್.,Ashoka R 
1624,29/07/2013,ಕಂದಾಯ,Revenue,ನೋಂದಣಿ ಮತ್ತು ಮುದ್ರಾಂಕ ಶುಲ್ಕ ಪರಿಷ್ಕರಣೆ,Registration and Printer Fee Revision,ಅಶೋಕ ಆರ್.,Ashoka R 
1625,29/07/2013,ಭಾರೀ ಮತ್ತು ಮಧ್ಯಮ ನೀರಾವರಿ,Heavy and medium irrigation,ಮುಳುಗಡೆಗೊಳಗಾದ ಗ್ರಾಮಗಳ ಸ್ಥಳಾಂತರಕ್ಕೆ ಹಣ ಬಿಡುಗಡೆ,Release money for displaced villages,ಬಾಲಕೃಷ್ಣ ಸಿ.ಎನ್.,Balakrishna C N
1626,29/07/2013,ಕಂದಾಯ,Revenue,ಭೂ ಮಾಪಕರುಗಳ ಕೊರತೆ,Lack of landmakers,ಬಾಲಕೃಷ್ಣ ಹೆಚ್.ಸಿ.,Balakrishna H C 
1627,29/07/2013,ಕಂದಾಯ,Revenue,ಶೇಷಗಿರಿಹಳ್ಳಿ ಸ.ನಂ. 77ರ ಸರ್ಕಾರಿ ಗೋಮಾಳ,Sheshagirihalli S.N. 77 Government Gourmet,ಬಾಲಕೃಷ್ಣ ಹೆಚ್.ಸಿ.,Balakrishna H C 
1628,29/07/2013,ಕಂದಾಯ,Revenue,ಗೋಮಾಳ ಭೂಮಿಯನ್ನು ಮಂಜೂರು ಮಾಡಿಸುವುದು,Allowance of pasture land,ಬಾಲಕೃಷ್ಣ ಹೆಚ್.ಸಿ.,Balakrishna H C 
1629,29/07/2013,ಕಂದಾಯ,Revenue,ಈಗಲ್ ಟನ್ ರೆಸಾರ್ಟ್ ನಿಂದ ಜಾಗ ಒತ್ತುವರಿ,Enclose space from Eagleton Resort,ಬಾಲಕೃಷ್ಣ ಹೆಚ್.ಸಿ.,Balakrishna H C 
1630,29/07/2013,ಭಾರೀ ಮತ್ತು ಮಧ್ಯಮ ನೀರಾವರಿ,Heavy and medium irrigation,ತುಂಗಾ ಮೇಲ್ದಂಡೆ ಯೋಜನೆ,Tungsten Upstairs Project,ಬಣಕಾರ್ ಯು.ಬಿ.,Banakar UB
1631,29/07/2013,ಕಂದಾಯ,Revenue,ಗ್ರಾಮ ಲೆಕ್ಕಾಧಿಕಾರಿಗಳ ಹುದ್ದೆ,Grama Accounts Officer,ಬಣಕಾರ್ ಯು.ಬಿ.,Banakar UB
1632,29/07/2013,ಕಂದಾಯ,Revenue,ಖಾಲಿ ಹುದ್ದೆಗಳ ವಿವರ,Empty posts details,ಬೋಪಯ್ಯ ಕೆ.ಜಿ.,Bopayya KG
1633,29/07/2013,ಭಾರೀ ಮತ್ತು ಮಧ್ಯಮ ನೀರಾವರಿ,Heavy and medium irrigation,ನೀರು ಬಳಕೆದಾರರ ಸಹಕಾರ ಸಂಘಗಳು,Water Consumer Cooperative Societies,ಚೆಲುವರಾಯಸ್ವಾಮಿ ಎನ್.,Cheluvaraswamy N 
1634,29/07/2013,ಕಂದಾಯ,Revenue,ಕಂದಾಯ ಇಲಾಖೆಯಲ್ಲಿನ ಭ್ರಷ್ಟಾಚಾರ ಮುಕ್ತ ಆಡಳಿತ,Corruption free administration in the revenue department,ಸುಧಾಕರ್ ಕೆ.,Sudhakar K 
1635,29/07/2013,ಅರಣ್ಯ,Forest,ಅರಣ್ಯ ಬೆಳೆಸುವಿಕೆ ಮತ್ತು ಸಂರಕ್ಷಣೆ,Forestry and Conservation,ಸುಧಾಕರ್ ಕೆ.,Sudhakar K 
1636,29/07/2013,ಯುವಜನ ಸೇವೆ ಮತ್ತು ಕ್ರೀಡೆ,Youth Service and Sports,ಚಿಕ್ಕಬಳ್ಳಾಪುರ ಕ್ರೀಡಾಂಗಣದಲ್ಲರುವ ಆಡಿಟೋರಿಯಂ ದುಸ್ಥಿತಿ,Auditorium is not in Chikkaballapur stadium,ಸುಧಾಕರ್ ಕೆ.,Sudhakar K 
1637,29/07/2013,ಕಂದಾಯ,Revenue,ಕೆರೆಗಳನ್ನು ಸಂರಕ್ಷಿಸುವುದು,Protecting lakes,ಸುಧಾಕರ್ ಕೆ.,Sudhakar K 
1638,29/07/2013,ಅರಣ್ಯ,Forest,ಮಾಲಿನ್ಯ ನಿಯಂತ್ರಣ ಮಂಡಳಿಯವರು ನೀಡಿರುವ ನಿರಪೇಕ್ಷಣಾ ಪತ್ರಗಳು,Vacancies issued by the Pollution Control Board,ಈಶ್ವರ ಭೀಮಣ್ಣ ಖಂಡ್ರೆ,Ishwar Bhimanna Khandre
1639,29/07/2013,ಕಂದಾಯ,Revenue,ಬಾಕಿ ಇರುವ ಭೂಮಾಪನ ಅರ್ಜಿಗಳು,Outline geometry applications,ಈಶ್ವರ ಭೀಮಣ್ಣ ಖಂಡ್ರೆ,Ishwar Bhimanna Khandre
1640,29/07/2013,ಸಣ್ಣ ಕೈಗಾರಿಕೆ,Small industry,ಸಣ್ಣ ಕೈಗಾರಿಕೆಗಳಿಗೆ ನೀಡಿರುವ ಸಹಾಯಧನ,Assistance to small industries,ಈಶ್ವರ ಭೀಮಣ್ಣ ಖಂಡ್ರೆ,Ishwar Bhimanna Khandre
1641,29/07/2013,ಮುಜರಾಯಿ,Muzarai,ದೇವಾಲಯಗಳಿಗೆ ಜೀರ್ಣೋದ್ದಾರಕ್ಕೆ ಮಾಡಿರುವ ವೆಚ್ಚ,Cost of digestion to temples,ಈಶ್ವರ ಭೀಮಣ್ಣ ಖಂಡ್ರೆ,Ishwar Bhimanna Khandre
1642,29/07/2013,ಮೀನುಗಾರಿಕೆ,Fishing,ಮೀನುಗಾರಿಕೆ ದೋಣಿಗಳ ನಿರ್ಮಾಣಕ್ಕೆ ಅರ್ಹತಾ ಪತ್ರಗಳು,Eligibility for the construction of fishing boats,ಗೋಪಾಲ ಪೂಜಾರಿ ಕೆ.,Gopal Poojary K 
1643,29/07/2013,ಮೀನುಗಾರಿಕೆ,Fishing,ನಾಡ ದೋಣಿ ಮೀನುಗಾರರಿಗೆ ಸೀಮೇಎಣ್ಣೆ ನೀಡಿಕೆ,Seema rice was given to Nada boat fishermen,ಗೋಪಾಲ ಪೂಜಾರಿ ಕೆ.,Gopal Poojary K 
1644,29/07/2013,ಕಂದಾಯ,Revenue,ಆದಾಯ ಪ್ರಮಾಣ ಪತ್ರಗಳ ನೀಡಿಕೆಯಲ್ಲಿ ತೊಂದರೆ,Issue of Income Certificates Issues,ಗೋಪಾಲ ಪೂಜಾರಿ ಕೆ.,Gopal Poojary K 
1645,29/07/2013,ಕಂದಾಯ,Revenue,ಹಕ್ಕು ಪತ್ರ ನೀಡುವುದು,Issue of Claims,ಗೋಪಾಲ ಪೂಜಾರಿ ಕೆ.,Gopal Poojary K 
1646,29/07/2013,ಮುಜರಾಯಿ,Muzarai,ಮುಜರಾಯಿ ಇಲಾಖೆ ದೇವಸ್ಥಾನಗಳು,Muzarai Department of Temples,ಗೋಪಾಲಯ್ಯ ಕೆ.,Gopalaiah K 
1647,29/07/2013,ಮುಜರಾಯಿ,Muzarai,ಶಿರಡಿಯಲ್ಲಿ ಕರ್ನಾಟಕ ಅತಿಥಿ ಗೃಹ ನಿರ್ಮಾಣ,Karnataka guest house in Shirdi,ಗೋಪಾಲಯ್ಯ ಕೆ.,Gopalaiah K 
1648,29/07/2013,ಕಂದಾಯ,Revenue,ಬೆಂಗಳೂರು ನಗರದಲ್ಲಿರತಕ್ಕ ಸರ್ಕಾರಿ ಕಟ್ಟಡಗಳು ಹಾಗು ಜಮೀನುಗಳ ವಿವರ,Details of Government Buildings and Land for Bangalore City,ಗೋಪಾಲಯ್ಯ ಕೆ.,Gopalaiah K 
1649,29/07/2013,ಸಣ್ಣ ಕೈಗಾರಿಕೆ,Small industry,ರಾಜ್ಯ ಖಾದಿ ಮತ್ತು ಗ್ರಾಮೋದ್ಯೋಗ ಮಂಡಳಿಯ ಮಾರಾಟ ಮಳಿಗೆಗಳು,State Khadi and Village Industries Shop,ಗೋಪಾಲಯ್ಯ ಕೆ.,Gopalaiah K 
1650,29/07/2013,ಸಣ್ಣ ಕೈಗಾರಿಕೆ,Small industry,ಬೆಂಗಳೂರು ನಗರದಲ್ಲಿರುವ ಸಣ್ಣ ಕೈಗಾರಿಕೆಗಳು,Small Industries in Bangalore City,ಗೋಪಾಲಯ್ಯ ಕೆ.,Gopalaiah K 
1651,29/07/2013,ಕಂದಾಯ,Revenue,ರೈತರ ಆತ್ಯಹತ್ಯೆ,Farmers' Success,ಗೋವಿಂದ ಎಂ ಕಾರಜೋಳ,Govinda M  Karajola
1652,29/07/2013,ಅರಣ್ಯ,Forest,ದೇವರ ಕಾಡುಗಳ ಅಭಿವೃದ್ಧಿ,The development of the forests of God,ಗುರುಪಾದಪ್ಪ ನಾಗಮಾರಪಲ್ಲಿ,Guruparappa Nagamarapally
1653,29/07/2013,ಅರಣ್ಯ,Forest,ಸಂರಕ್ಷಣಾ ಕಾರ್ಯಪಡೆಯ ಪ್ರಗತಿ,Conservation Workforce Progress,ಗುರುಪಾದಪ್ಪ ನಾಗಮಾರಪಲ್ಲಿ,Guruparappa Nagamarapally
1654,29/07/2013,ಅರಣ್ಯ,Forest,ರಾಷ್ಟ್ರ ಸರೋವರ ಸಂರಕ್ಷಣಾ ಯೋಜನೆ,National Lake Conservation Project,ಗುರುಪಾದಪ್ಪ ನಾಗಮಾರಪಲ್ಲಿ,Guruparappa Nagamarapally
1655,29/07/2013,ಸಣ್ಣ ನೀರಾವರಿ,Small irrigation,ಕೆರೆಗಳ ಅಭಿವೃದ್ಧಿ,Development of lakes,ಗುರುಪಾದಪ್ಪ ನಾಗಮಾರಪಲ್ಲಿ,Guruparappa Nagamarapally
1656,29/07/2013,ಭಾರೀ ಮತ್ತು ಮಧ್ಯಮ ನೀರಾವರಿ,Heavy and medium irrigation,ಜಲಾಶಯಗಳಲ್ಲಿ ಸಂಗ್ರಹವಾಗಿರುವ ಹೂಳು,The sludge stored in the reservoirs,ಗುರುಪಾದಪ್ಪ ನಾಗಮಾರಪಲ್ಲಿ,Guruparappa Nagamarapally
1657,29/07/2013,ಕಂದಾಯ,Revenue,ಸಿ. ಮತ್ತು ಡಿ. ಡೀಮ್ಡ್ ಫಾರೆಸ್ಟ್ ಜಮೀನು,C. And D. Deemed Forest Land,ಹಾಲಾಡಿ ಶ್ರೀನಿವಾಸ ಶೆಟ್ಟಿ,Halady Srinivasa Shetty
1658,29/07/2013,ಕಂದಾಯ,Revenue,ನಿವೇಶನ ರಹಿತರಿಗೆ ಹೆಚ್ಚುವರಿ ಜಮೀನು ಮಂಜೂರು ಮಾಡುವುದು,Granting additional land to non-resident persons,ಹಾಲಾಡಿ ಶ್ರೀನಿವಾಸ ಶೆಟ್ಟಿ,Halady Srinivasa Shetty
1659,29/07/2013,ಅರಣ್ಯ,Forest,ಕರಾವಳಿ ನಿಯಂತ್ರಣ ವಲಯ ಯೋಜನೆ,Coastal Regulation Zone Plan,ಹಾಲಾಡಿ ಶ್ರೀನಿವಾಸ ಶೆಟ್ಟಿ,Halady Srinivasa Shetty
1660,29/07/2013,ಕಂದಾಯ,Revenue,ನಮೂನೆ 50 ಮತ್ತು 53ರಲ್ಲಿ ಸಲ್ಲಿಸಿದ ಅರ್ಜಿಯನ್ನು ಸರಿಪಡಿಸುವ ಬಗ್ಗೆ,About fixing the submitted application form 50 and 53,ಹಾಲಾಡಿ ಶ್ರೀನಿವಾಸ ಶೆಟ್ಟಿ,Halady Srinivasa Shetty
1661,29/07/2013,ಕಂದಾಯ,Revenue,ರಾಜಸ್ತ ಸಂಗ್ರಹಣೆ,Royal collection,ಹ್ಯಾರೀಸ್ ಎನ್. ಎ.,Harris N A
1662,29/07/2013,ಅರಣ್ಯ,Forest,ರಾಜ್ಯದಲ್ಲಿ ಅರಣ್ಯಕರಿಣ ಯೋಜನೆಗಳು,Forestry programs in the state,ಹ್ಯಾರೀಸ್ ಎನ್. ಎ.,Harris N A
1663,29/07/2013,ಕಾರ್ಮಿಕ,Labor,ಉನ್ನತ ತಂತ್ರಜ್ಞಾನ ಬಹುವಿಧ ಕೌಶಲ್ಯ ಅಭಿವೃದ್ಧಿ ಕೇಂದ್ರಗಳ ಪ್ರಗತಿ,The development of high technology multifaceted development centers,ಹ್ಯಾರೀಸ್ ಎನ್. ಎ.,Harris N A
1664,29/07/2013,ಜವಳಿ,Textile,ಕೈಮಗ್ಗದಿಂದ ವಿದ್ಯುತ್ ಮಗ್ಗಗಳಿಗೆ ಪರಿವರ್ತನೆ,Transition from handloom to electric looms,ಹ್ಯಾರೀಸ್ ಎನ್. ಎ.,Harris N A
1665,29/07/2013,ಕಂದಾಯ,Revenue,ಸಾಮಾಜಿಕ ಭದ್ರತಾ ವೇತನ ಅನುಷ್ಠಾನ,Social Security Payment Implementation,ಹ್ಯಾರೀಸ್ ಎನ್. ಎ.,Harris N A
1666,29/07/2013,ಕಂದಾಯ,Revenue,ಉತ್ತರಾಖಂಡ್ ಪ್ರವಾಹದಲ್ಲಿ ಸಿಲುಕಿದ್ದ ರಾಜ್ಯದ ಸಂತ್ರಸ್ಥರು,The victims of the state were stranded in Uttarakhand,ಜಗದೀಶ್ ಶೆಟ್ಟರ್,Jagadish Shettar
1667,29/07/2013,ಭಾರೀ ಮತ್ತು ಮಧ್ಯಮ ನೀರಾವರಿ,Heavy and medium irrigation,ತುಂಗಭದ್ರಾ ಜಲಾಶಯದ ಹೂಳೆತ್ತುವುದು,The dungeon of the Tungabhadra reservoir,ಜಗದೀಶ್ ಶೆಟ್ಟರ್,Jagadish Shettar
1668,29/07/2013,ಭಾರೀ ಮತ್ತು ಮಧ್ಯಮ ನೀರಾವರಿ,Heavy and medium irrigation,ಕಳಸಾ ಬಂಡೂರಿ ಕಾಮಗಾರಿ,Kalsa Battery Works,ಕೋಳಿವಾಡ ಕೆ.ಬಿ.,Kolivada kb
1669,29/07/2013,ಭಾರಿ ಮತ್ತು ಮಧ್ಯಮ ನೀರಾವರಿ,Heavy and medium irrigation,ಬೆಣ್ಣೆ ಹಳ್ಳದ ಪ್ರವಾಹವನ್ನು ತಡೆಯುವುದು,Prevent butter flooding,ಕೋನರೆಡ್ಡಿ ಎನ್. ಎಚ್.,Konareddy N  H 
1670,29/07/2013,ಭಾರಿ ಮತ್ತು ಮಧ್ಯಮ ನೀರಾವರಿ,Heavy and medium irrigation,ಕಳಸಾ ಬಂಡೂರಿ ನಾಲಾ ಜೋಡಣೆಯ ಯೋಜನೆ,Kalsa Bunduri is a project of planning,ಕೋನರೆಡ್ಡಿ ಎನ್. ಎಚ್.,Konareddy N  H 
1671,29/07/2013,ಕಂದಾಯ,Revenue,ವಿವಿಧ ಮಾಸಾಶನಗಳ ಬಿಡುಗಡೆಯಲ್ಲಿ ವಿಳಂಬ,Delay in the release of various masculines,ಕೋನರೆಡ್ಡಿ ಎನ್. ಎಚ್.,Konareddy N  H 
1672,29/07/2013,ಯುವಜನ ಸೇವೆ ಮತ್ತು ಕ್ರೀಡೆ,Youth Service and Sports,ಕುಸ್ತಿ ಪಟುಗಳಿಗೆ ಮಾಸಾಶನ ಬಿಡುಗಡೆ,Massive release to wrestlers,ಕೋನರೆಡ್ಡಿ ಎನ್. ಎಚ್.,Konareddy N  H 
1673,29/07/2013,ಕಂದಾಯ,Revenue,ಮೂಲಭೂತ ಸೌಕರ್ಯಕ್ಕಾಗಿ ಮೀಸಲಿರುವ ಜಮೀನು,Land reserved for infrastructure,ನಾಗರಾಜ್ ಎಂ.ಟಿ.ಬಿ.,Nagaraj M T B 
1674,29/07/2013,ಕಂದಾಯ,Revenue,ಬಗರ್ ಹುಕುಂ ಸಾಗುವಳಿ,Bugar bee cultivation,ಮಧು ಬಂಗಾರಪ್ಪ,Madhu Bangarappa
1675,29/07/2013,ಸಣ್ಣ ಕೈಗಾರಿಕೆ,Small industry,ಸಣ್ಣ ಕೈಗಾರಿಕೆಗಳ ಸ್ಥಾಪನೆಗೆ ನೀಡಿರುವ ಭೂಮಿ,Land to set up small industries,ಮಲ್ಲಿಕಾರ್ಜುನ ಸಿದ್ದರಾಮಪ್ಪ ಖೂಬಾ,Mallikarjuna Siddarappa Khuba
1676,29/07/2013,ಭಾರಿ ಮತ್ತು ಮಧ್ಯಮ ನೀರಾವರಿ,Heavy and medium irrigation,ನೀರಾವರಿ ಯೋಜನೆಗಳ ಅನುಷ್ಠಾನ,Implementation of irrigation projects,ಮಲ್ಲಿಕಾರ್ಜುನ ಸಿದ್ದರಾಮಪ್ಪ ಖೂಬಾ,Mallikarjuna Siddarappa Khuba
1677,29/07/2013,ಯುವಜನ ಸೇವೆ ಮತ್ತು ಕ್ರೀಡೆ,Youth Service and Sports,ಜಮೀನಿನ ಒತ್ತುವರಿ,Land enclosure,ಮಲ್ಲಿಕಾರ್ಜುನ ಸಿದ್ದರಾಮಪ್ಪ ಖೂಬಾ,Mallikarjuna Siddarappa Khuba
1678,29/07/2013,ಅರಣ್ಯ,Forest,ಪ್ರಾಣಿ ಸಂಗ್ರಹಾಲಯ ಸ್ಥಾಪನೆ,Establishment of Zoo,ಮಲ್ಲಿಕಾರ್ಜುನ ಸಿದ್ದರಾಮಪ್ಪ ಖೂಬಾ,Mallikarjuna Siddarappa Khuba
1679,29/07/2013,ಭಾರೀ ಮತ್ತು ಮಧ್ಯಮ ನೀರಾವರಿ,Heavy and medium irrigation,ಚಿತ್ತಾಪುರ - ಅಡವಿಬಾವಿ ರಸ್ತೆ ಅಭಿವೃದ್ಧಿ,Chittapura - Adivasi road development,ಮಾನಪ್ಪ ಡಿ. ವಜ್ಜಲ್,Manappa D  Vajzal
1680,29/07/2013,ಕಾರ್ಮಿಕ,Labor,ಔಷಧಿಗಳ ಸರಬರಾಜು ಕುರಿತು,About Supply of Medicines,ಮಂಜು ಎ.,Manju A
1681,29/07/2013,ಅರಣ್ಯ,Forest,ಆನೆ ತಡೆಗೋಡೆ ನಿರ್ಮಾಣ,Elephant Barrier Construction,ಮಂಜುನಾಥ್ ಹೆಚ್.ಪಿ.,Manjunath H P 
1682,29/07/2013,ಸಣ್ಣ ನೀರಾವರಿ,Small irrigation,ಏತ ನೀರಾವರಿ ಯೋಜನೆಯ ಕಾಮಗಾರಿ,What is the irrigation project?,ಮನೋಹರ್ ಎಚ್. ತಹಶೀಲ್ದಾರ್,Manohar H  Tahsildar
1683,29/07/2013,ಸಣ್ಣ ನೀರಾವರಿ,Small irrigation,ಹಾನಗಲ್ - ಬಸಪುರ ಏತ ನೀರಾವರಿ ಯೋಜನೆಯ ಕಾಮಗಾರಿ,Construction of the Hanagal - Basapura irrigation project,ಮನೋಹರ್ ಎಚ್. ತಹಶೀಲ್ದಾರ್,Manohar H  Tahsildar
1684,29/07/2013,ಕಂದಾಯ,Revenue,ಕಂದಾಯ ಹೋಬಳಿಯಾಗಿ ಮೇಲ್ದರ್ಜೆಗೇರಿಸುವುದು,Upgrading to Revenue Haul,ಮನೋಹರ್ ಎಚ್. ತಹಶೀಲ್ದಾರ್,Manohar H  Tahsildar
1685,29/07/2013,ಅರಣ್ಯ,Forest,ಸಾಗುವಳಿದಾರರನ್ನು ಒಕ್ಕಲೆಬ್ಬಿಸುತ್ತಿರುವುದು,Embarking on the cultivators,ಮನೋಹರ್ ಎಚ್. ತಹಶೀಲ್ದಾರ್,Manohar H  Tahsildar
1686,29/07/2013,ಕಂದಾಯ,Revenue,ಭೂ ಮಂಜೂರಾತಿ ನೀಡಿರುವುದು,Land Acquisition,ಮುನಿರತ್ನ,Muniratne
1687,29/07/2013,ಮುಜರಾಯಿ,Muzarai,ದೇವಸ್ಥಾನಗಳಿಗೆ ಬಿಡುಗಡೆ ಮಾಡಿದ ಅನುದಾನ,Grants released to temples,ನಾಗೇಂದ್ರ ಬಿ.,Nagendra B 
1688,29/07/2013,ಅರಣ್ಯ,Forest,ಅರಣ್ಯ ಅಭಿವೃದ್ದಿಗಾಗಿ ಕೈಗೊಂಡ ಕ್ರಮ,Action for Forest Development,ನಾಗೇಂದ್ರ ಬಿ.,Nagendra B 
1689,29/07/2013,ಭಾರಿ ಮತ್ತು ಮಧ್ಯಮ ನೀರಾವರಿ,Heavy and medium irrigation,ನೀರಾವರಿ ಯೋಜನೆ,Irrigation Project,ನಾಗೇಂದ್ರ ಬಿ.,Nagendra B 
1690,29/07/2013,ಕಂದಾಯ,Revenue,ಹೊಸ ತಾಲೂಕುಗಳ ರಚನೆ,Formation of new taluks,ನಾಗೇಂದ್ರ ಬಿ.,Nagendra B 
1691,29/07/2013,ಸಣ್ಣ ನೀರಾವರಿ,Small irrigation,ಸಣ್ಣ ನೀರಾವರಿ ಕಾಮಗಾರಿಗಳು,Small irrigation works,ನಾಗೇಂದ್ರ ಬಿ.,Nagendra B 
1692,29/07/2013,ಕಾರ್ಮಿಕ,Labor,ಕಟ್ಟಡ ಕಾರ್ಮಿಕರ ನಿಧಿ ಬಳಕೆ,Funding of building workers,ನಾರಾಯಣ ಗೌಡ,Narayana Gowda
1693,29/07/2013,ಕಂದಾಯ,Revenue,ಸರ್ವೆಯರ್ ಗಳ ಕೊರತೆ,Lack of server,ನಾರಾಯಣ ಗೌಡ,Narayana Gowda
1694,29/07/2013,ಅರಣ್ಯ,Forest,ಅರಣ್ಯ ಭೂಮಿ ಸಕ್ರಮಗೊಳಿಸುವುದು,Forest land order,ನಾರಾಯಣ ಗೌಡ,Narayana Gowda
1695,29/07/2013,ಭಾರೀ ಮತ್ತು ಮಧ್ಯಮ ನೀರಾವರಿ,Heavy and medium irrigation,ಇಗ್ಗಲೂರು ಬಲದಂಡೆ ನಾಲೆಯ ಕಾಮಗಾರಿ,The work of the river is in the basement,ನರೇಂದ್ರ ಸ್ವಾಮಿ ಪಿ.ಎಂ.,Narendra Swami PM
1696,29/07/2013,ಕಂದಾಯ,Revenue,ರಾಜ್ಯದಲ್ಲಿರುವ ಸರ್ಕಾರಿ ಸ್ವತ್ತುಗಳ ಗುತ್ತಿಗೆ,Contract of government assets in the state,ಪಾಟೀಲ್ ಎ.ಎಸ್.,Patil AS
1697,29/07/2013,ಸಕ್ಕರೆ,Sugar,ಸಕ್ಕರೆ ಕಾರ್ಖಾನೆಗಳು,Sugar factories,ಪಾಟೀಲ್ ಎ.ಎಸ್.,Patil AS
1698,29/07/2013,ಕಂದಾಯ,Revenue,ಪುನರ್ವಸತಿ ಕೇಂದ್ರಗಳು,Rehabilitation Centers,ಪಾಟೀಲ್ ಜಿ.ಟಿ.,Patil GT
1699,29/07/2013,ಅರಣ್ಯ,Forest,ನೈಸರ್ಗಿಕ ಪಕ್ಷಿಧಾಮ,Natural Bird Sanctuary,ಪಾಟೀಲ್ ಜಿ.ಟಿ.,Patil GT
1700,29/07/2013,ಕಂದಾಯ,Revenue,ಅತಿವೃಷ್ಠಿಯಿಂದ ಹಾನಿಗೊಳದಾದ ಮನೆಗಳು,Harmful houses damaged,ಪಾಟೀಲ್ ಜಿ.ಟಿ.,Patil GT
1701,29/07/2013,ಸಣ್ಣ ನೀರಾವರಿ,Small irrigation,ಕಾಮಗಾರಿ ಹಾಗು ಹುದ್ದೆಗಳು,Works and posts,ಪ್ರಭು ಬಿ. ಚೌವ್ಜಾಣ್,Prabhu B  Chauhajan
1702,29/07/2013,ಸಣ್ಣ ನೀರಾವರಿ,Small irrigation,ಬ್ರಿಡ್ಜ್ ಕಂ ಬ್ಯಾರೇಜ್ ಕಾಮಗಾರಿ,Bridge Co. Barrage works,ಪ್ರಭು ಬಿ. ಚೌವ್ಜಾಣ್,Prabhu B  Chauhajan
1703,29/07/2013,ಯುವಜನ ಸೇವೆ ಮತ್ತು ಕ್ರೀಡೆ,Youth Service and Sports,ಕ್ರೀಡಾಪಟುಗಳಿಗೆ ಕೃಪಾಂಕಗಳನ್ನು ನೀಡುವ ಬಗ್ಗೆ,About cracking down on athletes,ಪುಟ್ಟಣ್ಣಯ್ಯ ಕೆ.ಎಸ್.,Puttannaiah K S 
1704,29/07/2013,ಕಂದಾಯ,Revenue,ಪರಿಹಾರ ನೀಡುವ ಬಗ್ಗೆ,About solving,ಪುಟ್ಟಣ್ಣಯ್ಯ ಕೆ.ಎಸ್.,Puttannaiah K S 
1705,29/07/2013,ಕಂದಾಯ,Revenue,ಸರ್ವೆ ಮತ್ತು ಸ್ಕೆಚ್ ಮಾಡಿಸುವುದು,Survey and Sketch,ಪುಟ್ಟಣ್ಣಯ್ಯ ಕೆ.ಎಸ್.,Puttannaiah K S 
1706,29/07/2013,ಭಾರೀ ಮತ್ತು ಮಧ್ಯಮ ನೀರಾವರಿ,Heavy and medium irrigation,ಕೃಷ್ಣರಾಜಸಾಗರ ಅಣೆಕಟ್ಟು,Krishnarajasagar Dam,ಪುಟ್ಟಣ್ಣಯ್ಯ ಕೆ.ಎಸ್.,Puttannaiah K S 
1707,29/07/2013,ಅರಣ್ಯ,Forest,ಹಾವುಗಳ ಸಂತತಿ ರಕ್ಷಣೆ,Protection of snakes,ಪುಟ್ಟಣ್ಣಯ್ಯ ಕೆ.ಎಸ್.,Puttannaiah K S 
1708,29/07/2013,ಸಣ್ಣ ನೀರಾವರಿ,Small irrigation,ಏತ ನೀರಾವರಿ,Where irrigation,ರಾಜೀವ್ ಪಿ.,Rajiv P 
1709,29/07/2013,ಸಣ್ಣ ನೀರಾವರಿ,Small irrigation,ತಡೆಗೋಡೆ ನಿರ್ಮಾಣ,Construction of the barrier,ರಾಜೀವ್ ಪಿ.,Rajiv P 
1710,29/07/2013,ಸಣ್ಣ ನೀರಾವರಿ,Small irrigation,"ಚೆಕ್ ಡ್ಯಾಂ, ಕಂ ಬ್ಯಾರೇಜ್ ನಿರ್ಮಾಣ","Check Dam, Co. Barrage Construction",ರಾಜೀವ್ ಪಿ.,Rajiv P 
1711,29/07/2013,ಕಂದಾಯ,Revenue,ಮುಳುಗಡೆ ಗ್ರಾಮಗಳು,Sinking villages,ರಾಜೀವ್ ಪಿ.,Rajiv P 
1712,29/07/2013,ಕಂದಾಯ,Revenue,ಸವಳು-ಜವಳು ಭೂಮಿ,The land of savannah,ರಾಜೀವ್ ಪಿ.,Rajiv P 
1713,29/07/2013,ಸಕ್ಕರೆ,Sugar,ಪಾಂಡವಪುರ ಮತ್ತು ಮೈಸೂರು ಸಕ್ಕರೆ ಕಾರ್ಖಾನೆ,Pandavapura and Mysore sugar factory,ರಮೇಶ್ ಬಂಡಿಸಿದ್ದೇಗೌಡ ಎ.ಬಿ.,Ramesh Bundigida Gowda AB
1714,29/07/2013,ಮುಜರಾಯಿ,Muzarai,ಮುಜರಾಯಿ ವ್ಯಾಪ್ತಿಯ ದೇವಾಲಯಗಳು,Temples of the Muzirai range,ರಮೇಶ್ ಕುಮಾರ್ ಕೆ.ಆರ್.,Ramesh Kumar KR
1715,29/07/2013,ಕಂದಾಯ,Revenue,ಕೃಷಿ ಭೂಮಿ ಸಕ್ರಮಕ್ಕೆ ಸಮಿತಿಗಳು,Committees for Agriculture Land Order,ರವಿ ಸಿ.ಟಿ.,Ravi CT
1716,29/07/2013,ಕಂದಾಯ,Revenue,ಅನಧೀಕೃತ ಪ್ರಾಂಟೇಶನ್ ಬೆಳೆಗಳು,Unauthorized promotion crops,ರವಿ ಸಿ.ಟಿ.,Ravi CT
1717,29/07/2013,ಮುಜರಾಯಿ,Muzarai,ಮುಜರಾಯಿ ದೇವಾಲಯಗಳ ಆದಾಯ ನಿರ್ವಹಣೆ,Revenue Management of Muzirai Temples,ರವಿ ಸಿ.ಟಿ.,Ravi CT
1718,29/07/2013,ಮುಜರಾಯಿ,Muzarai,ದೇವಸ್ಥಾನಗಳ ಜೀರ್ಣೋದ್ದಾರ,The dignitaries of temples,ರೇವಣ್ಣ ಹೆಚ್.ಡಿ.,Revanna HD
1719,29/07/2013,ಸಣ್ಣ ನೀರಾವರಿ,Small irrigation,ಏತ ನೀರಾವರಿ ಯೋಜನೆಗಳು,Where irrigation projects are,ರೇವಣ್ಣ ಹೆಚ್.ಡಿ.,Revanna HD
1720,29/07/2013,ಕಾರ್ಮಿಕ,Labor,ಐ.ಟಿ.ಐ. ಕಾಲೇಜಿಗೆ ಸ್ವಂತ ಕಟ್ಟಡ ನಿರ್ಮಾಣ,ITI Building own own building,ರುದ್ರೇಶ ಗೌಡ ವೈ.ಎನ್.,Rudresh Gowda Y N 
1721,29/07/2013,ಭಾರೀ ಮತ್ತು ಮಧ್ಯಮ ನೀರಾವರಿ,Heavy and medium irrigation,ನಾಲೆಯ ಕಾಮಗಾರಿ,The work of the wave,ರುದ್ರೇಶ ಗೌಡ ವೈ.ಎನ್.,Rudresh Gowda Y N 
1722,29/07/2013,ಕಂದಾಯ,Revenue,ಒತ್ತುವರಿ ಭೂಮಿ,Land of encroachment,ರುದ್ರೇಶ ಗೌಡ ವೈ.ಎನ್.,Rudresh Gowda Y N 
1723,29/07/2013,ಅರಣ್ಯ,Forest,ಅರಣ್ಯ ಭೂಮಿ ಒತ್ತುವರಿ,Forest land enclosure,ರುದ್ರೇಶ ಗೌಡ ವೈ.ಎನ್.,Rudresh Gowda Y N 
1724,29/07/2013,ಕಂದಾಯ,Revenue,ಮಿನಿ ವಿಧಾನಸೌಧ ನಿರ್ಮಾಣ,Construction of Mini Methods,ಶಾರದಾ ಮೋಹನ ಶೆಟ್ಟಿ,Sharada Mohana Shetty
1725,29/07/2013,ಯುವಜನ ಸೇವೆ ಮತ್ತು ಕ್ರೀಡೆ,Youth Service and Sports,ಕ್ರೀಡಾಂಗಣ ನಿರ್ಮಾಣ,Stadium construction,ಶಾರದಾ ಮೋಹನ ಶೆಟ್ಟಿ,Sharada Mohana Shetty
1726,29/07/2013,ಮೀನುಗಾರಿಕೆ,Fishing,ಬಾರ್ಲಾಂಡ್ ನಿರ್ಮಾಣ,Construction of Barland,ಶಾರದಾ ಮೋಹನ ಶೆಟ್ಟಿ,Sharada Mohana Shetty
1727,29/07/2013,ಭಾರೀ ಮತ್ತು ಮಧ್ಯಮ ನೀರಾವರಿ,Heavy and medium irrigation,ಅಂತರ್ಜಲ ಕುಸಿಯುತ್ತಿರುವುದು,Groundwater dropping,ಶಿವಲಿಂಗೇಗೌಡ ಕೆ.ಎಂ.,Shivalinge Gowda KM
1728,29/07/2013,ಯುವಜನ ಸೇವೆ ಮತ್ತು ಕ್ರೀಡೆ,Youth Service and Sports,ಕ್ರೀಡಾಂಗಣಕ್ಕೆ ಮೂಲಭೂತ ಸೌಕರ್ಯ,Basic infrastructure for the stadium,ಶಿವಲಿಂಗೇಗೌಡ ಕೆ.ಎಂ.,Shivalinge Gowda KM
1729,29/07/2013,ಭಾರೀ ಮತ್ತು ಮಧ್ಯಮ ನೀರಾವರಿ,Heavy and medium irrigation,ಕೆರೆಗಳಿಗೆ ನೀರು ತುಂಬಿಸುವುದು,Watering the lakes,ಶಿವಲಿಂಗೇಗೌಡ ಕೆ.ಎಂ.,Shivalinge Gowda KM
1730,29/07/2013,ಕಂದಾಯ,Revenue,ನೆಮ್ಮದಿ ಕೇಂದ್ರಗಳಿಂದ ಬಂದಿರುವ ವರಮಾನ ವಿನಿಯೋಗ,Income Spending from Relief Centers,ಶಿವಲಿಂಗೇಗೌಡ ಕೆ.ಎಂ.,Shivalinge Gowda KM
1731,29/07/2013,ಮುಜರಾಯಿ,Muzarai,ದೇವಸ್ಥಾನಗಳಿಗೆ ಜೀರ್ಣೋದ್ದಾರಕ್ಕೆ 2ನೇ ಕಂತಿನ ಹಣ ಬಿಡುಗಡೆ,Release of 2nd installment to the digestors of temples,ಶಿವಲಿಂಗೇಗೌಡ ಕೆ.ಎಂ.,Shivalinge Gowda KM
1732,29/07/2013,ಕಂದಾಯ,Revenue,ಮುಜರೇ ಗ್ರಾಮಗಳನ್ನು ಕಂದಾಯ ಗ್ರಾಮಗಳನ್ನಾಗಿ ಪರಿವರ್ತಿಸುವುದು,Converting Muzeri villages into Revenue Villages,ಶಿವಾನಂದ ಎಸ್. ಪಾಟೀಲ,Sivananda S  Patil
1733,29/07/2013,ಕಂದಾಯ,Revenue,ಸರ್ಕಾರಿ ಭೂಮಿಯನ್ನು ಹಂಚಿಕೆ ಮಾಡುವುದು,Sharing Government land,ಸೋಮಶೇಖರ್ ಎಸ್.ಟಿ.,Somashekhar ST
1734,29/07/2013,ಕಂದಾಯ,Revenue,ಸರ್ಕಾರಿ ಜಮೀನಿನ ವಿವರ,Government land details,ಸೋಮಶೇಖರ್ ಎಸ್.ಟಿ.,Somashekhar ST
1735,29/07/2013,ಕಂದಾಯ,Revenue,ಸರ್ಕಾರಿ ಭೂಮಿ,Government land,ಸೋಮಶೇಖರ್ ಎಸ್.ಟಿ.,Somashekhar ST
1736,29/07/2013,ಕಂದಾಯ,Revenue,ಗೋಮಾಳ ಜಾಗದ ಒತ್ತುವರಿ,Enclosure of pasture space,ಸೋಮಶೇಖರ್ ಎಸ್.ಟಿ.,Somashekhar ST
1737,29/07/2013,ಕಂದಾಯ,Revenue,ಸರ್ಕಾರಿ ಭೂಮಿ ಹಂಚಿಕೆ,Government land distribution,ಸೋಮಶೇಖರ್ ಎಸ್.ಟಿ.,Somashekhar ST
1738,29/07/2013,ಸಣ್ಣ ನೀರಾವರಿ,Small irrigation,ಕೆರೆ ಕಾಲುವೆ ದುರಸ್ತಿ,Repair the lake canal,ಸುಬ್ಬಾರೆಡ್ಡಿ ಎಸ್.ಎನ್.,Subburdy SN
1739,29/07/2013,ಮುಜರಾಯಿ,Muzarai,ಮುಜರಾಯಿ ದೇವಸ್ಥಾನದ ಪ್ರಗತಿ,Progress of the Muzrai Temple,ಸುಬ್ಬಾರೆಡ್ಡಿ ಎಸ್.ಎನ್.,Subburdy SN
1740,29/07/2013,ಸಣ್ಣ ನೀರಾವರಿ,Small irrigation,ಅಂತರ್ಜಲ ಸುಧಾರಣೆ,Groundwater Improvement,ಸುಬ್ಬಾರೆಡ್ಡಿ ಎಸ್.ಎನ್.,Subburdy SN
1741,29/07/2013,ಕಂದಾಯ,Revenue,ಸಾರ್ವಜನಿಕರಿಗೆ ದೊರೆಯುವ ಸೌಲಭ್ಯ,Facility available to the public,ಸುಬ್ಬಾರೆಡ್ಡಿ ಎಸ್.ಎನ್.,Subburdy SN
1742,29/07/2013,ಅರಣ್ಯ,Forest,ಕೃಷ್ಣ ಮೃಗಗಳು ರೈತರ ಬೆಳೆಗಳಿಗೆ ಹಾನಿ ಮಾಡುತ್ತಿರುವುದು,Krishna beasts are damaging farmers' crops,ಸುಧಾಕರ ಲಾಲ್ ಪಿ.ಆರ್.,Sudhakar Lal PR
1743,29/07/2013,ಭಾರೀ ಮತ್ತು ಮಧ್ಯಮ ನೀರಾವರಿ,Heavy and medium irrigation,ಶಾಶ್ವತ ಕುಡಿಯುವ ನೀರಿನ ಯೋಜನೆ,Permanent drinking water scheme,ಸುಧಾಕರ ಲಾಲ್ ಪಿ.ಆರ್.,Sudhakar Lal PR
1744,29/07/2013,ಮುಜರಾಯಿ,Muzarai,ಪ್ರಸಿದ್ಧ ದೇವಸ್ಥಾನಗಳನ್ನು ಸರ್ಕಾರದ ವಶಕ್ಕೆ ತೆಗೆದುಕೊಳ್ಳುವುದು,Famous temples are taken over by the government,ಸುನೀಲ್ ಕುಮಾರ್ ವಿ.,Sunil Kumar V 
1745,29/07/2013,ಭಾರಿ ಮತ್ತು ಮಧ್ಯಮ ನೀರಾವರಿ,Heavy and medium irrigation,ವರಾಹಿ ನೀರಾವರಿ ಯೋಜನೆ,Varahi Irrigation Project,ಸುನೀಲ್ ಕುಮಾರ್ ವಿ.,Sunil Kumar V 
1746,29/07/2013,ಕಂದಾಯ,Revenue,ಬಡ ಅವಿವಾಹಿತರಿಗೆ ಮಾಸಾಶನ,The poor people are masseen,ಸುನೀಲ್ ಕುಮಾರ್ ವಿ.,Sunil Kumar V 
1747,29/07/2013,ಮೀನುಗಾರಿಕೆ,Fishing,ಸಹಾಯಕ ನಿರ್ದೇಶಕರ ಕಛೇರಿಯಲ್ಲಿ ಹುದ್ದೆಗಳು,Assistant Director's Office,ಸುನೀಲ್ ಕುಮಾರ್ ವಿ.,Sunil Kumar V 
1748,29/07/2013,ಮುಜರಾಯಿ,Muzarai,ದೇವಸ್ಥಾನಗಳಲ್ಲಿ ಕಳ್ಳತನ,Theft in temples,ಸುನೀಲ್ ಕುಮಾರ್ ವಿ.,Sunil Kumar V 
1749,29/07/2013,ಭಾರೀ ಮತ್ತು ಮಧ್ಯಮ ನೀರಾವರಿ,Heavy and medium irrigation,ಹೇಮಾವತಿ ನಾಲಾವಲಯ,Hemavathi Navalaya,ಸುರೇಶ್ ಗೌಡ ಬಿ.,Suresh Gowda b 
1750,29/07/2013,ಕಾರ್ಮಿಕ,Labor,ಸರ್ಕಾರಿ ಐ.ಟಿ.ಐ. ಗಳಲ್ಲಿ ನಕಲಿ ಅನುಭವ ಪ್ರಮಾಣ ಸಲ್ಲಿಸಿ ಜೆ.ಓ.ಟಿ ಹುದ್ದೆಗಳಿಗೆ ನೇಮಕ,Government ITI Submit fake experience rates and appoint Joint posts,ತನ್ವೀರ್ ಸೇಠ್,Tanvir Seth
1751,29/07/2013,ಕಂದಾಯ,Revenue,ಉಪ ನೋಂದಣಾಧಿಕಾರಿಗಳ ಕಛೇರಿಯನ್ನು ಸ್ಥಳಾಂತರಿಸುವುದು,Transfer of Deputy Registrar's Office,ವಿಜಯಕುಮಾರ್ ಬಿ.ಎನ್.,Vijayakumar BN
1752,29/07/2013,ಸಣ್ಣ ನೀರಾವರಿ,Small irrigation,ಕೆರೆಗಳ ಒತ್ತುವರಿ ತೆರವುಗೊಳಿಸುವುದು,Clearing the lakes enclosure,ವಿಜಯಕುಮಾರ್ ಬಿ.ಎನ್.,Vijayakumar BN
1753,29/07/2013,ಕಂದಾಯ,Revenue,ಕರ್ನಾಟಕ ಭೂ ಸುಧಾರಣೆ ನಿಯಮ 79ಎ ಗೆ ತಿದ್ದುಪಡಿ,Karnataka Land Reform Laws Amendment to 79 A.,ವಿಶ್ವನಾಥ್ ಎಸ್. ಆರ್.,Vishwanath S  R 
1754,29/07/2013,ಕಂದಾಯ,Revenue,ಜಮೀನುಗಳನ್ನು ಪೋಡಿ ಮಾಡಲು ನಿಯಮ ಸಡಲಿಸುವುದು,Rule to land land,ವಿಶ್ವನಾಥ್ ಎಸ್. ಆರ್.,Vishwanath S  R 
1755,29/07/2013,ಕಂದಾಯ,Revenue,ಹಸಿರು ಪಟ್ಟಿ ವಲಯದಲ್ಲಿ ಆಕ್ರಮ ನಿವೇಶನಗಳು,Invasions in Green List Zone,ವಿಶ್ವನಾಥ್ ಎಸ್. ಆರ್.,Vishwanath S  R 
1756,29/07/2013,ಭಾರೀ ಮತ್ತು ಮಧ್ಯಮ ನೀರಾವರಿ,Heavy and medium irrigation,ಕಾಮಗಾರಿ ಪೂರ್ಣಗೊಳಿಸುವುದು,Completing the work,ವಿಶ್ವನಾಥ್ ಪಾಟೀಲ್,Vishwanath Patil
1757,29/07/2013,ಸಣ್ಣ ನೀರಾವರಿ,Small irrigation,ನೀರಾವರಿ ಯೋಜನೆಗಳು,Irrigation projects,ವಿಶ್ವನಾಥ್ ಪಾಟೀಲ್,Vishwanath Patil
1758,29/07/2013,ಕಂದಾಯ,Revenue,ಭೂಮಿ ಸಕ್ರಮಗೊಳಿಸುವುದು,To land the land,ವಿಶ್ವೇಶ್ವರ ಹೆಗಡೆ ಕಾಗೇರಿ,Vishweshwara Hegde Kageri
1759,29/07/2013,ಕಂದಾಯ,Revenue,ಪಹಣಿ ಪತ್ರಿಕೆಯನ್ನು ಮುಟೇಶನ್ ಎಂಟ್ರಿ ಕುರಿತು,About the Mutation Entry of the Citizen,ವಿಶ್ವೇಶ್ವರ ಹೆಗಡೆ ಕಾಗೇರಿ,Vishweshwara Hegde Kageri
1760,29/07/2013,ಕಾರ್ಮಿಕ,Labor,ಬಾಲಕಾರ್ಮಿಕ ಪದ್ಧತಿಯ ನಿರ್ಮೂಲನೆ,Elimination of child labor,ಯಶವಂತರಾಯ ವಿಠ್ಠಲಗೌಡ ಪಾಟೀಲ್,Yashavaraya Vitthal Gowda Patil
1761,29/07/2013,ಕಂದಾಯ,Revenue,ಮಲ್ಲಾಪುರ ಗ್ರಾಮದ ಕೆರೆ ಒತ್ತುವರಿ,Lake enclosure of Mallapura village,ವೈ.ಎಸ್.ವಿ. ದತ್ತಾ,YSV Dutta
1762,30/07/2013,ನಗರಾಭಿವೃದ್ದಿ,Urban Development,ಪಾಲಾರ್ ನದಿಯ ನೀರನ್ನು ಒತ್ತುವರಿ ಮಾಡಿರುವುದು,The water of the Palar river was enclosed,ರಾಮಕ್ಕ ವೈ,Ramakka Y 
1763,30/07/2013,ಪಶು ಸಂಗೋಪನೆ,Animal husbandry,ಅಮೃತ್ ಮಹಲ್ ಜಮೀನು ಒತ್ತುವರಿ,Amrith Mahal Land Enclosure,ಶ್ರೀನಿವಾಸ್ ಜಿ.ಎಚ್.,Srinivas G H 
1764,30/07/2013,ಪಶು ಸಂಗೋಪನೆ,Animal husbandry,ಪಶು ಚಿಕಿತ್ಸಾಲಯಗಳ ಕೊರತೆ,Lack of veterinary clinics,ಸುಧಾಕರ ಲಾಲ್ ಪಿ.ಆರ್.,Sudhakar Lal PR
1765,30/07/2013,ನಗರಾಭಿವೃದ್ದಿ,Urban Development,ರಸ್ತೆಗಳನ್ನು ಅಗೆದು ಸರಿಪಡಿಸದಿರುವುದು,Dug roads and repair,ಅಶೋಕ್ ಆರ್.,Ashok R 
1766,30/07/2013,ಇಂದನ,From now on,ನವೀಕರಿಸಬಹುದಾದ ಇಂಧನದ ಉತ್ಪಾದನೆ,Renewable Energy Production,ಸುಧಾಕರ್ ಕೆ.,Sudhakar K 
1767,30/07/2013,ಪಶು ಸಂಗೋಪನೆ,Animal husbandry,ದೇಶೀಯ ತಳಿಗಳ ರಕ್ಷಣೆ,Protection of domestic breeds,ಪುಟ್ಟಣ್ಣಯ್ಯ ಕೆ.ಎಸ್.,Puttannaiah K S 
1768,30/07/2013,ಇಂಧನ,Fuel,110/11 ಕೆ.ವಿ. ಸಬ್-ಸ್ಟೇಷನ್ ನ ಪ್ರಸ್ತಾವನೆ,110/11 KV Sub-station proposal,ರಾಜಾ ವೆಂಕಟಪ್ಪ ನಾಯಕ,Raja Venkatappa is the leader
1769,30/07/2013,ನಗರಾಭಿವೃದ್ದಿ,Urban Development,ಸರ್ಕಾರಿ ಜಾಗದಲ್ಲಿ ಖಾಸಗಿ ರಸ್ತೆ ನಿರ್ಮಿಸಿರುವುದು,A private road is being built in government space,ಅಖಂಡ ಶ್ರೀನಿವಾಸಮೂರ್ತಿ ಆರ್.,Akhand Srinivas Murthy R 
1770,30/07/2013,ಯೋಜನೆ ಮತ್ತು ಸಾಂಖ್ಯಿಕ,Plan and Numerical,ಸಕಾಲ ಯೋಜನೆಯ ದುರುಪಯೋಗ,Misuse of the Sakala project,ರಾಜಣ್ಣ ಎಂ,Rajanna M 
1771,30/07/2013,ಗೃಹ,Home,ಜೋಡಿ ಕೊಲೆ ಪ್ರಕರಣ,Murder case,ಮೋಹಿಯುದ್ದಿನ್ ಬಾವಾ ಬಿ.ಎ.,Mohiuddin BAVA BA
1772,30/07/2013,ಇಂಧನ,Fuel,ವಿದ್ಯುಚ್ಚಕ್ತಿಯ ಸರಬರಾಜು,Electricity Supply,ಜಗದೀಶ್ ಕುಮಾರ್ ಆರ್.,Jagdish Kumar R 
1773,30/07/2013,ನಗರಾಭಿವೃದ್ದಿ,Urban Development,ನಿವೇಶನಗಳ ಹಂಚಿಕೆ,Distribution of sites,ಸುರೇಶ್ ಕುಮಾರ್ ಎಸ್.,Suresh Kumar S
1774,30/07/2013,ನಗರಾಭಿವೃದ್ದಿ,Urban Development,ವಾಣಿಜ್ಯ ಸಂಕೀರ್ಣದಲ್ಲಿ ಬಾಡಿಗೆಗೆ ನೀಡಿರುವ ಮಳಿಗೆಗಳು,Rented Stores in Commercial Complex,ವಿಜಯಕುಮಾರ್ ಬಿ.ಎನ್.,Vijayakumar BN
1775,30/07/2013,ನಗರಾಭಿವೃದ್ದಿ,Urban Development,ವರ್ತುಲ ರಸ್ತೆಗೆ ಸಂಪರ್ಕ ರಸ್ತೆ ನಿರ್ಮಾಣ,Road connectivity to Ring Road,ಗೋಪಾಲಯ್ಯ ಕೆ.,Gopalaiah K 
1776,30/07/2013,ಗೃಹ,Home,ಲೋಕಾಯುಕ್ತ ಮತ್ತು ಆದಾಯ ತೆರಿಗೆ ಇಲಾಖೆ,Lokayukta and Income Tax Department,ರವಿ ಸಿ.ಟಿ.,Ravi CT
1777,30/07/2013,ನಗರಾಭಿವೃದ್ದಿ,Urban Development,ಚರ್ಮದ ಮಂಡಿಯಿಂದ ಸಾರ್ವಜನಿಕರಿಗೆ ತೊಂದರೆಯಾಗುತ್ತಿರುವುದು,The problem with the public is the skin knee,ಅಖಂಡ ಶ್ರೀನಿವಾಸಮೂರ್ತಿ ಆರ್.,Akhand Srinivas Murthy R 
1778,30/07/2013,ನಗರಾಭಿವೃದ್ದಿ,Urban Development,ಕುಡಿಯುವ ನೀರಿನ ಸಂಗ್ರಹಣಕ್ಕೆ ನಿರ್ಮಾಣ ಮಾಡುವುದು,Building drinking water storage,ಅಖಂಡ ಶ್ರೀನಿವಾಸಮೂರ್ತಿ ಆರ್.,Akhand Srinivas Murthy R 
1779,30/07/2013,ನಗರಾಭಿವೃದ್ದಿ,Urban Development,ಮೂಲಭೂತ ಸೌಲಭ್ಯ ಒದಗಿಸುವುದು,Providing basic facilities,ಅಖಂಡ ಶ್ರೀನಿವಾಸಮೂರ್ತಿ ಆರ್.,Akhand Srinivas Murthy R 
1780,30/07/2013,ನಗರಾಭಿವೃದ್ದಿ,Urban Development,ರಾಜಕಾಲುವೆಗಳ ನಿರ್ಮಾಣ,Construction of royal palaces,ಅಖಂಡ ಶ್ರೀನಿವಾಸಮೂರ್ತಿ ಆರ್.,Akhand Srinivas Murthy R 
1781,30/07/2013,ಇಂಧನ,Fuel,ವಿದ್ಯುತ್ ಉಪ ಕೇಂದ್ರಗಳನ್ನು ಸ್ಥಾಪಿಸುವುದು,Establishing power sub-centers,ಅಶೋಕ್ ಖೇಣಿ,Ashok Kheni
1782,30/07/2013,ಗೃಹ,Home,ಹೆಚ್ಚಾಗಿರುವ ಅತ್ಯಾಚಾರ ಪ್ರಕರಣಗಳು,Rapid rape cases,ಅಶೋಕ್ ಆರ್.,Ashok R 
1783,30/07/2013,ಗೃಹ,Home,ಲೈವ್ ಬ್ಯಾಂಡ್ ಮತ್ತು ಅನೈತಿಕ ಚಟುವಟಿಕೆಗಳು,Live band and immoral activities,ಅಶೋಕ್ ಆರ್.,Ashok R 
1784,30/07/2013,ನಗರಾಭಿವೃದ್ದಿ,Urban Development,ಒಳಚರಂಡಿ ಅವ್ಯವಸ್ಥೆ,Sewer disorder,ಅಶೋಕ್ ಆರ್.,Ashok R 
1785,30/07/2013,ನಗರಾಭಿವೃದ್ದಿ,Urban Development,ಕುಡಿಯುವ ನೀರಿನ ತೊಂದರೆ,The problem with drinking water,ಅಶೋಕ್ ಆರ್.,Ashok R 
1786,30/07/2013,ನಗರಾಭಿವೃದ್ದಿ,Urban Development,ಬದಲಿ ನಿವೇಶನ ನೀಡುವುದು,Providing replacement sites,ಬಾಲಕೃಷ್ಣ ಸಿ.ಎನ್.,Balakrishna C N
1787,30/07/2013,ನಗರಾಭಿವೃದ್ದಿ,Urban Development,ಕೆಂಪೇಗೌಡ ಬಡಾವಣೆಯ ನಿರ್ಮಾಣ,Construction of Kempegowda Layout,ಬಾಲಕೃಷ್ಣ ಸಿ.ಎನ್.,Balakrishna C N
1788,30/07/2013,ಪಶು ಸಂಗೋಪನೆ,Animal husbandry,ಪಶು ವೈದ್ಯಾಧಿಕಾರಿಗಳ ಕೊರತೆ,Lack of veterinarians,ಬಾಲಕೃಷ್ಣ ಸಿ.ಎನ್.,Balakrishna C N
1789,30/07/2013,ನಗರಾಭಿವೃದ್ದಿ,Urban Development,ಕೈಗಾರಿಕಾ ಉದ್ದೇಶಕ್ಕಾಗಿ ಭೂಸ್ವಾಧೀನಪಡಿಸಿರುವುದು,Land acquisition for industrial purpose,ಬಾಲಕೃಷ್ಣ ಸಿ.ಎನ್.,Balakrishna C N
1790,30/07/2013,ನಗರಾಭಿವೃದ್ದಿ,Urban Development,ಬಿ.ಡಿ.ಎ. ವತಿಯಿಂದ ಜಮೀನು ನೀಡಿರುವುದು,BDA Land by Land,ಬಾಲಕೃಷ್ಣ ಸಿ.ಎನ್.,Balakrishna C N
1791,30/07/2013,ಪಶು ಸಂಗೋಪನೆ,Animal husbandry,ಹೊಸದಾಗಿ ಪಶು ಚಿಕಿತ್ಸಾಲಯ ಕೇಂದ್ರಗಳನ್ನು ತೆರೆಯುವುದು,Newly opened veterinary clinic centers,ಬಾಲಕೃಷ್ಣ ಸಿ.ಎನ್.,Balakrishna C N
1792,30/07/2013,ಕಾನೂನು ಮತ್ತು ಸಂಸದೀಯ ವ್ಯವಹಾರ,Law and Parliamentary Affairs,ಖಾಲಿ ಇರುವ ಹುದ್ದೆಗಳು,Vacant posts,ಬಾಲಕೃಷ್ಣ ಸಿ.ಎನ್.,Balakrishna C N
1793,30/07/2013,ಕಾನೂನು ಮತ್ತು ಸಂಸದೀಯ ವ್ಯವಹಾರ,Law and Parliamentary Affairs,ನ್ಯಾಯಾಲಯಗಳಲ್ಲಿ ಮೂಲಭೂತ ಸೌಕರ್ಯ ಒದಗಿಸುವುದು,Providing infrastructure in courts,ಬಾಲಕೃಷ್ಣ ಸಿ.ಎನ್.,Balakrishna C N
1794,30/07/2013,ಕಾನೂನು ಮತ್ತು ಸಂಸದೀಯ ವ್ಯವಹಾರ,Law and Parliamentary Affairs,ಬಾಕಿ ಇರುವ ಪ್ರಕರಣಗಳು,Pending cases,ಬಾಲಕೃಷ್ಣ ಸಿ.ಎನ್.,Balakrishna C N
1795,30/07/2013,ಇಂಧನ,Fuel,ಟ್ರಾನ್ಸ್ ಫಾರ್ಮರ್ಸ್ ಗಳ ದುರಸ್ತಿ ವಿಳಂಬವಾಗುತ್ತಿರುವುದು,Troubleshooting of transmers,ಬಾಲಕೃಷ್ಣ ಸಿ.ಎನ್.,Balakrishna C N
1796,30/07/2013,ನಗರಾಭಿವೃದ್ದಿ,Urban Development,ಒಳಚರಂಡಿ ವ್ಯವಸ್ಥೆ,Drainage system,ಬಸವರಾಜ್ ಬಿ.ಎ.,Basavaraj BA
1797,30/07/2013,ನಗರಾಭಿವೃದ್ದಿ,Urban Development,ಸುರಂಗ ಮಾರ್ಗ ನಿರ್ಮಾಣ,Construction of the tunnel,ಬೋಪಯ್ಯ ಕೆ.ಜಿ.,Bopayya KG
1798,30/07/2013,ನಗರಾಭಿವೃದ್ದಿ,Urban Development,ಬನಶಂಕರಿ ಆರನೇ ಹಂತದ ಅಭಿವೃದ್ಧಿ,Banashankari is the sixth stage development,ಬೋಪಯ್ಯ ಕೆ.ಜಿ.,Bopayya KG
1799,30/07/2013,ಗಣಿ ಮತ್ತು ಭೂವಿಜ್ಞಾನ,Mine and geology,ಆಕ್ರಮ ಗಣಿಗಾರಿಕೆ,Mining mining,ದೊಡ್ಡನಗೌಡ ಹನುಮಗೌಡ ಪಾಟೀಲ್,Lalan Gowda Hanumagowda Patil
1800,30/07/2013,ಇಂಧನ,Fuel,ವಿದ್ಯುತ್ ಉತ್ಪಾದನೆ,Power generation,ಮಾಲಕರೆಡ್ಡಿ ಎ.ಬಿ.,Mālaka Reddy AB
1801,30/07/2013,ಇಂಧನ,Fuel,ವಿದ್ಯುತ್ ಕೊರತೆ,Power shortage,ಮಾಲಕರೆಡ್ಡಿ ಎ.ಬಿ.,Mālaka Reddy AB
1802,30/07/2013,ಪಶು ಸಂಗೋಪನೆ,Animal husbandry,ಹಾಲು ಡೈರಿ ಸ್ಥಾಪನೆ,Establishment of milk dairy,ಸುಧಾಕರ್ ಕೆ.,Sudhakar K 
1803,30/07/2013,ಗಣಿ ಮತ್ತು ಭೂವಿಜ್ಞಾನ,Mine and geology,ಕಂಪನಿಗಳಿಂದ ಅದಿರು ಖರೀದಿ,Buy ore from companies,ಸುಧಾಕರ್ ಕೆ.,Sudhakar K 
1804,30/07/2013,ಗೃಹ,Home,ರೆಸ್ಟೋರೆಂಟ್ ಗಳ ಸಮಯದ ಬಗ್ಗೆ ಏಕರೂಪ ಕಾನೂನು,Uniform law about restaurants time,ಸುಧಾಕರ್ ಕೆ.,Sudhakar K 
1805,30/07/2013,ಗೃಹ,Home,ಚಿಕ್ಕಬಳ್ಳಾಪುರದಲ್ಲಿ ಪೋಲಿಸ್ ಅಧೀಕ್ಷಕರ ಕಛೇರಿ,Police Superintendent's office in Chikkaballapur,ಸುಧಾಕರ್ ಕೆ.,Sudhakar K 
1806,30/07/2013,ಇಂದನ,From now on,ವಿದ್ಯುತ್ ಪರಿವರ್ತಕಗಳ ಸರಬರಾಜು,Supply of electrical transformers,ಉಮೇಶ್ ಜಿ. ಜಾಧವ್,Umesh G  Jadhav
1807,30/07/2013,ಆಡಳಿತ ಸುಧಾರಣೆ,Governance reform,ಖಾಲಿ ಇರುವ ಹುದ್ದೆಗಳ ಭರ್ತಿ,Fill in vacant posts,ಈಶ್ವರ್ ಭೀಮಣ್ಣ ಖಂಡ್ರೆ,Ishwar Bhimanna Khandre
1808,30/07/2013,ಆಡಳಿತ ಸುಧಾರಣೆ,Governance reform,ಕೈಗಾರಿಕೆಗಳ ಸ್ಥಾಪನೆ,Establishment of industries,ಈಶ್ವರ್ ಭೀಮಣ್ಣ ಖಂಡ್ರೆ,Ishwar Bhimanna Khandre
1809,30/07/2013,ಆರ್ಥಿಕ,Economy,ಆರ್ಥಿಕ ಇಲಾಖೆಗೆ ಬಂದಿರುವ ಅನುದಾನ,Grants to the Finance Department,ಈಶ್ವರ್ ಭೀಮಣ್ಣ ಖಂಡ್ರೆ,Ishwar Bhimanna Khandre
1810,30/07/2013,ಕಾನೂನು ಮತ್ತು ಸಂಸದೀಯ ವ್ಯವಹಾರ,Law and Parliamentary Affairs,ಸಚಿವ ಸಂಪುಟದ ಸಭೆಗಳು,Cabinet meetings,ಈಶ್ವರ್ ಭೀಮಣ್ಣ ಖಂಡ್ರೆ,Ishwar Bhimanna Khandre
1811,30/07/2013,ಕಾನೂನು ಮತ್ತು ಸಂಸದೀಯ ವ್ಯವಹಾರ,Law and Parliamentary Affairs,ಶಾಸಕರ ಆಪ್ತ ಸಹಾಯಕರ ನೇಮಕ,Appointed MLA's close associates,ಗೋಪಾಲ ಪೂಜಾರಿ ಕೆ.,Gopal Poojary K 
1812,30/07/2013,ನಗರಾಭಿವೃದ್ದಿ,Urban Development,ನರ್ಮ್ ಯೋಜನೆಯಡಿ ಖರ್ಚು ಮಾಡಿದ ಹಣ,Money spent under the NREM scheme,ಗೋಪಾಲಯ್ಯ ಕೆ.,Gopalaiah K 
1813,30/07/2013,ನಗರಾಭಿವೃದ್ದಿ,Urban Development,ಬೆಂಗಳೂರು ನಗರದಲ್ಲಿ ಕೊಳವೆ ಬಾವಿ ನೋಂದಣಿ,Bungalow Well Registration in Bangalore,ಗೋಪಾಲಯ್ಯ ಕೆ.,Gopalaiah K 
1814,30/07/2013,ನಗರಾಭಿವೃದ್ದಿ,Urban Development,ಬಡವರಿಗೆ ನಿರ್ಮಿಸುವ ಸಮುಚ್ಚಯಗಳ ಬೆಲೆ ಏರಿಕೆ,The prices of the build-ups for the poor are rising,ಗೋಪಾಲಯ್ಯ ಕೆ.,Gopalaiah K 
1815,30/07/2013,ನಗರಾಭಿವೃದ್ದಿ,Urban Development,ಮಳೆಯಿಂದಾಗಿ ಮನೆಗಳಿಗೆ ನೀರು ನುಗ್ಗುತ್ತಿರುವುದು,Water is flooding with rain,ಗೋಪಾಲಯ್ಯ ಕೆ.,Gopalaiah K 
1816,30/07/2013,ಇಂಧನ,Fuel,ಹೊರ ರಾಜ್ಯದಲ್ಲಿ ಸ್ಥಾಪಿಸಿರುವ ವಿದ್ಯುತ್ ಘಟಕ,Electricity unit installed in outer state,ಗುರುಪಾದಪ್ಪ ನಾಗಮಾರಪಲ್ಲಿ,Guruparappa Nagamarapally
1817,30/07/2013,ಪಶು ಸಂಗೋಪನೆ,Animal husbandry,ಅಮೃತ ಯೋಜನೆ ಅನುಷ್ಠಾನ,Implementation of Amrita Scheme,ಗುರುಪಾದಪ್ಪ ನಾಗಮಾರಪಲ್ಲಿ,Guruparappa Nagamarapally
1818,30/07/2013,ಪಶು ಸಂಗೋಪನೆ,Animal husbandry,ಪಶುವೈದ್ಯ ವಿವಿಯಲ್ಲಿ ಆಕ್ರಮ,Occupy veterinary scientist,ಗುರುಪಾದಪ್ಪ ನಾಗಮಾರಪಲ್ಲಿ,Guruparappa Nagamarapally
1819,30/07/2013,ನಗರಾಭಿವೃದ್ದಿ,Urban Development,ಮಹಾನಗರ ಕಾರ್ಯಪಡೆಗೆ ಇರುವ ಅಧಿಕಾರ,Authority of the Metropolitan Mission,ಗುರುಪಾದಪ್ಪ ನಾಗಮಾರಪಲ್ಲಿ,Guruparappa Nagamarapally
1820,30/07/2013,ಇಂಧನ,Fuel,ಪ್ರತಿದಿನ ಖರೀದಿ ಮಾಡುತ್ತಿರುವ ವಿದ್ಯುತ್,Electricity purchasing every day,ಗುರುಪಾದಪ್ಪ ನಾಗಮಾರಪಲ್ಲಿ,Guruparappa Nagamarapally
1821,30/07/2013,ನಗರಾಭಿವೃದ್ದಿ,Urban Development,ಬೆಂಗಳೂರು ಮೆಟ್ರೋ ರೈಲು ಮಾರ್ಗ ಕಾಮಗಾರಿಗಳು,Bangalore Metro Rail Works,ಹ್ಯಾರೀಸ್ ಎನ್. ಎ.,Harris N A
1822,30/07/2013,ನಗರಾಭಿವೃದ್ದಿ,Urban Development,ಕೆರೆಗಳ ಮತ್ತು ಜಲಸಂಪನ್ಮೂಲಗಳ ಸಂರಕ್ಷಣೆ,Conservation of lakes and water resources,ಹ್ಯಾರೀಸ್ ಎನ್. ಎ.,Harris N A
1823,30/07/2013,ನಗರಾಭಿವೃದ್ದಿ,Urban Development,ಘನ ತ್ಯಾಜ್ಯ ನಿರ್ವಹಣಾ ಮೂಲಸೌಲಭ್ಯ ಯೋಜನೆಗಲ ಅನುಷ್ಠಾನ,Implementation of solid waste management infrastructure projects,ಹ್ಯಾರೀಸ್ ಎನ್. ಎ.,Harris N A
1824,30/07/2013,ನಗರಾಭಿವೃದ್ದಿ,Urban Development,ಸಂಚಾಯ ದಟ್ಟಣೆಯ ವ್ಯವಸ್ಥಿತ ನಿರ್ವಹಣೆ,Systematic maintenance of traffic congestion,ಹ್ಯಾರೀಸ್ ಎನ್. ಎ.,Harris N A
1825,30/07/2013,ನಗರಾಭಿವೃದ್ದಿ,Urban Development,ನಗರ ಮತ್ತು ಪಟ್ಟಣಗಳ ಅಭಿವೃದ್ದಿ,Development of city and towns,ಹ್ಯಾರೀಸ್ ಎನ್. ಎ.,Harris N A
1826,30/07/2013,ನಗರಾಭಿವೃದ್ದಿ,Urban Development,ಭೂಸ್ವಾಧೀನಪಡಿಸಿಕೊಂಡಿರುವುದು,Land acquisition,ಜಗದೀಶ್ ಕುಮಾರ್ ಆರ್.,Jagdish Kumar R 
1827,30/07/2013,ಗಣಿ ಮತ್ತು ಭೂವಿಜ್ಞಾನ,Mine and geology,ಭೂಮಿಯನ್ನು ಒತ್ತುವರಿ ಮಾಡಿಕೊಂಡಿರುವುದು,Land Acquisition,ಜಗದೀಶ್ ಶೆಟ್ಟರ್,Jagadish Shettar
1828,30/07/2013,ಇಂಧನ,Fuel,ವಿದ್ಯುತ್ ಕೊರತೆ ನೀಗಲು ಕೈಗೊಂಡಿರುವ ಕ್ರಮಗಳು,Measures taken by the power shortage,ಜಗದೀಶ್ ಶೆಟ್ಟರ್,Jagadish Shettar
1829,30/07/2013,ಆಡಳಿತ ಸುಧಾರಣೆ,Governance reform,ಪೋಲಿಸ್ ಠಾಣೆಗೆ ಸ್ವಂತ ಕಟ್ಟಡ,Own Building for Police Station,ಕೋನರೆಡ್ಡಿ ಎನ್. ಎಚ್.,Konareddy N  H 
1830,30/07/2013,ನಗರಾಭಿವೃದ್ದಿ,Urban Development,ಸ್ವಚ್ಛತಾ ಕಾರ್ಯನಿರ್ವಹಣೆ,Cleanup performance,ಕೋನರೆಡ್ಡಿ ಎನ್. ಎಚ್.,Konareddy N  H 
1831,30/07/2013,ಇಂಧನ,Fuel,ವಿದ್ಯುತ್ ಮಾರ್ಗವನ್ನು ಭೂಗತ ಕೇಬಲ್ ಗೆ ಪರಿವರ್ತಿಸುವುದು,Converting the electric line to the underground cable,ಕೃಷ್ಣಪ್ಪ ಎಂ.ಟಿ.,Krishnappa M T 
1832,30/07/2013,ಗೃಹ,Home,ಮರಳು ಲಾರಿಗಳ ನಿಲುಗಡೆಯನ್ನು ತೆರವುಗೊಳಿಸುವುದು,Clear the luggage of sand lorries,ಕೃಷ್ಣಪ್ಪ ಎಂ.ಟಿ.,Krishnappa M T 
1833,30/07/2013,ಗಣಿ ಮತ್ತು ಭೂವಿಜ್ಞಾನ,Mine and geology,ಕ್ರಷರ್ ಗಳ ಕಾರ್ಯಾಚರಣೆ,Operation of crushers,ನಾಗರಾಜ್ ಎಂ.ಟಿ.ಬಿ.,Nagaraj M T B 
1834,30/07/2013,ಮುಜರಾಯಿ,Muzarai,ಬ್ರಹ್ಮಶ್ರೀ ನಾರಾಯಣ ಗುರುಗಳ ಜಯಂತಿ,Brahmashri Narayana Guru Jayanti,ಮಧು ಬಂಗಾರಪ್ಪ ಎಸ್.,Madhu Bangarappa S 
1835,30/07/2013,ನಗರಾಭಿವೃದ್ದಿ,Urban Development,ಬೆಂಗಳೂರಿನಲ್ಲಿರುವ ಕ್ಷಬ್ ಗಳು ಮತ್ತು ರಿಸಾರ್ಟ್ ಗಳು,Curbs and resorts in Bangalore,ಮಲ್ಲಿಕಾರ್ಜುನ ಸಿದ್ಧರಾಮಪ್ಪ ಖೂಬಾ,Mallikarjuna Siddarappa Khuba
1836,30/07/2013,ನಗರಾಭಿವೃದ್ದಿ,Urban Development,ಬಿ.ಡಿ.ಎ. ಲಾಭ ಮತ್ತು ನಷ್ಟದ ಬಗ್ಗೆ,BDA About Profit and Loss,ಮಲ್ಲಿಕಾರ್ಜುನ ಸಿದ್ಧರಾಮಪ್ಪ ಖೂಬಾ,Mallikarjuna Siddarappa Khuba
1837,30/07/2013,ಗೃಹ,Home,ಪೋಲಿಸ್ ಠಾಣೆಗಳಿಗೆ ಸ್ವಂತ ಕಟ್ಟಡ,Owned by police stations,ಮಲ್ಲಿಕಾರ್ಜುನ ಸಿದ್ಧರಾಮಪ್ಪ ಖೂಬಾ,Mallikarjuna Siddarappa Khuba
1838,30/07/2013,ಇಂಧನ,Fuel,ವಿವಿಧ ಯೋಜನೆಗಳ ಅನುಷ್ಠಾನ,Implementation of various schemes,ಮಲ್ಲಿಕಾರ್ಜುನ ಸಿದ್ಧರಾಮಪ್ಪ ಖೂಬಾ,Mallikarjuna Siddarappa Khuba
1839,30/07/2013,ಆರ್ಥಿಕ,Economy,ಕೈಗಾರಿಕೆಗಳಿಂದ ತೆರಿಗೆ ಪಾವತಿ,Tax payments from industries,ಮಲ್ಲಿಕಾರ್ಜುನ ಸಿದ್ಧರಾಮಪ್ಪ ಖೂಬಾ,Mallikarjuna Siddarappa Khuba
1840,30/07/2013,ನಗರಾಭಿವೃದ್ದಿ,Urban Development,ಅಭಿವೃದ್ಧಿ ಪ್ರಾಧಿಕಾರವನ್ನು ರಚಿಸುವುದು,Creating a Development Authority,ಮಾನಪ್ಪ ಡಿ. ವಜ್ಜಲ್,Manappa D  Vajzal
1841,30/07/2013,ಇಂಧನ,Fuel,ಜಲವಿದ್ಯುತ್ ಉತ್ಪಾದನಾ ಘಟಕವನ್ನು ಸ್ಥಾಪಿಸುವುದು,Establishment of hydroelectric power plant,ಮಾನಪ್ಪ ಡಿ. ವಜ್ಜಲ್,Manappa D  Vajzal
1842,30/07/2013,ಗಣಿ ಮತ್ತು ಭೂವಿಜ್ಞಾನ,Mine and geology,ಕಾಮಗಾರಿಗಳು ಸ್ಥಗಿತಗೊಂಡಿರುವುದು,Works have been suspended,ಮಾನಪ್ಪ ಡಿ. ವಜ್ಜಲ್,Manappa D  Vajzal
1843,30/07/2013,ಆಡಳಿತ ಸುಧಾರಣೆ,Governance reform,ವಿವಿಧ ಇಲಾಖೆಯಲ್ಲಿನ ಹುದ್ದೆಗಳ ನೇಮಕ,Appointment of posts in various departments,ಮಂಜುನಾಥ್ ಹೆಚ್.ಪಿ.,Manjunath H P 
1844,30/07/2013,ನಗರಾಭಿವೃದ್ದಿ,Urban Development,KIADB ವತಿಯಿಂದ ಉದ್ಯೋಗ ಕಲ್ಪಿಸಿರುವುದು,Employment by KIADB,ಮೋಹಿಯುದ್ದಿನ್ ಬಾವಾ ಬಿ.ಎ.,Mohiuddin BAVA BA
1845,30/07/2013,ನಗರಾಭಿವೃದ್ದಿ,Urban Development,KIADB ವತಿಯಿಂದ ಉದ್ಯೋಗ ಕಲ್ಪಿಸಿರುವುದು,Employment by KIADB,ಮೋಹಿಯುದ್ದಿನ್ ಬಾವಾ ಬಿ.ಎ.,Mohiuddin BAVA BA
1846,30/07/2013,ಪಶುಸಂಗೋಪನೆ,Animal husbandry,ಪಶು ಚಿಕಿತ್ಸಾ ಕೇಂದ್ರಗಳು,Veterinary Clinic,ನಾಗೇಂದ್ರ ಬಿ.,Nagendra B 
1847,30/07/2013,ಆರ್ಥಿಕ,Economy,ತಾಲ್ಲೂಕುವಾರು ಹಣಕಾಸು ವಿನಿಯೋಗ,Taluk Savings Finance,ನಾರಾಯಣ ಗೌಡ,Narayana Gowda
1848,30/07/2013,ಗಣಿ ಮತ್ತು ಭೂವಿಜ್ಞಾನ,Mine and geology,ಕಲ್ಲುಗಣಿಗಳ ನಿಯಂತ್ರಣ,Control of quarries,ನಾರಾಯಣ ಗೌಡ,Narayana Gowda
1849,30/07/2013,ನಗರಾಭಿವೃದ್ದಿ,Urban Development,ಜಿ. ಕೆಟಗರಿಯಲ್ಲಿ ಹಂಚಿಕೆಯಾದ ನಿವೇಶನ,G. Site shared in category,ಪಾಟೀಲ್ ಜಿ.ಟಿ.,Patil GT
1850,30/07/2013,ಆರ್ಥಿಕ,Economy,ರೈತರಿಗೆ ಪರಿಹಾರ ನೀಡುವಲ್ಲಿ ಅವ್ಯವಹಾರ,Disadvantage of compensation for farmers,ಪಾಟೀಲ್ ಜಿ.ಟಿ.,Patil GT
1851,30/07/2013,ನಗರಾಭಿವೃದ್ದಿ,Urban Development,ಡಿನೋಟಿಫ್ಯ ಮಾಡಲಾದ ಜಮೀನು,Denotified Land,ಪಾಟೀಲ್ ಜಿ.ಟಿ.,Patil GT
1852,30/07/2013,ಪಶು ಸಂಗೋಪನೆ,Animal husbandry,ಪಶು ಚಿಕಿತ್ಸಾಲಯ ಮತ್ತು ವೈದ್ಯರು,Veterinary Clinic and Doctor,ಪಾಟೀಲ್ ಜಿ.ಟಿ.,Patil GT
1853,30/07/2013,ಇಂಧನ,Fuel,ಅಗನವಾಡಿಗೆ 110 ಕೆ.ವಿ. ಸ್ಷೇಷನ್,Agnawadi is 110 kv. Session,ಪಾಟೀಲ್ ಜಿ.ಟಿ.,Patil GT
1854,30/07/2013,ಇಂಧನ,Fuel,ನಿರಂತರ ಜ್ಯೋತಿ ಕಾಮಗಾರಿ,Continuous Jyothi Works,ಪ್ರಭು ಬಿ. ಚೌವ್ಜಾಣ್,Prabhu B  Chauhajan
1855,30/07/2013,ಇಂಧನ,Fuel,ಇಂಧನ ಇಲಾಖೆಯಲ್ಲಿ ಖಾಲಿಯಿರುವ ಸಿಬ್ಬಂದಿ,Empty staff in the fuel department,ಪ್ರಮೋದ್ ಮಧ್ವರಾಜ್,Pramod Madhwaraj
1856,30/07/2013,ಗೃಹ,Home,ಪೋಲಿಸ್ ಇಲಾಖೆಯಲ್ಲಿ ಬಡ್ತಿ ನೀಡುವುದು,Promoting Police Department,ರಾಮಕ್ಕ ವೈ,Ramakka Y 
1857,30/07/2013,ಗಣಿ ಮತ್ತು ಭೂವಿಜ್ಞಾನ,Mine and geology,ಆಕ್ರಮ ಮರಳು ದಂಧೆಗೆ ಕಡಿವಾಣ,Aggressive sand can be cut into the dirt,ರವಿ ಸಿ.ಟಿ.,Ravi CT
1858,30/07/2013,ಇಂಧನ,Fuel,ವಿದ್ಯುತ್ ಉತ್ಪಾದನಾ ಸಾಮರ್ಥ್ಯ,Power generation capacity,ರವಿ ಸಿ.ಟಿ.,Ravi CT
1859,30/07/2013,ನಗರಾಭಿವೃದ್ದಿ,Urban Development,Speed Express Highway,Speed ​​Express Highway,ರೋಷನ್ ಬೇಗ್ ಆರ್.,Roshan Baig R 
1860,30/07/2013,ನಗರಾಭಿವೃದ್ದಿ,Urban Development,Express Highway Trains,Express Highway Trains,ರೋಷನ್ ಬೇಗ್ ಆರ್.,Roshan Baig R 
1861,30/07/2013,ನಗರಾಭಿವೃದ್ದಿ,Urban Development,Revenue collected from Hoardings,Revenue collected from Hoardings,ರೋಷನ್ ಬೇಗ್ ಆರ್.,Roshan Baig R 
1862,30/07/2013,ನಗರಾಭಿವೃದ್ದಿ,Urban Development,ಕಾವಲ್ ಬೈರಸಂದ್ರ ಗ್ರಾಮದಲ್ಲಿ ಹೆಚ್.ಆರ್.ಬಿ.ಆರ್. ಬಡಾವಣೆ ನಿರ್ಮಾಣ,HRBR in Kawal Byrassandra village Layout Construction,ರುದ್ರಪ್ಪ ಮಾನಪ್ಪ ಲಮಾಣಿ,Rudrappa Manappa Lamani
1863,30/07/2013,ಪಶು ಸಂಗೋಪನೆ,Animal husbandry,ಪಶು ಚಿಕಿತ್ಸಾ ಕೇಂದ್ರಗಳುನ್ನು ತೆರೆಯುವುದು,Opening Veterinary Clinic,ರುದ್ರೇಶ್ ಗೌಡ ವೈ.ಎನ್.,Rudresh Gowda Y N 
1864,30/07/2013,ಗಣಿ ಮತ್ತು ಭೂವಿಜ್ಞಾನ,Mine and geology,ಗಣಿಗಾರಿಕೆ,Mining,ರುದ್ರೇಶ್ ಗೌಡ ವೈ.ಎನ್.,Rudresh Gowda Y N 
1865,30/07/2013,ಗಣಿ ಮತ್ತು ಭೂವಿಜ್ಞಾನ,Mine and geology,ಮರಳು ಸಾಗಾಣಿಕೆ,Sand transport,ಸತೀಶ್ ಸೈಲ್ ಕೃಷ್ಣ,Satish Sail Krishna
1866,30/07/2013,ಗೃಹ,Home,ಪೋಲಿಸ್ ಸಿಬ್ಬಂದಿಗಳಿಗೆ ವಸತಿ ಸೌಕರ್ಯ ಕಲ್ಪಿಸುವುದು,Provide accommodation for police personnel,ಶಕುಂತಲಾ ಟಿ. ಶೆಟ್ಟಿ,Shakuntala T  Shetty
1867,30/07/2013,ಪಶು ಸಂಗೋಪನೆ,Animal husbandry,ಪಶುವೈದ್ಯ ಕಾಲೇಜು ಪ್ರಾರಂಭಿಸುವುದು,Launching veterinarian college,ಶಕುಂತಲಾ ಟಿ. ಶೆಟ್ಟಿ,Shakuntala T  Shetty
1868,30/07/2013,ಗೃಹ,Home,ಮಹಿಳೆಯರ ಮೇಲೆ ನಡೆದ ಅತ್ಯಾಚಾರ ಮತ್ತು ದೌರ್ಜನ್ಯಗಳು,Rape and Violence Against Women,ಶಕುಂತಲಾ ಟಿ. ಶೆಟ್ಟಿ,Shakuntala T  Shetty
1869,30/07/2013,ಇಂಧನ,Fuel,ಹುದ್ದೆಗಳನ್ನು ಭರ್ತಿ ಮಾಡುವುದು,Filling up posts,ಶಕುಂತಲಾ ಟಿ. ಶೆಟ್ಟಿ,Shakuntala T  Shetty
1870,30/07/2013,ಗೃಹ,Home,ಪೋಲಿಸ್ ಇಲಾಖೆಯಲ್ಲಿ ಖಾಲಿ ಹುದ್ದೆಗಳ ಭರ್ತಿ,Vacancy filling in police department,ಶಿವಶಂಕರ್ ಎಚ್.ಎಸ್.,Shivshankar HS
1871,30/07/2013,ಗೃಹ,Home,ಉಪ ಕಾರಾಗೃಹಗಳನ್ನು ಹೊಸದಾಗಿ ನಿರ್ಮಿಸುವುದು,Newly constructed sub-prisons,ಶಿವಶಂಕರ್ ಎಚ್.ಎಸ್.,Shivshankar HS
1872,30/07/2013,ಆಡಳಿತ ಸುಧಾರಣೆ,Governance reform,ಗುತ್ತಿಗೆ ಆಧಾರದ ಮೇಲೆ ಕರ್ತವ್ಯ ನಿರ್ವಹಿಸುತ್ತಿರುವವರ ಖಾಯಂ ಬಗ್ಗೆ,About the permanent duty of the duties on contract basis,ಸೋಮಶೇಖರ್ ಎಸ್.ಟಿ.,Somashekhar ST
1873,30/07/2013,ನಗರಾಭಿವೃದ್ದಿ,Urban Development,ಭೂ-ಸ್ವಾಧೀನಪಡಿಸಿಕೊಂಡ ಜಮೀನುದಾರರಿಗೆ ಬದಲಿ ಜಾಗ ನೀಡುವುದು,Providing replacement space for land-acquired landholders,ಸೋಮಶೇಖರ್ ಎಸ್.ಟಿ.,Somashekhar ST
1874,30/07/2013,ನಗರಾಭಿವೃದ್ದಿ,Urban Development,ಕೆಂಪೇಗೌಡ ಬಡಾವಣೆಗೆ ಭೂ-ಸ್ವಾಧೀನ,Land acquisition for Kempe Gowda Layout,ಸೋಮಶೇಖರ್ ಎಸ್.ಟಿ.,Somashekhar ST
1875,30/07/2013,ಗಣಿ ಮತ್ತು ಭೂವಿಜ್ಞಾನ,Mine and geology,ಆಕ್ರಮ ಕಲ್ಲು ಗಣಿಗಾರಿಕೆ,Assault stone mining,ಸೋಮಶೇಖರ್ ಎಸ್.ಟಿ.,Somashekhar ST
1876,30/07/2013,ನಗರಾಭಿವೃದ್ದಿ,Urban Development,ಜ್ಞಾನಭಾರತಿ ಬಡಾವಣೆ ನಿರ್ಮಾಣಕ್ಕೆ ಭೂ-ಸ್ವಾಧೀನ,Land acquisition for the construction of the Jnanabharathi Layout,ಸೋಮಶೇಖರ್ ಎಸ್.ಟಿ.,Somashekhar ST
1877,30/07/2013,ಪಶು ಸಂಗೋಪನೆ,Animal husbandry,ಅಜ್ಜಂಪುರದ ಅಮೃತ್ ಮಹಲ್,Amrit Mahal of Azzampur,ಶ್ರೀನಿವಾಸ್ ಜಿ.ಎಚ್.,Srinivas G H 
1878,30/07/2013,ಪಶು ಸಂಗೋಪನೆ,Animal husbandry,ಹಸಿರು ಹುಲ್ಲುಗಾವಲು ಮತ್ತು ಹಸು ಕರು ತಳಿ ಅಭಿವೃದ್ಧಿ,Green pasture and cattle breeding,ಶ್ರೀನಿವಾಸ್ ಜಿ.ಎಚ್.,Srinivas G H 
1879,30/07/2013,ಪಶು ಸಂಗೋಪನೆ,Animal husbandry,ಜಾನುವಾರುಗಳ ಗಣತಿ ಮತ್ತು ಆಸ್ಪತ್ರೆಗಳ ಸೌಲಭ್ಯಗಳು,Livestock Census and Hospital Facilities,ಸುಬ್ಬಾರೆಡ್ಡಿ ಎಸ್.ಎನ್.,Subburdy SN
1880,30/07/2013,ಗಣಿ ಮತ್ತು ಭೂವಿಜ್ಞಾನ,Mine and geology,ಕಲ್ಲು ಗಣಿಗಾರಿಕೆ,Stone mining,ಸುಬ್ಬಾರೆಡ್ಡಿ ಎಸ್.ಎನ್.,Subburdy SN
1881,30/07/2013,ಆಡಳಿತ ಸುಧಾರಣೆ,Governance reform,ಸಿಬ್ಬಂದಿ ಕೊರತೆ,Staff lack,ಸುಬ್ಬಾರೆಡ್ಡಿ ಎಸ್.ಎನ್.,Subburdy SN
1882,30/07/2013,ಇಂಧನ,Fuel,ವಿದ್ಯುತ್ ಅಭಾವ,Power loss,ಸುಬ್ಬಾರೆಡ್ಡಿ ಎಸ್.ಎನ್.,Subburdy SN
1883,30/07/2013,ರೇಷ್ಮೆ,Silk,ರೇಷ್ಮೆ ಬೆಳೆಗಾರರಿಗೆ ಹಂಚಿಕೆಯಾಗದಿರುವ ಸೌಲಭ್ಯಗಳು,Facilities that are not allocated for silk growers,ಸುಬ್ಬಾರೆಡ್ಡಿ ಎಸ್.ಎನ್.,Subburdy SN
1884,30/07/2013,ಇಂಧನ,Fuel,ವಿದ್ಯುತ್ ಬಿಲ್ ನಲ್ಲಿ ರಿಯಾಯಿತಿ ನೀಡುವುದು,Discount on Electricity Bill,ಸುಧಾಕರ ಲಾಲ್ ಪಿ.ಆರ್.,Sudhakar Lal PR
1885,30/07/2013,ಆಡಳಿತ ಸುಧಾರಣೆ,Governance reform,ಅನುಕಂಪದ ಆಧಾರದ ಮೇಲೆ ಉದ್ಯೋಗ,Work on the basis of compassion,ಸುಧಾಕರ ಲಾಲ್ ಪಿ.ಆರ್.,Sudhakar Lal PR
1886,30/07/2013,ಆಡಳಿತ ಸುಧಾರಣೆ,Governance reform,ಬಾಹುಬಲಿಗೆ ನಡೆಯುವ ಮಹಾಮಸ್ಥಾಭಿಷೇಕ,Mahabasthabhishekam to the Bahubali,ಸುನೀಲ್ ಕುಮಾರ್ ವಿ.,Sunil Kumar V 
1887,30/07/2013,ಗೃಹ,Home,ಡ್ರಗ್ಸ್ ಮಾಫಿಯಾ ನಡೆಗಟ್ಟುವುದು,Treatment of drugs mafia,ಸುನೀಲ್ ಕುಮಾರ್ ವಿ.,Sunil Kumar V 
1888,30/07/2013,ಗೃಹ,Home,ಉಗ್ರಗಾಮಿ ಸಂಘಟನೆಯ ಬೆದರಿಕೆ,The threat of militant organization,ಸುನೀಲ್ ಕುಮಾರ್ ವಿ.,Sunil Kumar V 
1889,30/07/2013,ಆರ್ಥಿಕ,Economy,ತೆರಿಗೆ ಪಾವತಿಸಿರುವುದು,Tax paid,ಸುನೀಲ್ ಕುಮಾರ್ ವಿ.,Sunil Kumar V 
1890,30/07/2013,ಗೃಹ,Home,ದೇವಸ್ಥಾನಗಳ ನಡೆದ ಕಳ್ಳತನ,Theft of temples,ಸುನೀಲ್ ಕುಮಾರ್ ವಿ.,Sunil Kumar V 
1891,30/07/2013,ನಗರಾಭಿವೃದ್ದಿ,Urban Development,ಕುಡಿಯುವ ನೀರಿನ ಘಟಕವನ್ನು ಸ್ಥಾಪಿಸುವುದು,Establishment of a drinking water unit,ಸುರೇಶ್ ಬಾಬು ಸಿ.ಬಿ.,Suresh Babu CB
1892,30/07/2013,ಆಡಳಿತ ಸುಧಾರಣೆ,Governance reform,ಸಕಾಲ ಯೋಜನೆಯ ಜಾರಿ,Sakala project implementation,ಸುರೇಶ್ ಬಾಬು ಸಿ.ಬಿ.,Suresh Babu CB
1893,30/07/2013,ನಗರಾಭಿವೃದ್ದಿ,Urban Development,ಪಾರಂಪರಿಕ ಕಟ್ಟಡಗಳ ರಕ್ಷಣೆ,Protection of Heritage Buildings,ಸುರೇಶ್ ಕುಮಾರ್ ಎಸ್.,Suresh Kumar S
1894,30/07/2013,ನಗರಾಭಿವೃದ್ದಿ,Urban Development,ನಗರದಲ್ಲಿರುವ ಸುರಂಗ ಮಾರ್ಗಗಳು,Tunnels in the city,ಸುರೇಶ್ ಕುಮಾರ್ ಎಸ್.,Suresh Kumar S
1895,30/07/2013,ನಗರಾಭಿವೃದ್ದಿ,Urban Development,ಪೇ ಅಂಡ್ ಪಾರ್ಕಿಂಗ್ ವ್ಯವಸ್ಥೆ,Pay and parking system,ಸುರೇಶ್ ಕುಮಾರ್ ಎಸ್.,Suresh Kumar S
1896,30/07/2013,ನಗರಾಭಿವೃದ್ದಿ,Urban Development,ಶಾಂತಿಸಾಗರ ಕೆರೆ,Shantisagar Lake,ತಿಪ್ಪಾರೆಡ್ಡಿ ಜಿ.ಎಚ್.,Thippareddy GH
1897,30/07/2013,ನಗರಾಭಿವೃದ್ದಿ,Urban Development,ವಾಣಿವಿಲಾಸ ಸಾಗರದಿಂದ ನೀರು ಒದಗಿಸುವುದು,Water supply from the ocean,ತಿಪ್ಪಾರೆಡ್ಡಿ ಜಿ.ಎಚ್.,Thippareddy GH
1898,30/07/2013,ನಗರಾಭಿವೃದ್ದಿ,Urban Development,ಬಿ.ಡಿ.ಎ.ನಲ್ಲಿರುವ ಅನಗತ್ಯ ಸಿಬ್ಬಂದಿಗಳು,Unnecessary Staff in BDA,ವಿಜಯಕುಮಾರ್ ಬಿ.ಎನ್.,Vijayakumar BN
1899,30/07/2013,ಆಡಳಿತ ಸುಧಾರಣೆ,Governance reform,ಖಾಸಗಿ ಕಟ್ಟಡಗಳಲ್ಲಿ ಕಾರ್ಯನಿರ್ವಹಿಸುತ್ತಿರುವ ಕಛೇರಿಗಳು,Offices operating in private buildings,ವಿಜಯಕುಮಾರ್ ಬಿ.ಎನ್.,Vijayakumar BN
1900,30/07/2013,ನಗರಾಭಿವೃದ್ದಿ,Urban Development,ತಗ್ಗು ಪ್ರದೇಶದ ಮನೆಗಳಿಗೆ ಮಳೆ ನೀರು ನುಗ್ಗುತ್ತಿರುವುದು,Rainwater is flooding down the lowlands,ವಿಜಯಕುಮಾರ್ ಬಿ.ಎನ್.,Vijayakumar BN
1901,30/07/2013,ನಗರಾಭಿವೃದ್ದಿ,Urban Development,ಜನಸಾಮಾನ್ಯರಿಗೆ ನಡೆದಾಡಲು ಫುಟ್ ಬಾತ್ ಗಳಿಲ್ಲದಿರುವುದು,There is no foot bath for the masses to walk,ವಿಜಯಕುಮಾರ್ ಬಿ.ಎನ್.,Vijayakumar BN
1902,30/07/2013,ಗೃಹ,Home,ಖಾಲಿಯಿರುವ ಸಬ್ ಇನ್ಸ್ ಪೆಕ್ಷರ್ ಹುದ್ದೆಗಳು,Empty sub-inspector posts,ವಿಶ್ವನಾಥ್ ಎಸ್. ಆರ್.,Vishwanath S  R 
1903,30/07/2013,ಇಂಧನ,Fuel,ಬೈಲಹೊಂಗಲ ಪಟ್ಟಣಕ್ಕೆ ವಿದ್ಯುತ್ ಅಭಾವ,The town of Baileyhongla has a power supply,ವಿಶ್ವನಾಥ್ ಪಾಟೀಲ್,Vishwanath Patil
1904,31/07/2013,ಪ್ರಾಥಮಿಕ ಮತ್ತು ಪೌಢಶಿಕ್ಷಣ,Primary and Secondary Education,ಸರ್ಕಾರಿ ಅನುದಾನಿತ ಶಾಲೆಗಳಲ್ಲಿ ಶಿಕ್ಷಕರ ನೇಮಕ,Appointment of Teachers at Government Aided Schools,ರವಿಸುಬ್ರಹ್ಮಣ್ಯ ಎಲ್.ಎ.,Ravi Brahmanya L A 
1905,31/07/2013,ಪ್ರವಾಸೋಧ್ಯಮ,Tourism,ಪ್ರವಾಸಿ ಕೇಂದ್ರಗಳಾಗಿ ಅಭಿವೃದ್ಧಿ,Developed as tourist centers,ಸುಧಾಕರ ಲಾಲ್ ಪಿ.ಆರ್.,Sudhakar Lal PR
1906,31/07/2013,ಪ್ರವಾಸೋಧ್ಯಮ,Tourism,ನಿಡಗಲ್ಲು ಬೆಟ್ಟವನ್ನು ಪ್ರವಾಸಿ ತಾಣವಾಗಿ ಅಭಿವೃದ್ಧಿ,Nidgal Hill is a tourist destination,ತಿಮ್ಮರಾಯಪ್ಪ ಕೆ.ಎಂ.,Thimarayayappa KM
1907,31/07/2013,ಪ್ರವಾಸೋಧ್ಯಮ,Tourism,ಕುಮಟಾ ತಾಲ್ಲೂಕಿನಲ್ಲಿ ಪ್ರವಾಸಿ ತಾಣಗಳ ಅಭಿವೃದ್ಧಿ,Development of tourist destinations in the Kumta taluk,ಶಾರದಾ ಮೋಹನ ಶೆಟ್ಟಿ,Sharada Mohana Shetty
1908,31/07/2013,ಉನ್ನತ ಶಿಕ್ಷಣ,Higher education,ತುಮಕೂರು ವಿಶ್ವವಿದ್ಯಾಲಯ,Tumkur University,ಸುರೇಶ್ ಗೌಡ ಬಿ.,Suresh Gowda b 
1909,31/07/2013,ಕನ್ನಡ ಮತ್ತು ಸಂಸ್ಕೃತಿ,Kannada and culture,ತುಳು ಭಾಷೆಯನ್ನು ಅಧಿಕೃತ ಭಾಷೆಯಾಗಿ ಘೋಷಿಸುವುದು,Tulu is the official language,ಮೋಹಿಯುದ್ದಿನ್ ಬಾವಾ ಬಿ.ಎ.,Mohiuddin BAVA BA
1910,31/07/2013,ಕನ್ನಡ ಮತ್ತು ಸಂಸ್ಕೃತಿ,Kannada and culture,ಕನ್ನಡಕ್ಕೆ ಶಾಸ್ತ್ರೀಯ ಭಾಷೆ ಸ್ತಾನಮಾನ,Classic language is the language of Kannada,ಗೋಪಾಲಯ್ಯ ಕೆ.,Gopalaiah K 
1911,31/07/2013,ಪ್ರವಾಸೋಧ್ಯಮ,Tourism,ಪ್ರವಾಸೋಧ್ಯಮ ತಾಣವಾಗಿ ಅಭಿವೃದ್ಧಿಪಡಿಸುವುದು,Develop as a tourist destination,ರಮೇಶ್ ಬಂಡಿಸಿದ್ದೇಗೌಡ ಎ.ಬಿ.,Ramesh Bundigida Gowda AB
1912,31/07/2013,ಕನ್ನಡ ಮತ್ತು ಸಂಸ್ಕೃತಿ,Kannada and culture,ಬನವಾಸಿ ಅಭಿವೃದ್ಧಿ ಪ್ರಾಧಿಕಾರ ರಚನೆ,Banavasi Development Authority Structure,ಅರಬೈಲ್ ಶಿವರಾಮ್ ಹೆಬ್ಬಾರ್,Arabail Shivaram Hebbar
1913,31/07/2013,ಪ್ರಾಥಮಿಕ ಮತ್ತು ಪೌಢಶಿಕ್ಷಣ,Primary and Secondary Education,ಚಿತ್ರಕಲಾ ಶಿಕ್ಷಕರ ಹುದ್ದೆಗಳ ಭರ್ತಿ,Filling up of painting teacher posts,ಜಗದೀಶ್ ಶೆಟ್ಟರ್,Jagadish Shettar
1914,31/07/2013,ಪ್ರವಾಸೋಧ್ಯಮ,Tourism,ಪ್ರವಾಸಿ ತಾಣವಾಗಿ ಘೋಷಣೆ,Declaration as a tourist destination,ರಾಜೀವ್ ಪಿ.,Rajiv P 
1915,31/07/2013,ಗ್ರಾಮೀಣಾಭಿವೃದ್ದಿ ಮತ್ತು ಪಂಚಾಯತ್ ರಾಜ್,Rural Development and Panchayat Raj,ನೀರಿನಲ್ಲಿ ಫ್ಲೋರೈಡ್ ಅಂಶ,Fluoride element in water,ಮಲ್ಲಿಕಾರ್ಜುನ ಸಿದ್ದರಾಮಪ್ಪ ಖೂಬಾ,Mallikarjuna Siddarappa Khuba
1916,31/07/2013,ಉನ್ನತ ಶಿಕ್ಷಣ,Higher education,ಕಾಲೇಜು ಅಬಿವೃದ್ದಿ ಸಮಿತಿಗಳ ರಚನೆ,Formation of College Degree Committees,ರವಿ ಸಿ.ಟಿ.,Ravi CT
1917,31/07/2013,ಮಹಿಳಾ ಮತ್ತು ಮಕ್ಕಳ ಅಭಿವೃದ್ಧಿ,Women and Child Development,ಅಂಗನವಾಡಿ ಕೇಂದ್ರಗಳ ಮಂಜೂರಾತಿ,Approval of Anganwadi Centers,ಕುಮಾರಸ್ವಾಮಿ ಹೆಚ್.ಕೆ.,Kumaraswamy HK
1918,31/07/2013,ವಸತಿ,Housing,ಹಾನಗಲ್ ನಲ್ಲಿ ವಸತಿ ಯೋಜನೆಗಳು,Housing schemes in Honolulu,ಮನೋಹರ್ ಎಚ್. ತಹಶೀಲ್ದಾರ್,Manohar H  Tahsildar
1919,31/07/2013,ಪ್ರಾಥಮಿಕ ಮತ್ತು ಪೌಢಶಿಕ್ಷಣ,Primary and Secondary Education,ಕ್ಷೇತ್ರ ಶಿಕ್ಷಣಾಧಿಕಾರಿ ಕಛೇರಿ,Field Education Officer,ಅಪ್ಪಾಜಿ ಚನ್ನಬಸವರಾಜ್ ಶಂಕರರಾವ್ ನಾಡಗೌಡ,Appaji Chanabasavaraj Shankarrao Nadgowda
1920,31/07/2013,ಗ್ರಾಮೀಣಾಭಿವೃದ್ದಿ ಮತ್ತು ಪಂಚಾಯತ್ ರಾಜ್,Rural Development and Panchayat Raj,ತಂಗಡಗಿ - ನಾಲತವಾಡ್ ಲಿಂಕ್ ರಸ್ತೆ ಕಾಮಗಾರಿ,Scheduled Tribes - Nalatwad Link Road Work,ಅಪ್ಪಾಜಿ ಚನ್ನಬಸವರಾಜ್ ಶಂಕರರಾವ್ ನಾಡಗೌಡ,Appaji Chanabasavaraj Shankarrao Nadgowda
1921,31/07/2013,ಪ್ರಾಥಮಿಕ ಮತ್ತು ಪೌಢಶಿಕ್ಷಣ,Primary and Secondary Education,ಗ್ರಾಮಾಂತರ ಪ್ರದೇಶದಲ್ಲಿ ಪ್ರಾಥಮಿಕ ಶಾಲೆಗಳನ್ನು ಮುಚ್ಚುತ್ತಿರುವುದು,Closing primary schools in the countryside,ಅರಬೈಲ್ ಶಿವರಾಮ್ ಹೆಬ್ಬಾರ್,Arabail Shivaram Hebbar
1922,31/07/2013,ವಸತಿ,Housing,ವಸತಿ ಯೋಜನೆಗಳ ಪ್ರಗತಿ,Development of housing schemes,ಬಾದರ್ಲಿ ಹಂಪನಗೌಡ,Bādarli Hampana Gowda
1923,31/07/2013,ಪ್ರಾಥಮಿಕ ಮತ್ತು ಪೌಢಶಿಕ್ಷಣ,Primary and Secondary Education,ವಾಣಿಜ್ಯ ಸಂಯೋಜನೆ,Commercial composition,ಬಾಲಕೃಷ್ಣ ಹೆಚ್.ಸಿ.,Balakrishna H C 
1924,31/07/2013,ಪ್ರಾಥಮಿಕ ಮತ್ತು ಪೌಢಶಿಕ್ಷಣ,Primary and Secondary Education,ಕಾಲೇಜುಗಳಲ್ಲಿ ಶೌಚಾಲಯ ನಿರ್ಮಾಣ,Construction of toilets in colleges,ಬಾಲಕೃಷ್ಣ ಹೆಚ್.ಸಿ.,Balakrishna H C 
1925,31/07/2013,ವಸತಿ,Housing,ಕರ್ನಾಟಕ ಗೃಹ ಮಂಡಳಿಯ ಬಡಾವಣೆಗೆ ರಸ್ತೆ ನಿರ್ಮಾಣ,Road construction for the Karnataka Housing Board,ಬಾಲಕೃಷ್ಣ ಹೆಚ್.ಸಿ.,Balakrishna H C 
1926,31/07/2013,ಗ್ರಾಮೀಣಾಭಿವೃದ್ದಿ ಮತ್ತು ಪಂಚಾಯತ್ ರಾಜ್,Rural Development and Panchayat Raj,ಅವರಗೆರೆ ಗ್ರಾಮದ ಖಾನೇಷುಮಾರಿ ನಂಬರಿನ ಖರೀದಿ,Buying from the village of kanasumari in their village,ಬಾಲಕೃಷ್ಣ ಹೆಚ್.ಸಿ.,Balakrishna H C 
1927,31/07/2013,ಪ್ರಾಥಮಿಕ ಮತ್ತು ಪೌಢಶಿಕ್ಷಣ,Primary and Secondary Education,ದೈಹಿಕ ಶಿಕ್ಷಕರ ನೇಮಕ,Appointment of Physical Teachers,ಬಾಲಕೃಷ್ಣ ಹೆಚ್.ಸಿ.,Balakrishna H C 
1928,31/07/2013,ಉನ್ನತ ಶಿಕ್ಷಣ,Higher education,ಸರ್ಕಾರಿ ಪ್ರಥಮ ದರ್ಜೆ ಕಾಲೇಜು,Government First Class College,ಭೀಮಾ ನಾಯ್ಕ ಎಸ್.,Bhima Naika S 
1929,31/07/2013,ಉನ್ನತ ಶಿಕ್ಷಣ,Higher education,ಹಗರಿಬೊಮ್ಮನಹಳ್ಳಿಗೆ ಪಾಲಿಟೆಕ್ನಿಕ್ ಕಾಲೇಜು,Polytechnic College for Hageribonahallah,ಭೀಮಾ ನಾಯ್ಕ ಎಸ್.,Bhima Naika S 
1930,31/07/2013,ಗ್ರಾಮೀಣಾಭಿವೃದ್ದಿ ಮತ್ತು ಪಂಚಾಯತ್ ರಾಜ್,Rural Development and Panchayat Raj,ಬೋರ್ ವೆಲ್ ಕೊರೆಯಲು ಅನುಮತಿ,Borewell allowed to carve,ಭೀಮಾ ನಾಯ್ಕ ಎಸ್.,Bhima Naika S 
1931,31/07/2013,ಗ್ರಾಮೀಣಾಭಿವೃದ್ದಿ ಮತ್ತು ಪಂಚಾಯತ್ ರಾಜ್,Rural Development and Panchayat Raj,ಪಟ್ಟಣ ಪಂಚಾಯಿತಿಯನ್ನಾಗಿ ಪರಿವರ್ತಿಸುವುದು,Converting to Town Panchayat,ಭೀಮಾ ನಾಯ್ಕ ಎಸ್.,Bhima Naika S 
1932,31/07/2013,ಮೂಲಭೂತ ಸೌಲಭ್ಯ,Basic Facility,ಬೆಂಗಳೂರು - ಶ್ರವಣಬೆಳಗೊಳ ರೈಲ್ವೆ ಮಾರ್ಗದ ಅಬಿವೃದ್ಧಿ,Bangalore - Development of the Shravanabelagala railway line,ಚೆಲುವರಾಯಸ್ವಾಮಿ ಎನ್.,Cheluvaraswamy N 
1933,31/07/2013,ವಸತಿ,Housing,ಕರ್ನಾಟಕ ಗೃಹ ಮಂಡಳಿಯ ಯೋಜನೆ,Karnataka Home Board Planning,ಚೆಲುವರಾಯಸ್ವಾಮಿ ಎನ್.,Cheluvaraswamy N 
1934,31/07/2013,ಮಹಿಳಾ ಮತ್ತು ಮಕ್ಕಳ ಅಭಿವೃದ್ಧಿ,Women and Child Development,ನೂತನ ವೃಂದ ಮತ್ತು ನೇಮಕಾತಿ ನಿಯಮಗಳು,New team and recruitment rules,ಚೆಲುವರಾಯಸ್ವಾಮಿ ಎನ್.,Cheluvaraswamy N 
1935,31/07/2013,ಪ್ರಾಥಮಿಕ ಮತ್ತು ಪೌಢಶಿಕ್ಷಣ,Primary and Secondary Education,ಶಾಲಾ-ಕಾಲೇಜುಗಳನ್ನು ಅನುದಾನಕ್ಕೆ ಒಳಪಡಿಸುವುದು,Grant school-colleges,ಚೆಲುವರಾಯಸ್ವಾಮಿ ಎನ್.,Cheluvaraswamy N 
1936,31/07/2013,ಪ್ರಾಥಮಿಕ ಮತ್ತು ಪೌಢಶಿಕ್ಷಣ,Primary and Secondary Education,ರಾಜ್ಯದಲ್ಲಿ ಅನುಮತಿ ಪಡೆದ ಪ್ರಾಥಮಿಕ ಮತ್ತು ಪ್ರೌಢಶಾಲೆಗಳು,Primary and High Schools sanctioned in the state,ಚಿಕ್ಕಮಾದು ಎಸ್.,Cikkamādu S
1937,31/07/2013,ಗ್ರಾಮೀಣಾಭಿವೃದ್ದಿ ಮತ್ತು ಪಂಚಾಯತ್ ರಾಜ್,Rural Development and Panchayat Raj,ಗ್ರಾಮ ಪಂಚಾಯಿತಿಗಳಲ್ಲಿ ಕಾರ್ಯವಿಧಾನ,Functionality in Gram Panchayats,ಚಿಕ್ಕಮಾದು ಎಸ್.,Cikkamādu S
1938,31/07/2013,ಪ್ರವಾಸೋಧ್ಯಮ,Tourism,ಕಬಿನಿ ಅಣೇಕಟ್ಟು ಪ್ರದೇಶದಲ್ಲಿ ಉದ್ಯಾನವನ ನಿರ್ಮಾಣ,Kabini has built a park in the Ankadu area,ಚಿಕ್ಕಮಾದು ಎಸ್.,Cikkamādu S
1939,31/07/2013,ಗ್ರಾಮೀಣಾಭಿವೃದ್ದಿ ಮತ್ತು ಪಂಚಾಯತ್ ರಾಜ್,Rural Development and Panchayat Raj,ನೀರಿನಲ್ಲಿ ಫ್ಲೋರೈಡ್ ಅಂಶ,Fluoride element in water,ದೊಡ್ಡನಗೌಡ ಹನುಮಗೌಡ ಪಾಟೀಲ್,Lalan Gowda Hanumagowda Patil
1940,31/07/2013,ಪ್ರಾಥಮಿಕ ಮತ್ತು ಪೌಢಶಿಕ್ಷಣ,Primary and Secondary Education,ಆಕ್ರಮವಾಗಿ ಶಾಲೆಗಳ ಸ್ಥಳಾಂತರ,Displacement of schools by occupation,ಅಶ್ವಥ್ ನಾರಾಯಣ ಸಿ.ಎನ್.,Ashwath Narayana C N
1941,31/07/2013,ಅಬಕಾರಿ,Excuse,ಅಬಕಾರಿ ಬಾಕಿ ಹಣ,Excise balance money,ಈಶ್ವರ್ ಭೀಮಣ್ಣ ಖಂಡ್ರೆ,Ishwar Bhimanna Khandre
1942,31/07/2013,ಪ್ರವಾಸೋಧ್ಯಮ,Tourism,ಭಾಲ್ಕಿಯಲ್ಲಿ ಪ್ರವಾಸಿ ತಾಣಗಳ ಅಭಿವೃದ್ಧಿ,Development of tourist destinations in Bhalki,ಈಶ್ವರ್ ಭೀಮಣ್ಣ ಖಂಡ್ರೆ,Ishwar Bhimanna Khandre
1943,31/07/2013,ಗ್ರಾಮೀಣಾಭಿವೃದ್ದಿ ಮತ್ತು ಪಂಚಾಯತ್ ರಾಜ್,Rural Development and Panchayat Raj,ಬೀದರ್ ಜಿಲ್ಲೆಯಲ್ಲಿ ಅಂತರ್ಜಲ ಹೆಚ್ಚಳಕ್ಕೆ ಯೋಜನೆಗಳು,Plans for groundwater upgradation in Bidar district,ಈಶ್ವರ್ ಭೀಮಣ್ಣ ಖಂಡ್ರೆ,Ishwar Bhimanna Khandre
1944,31/07/2013,ಉನ್ನತ ಶಿಕ್ಷಣ,Higher education,ಪಾಲಿಟೆಕ್ನಿಕ್ ಕಾಲೇಜುಗಳಿಗೆ ನೀಡಿರುವ ಅನುದಾನ,Grants to Polytechnic Colleges,ಈಶ್ವರ್ ಭೀಮಣ್ಣ ಖಂಡ್ರೆ,Ishwar Bhimanna Khandre
1945,31/07/2013,ವಸತಿ,Housing,ವಸತಿ ರಹಿತರಿಗೆ ಮನೆ ಹಂಚಿಕೆ,Home Distribution for Non-Residents,ಈಶ್ವರ್ ಭೀಮಣ್ಣ ಖಂಡ್ರೆ,Ishwar Bhimanna Khandre
1946,31/07/2013,ಉನ್ನತ ಶಿಕ್ಷಣ,Higher education,ಪ್ರಥಮ ದರ್ಜೆ ಕಾಲೇಜುಗಳ ಸಿಬ್ಬಂದಿ ವಿವರ,First-class colleges staff details,ಗೋಪಾಲ ಪೂಜಾರಿ ಕೆ.,Gopal Poojary K 
1947,31/07/2013,ಪ್ರಾಥಮಿಕ ಮತ್ತು ಪೌಢಶಿಕ್ಷಣ,Primary and Secondary Education,ರಾಷ್ಟ್ರೀಯ ಪ್ರಾಥಮಿಕ ಶಿಕ್ಷಣ ಅಭಿಯಾನ ಯೋಜನೆ,National Primary Education Campaign Program,ಗೋಪಾಲ ಪೂಜಾರಿ ಕೆ.,Gopal Poojary K 
1948,31/07/2013,ಗ್ರಾಮೀಣಾಭಿವೃದ್ದಿ ಮತ್ತು ಪಂಚಾಯತ್ ರಾಜ್,Rural Development and Panchayat Raj,ಕುಂದಾಪುರ ತಾಲೂಕು ಪಂಚಾಯಿತಿಯಲ್ಲಿ ಮಂಜೂರಾಗಿರುವ ಹುದ್ದೆಗಳು,Responsible posts in Kundapur Taluk Panchayat,ಗೋಪಾಲ ಪೂಜಾರಿ ಕೆ.,Gopal Poojary K 
1949,31/07/2013,ವಸತಿ,Housing,ಬಸವ ವಸತಿ ಯೋಜನೆಯಡಿಯಲ್ಲಿ ಮನೆಗಳ ನಿರ್ಮಾಣ,Construction of houses under the Basava Housing Scheme,ಗೋಪಾಲ ಪೂಜಾರಿ ಕೆ.,Gopal Poojary K 
1950,31/07/2013,ಮಹಿಳಾ ಮತ್ತು ಮಕ್ಕಳ ಅಭಿವೃದ್ಧಿ,Women and Child Development,ಬೆಂಗಳೂರು ನಗರದಲ್ಲಿ ವೃದ್ದರ ಮೇಲೆ ಹೆಚ್ಚುತ್ತಿರುವ ಕಿರುಕುಳ,Increasing harassment on aging in Bangalore city,ಗೋಪಾಲಯ್ಯ ಕೆ.,Gopalaiah K 
1951,31/07/2013,ಉನ್ನತ ಶಿಕ್ಷಣ,Higher education,ಸರ್ಕಾರಿ ಮಹಿಳಾ ಪಾಲಿಟೆಕ್ನಿಕ್ ಕಾಲೇಜುಗಳು,Government Women's Polytechnic Colleges,ಗೋಪಾಲಯ್ಯ ಕೆ.,Gopalaiah K 
1952,31/07/2013,ಪ್ರಾಥಮಿಕ ಮತ್ತು ಪೌಢಶಿಕ್ಷಣ,Primary and Secondary Education,ಬಿಸಿಯೂಟ ಯೋಜನೆ,The plan of the baby,ಗೋಪಾಲಯ್ಯ ಕೆ.,Gopalaiah K 
1953,31/07/2013,ಗ್ರಾಮೀಣಾಭಿವೃದ್ದಿ ಮತ್ತು ಪಂಚಾಯತ್ ರಾಜ್,Rural Development and Panchayat Raj,ಭೂಸೇನಾ ನಿಗಮದಿಂದ ಕಾಮಗಾರಿ,Works by the corporation corporation,ಗುರುಪಾಟೀಲ್ ಶಿರವಾಳ,Gurupatil Shilpa
1954,31/07/2013,ಕನ್ನಡ ಮತ್ತು ಸಂಸ್ಕೃತಿ,Kannada and culture,ಪ್ರಾಚೀನ ಸ್ಮಾರಕಗಳ ಸಂರಕ್ಷಣೆ,Preservation of ancient monuments,ಗುರುಪಾದಪ್ಪ ನಾಗಮಾರಪಲ್ಲಿ,Guruparappa Nagamarapally
1955,31/07/2013,ಕನ್ನಡ ಮತ್ತು ಸಂಸ್ಕೃತಿ,Kannada and culture,ಲಂಡನ್ ನಲ್ಲಿ ಬಸವ ಪ್ರತಿಮೆ ಸ್ಥಾಪನೆ,Statue of Buddha statue in London,ಗುರುಪಾದಪ್ಪ ನಾಗಮಾರಪಲ್ಲಿ,Guruparappa Nagamarapally
1956,31/07/2013,ಕನ್ನಡ ಮತ್ತು ಸಂಸ್ಕೃತಿ,Kannada and culture,ಕನ್ನಡ ಭಾಷೆಗೆ ಶಾಸ್ತ್ರೀಯ ಸ್ಥಾನಮಾನ,Classical status for Kannada language,ಗುರುಪಾದಪ್ಪ ನಾಗಮಾರಪಲ್ಲಿ,Guruparappa Nagamarapally
1957,31/07/2013,ಕನ್ನಡ ಮತ್ತು ಸಂಸ್ಕೃತಿ,Kannada and culture,ಕನ್ನಡ ಭವನಗಳ ನಿರ್ಮಾಣ,Construction of Kannada Bhavas,ಗುರುಪಾದಪ್ಪ ನಾಗಮಾರಪಲ್ಲಿ,Guruparappa Nagamarapally
1958,31/07/2013,ಮಹಿಳಾ ಮತ್ತು ಮಕ್ಕಳ ಅಭಿವೃದ್ಧಿ,Women and Child Development,ಭಾಗ್ಯಲಕ್ಷ್ಮಿ ಯೋಜನೆಯ ಅನುಷ್ಠಾನ,Implementation of the Bhagyalaxmi Project,ಗುರುಪಾದಪ್ಪ ನಾಗಮಾರಪಲ್ಲಿ,Guruparappa Nagamarapally
1959,31/07/2013,ಮಹಿಳಾ ಮತ್ತು ಮಕ್ಕಳ ಅಭಿವೃದ್ಧಿ,Women and Child Development,ಅಂಗನವಾಡಿಗಳ ಸ್ಥಿತಿಗತಿಗಳು ಹಾಗು ಮಕ್ಕಳಿಗೆ ಪೌಷ್ಠಿಕ ಆಹಾರ ಸರಬರಾಜು,Anganwadi conditions and nutritional supplements for children,ಹ್ಯಾರಿಸ್ ಎನ್.ಎ.,Harris NA
1960,31/07/2013,ಮೂಲಭೂತ ಸೌಲಭ್ಯ,Basic Facility,ಧಾಬೋಲ್ - ಬೆಂಗಳೂರು ಅನಿಲ ಕೊಳವೆ ಮಾರ್ಗ,Dabol - Bangalore gas pipeline,ಹ್ಯಾರಿಸ್ ಎನ್.ಎ.,Harris NA
1961,31/07/2013,ಗ್ರಾಮೀಣಾಭಿವೃದ್ದಿ ಮತ್ತು ಪಂಚಾಯತ್ ರಾಜ್,Rural Development and Panchayat Raj,ಗ್ರಾಮೀಣ ಪ್ರದೇಶಗಳಲ್ಲಿ ರಸ್ತೆಗಳ ಅಭಿವೃದ್ಧಿ ಮತ್ತು ನಿರ್ಮಾಣ ಕುರಿತು,About road development and construction in rural areas,ಹ್ಯಾರಿಸ್ ಎನ್.ಎ.,Harris NA
1962,31/07/2013,ಮೂಲಭೂತ ಸೌಲಭ್ಯ,Basic Facility,ವಿಮಾನ ನಿಲ್ದಾಣ ವಿಸ್ತರಣಾ ಯೋಜನೆಗಳು,Airport Expansion plans,ಹ್ಯಾರಿಸ್ ಎನ್.ಎ.,Harris NA
1963,31/07/2013,ಉನ್ನತ ಶಿಕ್ಷಣ,Higher education,ರಾಜ್ಯದಲ್ಲಿರುವ ಬಿ.ಎಡ್. ಕಾಲೇಜುಗಳ ಕುರಿತು,BED in the state About Colleges,ಹ್ಯಾರಿಸ್ ಎನ್.ಎ.,Harris NA
1964,31/07/2013,ಗ್ರಾಮೀಣಾಭಿವೃದ್ದಿ ಮತ್ತು ಪಂಚಾಯತ್ ರಾಜ್,Rural Development and Panchayat Raj,ಗ್ರಾಮಾಂತರ ಪ್ರದೇಶಗಳಲ್ಲಿ ಕುಡಿಯುವ ನೀರಿಗೆ ಆಗುತ್ತಿರುವ ತೊಂದರೆ,Problems with drinking water in rural areas,ಜಗದೀಶ್ ಶೆಟ್ಟರ್,Jagadish Shettar
1965,31/07/2013,ಉನ್ನತ ಶಿಕ್ಷಣ,Higher education,ಕರ್ನಾಟಕ ಜಾನಪದ ವಿಶ್ವವಿದ್ಯಾಲಯ,Karnataka Folk University,ಜಗದೀಶ್ ಶೆಟ್ಟರ್,Jagadish Shettar
1966,31/07/2013,ಉನ್ನತ ಶಿಕ್ಷಣ,Higher education,ನಿಪ್ಪಾಣಿ ನಗರದಲ್ಲಿ ಸರ್ಕಾರಿ ಪದವಿ ಪೂರ್ವ ಕಾಲೇಜು ಆರಂಭ,Government Graduate College begins in Nippani city,ಜೊಲ್ಲೆ ಶಿಶಿಕಲಾ ಅಣ್ಣಾಸಾಹೇಬ್,Joel Shishikala Annasaheb
1967,31/07/2013,ಗ್ರಾಮೀಣಾಭಿವೃದ್ದಿ ಮತ್ತು ಪಂಚಾಯತ್ ರಾಜ್,Rural Development and Panchayat Raj,ನಮ್ಮ ಗ್ರಾಮ ನಮ್ಮ ರಸ್ತೆ ಯೋಜನೆ,Our village is our road project,ಜೊಲ್ಲೆ ಶಿಶಿಕಲಾ ಅಣ್ಣಾಸಾಹೇಬ್,Joel Shishikala Annasaheb
1968,31/07/2013,ಪ್ರವಾಸೋಧ್ಯಮ,Tourism,ಪ್ರವಾಸೋದ್ಯಮ ಅಭಿವೃದ್ಧಿ,Tourism Development,ಕುಮಾರಸ್ವಾಮಿ ಹೆಚ್.ಕೆ.,Kumaraswamy HK
1969,31/07/2013,ಗ್ರಾಮೀಣಾಭಿವೃದ್ದಿ ಮತ್ತು ಪಂಚಾಯತ್ ರಾಜ್,Rural Development and Panchayat Raj,ಪಂಚಾಯಿತಿ ಅಭಿವೃದ್ಧಿ ಅದಿಕಾರಿಗಳ ಮತ್ತು ಕಾರ್ಯದರ್ಶಿಗಳ ಖಾಲಿ ಹುದ್ದೆಗಳು,Vacancies for Panchayat Development Officers and Secretaries,ಕುಮಾರಸ್ವಾಮಿ ಹೆಚ್.ಕೆ.,Kumaraswamy HK
1970,31/07/2013,ವಾರ್ತಾ ಮತ್ತು ಪ್ರಚಾರ,News and promotion,ಚಲನಚಿತ್ರ ಕಾರ್ಮಿಕರಿಗೆ ನಿವೇಶನ,The film is a site for workers,ಮಧು ಬಂಗಾರಪ್ಪ ಎಸ್.,Madhu Bangarappa S 
1971,31/07/2013,ವಾರ್ತಾ ಮತ್ತು ಪ್ರಚಾರ,News and promotion,ಕನ್ನಡ ಚಲನಚಿತ್ರಗಳ ನಿರ್ಮಾಣ,Construction of Kannada films,ಮಧು ಬಂಗಾರಪ್ಪ ಎಸ್.,Madhu Bangarappa S 
1972,31/07/2013,ವಾರ್ತಾ ಮತ್ತು ಪ್ರಚಾರ,News and promotion,ಚಲನಚಿತ್ರಗಳಿಗೆ ಸಹಾಯಧನ,Subsidy for movies,ಮಧು ಬಂಗಾರಪ್ಪ ಎಸ್.,Madhu Bangarappa S 
1973,31/07/2013,ಗ್ರಾಮೀಣಾಭಿವೃದ್ದಿ ಮತ್ತು ಪಂಚಾಯತ್ ರಾಜ್,Rural Development and Panchayat Raj,ಕೆ.ಡಿ.ಪಿ. ಸಭೆಗಳು,KDP Meetings,ಮಲ್ಲಿಕಾರ್ಜುನ ಸಿದ್ದರಾಮಪ್ಪ ಖೂಬಾ,Mallikarjuna Siddarappa Khuba
1974,31/07/2013,ಗ್ರಾಮೀಣಾಭಿವೃದ್ದಿ ಮತ್ತು ಪಂಚಾಯತ್ ರಾಜ್,Rural Development and Panchayat Raj,ಕುಡಿಯುವ ನೀರಿನ ಯೋಜನೆ,Drinking water project,ಮಲ್ಲಿಕಾರ್ಜುನ ಸಿದ್ದರಾಮಪ್ಪ ಖೂಬಾ,Mallikarjuna Siddarappa Khuba
1975,31/07/2013,ಪ್ರವಾಸೋಧ್ಯಮ,Tourism,ವಿಶ್ವ ಪರಂಪರೆಯ ಪ್ರವಾಸಿ ತಾಣಗಳ ಅಭಿವೃದ್ದಿ,Development of World Heritage Tourist Places,ಮಲ್ಲಿಕಾರ್ಜುನ ಸಿದ್ದರಾಮಪ್ಪ ಖೂಬಾ,Mallikarjuna Siddarappa Khuba
1976,31/07/2013,ಪ್ರಾಥಮಿಕ ಮತ್ತು ಪೌಢಶಿಕ್ಷಣ,Primary and Secondary Education,ಶಾಲಾ ಕೊಠಡಿಗಳ ನಿರ್ಮಾಣ,Construction of school rooms,ಮಲ್ಲಿಕಾರ್ಜುನ ಸಿದ್ದರಾಮಪ್ಪ ಖೂಬಾ,Mallikarjuna Siddarappa Khuba
1977,31/07/2013,ಮಹಿಳಾ ಮತ್ತು ಮಕ್ಕಳ ಅಭಿವೃದ್ಧಿ,Women and Child Development,ಲಿಂಗಸುಗೂರಿನಲ್ಲಿ ಸಿ.ಡಿ.ಪಿ.ಓ. ಕಛೇರಿ ಕಟ್ಟಡ,CDPO in Lingeshur Office building,ಮಾನಪ್ಪ ಡಿ. ವಜ್ಜಲ್,Manappa D  Vajzal
1978,31/07/2013,ಮಹಿಳಾ ಮತ್ತು ಮಕ್ಕಳ ಅಭಿವೃದ್ಧಿ,Women and Child Development,ಅಂಗನವಾಡಿ ಕೇಂದ್ರಗಳಲ್ಲಿ ಕಾರ್ಯಕರ್ತರ ಹಾಗು ಪೌಷ್ಟಿಕ ಆಹಾರದ ಕೊರತೆ,Lack of workers and nutritional supplements at Anganwadi Centers,ಮಾನಪ್ಪ ಡಿ. ವಜ್ಜಲ್,Manappa D  Vajzal
1979,31/07/2013,ಪ್ರವಾಸೋಧ್ಯಮ,Tourism,ಜಲದುರ್ಗ ಪ್ರದೇಶವನ್ನು ಪ್ರವಾಸಿ ತಾಣವನ್ನಾಗಿಸುವುದು,The Jaladurga area is a tourist destination,ಮಾನಪ್ಪ ಡಿ. ವಜ್ಜಲ್,Manappa D  Vajzal
1980,31/07/2013,ಅಬಕಾರಿ,Excuse,ಲಿಂಗಸುಗೂರು ಅಬಕಾರಿ ಇಲಾಖೆಗೆ ಸ್ವಂತ ಕಟ್ಟಡ,Own Building for the Linguksur Excise Department,ಮಾನಪ್ಪ ಡಿ. ವಜ್ಜಲ್,Manappa D  Vajzal
1981,31/07/2013,ಉನ್ನತ ಶಿಕ್ಷಣ,Higher education,ಸರ್ಕಾರಿ ಪ್ರಥಮ ದರ್ಜೆ ಕಾಲೇಜಿನಲ್ಲಿ ಬೋಧಕರ ಕೊರತೆ,Lack of instructors at government first-class college,ಮಾನಪ್ಪ ಡಿ. ವಜ್ಜಲ್,Manappa D  Vajzal
1982,31/07/2013,ಪ್ರಾಥಮಿಕ ಮತ್ತು ಪೌಢಶಿಕ್ಷಣ,Primary and Secondary Education,ಗಣಕ ಶಿಕ್ಷಕರ ನೇಮಕಾತಿ,Computer Teachers Recruitment,ಮಂಜುನಾಥ್ ಹೆಚ್.ಪಿ.,Manjunath H P 
1983,31/07/2013,ವಸತಿ,Housing,ಮನೆಗಳ ನಿರ್ಮಾಣಕ್ಕೆ ಅನುದಾನ ಬಿಡುಗಡೆ,Grants for the construction of houses,ಮಂಜುನಾಥ್ ಹೆಚ್.ಪಿ.,Manjunath H P 
1984,31/07/2013,ಉನ್ನತ ಶಿಕ್ಷಣ,Higher education,ಕಾಲೇಜು ಶಿಕ್ಷಣ ಇಲಾಖೆಯ ಆದೇಶ ಹಿಂಪಡೆಯುವುದು,Order of the College Education Department,ಮೋಹಿಯುದ್ದಿನ್ ಬಾವಾ ಬಿ.ಎ.,Mohiuddin BAVA BA
1985,31/07/2013,ವಸತಿ,Housing,ಬಸವಶ್ರೀ ಮತ್ತು ಇಂದಿರಾ ಆವಾಜ್ ಯೋಜನೆ,Basavasri and Indira Awaaz plan,ಮೋಹಿಯುದ್ದಿನ್ ಬಾವಾ ಬಿ.ಎ.,Mohiuddin BAVA BA
1986,31/07/2013,ಪ್ರಾಥಮಿಕ ಮತ್ತು ಪೌಢಶಿಕ್ಷಣ,Primary and Secondary Education,ಕೊಡವತ್ತಿ ಪ್ರೌಢಶಾಲೆ,Kodavadi High School,ನಾಗರಾಜಯ್ಯ ಡಿ.,Nagaraja D 
1987,31/07/2013,ಮಹಿಳಾ ಮತ್ತು ಮಕ್ಕಳ ಅಭಿವೃದ್ಧಿ,Women and Child Development,ಉದ್ಯೋಗಸ್ಥ ಅಂಗವಿಕಲರು ಮತ್ತು ಅಂಗವಿಕಲ ವಿದ್ಯಾರ್ಥಿಗಳ ಪಿ.ಜಿ. ಸೆಂಟರ್,Worker Disabled and Disabled Students PG Center,ನಾಗರಾಜಯ್ಯ ಡಿ.,Nagaraja D 
1988,31/07/2013,ಅಬಕಾರಿ,Excuse,ಅನುಮತಿ ಪಡೆದ ಮದ್ಯದ ಅಂಗಡಿಗಳು,Permitted liquor stores,ಪಾಟೀಲ್ ಬಿ.ಆರ್.,Patil BR
1989,31/07/2013,ಉನ್ನತ ಶಿಕ್ಷಣ,Higher education,ಖಾಸತಿ ಹಾಗು ಡೀಮ್ಡ್ ವಿಶ್ವವಿದ್ಯಾಲಯಗಳು,Private and Deemed Universities,ಪಾಟೀಲ್ ಬಿ.ಆರ್.,Patil BR
1990,31/07/2013,ಗ್ರಾಮೀಣಾಭಿವೃದ್ದಿ ಮತ್ತು ಪಂಚಾಯತ್ ರಾಜ್,Rural Development and Panchayat Raj,ಗ್ರಾಮೀಣ ಭಾಗದಲ್ಲಿ ಹೆಣ್ಣುಮಕ್ಕಳಿಗೆ ಸಾರ್ವಜನಿಕ ಶೌಚಾಲಯ,Public toilet for girls in rural areas,ಪಾಟೀಲ್ ಬಿ.ಆರ್.,Patil BR
1991,31/07/2013,ಅಬಕಾರಿ,Excuse,ಕಾನೂನು ಬಾಹಿರವಾಗಿ ಚಿಲ್ಲರೆ ಮದ್ಯ ಮಾರಾಟ,Illegal retail sales,ಪಾಟೀಲ್ ಬಿ.ಆರ್.,Patil BR
1992,31/07/2013,ವಸತಿ,Housing,ಬಸವ ವಸತಿ ಯೋಜನೆಯಡಿಯಲ್ಲಿ ಮನೆಗಳು,Homes under the Basava Housing Scheme,ಪಾಟೀಲ್ ಬಿ.ಆರ್.,Patil BR
1993,31/07/2013,ವಾರ್ತಾ ಮತ್ತು ಪ್ರಚಾರ,News and promotion,ವಸತಿ ಪ್ರದೇಶಗಳಲ್ಲಿ ಮೊಬೈಲ್ ಟವರ್ ಗಳು,Mobile towers in residential areas,ಪಿಳ್ಳ ಮುನಿಶಾಮಪ್ಪ,Pillai Munisamappa
1994,31/07/2013,ಕನ್ನಡ ಮತ್ತು ಸಂಸ್ಕೃತಿ,Kannada and culture,ಕಲಾವಿದರಿಗೆ ನೀಡುತ್ತಿರುವ ಮಾಸಾಶನ,Mass Effect for Artists,ಪಿಳ್ಳ ಮುನಿಶಾಮಪ್ಪ,Pillai Munisamappa
1995,31/07/2013,ಉನ್ನತ ಶಿಕ್ಷಣ,Higher education,ತಾಂತ್ರಿಕ ಶಿಕ್ಷಣ ಇಲಾಖೆಯಲ್ಲಿ ನೀಡುತ್ತಿರುವ ವಿದ್ಯಾರ್ಥಿ ವೇತನ,Scholarship in the Department of Technical Education,ಪಿಳ್ಳ ಮುನಿಶಾಮಪ್ಪ,Pillai Munisamappa
1996,31/07/2013,ಉನ್ನತ ಶಿಕ್ಷಣ,Higher education,ಸರ್ಕಾರಿ ಪಾಲಿಟೆಕ್ನಿಕ್ ಕಟ್ಟಡ,Government Polytechnic Building,ಪ್ರಭು ಬಿ. ಚೌವ್ಜಾಣ್,Prabhu B  Chauhajan
1997,31/07/2013,ಗ್ರಾಮೀಣಾಭಿವೃದ್ದಿ ಮತ್ತು ಪಂಚಾಯತ್ ರಾಜ್,Rural Development and Panchayat Raj,ತಾಲೂಕು ಪಂಚಾಯಿತಿಗಳಿಗೆ ಅನಿರ್ಬಂದಿತ ಅನುದಾನ,Unrestricted grant to Taluk Panchayats,ಪ್ರಮೋದ್ ಮಧ್ವರಾಜ್,Pramod Madhwaraj
1998,31/07/2013,ಪ್ರಾಥಮಿಕ ಮತ್ತು ಪೌಢಶಿಕ್ಷಣ,Primary and Secondary Education,ಪರೀಕ್ಷಾ ಶುಲ್ಕ ಮತ್ತು ವೈದ್ಯಕೀಯ ವೆಚ್ಚ,Test Fees and Medical Expenses,ಪ್ರಮೋದ್ ಮಧ್ವರಾಜ್,Pramod Madhwaraj
1999,31/07/2013,ವಸತಿ,Housing,ವಿವಿಧ ವಸತಿ ಯೋಜನೆಗಳ ಸಾಲ ಮನ್ನಾ,Debt waiver of various housing schemes,ಪ್ರಮೋದ್ ಮಧ್ವರಾಜ್,Pramod Madhwaraj
2000,31/07/2013,ಗ್ರಾಮೀಣಾಭಿವೃದ್ದಿ ಮತ್ತು ಪಂಚಾಯತ್ ರಾಜ್,Rural Development and Panchayat Raj,ಖಾಲಿಯಿರುವ ಹುದ್ದೆಗಳ ಭರ್ತಿ,Fill out vacant posts,ಪ್ರಮೋದ್ ಮಧ್ವರಾಜ್,Pramod Madhwaraj
2001,31/07/2013,ಗ್ರಾಮೀಣಾಭಿವೃದ್ದಿ ಮತ್ತು ಪಂಚಾಯತ್ ರಾಜ್,Rural Development and Panchayat Raj,ಪಂಚಾಯಿತಿ ನೌಕರರ ವಿವರ,Details of Panchayat Employees,ಪ್ರಮೋದ್ ಮಧ್ವರಾಜ್,Pramod Madhwaraj
2002,31/07/2013,ಅಬಕಾರಿ,Excuse,ಮದ್ಯಪಾನ ನಿಷೇಧ,Alcohol abuse,ಪುಟ್ಟಣ್ಣಯ್ಯ ಕೆ.ಎಸ್.,Puttannaiah K S 
2003,31/07/2013,ಪ್ರಾಥಮಿಕ ಮತ್ತು ಪೌಢಶಿಕ್ಷಣ,Primary and Secondary Education,ಕೃಷಿ ಕೈಪಿಡಿ ನೀಡುವುದು,Provide agricultural manual,ಪುಟ್ಟಣ್ಣಯ್ಯ ಕೆ.ಎಸ್.,Puttannaiah K S 
2004,31/07/2013,ವಸತಿ,Housing,Number of Houses Allotted,Number of Houses Allotted,ರಾಜ ವೆಂಕಟಪ್ಪ ನಾಯಕ,King Venkatappa is the leader
2005,31/07/2013,ಗ್ರಾಮೀಣಾಭಿವೃದ್ದಿ ಮತ್ತು ಪಂಚಾಯತ್ ರಾಜ್,Rural Development and Panchayat Raj,Rural Water Supply Schemes,Rural Water Supply Schemes,ರಾಜ ವೆಂಕಟಪ್ಪ ನಾಯಕ,King Venkatappa is the leader
2006,31/07/2013,ಮಹಿಳಾ ಮತ್ತು ಮಕ್ಕಳ ಅಭಿವೃದ್ಧಿ,Women and Child Development,Nubmer of Anganawadi Centres,Number of Anganawadi Centers,ರಾಜ ವೆಂಕಟಪ್ಪ ನಾಯಕ,King Venkatappa is the leader
2007,31/07/2013,ಉನ್ನತ ಶಿಕ್ಷಣ,Higher education,ಅನುದಾನ ಬಿಡುಗಡೆ,Grant Release,ರಾಜಶೇಖರ ಬಸವರಾಜ ಪಾಟೀಲ್,Rajasekhar Basavaraj Patil
2008,31/07/2013,ಗ್ರಾಮೀಣಾಭಿವೃದ್ದಿ ಮತ್ತು ಪಂಚಾಯತ್ ರಾಜ್,Rural Development and Panchayat Raj,ರಸ್ತೆ ಸಂಪರ್ಕ ಕಲ್ಪಿಸುವುದು,Connecting the road,ರಾಜೀವ್ ಪಿ.,Rajiv P 
2009,31/07/2013,ಗ್ರಾಮೀಣಾಭಿವೃದ್ದಿ ಮತ್ತು ಪಂಚಾಯತ್ ರಾಜ್,Rural Development and Panchayat Raj,ಕುಡಿಯುವ ನೀರು ಸರಬರಾಜು ಯೋಜನೆ,Drinking Water Supply Project,ರಾಜೇಶ್ ಎಚ್.ಪಿ.,Rajesh H P 
2010,31/07/2013,ಪ್ರಾಥಮಿಕ ಮತ್ತು ಪೌಢಶಿಕ್ಷಣ,Primary and Secondary Education,ರಾಜ್ಯದಲ್ಲಿ ಇರುವ ಗ್ರಂಥಾಲಯಗಳು,Libraries in the state,ರಾಮಕ್ಕ ವೈ,Ramakka Y 
2011,31/07/2013,ಗ್ರಾಮೀಣಾಭಿವೃದ್ದಿ ಮತ್ತು ಪಂಚಾಯತ್ ರಾಜ್,Rural Development and Panchayat Raj,ರಸ್ತೆ ದುರಸ್ತಿ ಮತ್ತು ಅನುದಾನ ಬಿಡುಗಡೆ,Road repair and grant release,ರಮೇಶ್ ಬಂಡಿಸಿದ್ದೇಗೌಡ ಎ.ಬಿ.,Ramesh Bundigida Gowda AB
2012,31/07/2013,ಅಬಕಾರಿ,Excuse,ಆಕ್ರಮ ಮದ್ಯ ಮಾರಾಟ,Occupy alcohol sales,ರಮೇಶ್ ಬಂಡಿಸಿದ್ದೇಗೌಡ ಎ.ಬಿ.,Ramesh Bundigida Gowda AB
2013,31/07/2013,ಮೂಲಭೂತ ಸೌಲಭ್ಯ,Basic Facility,ಶ್ರೀರಂಗಪಟ್ಟಣದಲ್ಲಿ ಮೂಲಭೂತ ಸೌಲಭ್ಯ ಕಲ್ಪಿಸುವುದು,Fundamental facility in Srirangapatna,ರಮೇಶ್ ಬಂಡಿಸಿದ್ದೇಗೌಡ ಎ.ಬಿ.,Ramesh Bundigida Gowda AB
2014,31/07/2013,ಮಹಿಳಾ ಮತ್ತು ಮಕ್ಕಳ ಅಭಿವೃದ್ಧಿ,Women and Child Development,ಶ್ರೀರಂಗಪಟ್ಟಣದಲ್ಲಿ ನಡೆಯುವ ದಸರಾ ಹಬ್ಬಕ್ಕೆ ಅನುದಾನ,Grant to Dasara Festival in Srirangapatna,ರಮೇಶ್ ಬಂಡಿಸಿದ್ದೇಗೌಡ ಎ.ಬಿ.,Ramesh Bundigida Gowda AB
2015,31/07/2013,ಪ್ರಾಥಮಿಕ ಮತ್ತು ಪೌಢಶಿಕ್ಷಣ,Primary and Secondary Education,ಶಾಲಾ ಶಿಕ್ಷಕರ ಕೊರತೆ,Lack of school teachers,ರಾಮಕೃಷ್ಣ ಜಿ.,Ramakrishna G 
2016,31/07/2013,ಗ್ರಾಮೀಣಾಭಿವೃದ್ದಿ ಮತ್ತು ಪಂಚಾಯತ್ ರಾಜ್,Rural Development and Panchayat Raj,ಗ್ರಾಮೀಣ ಕೆರೆಗಳ ಅಭಿವೃದ್ದಿ,Development of rural lakes,ರಾಮಕೃಷ್ಣ ಜಿ.,Ramakrishna G 
2017,31/07/2013,ಉನ್ನತ ಶಿಕ್ಷಣ,Higher education,ರಾಜ್ಯದಲ್ಲಿರುವ ಡೀಮ್ಡ್ ವಿಶ್ವವಿದ್ಯಾಲಯಗಳ ವಿವರ,Detail of Deemed Universities in the State,ರವಿ ಸಿ.ಟಿ.,Ravi CT
2018,31/07/2013,ಉನ್ನತ ಶಿಕ್ಷಣ,Higher education,ಅಂತರ್ ವಿಶ್ವವಿದ್ಯಾಲಯ ವರ್ಗಾವಣೆ,Inter University Transfer,ರವಿ ಸಿ.ಟಿ.,Ravi CT
2019,31/07/2013,ಉನ್ನತ ಶಿಕ್ಷಣ,Higher education,ಬೆಂಗಳೂರು ವಿಶ್ವವಿದ್ಯಾಲಯ ವಿಭಜನೆ,Bangalore University Division,ರವಿ ಸಿ.ಟಿ.,Ravi CT
2020,31/07/2013,ಉನ್ನತ ಶಿಕ್ಷಣ,Higher education,ಕಾಲೇಜು ಮತ್ತು ತಾಂತ್ರಿಕ ಶಿಕ್ಷಣ ಬೋಧಕರ ಕೌನ್ಸಿಲಿಂಗ್ ವರ್ಗಾವಣೆ,Transfer Counseling Faculty of College and Technical Education,ರವಿ ಸಿ.ಟಿ.,Ravi CT
2021,31/07/2013,ಅಬಕಾರಿ,Excuse,ಹಾಸನ ಜಿಲ್ಲೆಯಲ್ಲಿ ಅಬಕಾರಿ ಪರವಾನಗಿ ನೀಡಿಕೆ ವಿಚಾರ,Excise License Issue In Hassan District,ರೇವಣ್ಣ ಹೆಚ್.ಡಿ.,Revanna HD
2022,31/07/2013,ಮಹಿಳಾ ಮತ್ತು ಮಕ್ಕಳ ಅಭಿವೃದ್ಧಿ,Women and Child Development,ಹಾಸನ ಜಿಲ್ಲೆಯಲ್ಲಿ ಅಂಗನವಾಡಿ ಕೇಂದ್ರಗಳು,Anganwadi Centers in Hassan District,ರೇವಣ್ಣ ಹೆಚ್.ಡಿ.,Revanna HD
2023,31/07/2013,ಪ್ರಾಥಮಿಕ ಮತ್ತು ಪೌಢಶಿಕ್ಷಣ,Primary and Secondary Education,ಪದವಿ ಪೂರ್ವ ಕಾಲೇಜು ಮಂಜೂರು,Graduate College Allotted,ರುದ್ರೇಶ್ ಗೌಡ ವೈ.ಎನ್.,Rudresh Gowda Y N 
2024,31/07/2013,ಪ್ರಾಥಮಿಕ ಮತ್ತು ಪೌಢಶಿಕ್ಷಣ,Primary and Secondary Education,ಹೊಸ ಪದವಿ ಪೂರ್ವ ಕಾಲೇಜು ಮಂಜೂರಾತಿ,New Graduate College Allowance,ರುದ್ರೇಶ್ ಗೌಡ ವೈ.ಎನ್.,Rudresh Gowda Y N 
2025,31/07/2013,ಪ್ರವಾಸೋಧ್ಯಮ,Tourism,ಸಂಪರ್ಕ ರಸ್ತೆ ಹಾಳಾಗಿರುವುದು,Connection road is damaged,ರುದ್ರೇಶ್ ಗೌಡ ವೈ.ಎನ್.,Rudresh Gowda Y N 
2026,31/07/2013,ಗ್ರಾಮೀಣಾಭಿವೃದ್ದಿ ಮತ್ತು ಪಂಚಾಯತ್ ರಾಜ್,Rural Development and Panchayat Raj,ಗ್ರಾಮೀಣ ರಸ್ತೆಗಳು ಹಾಳಾಗಿರುವುದು,Rural roads are damaged,ರುದ್ರೇಶ್ ಗೌಡ ವೈ.ಎನ್.,Rudresh Gowda Y N 
2027,31/07/2013,ಗ್ರಾಮೀಣಾಭಿವೃದ್ದಿ ಮತ್ತು ಪಂಚಾಯತ್ ರಾಜ್,Rural Development and Panchayat Raj,ಗ್ರಾಮಗಳಿಗೆ ಶಾಶ್ವತ ಕುಡಿಯುವ ನೀರಿನ ಯೋಜನೆ,Permanent drinking water scheme for villages,ರುದ್ರೇಶ್ ಗೌಡ ವೈ.ಎನ್.,Rudresh Gowda Y N 
2028,31/07/2013,ಮೂಲಭೂತ ಸೌಲಭ್ಯ,Basic Facility,ಬೆಳಗಾವಿ ಮಹಾನಗರ ಪ್ರದೆಶದಲ್ಲಿ ಮೂಲಭೂತ ಸೌಲಭ್ಯ,Fundamental facility in the Belgaum metropolitan area,ಸಂಭಾಜಿ ಲಕ್ಷ್ಮಣ್ ಪಾಟೀಲ್,Sambhaji Laxman Patil
2029,31/07/2013,ಮಹಿಳಾ ಮತ್ತು ಮಕ್ಕಳ ಅಭಿವೃದ್ಧಿ,Women and Child Development,ಬೆಳಗಾವಿ ಜಿಲ್ಲೆಯಲ್ಲಿರುವ ಅಂಗನವಾಡಿ ಕೇಂದ್ರಗಳು,Anganwadi Centers in Belgaum District,ಸಂಭಾಜಿ ಲಕ್ಷ್ಮಣ್ ಪಾಟೀಲ್,Sambhaji Laxman Patil
2030,31/07/2013,ಗ್ರಾಮೀಣಾಭಿವೃದ್ದಿ ಮತ್ತು ಪಂಚಾಯತ್ ರಾಜ್,Rural Development and Panchayat Raj,ಬೆಳಗಾವಿ ಜಿಲ್ಲೆಯಲ್ಲಿ ಕುಡಿಯುವ ನೀರಿನ ಯೋಜನೆ,Drinking water project in Belgaum district,ಸಂಭಾಜಿ ಲಕ್ಷ್ಮಣ್ ಪಾಟೀಲ್,Sambhaji Laxman Patil
2031,31/07/2013,ವಸತಿ,Housing,ಬೆಳಗಾವಿ ಜಿಲ್ಲಾ ವ್ಯಾಪ್ತಿಯಲ್ಲಿ ವಸತಿ ಯೋಜನೆ,Housing Scheme in Belgaum District,ಸಂಭಾಜಿ ಲಕ್ಷ್ಮಣ್ ಪಾಟೀಲ್,Sambhaji Laxman Patil
2032,31/07/2013,ಪ್ರಾಥಮಿಕ ಮತ್ತು ಪೌಢಶಿಕ್ಷಣ,Primary and Secondary Education,ಬೆಳಗಾವಿ ಜಿಲ್ಲಯಲ್ಲಿರುವ ಸರ್ಕಾರಿ ಪ್ರಾಥಮಿಕ ಶಾಲೆಗಳು,Government Primary Schools in Belgaum District,ಸಂಭಾಜಿ ಲಕ್ಷ್ಮಣ್ ಪಾಟೀಲ್,Sambhaji Laxman Patil
2033,31/07/2013,ಕನ್ನಡ ಮತ್ತು ಸಂಸ್ಕೃತಿ,Kannada and culture,ಗಾಜಿನ ಮನೆ ನಿರ್ಮಾಣ,Glass house construction,ಸಂಜಯ ಬಿ. ಪಾಟೀಲ್,Sanjaya B  Patil
2034,31/07/2013,ಪ್ರವಾಸೋಧ್ಯಮ,Tourism,ರಾಜ ಹಂಸಗಡ ಹಾಗು ಕೌರಿಗುಡ್ಡದ ಪ್ರವಾಸೋಧ್ಯಮ ಅಭಿವೃದ್ದಿಗೆ ಅನುದಾನ,Assistance for tourism development of King Hamsagada and Kauriguda,ಸಂಜಯ ಬಿ. ಪಾಟೀಲ್,Sanjaya B  Patil
2035,31/07/2013,ವಸತಿ,Housing,ಇಂದಿರಾ ಆವಾಜ್ ಮತ್ತು ವಸವಶ್ರೀ ವಸತಿ ಮನೆಗಳ ಹಂಚಿಕೆ,Distribution of Indira Awaaz and Vaswashri Housing Houses,ಸತೀಶ್ ಕೃಷ್ಣ ಸ್ಟೆಲ್,Satish Krishna Stel
2036,31/07/2013,ಉನ್ನತ ಶಿಕ್ಷಣ,Higher education,ಪದವಿ ಕಾಲೇಜುಗಳಿಗೆ ಕಟ್ಟಡ,Building for graduate colleges,ಶಾರದಾ ಮೋಹನ ಶೆಟ್ಟಿ,Sharada Mohana Shetty
2037,31/07/2013,ಮಹಿಳಾ ಮತ್ತು ಮಕ್ಕಳ ಅಭಿವೃದ್ಧಿ,Women and Child Development,ಹಾಸನ ಜಿಲ್ಲೆಯ ಅಂಗನವಾಡಿ ಕೇಂದ್ರಗಳು,Anganwadi Centers in Hassan District,ಶಿವಲಿಂಗೇಗೌಡ ಕೆ.ಎಂ.,Shivalinge Gowda KM
2038,31/07/2013,ಗ್ರಾಮೀಣಾಭಿವೃದ್ದಿ ಮತ್ತು ಪಂಚಾಯತ್ ರಾಜ್,Rural Development and Panchayat Raj,ಉದ್ಯೋಗ ಖಾತರಿ ಯೋಜನೆ,Employment Guarantee Scheme,ಶಿವಲಿಂಗೇಗೌಡ ಕೆ.ಎಂ.,Shivalinge Gowda KM
2039,31/07/2013,ಗ್ರಾಮೀಣಾಭಿವೃದ್ದಿ ಮತ್ತು ಪಂಚಾಯತ್ ರಾಜ್,Rural Development and Panchayat Raj,ಸುವರ್ಣ ಗ್ರಾಮ ಯೋಜನೆ,Suvarna village project,ಶಿವಲಿಂಗೇಗೌಡ ಕೆ.ಎಂ.,Shivalinge Gowda KM
2040,31/07/2013,ಅಬಕಾರಿ,Excuse,ಆಕ್ರಮವಾಗಿ ಕಳಪೆ ದರ್ಜೆ ಮದ್ಯ ಮಾರಾಟ,Sell ​​poor grade liquor into occupation,ಶಿವಲಿಂಗೇಗೌಡ ಕೆ.ಎಂ.,Shivalinge Gowda KM
2041,31/07/2013,ಪ್ರಾಥಮಿಕ ಮತ್ತು ಪೌಢಶಿಕ್ಷಣ,Primary and Secondary Education,ಆಂಗ್ಲ ಮಾಧ್ಯಮ ಶಾಲೆ ತೆರೆಯುವುದು,English medium school is open,ಶಿವಲಿಂಗೇಗೌಡ ಕೆ.ಎಂ.,Shivalinge Gowda KM
2042,31/07/2013,ಮಹಿಳಾ ಮತ್ತು ಮಕ್ಕಳ ಅಭಿವೃದ್ಧಿ,Women and Child Development,ಭಾಗ್ಯಲಕ್ಷ್ಮಿ ಬಾಂಡ್,Bhagyalaxmi Bond,ಸುಬ್ಬಾರೆಡ್ಡಿ ಎಸ್.ಎನ್.,Subburdy SN
2043,31/07/2013,ವಸತಿ,Housing,ಆಶ್ರಯ ಯೋಜನೆ ಮನೆಗಳ ನಿರ್ಮಾಣ,Building shelter plan houses,ಸುಬ್ಬಾರೆಡ್ಡಿ ಎಸ್.ಎನ್.,Subburdy SN
2044,31/07/2013,ಗ್ರಾಮೀಣಾಭಿವೃದ್ದಿ ಮತ್ತು ಪಂಚಾಯತ್ ರಾಜ್,Rural Development and Panchayat Raj,ಉದ್ಯೋಗ ಖಾತ್ರಿ ಯೋಜನೆಗಳು,Employment Guarantee Plans,ಸುಬ್ಬಾರೆಡ್ಡಿ ಎಸ್.ಎನ್.,Subburdy SN
2045,31/07/2013,ಗ್ರಾಮೀಣಾಭಿವೃದ್ದಿ ಮತ್ತು ಪಂಚಾಯತ್ ರಾಜ್,Rural Development and Panchayat Raj,ನಬಾರ್ಡ್ ಯೋಜನೆಗಳು,NABARD Projects,ಸುಬ್ಬಾರೆಡ್ಡಿ ಎಸ್.ಎನ್.,Subburdy SN
2046,31/07/2013,ಗ್ರಾಮೀಣಾಭಿವೃದ್ದಿ ಮತ್ತು ಪಂಚಾಯತ್ ರಾಜ್,Rural Development and Panchayat Raj,ಗ್ರಾಮೀಣ ರಸ್ತೆಗಳು,Rural roads,ಸುಬ್ಬಾರೆಡ್ಡಿ ಎಸ್.ಎನ್.,Subburdy SN
2047,31/07/2013,ಪ್ರಾಥಮಿಕ ಮತ್ತು ಪೌಢಶಿಕ್ಷಣ,Primary and Secondary Education,ಸರ್ವಶಿಕ್ಷಣ ಅಭಿಯಾನ ಯೋಜನೆಯಡಿ ಅಂಗವಿಕಲ ಮಕ್ಕಳಿಗೆ ಶಿಕ್ಷಣ,Education for disabled children under Sarva Shiksha Abhiyan,ಸುಧಾಕರ ಲಾಲ್ ಪಿ.ಆರ್.,Sudhakar Lal PR
2048,31/07/2013,ಪ್ರಾಥಮಿಕ ಮತ್ತು ಪೌಢಶಿಕ್ಷಣ,Primary and Secondary Education,ಪದವಿ ಪೂರ್ವ ಕಾಲೇಜುಗಳಲ್ಲಿ ಮೂಲಭೂತ ಸೌಕರ್ಯ,Basic infrastructure in undergraduate colleges,ಸುಧಾಕರ ಲಾಲ್ ಪಿ.ಆರ್.,Sudhakar Lal PR
2049,31/07/2013,ಉನ್ನತ ಶಿಕ್ಷಣ,Higher education,ತಾಂತ್ರಿಕ ಶಿಕ್ಷಣ ಇಲಾಖೆಯಲ್ಲಿ ಬ್ಯಾಕ್ ಲಾಗ್ ಹುದ್ದೆಗಳು,Backlog posts in the Department of Technical Education,ಸುಧಾಕರ ಲಾಲ್ ಪಿ.ಆರ್.,Sudhakar Lal PR
2050,31/07/2013,ಉನ್ನತ ಶಿಕ್ಷಣ,Higher education,ತಾಂತ್ರಿಕ ಶಿಕ್ಷಣ ಕಾಲೇಜು ಉಪನ್ಯಾಸಕರುಗಳಿಗೆ ಹೆಚ್ಚುವರಿ ವಾರ್ಷಿಕ ಭತ್ಯೆ,Additional annual allowance for lecturers in Technical Education College,ಸುಧಾಕರ ಲಾಲ್ ಪಿ.ಆರ್.,Sudhakar Lal PR
2051,31/07/2013,ಪ್ರಾಥಮಿಕ ಮತ್ತು ಪೌಢಶಿಕ್ಷಣ,Primary and Secondary Education,ಅಕ್ಷರ ದಾಸೋಹ ಯೋಜನೆಯಡಿ ಅಡುಗೆ ಮಾಡುತ್ತಿರುವವರಿಗೆ ನೀಡುವ ವೇತನ,Payment to those who cook under the Chara Dasoha scheme,ಸುನೀಲ್ ಕುಮಾರ್ ವಿ.,Sunil Kumar V 
2052,31/07/2013,ಪ್ರವಾಸೋಧ್ಯಮ,Tourism,ಕಾರ್ಕಳ ಭಗವಾನ್ ಬಾಹುಬಲಿ ಮೂರ್ತಿಯ ಮಹಾ ಮಸ್ತಕಾಭಿಷೇಕದ ವ್ಯವಸ್ಥೆ,The Great Masturbation System of Karkala Bhagwan Bahubali Murti,ಸುನೀಲ್ ಕುಮಾರ್ ವಿ.,Sunil Kumar V 
2053,31/07/2013,ಪ್ರಾಥಮಿಕ ಮತ್ತು ಪೌಢಶಿಕ್ಷಣ,Primary and Secondary Education,ಉಡುಪಿ ಜಿಲ್ಲೆಯಲ್ಲಿರುವ ಖಾಸತಿ ಕಾಲೇಜುಗಳು,Private colleges in Udupi district,ಸುನೀಲ್ ಕುಮಾರ್ ವಿ.,Sunil Kumar V 
2054,31/07/2013,ಪ್ರಾಥಮಿಕ ಮತ್ತು ಪೌಢಶಿಕ್ಷಣ,Primary and Secondary Education,ಖಾಸಗಿ ಶಿಕ್ಷಣ ಸಂಸ್ಥೆಗಳು,Private educational institutions,ಸುನೀಲ್ ಕುಮಾರ್ ವಿ.,Sunil Kumar V 
2055,31/07/2013,ಪ್ರಾಥಮಿಕ ಮತ್ತು ಪೌಢಶಿಕ್ಷಣ,Primary and Secondary Education,ರಾಜ್ಯದಲ್ಲಿರುವ ಗೌರವ ಶಿಕ್ಷಕರ ಸಮಸ್ಯೆಗಳು,Honorary Teacher Issues in the State,ಸುನೀಲ್ ಕುಮಾರ್ ವಿ.,Sunil Kumar V 
2056,31/07/2013,ಪ್ರಾಥಮಿಕ ಮತ್ತು ಪೌಢಶಿಕ್ಷಣ,Primary and Secondary Education,ಕಡ್ಡಾಯ ಶಿಕ್ಷಣ ಹಕ್ಕು ಕಾಯ್ದೆ,Compulsory Education Rights Act,ಸುರೇಶ್ ಬಾಬು ಸಿ.ಬಿ.,Suresh Babu CB
2057,31/07/2013,ಪ್ರಾಥಮಿಕ ಮತ್ತು ಪೌಢಶಿಕ್ಷಣ,Primary and Secondary Education,ರಾಜ್ಯದಲ್ಲಿರುವ ಉರ್ದು ಶಾಲೆಗಳು,Urdu schools in the state,ತನ್ವೀರ್ ಸೇಠ್,Tanvir Seth
2058,31/07/2013,ವಸತಿ,Housing,ಆಶ್ರಯ ಯೋಜನೆ ಮನೆಗೆಳು,The shelter plan is home,ತನ್ವೀರ್ ಸೇಠ್,Tanvir Seth
2059,31/07/2013,ವಸತಿ,Housing,ವಸತಿ ಇಲಾಖೆಯಿಂದ ನಿರ್ಮಿಸುವ ಮನೆಗಳು,Housing Buildings Housing,ತಿಮ್ಮರಾಯಪ್ಪ ಕೆ.ಎಂ.,Thimarayayappa KM
2060,31/07/2013,ಪ್ರಾಥಮಿಕ ಮತ್ತು ಪೌಢಶಿಕ್ಷಣ,Primary and Secondary Education,ಶಿಕ್ಷಕರಿಗೆ ಮನೆ ಬಾಡಿಗೆ ಭತ್ಯೆ ಮತ್ತು ನಗರ ಪರಿಹಾರ ಭತ್ಯೆ ಮಂಜೂರು,Provide home rent allowance and city compensation allowance for teachers,ವಿಶ್ವನಾಥ್ ಎಸ್. ಆರ್.,Vishwanath S  R 
2061,31/07/2013,ಪ್ರಾಥಮಿಕ ಮತ್ತು ಪೌಢಶಿಕ್ಷಣ,Primary and Secondary Education,ಪದವಿ ಪೂರ್ವ ಕಾಲೇಜು ಮಂಜೂರು,Graduate College Allotted,ವಿಶ್ವನಾಥ್ ಎಸ್. ಆರ್.,Vishwanath S  R 
2062,31/07/2013,ಪ್ರಾಥಮಿಕ ಮತ್ತು ಪೌಢಶಿಕ್ಷಣ,Primary and Secondary Education,ಪದವಿ ಪೂರ್ವ ಕಾಲೇಜುಗಳ ಬೋಧಕ /ಬೋಧಕೇತರ ಸಿಬ್ಬಂದಿ ನೇಮಕ,Appointment of Pre-College / Non-teaching staff,ವಿಶ್ವನಾಥ್ ಪಾಟೀಲ್,Vishwanath Patil
2063,31/07/2013,ಗ್ರಾಮೀಣಾಭಿವೃದ್ದಿ ಮತ್ತು ಪಂಚಾಯತ್ ರಾಜ್,Rural Development and Panchayat Raj,ಬಹುಹಳ್ಳಿಯಿಂದ ಕುಡಿಯುವ ನೀರಿನ ಯೋಜನೆ,Drinking Water Scheme,ಯಶವಂತರಾಯ ವಿಠ್ಠಲಗೌಡ ಪಾಟೀಲ್,Yashavaraya Vitthal Gowda Patil
2064,31/07/2013,ಉನ್ನತ ಶಿಕ್ಷಣ,Higher education,ಪ್ರಥಮ ದರ್ಜೆ ಕಾಲೇಜುಗಳಿಗೆ ಕಟ್ಟಡ ಮತ್ತು ಮೂಲಭೂತ ಸೌಕರ್ಯ,Building and infrastructure for first-class colleges,ಯಶವಂತರಾಯ ವಿಠ್ಠಲಗೌಡ ಪಾಟೀಲ್,Yashavaraya Vitthal Gowda Patil
2065,31/07/2013,ಕನ್ನಡ ಮತ್ತು ಸಂಸ್ಕೃತಿ,Kannada and culture,ಗಡಿನಾಡ ಕನ್ನಡಿಗರ ಅಭಿವೃದ್ಧಿ,Development of Frontier Kannadigas,ಯಶವಂತರಾಯ ವಿಠ್ಠಲಗೌಡ ಪಾಟೀಲ್,Yashavaraya Vitthal Gowda Patil
2066,31/07/2013,ಪ್ರಾಥಮಿಕ ಮತ್ತು ಪೌಢಶಿಕ್ಷಣ,Primary and Secondary Education,ಸರ್ಕಾರಿ ಪದವಿ ಪೂರ್ವ ಕಾಲೇಜು ಮಂಜೂರಾತಿ,Government Graduate College Allowance,ಯಶವಂತರಾಯ ವಿಠ್ಠಲಗೌಡ ಪಾಟೀಲ್,Yashavaraya Vitthal Gowda Patil
2067,31/07/2013,ಪ್ರಾಥಮಿಕ ಮತ್ತು ಪೌಢಶಿಕ್ಷಣ,Primary and Secondary Education,ಶಾಲಾ ಕಾಲೇಜುಗಳಿಗೆ ಮೂಲಬೂತ ಸೌಕರ್ಯ,Basic Facilitation for School Colleges,ಯಶವಂತರಾಯ ವಿಠ್ಠಲಗೌಡ ಪಾಟೀಲ್,Yashavaraya Vitthal Gowda Patil