FIR_Number,Crime_Head,Applicable_Law,Section,MO_Description
FIR-936/2025-f20d,Cyber Crime,BNS 2023,283,Sent phishing link offering fake loan
FIR-392/2026-e99d,Theft,BNS 2023,362,Stole copper wires from a construction site in Tumakuru Town PS
FIR-883/2025-9372,Theft,BNS 2023,265,Pickpocketed mobile phone at a crowded market in Saraswathipuram PS
FIR-632/2025-ed77,Theft,BNS 2023,352,Pickpocketed mobile phone at a crowded market in Kuvempunagar PS
FIR-502/2025-a39c,Cheating,BNS 2023,309,Chit fund scam defrauding multiple investors in Tumakuru Town PS
FIR-961/2025-e510,NDPS,BNS 2023,245,Found possessing cocaine at a rave party in Kyathasandra PS
FIR-609/2025-6bae,Assault,BNS 2023,186,Physical altercation over property dispute in Devaraja PS
FIR-698/2026-84ab,Cheating,BNS 2023,387,Chit fund scam defrauding multiple investors in Tilakwadi PS
FIR-749/2025-abc6,Theft,BNS 2023,163,Stole copper wires from a construction site in Tumakuru Town PS
FIR-187/2026-d91c,Cheating,BNS 2023,356,Chit fund scam defrauding multiple investors in Malleswaram PS
FIR-472/2026-23d2,Theft,BNS 2023,347,Stole parked two-wheeler from Tilakwadi PS
FIR-666/2025-fd4a,NDPS,BNS 2023,120,Smuggling synthetic drugs in a hidden compartment near Khadebazar PS
FIR-591/2026-6de4,Murder,BNS 2023,294,Attacked with a sharp weapon at night near Kuvempunagar PS
FIR-623/2025-a466,Robbery,BNS 2023,339,Broke into house and stole valuables in Malleswaram PS
FIR-555/2026-e0c8,Robbery,BNS 2023,326,Broke into house and stole valuables in Kuvempunagar PS
FIR-988/2026-b66d,NDPS,BNS 2023,248,Caught selling marijuana packets near college in Belagavi Camp PS
FIR-918/2025-1e99,Robbery,BNS 2023,241,Threatened with a knife and stole wallet at Koramangala PS
FIR-450/2025-c5b1,Robbery,BNS 2023,286,Threatened with a knife and stole wallet at Belagavi Camp PS
FIR-891/2025-d1fe,POCSO,BNS 2023,142,Groomed minor over social media
FIR-881/2026-058b,Cyber Crime,BNS 2023,193,Romance scam on dating app leading to crypto transfer
FIR-455/2026-5480,Murder,BNS 2023,177,Poisoned during a family dispute at Kyathasandra PS
FIR-402/2026-b05e,Assault,BNS 2023,290,Group clash using sticks and stones in Devaraja PS
FIR-842/2026-7c37,Murder,BNS 2023,224,Attacked with a sharp weapon at night near Kyathasandra PS
FIR-150/2025-9737,Theft,BNS 2023,366,Pickpocketed mobile phone at a crowded market in Koramangala PS
FIR-556/2025-4e07,Murder,BNS 2023,107,Attacked with a sharp weapon at night near Kyathasandra PS
FIR-429/2026-2d47,Cheating,BNS 2023,315,Chit fund scam defrauding multiple investors in Kyathasandra PS
FIR-862/2026-b187,Murder,BNS 2023,367,Stabbed after a drunken brawl in Saraswathipuram PS
FIR-327/2025-a4db,Theft,BNS 2023,312,Stole copper wires from a construction site in Saraswathipuram PS
FIR-980/2025-7d33,POCSO,BNS 2023,137,Assaulted minor on the way to school near Khadebazar PS
FIR-809/2026-a581,Cheating,BNS 2023,115,Sold fake property documents to victim in Dharwad Suburban PS
FIR-231/2025-e7b6,Robbery,BNS 2023,203,Broke into house and stole valuables in Vidyanagar PS
FIR-101/2026-c5f2,Cheating,BNS 2023,378,Chit fund scam defrauding multiple investors in Tilakwadi PS
FIR-826/2026-4ce8,Murder,BNS 2023,384,Poisoned during a family dispute at Hubballi Town PS
FIR-219/2026-7aee,Assault,BNS 2023,190,Road rage incident leading to severe injuries near Saraswathipuram PS
FIR-686/2025-d1d1,Theft,BNS 2023,320,Stole copper wires from a construction site in Kyathasandra PS
FIR-148/2026-c25b,Cheating,BNS 2023,150,Chit fund scam defrauding multiple investors in Dharwad Suburban PS
FIR-579/2025-7427,POCSO,BNS 2023,143,Harassed minor in the neighborhood of Belagavi Camp PS
FIR-163/2026-4e19,Cheating,BNS 2023,256,Promised a job and took advance money in Tumakuru Town PS
FIR-777/2025-bca3,Robbery,BNS 2023,257,Broke into house and stole valuables in Dharwad Suburban PS
FIR-873/2025-ddc3,Cyber Crime,BNS 2023,173,Romance scam on dating app leading to crypto transfer
FIR-883/2026-2d06,Murder,BNS 2023,305,Stabbed after a drunken brawl in Dharwad Suburban PS
FIR-305/2026-0f29,Theft,BNS 2023,264,Pickpocketed mobile phone at a crowded market in Vidyanagar PS
FIR-552/2026-349d,Theft,BNS 2023,257,Stole copper wires from a construction site in Saraswathipuram PS
FIR-933/2025-02dd,Theft,BNS 2023,194,Stole copper wires from a construction site in Saraswathipuram PS
FIR-976/2026-1b2e,Murder,BNS 2023,303,Poisoned during a family dispute at Vidyanagar PS
FIR-235/2026-62a2,Robbery,BNS 2023,317,Snatched gold chain while victim was walking near Tilakwadi PS
FIR-519/2026-da4a,Cheating,BNS 2023,132,Chit fund scam defrauding multiple investors in Tumakuru Town PS
FIR-766/2026-5fa4,POCSO,BNS 2023,106,Assaulted minor on the way to school near Dharwad Suburban PS
FIR-330/2025-0539,Cheating,BNS 2023,205,Sold fake property documents to victim in Indiranagar PS
FIR-933/2026-7624,Cheating,BNS 2023,140,Chit fund scam defrauding multiple investors in Dharwad Suburban PS
FIR-170/2025-84a9,NDPS,BNS 2023,178,Found possessing cocaine at a rave party in Hubballi Town PS
FIR-248/2026-c3ae,Assault,BNS 2023,315,Physical altercation over property dispute in Kuvempunagar PS
FIR-629/2026-660f,Assault,BNS 2023,221,Road rage incident leading to severe injuries near Koramangala PS
FIR-442/2025-1864,Assault,BNS 2023,210,Group clash using sticks and stones in Belagavi Camp PS
FIR-721/2026-18b6,Assault,BNS 2023,377,Physical altercation over property dispute in Khadebazar PS
FIR-481/2026-9c42,Cheating,BNS 2023,330,Promised a job and took advance money in Devaraja PS
FIR-383/2025-4873,Assault,BNS 2023,190,Physical altercation over property dispute in Cubbon Park PS
FIR-953/2025-9233,NDPS,BNS 2023,356,Found possessing cocaine at a rave party in Vidyanagar PS
FIR-340/2025-96fa,Cheating,BNS 2023,328,Sold fake property documents to victim in Devaraja PS
FIR-587/2025-f705,Murder,BNS 2023,100,Stabbed after a drunken brawl in Belagavi Camp PS
FIR-966/2025-70c1,Assault,BNS 2023,147,Group clash using sticks and stones in Dharwad Suburban PS
FIR-580/2025-11aa,Assault,BNS 2023,130,Group clash using sticks and stones in Hubballi Town PS
FIR-692/2026-d6ca,Murder,BNS 2023,146,Poisoned during a family dispute at Dharwad Suburban PS
FIR-520/2026-74af,Murder,BNS 2023,261,Attacked with a sharp weapon at night near Khadebazar PS
FIR-260/2025-21f8,Robbery,BNS 2023,391,Threatened with a knife and stole wallet at Saraswathipuram PS
FIR-635/2025-7d8d,Murder,BNS 2023,298,Poisoned during a family dispute at Cubbon Park PS
FIR-493/2025-2072,NDPS,BNS 2023,189,Caught selling marijuana packets near college in Khadebazar PS
FIR-387/2025-d678,POCSO,BNS 2023,393,Harassed minor in the neighborhood of Hubballi Town PS
FIR-147/2026-0e4b,POCSO,BNS 2023,318,Harassed minor in the neighborhood of Saraswathipuram PS
FIR-883/2025-13ac,Cheating,BNS 2023,291,Chit fund scam defrauding multiple investors in Indiranagar PS
FIR-156/2026-6826,Cheating,BNS 2023,114,Sold fake property documents to victim in Tilakwadi PS
FIR-547/2026-d604,Cyber Crime,BNS 2023,324,Sent phishing link offering fake loan
FIR-661/2025-15b5,Robbery,BNS 2023,258,Threatened with a knife and stole wallet at Tilakwadi PS
FIR-930/2026-2f6e,Assault,BNS 2023,230,Road rage incident leading to severe injuries near Vidyanagar PS
FIR-135/2025-d214,Murder,BNS 2023,326,Poisoned during a family dispute at Dharwad Suburban PS
FIR-578/2025-10a9,Murder,BNS 2023,312,Poisoned during a family dispute at Indiranagar PS
FIR-960/2026-9f7a,Murder,BNS 2023,341,Stabbed after a drunken brawl in Tumakuru Town PS
FIR-119/2025-2f42,Murder,BNS 2023,399,Poisoned during a family dispute at Malleswaram PS
FIR-564/2025-1571,Cheating,BNS 2023,317,Promised a job and took advance money in Dharwad Suburban PS
FIR-645/2026-a233,NDPS,BNS 2023,294,Smuggling synthetic drugs in a hidden compartment near Khadebazar PS
FIR-278/2025-9aa8,Cheating,BNS 2023,264,Promised a job and took advance money in Tilakwadi PS
FIR-162/2025-a950,Cheating,BNS 2023,196,Sold fake property documents to victim in Koramangala PS
FIR-691/2026-c157,Murder,BNS 2023,335,Stabbed after a drunken brawl in Tilakwadi PS
FIR-594/2026-17de,Murder,BNS 2023,237,Attacked with a sharp weapon at night near Tumakuru Town PS
FIR-516/2026-c501,Murder,BNS 2023,306,Stabbed after a drunken brawl in Belagavi Camp PS
FIR-309/2025-34a7,Theft,BNS 2023,193,Stole copper wires from a construction site in Kyathasandra PS
FIR-786/2025-3115,Cyber Crime,BNS 2023,144,Tricked victim into sharing OTP over phone call
FIR-623/2025-3a24,NDPS,BNS 2023,221,Found possessing cocaine at a rave party in Dharwad Suburban PS
FIR-746/2025-4a6d,Cyber Crime,BNS 2023,369,Romance scam on dating app leading to crypto transfer
FIR-706/2025-a0f0,Cyber Crime,BNS 2023,163,Tricked victim into sharing OTP over phone call
FIR-950/2026-0951,Theft,BNS 2023,157,Stole copper wires from a construction site in Cubbon Park PS
FIR-219/2026-e5f7,Murder,BNS 2023,166,Poisoned during a family dispute at Koramangala PS
FIR-544/2026-63c2,Theft,BNS 2023,349,Stole parked two-wheeler from Khadebazar PS
FIR-443/2026-42c5,NDPS,BNS 2023,225,Found possessing cocaine at a rave party in Kyathasandra PS
FIR-725/2026-eb73,Robbery,BNS 2023,224,Threatened with a knife and stole wallet at Koramangala PS
FIR-916/2026-4590,Murder,BNS 2023,394,Attacked with a sharp weapon at night near Indiranagar PS
FIR-276/2025-e4e2,Assault,BNS 2023,352,Road rage incident leading to severe injuries near Indiranagar PS
FIR-158/2026-79f5,Robbery,BNS 2023,167,Threatened with a knife and stole wallet at Tumakuru Town PS
FIR-281/2025-f461,Cyber Crime,BNS 2023,354,Romance scam on dating app leading to crypto transfer
FIR-181/2026-e83e,NDPS,BNS 2023,300,Found possessing cocaine at a rave party in Tumakuru Town PS
FIR-665/2026-9bc3,Robbery,BNS 2023,351,Snatched gold chain while victim was walking near Saraswathipuram PS
FIR-222/2026-7bf7,NDPS,BNS 2023,380,Caught selling marijuana packets near college in Dharwad Suburban PS
FIR-258/2025-b0db,Cyber Crime,BNS 2023,267,Sent phishing link offering fake loan
FIR-345/2025-c33b,Murder,BNS 2023,297,Attacked with a sharp weapon at night near Belagavi Camp PS
FIR-787/2026-642f,Murder,BNS 2023,318,Poisoned during a family dispute at Devaraja PS
FIR-227/2026-2e71,Assault,BNS 2023,325,Physical altercation over property dispute in Kyathasandra PS
FIR-217/2026-e953,Cheating,BNS 2023,281,Promised a job and took advance money in Tilakwadi PS
FIR-254/2026-d576,NDPS,BNS 2023,280,Found possessing cocaine at a rave party in Khadebazar PS
FIR-590/2025-fb67,Cheating,BNS 2023,157,Sold fake property documents to victim in Belagavi Camp PS
FIR-414/2026-d68c,Assault,BNS 2023,392,Group clash using sticks and stones in Kyathasandra PS
FIR-285/2026-1c4e,Cyber Crime,BNS 2023,188,Tricked victim into sharing OTP over phone call
FIR-895/2025-2c04,NDPS,BNS 2023,133,Caught selling marijuana packets near college in Devaraja PS
FIR-453/2025-ad0a,Robbery,BNS 2023,336,Broke into house and stole valuables in Tumakuru Town PS
FIR-266/2026-e172,Assault,BNS 2023,105,Physical altercation over property dispute in Kuvempunagar PS
FIR-223/2025-e63e,Murder,BNS 2023,182,Stabbed after a drunken brawl in Devaraja PS
FIR-701/2026-49eb,Assault,BNS 2023,203,Road rage incident leading to severe injuries near Tilakwadi PS
FIR-101/2026-c4fc,Theft,BNS 2023,226,Stole parked two-wheeler from Belagavi Camp PS
FIR-474/2026-e4dd,Cheating,BNS 2023,245,Promised a job and took advance money in Saraswathipuram PS
FIR-462/2026-32cb,Theft,BNS 2023,121,Stole copper wires from a construction site in Hubballi Town PS
FIR-107/2026-8908,Cyber Crime,BNS 2023,312,Tricked victim into sharing OTP over phone call
FIR-515/2025-323c,Cheating,BNS 2023,139,Chit fund scam defrauding multiple investors in Malleswaram PS
FIR-427/2026-082d,Robbery,BNS 2023,136,Broke into house and stole valuables in Devaraja PS
FIR-838/2025-5f1c,Robbery,BNS 2023,285,Broke into house and stole valuables in Kyathasandra PS
FIR-931/2025-1041,Cheating,BNS 2023,250,Promised a job and took advance money in Saraswathipuram PS
FIR-906/2026-e3cf,Murder,BNS 2023,135,Stabbed after a drunken brawl in Kyathasandra PS
FIR-762/2025-8b5f,POCSO,BNS 2023,231,Assaulted minor on the way to school near Kyathasandra PS
FIR-761/2026-2233,Robbery,BNS 2023,205,Snatched gold chain while victim was walking near Kyathasandra PS
FIR-580/2025-47d9,Cyber Crime,BNS 2023,252,Tricked victim into sharing OTP over phone call
FIR-776/2026-0385,Assault,BNS 2023,395,Road rage incident leading to severe injuries near Tumakuru Town PS
FIR-767/2025-32b8,Cheating,BNS 2023,290,Chit fund scam defrauding multiple investors in Devaraja PS
FIR-768/2026-1612,Cyber Crime,BNS 2023,326,Sent phishing link offering fake loan
FIR-821/2025-3852,Cyber Crime,BNS 2023,206,Romance scam on dating app leading to crypto transfer
FIR-502/2025-32d4,Theft,BNS 2023,229,Stole copper wires from a construction site in Dharwad Suburban PS
FIR-259/2025-ff15,Theft,BNS 2023,258,Pickpocketed mobile phone at a crowded market in Devaraja PS
FIR-267/2025-f8ef,Cheating,BNS 2023,146,Sold fake property documents to victim in Kyathasandra PS
FIR-593/2025-c081,POCSO,BNS 2023,318,Harassed minor in the neighborhood of Khadebazar PS
FIR-683/2025-872c,NDPS,BNS 2023,303,Found possessing cocaine at a rave party in Dharwad Suburban PS
FIR-702/2026-f443,Assault,BNS 2023,279,Group clash using sticks and stones in Kuvempunagar PS
FIR-766/2026-60f9,Assault,BNS 2023,148,Road rage incident leading to severe injuries near Cubbon Park PS
FIR-825/2025-0bca,Cheating,BNS 2023,321,Chit fund scam defrauding multiple investors in Koramangala PS
FIR-999/2026-28ee,Assault,BNS 2023,219,Road rage incident leading to severe injuries near Kyathasandra PS
FIR-392/2026-8d8b,Robbery,BNS 2023,348,Snatched gold chain while victim was walking near Kyathasandra PS
FIR-796/2025-4ec1,Assault,BNS 2023,114,Road rage incident leading to severe injuries near Vidyanagar PS
FIR-358/2025-0ecf,Cyber Crime,BNS 2023,146,Tricked victim into sharing OTP over phone call
FIR-935/2026-33cc,NDPS,BNS 2023,348,Found possessing cocaine at a rave party in Khadebazar PS
FIR-234/2026-7ba1,Cheating,BNS 2023,220,Sold fake property documents to victim in Kyathasandra PS
FIR-431/2026-16a4,NDPS,BNS 2023,337,Caught selling marijuana packets near college in Khadebazar PS
FIR-677/2026-27d3,Theft,BNS 2023,383,Pickpocketed mobile phone at a crowded market in Malleswaram PS
FIR-344/2025-a6a2,Theft,BNS 2023,111,Stole copper wires from a construction site in Cubbon Park PS
FIR-973/2025-df50,Theft,BNS 2023,315,Stole copper wires from a construction site in Kyathasandra PS
FIR-718/2025-81d1,POCSO,BNS 2023,384,Assaulted minor on the way to school near Khadebazar PS
FIR-224/2026-6a65,Murder,BNS 2023,114,Attacked with a sharp weapon at night near Dharwad Suburban PS
FIR-207/2026-eee6,Cheating,BNS 2023,327,Promised a job and took advance money in Tumakuru Town PS
FIR-873/2026-de59,Murder,BNS 2023,383,Poisoned during a family dispute at Kuvempunagar PS
FIR-410/2026-c1f3,Assault,BNS 2023,316,Physical altercation over property dispute in Cubbon Park PS
FIR-340/2025-2bca,NDPS,BNS 2023,102,Found possessing cocaine at a rave party in Vidyanagar PS
FIR-139/2025-4081,POCSO,BNS 2023,183,Assaulted minor on the way to school near Koramangala PS
FIR-269/2025-352a,Robbery,BNS 2023,323,Snatched gold chain while victim was walking near Belagavi Camp PS
FIR-372/2025-d776,Cyber Crime,BNS 2023,109,Romance scam on dating app leading to crypto transfer
FIR-718/2026-ee88,Cyber Crime,BNS 2023,217,Sent phishing link offering fake loan
FIR-552/2025-fe6a,Assault,BNS 2023,288,Group clash using sticks and stones in Hubballi Town PS
FIR-824/2026-b51d,Cheating,BNS 2023,331,Promised a job and took advance money in Hubballi Town PS
FIR-927/2026-0931,NDPS,BNS 2023,127,Caught selling marijuana packets near college in Vidyanagar PS
FIR-738/2026-7647,NDPS,BNS 2023,266,Caught selling marijuana packets near college in Tumakuru Town PS
FIR-728/2025-e0fd,Cyber Crime,BNS 2023,177,Romance scam on dating app leading to crypto transfer
FIR-511/2026-0cda,Cheating,BNS 2023,147,Sold fake property documents to victim in Devaraja PS
FIR-527/2026-6596,Theft,BNS 2023,184,Stole parked two-wheeler from Vidyanagar PS
FIR-617/2025-2ed6,Theft,BNS 2023,398,Pickpocketed mobile phone at a crowded market in Saraswathipuram PS
FIR-134/2025-f059,Robbery,BNS 2023,181,Broke into house and stole valuables in Kyathasandra PS
FIR-412/2025-6487,NDPS,BNS 2023,316,Found possessing cocaine at a rave party in Devaraja PS
FIR-116/2025-3302,Cyber Crime,BNS 2023,155,Tricked victim into sharing OTP over phone call
FIR-621/2025-8b46,NDPS,BNS 2023,179,Smuggling synthetic drugs in a hidden compartment near Tumakuru Town PS
FIR-543/2025-6c4e,POCSO,BNS 2023,273,Groomed minor over social media
FIR-256/2025-d4d0,Murder,BNS 2023,221,Stabbed after a drunken brawl in Kuvempunagar PS
FIR-704/2025-4b0b,POCSO,BNS 2023,286,Groomed minor over social media
FIR-201/2025-d2d4,NDPS,BNS 2023,334,Found possessing cocaine at a rave party in Indiranagar PS
FIR-812/2025-3f14,NDPS,BNS 2023,148,Caught selling marijuana packets near college in Kyathasandra PS
FIR-626/2025-785e,Cyber Crime,BNS 2023,355,Tricked victim into sharing OTP over phone call
FIR-217/2025-7a7e,Robbery,BNS 2023,240,Threatened with a knife and stole wallet at Malleswaram PS
FIR-450/2025-7a7c,Theft,BNS 2023,263,Pickpocketed mobile phone at a crowded market in Malleswaram PS
FIR-519/2026-7fc9,Robbery,BNS 2023,389,Threatened with a knife and stole wallet at Khadebazar PS
FIR-485/2026-5a68,Cheating,BNS 2023,228,Chit fund scam defrauding multiple investors in Vidyanagar PS
FIR-720/2025-da61,POCSO,BNS 2023,235,Harassed minor in the neighborhood of Indiranagar PS
FIR-692/2025-0ddf,Cheating,BNS 2023,188,Sold fake property documents to victim in Kyathasandra PS
FIR-342/2025-59f4,NDPS,BNS 2023,367,Caught selling marijuana packets near college in Tumakuru Town PS
FIR-231/2025-3876,Assault,BNS 2023,210,Group clash using sticks and stones in Hubballi Town PS
FIR-838/2025-2ecd,NDPS,BNS 2023,339,Smuggling synthetic drugs in a hidden compartment near Tumakuru Town PS
FIR-352/2025-cb33,Robbery,BNS 2023,261,Snatched gold chain while victim was walking near Malleswaram PS
FIR-926/2025-d181,NDPS,BNS 2023,294,Found possessing cocaine at a rave party in Khadebazar PS
FIR-802/2026-17a3,POCSO,BNS 2023,142,Groomed minor over social media
FIR-336/2026-7009,Murder,BNS 2023,147,Attacked with a sharp weapon at night near Vidyanagar PS
FIR-879/2025-53c5,NDPS,BNS 2023,369,Caught selling marijuana packets near college in Kuvempunagar PS
FIR-346/2026-3f46,Assault,BNS 2023,394,Physical altercation over property dispute in Koramangala PS
FIR-746/2025-c30c,NDPS,BNS 2023,154,Smuggling synthetic drugs in a hidden compartment near Cubbon Park PS
FIR-675/2026-5287,Cheating,BNS 2023,207,Promised a job and took advance money in Kyathasandra PS
FIR-115/2025-eebe,POCSO,BNS 2023,386,Groomed minor over social media
FIR-638/2025-6e45,Cheating,BNS 2023,393,Sold fake property documents to victim in Koramangala PS
FIR-471/2026-5063,POCSO,BNS 2023,275,Groomed minor over social media
FIR-983/2025-6e69,Assault,BNS 2023,319,Physical altercation over property dispute in Tumakuru Town PS
FIR-674/2026-a0d2,POCSO,BNS 2023,342,Assaulted minor on the way to school near Saraswathipuram PS
FIR-602/2026-263f,Theft,BNS 2023,253,Stole parked two-wheeler from Indiranagar PS
FIR-906/2025-3a0a,NDPS,BNS 2023,140,Caught selling marijuana packets near college in Hubballi Town PS
FIR-512/2025-cefc,Cyber Crime,BNS 2023,153,Tricked victim into sharing OTP over phone call
FIR-307/2026-51d0,NDPS,BNS 2023,321,Found possessing cocaine at a rave party in Kyathasandra PS
FIR-892/2026-b2bd,Cyber Crime,BNS 2023,204,Tricked victim into sharing OTP over phone call
FIR-715/2026-5fa8,NDPS,BNS 2023,122,Smuggling synthetic drugs in a hidden compartment near Saraswathipuram PS
FIR-550/2026-77e1,Cheating,BNS 2023,199,Sold fake property documents to victim in Malleswaram PS
FIR-805/2026-63f0,Assault,BNS 2023,168,Group clash using sticks and stones in Devaraja PS
FIR-672/2026-7b4d,Cyber Crime,BNS 2023,342,Sent phishing link offering fake loan
FIR-215/2025-0f6f,NDPS,BNS 2023,253,Found possessing cocaine at a rave party in Kuvempunagar PS
FIR-412/2025-63e4,Cheating,BNS 2023,392,Sold fake property documents to victim in Tilakwadi PS
FIR-961/2025-71c6,Cyber Crime,BNS 2023,235,Tricked victim into sharing OTP over phone call
FIR-277/2026-7390,NDPS,BNS 2023,131,Found possessing cocaine at a rave party in Tilakwadi PS
FIR-194/2025-a3f7,Cheating,BNS 2023,298,Chit fund scam defrauding multiple investors in Dharwad Suburban PS
FIR-296/2026-a143,Robbery,BNS 2023,101,Snatched gold chain while victim was walking near Koramangala PS
FIR-668/2025-938d,Theft,BNS 2023,350,Pickpocketed mobile phone at a crowded market in Dharwad Suburban PS
FIR-588/2025-5611,Robbery,BNS 2023,225,Snatched gold chain while victim was walking near Belagavi Camp PS
FIR-823/2026-65c9,Assault,BNS 2023,213,Physical altercation over property dispute in Khadebazar PS
FIR-693/2026-f287,Murder,BNS 2023,343,Stabbed after a drunken brawl in Tilakwadi PS
FIR-996/2025-ac63,Murder,BNS 2023,211,Stabbed after a drunken brawl in Tumakuru Town PS
FIR-892/2025-cc7a,POCSO,BNS 2023,188,Assaulted minor on the way to school near Koramangala PS
FIR-601/2025-c1ac,POCSO,BNS 2023,116,Harassed minor in the neighborhood of Saraswathipuram PS
FIR-793/2025-7a21,POCSO,BNS 2023,275,Groomed minor over social media
FIR-113/2025-747a,Assault,BNS 2023,176,Group clash using sticks and stones in Tumakuru Town PS
FIR-912/2026-f715,Assault,BNS 2023,336,Road rage incident leading to severe injuries near Khadebazar PS
FIR-223/2026-becb,Cyber Crime,BNS 2023,209,Romance scam on dating app leading to crypto transfer
FIR-558/2026-4d37,Murder,BNS 2023,200,Stabbed after a drunken brawl in Devaraja PS
FIR-778/2025-7c89,Cheating,BNS 2023,170,Sold fake property documents to victim in Devaraja PS
FIR-864/2026-0803,Robbery,BNS 2023,180,Snatched gold chain while victim was walking near Dharwad Suburban PS
FIR-359/2026-5722,NDPS,BNS 2023,243,Found possessing cocaine at a rave party in Indiranagar PS
FIR-136/2025-c1d5,Assault,BNS 2023,146,Road rage incident leading to severe injuries near Tumakuru Town PS
FIR-353/2025-267b,Robbery,BNS 2023,127,Snatched gold chain while victim was walking near Kyathasandra PS
FIR-198/2026-c6f9,Murder,BNS 2023,307,Poisoned during a family dispute at Saraswathipuram PS
FIR-552/2026-b42c,Assault,BNS 2023,218,Group clash using sticks and stones in Tilakwadi PS
FIR-814/2025-a98d,Cyber Crime,BNS 2023,183,Romance scam on dating app leading to crypto transfer
FIR-290/2025-da06,Murder,BNS 2023,218,Poisoned during a family dispute at Tilakwadi PS
FIR-818/2026-8754,Assault,BNS 2023,155,Physical altercation over property dispute in Kuvempunagar PS
FIR-905/2025-b826,Robbery,BNS 2023,248,Threatened with a knife and stole wallet at Kyathasandra PS
FIR-346/2025-6642,NDPS,BNS 2023,213,Smuggling synthetic drugs in a hidden compartment near Kuvempunagar PS
FIR-176/2026-406a,Murder,BNS 2023,294,Poisoned during a family dispute at Koramangala PS
FIR-331/2026-131a,Assault,BNS 2023,293,Group clash using sticks and stones in Kuvempunagar PS
FIR-925/2025-1730,NDPS,BNS 2023,213,Found possessing cocaine at a rave party in Tumakuru Town PS
FIR-375/2025-1bdf,Theft,BNS 2023,163,Stole parked two-wheeler from Khadebazar PS
FIR-463/2026-8e38,Cyber Crime,BNS 2023,103,Tricked victim into sharing OTP over phone call
FIR-950/2026-73fb,Murder,BNS 2023,196,Poisoned during a family dispute at Dharwad Suburban PS
FIR-576/2025-0aef,Assault,BNS 2023,105,Road rage incident leading to severe injuries near Belagavi Camp PS
FIR-467/2026-25e1,Assault,BNS 2023,369,Group clash using sticks and stones in Indiranagar PS
FIR-681/2026-8c54,Cyber Crime,BNS 2023,376,Romance scam on dating app leading to crypto transfer
FIR-869/2026-60f0,NDPS,BNS 2023,123,Found possessing cocaine at a rave party in Kyathasandra PS
FIR-443/2025-9eca,Cyber Crime,BNS 2023,229,Romance scam on dating app leading to crypto transfer
FIR-812/2026-fa3c,Theft,BNS 2023,182,Stole copper wires from a construction site in Khadebazar PS
FIR-327/2025-1830,NDPS,BNS 2023,385,Caught selling marijuana packets near college in Malleswaram PS
FIR-377/2025-a6c6,Cyber Crime,BNS 2023,320,Romance scam on dating app leading to crypto transfer
FIR-398/2025-520d,Cheating,BNS 2023,150,Promised a job and took advance money in Cubbon Park PS
FIR-348/2025-90ac,Cheating,BNS 2023,373,Sold fake property documents to victim in Khadebazar PS
FIR-440/2026-9f06,Cyber Crime,BNS 2023,207,Tricked victim into sharing OTP over phone call
FIR-947/2025-823d,Murder,BNS 2023,353,Stabbed after a drunken brawl in Tumakuru Town PS
FIR-909/2025-d173,Murder,BNS 2023,359,Attacked with a sharp weapon at night near Khadebazar PS
FIR-135/2026-1e7b,Murder,BNS 2023,261,Poisoned during a family dispute at Koramangala PS
FIR-648/2025-2cd7,POCSO,BNS 2023,308,Harassed minor in the neighborhood of Kuvempunagar PS
FIR-300/2025-4311,Murder,BNS 2023,392,Attacked with a sharp weapon at night near Kyathasandra PS
FIR-103/2026-ae90,Assault,BNS 2023,311,Road rage incident leading to severe injuries near Dharwad Suburban PS
FIR-435/2026-adfd,Cheating,BNS 2023,104,Sold fake property documents to victim in Devaraja PS
FIR-401/2026-0af9,Robbery,BNS 2023,380,Broke into house and stole valuables in Vidyanagar PS
FIR-674/2025-d84d,Robbery,BNS 2023,264,Threatened with a knife and stole wallet at Hubballi Town PS
FIR-123/2026-3ae9,Murder,BNS 2023,342,Poisoned during a family dispute at Kuvempunagar PS
FIR-202/2025-cd90,Assault,BNS 2023,152,Group clash using sticks and stones in Kyathasandra PS
FIR-220/2026-0988,Cheating,BNS 2023,290,Chit fund scam defrauding multiple investors in Hubballi Town PS
FIR-648/2025-51a5,Theft,BNS 2023,375,Pickpocketed mobile phone at a crowded market in Kyathasandra PS
FIR-544/2026-13dd,NDPS,BNS 2023,348,Found possessing cocaine at a rave party in Indiranagar PS
FIR-256/2026-5a04,Robbery,BNS 2023,198,Threatened with a knife and stole wallet at Tumakuru Town PS
FIR-659/2026-0dda,Cyber Crime,BNS 2023,340,Tricked victim into sharing OTP over phone call
FIR-878/2026-88f4,Murder,BNS 2023,266,Attacked with a sharp weapon at night near Kyathasandra PS
FIR-937/2026-23e3,Cyber Crime,BNS 2023,378,Tricked victim into sharing OTP over phone call
FIR-647/2026-2c94,NDPS,BNS 2023,381,Found possessing cocaine at a rave party in Kyathasandra PS
FIR-102/2026-3979,Assault,BNS 2023,114,Physical altercation over property dispute in Devaraja PS
FIR-631/2025-a09d,Cheating,BNS 2023,355,Chit fund scam defrauding multiple investors in Koramangala PS
FIR-830/2026-f4ab,POCSO,BNS 2023,166,Assaulted minor on the way to school near Kyathasandra PS
FIR-122/2026-3ad9,NDPS,BNS 2023,227,Caught selling marijuana packets near college in Vidyanagar PS
FIR-396/2025-dd1c,Cheating,BNS 2023,104,Promised a job and took advance money in Hubballi Town PS
FIR-602/2025-03bf,POCSO,BNS 2023,351,Harassed minor in the neighborhood of Kuvempunagar PS
FIR-409/2025-0c4d,NDPS,BNS 2023,356,Smuggling synthetic drugs in a hidden compartment near Saraswathipuram PS
FIR-533/2025-5371,Cheating,BNS 2023,224,Sold fake property documents to victim in Tilakwadi PS
FIR-998/2025-dff5,POCSO,BNS 2023,349,Groomed minor over social media
FIR-584/2026-ce39,Cheating,BNS 2023,245,Chit fund scam defrauding multiple investors in Malleswaram PS
FIR-654/2025-742f,Cheating,BNS 2023,214,Sold fake property documents to victim in Belagavi Camp PS
FIR-788/2025-d619,Cyber Crime,BNS 2023,265,Sent phishing link offering fake loan
FIR-474/2026-2558,Murder,BNS 2023,209,Stabbed after a drunken brawl in Malleswaram PS
FIR-284/2025-2a8a,NDPS,BNS 2023,378,Smuggling synthetic drugs in a hidden compartment near Dharwad Suburban PS
FIR-119/2026-e341,Robbery,BNS 2023,342,Snatched gold chain while victim was walking near Vidyanagar PS
FIR-893/2026-a837,NDPS,BNS 2023,393,Caught selling marijuana packets near college in Vidyanagar PS
FIR-165/2025-8a31,NDPS,BNS 2023,387,Smuggling synthetic drugs in a hidden compartment near Saraswathipuram PS
FIR-185/2026-4fdf,POCSO,BNS 2023,123,Groomed minor over social media
FIR-356/2026-0f2c,Theft,BNS 2023,343,Stole copper wires from a construction site in Malleswaram PS
FIR-207/2026-4d4f,Cyber Crime,BNS 2023,121,Sent phishing link offering fake loan
FIR-357/2026-9de5,Cyber Crime,BNS 2023,332,Sent phishing link offering fake loan
FIR-509/2026-fd13,POCSO,BNS 2023,378,Harassed minor in the neighborhood of Kyathasandra PS
FIR-263/2026-e8e7,Cheating,BNS 2023,330,Promised a job and took advance money in Saraswathipuram PS
FIR-812/2025-a714,Cheating,BNS 2023,150,Chit fund scam defrauding multiple investors in Koramangala PS
FIR-789/2025-708a,Robbery,BNS 2023,150,Snatched gold chain while victim was walking near Malleswaram PS
FIR-976/2025-009c,Cheating,BNS 2023,287,Chit fund scam defrauding multiple investors in Belagavi Camp PS
FIR-448/2026-5370,Robbery,BNS 2023,204,Snatched gold chain while victim was walking near Khadebazar PS
FIR-777/2025-98fa,POCSO,BNS 2023,375,Assaulted minor on the way to school near Kuvempunagar PS
FIR-904/2026-10ee,Murder,BNS 2023,377,Stabbed after a drunken brawl in Vidyanagar PS
FIR-975/2025-f584,Theft,BNS 2023,146,Stole parked two-wheeler from Cubbon Park PS
FIR-971/2026-f0f6,POCSO,BNS 2023,326,Assaulted minor on the way to school near Cubbon Park PS
FIR-861/2026-4f4d,NDPS,BNS 2023,238,Smuggling synthetic drugs in a hidden compartment near Kyathasandra PS
FIR-603/2026-6ec7,Cyber Crime,BNS 2023,312,Romance scam on dating app leading to crypto transfer
FIR-703/2026-62a4,NDPS,BNS 2023,160,Caught selling marijuana packets near college in Kuvempunagar PS
FIR-480/2025-0597,Murder,BNS 2023,285,Stabbed after a drunken brawl in Tumakuru Town PS
FIR-698/2025-74bb,Assault,BNS 2023,187,Road rage incident leading to severe injuries near Saraswathipuram PS
FIR-319/2026-0498,POCSO,BNS 2023,152,Groomed minor over social media
FIR-349/2026-2373,Theft,BNS 2023,193,Stole parked two-wheeler from Belagavi Camp PS
FIR-743/2025-f25f,Assault,BNS 2023,240,Road rage incident leading to severe injuries near Saraswathipuram PS
FIR-733/2026-1ee2,Cyber Crime,BNS 2023,219,Sent phishing link offering fake loan
FIR-168/2025-e6cd,Cyber Crime,BNS 2023,261,Romance scam on dating app leading to crypto transfer
FIR-983/2026-bfac,Robbery,BNS 2023,129,Threatened with a knife and stole wallet at Saraswathipuram PS
FIR-380/2026-c9aa,NDPS,BNS 2023,264,Smuggling synthetic drugs in a hidden compartment near Hubballi Town PS
FIR-819/2025-cdf5,POCSO,BNS 2023,110,Assaulted minor on the way to school near Tumakuru Town PS
FIR-144/2026-2c1c,Assault,BNS 2023,129,Group clash using sticks and stones in Dharwad Suburban PS
FIR-421/2025-8d60,Robbery,BNS 2023,353,Broke into house and stole valuables in Saraswathipuram PS
FIR-375/2026-bacb,Cyber Crime,BNS 2023,249,Romance scam on dating app leading to crypto transfer
FIR-746/2026-efd3,NDPS,BNS 2023,380,Found possessing cocaine at a rave party in Koramangala PS
FIR-849/2026-567d,Cheating,BNS 2023,380,Promised a job and took advance money in Tilakwadi PS
FIR-966/2026-fdb7,NDPS,BNS 2023,179,Found possessing cocaine at a rave party in Dharwad Suburban PS
FIR-413/2026-5dd4,Assault,BNS 2023,183,Group clash using sticks and stones in Tumakuru Town PS
FIR-663/2025-53ac,Murder,BNS 2023,392,Stabbed after a drunken brawl in Koramangala PS
FIR-847/2026-921c,Robbery,BNS 2023,129,Broke into house and stole valuables in Dharwad Suburban PS
FIR-363/2025-ded5,Cyber Crime,BNS 2023,168,Sent phishing link offering fake loan
FIR-556/2026-a7e0,Theft,BNS 2023,105,Stole parked two-wheeler from Khadebazar PS
FIR-764/2026-f46e,Assault,BNS 2023,394,Physical altercation over property dispute in Tumakuru Town PS
FIR-170/2026-e52e,POCSO,BNS 2023,262,Harassed minor in the neighborhood of Khadebazar PS
FIR-402/2025-690d,Robbery,BNS 2023,375,Snatched gold chain while victim was walking near Saraswathipuram PS
FIR-821/2026-430c,Theft,BNS 2023,313,Stole parked two-wheeler from Kyathasandra PS
FIR-724/2026-bc25,Robbery,BNS 2023,261,Snatched gold chain while victim was walking near Kuvempunagar PS
FIR-251/2025-3bcf,POCSO,BNS 2023,142,Harassed minor in the neighborhood of Kyathasandra PS
FIR-192/2025-428b,Cheating,BNS 2023,109,Promised a job and took advance money in Dharwad Suburban PS
FIR-382/2026-3109,Robbery,BNS 2023,303,Threatened with a knife and stole wallet at Belagavi Camp PS
FIR-116/2026-b83f,Cheating,BNS 2023,293,Chit fund scam defrauding multiple investors in Tilakwadi PS
FIR-140/2025-68d7,Cheating,BNS 2023,399,Promised a job and took advance money in Tumakuru Town PS
FIR-914/2025-e8d5,Cheating,BNS 2023,368,Promised a job and took advance money in Tumakuru Town PS
FIR-985/2026-be74,Cheating,BNS 2023,118,Chit fund scam defrauding multiple investors in Tilakwadi PS
FIR-112/2026-29bf,Assault,BNS 2023,359,Road rage incident leading to severe injuries near Kuvempunagar PS
FIR-266/2025-3c01,Assault,BNS 2023,218,Physical altercation over property dispute in Vidyanagar PS
FIR-675/2025-157c,NDPS,BNS 2023,221,Caught selling marijuana packets near college in Kuvempunagar PS
FIR-169/2026-4b1f,Assault,BNS 2023,240,Road rage incident leading to severe injuries near Tumakuru Town PS
FIR-547/2025-6414,Robbery,BNS 2023,332,Threatened with a knife and stole wallet at Indiranagar PS
FIR-505/2026-5c15,Cheating,BNS 2023,191,Promised a job and took advance money in Tilakwadi PS
FIR-850/2025-96c8,Cheating,BNS 2023,148,Promised a job and took advance money in Vidyanagar PS
FIR-900/2026-0338,NDPS,BNS 2023,389,Found possessing cocaine at a rave party in Cubbon Park PS
FIR-938/2025-c372,Cheating,BNS 2023,165,Sold fake property documents to victim in Tilakwadi PS
FIR-977/2025-fdc5,POCSO,BNS 2023,387,Harassed minor in the neighborhood of Malleswaram PS
FIR-276/2026-083a,POCSO,BNS 2023,216,Harassed minor in the neighborhood of Kuvempunagar PS
FIR-900/2025-64c9,Cyber Crime,BNS 2023,210,Romance scam on dating app leading to crypto transfer
FIR-557/2026-396c,Cheating,BNS 2023,234,Chit fund scam defrauding multiple investors in Tumakuru Town PS
FIR-915/2026-2a05,Robbery,BNS 2023,388,Snatched gold chain while victim was walking near Belagavi Camp PS
FIR-710/2025-b925,POCSO,BNS 2023,336,Assaulted minor on the way to school near Cubbon Park PS
FIR-516/2025-883e,Assault,BNS 2023,280,Group clash using sticks and stones in Tumakuru Town PS
FIR-296/2026-9573,POCSO,BNS 2023,357,Groomed minor over social media
FIR-799/2026-4650,Theft,BNS 2023,122,Pickpocketed mobile phone at a crowded market in Saraswathipuram PS
FIR-969/2026-7011,Cyber Crime,BNS 2023,315,Sent phishing link offering fake loan
FIR-389/2026-f33e,Cheating,BNS 2023,308,Sold fake property documents to victim in Kyathasandra PS
FIR-779/2025-330c,POCSO,BNS 2023,177,Groomed minor over social media
FIR-369/2026-e468,Cheating,BNS 2023,165,Chit fund scam defrauding multiple investors in Khadebazar PS
FIR-870/2026-237a,Robbery,BNS 2023,254,Snatched gold chain while victim was walking near Tumakuru Town PS
FIR-814/2025-6d0e,Robbery,BNS 2023,129,Threatened with a knife and stole wallet at Dharwad Suburban PS
FIR-164/2025-c01b,Cheating,BNS 2023,359,Promised a job and took advance money in Khadebazar PS
FIR-347/2026-97bd,POCSO,BNS 2023,217,Harassed minor in the neighborhood of Khadebazar PS
FIR-270/2026-deda,Theft,BNS 2023,350,Stole parked two-wheeler from Khadebazar PS
FIR-619/2026-c18c,Theft,BNS 2023,261,Stole parked two-wheeler from Tumakuru Town PS
FIR-291/2026-0d52,Theft,BNS 2023,320,Stole parked two-wheeler from Dharwad Suburban PS
FIR-277/2026-2582,POCSO,BNS 2023,275,Harassed minor in the neighborhood of Saraswathipuram PS
FIR-284/2026-863f,NDPS,BNS 2023,338,Caught selling marijuana packets near college in Dharwad Suburban PS
FIR-616/2026-2a02,NDPS,BNS 2023,175,Found possessing cocaine at a rave party in Vidyanagar PS
FIR-992/2026-edbd,Cyber Crime,BNS 2023,171,Tricked victim into sharing OTP over phone call
FIR-730/2026-66bf,Robbery,BNS 2023,341,Snatched gold chain while victim was walking near Khadebazar PS
FIR-421/2025-d634,Robbery,BNS 2023,154,Broke into house and stole valuables in Cubbon Park PS
FIR-673/2026-d1da,Murder,BNS 2023,331,Attacked with a sharp weapon at night near Devaraja PS
FIR-903/2026-0a49,Robbery,BNS 2023,197,Snatched gold chain while victim was walking near Tumakuru Town PS
FIR-757/2026-8ba6,Assault,BNS 2023,334,Group clash using sticks and stones in Saraswathipuram PS
FIR-491/2025-d108,Assault,BNS 2023,239,Physical altercation over property dispute in Saraswathipuram PS
FIR-880/2025-d24c,Murder,BNS 2023,321,Stabbed after a drunken brawl in Devaraja PS
FIR-897/2026-6b95,POCSO,BNS 2023,133,Groomed minor over social media
FIR-765/2025-df90,Cheating,BNS 2023,175,Sold fake property documents to victim in Saraswathipuram PS
FIR-992/2026-9028,POCSO,BNS 2023,399,Groomed minor over social media
FIR-127/2026-f6d0,Robbery,BNS 2023,204,Snatched gold chain while victim was walking near Cubbon Park PS
FIR-905/2026-7636,Cheating,BNS 2023,222,Sold fake property documents to victim in Kuvempunagar PS
FIR-553/2026-4a39,Theft,BNS 2023,323,Stole parked two-wheeler from Khadebazar PS
FIR-538/2025-1eed,Cyber Crime,BNS 2023,303,Tricked victim into sharing OTP over phone call
FIR-858/2026-8a33,Cheating,BNS 2023,393,Promised a job and took advance money in Indiranagar PS
FIR-614/2026-0f05,POCSO,BNS 2023,120,Assaulted minor on the way to school near Tumakuru Town PS
FIR-178/2026-3c05,POCSO,BNS 2023,346,Groomed minor over social media
FIR-722/2025-b8ae,Assault,BNS 2023,372,Physical altercation over property dispute in Cubbon Park PS
FIR-960/2026-2cf2,Murder,BNS 2023,281,Stabbed after a drunken brawl in Devaraja PS
FIR-615/2025-9b0f,Assault,BNS 2023,315,Road rage incident leading to severe injuries near Khadebazar PS
FIR-185/2025-920d,NDPS,BNS 2023,114,Caught selling marijuana packets near college in Tilakwadi PS
FIR-628/2025-5479,Murder,BNS 2023,347,Stabbed after a drunken brawl in Dharwad Suburban PS
FIR-474/2025-cb9a,Robbery,BNS 2023,207,Broke into house and stole valuables in Dharwad Suburban PS
FIR-890/2025-b9ae,Cheating,BNS 2023,133,Sold fake property documents to victim in Saraswathipuram PS
FIR-329/2026-67be,POCSO,BNS 2023,383,Groomed minor over social media
FIR-114/2025-2b3d,Theft,BNS 2023,329,Stole parked two-wheeler from Belagavi Camp PS
FIR-940/2025-a722,NDPS,BNS 2023,118,Found possessing cocaine at a rave party in Cubbon Park PS
FIR-184/2025-c0b2,NDPS,BNS 2023,107,Smuggling synthetic drugs in a hidden compartment near Tumakuru Town PS
FIR-855/2025-aa61,Assault,BNS 2023,364,Group clash using sticks and stones in Kuvempunagar PS
FIR-497/2026-3897,Theft,BNS 2023,229,Stole copper wires from a construction site in Indiranagar PS
FIR-784/2026-911d,Cyber Crime,BNS 2023,289,Sent phishing link offering fake loan
FIR-759/2025-1da3,Cheating,BNS 2023,233,Chit fund scam defrauding multiple investors in Devaraja PS
FIR-208/2025-063f,NDPS,BNS 2023,396,Found possessing cocaine at a rave party in Hubballi Town PS
FIR-449/2025-4996,Assault,BNS 2023,331,Physical altercation over property dispute in Indiranagar PS
FIR-654/2025-3407,Cyber Crime,BNS 2023,190,Romance scam on dating app leading to crypto transfer
FIR-101/2026-2861,Theft,BNS 2023,247,Stole parked two-wheeler from Dharwad Suburban PS
FIR-123/2025-e6b3,Robbery,BNS 2023,287,Threatened with a knife and stole wallet at Tilakwadi PS
FIR-760/2026-ceaa,Murder,BNS 2023,103,Poisoned during a family dispute at Koramangala PS
FIR-660/2026-1eae,Murder,BNS 2023,177,Poisoned during a family dispute at Kuvempunagar PS
FIR-505/2025-ff7b,Robbery,BNS 2023,386,Snatched gold chain while victim was walking near Hubballi Town PS
FIR-757/2026-ac4f,Cheating,BNS 2023,161,Sold fake property documents to victim in Tilakwadi PS
FIR-918/2025-92fe,Murder,BNS 2023,191,Poisoned during a family dispute at Kyathasandra PS
FIR-592/2025-e836,Theft,BNS 2023,317,Stole copper wires from a construction site in Vidyanagar PS
FIR-856/2025-6050,Robbery,BNS 2023,275,Snatched gold chain while victim was walking near Khadebazar PS
FIR-880/2026-abad,Cheating,BNS 2023,150,Promised a job and took advance money in Kyathasandra PS
FIR-304/2025-5954,Murder,BNS 2023,126,Attacked with a sharp weapon at night near Kyathasandra PS
FIR-264/2025-eabd,Robbery,BNS 2023,156,Broke into house and stole valuables in Tilakwadi PS
FIR-826/2025-13b7,Robbery,BNS 2023,196,Broke into house and stole valuables in Devaraja PS
FIR-255/2026-a93c,Assault,BNS 2023,207,Group clash using sticks and stones in Kyathasandra PS
FIR-421/2026-fcdf,NDPS,BNS 2023,245,Smuggling synthetic drugs in a hidden compartment near Koramangala PS
FIR-583/2025-26c6,POCSO,BNS 2023,245,Assaulted minor on the way to school near Kuvempunagar PS
FIR-833/2025-284f,NDPS,BNS 2023,378,Caught selling marijuana packets near college in Vidyanagar PS
FIR-773/2025-f435,NDPS,BNS 2023,287,Caught selling marijuana packets near college in Dharwad Suburban PS
FIR-826/2026-d5f5,Theft,BNS 2023,175,Stole copper wires from a construction site in Hubballi Town PS
FIR-108/2026-0713,Murder,BNS 2023,376,Attacked with a sharp weapon at night near Tilakwadi PS
FIR-741/2025-dcf8,Assault,BNS 2023,110,Road rage incident leading to severe injuries near Indiranagar PS
FIR-156/2025-7fc4,Cyber Crime,BNS 2023,243,Tricked victim into sharing OTP over phone call
FIR-609/2025-ca2f,Assault,BNS 2023,151,Group clash using sticks and stones in Malleswaram PS
FIR-641/2025-8e75,Murder,BNS 2023,208,Stabbed after a drunken brawl in Cubbon Park PS
FIR-613/2026-3b7f,Cheating,BNS 2023,171,Promised a job and took advance money in Kuvempunagar PS
FIR-327/2025-5554,Robbery,BNS 2023,373,Threatened with a knife and stole wallet at Hubballi Town PS
FIR-905/2025-3a53,Theft,BNS 2023,102,Stole copper wires from a construction site in Tilakwadi PS
FIR-711/2026-6cc1,Cheating,BNS 2023,147,Promised a job and took advance money in Hubballi Town PS
FIR-530/2026-aef4,Theft,BNS 2023,151,Stole copper wires from a construction site in Saraswathipuram PS
FIR-526/2025-c7e1,Murder,BNS 2023,218,Stabbed after a drunken brawl in Saraswathipuram PS
FIR-477/2026-240f,Cyber Crime,BNS 2023,295,Tricked victim into sharing OTP over phone call
FIR-619/2026-e3cc,POCSO,BNS 2023,281,Harassed minor in the neighborhood of Hubballi Town PS
FIR-469/2026-d205,Theft,BNS 2023,310,Pickpocketed mobile phone at a crowded market in Koramangala PS
FIR-403/2026-5c89,NDPS,BNS 2023,219,Caught selling marijuana packets near college in Khadebazar PS
FIR-677/2025-5071,Theft,BNS 2023,131,Pickpocketed mobile phone at a crowded market in Tilakwadi PS
FIR-270/2026-ee28,Robbery,BNS 2023,375,Broke into house and stole valuables in Indiranagar PS
FIR-257/2025-86a9,Robbery,BNS 2023,272,Snatched gold chain while victim was walking near Belagavi Camp PS
FIR-347/2026-b8c1,Assault,BNS 2023,177,Road rage incident leading to severe injuries near Khadebazar PS
FIR-287/2026-c1cb,Cheating,BNS 2023,167,Promised a job and took advance money in Koramangala PS
FIR-301/2025-3032,Theft,BNS 2023,133,Pickpocketed mobile phone at a crowded market in Tilakwadi PS
FIR-737/2026-9d51,Murder,BNS 2023,112,Stabbed after a drunken brawl in Tilakwadi PS
FIR-625/2026-71a0,Cheating,BNS 2023,160,Promised a job and took advance money in Indiranagar PS
FIR-738/2025-6f14,Assault,BNS 2023,175,Group clash using sticks and stones in Kyathasandra PS
FIR-233/2025-efe3,Assault,BNS 2023,367,Physical altercation over property dispute in Tilakwadi PS
FIR-442/2025-0cba,Assault,BNS 2023,194,Road rage incident leading to severe injuries near Cubbon Park PS
FIR-995/2025-90df,Theft,BNS 2023,223,Stole copper wires from a construction site in Tilakwadi PS
FIR-258/2026-ac26,Murder,BNS 2023,231,Stabbed after a drunken brawl in Belagavi Camp PS
FIR-444/2025-6021,Assault,BNS 2023,383,Group clash using sticks and stones in Malleswaram PS
FIR-632/2025-d5aa,Cheating,BNS 2023,128,Sold fake property documents to victim in Malleswaram PS
FIR-868/2026-b9e4,Theft,BNS 2023,274,Stole parked two-wheeler from Belagavi Camp PS
FIR-104/2025-2922,Assault,BNS 2023,190,Road rage incident leading to severe injuries near Tumakuru Town PS
FIR-497/2026-d93d,Theft,BNS 2023,139,Stole parked two-wheeler from Tumakuru Town PS
FIR-575/2025-9f0b,Robbery,BNS 2023,220,Broke into house and stole valuables in Indiranagar PS
FIR-218/2026-1dbc,NDPS,BNS 2023,135,Found possessing cocaine at a rave party in Khadebazar PS
FIR-255/2026-170c,Robbery,BNS 2023,202,Broke into house and stole valuables in Cubbon Park PS
FIR-316/2025-221c,Cyber Crime,BNS 2023,354,Tricked victim into sharing OTP over phone call
FIR-738/2025-3bd8,Cyber Crime,BNS 2023,293,Sent phishing link offering fake loan
FIR-222/2025-e7e9,Robbery,BNS 2023,291,Snatched gold chain while victim was walking near Belagavi Camp PS
FIR-750/2025-7d7a,Theft,BNS 2023,233,Pickpocketed mobile phone at a crowded market in Malleswaram PS
FIR-464/2025-65a9,NDPS,BNS 2023,229,Caught selling marijuana packets near college in Vidyanagar PS
FIR-376/2026-951d,Theft,BNS 2023,372,Stole copper wires from a construction site in Saraswathipuram PS
FIR-155/2026-1ccc,Assault,BNS 2023,188,Road rage incident leading to severe injuries near Belagavi Camp PS
FIR-787/2025-102f,Murder,BNS 2023,375,Attacked with a sharp weapon at night near Devaraja PS
FIR-554/2025-0575,Robbery,BNS 2023,190,Snatched gold chain while victim was walking near Kyathasandra PS
FIR-812/2025-59d1,Robbery,BNS 2023,168,Threatened with a knife and stole wallet at Kuvempunagar PS
FIR-381/2025-c2ce,Cyber Crime,BNS 2023,373,Romance scam on dating app leading to crypto transfer
FIR-741/2026-c30e,POCSO,BNS 2023,240,Groomed minor over social media
FIR-604/2026-c1a2,POCSO,BNS 2023,330,Assaulted minor on the way to school near Koramangala PS
FIR-223/2026-6d7b,Cyber Crime,BNS 2023,243,Romance scam on dating app leading to crypto transfer
FIR-224/2026-2915,Robbery,BNS 2023,117,Broke into house and stole valuables in Kuvempunagar PS
FIR-338/2026-f877,Cyber Crime,BNS 2023,366,Tricked victim into sharing OTP over phone call
FIR-984/2025-6380,Robbery,BNS 2023,333,Broke into house and stole valuables in Vidyanagar PS
FIR-331/2026-e026,NDPS,BNS 2023,328,Smuggling synthetic drugs in a hidden compartment near Dharwad Suburban PS
FIR-429/2026-e0bd,Cyber Crime,BNS 2023,128,Sent phishing link offering fake loan
FIR-287/2025-e0e5,Theft,BNS 2023,184,Stole parked two-wheeler from Koramangala PS
FIR-618/2026-d339,Theft,BNS 2023,127,Stole copper wires from a construction site in Saraswathipuram PS
FIR-827/2025-4ec9,Murder,BNS 2023,290,Stabbed after a drunken brawl in Tumakuru Town PS
FIR-307/2025-bc33,NDPS,BNS 2023,192,Found possessing cocaine at a rave party in Tumakuru Town PS
FIR-785/2025-534f,Theft,BNS 2023,178,Stole copper wires from a construction site in Kyathasandra PS
FIR-808/2025-6c76,Cyber Crime,BNS 2023,353,Tricked victim into sharing OTP over phone call
FIR-150/2025-0fe2,Assault,BNS 2023,350,Group clash using sticks and stones in Dharwad Suburban PS
FIR-875/2026-a09e,POCSO,BNS 2023,304,Harassed minor in the neighborhood of Cubbon Park PS
FIR-862/2026-190f,Cyber Crime,BNS 2023,327,Romance scam on dating app leading to crypto transfer
FIR-996/2025-b9b4,Robbery,BNS 2023,382,Threatened with a knife and stole wallet at Tilakwadi PS
FIR-408/2025-d6dd,Cheating,BNS 2023,278,Chit fund scam defrauding multiple investors in Indiranagar PS
FIR-260/2026-d90a,Theft,BNS 2023,123,Stole parked two-wheeler from Tilakwadi PS
FIR-324/2026-419c,Assault,BNS 2023,224,Physical altercation over property dispute in Koramangala PS
FIR-195/2026-af66,Murder,BNS 2023,384,Attacked with a sharp weapon at night near Belagavi Camp PS
FIR-875/2025-c571,Murder,BNS 2023,327,Attacked with a sharp weapon at night near Saraswathipuram PS
FIR-319/2025-2a2d,Assault,BNS 2023,188,Physical altercation over property dispute in Devaraja PS
FIR-175/2025-5ded,Theft,BNS 2023,329,Stole copper wires from a construction site in Malleswaram PS
FIR-856/2025-ecac,Cyber Crime,BNS 2023,377,Sent phishing link offering fake loan
FIR-791/2025-6421,Assault,BNS 2023,328,Physical altercation over property dispute in Belagavi Camp PS
FIR-619/2025-7c1a,Robbery,BNS 2023,309,Broke into house and stole valuables in Tumakuru Town PS
FIR-750/2025-7744,Robbery,BNS 2023,188,Snatched gold chain while victim was walking near Kuvempunagar PS
FIR-855/2025-8153,Theft,BNS 2023,139,Stole copper wires from a construction site in Cubbon Park PS
FIR-841/2025-2cba,Theft,BNS 2023,343,Pickpocketed mobile phone at a crowded market in Indiranagar PS
FIR-838/2025-d739,Theft,BNS 2023,330,Stole parked two-wheeler from Kyathasandra PS
FIR-254/2025-20d6,Cyber Crime,BNS 2023,277,Romance scam on dating app leading to crypto transfer
FIR-449/2026-5906,Murder,BNS 2023,178,Stabbed after a drunken brawl in Malleswaram PS
FIR-691/2026-e6e2,Assault,BNS 2023,231,Physical altercation over property dispute in Kyathasandra PS
FIR-917/2026-3f59,POCSO,BNS 2023,191,Harassed minor in the neighborhood of Malleswaram PS
FIR-556/2026-20d4,Theft,BNS 2023,176,Stole copper wires from a construction site in Koramangala PS
FIR-526/2025-06aa,Robbery,BNS 2023,105,Snatched gold chain while victim was walking near Hubballi Town PS
FIR-390/2025-727d,Assault,BNS 2023,229,Group clash using sticks and stones in Dharwad Suburban PS
FIR-141/2025-a3b2,NDPS,BNS 2023,158,Smuggling synthetic drugs in a hidden compartment near Devaraja PS
FIR-800/2025-6ca9,Cheating,BNS 2023,227,Sold fake property documents to victim in Dharwad Suburban PS
FIR-200/2025-94f8,POCSO,BNS 2023,117,Groomed minor over social media
FIR-690/2026-f927,Robbery,BNS 2023,186,Threatened with a knife and stole wallet at Kyathasandra PS
FIR-610/2026-19d1,NDPS,BNS 2023,274,Smuggling synthetic drugs in a hidden compartment near Belagavi Camp PS
FIR-338/2026-f872,Cheating,BNS 2023,234,Sold fake property documents to victim in Saraswathipuram PS
FIR-142/2026-8b17,Theft,BNS 2023,336,Stole copper wires from a construction site in Kuvempunagar PS
FIR-846/2026-ee2b,NDPS,BNS 2023,281,Smuggling synthetic drugs in a hidden compartment near Vidyanagar PS
FIR-756/2025-ffad,Murder,BNS 2023,329,Poisoned during a family dispute at Indiranagar PS
FIR-583/2026-70ad,Cheating,BNS 2023,247,Chit fund scam defrauding multiple investors in Saraswathipuram PS
FIR-411/2025-6daf,Cheating,BNS 2023,315,Promised a job and took advance money in Indiranagar PS
FIR-124/2026-6099,Murder,BNS 2023,197,Attacked with a sharp weapon at night near Kyathasandra PS
FIR-535/2025-d1d4,NDPS,BNS 2023,381,Smuggling synthetic drugs in a hidden compartment near Belagavi Camp PS
FIR-784/2025-a314,Cyber Crime,BNS 2023,264,Sent phishing link offering fake loan
FIR-977/2026-c37e,Assault,BNS 2023,215,Physical altercation over property dispute in Malleswaram PS
FIR-358/2025-c30e,NDPS,BNS 2023,200,Caught selling marijuana packets near college in Tilakwadi PS
FIR-251/2026-5096,NDPS,BNS 2023,291,Smuggling synthetic drugs in a hidden compartment near Cubbon Park PS
FIR-293/2025-c297,NDPS,BNS 2023,182,Caught selling marijuana packets near college in Vidyanagar PS
FIR-179/2026-b1d1,Cheating,BNS 2023,108,Sold fake property documents to victim in Kyathasandra PS
FIR-612/2025-29aa,Assault,BNS 2023,247,Road rage incident leading to severe injuries near Kyathasandra PS
FIR-164/2026-14cf,Cheating,BNS 2023,122,Promised a job and took advance money in Tilakwadi PS
FIR-554/2025-8a69,Theft,BNS 2023,278,Stole copper wires from a construction site in Tilakwadi PS
FIR-471/2026-f7d7,Robbery,BNS 2023,141,Broke into house and stole valuables in Devaraja PS
FIR-146/2026-76b6,Cheating,BNS 2023,363,Chit fund scam defrauding multiple investors in Khadebazar PS
FIR-246/2026-7c96,Assault,BNS 2023,217,Group clash using sticks and stones in Kuvempunagar PS
FIR-568/2025-5d73,Cheating,BNS 2023,247,Promised a job and took advance money in Koramangala PS
FIR-260/2025-6f89,Robbery,BNS 2023,177,Broke into house and stole valuables in Cubbon Park PS
FIR-900/2025-cb03,NDPS,BNS 2023,378,Found possessing cocaine at a rave party in Dharwad Suburban PS
FIR-274/2026-6347,Assault,BNS 2023,312,Group clash using sticks and stones in Dharwad Suburban PS
FIR-165/2025-a31b,Robbery,BNS 2023,346,Broke into house and stole valuables in Tilakwadi PS
FIR-164/2025-87bb,Murder,BNS 2023,107,Stabbed after a drunken brawl in Tilakwadi PS
FIR-248/2025-5af9,Cyber Crime,BNS 2023,165,Tricked victim into sharing OTP over phone call
FIR-795/2025-e0d0,Robbery,BNS 2023,360,Broke into house and stole valuables in Hubballi Town PS
FIR-752/2025-5ea1,Cyber Crime,BNS 2023,228,Tricked victim into sharing OTP over phone call
FIR-135/2025-9f6c,POCSO,BNS 2023,131,Groomed minor over social media
FIR-882/2025-3f87,POCSO,BNS 2023,150,Groomed minor over social media
FIR-429/2026-9fc7,Assault,BNS 2023,233,Group clash using sticks and stones in Kyathasandra PS
FIR-302/2026-7737,Cheating,BNS 2023,105,Chit fund scam defrauding multiple investors in Indiranagar PS
FIR-196/2025-708d,POCSO,BNS 2023,364,Groomed minor over social media
FIR-405/2026-1969,Murder,BNS 2023,278,Attacked with a sharp weapon at night near Khadebazar PS
FIR-585/2025-1b7e,Robbery,BNS 2023,305,Threatened with a knife and stole wallet at Tilakwadi PS
FIR-904/2026-04ad,Cyber Crime,BNS 2023,184,Sent phishing link offering fake loan
FIR-883/2026-b356,Murder,BNS 2023,210,Stabbed after a drunken brawl in Kyathasandra PS
FIR-283/2026-54d4,Cheating,BNS 2023,333,Chit fund scam defrauding multiple investors in Kuvempunagar PS
FIR-851/2026-dfd6,Cheating,BNS 2023,281,Promised a job and took advance money in Dharwad Suburban PS
FIR-995/2026-3e36,NDPS,BNS 2023,180,Found possessing cocaine at a rave party in Kyathasandra PS
FIR-454/2025-022c,Theft,BNS 2023,224,Stole copper wires from a construction site in Tumakuru Town PS
FIR-824/2026-1040,Theft,BNS 2023,233,Pickpocketed mobile phone at a crowded market in Koramangala PS
FIR-306/2026-507e,Cheating,BNS 2023,379,Promised a job and took advance money in Saraswathipuram PS
FIR-511/2025-006a,Assault,BNS 2023,144,Group clash using sticks and stones in Tumakuru Town PS
FIR-366/2026-2a7a,Cyber Crime,BNS 2023,343,Sent phishing link offering fake loan
FIR-136/2026-9ad6,Cyber Crime,BNS 2023,292,Romance scam on dating app leading to crypto transfer
FIR-559/2025-583a,Robbery,BNS 2023,229,Broke into house and stole valuables in Tilakwadi PS
FIR-248/2026-e4e2,POCSO,BNS 2023,232,Groomed minor over social media
FIR-936/2026-6693,Cyber Crime,BNS 2023,305,Tricked victim into sharing OTP over phone call
FIR-179/2026-eb9a,Theft,BNS 2023,179,Stole copper wires from a construction site in Dharwad Suburban PS
FIR-913/2025-b25c,Assault,BNS 2023,308,Physical altercation over property dispute in Dharwad Suburban PS
FIR-573/2026-f6e0,Robbery,BNS 2023,215,Threatened with a knife and stole wallet at Tumakuru Town PS
FIR-883/2025-fc4e,NDPS,BNS 2023,114,Caught selling marijuana packets near college in Hubballi Town PS
FIR-447/2025-cf39,Cyber Crime,BNS 2023,210,Sent phishing link offering fake loan
FIR-599/2025-01be,Cheating,BNS 2023,169,Chit fund scam defrauding multiple investors in Tumakuru Town PS
FIR-343/2026-9a6c,NDPS,BNS 2023,239,Caught selling marijuana packets near college in Khadebazar PS
FIR-658/2025-e6a5,NDPS,BNS 2023,116,Found possessing cocaine at a rave party in Dharwad Suburban PS
FIR-752/2025-6350,NDPS,BNS 2023,134,Caught selling marijuana packets near college in Tumakuru Town PS
FIR-801/2026-c73c,Cyber Crime,BNS 2023,177,Romance scam on dating app leading to crypto transfer
FIR-298/2026-3a5f,Assault,BNS 2023,295,Group clash using sticks and stones in Kyathasandra PS
FIR-959/2026-40f3,Cyber Crime,BNS 2023,331,Tricked victim into sharing OTP over phone call
FIR-838/2026-d88d,NDPS,BNS 2023,363,Smuggling synthetic drugs in a hidden compartment near Tumakuru Town PS
FIR-130/2026-cc9a,Assault,BNS 2023,255,Road rage incident leading to severe injuries near Belagavi Camp PS
FIR-429/2026-dade,Cyber Crime,BNS 2023,309,Tricked victim into sharing OTP over phone call
FIR-535/2026-ea71,POCSO,BNS 2023,302,Harassed minor in the neighborhood of Dharwad Suburban PS
FIR-177/2025-d570,POCSO,BNS 2023,194,Assaulted minor on the way to school near Tilakwadi PS
FIR-136/2026-920b,Assault,BNS 2023,355,Physical altercation over property dispute in Hubballi Town PS
FIR-156/2025-fe2b,Assault,BNS 2023,100,Group clash using sticks and stones in Tilakwadi PS
FIR-800/2026-25a6,Theft,BNS 2023,354,Stole copper wires from a construction site in Tumakuru Town PS
FIR-465/2026-f5aa,POCSO,BNS 2023,133,Harassed minor in the neighborhood of Vidyanagar PS
FIR-219/2025-ec71,Theft,BNS 2023,168,Pickpocketed mobile phone at a crowded market in Devaraja PS
FIR-520/2025-8a34,NDPS,BNS 2023,330,Smuggling synthetic drugs in a hidden compartment near Tumakuru Town PS
FIR-184/2026-ad83,Assault,BNS 2023,249,Road rage incident leading to severe injuries near Kyathasandra PS
FIR-176/2026-8675,Theft,BNS 2023,336,Pickpocketed mobile phone at a crowded market in Kyathasandra PS
FIR-471/2025-21ba,Robbery,BNS 2023,373,Snatched gold chain while victim was walking near Dharwad Suburban PS
FIR-531/2026-7d98,Cheating,BNS 2023,297,Chit fund scam defrauding multiple investors in Dharwad Suburban PS
FIR-553/2025-02bc,Murder,BNS 2023,204,Attacked with a sharp weapon at night near Hubballi Town PS
FIR-690/2026-5eca,Assault,BNS 2023,242,Group clash using sticks and stones in Tumakuru Town PS
FIR-664/2025-dbe2,Cyber Crime,BNS 2023,236,Sent phishing link offering fake loan
FIR-499/2025-06a2,Assault,BNS 2023,241,Group clash using sticks and stones in Tilakwadi PS
FIR-704/2025-8112,Cheating,BNS 2023,370,Promised a job and took advance money in Tumakuru Town PS
FIR-288/2026-d412,Theft,BNS 2023,307,Stole parked two-wheeler from Kyathasandra PS
FIR-277/2025-4441,Theft,BNS 2023,299,Stole parked two-wheeler from Tumakuru Town PS
FIR-761/2026-6dfd,Murder,BNS 2023,391,Attacked with a sharp weapon at night near Kyathasandra PS
FIR-626/2026-1128,Assault,BNS 2023,152,Group clash using sticks and stones in Tilakwadi PS
FIR-837/2025-84f9,NDPS,BNS 2023,223,Smuggling synthetic drugs in a hidden compartment near Cubbon Park PS
FIR-655/2025-7230,Murder,BNS 2023,213,Stabbed after a drunken brawl in Tumakuru Town PS
FIR-478/2026-877e,Cheating,BNS 2023,224,Promised a job and took advance money in Tumakuru Town PS
FIR-160/2025-4393,POCSO,BNS 2023,263,Harassed minor in the neighborhood of Vidyanagar PS
FIR-516/2025-aebf,NDPS,BNS 2023,379,Found possessing cocaine at a rave party in Malleswaram PS
FIR-968/2025-e28c,Theft,BNS 2023,177,Stole copper wires from a construction site in Indiranagar PS
FIR-374/2025-4c68,Cheating,BNS 2023,235,Sold fake property documents to victim in Dharwad Suburban PS
FIR-684/2026-c590,Robbery,BNS 2023,169,Broke into house and stole valuables in Cubbon Park PS
FIR-950/2026-a4e4,Robbery,BNS 2023,340,Threatened with a knife and stole wallet at Tilakwadi PS
FIR-358/2025-7250,Murder,BNS 2023,154,Poisoned during a family dispute at Dharwad Suburban PS
FIR-744/2025-63cd,Murder,BNS 2023,109,Poisoned during a family dispute at Belagavi Camp PS
FIR-483/2025-849a,Cheating,BNS 2023,153,Sold fake property documents to victim in Vidyanagar PS
FIR-552/2026-9f61,POCSO,BNS 2023,232,Harassed minor in the neighborhood of Tumakuru Town PS
FIR-136/2026-19b3,Murder,BNS 2023,162,Attacked with a sharp weapon at night near Malleswaram PS
FIR-598/2025-b505,Cyber Crime,BNS 2023,283,Tricked victim into sharing OTP over phone call
FIR-994/2025-7ff3,Cyber Crime,BNS 2023,284,Tricked victim into sharing OTP over phone call
FIR-424/2026-2777,Murder,BNS 2023,169,Poisoned during a family dispute at Tilakwadi PS
FIR-346/2025-b37a,Cyber Crime,BNS 2023,273,Romance scam on dating app leading to crypto transfer
FIR-649/2026-4bdc,NDPS,BNS 2023,364,Found possessing cocaine at a rave party in Devaraja PS
FIR-993/2026-a480,POCSO,BNS 2023,192,Harassed minor in the neighborhood of Kuvempunagar PS
FIR-914/2025-937d,POCSO,BNS 2023,103,Harassed minor in the neighborhood of Malleswaram PS
FIR-366/2026-6075,Assault,BNS 2023,205,Physical altercation over property dispute in Kyathasandra PS
FIR-174/2026-cc51,Murder,BNS 2023,355,Stabbed after a drunken brawl in Koramangala PS
FIR-477/2025-d404,Robbery,BNS 2023,274,Snatched gold chain while victim was walking near Kyathasandra PS
FIR-323/2025-e4c0,Theft,BNS 2023,315,Stole parked two-wheeler from Hubballi Town PS
FIR-158/2025-cd1e,Assault,BNS 2023,253,Road rage incident leading to severe injuries near Hubballi Town PS
FIR-677/2026-c345,NDPS,BNS 2023,267,Caught selling marijuana packets near college in Tumakuru Town PS
FIR-662/2026-ecc5,POCSO,BNS 2023,246,Groomed minor over social media
FIR-284/2025-b13c,Robbery,BNS 2023,184,Snatched gold chain while victim was walking near Malleswaram PS
FIR-965/2025-6253,Theft,BNS 2023,287,Stole parked two-wheeler from Cubbon Park PS
FIR-539/2025-6789,Cyber Crime,BNS 2023,287,Tricked victim into sharing OTP over phone call
FIR-273/2026-3e63,NDPS,BNS 2023,174,Caught selling marijuana packets near college in Khadebazar PS
FIR-840/2026-6d42,NDPS,BNS 2023,306,Found possessing cocaine at a rave party in Tilakwadi PS
FIR-159/2026-b407,Murder,BNS 2023,222,Poisoned during a family dispute at Tilakwadi PS
FIR-758/2026-2b76,Robbery,BNS 2023,246,Snatched gold chain while victim was walking near Khadebazar PS
FIR-828/2026-80fa,Cyber Crime,BNS 2023,251,Romance scam on dating app leading to crypto transfer
FIR-482/2026-947a,POCSO,BNS 2023,313,Groomed minor over social media
FIR-680/2025-bd9d,Theft,BNS 2023,390,Stole copper wires from a construction site in Tumakuru Town PS
FIR-580/2025-7295,Murder,BNS 2023,218,Stabbed after a drunken brawl in Tumakuru Town PS
FIR-346/2025-3afb,NDPS,BNS 2023,140,Found possessing cocaine at a rave party in Tilakwadi PS
FIR-543/2025-69f9,NDPS,BNS 2023,205,Found possessing cocaine at a rave party in Kuvempunagar PS
FIR-126/2025-8463,Theft,BNS 2023,158,Stole parked two-wheeler from Devaraja PS
FIR-574/2025-7c04,Murder,BNS 2023,283,Attacked with a sharp weapon at night near Dharwad Suburban PS
FIR-269/2025-831b,Assault,BNS 2023,273,Road rage incident leading to severe injuries near Indiranagar PS
FIR-120/2026-652b,POCSO,BNS 2023,235,Groomed minor over social media
FIR-375/2025-7a6b,POCSO,BNS 2023,168,Harassed minor in the neighborhood of Tumakuru Town PS
FIR-752/2026-e2e4,POCSO,BNS 2023,344,Groomed minor over social media
FIR-508/2025-b1fb,Robbery,BNS 2023,386,Broke into house and stole valuables in Hubballi Town PS
FIR-606/2025-894a,Murder,BNS 2023,212,Stabbed after a drunken brawl in Dharwad Suburban PS
FIR-597/2025-72ad,Cheating,BNS 2023,184,Chit fund scam defrauding multiple investors in Koramangala PS
FIR-117/2025-bab3,Assault,BNS 2023,266,Group clash using sticks and stones in Vidyanagar PS
FIR-884/2025-c8eb,NDPS,BNS 2023,375,Caught selling marijuana packets near college in Kyathasandra PS
FIR-665/2025-bab9,Theft,BNS 2023,363,Stole parked two-wheeler from Cubbon Park PS
FIR-302/2025-44f2,Assault,BNS 2023,120,Group clash using sticks and stones in Hubballi Town PS
FIR-447/2026-58b0,Murder,BNS 2023,160,Poisoned during a family dispute at Hubballi Town PS
FIR-253/2025-0124,Cheating,BNS 2023,318,Promised a job and took advance money in Cubbon Park PS
FIR-636/2026-39bd,Assault,BNS 2023,173,Road rage incident leading to severe injuries near Malleswaram PS
FIR-571/2026-90f2,POCSO,BNS 2023,122,Assaulted minor on the way to school near Kyathasandra PS
FIR-393/2026-16b6,Murder,BNS 2023,230,Stabbed after a drunken brawl in Dharwad Suburban PS
FIR-188/2025-8182,Cyber Crime,BNS 2023,321,Tricked victim into sharing OTP over phone call
FIR-173/2025-5b5c,Murder,BNS 2023,286,Stabbed after a drunken brawl in Indiranagar PS
FIR-417/2026-b10a,Theft,BNS 2023,193,Stole copper wires from a construction site in Dharwad Suburban PS
FIR-996/2026-05c6,Cyber Crime,BNS 2023,135,Romance scam on dating app leading to crypto transfer
FIR-864/2026-42c5,POCSO,BNS 2023,297,Groomed minor over social media
FIR-504/2025-b0f6,POCSO,BNS 2023,368,Harassed minor in the neighborhood of Cubbon Park PS
FIR-233/2026-aa2a,Cheating,BNS 2023,105,Promised a job and took advance money in Belagavi Camp PS
FIR-896/2025-4473,Theft,BNS 2023,204,Pickpocketed mobile phone at a crowded market in Koramangala PS
FIR-658/2025-d810,Cheating,BNS 2023,322,Promised a job and took advance money in Belagavi Camp PS
FIR-378/2025-e0be,Robbery,BNS 2023,181,Broke into house and stole valuables in Kuvempunagar PS
FIR-528/2026-3d5b,POCSO,BNS 2023,187,Assaulted minor on the way to school near Khadebazar PS
FIR-419/2025-ea3c,Murder,BNS 2023,285,Stabbed after a drunken brawl in Khadebazar PS
FIR-432/2025-7b1f,POCSO,BNS 2023,256,Groomed minor over social media
FIR-661/2026-6ccc,Robbery,BNS 2023,258,Threatened with a knife and stole wallet at Hubballi Town PS
FIR-857/2025-edcb,Murder,BNS 2023,101,Attacked with a sharp weapon at night near Belagavi Camp PS
FIR-284/2026-cdd6,Assault,BNS 2023,142,Group clash using sticks and stones in Vidyanagar PS
FIR-628/2025-c60f,POCSO,BNS 2023,367,Assaulted minor on the way to school near Hubballi Town PS
FIR-780/2026-bbc9,POCSO,BNS 2023,224,Assaulted minor on the way to school near Tilakwadi PS
FIR-311/2025-120e,Murder,BNS 2023,150,Attacked with a sharp weapon at night near Tumakuru Town PS
FIR-592/2025-dd78,Robbery,BNS 2023,183,Broke into house and stole valuables in Kyathasandra PS
FIR-537/2025-c880,NDPS,BNS 2023,396,Caught selling marijuana packets near college in Tilakwadi PS
FIR-678/2026-1dbd,Robbery,BNS 2023,290,Threatened with a knife and stole wallet at Hubballi Town PS
FIR-125/2026-5196,Cyber Crime,BNS 2023,261,Tricked victim into sharing OTP over phone call
FIR-698/2025-45a8,Cyber Crime,BNS 2023,199,Tricked victim into sharing OTP over phone call
FIR-468/2026-7ab6,NDPS,BNS 2023,116,Smuggling synthetic drugs in a hidden compartment near Tumakuru Town PS
FIR-315/2025-21c5,NDPS,BNS 2023,342,Caught selling marijuana packets near college in Koramangala PS
FIR-739/2025-6d6d,NDPS,BNS 2023,327,Found possessing cocaine at a rave party in Koramangala PS
FIR-361/2026-627d,POCSO,BNS 2023,277,Groomed minor over social media
FIR-574/2026-7645,Cheating,BNS 2023,160,Sold fake property documents to victim in Indiranagar PS
FIR-561/2026-4f3c,NDPS,BNS 2023,391,Caught selling marijuana packets near college in Tumakuru Town PS
FIR-787/2026-f63f,Cheating,BNS 2023,339,Sold fake property documents to victim in Kyathasandra PS
FIR-334/2026-c7bf,POCSO,BNS 2023,195,Groomed minor over social media
FIR-626/2026-73d4,Theft,BNS 2023,341,Pickpocketed mobile phone at a crowded market in Tumakuru Town PS
FIR-187/2025-72e9,POCSO,BNS 2023,255,Harassed minor in the neighborhood of Hubballi Town PS
FIR-358/2025-3563,Murder,BNS 2023,350,Stabbed after a drunken brawl in Kyathasandra PS
FIR-341/2025-d3df,NDPS,BNS 2023,388,Smuggling synthetic drugs in a hidden compartment near Devaraja PS
FIR-902/2025-fb9f,Theft,BNS 2023,359,Pickpocketed mobile phone at a crowded market in Saraswathipuram PS
FIR-205/2026-6dcf,Assault,BNS 2023,346,Road rage incident leading to severe injuries near Belagavi Camp PS
FIR-803/2026-966d,Assault,BNS 2023,307,Road rage incident leading to severe injuries near Kuvempunagar PS
FIR-885/2026-105d,Assault,BNS 2023,302,Group clash using sticks and stones in Khadebazar PS
FIR-368/2026-b07b,POCSO,BNS 2023,239,Harassed minor in the neighborhood of Dharwad Suburban PS
FIR-713/2025-3362,Robbery,BNS 2023,331,Threatened with a knife and stole wallet at Devaraja PS
FIR-609/2026-afc2,Robbery,BNS 2023,135,Threatened with a knife and stole wallet at Vidyanagar PS
FIR-916/2026-0a39,NDPS,BNS 2023,255,Caught selling marijuana packets near college in Dharwad Suburban PS
FIR-577/2026-a531,Cyber Crime,BNS 2023,319,Sent phishing link offering fake loan
FIR-549/2026-c507,NDPS,BNS 2023,284,Smuggling synthetic drugs in a hidden compartment near Khadebazar PS
FIR-363/2025-dda5,Murder,BNS 2023,311,Poisoned during a family dispute at Koramangala PS
FIR-457/2026-762c,Cyber Crime,BNS 2023,296,Sent phishing link offering fake loan
FIR-146/2026-ec45,POCSO,BNS 2023,169,Groomed minor over social media
FIR-522/2025-12aa,Theft,BNS 2023,236,Stole copper wires from a construction site in Khadebazar PS
FIR-263/2025-b508,Cyber Crime,BNS 2023,326,Romance scam on dating app leading to crypto transfer
FIR-887/2026-3464,NDPS,BNS 2023,345,Caught selling marijuana packets near college in Dharwad Suburban PS
FIR-447/2025-f1c4,Cheating,BNS 2023,359,Chit fund scam defrauding multiple investors in Dharwad Suburban PS
FIR-960/2025-2b89,POCSO,BNS 2023,383,Groomed minor over social media
FIR-116/2025-bf18,Robbery,BNS 2023,372,Snatched gold chain while victim was walking near Kyathasandra PS
FIR-863/2025-304e,Theft,BNS 2023,219,Pickpocketed mobile phone at a crowded market in Belagavi Camp PS
FIR-360/2025-4b97,NDPS,BNS 2023,383,Smuggling synthetic drugs in a hidden compartment near Tilakwadi PS
FIR-127/2026-dda4,Assault,BNS 2023,366,Physical altercation over property dispute in Tumakuru Town PS
FIR-108/2026-3f24,Cyber Crime,BNS 2023,335,Tricked victim into sharing OTP over phone call
FIR-353/2026-15cd,POCSO,BNS 2023,208,Assaulted minor on the way to school near Devaraja PS
FIR-461/2025-cbcd,Cyber Crime,BNS 2023,130,Romance scam on dating app leading to crypto transfer
FIR-436/2025-3462,Assault,BNS 2023,245,Group clash using sticks and stones in Tilakwadi PS
FIR-224/2025-af39,Theft,BNS 2023,398,Stole parked two-wheeler from Cubbon Park PS
FIR-567/2026-f3c3,Cyber Crime,BNS 2023,372,Romance scam on dating app leading to crypto transfer
FIR-943/2025-29e2,Murder,BNS 2023,223,Attacked with a sharp weapon at night near Hubballi Town PS
FIR-199/2025-93e7,NDPS,BNS 2023,135,Found possessing cocaine at a rave party in Vidyanagar PS
FIR-817/2026-6de4,Cheating,BNS 2023,320,Chit fund scam defrauding multiple investors in Tumakuru Town PS
FIR-862/2026-e033,POCSO,BNS 2023,216,Assaulted minor on the way to school near Vidyanagar PS
FIR-722/2025-80c0,Robbery,BNS 2023,213,Broke into house and stole valuables in Saraswathipuram PS
FIR-703/2025-35b4,Theft,BNS 2023,321,Stole parked two-wheeler from Malleswaram PS
FIR-675/2025-0e6f,POCSO,BNS 2023,363,Assaulted minor on the way to school near Tilakwadi PS
FIR-976/2025-0244,Cheating,BNS 2023,289,Sold fake property documents to victim in Belagavi Camp PS
FIR-122/2026-e0d1,NDPS,BNS 2023,374,Caught selling marijuana packets near college in Khadebazar PS
FIR-242/2025-a83c,NDPS,BNS 2023,285,Smuggling synthetic drugs in a hidden compartment near Khadebazar PS
FIR-400/2026-6126,Robbery,BNS 2023,397,Broke into house and stole valuables in Saraswathipuram PS
FIR-386/2025-43ff,NDPS,BNS 2023,288,Found possessing cocaine at a rave party in Koramangala PS
FIR-454/2026-39c4,NDPS,BNS 2023,263,Caught selling marijuana packets near college in Devaraja PS
FIR-456/2026-383d,Theft,BNS 2023,109,Pickpocketed mobile phone at a crowded market in Tumakuru Town PS
FIR-522/2026-c35e,Cyber Crime,BNS 2023,353,Romance scam on dating app leading to crypto transfer
FIR-216/2025-e3c5,Theft,BNS 2023,248,Stole parked two-wheeler from Kuvempunagar PS
FIR-646/2026-c00a,Murder,BNS 2023,397,Stabbed after a drunken brawl in Malleswaram PS
FIR-395/2026-9253,NDPS,BNS 2023,282,Found possessing cocaine at a rave party in Kyathasandra PS
FIR-720/2025-78bc,Assault,BNS 2023,361,Road rage incident leading to severe injuries near Belagavi Camp PS
FIR-516/2026-74d5,Theft,BNS 2023,352,Stole copper wires from a construction site in Belagavi Camp PS
FIR-825/2026-8644,Cyber Crime,BNS 2023,311,Tricked victim into sharing OTP over phone call
FIR-469/2025-55dd,Cheating,BNS 2023,174,Promised a job and took advance money in Vidyanagar PS
FIR-456/2025-be19,POCSO,BNS 2023,298,Harassed minor in the neighborhood of Hubballi Town PS
FIR-289/2026-2faf,Cyber Crime,BNS 2023,137,Sent phishing link offering fake loan
FIR-876/2025-169f,Robbery,BNS 2023,384,Broke into house and stole valuables in Devaraja PS
FIR-205/2026-d042,Murder,BNS 2023,301,Poisoned during a family dispute at Belagavi Camp PS
FIR-644/2026-9c0e,Theft,BNS 2023,127,Stole copper wires from a construction site in Indiranagar PS
FIR-299/2026-a405,Theft,BNS 2023,381,Stole parked two-wheeler from Kyathasandra PS
FIR-233/2025-2f47,POCSO,BNS 2023,353,Assaulted minor on the way to school near Devaraja PS
FIR-906/2025-ec35,Robbery,BNS 2023,302,Threatened with a knife and stole wallet at Saraswathipuram PS
FIR-987/2025-2c6d,Assault,BNS 2023,247,Physical altercation over property dispute in Indiranagar PS
FIR-636/2025-1be3,Murder,BNS 2023,271,Poisoned during a family dispute at Kyathasandra PS
FIR-668/2026-11b4,Cyber Crime,BNS 2023,228,Romance scam on dating app leading to crypto transfer
FIR-871/2026-210b,Cheating,BNS 2023,302,Chit fund scam defrauding multiple investors in Malleswaram PS
FIR-267/2026-f321,Theft,BNS 2023,395,Stole copper wires from a construction site in Tumakuru Town PS
FIR-972/2025-d90d,Theft,BNS 2023,125,Stole parked two-wheeler from Indiranagar PS
FIR-578/2025-8618,POCSO,BNS 2023,159,Assaulted minor on the way to school near Tumakuru Town PS
FIR-396/2025-b2fd,Robbery,BNS 2023,177,Snatched gold chain while victim was walking near Devaraja PS
FIR-176/2025-0b6c,POCSO,BNS 2023,384,Groomed minor over social media
FIR-327/2025-4918,Murder,BNS 2023,181,Poisoned during a family dispute at Malleswaram PS
FIR-406/2025-d3a1,Theft,BNS 2023,381,Stole copper wires from a construction site in Saraswathipuram PS
FIR-771/2026-be7e,Robbery,BNS 2023,162,Broke into house and stole valuables in Hubballi Town PS
FIR-516/2025-c998,Cheating,BNS 2023,259,Chit fund scam defrauding multiple investors in Kyathasandra PS
FIR-538/2026-27ed,Assault,BNS 2023,139,Group clash using sticks and stones in Tumakuru Town PS
FIR-624/2025-03f9,Cheating,BNS 2023,389,Sold fake property documents to victim in Koramangala PS
FIR-226/2025-51ec,Cyber Crime,BNS 2023,234,Tricked victim into sharing OTP over phone call
FIR-550/2025-6ffd,Cheating,BNS 2023,242,Promised a job and took advance money in Vidyanagar PS
FIR-135/2025-a46e,POCSO,BNS 2023,395,Groomed minor over social media
FIR-397/2026-1f77,POCSO,BNS 2023,253,Groomed minor over social media
FIR-479/2026-9e60,Cyber Crime,BNS 2023,277,Sent phishing link offering fake loan
FIR-628/2025-7f0a,Murder,BNS 2023,270,Stabbed after a drunken brawl in Kyathasandra PS
FIR-576/2026-12f9,POCSO,BNS 2023,186,Harassed minor in the neighborhood of Dharwad Suburban PS
FIR-449/2026-8a78,Cyber Crime,BNS 2023,106,Romance scam on dating app leading to crypto transfer
FIR-386/2025-b6b8,POCSO,BNS 2023,107,Assaulted minor on the way to school near Cubbon Park PS
FIR-940/2025-9063,Cyber Crime,BNS 2023,136,Tricked victim into sharing OTP over phone call
FIR-485/2025-9c71,Cheating,BNS 2023,236,Chit fund scam defrauding multiple investors in Tumakuru Town PS
FIR-524/2025-cb4d,Cyber Crime,BNS 2023,204,Romance scam on dating app leading to crypto transfer
FIR-254/2026-6633,Assault,BNS 2023,372,Group clash using sticks and stones in Saraswathipuram PS
FIR-688/2025-06cd,Assault,BNS 2023,206,Group clash using sticks and stones in Vidyanagar PS
FIR-892/2026-7bd0,Cyber Crime,BNS 2023,379,Sent phishing link offering fake loan
FIR-576/2025-996e,POCSO,BNS 2023,331,Groomed minor over social media
FIR-980/2025-f5fb,Robbery,BNS 2023,235,Snatched gold chain while victim was walking near Belagavi Camp PS
FIR-623/2025-0f4e,Theft,BNS 2023,370,Stole copper wires from a construction site in Kuvempunagar PS
FIR-114/2026-5ca8,NDPS,BNS 2023,363,Smuggling synthetic drugs in a hidden compartment near Tilakwadi PS
FIR-847/2026-9cdb,Cyber Crime,BNS 2023,305,Sent phishing link offering fake loan
FIR-917/2026-86ac,Murder,BNS 2023,330,Poisoned during a family dispute at Malleswaram PS
FIR-344/2026-c866,Cheating,BNS 2023,194,Chit fund scam defrauding multiple investors in Khadebazar PS
FIR-783/2025-8154,Theft,BNS 2023,171,Stole copper wires from a construction site in Cubbon Park PS
FIR-400/2025-979b,Theft,BNS 2023,209,Pickpocketed mobile phone at a crowded market in Kyathasandra PS
FIR-967/2026-107a,Assault,BNS 2023,323,Road rage incident leading to severe injuries near Khadebazar PS
FIR-107/2025-8837,Murder,BNS 2023,153,Attacked with a sharp weapon at night near Malleswaram PS
FIR-731/2025-e9dd,Murder,BNS 2023,195,Poisoned during a family dispute at Khadebazar PS
FIR-178/2026-7572,Cyber Crime,BNS 2023,136,Tricked victim into sharing OTP over phone call
FIR-587/2026-f807,Assault,BNS 2023,275,Road rage incident leading to severe injuries near Belagavi Camp PS
FIR-354/2026-c5f6,Robbery,BNS 2023,358,Threatened with a knife and stole wallet at Indiranagar PS
FIR-616/2025-0993,Assault,BNS 2023,264,Road rage incident leading to severe injuries near Cubbon Park PS
FIR-786/2026-5c91,Cheating,BNS 2023,280,Sold fake property documents to victim in Kyathasandra PS
FIR-926/2025-7d25,Assault,BNS 2023,239,Physical altercation over property dispute in Belagavi Camp PS
FIR-671/2025-da9c,Cyber Crime,BNS 2023,164,Romance scam on dating app leading to crypto transfer
FIR-245/2026-8804,Theft,BNS 2023,192,Stole parked two-wheeler from Tumakuru Town PS
FIR-949/2025-9e44,NDPS,BNS 2023,242,Found possessing cocaine at a rave party in Belagavi Camp PS
FIR-759/2026-c007,Cheating,BNS 2023,128,Promised a job and took advance money in Tumakuru Town PS
FIR-447/2025-4c77,Cyber Crime,BNS 2023,154,Tricked victim into sharing OTP over phone call
FIR-977/2026-c01d,NDPS,BNS 2023,228,Smuggling synthetic drugs in a hidden compartment near Devaraja PS
FIR-570/2026-e218,Murder,BNS 2023,246,Poisoned during a family dispute at Indiranagar PS
FIR-166/2025-d44f,NDPS,BNS 2023,392,Found possessing cocaine at a rave party in Tilakwadi PS
FIR-332/2025-9e60,Robbery,BNS 2023,116,Threatened with a knife and stole wallet at Belagavi Camp PS
FIR-277/2025-199c,Assault,BNS 2023,303,Road rage incident leading to severe injuries near Devaraja PS
FIR-110/2026-7d79,Cheating,BNS 2023,111,Sold fake property documents to victim in Khadebazar PS
FIR-272/2025-2e41,POCSO,BNS 2023,181,Assaulted minor on the way to school near Koramangala PS
FIR-138/2025-d3f0,Assault,BNS 2023,210,Physical altercation over property dispute in Tilakwadi PS
FIR-316/2026-ba4b,Assault,BNS 2023,383,Road rage incident leading to severe injuries near Belagavi Camp PS
FIR-288/2026-97de,Cheating,BNS 2023,160,Chit fund scam defrauding multiple investors in Kyathasandra PS
FIR-345/2025-9282,Robbery,BNS 2023,166,Snatched gold chain while victim was walking near Dharwad Suburban PS
FIR-956/2026-d1ad,Robbery,BNS 2023,354,Threatened with a knife and stole wallet at Kyathasandra PS
FIR-853/2025-2f3c,NDPS,BNS 2023,115,Smuggling synthetic drugs in a hidden compartment near Tumakuru Town PS
FIR-257/2026-55e8,Murder,BNS 2023,267,Poisoned during a family dispute at Tumakuru Town PS
FIR-404/2025-f42c,POCSO,BNS 2023,142,Harassed minor in the neighborhood of Saraswathipuram PS
FIR-725/2026-3f28,NDPS,BNS 2023,387,Smuggling synthetic drugs in a hidden compartment near Tumakuru Town PS
FIR-629/2025-eae2,Cheating,BNS 2023,165,Promised a job and took advance money in Kuvempunagar PS
FIR-242/2025-8d09,Cyber Crime,BNS 2023,362,Tricked victim into sharing OTP over phone call
FIR-754/2026-be8c,Robbery,BNS 2023,116,Threatened with a knife and stole wallet at Devaraja PS
FIR-683/2026-cd2e,Cyber Crime,BNS 2023,193,Romance scam on dating app leading to crypto transfer
FIR-910/2026-3e80,POCSO,BNS 2023,398,Harassed minor in the neighborhood of Belagavi Camp PS
FIR-628/2026-5c0b,Theft,BNS 2023,136,Stole parked two-wheeler from Indiranagar PS
FIR-186/2026-1118,Cheating,BNS 2023,218,Promised a job and took advance money in Dharwad Suburban PS
FIR-212/2026-9c79,Robbery,BNS 2023,348,Broke into house and stole valuables in Kyathasandra PS
FIR-832/2025-7af7,NDPS,BNS 2023,203,Caught selling marijuana packets near college in Tumakuru Town PS
FIR-687/2025-e419,POCSO,BNS 2023,269,Harassed minor in the neighborhood of Kyathasandra PS
FIR-640/2025-9680,NDPS,BNS 2023,317,Caught selling marijuana packets near college in Tilakwadi PS
FIR-769/2026-7031,Theft,BNS 2023,277,Stole parked two-wheeler from Tilakwadi PS
FIR-715/2025-6bb2,NDPS,BNS 2023,299,Smuggling synthetic drugs in a hidden compartment near Hubballi Town PS
FIR-200/2025-bd1d,Assault,BNS 2023,206,Physical altercation over property dispute in Kuvempunagar PS
FIR-472/2026-7637,Murder,BNS 2023,139,Poisoned during a family dispute at Tilakwadi PS
FIR-953/2025-dfea,POCSO,BNS 2023,168,Groomed minor over social media
FIR-689/2025-7617,Cyber Crime,BNS 2023,250,Romance scam on dating app leading to crypto transfer
FIR-318/2026-1e6f,NDPS,BNS 2023,325,Caught selling marijuana packets near college in Khadebazar PS
FIR-573/2025-2414,Cyber Crime,BNS 2023,323,Sent phishing link offering fake loan
FIR-804/2026-1693,Murder,BNS 2023,291,Attacked with a sharp weapon at night near Tumakuru Town PS
FIR-824/2025-f178,Cheating,BNS 2023,368,Promised a job and took advance money in Hubballi Town PS
FIR-980/2026-d9c0,Cheating,BNS 2023,352,Promised a job and took advance money in Cubbon Park PS
FIR-181/2026-59bd,Theft,BNS 2023,294,Stole copper wires from a construction site in Khadebazar PS
FIR-990/2025-d349,Cheating,BNS 2023,351,Chit fund scam defrauding multiple investors in Khadebazar PS
FIR-989/2026-f1b8,Assault,BNS 2023,129,Physical altercation over property dispute in Kuvempunagar PS
FIR-371/2026-5057,Theft,BNS 2023,243,Stole copper wires from a construction site in Koramangala PS
FIR-641/2026-0dda,Robbery,BNS 2023,118,Snatched gold chain while victim was walking near Devaraja PS
FIR-891/2025-8e0a,Assault,BNS 2023,186,Group clash using sticks and stones in Belagavi Camp PS
FIR-569/2026-072b,Murder,BNS 2023,313,Attacked with a sharp weapon at night near Cubbon Park PS
FIR-268/2026-ffd6,POCSO,BNS 2023,336,Groomed minor over social media
FIR-812/2025-a40c,Theft,BNS 2023,386,Stole copper wires from a construction site in Tilakwadi PS
FIR-594/2026-8ef6,Assault,BNS 2023,163,Group clash using sticks and stones in Vidyanagar PS
FIR-146/2025-e3c8,Theft,BNS 2023,107,Stole parked two-wheeler from Tumakuru Town PS
FIR-284/2025-503d,Theft,BNS 2023,287,Stole parked two-wheeler from Vidyanagar PS
FIR-310/2026-1d47,Cyber Crime,BNS 2023,338,Romance scam on dating app leading to crypto transfer
FIR-822/2025-3196,Assault,BNS 2023,280,Physical altercation over property dispute in Indiranagar PS
FIR-381/2025-e573,POCSO,BNS 2023,259,Groomed minor over social media
FIR-443/2025-81d1,Theft,BNS 2023,280,Stole copper wires from a construction site in Kuvempunagar PS
FIR-455/2026-2b7e,Murder,BNS 2023,286,Attacked with a sharp weapon at night near Hubballi Town PS
FIR-228/2025-391a,Murder,BNS 2023,239,Attacked with a sharp weapon at night near Khadebazar PS
FIR-486/2026-6b09,POCSO,BNS 2023,236,Groomed minor over social media
FIR-401/2025-7a68,Robbery,BNS 2023,283,Snatched gold chain while victim was walking near Khadebazar PS
FIR-247/2025-d3e0,POCSO,BNS 2023,149,Groomed minor over social media
FIR-571/2026-2d46,Theft,BNS 2023,112,Stole copper wires from a construction site in Hubballi Town PS
FIR-364/2026-719e,Murder,BNS 2023,220,Attacked with a sharp weapon at night near Kyathasandra PS
FIR-706/2026-b6de,Cyber Crime,BNS 2023,128,Tricked victim into sharing OTP over phone call
FIR-298/2025-1bcc,Robbery,BNS 2023,125,Broke into house and stole valuables in Malleswaram PS
FIR-523/2026-fc54,Cheating,BNS 2023,309,Promised a job and took advance money in Belagavi Camp PS
FIR-855/2025-47f1,Cyber Crime,BNS 2023,195,Sent phishing link offering fake loan
FIR-304/2026-1938,Assault,BNS 2023,299,Physical altercation over property dispute in Tumakuru Town PS
FIR-515/2026-ce74,Assault,BNS 2023,308,Group clash using sticks and stones in Vidyanagar PS
FIR-836/2025-2332,Cyber Crime,BNS 2023,300,Romance scam on dating app leading to crypto transfer
FIR-920/2025-164c,Cheating,BNS 2023,220,Sold fake property documents to victim in Saraswathipuram PS
FIR-387/2025-797f,Cheating,BNS 2023,246,Sold fake property documents to victim in Vidyanagar PS
FIR-574/2026-d025,Cyber Crime,BNS 2023,165,Tricked victim into sharing OTP over phone call
FIR-777/2026-d365,POCSO,BNS 2023,391,Assaulted minor on the way to school near Tilakwadi PS
FIR-514/2025-b993,Cyber Crime,BNS 2023,296,Romance scam on dating app leading to crypto transfer
FIR-412/2026-452e,Cheating,BNS 2023,106,Promised a job and took advance money in Kuvempunagar PS
FIR-126/2025-5f66,Cyber Crime,BNS 2023,324,Romance scam on dating app leading to crypto transfer
FIR-109/2026-8104,Assault,BNS 2023,308,Group clash using sticks and stones in Kyathasandra PS
FIR-154/2026-5fca,Assault,BNS 2023,137,Group clash using sticks and stones in Tilakwadi PS
FIR-170/2025-9438,Theft,BNS 2023,187,Stole parked two-wheeler from Devaraja PS
FIR-803/2026-a6b3,Cheating,BNS 2023,383,Sold fake property documents to victim in Vidyanagar PS
FIR-996/2025-7d0d,Robbery,BNS 2023,252,Broke into house and stole valuables in Kuvempunagar PS
FIR-411/2026-6544,Murder,BNS 2023,253,Stabbed after a drunken brawl in Saraswathipuram PS
FIR-354/2025-e5c9,Murder,BNS 2023,300,Attacked with a sharp weapon at night near Belagavi Camp PS
FIR-112/2025-1d87,Robbery,BNS 2023,154,Threatened with a knife and stole wallet at Malleswaram PS
FIR-180/2025-9800,Assault,BNS 2023,276,Physical altercation over property dispute in Tumakuru Town PS
FIR-164/2026-a73f,Robbery,BNS 2023,324,Snatched gold chain while victim was walking near Malleswaram PS
FIR-461/2026-7cd7,NDPS,BNS 2023,229,Smuggling synthetic drugs in a hidden compartment near Tumakuru Town PS
FIR-407/2026-91f3,Theft,BNS 2023,268,Stole parked two-wheeler from Cubbon Park PS
FIR-120/2026-3141,Cyber Crime,BNS 2023,350,Sent phishing link offering fake loan
FIR-142/2026-445d,Cheating,BNS 2023,144,Chit fund scam defrauding multiple investors in Tilakwadi PS
FIR-636/2025-4514,Robbery,BNS 2023,270,Snatched gold chain while victim was walking near Malleswaram PS
FIR-574/2026-d519,Theft,BNS 2023,134,Stole parked two-wheeler from Kyathasandra PS
FIR-559/2025-54a6,Cheating,BNS 2023,280,Sold fake property documents to victim in Khadebazar PS
FIR-297/2026-c16a,Assault,BNS 2023,194,Group clash using sticks and stones in Kyathasandra PS
FIR-912/2025-4a22,Cyber Crime,BNS 2023,241,Tricked victim into sharing OTP over phone call
FIR-708/2026-43a7,NDPS,BNS 2023,253,Found possessing cocaine at a rave party in Tilakwadi PS
FIR-719/2026-11f7,Robbery,BNS 2023,334,Threatened with a knife and stole wallet at Malleswaram PS
FIR-963/2026-779b,Cheating,BNS 2023,114,Sold fake property documents to victim in Cubbon Park PS
FIR-955/2025-e7aa,Assault,BNS 2023,209,Road rage incident leading to severe injuries near Cubbon Park PS
FIR-831/2026-220d,POCSO,BNS 2023,360,Assaulted minor on the way to school near Belagavi Camp PS
FIR-987/2025-cc50,POCSO,BNS 2023,111,Assaulted minor on the way to school near Dharwad Suburban PS
FIR-269/2026-c6a1,Assault,BNS 2023,150,Road rage incident leading to severe injuries near Cubbon Park PS
FIR-754/2026-7c81,Cyber Crime,BNS 2023,286,Romance scam on dating app leading to crypto transfer
FIR-365/2025-9424,Murder,BNS 2023,203,Stabbed after a drunken brawl in Vidyanagar PS
FIR-907/2025-82c8,Murder,BNS 2023,374,Poisoned during a family dispute at Khadebazar PS
FIR-791/2025-4e71,POCSO,BNS 2023,218,Groomed minor over social media
FIR-750/2026-9b81,POCSO,BNS 2023,301,Assaulted minor on the way to school near Hubballi Town PS
FIR-308/2026-2547,Theft,BNS 2023,392,Stole parked two-wheeler from Dharwad Suburban PS
FIR-350/2025-62cf,POCSO,BNS 2023,347,Groomed minor over social media
FIR-447/2026-a1ba,Cyber Crime,BNS 2023,118,Tricked victim into sharing OTP over phone call
FIR-167/2025-9d8f,POCSO,BNS 2023,347,Harassed minor in the neighborhood of Belagavi Camp PS
FIR-561/2025-cbe4,Cheating,BNS 2023,197,Chit fund scam defrauding multiple investors in Dharwad Suburban PS
FIR-445/2026-6b15,NDPS,BNS 2023,275,Found possessing cocaine at a rave party in Indiranagar PS
FIR-498/2025-17a8,Cheating,BNS 2023,109,Sold fake property documents to victim in Indiranagar PS
FIR-596/2025-85f7,Robbery,BNS 2023,280,Threatened with a knife and stole wallet at Vidyanagar PS
FIR-714/2025-ff56,Cheating,BNS 2023,127,Chit fund scam defrauding multiple investors in Dharwad Suburban PS
FIR-808/2026-bd22,Murder,BNS 2023,314,Poisoned during a family dispute at Belagavi Camp PS
FIR-937/2025-6047,Cyber Crime,BNS 2023,201,Romance scam on dating app leading to crypto transfer
FIR-683/2025-d4f7,Assault,BNS 2023,138,Physical altercation over property dispute in Vidyanagar PS
FIR-745/2026-3828,Murder,BNS 2023,116,Attacked with a sharp weapon at night near Khadebazar PS
FIR-885/2025-f409,NDPS,BNS 2023,385,Smuggling synthetic drugs in a hidden compartment near Tumakuru Town PS
FIR-673/2026-db0f,Theft,BNS 2023,191,Stole parked two-wheeler from Kuvempunagar PS
FIR-400/2026-92d6,Assault,BNS 2023,134,Group clash using sticks and stones in Tumakuru Town PS
FIR-795/2025-1109,Murder,BNS 2023,397,Attacked with a sharp weapon at night near Tilakwadi PS
FIR-977/2026-638f,POCSO,BNS 2023,338,Assaulted minor on the way to school near Indiranagar PS
FIR-693/2025-e0d7,Theft,BNS 2023,369,Stole parked two-wheeler from Dharwad Suburban PS
FIR-770/2026-4707,POCSO,BNS 2023,164,Harassed minor in the neighborhood of Koramangala PS
FIR-959/2026-9c50,Murder,BNS 2023,202,Stabbed after a drunken brawl in Indiranagar PS
FIR-561/2026-06d7,NDPS,BNS 2023,152,Found possessing cocaine at a rave party in Dharwad Suburban PS
FIR-244/2026-44b3,Assault,BNS 2023,102,Physical altercation over property dispute in Kuvempunagar PS
FIR-314/2026-3577,Theft,BNS 2023,222,Stole parked two-wheeler from Malleswaram PS
FIR-212/2026-7a19,POCSO,BNS 2023,221,Harassed minor in the neighborhood of Tilakwadi PS
FIR-198/2026-5742,POCSO,BNS 2023,214,Harassed minor in the neighborhood of Tumakuru Town PS
FIR-260/2025-bc02,POCSO,BNS 2023,242,Harassed minor in the neighborhood of Malleswaram PS
FIR-369/2026-7030,Robbery,BNS 2023,306,Snatched gold chain while victim was walking near Malleswaram PS
FIR-779/2026-3dd0,POCSO,BNS 2023,107,Assaulted minor on the way to school near Devaraja PS
FIR-940/2025-2ec5,Murder,BNS 2023,129,Stabbed after a drunken brawl in Saraswathipuram PS
FIR-942/2026-bad5,Assault,BNS 2023,263,Physical altercation over property dispute in Devaraja PS
FIR-545/2026-d77e,Assault,BNS 2023,348,Group clash using sticks and stones in Kuvempunagar PS
FIR-458/2025-7ef8,Murder,BNS 2023,298,Attacked with a sharp weapon at night near Koramangala PS
FIR-481/2025-d11f,Cyber Crime,BNS 2023,229,Tricked victim into sharing OTP over phone call
FIR-476/2025-0e75,POCSO,BNS 2023,226,Groomed minor over social media
FIR-429/2025-8101,Cyber Crime,BNS 2023,315,Sent phishing link offering fake loan
FIR-403/2026-c8af,POCSO,BNS 2023,379,Assaulted minor on the way to school near Tumakuru Town PS
FIR-384/2026-beba,Theft,BNS 2023,210,Stole parked two-wheeler from Tilakwadi PS
FIR-764/2026-a223,Theft,BNS 2023,371,Stole copper wires from a construction site in Cubbon Park PS
FIR-920/2025-4f70,Cheating,BNS 2023,282,Chit fund scam defrauding multiple investors in Kuvempunagar PS
FIR-105/2025-583c,Cheating,BNS 2023,291,Chit fund scam defrauding multiple investors in Koramangala PS
FIR-577/2026-0437,Cheating,BNS 2023,212,Chit fund scam defrauding multiple investors in Kyathasandra PS
FIR-932/2026-1f03,Assault,BNS 2023,220,Physical altercation over property dispute in Tumakuru Town PS
FIR-960/2025-0558,Theft,BNS 2023,174,Stole copper wires from a construction site in Saraswathipuram PS
FIR-601/2026-65df,Assault,BNS 2023,329,Group clash using sticks and stones in Hubballi Town PS
FIR-464/2025-ed5d,NDPS,BNS 2023,390,Caught selling marijuana packets near college in Belagavi Camp PS
FIR-717/2026-f93f,Theft,BNS 2023,208,Pickpocketed mobile phone at a crowded market in Dharwad Suburban PS
FIR-467/2026-2778,Cyber Crime,BNS 2023,331,Romance scam on dating app leading to crypto transfer
FIR-248/2026-e0de,Cheating,BNS 2023,355,Chit fund scam defrauding multiple investors in Vidyanagar PS
FIR-563/2026-fdbf,Cheating,BNS 2023,231,Sold fake property documents to victim in Kyathasandra PS
FIR-337/2026-8611,Robbery,BNS 2023,321,Broke into house and stole valuables in Tumakuru Town PS
FIR-142/2025-8d13,Cheating,BNS 2023,165,Sold fake property documents to victim in Vidyanagar PS
FIR-272/2026-2fbe,Assault,BNS 2023,229,Physical altercation over property dispute in Vidyanagar PS
FIR-172/2025-8e6d,Robbery,BNS 2023,262,Threatened with a knife and stole wallet at Tumakuru Town PS
FIR-203/2025-8ce4,Robbery,BNS 2023,225,Threatened with a knife and stole wallet at Kyathasandra PS
FIR-610/2026-0c8b,Murder,BNS 2023,193,Attacked with a sharp weapon at night near Devaraja PS
FIR-258/2026-9024,Cheating,BNS 2023,377,Chit fund scam defrauding multiple investors in Dharwad Suburban PS
FIR-495/2026-730f,NDPS,BNS 2023,321,Caught selling marijuana packets near college in Dharwad Suburban PS
FIR-941/2026-fafd,Murder,BNS 2023,142,Stabbed after a drunken brawl in Vidyanagar PS
FIR-901/2025-8a5e,Murder,BNS 2023,234,Poisoned during a family dispute at Tilakwadi PS
FIR-850/2025-8c1d,NDPS,BNS 2023,389,Smuggling synthetic drugs in a hidden compartment near Koramangala PS
FIR-371/2026-e398,Murder,BNS 2023,321,Poisoned during a family dispute at Belagavi Camp PS
FIR-382/2025-2800,Robbery,BNS 2023,243,Threatened with a knife and stole wallet at Vidyanagar PS
FIR-465/2025-20a1,Murder,BNS 2023,357,Attacked with a sharp weapon at night near Tumakuru Town PS
FIR-517/2025-c012,Robbery,BNS 2023,383,Threatened with a knife and stole wallet at Vidyanagar PS
FIR-839/2026-e99e,Cyber Crime,BNS 2023,180,Tricked victim into sharing OTP over phone call
FIR-917/2025-3f58,Assault,BNS 2023,348,Road rage incident leading to severe injuries near Belagavi Camp PS
FIR-624/2026-5b45,NDPS,BNS 2023,375,Found possessing cocaine at a rave party in Kyathasandra PS
FIR-367/2026-b837,NDPS,BNS 2023,142,Found possessing cocaine at a rave party in Devaraja PS
FIR-313/2025-ce40,Cheating,BNS 2023,139,Promised a job and took advance money in Saraswathipuram PS
FIR-455/2025-3c66,NDPS,BNS 2023,123,Found possessing cocaine at a rave party in Kyathasandra PS
FIR-346/2025-9008,Cyber Crime,BNS 2023,299,Sent phishing link offering fake loan
FIR-157/2026-3b6b,Cheating,BNS 2023,175,Promised a job and took advance money in Dharwad Suburban PS
FIR-437/2025-14ec,Assault,BNS 2023,108,Road rage incident leading to severe injuries near Vidyanagar PS
FIR-932/2026-c84a,POCSO,BNS 2023,245,Harassed minor in the neighborhood of Hubballi Town PS
FIR-321/2025-4516,Murder,BNS 2023,128,Attacked with a sharp weapon at night near Devaraja PS
FIR-658/2025-2468,Cheating,BNS 2023,392,Promised a job and took advance money in Kyathasandra PS
FIR-661/2026-d679,Murder,BNS 2023,389,Poisoned during a family dispute at Tilakwadi PS
FIR-348/2025-91e9,Robbery,BNS 2023,298,Threatened with a knife and stole wallet at Tumakuru Town PS
FIR-345/2025-32c7,NDPS,BNS 2023,175,Found possessing cocaine at a rave party in Khadebazar PS
FIR-211/2025-80c4,Robbery,BNS 2023,317,Threatened with a knife and stole wallet at Dharwad Suburban PS
FIR-942/2025-8a06,Cyber Crime,BNS 2023,341,Sent phishing link offering fake loan
FIR-532/2026-da6f,Cyber Crime,BNS 2023,157,Romance scam on dating app leading to crypto transfer
FIR-329/2026-59a1,Cyber Crime,BNS 2023,143,Sent phishing link offering fake loan
FIR-527/2025-c264,Murder,BNS 2023,139,Stabbed after a drunken brawl in Khadebazar PS
FIR-683/2026-698d,Murder,BNS 2023,323,Poisoned during a family dispute at Cubbon Park PS
FIR-811/2026-bf29,Cheating,BNS 2023,359,Promised a job and took advance money in Hubballi Town PS
FIR-840/2025-0fe6,POCSO,BNS 2023,283,Assaulted minor on the way to school near Khadebazar PS
FIR-143/2026-e1cd,Cyber Crime,BNS 2023,182,Tricked victim into sharing OTP over phone call
FIR-584/2025-8ecf,Theft,BNS 2023,106,Pickpocketed mobile phone at a crowded market in Belagavi Camp PS
FIR-391/2026-2b84,Theft,BNS 2023,184,Stole copper wires from a construction site in Kuvempunagar PS
FIR-411/2025-37eb,Cheating,BNS 2023,362,Chit fund scam defrauding multiple investors in Devaraja PS
FIR-676/2026-d312,Theft,BNS 2023,232,Stole copper wires from a construction site in Kyathasandra PS
FIR-908/2025-3516,Theft,BNS 2023,133,Pickpocketed mobile phone at a crowded market in Saraswathipuram PS
FIR-618/2025-a2d0,Murder,BNS 2023,125,Poisoned during a family dispute at Belagavi Camp PS
FIR-872/2026-d85b,Cyber Crime,BNS 2023,310,Tricked victim into sharing OTP over phone call
FIR-441/2026-d7ff,Cyber Crime,BNS 2023,287,Tricked victim into sharing OTP over phone call
FIR-653/2026-ae83,NDPS,BNS 2023,363,Found possessing cocaine at a rave party in Saraswathipuram PS
FIR-394/2025-10f5,Robbery,BNS 2023,157,Threatened with a knife and stole wallet at Tumakuru Town PS
FIR-127/2026-9289,NDPS,BNS 2023,284,Smuggling synthetic drugs in a hidden compartment near Saraswathipuram PS
FIR-214/2025-8aca,NDPS,BNS 2023,129,Caught selling marijuana packets near college in Devaraja PS
FIR-660/2025-e9c9,Murder,BNS 2023,229,Attacked with a sharp weapon at night near Hubballi Town PS
FIR-712/2026-b8f5,Murder,BNS 2023,244,Stabbed after a drunken brawl in Tilakwadi PS
FIR-213/2026-0606,POCSO,BNS 2023,295,Groomed minor over social media
FIR-836/2026-3a47,Cheating,BNS 2023,168,Promised a job and took advance money in Tumakuru Town PS
FIR-503/2026-1825,Murder,BNS 2023,177,Poisoned during a family dispute at Hubballi Town PS
FIR-170/2026-4eaf,NDPS,BNS 2023,139,Smuggling synthetic drugs in a hidden compartment near Kuvempunagar PS
FIR-673/2026-f709,POCSO,BNS 2023,347,Groomed minor over social media
FIR-222/2025-a604,Robbery,BNS 2023,205,Threatened with a knife and stole wallet at Indiranagar PS
FIR-452/2026-1bfc,Cyber Crime,BNS 2023,273,Tricked victim into sharing OTP over phone call
FIR-651/2025-59b6,Cyber Crime,BNS 2023,387,Sent phishing link offering fake loan
FIR-854/2026-f6ae,NDPS,BNS 2023,104,Smuggling synthetic drugs in a hidden compartment near Khadebazar PS
FIR-469/2026-feff,NDPS,BNS 2023,132,Caught selling marijuana packets near college in Kyathasandra PS
FIR-327/2026-d28d,Cyber Crime,BNS 2023,171,Tricked victim into sharing OTP over phone call
FIR-309/2025-8d4a,Murder,BNS 2023,146,Attacked with a sharp weapon at night near Tumakuru Town PS
FIR-339/2025-ee3a,Theft,BNS 2023,163,Pickpocketed mobile phone at a crowded market in Indiranagar PS
FIR-401/2026-a690,Theft,BNS 2023,190,Stole copper wires from a construction site in Kyathasandra PS
FIR-408/2026-a122,Cheating,BNS 2023,284,Chit fund scam defrauding multiple investors in Tumakuru Town PS
FIR-840/2026-73fb,Assault,BNS 2023,327,Road rage incident leading to severe injuries near Koramangala PS
FIR-773/2025-6a87,Theft,BNS 2023,138,Stole copper wires from a construction site in Tumakuru Town PS
FIR-163/2025-ef3f,Cheating,BNS 2023,209,Sold fake property documents to victim in Koramangala PS
FIR-846/2026-2c58,Theft,BNS 2023,232,Stole copper wires from a construction site in Hubballi Town PS
FIR-768/2026-6569,Assault,BNS 2023,363,Group clash using sticks and stones in Koramangala PS
FIR-844/2026-c680,Cheating,BNS 2023,354,Sold fake property documents to victim in Kyathasandra PS
FIR-286/2026-a312,Cheating,BNS 2023,113,Sold fake property documents to victim in Vidyanagar PS
FIR-268/2025-a4c3,NDPS,BNS 2023,249,Caught selling marijuana packets near college in Koramangala PS
FIR-155/2026-ce2b,Robbery,BNS 2023,292,Threatened with a knife and stole wallet at Koramangala PS
FIR-536/2025-cb43,Cyber Crime,BNS 2023,189,Tricked victim into sharing OTP over phone call
FIR-740/2025-cce6,Assault,BNS 2023,179,Physical altercation over property dispute in Tumakuru Town PS
FIR-384/2025-7603,Robbery,BNS 2023,225,Snatched gold chain while victim was walking near Khadebazar PS
FIR-642/2026-55a4,Theft,BNS 2023,268,Stole parked two-wheeler from Koramangala PS
FIR-197/2026-9a21,Theft,BNS 2023,287,Stole parked two-wheeler from Tumakuru Town PS
FIR-791/2026-575b,Robbery,BNS 2023,259,Threatened with a knife and stole wallet at Tumakuru Town PS
FIR-953/2025-9503,Murder,BNS 2023,145,Stabbed after a drunken brawl in Saraswathipuram PS
FIR-859/2026-0a80,Robbery,BNS 2023,189,Snatched gold chain while victim was walking near Hubballi Town PS
FIR-404/2026-bd20,Cheating,BNS 2023,202,Sold fake property documents to victim in Khadebazar PS
FIR-103/2025-682a,Murder,BNS 2023,318,Stabbed after a drunken brawl in Tilakwadi PS
FIR-919/2026-6a9d,NDPS,BNS 2023,235,Found possessing cocaine at a rave party in Vidyanagar PS
FIR-313/2025-63c6,NDPS,BNS 2023,385,Found possessing cocaine at a rave party in Tilakwadi PS
FIR-609/2025-b461,POCSO,BNS 2023,361,Groomed minor over social media
FIR-788/2025-ed3e,Theft,BNS 2023,361,Stole parked two-wheeler from Khadebazar PS
FIR-419/2026-c6fa,Theft,BNS 2023,233,Stole parked two-wheeler from Cubbon Park PS
FIR-812/2025-3cd1,Murder,BNS 2023,212,Poisoned during a family dispute at Vidyanagar PS
FIR-790/2026-b195,Cheating,BNS 2023,282,Promised a job and took advance money in Malleswaram PS
FIR-368/2026-7214,Assault,BNS 2023,249,Physical altercation over property dispute in Tumakuru Town PS
FIR-785/2025-8e5d,Theft,BNS 2023,399,Stole copper wires from a construction site in Hubballi Town PS
FIR-969/2026-4e2d,Cheating,BNS 2023,245,Sold fake property documents to victim in Devaraja PS
FIR-479/2026-e086,Theft,BNS 2023,144,Stole parked two-wheeler from Kuvempunagar PS
FIR-927/2025-b3f2,Theft,BNS 2023,358,Stole copper wires from a construction site in Tumakuru Town PS
FIR-989/2025-d7db,Theft,BNS 2023,299,Stole parked two-wheeler from Cubbon Park PS
FIR-864/2026-39f0,POCSO,BNS 2023,263,Assaulted minor on the way to school near Tumakuru Town PS
FIR-758/2026-e275,Theft,BNS 2023,146,Stole copper wires from a construction site in Belagavi Camp PS
FIR-453/2026-0ee7,Murder,BNS 2023,356,Stabbed after a drunken brawl in Devaraja PS
FIR-607/2025-ff7a,Robbery,BNS 2023,387,Snatched gold chain while victim was walking near Koramangala PS
FIR-891/2026-7777,Theft,BNS 2023,384,Pickpocketed mobile phone at a crowded market in Kyathasandra PS
FIR-828/2025-10d9,Robbery,BNS 2023,295,Broke into house and stole valuables in Kyathasandra PS
FIR-690/2025-a9d4,NDPS,BNS 2023,127,Caught selling marijuana packets near college in Saraswathipuram PS
FIR-824/2025-c639,Theft,BNS 2023,247,Stole parked two-wheeler from Belagavi Camp PS
FIR-458/2025-63f5,NDPS,BNS 2023,221,Smuggling synthetic drugs in a hidden compartment near Cubbon Park PS
FIR-725/2026-df09,Cheating,BNS 2023,226,Promised a job and took advance money in Tilakwadi PS
FIR-463/2026-c8db,Cheating,BNS 2023,366,Sold fake property documents to victim in Kyathasandra PS
FIR-374/2025-79b9,Cyber Crime,BNS 2023,278,Romance scam on dating app leading to crypto transfer
FIR-866/2026-629f,POCSO,BNS 2023,234,Harassed minor in the neighborhood of Vidyanagar PS
FIR-163/2026-03f5,NDPS,BNS 2023,221,Smuggling synthetic drugs in a hidden compartment near Devaraja PS
FIR-413/2026-7557,Theft,BNS 2023,258,Stole parked two-wheeler from Kuvempunagar PS
FIR-402/2026-54c4,Robbery,BNS 2023,126,Snatched gold chain while victim was walking near Tumakuru Town PS
FIR-589/2025-7987,POCSO,BNS 2023,260,Harassed minor in the neighborhood of Saraswathipuram PS
FIR-443/2026-8db4,NDPS,BNS 2023,369,Smuggling synthetic drugs in a hidden compartment near Devaraja PS
FIR-659/2026-8431,Cheating,BNS 2023,321,Sold fake property documents to victim in Saraswathipuram PS
FIR-663/2025-2b9f,POCSO,BNS 2023,176,Harassed minor in the neighborhood of Devaraja PS
FIR-131/2025-d683,NDPS,BNS 2023,103,Smuggling synthetic drugs in a hidden compartment near Kuvempunagar PS
FIR-321/2026-6478,Murder,BNS 2023,333,Poisoned during a family dispute at Kyathasandra PS
FIR-103/2026-f3cc,Cyber Crime,BNS 2023,189,Tricked victim into sharing OTP over phone call
FIR-355/2026-0819,Cyber Crime,BNS 2023,270,Tricked victim into sharing OTP over phone call
FIR-252/2026-665c,NDPS,BNS 2023,314,Found possessing cocaine at a rave party in Kyathasandra PS
FIR-547/2026-1d17,Assault,BNS 2023,118,Group clash using sticks and stones in Cubbon Park PS
FIR-132/2025-9dc3,Cyber Crime,BNS 2023,152,Romance scam on dating app leading to crypto transfer
FIR-415/2025-94c9,Theft,BNS 2023,103,Stole copper wires from a construction site in Hubballi Town PS
FIR-702/2025-b313,NDPS,BNS 2023,369,Found possessing cocaine at a rave party in Kuvempunagar PS
FIR-972/2025-f942,Robbery,BNS 2023,172,Threatened with a knife and stole wallet at Kuvempunagar PS
FIR-190/2026-b4a0,Robbery,BNS 2023,283,Threatened with a knife and stole wallet at Hubballi Town PS
FIR-255/2025-cf3b,Theft,BNS 2023,282,Stole copper wires from a construction site in Khadebazar PS
FIR-683/2026-bf0f,NDPS,BNS 2023,130,Caught selling marijuana packets near college in Cubbon Park PS
FIR-470/2025-2d41,Murder,BNS 2023,313,Attacked with a sharp weapon at night near Malleswaram PS
FIR-723/2026-4d02,Cheating,BNS 2023,124,Promised a job and took advance money in Tilakwadi PS
FIR-921/2025-0388,Murder,BNS 2023,309,Poisoned during a family dispute at Vidyanagar PS
FIR-725/2025-f2cd,Cheating,BNS 2023,372,Promised a job and took advance money in Dharwad Suburban PS
FIR-898/2026-2d0f,NDPS,BNS 2023,331,Found possessing cocaine at a rave party in Cubbon Park PS
FIR-886/2026-be0c,Murder,BNS 2023,158,Stabbed after a drunken brawl in Tumakuru Town PS
FIR-436/2026-b729,POCSO,BNS 2023,266,Assaulted minor on the way to school near Devaraja PS
FIR-635/2025-c7ea,Murder,BNS 2023,385,Stabbed after a drunken brawl in Vidyanagar PS
FIR-444/2025-f55d,Robbery,BNS 2023,308,Broke into house and stole valuables in Hubballi Town PS
FIR-783/2026-0895,NDPS,BNS 2023,181,Found possessing cocaine at a rave party in Dharwad Suburban PS
FIR-447/2025-f04a,NDPS,BNS 2023,234,Found possessing cocaine at a rave party in Dharwad Suburban PS
FIR-339/2026-220e,Robbery,BNS 2023,255,Threatened with a knife and stole wallet at Belagavi Camp PS
FIR-497/2026-6750,Cyber Crime,BNS 2023,146,Romance scam on dating app leading to crypto transfer
FIR-569/2026-4cc4,Robbery,BNS 2023,111,Broke into house and stole valuables in Vidyanagar PS
FIR-510/2026-858d,Theft,BNS 2023,174,Stole parked two-wheeler from Hubballi Town PS
FIR-312/2025-71eb,Murder,BNS 2023,106,Attacked with a sharp weapon at night near Saraswathipuram PS
FIR-534/2026-b2d7,Cyber Crime,BNS 2023,397,Sent phishing link offering fake loan
FIR-701/2025-a16e,POCSO,BNS 2023,231,Harassed minor in the neighborhood of Kyathasandra PS
FIR-145/2025-f27c,NDPS,BNS 2023,280,Caught selling marijuana packets near college in Khadebazar PS
FIR-183/2025-ef70,Assault,BNS 2023,389,Physical altercation over property dispute in Indiranagar PS
FIR-202/2025-7ba9,NDPS,BNS 2023,283,Caught selling marijuana packets near college in Saraswathipuram PS
FIR-870/2026-495e,Cheating,BNS 2023,226,Chit fund scam defrauding multiple investors in Hubballi Town PS
FIR-991/2026-fe86,Theft,BNS 2023,202,Pickpocketed mobile phone at a crowded market in Vidyanagar PS
FIR-843/2025-e717,Theft,BNS 2023,163,Pickpocketed mobile phone at a crowded market in Belagavi Camp PS
FIR-975/2026-c245,Robbery,BNS 2023,155,Broke into house and stole valuables in Devaraja PS
FIR-414/2026-6b1c,Cheating,BNS 2023,363,Sold fake property documents to victim in Tumakuru Town PS
FIR-408/2025-f67d,Cyber Crime,BNS 2023,167,Romance scam on dating app leading to crypto transfer
FIR-639/2025-4d2b,Murder,BNS 2023,358,Attacked with a sharp weapon at night near Khadebazar PS
FIR-956/2026-52b4,Assault,BNS 2023,218,Group clash using sticks and stones in Indiranagar PS
FIR-672/2025-1ce5,Murder,BNS 2023,260,Stabbed after a drunken brawl in Saraswathipuram PS
FIR-499/2026-352a,Cheating,BNS 2023,259,Promised a job and took advance money in Dharwad Suburban PS
FIR-144/2026-2879,Assault,BNS 2023,175,Road rage incident leading to severe injuries near Khadebazar PS
FIR-365/2025-e16a,Theft,BNS 2023,188,Pickpocketed mobile phone at a crowded market in Belagavi Camp PS
FIR-681/2026-1e96,Murder,BNS 2023,316,Attacked with a sharp weapon at night near Malleswaram PS
FIR-183/2026-15cd,Murder,BNS 2023,263,Poisoned during a family dispute at Khadebazar PS
FIR-199/2026-26ae,NDPS,BNS 2023,290,Found possessing cocaine at a rave party in Hubballi Town PS
FIR-252/2025-3453,Murder,BNS 2023,185,Poisoned during a family dispute at Dharwad Suburban PS
FIR-593/2025-4155,Robbery,BNS 2023,108,Threatened with a knife and stole wallet at Belagavi Camp PS
FIR-518/2026-7422,Cyber Crime,BNS 2023,289,Tricked victim into sharing OTP over phone call
FIR-145/2026-a8fc,Assault,BNS 2023,339,Physical altercation over property dispute in Kuvempunagar PS
FIR-941/2026-e8dc,Robbery,BNS 2023,372,Broke into house and stole valuables in Hubballi Town PS
FIR-364/2026-138c,Murder,BNS 2023,106,Poisoned during a family dispute at Dharwad Suburban PS
FIR-577/2025-25d4,POCSO,BNS 2023,193,Groomed minor over social media
FIR-736/2026-10e7,Robbery,BNS 2023,302,Broke into house and stole valuables in Belagavi Camp PS
FIR-868/2025-3903,Theft,BNS 2023,300,Stole parked two-wheeler from Vidyanagar PS
FIR-864/2025-4696,Cheating,BNS 2023,366,Chit fund scam defrauding multiple investors in Cubbon Park PS
FIR-776/2026-697a,Robbery,BNS 2023,149,Snatched gold chain while victim was walking near Kyathasandra PS
FIR-855/2026-faa3,Cyber Crime,BNS 2023,301,Tricked victim into sharing OTP over phone call
FIR-906/2025-8cac,Theft,BNS 2023,284,Pickpocketed mobile phone at a crowded market in Belagavi Camp PS
FIR-267/2026-70ff,NDPS,BNS 2023,179,Caught selling marijuana packets near college in Tilakwadi PS
FIR-329/2025-c88f,Theft,BNS 2023,365,Pickpocketed mobile phone at a crowded market in Tumakuru Town PS
FIR-777/2025-908d,POCSO,BNS 2023,367,Groomed minor over social media
FIR-391/2026-731b,Cyber Crime,BNS 2023,398,Sent phishing link offering fake loan
FIR-596/2025-e3db,Cyber Crime,BNS 2023,184,Romance scam on dating app leading to crypto transfer
FIR-750/2025-91ea,Robbery,BNS 2023,136,Snatched gold chain while victim was walking near Tilakwadi PS
FIR-987/2026-a7fe,Cyber Crime,BNS 2023,384,Romance scam on dating app leading to crypto transfer
FIR-147/2025-c9a1,Robbery,BNS 2023,186,Threatened with a knife and stole wallet at Kyathasandra PS
FIR-103/2025-dccb,Theft,BNS 2023,184,Stole copper wires from a construction site in Kyathasandra PS
FIR-774/2025-6346,Assault,BNS 2023,394,Physical altercation over property dispute in Hubballi Town PS
FIR-645/2026-aa8b,Assault,BNS 2023,145,Group clash using sticks and stones in Kyathasandra PS
FIR-797/2026-e13d,Cyber Crime,BNS 2023,153,Romance scam on dating app leading to crypto transfer
FIR-639/2025-37db,Cheating,BNS 2023,358,Chit fund scam defrauding multiple investors in Vidyanagar PS
FIR-596/2025-3db1,POCSO,BNS 2023,284,Harassed minor in the neighborhood of Hubballi Town PS
FIR-742/2025-0e5c,NDPS,BNS 2023,326,Caught selling marijuana packets near college in Tumakuru Town PS
FIR-331/2025-0151,POCSO,BNS 2023,203,Assaulted minor on the way to school near Dharwad Suburban PS
FIR-665/2026-029f,Cyber Crime,BNS 2023,128,Romance scam on dating app leading to crypto transfer
FIR-897/2025-f213,Cheating,BNS 2023,398,Sold fake property documents to victim in Khadebazar PS
FIR-871/2025-a1a3,Cyber Crime,BNS 2023,360,Tricked victim into sharing OTP over phone call
FIR-638/2025-e44e,POCSO,BNS 2023,180,Harassed minor in the neighborhood of Cubbon Park PS
FIR-512/2026-b734,Murder,BNS 2023,206,Poisoned during a family dispute at Tumakuru Town PS
FIR-716/2026-84f3,NDPS,BNS 2023,366,Caught selling marijuana packets near college in Tumakuru Town PS
FIR-473/2025-bfdc,NDPS,BNS 2023,400,Caught selling marijuana packets near college in Tilakwadi PS
FIR-942/2026-d5d8,Theft,BNS 2023,217,Stole copper wires from a construction site in Belagavi Camp PS
FIR-320/2026-3002,POCSO,BNS 2023,129,Harassed minor in the neighborhood of Kuvempunagar PS
FIR-753/2026-1419,POCSO,BNS 2023,387,Harassed minor in the neighborhood of Dharwad Suburban PS
FIR-545/2026-0fe8,Theft,BNS 2023,296,Pickpocketed mobile phone at a crowded market in Belagavi Camp PS
FIR-729/2025-1f63,POCSO,BNS 2023,220,Harassed minor in the neighborhood of Devaraja PS
FIR-860/2026-fae2,NDPS,BNS 2023,256,Smuggling synthetic drugs in a hidden compartment near Khadebazar PS
FIR-187/2026-b242,Assault,BNS 2023,166,Group clash using sticks and stones in Devaraja PS
FIR-485/2026-9697,Murder,BNS 2023,175,Attacked with a sharp weapon at night near Devaraja PS
FIR-742/2025-d9e6,Murder,BNS 2023,395,Poisoned during a family dispute at Devaraja PS
FIR-227/2025-090a,Cheating,BNS 2023,292,Sold fake property documents to victim in Koramangala PS
FIR-605/2025-6e0e,Cyber Crime,BNS 2023,397,Romance scam on dating app leading to crypto transfer
FIR-638/2026-caf1,Robbery,BNS 2023,116,Snatched gold chain while victim was walking near Tilakwadi PS
FIR-320/2026-4636,Theft,BNS 2023,141,Pickpocketed mobile phone at a crowded market in Hubballi Town PS
FIR-636/2026-6d7c,Assault,BNS 2023,218,Physical altercation over property dispute in Tumakuru Town PS
FIR-405/2026-6920,NDPS,BNS 2023,179,Found possessing cocaine at a rave party in Saraswathipuram PS
FIR-645/2025-3c8a,Assault,BNS 2023,384,Group clash using sticks and stones in Vidyanagar PS
FIR-423/2025-f376,Robbery,BNS 2023,351,Snatched gold chain while victim was walking near Hubballi Town PS
FIR-736/2026-b070,Cyber Crime,BNS 2023,114,Tricked victim into sharing OTP over phone call
FIR-705/2025-15dc,NDPS,BNS 2023,100,Found possessing cocaine at a rave party in Vidyanagar PS
FIR-636/2026-85f9,Theft,BNS 2023,301,Stole copper wires from a construction site in Kuvempunagar PS
FIR-395/2025-f7b4,Murder,BNS 2023,172,Attacked with a sharp weapon at night near Devaraja PS
FIR-955/2026-d778,Cheating,BNS 2023,195,Sold fake property documents to victim in Koramangala PS
FIR-620/2025-0e17,Assault,BNS 2023,183,Physical altercation over property dispute in Tilakwadi PS
FIR-596/2026-f185,Cyber Crime,BNS 2023,190,Sent phishing link offering fake loan
FIR-903/2025-3a65,Theft,BNS 2023,376,Stole parked two-wheeler from Kyathasandra PS
FIR-158/2025-4440,Cheating,BNS 2023,253,Chit fund scam defrauding multiple investors in Malleswaram PS
FIR-679/2026-bb0e,NDPS,BNS 2023,337,Found possessing cocaine at a rave party in Belagavi Camp PS
FIR-822/2025-90dd,Assault,BNS 2023,107,Road rage incident leading to severe injuries near Cubbon Park PS
FIR-454/2025-30c6,Robbery,BNS 2023,298,Snatched gold chain while victim was walking near Dharwad Suburban PS
FIR-567/2025-8f31,Cyber Crime,BNS 2023,382,Sent phishing link offering fake loan
FIR-598/2025-4d2c,Cheating,BNS 2023,107,Sold fake property documents to victim in Kyathasandra PS
FIR-986/2025-9710,Murder,BNS 2023,268,Stabbed after a drunken brawl in Tumakuru Town PS
FIR-221/2025-89e7,Cheating,BNS 2023,121,Chit fund scam defrauding multiple investors in Kuvempunagar PS
FIR-951/2026-70fc,NDPS,BNS 2023,205,Smuggling synthetic drugs in a hidden compartment near Khadebazar PS
FIR-614/2026-eb64,NDPS,BNS 2023,146,Found possessing cocaine at a rave party in Kyathasandra PS
FIR-996/2026-d2f7,Cyber Crime,BNS 2023,294,Tricked victim into sharing OTP over phone call
FIR-200/2025-3dd2,Cheating,BNS 2023,108,Promised a job and took advance money in Kyathasandra PS
FIR-106/2025-04aa,Assault,BNS 2023,284,Road rage incident leading to severe injuries near Cubbon Park PS
FIR-424/2025-a9cf,Robbery,BNS 2023,116,Broke into house and stole valuables in Dharwad Suburban PS
FIR-423/2026-49e4,Assault,BNS 2023,340,Group clash using sticks and stones in Cubbon Park PS
FIR-256/2026-3379,Murder,BNS 2023,174,Stabbed after a drunken brawl in Dharwad Suburban PS
FIR-163/2026-e396,NDPS,BNS 2023,197,Caught selling marijuana packets near college in Kyathasandra PS
FIR-520/2026-baf8,Assault,BNS 2023,292,Road rage incident leading to severe injuries near Devaraja PS
FIR-158/2025-bba8,Murder,BNS 2023,268,Attacked with a sharp weapon at night near Khadebazar PS
FIR-673/2026-8c51,POCSO,BNS 2023,228,Assaulted minor on the way to school near Dharwad Suburban PS
FIR-765/2026-2748,POCSO,BNS 2023,287,Harassed minor in the neighborhood of Hubballi Town PS
FIR-693/2025-2d30,Robbery,BNS 2023,283,Snatched gold chain while victim was walking near Khadebazar PS
FIR-139/2025-190b,Murder,BNS 2023,101,Stabbed after a drunken brawl in Saraswathipuram PS
FIR-495/2026-5fdb,POCSO,BNS 2023,213,Harassed minor in the neighborhood of Belagavi Camp PS
FIR-870/2025-7423,Cyber Crime,BNS 2023,106,Sent phishing link offering fake loan
FIR-455/2026-29d1,Assault,BNS 2023,142,Physical altercation over property dispute in Devaraja PS
FIR-524/2025-61e6,Murder,BNS 2023,301,Stabbed after a drunken brawl in Kyathasandra PS
FIR-229/2025-5490,POCSO,BNS 2023,136,Harassed minor in the neighborhood of Khadebazar PS
FIR-412/2026-02f1,Cheating,BNS 2023,278,Promised a job and took advance money in Saraswathipuram PS
FIR-256/2025-d1a4,Assault,BNS 2023,365,Physical altercation over property dispute in Vidyanagar PS
FIR-637/2025-8164,Assault,BNS 2023,233,Physical altercation over property dispute in Saraswathipuram PS
FIR-130/2026-8653,Assault,BNS 2023,189,Group clash using sticks and stones in Kuvempunagar PS
FIR-593/2026-edb5,Cyber Crime,BNS 2023,180,Romance scam on dating app leading to crypto transfer
FIR-168/2026-1287,Murder,BNS 2023,152,Poisoned during a family dispute at Khadebazar PS
FIR-449/2025-6ec1,Assault,BNS 2023,244,Road rage incident leading to severe injuries near Devaraja PS
FIR-182/2025-8524,POCSO,BNS 2023,336,Groomed minor over social media
FIR-686/2026-86d0,Theft,BNS 2023,174,Stole copper wires from a construction site in Indiranagar PS
FIR-819/2025-aaa9,Robbery,BNS 2023,127,Threatened with a knife and stole wallet at Hubballi Town PS
FIR-916/2026-6165,Cyber Crime,BNS 2023,113,Tricked victim into sharing OTP over phone call
FIR-347/2026-e2bd,Assault,BNS 2023,305,Physical altercation over property dispute in Cubbon Park PS
FIR-186/2025-d185,Robbery,BNS 2023,219,Broke into house and stole valuables in Koramangala PS
FIR-494/2025-cf1b,Theft,BNS 2023,263,Stole copper wires from a construction site in Khadebazar PS
FIR-920/2026-9191,NDPS,BNS 2023,291,Found possessing cocaine at a rave party in Indiranagar PS
FIR-250/2026-c6a3,POCSO,BNS 2023,129,Groomed minor over social media
FIR-225/2025-6ab1,Assault,BNS 2023,400,Group clash using sticks and stones in Kuvempunagar PS
FIR-340/2026-ceba,Robbery,BNS 2023,361,Threatened with a knife and stole wallet at Kyathasandra PS
FIR-557/2026-3b81,Theft,BNS 2023,279,Pickpocketed mobile phone at a crowded market in Hubballi Town PS
FIR-510/2025-903d,Cheating,BNS 2023,361,Promised a job and took advance money in Saraswathipuram PS
FIR-261/2026-ea9b,NDPS,BNS 2023,144,Found possessing cocaine at a rave party in Devaraja PS
FIR-421/2026-226a,Assault,BNS 2023,174,Physical altercation over property dispute in Belagavi Camp PS
FIR-786/2026-28e3,NDPS,BNS 2023,374,Found possessing cocaine at a rave party in Indiranagar PS
FIR-780/2025-3bcc,Robbery,BNS 2023,295,Snatched gold chain while victim was walking near Kuvempunagar PS
FIR-776/2025-362a,Murder,BNS 2023,150,Attacked with a sharp weapon at night near Saraswathipuram PS
FIR-167/2025-08ff,POCSO,BNS 2023,344,Assaulted minor on the way to school near Hubballi Town PS
FIR-842/2026-b759,Cheating,BNS 2023,184,Sold fake property documents to victim in Koramangala PS
FIR-372/2025-3495,Cyber Crime,BNS 2023,308,Romance scam on dating app leading to crypto transfer
FIR-793/2025-570e,Cheating,BNS 2023,170,Sold fake property documents to victim in Devaraja PS
FIR-732/2025-c2a5,Robbery,BNS 2023,246,Threatened with a knife and stole wallet at Tumakuru Town PS
FIR-935/2025-4955,Cheating,BNS 2023,189,Promised a job and took advance money in Kyathasandra PS
FIR-608/2025-86a7,Murder,BNS 2023,397,Poisoned during a family dispute at Koramangala PS
FIR-938/2026-15f9,POCSO,BNS 2023,332,Groomed minor over social media
FIR-580/2025-a516,Cyber Crime,BNS 2023,362,Tricked victim into sharing OTP over phone call
FIR-194/2026-62c1,Assault,BNS 2023,100,Road rage incident leading to severe injuries near Malleswaram PS
FIR-225/2025-bc30,Robbery,BNS 2023,252,Snatched gold chain while victim was walking near Kuvempunagar PS
FIR-892/2026-6ff3,POCSO,BNS 2023,320,Harassed minor in the neighborhood of Tilakwadi PS
FIR-378/2025-3096,NDPS,BNS 2023,256,Found possessing cocaine at a rave party in Vidyanagar PS
FIR-634/2025-8755,POCSO,BNS 2023,148,Groomed minor over social media
FIR-597/2026-0856,POCSO,BNS 2023,201,Groomed minor over social media
FIR-463/2026-7ed8,Cyber Crime,BNS 2023,285,Romance scam on dating app leading to crypto transfer
FIR-258/2025-fb78,Assault,BNS 2023,140,Physical altercation over property dispute in Kyathasandra PS
FIR-109/2025-431f,POCSO,BNS 2023,330,Harassed minor in the neighborhood of Kuvempunagar PS
FIR-597/2025-23dd,Theft,BNS 2023,383,Stole parked two-wheeler from Tumakuru Town PS
FIR-620/2026-c235,Cyber Crime,BNS 2023,195,Romance scam on dating app leading to crypto transfer
FIR-577/2025-522e,Cyber Crime,BNS 2023,171,Tricked victim into sharing OTP over phone call
FIR-765/2025-0ee1,POCSO,BNS 2023,105,Harassed minor in the neighborhood of Indiranagar PS
FIR-227/2026-c4b0,Theft,BNS 2023,121,Stole parked two-wheeler from Malleswaram PS
FIR-381/2026-07a2,Theft,BNS 2023,146,Pickpocketed mobile phone at a crowded market in Tumakuru Town PS
FIR-936/2025-f8b9,Cheating,BNS 2023,170,Promised a job and took advance money in Vidyanagar PS
FIR-228/2026-77ac,NDPS,BNS 2023,257,Found possessing cocaine at a rave party in Khadebazar PS
FIR-146/2025-466c,Cheating,BNS 2023,375,Promised a job and took advance money in Indiranagar PS
FIR-631/2025-a0ea,Cyber Crime,BNS 2023,247,Romance scam on dating app leading to crypto transfer
FIR-313/2026-b05b,POCSO,BNS 2023,152,Assaulted minor on the way to school near Tilakwadi PS
FIR-795/2026-980d,Cyber Crime,BNS 2023,376,Tricked victim into sharing OTP over phone call
FIR-896/2026-deb0,NDPS,BNS 2023,337,Found possessing cocaine at a rave party in Devaraja PS
FIR-311/2026-4984,Murder,BNS 2023,200,Attacked with a sharp weapon at night near Indiranagar PS
FIR-552/2025-fcd7,Cheating,BNS 2023,232,Chit fund scam defrauding multiple investors in Hubballi Town PS
FIR-218/2025-e70e,Assault,BNS 2023,257,Physical altercation over property dispute in Kyathasandra PS
FIR-603/2025-58f7,Robbery,BNS 2023,240,Snatched gold chain while victim was walking near Koramangala PS
FIR-625/2026-e514,Theft,BNS 2023,154,Stole parked two-wheeler from Tumakuru Town PS
FIR-599/2025-9c54,NDPS,BNS 2023,327,Caught selling marijuana packets near college in Devaraja PS
FIR-922/2025-db4c,Cyber Crime,BNS 2023,189,Sent phishing link offering fake loan
FIR-301/2025-5887,Robbery,BNS 2023,312,Broke into house and stole valuables in Kuvempunagar PS
FIR-857/2026-ea12,Cheating,BNS 2023,347,Chit fund scam defrauding multiple investors in Vidyanagar PS
FIR-424/2026-428c,Murder,BNS 2023,224,Poisoned during a family dispute at Khadebazar PS
FIR-502/2025-7ae1,Robbery,BNS 2023,119,Snatched gold chain while victim was walking near Tilakwadi PS
FIR-116/2025-8381,Murder,BNS 2023,100,Stabbed after a drunken brawl in Vidyanagar PS
FIR-589/2026-f507,Cyber Crime,BNS 2023,292,Tricked victim into sharing OTP over phone call
FIR-198/2026-471c,Robbery,BNS 2023,125,Threatened with a knife and stole wallet at Kyathasandra PS
FIR-544/2026-c5b4,Cyber Crime,BNS 2023,326,Sent phishing link offering fake loan
FIR-172/2026-fbb9,Murder,BNS 2023,309,Attacked with a sharp weapon at night near Khadebazar PS
FIR-121/2026-1adf,Cheating,BNS 2023,338,Sold fake property documents to victim in Tilakwadi PS
FIR-842/2025-a3c2,Murder,BNS 2023,111,Stabbed after a drunken brawl in Tumakuru Town PS
FIR-248/2025-aca7,Cyber Crime,BNS 2023,288,Sent phishing link offering fake loan
FIR-258/2026-6c4b,Assault,BNS 2023,351,Road rage incident leading to severe injuries near Kyathasandra PS
FIR-614/2025-23f6,Assault,BNS 2023,127,Road rage incident leading to severe injuries near Kuvempunagar PS
FIR-347/2026-513a,Assault,BNS 2023,363,Group clash using sticks and stones in Khadebazar PS
FIR-999/2025-f4d5,Cyber Crime,BNS 2023,327,Sent phishing link offering fake loan
FIR-314/2025-9a85,Cheating,BNS 2023,321,Chit fund scam defrauding multiple investors in Koramangala PS
FIR-592/2026-8bb2,NDPS,BNS 2023,139,Smuggling synthetic drugs in a hidden compartment near Saraswathipuram PS
FIR-350/2026-4ae6,NDPS,BNS 2023,373,Caught selling marijuana packets near college in Indiranagar PS
FIR-207/2025-e5d1,Theft,BNS 2023,280,Stole parked two-wheeler from Kyathasandra PS
FIR-475/2026-da20,Cheating,BNS 2023,386,Promised a job and took advance money in Devaraja PS
FIR-444/2026-b716,Assault,BNS 2023,398,Road rage incident leading to severe injuries near Dharwad Suburban PS
FIR-212/2026-5a59,Cheating,BNS 2023,334,Promised a job and took advance money in Khadebazar PS
FIR-217/2025-db13,POCSO,BNS 2023,142,Groomed minor over social media
FIR-282/2025-9edd,POCSO,BNS 2023,233,Groomed minor over social media
FIR-270/2026-d299,NDPS,BNS 2023,302,Found possessing cocaine at a rave party in Koramangala PS
FIR-330/2026-2c1a,NDPS,BNS 2023,110,Smuggling synthetic drugs in a hidden compartment near Kyathasandra PS
FIR-481/2026-15ce,Robbery,BNS 2023,129,Threatened with a knife and stole wallet at Devaraja PS
FIR-182/2025-057f,Cheating,BNS 2023,285,Chit fund scam defrauding multiple investors in Hubballi Town PS
FIR-663/2026-318d,NDPS,BNS 2023,177,Smuggling synthetic drugs in a hidden compartment near Tumakuru Town PS
FIR-260/2026-2515,Murder,BNS 2023,218,Attacked with a sharp weapon at night near Tilakwadi PS
FIR-755/2026-4172,Theft,BNS 2023,394,Stole copper wires from a construction site in Hubballi Town PS
FIR-317/2026-7e90,Assault,BNS 2023,269,Road rage incident leading to severe injuries near Saraswathipuram PS
FIR-581/2026-369e,Theft,BNS 2023,174,Stole copper wires from a construction site in Kyathasandra PS
FIR-102/2025-9f4f,Cyber Crime,BNS 2023,340,Sent phishing link offering fake loan
FIR-582/2025-392c,Cyber Crime,BNS 2023,274,Tricked victim into sharing OTP over phone call
FIR-539/2025-47fc,Murder,BNS 2023,283,Stabbed after a drunken brawl in Indiranagar PS
FIR-661/2026-e32c,Cheating,BNS 2023,156,Sold fake property documents to victim in Belagavi Camp PS
FIR-215/2026-1ce8,Robbery,BNS 2023,333,Snatched gold chain while victim was walking near Kyathasandra PS
FIR-724/2026-e98c,Assault,BNS 2023,122,Group clash using sticks and stones in Kuvempunagar PS
FIR-421/2026-5306,Assault,BNS 2023,166,Physical altercation over property dispute in Belagavi Camp PS
FIR-268/2026-4a36,Cheating,BNS 2023,273,Sold fake property documents to victim in Kyathasandra PS
FIR-210/2026-351d,NDPS,BNS 2023,141,Found possessing cocaine at a rave party in Tilakwadi PS
FIR-100/2025-a89a,NDPS,BNS 2023,303,Caught selling marijuana packets near college in Kuvempunagar PS
FIR-877/2025-edab,POCSO,BNS 2023,208,Assaulted minor on the way to school near Tilakwadi PS
FIR-102/2025-a913,Cheating,BNS 2023,391,Sold fake property documents to victim in Tumakuru Town PS
FIR-217/2025-e480,Cyber Crime,BNS 2023,311,Sent phishing link offering fake loan
FIR-762/2025-3fba,Assault,BNS 2023,159,Group clash using sticks and stones in Dharwad Suburban PS
FIR-665/2026-8b21,Robbery,BNS 2023,163,Snatched gold chain while victim was walking near Koramangala PS
FIR-302/2026-319a,NDPS,BNS 2023,384,Smuggling synthetic drugs in a hidden compartment near Devaraja PS
FIR-309/2026-22c8,NDPS,BNS 2023,241,Caught selling marijuana packets near college in Hubballi Town PS
FIR-976/2025-b299,POCSO,BNS 2023,305,Assaulted minor on the way to school near Vidyanagar PS
FIR-643/2025-25b8,NDPS,BNS 2023,266,Caught selling marijuana packets near college in Khadebazar PS
FIR-687/2026-95b1,Cheating,BNS 2023,396,Promised a job and took advance money in Indiranagar PS
FIR-112/2025-f649,Murder,BNS 2023,267,Stabbed after a drunken brawl in Khadebazar PS
FIR-945/2025-e74b,POCSO,BNS 2023,326,Harassed minor in the neighborhood of Koramangala PS
FIR-282/2026-1a84,Robbery,BNS 2023,102,Snatched gold chain while victim was walking near Devaraja PS
FIR-521/2025-40e3,Murder,BNS 2023,198,Poisoned during a family dispute at Kuvempunagar PS
FIR-418/2026-5344,Cyber Crime,BNS 2023,254,Romance scam on dating app leading to crypto transfer
FIR-428/2025-1cec,Murder,BNS 2023,123,Attacked with a sharp weapon at night near Vidyanagar PS
FIR-102/2026-41d9,Theft,BNS 2023,171,Pickpocketed mobile phone at a crowded market in Khadebazar PS
FIR-533/2025-114d,Cyber Crime,BNS 2023,249,Tricked victim into sharing OTP over phone call
FIR-919/2026-4b8a,Theft,BNS 2023,154,Stole parked two-wheeler from Devaraja PS
FIR-104/2026-b7ee,Assault,BNS 2023,236,Group clash using sticks and stones in Kyathasandra PS
FIR-438/2025-e420,POCSO,BNS 2023,101,Harassed minor in the neighborhood of Vidyanagar PS
FIR-923/2025-dc5e,POCSO,BNS 2023,342,Assaulted minor on the way to school near Kuvempunagar PS
FIR-676/2026-9680,Theft,BNS 2023,183,Pickpocketed mobile phone at a crowded market in Tilakwadi PS
FIR-605/2026-f8ad,Cheating,BNS 2023,191,Promised a job and took advance money in Vidyanagar PS
FIR-610/2026-ea8e,Cyber Crime,BNS 2023,295,Tricked victim into sharing OTP over phone call
FIR-636/2025-6ce1,Theft,BNS 2023,216,Pickpocketed mobile phone at a crowded market in Devaraja PS
FIR-490/2026-2a47,Theft,BNS 2023,319,Stole parked two-wheeler from Kyathasandra PS
FIR-549/2025-aa97,Assault,BNS 2023,184,Road rage incident leading to severe injuries near Hubballi Town PS
FIR-388/2026-c371,Robbery,BNS 2023,202,Broke into house and stole valuables in Kyathasandra PS
FIR-784/2025-7ff3,Cyber Crime,BNS 2023,395,Sent phishing link offering fake loan
FIR-976/2025-656c,Assault,BNS 2023,323,Group clash using sticks and stones in Kyathasandra PS
FIR-587/2026-1a4c,POCSO,BNS 2023,321,Assaulted minor on the way to school near Tumakuru Town PS
FIR-371/2026-1687,Theft,BNS 2023,106,Stole copper wires from a construction site in Hubballi Town PS
FIR-327/2025-39db,POCSO,BNS 2023,240,Assaulted minor on the way to school near Tumakuru Town PS
FIR-278/2025-c350,POCSO,BNS 2023,105,Groomed minor over social media
FIR-163/2026-eace,Theft,BNS 2023,251,Stole copper wires from a construction site in Kyathasandra PS
FIR-147/2026-a5c4,POCSO,BNS 2023,193,Groomed minor over social media
FIR-301/2025-7eba,NDPS,BNS 2023,211,Smuggling synthetic drugs in a hidden compartment near Kyathasandra PS
FIR-340/2025-4196,NDPS,BNS 2023,225,Caught selling marijuana packets near college in Kyathasandra PS
FIR-917/2025-6412,Cyber Crime,BNS 2023,357,Romance scam on dating app leading to crypto transfer
FIR-656/2026-7f5e,Assault,BNS 2023,199,Road rage incident leading to severe injuries near Belagavi Camp PS
FIR-956/2025-f7e4,Theft,BNS 2023,369,Stole copper wires from a construction site in Kuvempunagar PS
FIR-412/2026-6bd7,Cyber Crime,BNS 2023,239,Sent phishing link offering fake loan
FIR-963/2026-e006,Murder,BNS 2023,104,Attacked with a sharp weapon at night near Indiranagar PS
FIR-276/2026-dc76,Robbery,BNS 2023,260,Threatened with a knife and stole wallet at Belagavi Camp PS
FIR-870/2025-08cb,NDPS,BNS 2023,375,Smuggling synthetic drugs in a hidden compartment near Belagavi Camp PS
FIR-731/2025-1b98,POCSO,BNS 2023,226,Harassed minor in the neighborhood of Tumakuru Town PS
FIR-368/2025-65e9,Murder,BNS 2023,355,Attacked with a sharp weapon at night near Vidyanagar PS
FIR-814/2025-0cbc,NDPS,BNS 2023,393,Found possessing cocaine at a rave party in Khadebazar PS
FIR-543/2026-a24c,Cheating,BNS 2023,361,Promised a job and took advance money in Kyathasandra PS
FIR-641/2026-f213,POCSO,BNS 2023,392,Harassed minor in the neighborhood of Khadebazar PS
FIR-756/2025-9ec2,Robbery,BNS 2023,263,Broke into house and stole valuables in Tilakwadi PS
FIR-387/2025-7305,Cyber Crime,BNS 2023,188,Sent phishing link offering fake loan
FIR-751/2026-3256,Assault,BNS 2023,147,Road rage incident leading to severe injuries near Belagavi Camp PS
FIR-253/2026-8ac7,Cheating,BNS 2023,266,Promised a job and took advance money in Tumakuru Town PS
FIR-733/2025-621d,Robbery,BNS 2023,362,Broke into house and stole valuables in Saraswathipuram PS
FIR-225/2025-a1ab,Theft,BNS 2023,156,Stole copper wires from a construction site in Khadebazar PS
FIR-904/2026-043c,Cheating,BNS 2023,362,Chit fund scam defrauding multiple investors in Cubbon Park PS
FIR-887/2026-7182,POCSO,BNS 2023,275,Groomed minor over social media
FIR-474/2026-4d10,Cheating,BNS 2023,338,Promised a job and took advance money in Vidyanagar PS
FIR-846/2025-b78b,Cyber Crime,BNS 2023,284,Sent phishing link offering fake loan
FIR-289/2026-28a6,Murder,BNS 2023,383,Stabbed after a drunken brawl in Khadebazar PS
FIR-855/2026-ef4c,Cyber Crime,BNS 2023,189,Tricked victim into sharing OTP over phone call
FIR-999/2026-6af1,Assault,BNS 2023,357,Road rage incident leading to severe injuries near Tilakwadi PS
FIR-828/2026-29a0,Theft,BNS 2023,279,Stole parked two-wheeler from Tumakuru Town PS
FIR-357/2025-4d9a,Cheating,BNS 2023,397,Chit fund scam defrauding multiple investors in Indiranagar PS
FIR-461/2026-ea95,Assault,BNS 2023,189,Physical altercation over property dispute in Khadebazar PS
FIR-583/2025-4ca3,Cheating,BNS 2023,302,Sold fake property documents to victim in Tumakuru Town PS
FIR-671/2026-cfe1,POCSO,BNS 2023,335,Harassed minor in the neighborhood of Malleswaram PS
FIR-830/2026-a42e,Theft,BNS 2023,115,Stole copper wires from a construction site in Saraswathipuram PS
FIR-450/2026-d344,Assault,BNS 2023,319,Physical altercation over property dispute in Cubbon Park PS
FIR-397/2025-a821,Murder,BNS 2023,322,Stabbed after a drunken brawl in Tumakuru Town PS
FIR-790/2025-5cb4,Cheating,BNS 2023,380,Chit fund scam defrauding multiple investors in Tumakuru Town PS
FIR-246/2025-c15f,NDPS,BNS 2023,307,Found possessing cocaine at a rave party in Kyathasandra PS
FIR-341/2025-1b44,Theft,BNS 2023,290,Pickpocketed mobile phone at a crowded market in Hubballi Town PS
FIR-720/2026-a20d,Murder,BNS 2023,278,Poisoned during a family dispute at Tumakuru Town PS
FIR-981/2025-1683,NDPS,BNS 2023,382,Smuggling synthetic drugs in a hidden compartment near Indiranagar PS
FIR-406/2026-66a7,Robbery,BNS 2023,320,Broke into house and stole valuables in Khadebazar PS
FIR-422/2026-efdf,Cheating,BNS 2023,333,Sold fake property documents to victim in Saraswathipuram PS
FIR-122/2025-dac2,Assault,BNS 2023,159,Road rage incident leading to severe injuries near Kyathasandra PS
FIR-909/2026-d5a7,Murder,BNS 2023,327,Poisoned during a family dispute at Hubballi Town PS
FIR-872/2025-37fe,Murder,BNS 2023,182,Stabbed after a drunken brawl in Malleswaram PS
FIR-608/2026-cb8d,Murder,BNS 2023,212,Stabbed after a drunken brawl in Khadebazar PS
FIR-358/2025-1fff,Cyber Crime,BNS 2023,103,Tricked victim into sharing OTP over phone call
FIR-457/2026-0b41,Robbery,BNS 2023,281,Snatched gold chain while victim was walking near Kuvempunagar PS
FIR-523/2026-18ea,Murder,BNS 2023,227,Stabbed after a drunken brawl in Koramangala PS
FIR-809/2026-53a1,Assault,BNS 2023,114,Road rage incident leading to severe injuries near Kyathasandra PS
FIR-932/2026-27ac,Murder,BNS 2023,130,Poisoned during a family dispute at Belagavi Camp PS
FIR-683/2026-9eed,Murder,BNS 2023,361,Stabbed after a drunken brawl in Tumakuru Town PS
FIR-258/2025-c995,POCSO,BNS 2023,377,Groomed minor over social media
FIR-485/2026-b9ad,Theft,BNS 2023,235,Stole copper wires from a construction site in Tumakuru Town PS
FIR-485/2026-b39f,Cyber Crime,BNS 2023,204,Romance scam on dating app leading to crypto transfer
FIR-757/2026-ba84,Robbery,BNS 2023,320,Threatened with a knife and stole wallet at Tumakuru Town PS
FIR-676/2025-5fc9,Assault,BNS 2023,115,Road rage incident leading to severe injuries near Indiranagar PS
FIR-674/2026-2559,Theft,BNS 2023,296,Pickpocketed mobile phone at a crowded market in Tilakwadi PS
FIR-732/2025-e8c3,Theft,BNS 2023,207,Stole copper wires from a construction site in Khadebazar PS
FIR-964/2026-1c16,NDPS,BNS 2023,389,Smuggling synthetic drugs in a hidden compartment near Belagavi Camp PS
FIR-773/2025-ca2a,Robbery,BNS 2023,304,Threatened with a knife and stole wallet at Kyathasandra PS
FIR-351/2026-674a,Theft,BNS 2023,391,Stole parked two-wheeler from Saraswathipuram PS
FIR-263/2025-a4a4,Cheating,BNS 2023,380,Promised a job and took advance money in Kyathasandra PS
FIR-579/2025-b854,Theft,BNS 2023,122,Pickpocketed mobile phone at a crowded market in Saraswathipuram PS
FIR-201/2025-5e3f,Cheating,BNS 2023,129,Sold fake property documents to victim in Kuvempunagar PS
FIR-424/2026-7c71,Cheating,BNS 2023,375,Sold fake property documents to victim in Dharwad Suburban PS
FIR-812/2025-eb19,POCSO,BNS 2023,254,Assaulted minor on the way to school near Kyathasandra PS
FIR-658/2025-c766,Theft,BNS 2023,199,Stole copper wires from a construction site in Hubballi Town PS
FIR-384/2026-42b9,Murder,BNS 2023,170,Attacked with a sharp weapon at night near Devaraja PS
FIR-557/2026-0796,Murder,BNS 2023,388,Stabbed after a drunken brawl in Vidyanagar PS
FIR-301/2025-48c1,NDPS,BNS 2023,263,Found possessing cocaine at a rave party in Khadebazar PS
FIR-145/2026-286b,Murder,BNS 2023,217,Attacked with a sharp weapon at night near Hubballi Town PS
FIR-125/2026-1d77,NDPS,BNS 2023,294,Found possessing cocaine at a rave party in Kyathasandra PS
FIR-626/2025-d7e8,Assault,BNS 2023,278,Physical altercation over property dispute in Cubbon Park PS
FIR-206/2026-745c,Cheating,BNS 2023,377,Promised a job and took advance money in Malleswaram PS
FIR-899/2025-c759,POCSO,BNS 2023,275,Groomed minor over social media
FIR-393/2025-03a0,NDPS,BNS 2023,352,Smuggling synthetic drugs in a hidden compartment near Kuvempunagar PS
FIR-409/2026-9197,Cyber Crime,BNS 2023,275,Romance scam on dating app leading to crypto transfer
FIR-999/2025-ab89,Assault,BNS 2023,277,Road rage incident leading to severe injuries near Cubbon Park PS
FIR-660/2025-520f,Cyber Crime,BNS 2023,289,Tricked victim into sharing OTP over phone call
FIR-576/2026-1ab9,POCSO,BNS 2023,163,Harassed minor in the neighborhood of Malleswaram PS
FIR-919/2025-fee4,Theft,BNS 2023,327,Pickpocketed mobile phone at a crowded market in Khadebazar PS
FIR-503/2025-c7aa,Assault,BNS 2023,184,Group clash using sticks and stones in Tumakuru Town PS
FIR-931/2025-8453,Cheating,BNS 2023,394,Sold fake property documents to victim in Tilakwadi PS
FIR-354/2026-1a33,NDPS,BNS 2023,189,Smuggling synthetic drugs in a hidden compartment near Khadebazar PS
FIR-401/2026-d516,Assault,BNS 2023,185,Road rage incident leading to severe injuries near Khadebazar PS
FIR-409/2026-b298,Theft,BNS 2023,200,Stole parked two-wheeler from Kuvempunagar PS
FIR-252/2026-d663,Assault,BNS 2023,328,Group clash using sticks and stones in Devaraja PS
FIR-205/2025-a9b5,Assault,BNS 2023,142,Physical altercation over property dispute in Koramangala PS
FIR-577/2026-9b9e,Robbery,BNS 2023,253,Threatened with a knife and stole wallet at Khadebazar PS
FIR-873/2025-ce7f,Robbery,BNS 2023,144,Threatened with a knife and stole wallet at Kuvempunagar PS
FIR-215/2025-6fbe,Robbery,BNS 2023,115,Threatened with a knife and stole wallet at Vidyanagar PS
FIR-641/2025-347e,Murder,BNS 2023,334,Stabbed after a drunken brawl in Tumakuru Town PS
FIR-111/2026-73cf,Robbery,BNS 2023,307,Threatened with a knife and stole wallet at Tumakuru Town PS
FIR-577/2026-8835,Robbery,BNS 2023,400,Threatened with a knife and stole wallet at Tilakwadi PS
FIR-880/2025-1db6,Cheating,BNS 2023,371,Chit fund scam defrauding multiple investors in Devaraja PS
FIR-952/2026-098a,Robbery,BNS 2023,157,Threatened with a knife and stole wallet at Vidyanagar PS
FIR-407/2025-a651,NDPS,BNS 2023,384,Caught selling marijuana packets near college in Vidyanagar PS
FIR-356/2026-75ea,Cheating,BNS 2023,190,Promised a job and took advance money in Vidyanagar PS
FIR-535/2026-6110,Murder,BNS 2023,235,Poisoned during a family dispute at Tumakuru Town PS
FIR-319/2025-2a5c,Theft,BNS 2023,368,Pickpocketed mobile phone at a crowded market in Cubbon Park PS
FIR-889/2026-2a19,NDPS,BNS 2023,389,Smuggling synthetic drugs in a hidden compartment near Dharwad Suburban PS
FIR-394/2026-65b6,Cheating,BNS 2023,126,Promised a job and took advance money in Devaraja PS
FIR-847/2025-04d5,Cyber Crime,BNS 2023,377,Romance scam on dating app leading to crypto transfer
FIR-700/2025-3af0,Theft,BNS 2023,329,Stole parked two-wheeler from Dharwad Suburban PS
FIR-696/2025-8498,Assault,BNS 2023,103,Group clash using sticks and stones in Dharwad Suburban PS
FIR-915/2026-23a6,NDPS,BNS 2023,256,Found possessing cocaine at a rave party in Hubballi Town PS
FIR-637/2026-94d4,NDPS,BNS 2023,345,Smuggling synthetic drugs in a hidden compartment near Kuvempunagar PS
FIR-963/2026-da85,POCSO,BNS 2023,292,Groomed minor over social media
FIR-829/2026-a273,Cyber Crime,BNS 2023,362,Romance scam on dating app leading to crypto transfer
FIR-425/2026-90af,Cyber Crime,BNS 2023,180,Sent phishing link offering fake loan
FIR-358/2026-0290,POCSO,BNS 2023,213,Harassed minor in the neighborhood of Hubballi Town PS
FIR-654/2026-922d,Robbery,BNS 2023,218,Snatched gold chain while victim was walking near Malleswaram PS
FIR-337/2025-878f,Theft,BNS 2023,229,Stole copper wires from a construction site in Belagavi Camp PS
FIR-131/2025-fb49,NDPS,BNS 2023,281,Found possessing cocaine at a rave party in Khadebazar PS
FIR-913/2026-27f2,Robbery,BNS 2023,110,Threatened with a knife and stole wallet at Tilakwadi PS
FIR-499/2026-f97d,NDPS,BNS 2023,144,Smuggling synthetic drugs in a hidden compartment near Tumakuru Town PS
FIR-458/2025-3619,Robbery,BNS 2023,336,Threatened with a knife and stole wallet at Kyathasandra PS
FIR-771/2025-10af,Cheating,BNS 2023,153,Sold fake property documents to victim in Indiranagar PS
FIR-528/2026-4758,Murder,BNS 2023,365,Stabbed after a drunken brawl in Tilakwadi PS
FIR-428/2025-9b42,Murder,BNS 2023,146,Poisoned during a family dispute at Tilakwadi PS
FIR-946/2025-888e,Murder,BNS 2023,191,Poisoned during a family dispute at Dharwad Suburban PS
FIR-477/2025-100e,NDPS,BNS 2023,185,Caught selling marijuana packets near college in Devaraja PS
FIR-611/2026-1b75,NDPS,BNS 2023,322,Caught selling marijuana packets near college in Tilakwadi PS
FIR-821/2026-24b0,Cheating,BNS 2023,192,Promised a job and took advance money in Saraswathipuram PS
FIR-892/2025-f033,Assault,BNS 2023,205,Group clash using sticks and stones in Hubballi Town PS
FIR-550/2026-f94d,Theft,BNS 2023,143,Stole copper wires from a construction site in Indiranagar PS
FIR-369/2026-e232,Theft,BNS 2023,134,Stole parked two-wheeler from Vidyanagar PS
FIR-557/2026-3cea,Murder,BNS 2023,199,Poisoned during a family dispute at Saraswathipuram PS
FIR-430/2025-fb33,Cheating,BNS 2023,142,Promised a job and took advance money in Dharwad Suburban PS
